Lead I,Lead II,Lead III,aVR,aVL,aVF,V1,V2,V3,V4,V5,V6
0.1689342403628118,0.1313989408649603,0.0607476635514018,0.8522332506203475,0.2365293185419968,0.1084250405917373,0.7315301778111696,0.683372154181381,0.3969475277497477,0.1788184004810583,0.1104672897196261,0.1347315252003952
0.1626984126984127,0.1246690203000882,0.0528037383177571,0.8588089330024815,0.2309825673534072,0.1013891394551686,0.7277736038066616,0.6797655721692087,0.3938572149344096,0.1752856283824413,0.1059813084112149,0.1294608542879103
0.159297052154195,0.1218005295675198,0.0514018691588784,0.8619106699751862,0.2266244057052298,0.0988634313548619,0.722389181066867,0.6755578931550079,0.3903884964682139,0.1711515333734215,0.1004672897196261,0.1235313495113649
0.1643990929705215,0.1268755516328332,0.0565420560747661,0.8568238213399505,0.2317749603803486,0.1039148475554753,0.7236413724017029,0.6770606356600796,0.3912083753784056,0.1722038484666266,0.1025233644859813,0.125837268035577
0.1709183673469388,0.1329435127978817,0.0602803738317755,0.8504962779156328,0.2393026941362915,0.1096878946418906,0.7297771099423992,0.6820196859268164,0.3956861755802219,0.1773150932050511,0.1081308411214953,0.1327550236082134
0.1697845804988662,0.1313989408649603,0.0579439252336448,0.8518610421836229,0.2389064976228209,0.1078838174273858,0.731404958677686,0.6836727026823952,0.3973890010090817,0.1787432351172579,0.1098130841121495,0.1349511364884155
0.163407029478458,0.1249999999999999,0.0518691588785046,0.8583126550868487,0.2321711568938192,0.1015695471766191,0.7277736038066616,0.680441806296491,0.3942356205852674,0.175210463018641,0.1058878504672897,0.131217744592072
0.1591553287981859,0.1220211827007943,0.0532710280373833,0.861786600496278,0.2258320126782884,0.0994046545192134,0.7232657150012521,0.6763092644075437,0.3903884964682139,0.1710012026458208,0.1006542056074766,0.1242999890194356
0.1638321995464852,0.1262135922330097,0.0551401869158878,0.8574441687344915,0.231378763866878,0.1031932166696733,0.7243926872026045,0.6776617326621084,0.3917129162462159,0.1726548406494287,0.1023364485981308,0.1267157131876578
0.1700680272108843,0.1320609002647838,0.0598130841121493,0.8513647642679901,0.2385103011093502,0.1087858560346383,0.7300275482093664,0.6824705086783379,0.396127648839556,0.1773150932050511,0.1085981308411214,0.1333040518282639
0.1690759637188208,0.1310679611650485,0.0588785046728973,0.8523573200992557,0.2373217115689381,0.1078838174273858,0.7330328074129727,0.6839732511834097,0.3975782038345106,0.1791190619362597,0.1103738317757009,0.1357197759964862
0.1626984126984127,0.1247793468667255,0.0532710280373833,0.8586848635235733,0.2309825673534072,0.1015695471766191,0.7285249186075632,0.6799909835449696,0.3942986881937437,0.1755862898376428,0.1057943925233644,0.1296804655759306
0.1598639455782312,0.1231244483671668,0.0560747663551403,0.8607940446650124,0.2258320126782884,0.1008479162908171,0.7228900576008014,0.6758584416560222,0.390640766902119,0.1711515333734215,0.1011214953271028,0.123750960799385
0.1638321995464852,0.1275375110326566,0.061214953271028,0.8566997518610422,0.2290015847860538,0.1053581093270792,0.724517906336088,0.6775114584116012,0.3920282542885973,0.172730006013229,0.1030841121495327,0.125837268035577
0.1707766439909297,0.13261253309797,0.0598130841121493,0.8507444168734493,0.2393026941362915,0.1093270791989896,0.7297771099423992,0.6822450973025772,0.3960645812310797,0.17708959711365,0.1085981308411214,0.1326452179642033
0.1700680272108843,0.1315092674315975,0.0570093457943923,0.8516129032258065,0.2396988906497623,0.1078838174273858,0.731404958677686,0.6838229769329026,0.3975782038345106,0.1782170775706554,0.11,0.1344021082683649
0.1625566893424036,0.1252206531332744,0.055607476635514,0.858560794044665,0.2293977812995245,0.1024715857838715,0.7281492612071124,0.6799909835449696,0.3946770938446014,0.1752856283824413,0.1055140186915887,0.1292412429998902
0.1604308390022675,0.1222418358340688,0.0504672897196259,0.861166253101737,0.2286053882725832,0.0990438390763124,0.7228900576008014,0.6760087159065293,0.3912083753784056,0.1719783523752255,0.1002803738317756,0.1246294059514659
0.1645408163265306,0.1267652250661959,0.055607476635514,0.8566997518610422,0.2321711568938192,0.1037344398340248,0.724517906336088,0.6769103614095724,0.3917759838546922,0.172730006013229,0.1019626168224299,0.125837268035577
0.1712018140589569,0.1329435127978817,0.0598130841121493,0.8503722084367246,0.2396988906497623,0.1096878946418906,0.7305284247433007,0.6817191374258021,0.3958753784056508,0.1769392663860493,0.1076635514018691,0.1316569671681124
0.1700680272108843,0.1309576345984112,0.0546728971962616,0.8519851116625311,0.2404912836767035,0.1069817788201334,0.7324067117455547,0.6835224284318882,0.3975782038345106,0.1786680697534576,0.11,0.1347315252003952
0.1628401360544217,0.1248896734333627,0.0532710280373833,0.858560794044665,0.2309825673534072,0.1017499548980696,0.7281492612071124,0.6796904350439552,0.3941725529767911,0.1749849669272399,0.1054205607476635,0.1293510486439002
0.1600056689342403,0.1233451015004413,0.055607476635514,0.8606699751861043,0.2258320126782884,0.1008479162908171,0.722389181066867,0.675332481779247,0.3908299697275479,0.17085087191822,0.1006542056074766,0.1230921269353244
0.1642573696145124,0.1269858781994704,0.0574766355140186,0.8566997518610422,0.2309825673534072,0.1042756629983762,0.7232657150012521,0.6769103614095724,0.3918390514631684,0.1720535177390258,0.1021495327102803,0.1255078511035467
0.1706349206349206,0.1325022065313327,0.0598130841121493,0.8508684863523573,0.2389064976228209,0.1091466714775391,0.73015276734285,0.6818694116763092,0.3958123107971745,0.1773150932050511,0.1076635514018691,0.1324256066761831
0.1703514739229024,0.1305163283318623,0.0523364485981308,0.8521091811414393,0.2416798732171157,0.1062601479343316,0.7331580265464563,0.6832218799308738,0.3971997981836528,0.1796452194828622,0.11,0.1342923026243549
0.1639739229024943,0.1246690203000882,0.0485981308411214,0.8581885856079404,0.2345483359746434,0.1006675085693668,0.7277736038066616,0.6798407092944624,0.3943617558022199,0.1758117859290439,0.1057943925233644,0.1304491050840013
0.1601473922902494,0.1220211827007943,0.0500000000000001,0.8612903225806452,0.2286053882725832,0.0988634313548619,0.7227648384673178,0.6759335787812758,0.3909561049445005,0.1715273601924233,0.1010280373831775,0.1247392115954759
0.1652494331065759,0.1274271844660194,0.0560747663551403,0.8560794044665013,0.2329635499207606,0.1044560707198267,0.7248935637365389,0.6772860470358404,0.391523713420787,0.1728803367408298,0.1028971962616822,0.1261666849676073
0.177437641723356,0.1373565754633715,0.0579439252336448,0.8451612903225807,0.2496038034865292,0.1127548259065487,0.734159779614325,0.6849500338117064,0.3989656912209888,0.1812988574864702,0.1132710280373831,0.1375864719446579
0.1920351473922902,0.1511473962930273,0.0682242990654206,0.8310173697270472,0.2654516640253566,0.1261049972938841,0.7454295016278487,0.6942670373431512,0.4086150353178607,0.1924984966927239,0.1276635514018691,0.1502141210058196
0.1992630385487528,0.1619593998234774,0.0906542056074764,0.8218362282878412,0.2658478605388272,0.1392747609597691,0.7511895817680941,0.7009542414907205,0.4146695257315842,0.1996392062537582,0.1367289719626168,0.1580103217305369
0.2101757369614512,0.1781774051191527,0.1228971962616823,0.8079404466501242,0.2678288431061806,0.1587587948764206,0.7582018532431755,0.7071154857615147,0.4210393541876892,0.2065544197233914,0.1459813084112149,0.1667947732513451
0.2303004535147392,0.2006840247131509,0.1514018691588783,0.7864764267990075,0.2836767036450079,0.1825726141078837,0.7690959178562484,0.7177849575475242,0.4325807265388496,0.2201593505712567,0.1630841121495327,0.1810695069726583
0.2522675736961451,0.2226390114739629,0.1724299065420562,0.7643920595533499,0.3054675118858954,0.204582356124842,0.78725269221137,0.73130964009317,0.445446518668012,0.2363199037883343,0.1827102803738317,0.2008345228944767
0.2636054421768707,0.2363195057369814,0.1929906542056075,0.7518610421836229,0.3125990491283676,0.2197366047266823,0.7997746055597295,0.7426553460064618,0.4544021190716448,0.2471437161755863,0.1957009345794392,0.2131327550236082
0.2671485260770975,0.2409532215357458,0.2009345794392522,0.7476426799007445,0.3141838351822504,0.2251488363701966,0.8025294264963686,0.7449094597640694,0.4573032290615539,0.2504509921828021,0.2001869158878504,0.2165367299879213
0.2753684807256236,0.2479037952338923,0.2028037383177571,0.7400744416873449,0.3248811410459588,0.2311022911780624,0.8029050838968194,0.7454354196408446,0.4585645812310797,0.2518039687312086,0.2014018691588785,0.2175249807840122
0.2821712018140589,0.2561782877316858,0.2158878504672895,0.7325062034739455,0.3288431061806656,0.2404834926934872,0.8080390683696468,0.7512961154106244,0.4637991927346114,0.2569903788334335,0.2075700934579439,0.2259800153727901
0.2893990929705215,0.2626875551632834,0.2196261682242989,0.725682382133995,0.3375594294770205,0.246436947501353,0.8150513398447283,0.7564805770531219,0.4679616548940464,0.2625526157546602,0.2148598130841121,0.2330075765894366
0.286281179138322,0.2579435127978817,0.2098130841121493,0.7297766749379653,0.3371632329635499,0.2406639004149377,0.8140495867768595,0.7545270117965286,0.4658173562058526,0.2603728202044498,0.2123364485981308,0.2302624354891841
0.2735260770975056,0.2459179170344219,0.2009345794392522,0.742059553349876,0.3229001584786053,0.2291178062421072,0.8037816178312045,0.7463370651438875,0.4594475277497477,0.2526307877330127,0.202803738317757,0.2212583726803557
0.2675736961451247,0.2413945278022948,0.2014018691588784,0.7471464019851117,0.3145800316957211,0.225690059534548,0.795892812421738,0.7407017807498685,0.4552219979818365,0.2476698737221888,0.1964485981308411,0.2145602283957395
0.2719671201814059,0.2450353045013239,0.2023364485981309,0.7433002481389578,0.3205229793977813,0.2287569907992062,0.7981467568244427,0.7420542490044331,0.4562310797174571,0.2487221888153939,0.198411214953271,0.2158778961238607
0.2716836734693877,0.2447043248014121,0.2014018691588784,0.7435483870967743,0.3205229793977813,0.2283961753563052,0.8015276734284998,0.7455856938913518,0.4574293642785065,0.25,0.1999999999999999,0.2175249807840122
0.2620464852607709,0.2322374227714033,0.1808411214953271,0.7547146401985112,0.3157686212361331,0.2141439653617174,0.7981467568244427,0.7404012322488541,0.4525100908173561,0.2441371016235718,0.1923364485981308,0.2106072252113758
0.2414965986394558,0.2100617828773169,0.1546728971962615,0.7761786600496279,0.2979397781299525,0.1910517770160563,0.7833708990733783,0.727477646705237,0.4424192734611503,0.2315844858689116,0.1769158878504672,0.1953442406939717
0.2227891156462585,0.1909752868490732,0.1355140186915889,0.7951612903225806,0.2801109350237717,0.171748150820855,0.7659654395191585,0.7147043354121271,0.4292381432896064,0.2168520745640409,0.1583177570093458,0.1767870868562644
0.2121598639455782,0.1777360988526037,0.1144859813084109,0.8073200992555832,0.2737717908082409,0.1567743099404654,0.7559479088404708,0.706138703133218,0.4195887991927345,0.2051262778111846,0.1438317757009345,0.1649280773031733
0.2050736961451247,0.1652691968225949,0.0850467289719625,0.8173697270471465,0.2765451664025357,0.1408984304528233,0.7513148009015778,0.7011796528664812,0.4146064581231079,0.1988123872519543,0.1357943925233644,0.159218183814648
0.1886337868480725,0.1477272727272727,0.0649532710280374,0.8343672456575683,0.2618858954041204,0.1226772505863251,0.7441773102930127,0.693215117589601,0.4067860746720483,0.1897173782321106,0.124018691588785,0.1490062589217085
0.1678004535147392,0.1286407766990291,0.0523364485981308,0.8543424317617866,0.2381141045958795,0.1046364784412772,0.7305284247433007,0.6819445488015629,0.3961907164480323,0.1771647624774503,0.108411214953271,0.1324256066761831
0.1607142857142857,0.1233451015004413,0.0537383177570091,0.8602977667493797,0.2278129952456418,0.1006675085693668,0.7230152767342849,0.676083853031783,0.391082240161453,0.1710763680096212,0.1008411214953271,0.1241901833754254
0.1665249433106576,0.1280891438658428,0.0551401869158878,0.8550868486352359,0.2353407290015847,0.1046364784412772,0.7240170298021538,0.6773611841610939,0.3917759838546922,0.1723541791942273,0.1026168224299065,0.1257274623915669
0.1716269841269841,0.13261253309797,0.0570093457943923,0.8503722084367246,0.2416798732171157,0.1087858560346383,0.7300275482093664,0.6824705086783379,0.3961907164480323,0.1775405892964522,0.1086915887850467,0.1328648292522235
0.1709183673469388,0.131288614298323,0.0532710280373833,0.8513647642679901,0.242472266244057,0.1069817788201334,0.7322814926120711,0.6840483883086633,0.3977043390514631,0.1790438965724594,0.1107476635514018,0.1346217195563852
0.1651077097505669,0.1251103265666372,0.0467289719626169,0.8574441687344915,0.2369255150554675,0.1006675085693668,0.7280240420736288,0.6800661206702231,0.3947401614530776,0.1746091401082381,0.1063551401869158,0.1291314373558801
0.1615646258503401,0.1219108561341571,0.044859813084112,0.8607940446650124,0.23256735340729,0.0977809850261591,0.7228900576008014,0.6762341272822902,0.3917129162462159,0.17085087191822,0.1013084112149532,0.1238607664433951
0.1665249433106576,0.1265445719329214,0.0481308411214952,0.8560794044665013,0.2381141045958795,0.1021107703409705,0.7231404958677685,0.6777368697873619,0.392406659939455,0.1723541791942273,0.1030841121495327,0.1250686285275062
0.1720521541950113,0.1327228596646072,0.0565420560747661,0.8501240694789083,0.242472266244057,0.1087858560346383,0.729526671675432,0.6824705086783379,0.3964429868819373,0.1773150932050511,0.1090654205607476,0.1325354123201932
0.1700680272108843,0.1318402471315092,0.058411214953271,0.8514888337468983,0.2389064976228209,0.1084250405917373,0.734159779614325,0.6836727026823952,0.3978304742684157,0.1791942273000601,0.1103738317757009,0.1349511364884155
0.1629818594104308,0.1251103265666372,0.0532710280373833,0.8584367245657568,0.2309825673534072,0.10193036261952,0.7294014525419483,0.6797655721692087,0.3946770938446014,0.1758117859290439,0.1053271028037383,0.1295706599319205
0.1597222222222222,0.1216902030008826,0.0500000000000001,0.861786600496278,0.2282091917591124,0.0985026159119609,0.7235161532682193,0.6763092644075437,0.3913975782038345,0.1719783523752255,0.1006542056074766,0.1245196003074558
0.1652494331065759,0.1262135922330097,0.0509345794392522,0.8566997518610422,0.2353407290015847,0.102291178062421,0.7233909341347358,0.6778871440378691,0.3920282542885973,0.172504509921828,0.1021495327102803,0.1257274623915669
0.1712018140589569,0.1323918799646954,0.0570093457943923,0.8506203473945411,0.2412836767036449,0.1086054483131878,0.7304032056098171,0.6828461943046059,0.3964429868819373,0.1773902585688515,0.1079439252336448,0.1324256066761831
0.1699263038548752,0.1320609002647838,0.0598130841121493,0.8514888337468983,0.2381141045958795,0.1087858560346383,0.7321562734785875,0.6848748966864527,0.3976412714429868,0.1792693926638605,0.1109345794392523,0.1350609421324256
0.1628401360544217,0.125441306266549,0.055607476635514,0.8581885856079404,0.2301901743264658,0.102651993505322,0.7287753568745304,0.6801412577954767,0.3945509586276488,0.1753607937462417,0.1064485981308411,0.1297902712199407
0.1598639455782312,0.1222418358340688,0.0518691588785046,0.8612903225806452,0.2274167987321711,0.0994046545192134,0.7231404958677685,0.6763844015327972,0.3910191725529768,0.1711515333734215,0.1006542056074766,0.1242999890194356
0.1645408163265306,0.1273168578993821,0.0579439252336448,0.8564516129032258,0.231378763866878,0.1046364784412772,0.7240170298021538,0.6775114584116012,0.391965186680121,0.172504509921828,0.1015887850467289,0.1257274623915669
0.171343537414966,0.1329435127978817,0.0593457943925235,0.8502481389578164,0.2404912836767035,0.1095074869204401,0.7305284247433007,0.68209482305207,0.3958123107971745,0.1773150932050511,0.1079439252336448,0.132315801032173
0.167375283446712,0.1272065313327448,0.0485981308411214,0.855210918114144,0.2393026941362915,0.102651993505322,0.7325319308790382,0.6838981140581561,0.3960015136226034,0.1785177390258568,0.1083177570093457,0.1316569671681124
0.1421485260770975,0.1018314210061783,0.0242990654205607,0.8806451612903227,0.2143423137876386,0.0772145047808045,0.7252692211369897,0.6733037793974002,0.3813698284561049,0.1664161154539988,0.0845794392523364,0.1056330295377182
0.0783730158730158,0.056928508384819,0.0439252336448599,0.9337468982630274,0.1168779714738509,0.0443802994768175,0.7067367893814175,0.6479825681869411,0.3548814328960645,0.1300360793746241,0.0448598130841121,0.056989129241243
0.0236678004535147,0.0182038834951456,0.0598130841121493,0.9795285359801488,0.0336767036450079,0.0158758794876419,0.7092411720510894,0.6367871365241565,0.3447275479313824,0.1037282020444979,0.0121495327102803,0.0153727901614142
0.0185657596371882,0.013901147396293,0.0588785046728973,0.984119106699752,0.0269413629160063,0.012087317337182,0.7608314550463311,0.6706739800135246,0.3919021190716447,0.1311635598316295,0.0128971962616822,0.0122982321291314
0.102891156462585,0.0862753751103265,0.0873831775700932,0.9064516129032258,0.1327258320126783,0.0768536893379037,0.8403456048084147,0.7472387106469306,0.504856205852674,0.233764281419122,0.0851401869158878,0.0885033490721423
0.2456065759637188,0.2251765225066196,0.2051401869158879,0.7658808933002481,0.2824881141045959,0.2130615190330145,0.903831705484598,0.8320685250582313,0.6516145307769929,0.4074714371617558,0.2403738317757009,0.2297134072691336
0.4505385487528345,0.424315975286849,0.3728971962616822,0.5642679900744417,0.4976228209191758,0.4082626736424319,0.9529176058101676,0.9150950484634456,0.7891649848637738,0.6007215874924835,0.445233644859813,0.4242890084550346
0.6672335600907029,0.6525816416593115,0.6252336448598128,0.3410669975186104,0.6937400950871632,0.6436947501353057,0.9896068119208616,0.9816665414381244,0.9276614530776992,0.8162958508719182,0.681214953271028,0.6489513560997036
0.8808106575963719,0.8746690203000884,0.8616822429906541,0.1227047146401985,0.8918383518225039,0.8708280714414578,0.9684447783621336,0.9833195581937034,0.9996846619576184,0.9787282020444978,0.9098130841121496,0.8727352585922916
0.9951814058956916,0.9947043248014122,0.9929906542056074,0.0052109181141439,0.996038034865293,0.9944073606350352,0.8265715001252191,0.8662559170486137,0.9122729566094852,0.9696331930246542,0.9994392523364484,0.9959371911716262
0.9428854875283448,0.943071491615181,0.9467289719626166,0.0570719602977667,0.9425515055467512,0.9431715677430992,0.5886551465063861,0.6507626418213238,0.6823284561049444,0.8064491882140709,0.9007476635514018,0.9450971779949487
0.7867063492063492,0.7801191526919683,0.7719626168224297,0.2169975186104219,0.798335974643423,0.7762944254014073,0.3256949661908339,0.3780148771508002,0.4103178607467204,0.5807276007215875,0.7122429906542055,0.7802789063357856
0.5967970521541951,0.5783318623124448,0.5429906542056073,0.4136476426799008,0.6299524564183835,0.5670214685188526,0.1036814425244177,0.1227740626643624,0.1533804238143289,0.3483914612146723,0.4846728971962616,0.5782365213571977
0.397250566893424,0.3648499558693734,0.2962616822429906,0.6210918114143921,0.4556259904912836,0.3447591556918635,0.0071374906085649,0.008189946652641,0.0142532795156407,0.1524353577871317,0.2614953271028037,0.3652135719775996
0.2304421768707482,0.1867828773168579,0.0925233644859814,0.7941687344913152,0.3086370839936608,0.1598412412051235,0.1011770598547457,0.0664212187241716,0.0326690211907164,0.0293144918821407,0.1150467289719626,0.1908422092895574
0.1390306122448979,0.0952118270079435,0.0060747663551401,0.8856079404466503,0.2175118858954041,0.0683745264297311,0.2812421738041572,0.221278833871816,0.1268289606458123,0.005637402285027,0.0439252336448598,0.100032941693203
0.0861678004535147,0.0550529567519859,0.0102803738317758,0.9313895781637718,0.1418383518225039,0.0364423597329965,0.4526671675432006,0.3847772184236231,0.2312689202825428,0.0361545399879735,0.0217757009345794,0.0553420445810914
0.0793650793650793,0.0570388349514563,0.0411214953271029,0.9332506203473946,0.1192551505546751,0.0440194840339167,0.5864012021036814,0.5216770606356601,0.3090943491422804,0.091476247745039,0.0314953271028037,0.0555616558691116
0.1257086167800453,0.0893645189761694,0.0252336448598131,0.8947890818858562,0.1909667194928684,0.0672920801010283,0.6704232406711744,0.6128183935682621,0.3583501513622603,0.1378532772098616,0.0626168224299065,0.0874052926320412
0.1615646258503401,0.11738746690203,0.0257009345794394,0.8632754342431763,0.2408874801901743,0.0903842684466894,0.7191334835962935,0.6634608159891803,0.3856584258324924,0.165213469633193,0.0927102803738317,0.1201273745470517
0.1629818594104308,0.1227934686672551,0.0439252336448599,0.8596774193548387,0.2353407290015847,0.0983222081905106,0.7275231655396944,0.6775865955368547,0.3928481331987891,0.1737823211064341,0.1032710280373831,0.1271549357636982
0.1608560090702948,0.1222418358340688,0.0485981308411214,0.8609181141439206,0.2301901743264658,0.0986830236334114,0.7233909341347358,0.6763092644075437,0.3913345105953582,0.1714521948286229,0.1009345794392523,0.1230921269353244
0.1649659863945578,0.1269858781994704,0.055607476635514,0.8564516129032258,0.2329635499207606,0.1039148475554753,0.724267468069121,0.6775114584116012,0.3925327951564076,0.1723541791942273,0.1019626168224299,0.1256176567475568
0.1717687074829932,0.1325022065313327,0.0560747663551403,0.8503722084367246,0.242472266244057,0.1084250405917373,0.7300275482093664,0.6821699601773236,0.3961907164480323,0.1771647624774503,0.1080373831775701,0.132315801032173
0.1700680272108843,0.1316195939982347,0.0579439252336448,0.8516129032258065,0.2389064976228209,0.1080642251488363,0.7336589030803906,0.6841235254339169,0.3975782038345106,0.1791190619362597,0.1106542056074766,0.1346217195563852
0.1642573696145124,0.1251103265666372,0.0495327102803739,0.857816377171216,0.2345483359746434,0.1012087317337181,0.7280240420736288,0.6801412577954767,0.3939202825428859,0.1750601322910402,0.1053271028037383,0.1284726034918194
0.161281179138322,0.1225728155339806,0.0485981308411214,0.860545905707196,0.2309825673534072,0.0988634313548619,0.7226396193338342,0.6756330302802614,0.3909561049445005,0.1707757065544197,0.1000934579439252,0.1221038761392335
0.1655328798185941,0.1270962047661077,0.0542056074766354,0.8562034739454095,0.2341521394611727,0.1037344398340248,0.7237665915351865,0.6769103614095724,0.3918390514631684,0.1721286831028262,0.1015887850467289,0.1233117382233446
0.171485260770975,0.1323918799646954,0.0565420560747661,0.8504962779156328,0.2416798732171157,0.1084250405917373,0.7306536438767843,0.6825456458035914,0.3962537840565086,0.1771647624774503,0.1075700934579439,0.1317667728121225
0.1704931972789115,0.1318402471315092,0.0574766355140186,0.8512406947890819,0.2400950871632329,0.1082446328702868,0.7331580265464563,0.6848748966864527,0.3981458123107971,0.1795700541190619,0.1105607476635514,0.1351707477764357
0.1635487528344671,0.1257722859664606,0.0546728971962616,0.8576923076923078,0.231378763866878,0.102651993505322,0.7275231655396944,0.6805169434217446,0.3949293642785065,0.1749098015634395,0.1053271028037383,0.1289118260678599
0.1615646258503401,0.1233451015004413,0.0509345794392522,0.8600496277915635,0.2301901743264658,0.0999458776835648,0.722389181066867,0.6763092644075437,0.3920282542885973,0.1712266987372218,0.1010280373831775,0.1236411551553749
0.1655328798185941,0.1276478375992939,0.0560747663551403,0.8558312655086848,0.233755942947702,0.1046364784412772,0.7231404958677685,0.6767600871590653,0.3921543895055499,0.1724293445580276,0.1019626168224299,0.1245196003074558
0.1712018140589569,0.1328331862312445,0.0593457943925235,0.8504962779156328,0.2400950871632329,0.1093270791989896,0.73015276734285,0.6819445488015629,0.3961907164480323,0.1770144317498496,0.1079439252336448,0.1318765784561326
0.1704931972789115,0.1319505736981465,0.0579439252336448,0.8512406947890819,0.2396988906497623,0.1084250405917373,0.7320310543451038,0.683747839807649,0.3973890010090817,0.1791942273000601,0.1102803738317756,0.1335236631162841
0.1635487528344671,0.1262135922330097,0.0565420560747661,0.8574441687344915,0.2305863708399366,0.1033736243911238,0.7266466316053093,0.6797655721692087,0.3941094853683148,0.1744588093806374,0.1053271028037383,0.1281431865597891
0.1605725623582766,0.1229037952338922,0.0523364485981308,0.8606699751861043,0.2282091917591124,0.0999458776835648,0.7212622088655146,0.6756330302802614,0.3912083753784056,0.1707005411906193,0.1000934579439252,0.121554847919183
0.165391156462585,0.1270962047661077,0.0542056074766354,0.8562034739454095,0.2341521394611727,0.1037344398340248,0.7232657150012521,0.6776617326621084,0.3922174571140262,0.1722038484666266,0.1020560747663551,0.1246294059514659
0.1719104308390022,0.1329435127978817,0.0570093457943923,0.8501240694789083,0.2420760697305863,0.1089662637560886,0.73015276734285,0.6828461943046059,0.3961907164480323,0.1774654239326518,0.108411214953271,0.1320961897441528
0.1703514739229024,0.1311782877316858,0.055607476635514,0.8517369727047146,0.2404912836767035,0.1073425942630344,0.7322814926120711,0.683747839807649,0.397452068617558,0.178968731208659,0.1105607476635514,0.1348413308444054
0.1639739229024943,0.1249999999999999,0.0500000000000001,0.8579404466501241,0.2341521394611727,0.1012087317337181,0.7273979464062108,0.6796904350439552,0.3944248234106962,0.1752856283824413,0.1060747663551401,0.1291314373558801
0.1605725623582766,0.1221315092674315,0.0490654205607476,0.861166253101737,0.2293977812995245,0.0986830236334114,0.7227648384673178,0.676083853031783,0.391523713420787,0.1715273601924233,0.1010280373831775,0.1240803777314153
0.1659580498866213,0.1265445719329214,0.0500000000000001,0.8562034739454095,0.2369255150554675,0.1024715857838715,0.7240170298021538,0.6774363212863475,0.3924697275479313,0.1728803367408298,0.1022429906542056,0.1261666849676073
0.1723356009070294,0.1325022065313327,0.0542056074766354,0.8501240694789083,0.2436608557844691,0.1082446328702868,0.7299023290758828,0.6825456458035914,0.3963168516649848,0.1774654239326518,0.1077570093457943,0.1320961897441528
0.1703514739229024,0.1311782877316858,0.0551401869158878,0.8517369727047146,0.2404912836767035,0.1071621865415839,0.733533683946907,0.6841986625591704,0.3980196770938446,0.1786680697534576,0.1099065420560747,0.1342923026243549
0.163265306122449,0.1259929390997352,0.0565420560747661,0.8576923076923078,0.2301901743264658,0.1033736243911238,0.7277736038066616,0.6800661206702231,0.3946140262361251,0.1746091401082381,0.1055140186915887,0.1291314373558801
0.1607142857142857,0.1237864077669902,0.055607476635514,0.8601736972704715,0.2270206022187004,0.1012087317337181,0.7230152767342849,0.6763844015327972,0.391523713420787,0.1710763680096212,0.1013084112149532,0.1244097946634456
0.1659580498866213,0.1284201235657546,0.0579439252336448,0.855210918114144,0.2333597464342313,0.1055385170485296,0.724517906336088,0.6777368697873619,0.3925958627648839,0.1726548406494287,0.1028971962616822,0.1261666849676073
0.1717687074829932,0.1340467784642542,0.0626168224299063,0.8495037220843674,0.2393026941362915,0.1111311564134945,0.7292762334084647,0.682620782928845,0.3963168516649848,0.1768641010222489,0.108411214953271,0.1322059953881629
0.173469387755102,0.1348190644307149,0.0607476635514018,0.8483870967741937,0.2428684627575277,0.1113115641349448,0.7332832456799399,0.6874295589450747,0.4015514631685166,0.1830276608538785,0.1130841121495327,0.1379158888766882
0.1801303854875283,0.1391218005295675,0.0565420560747661,0.8430521091811415,0.2535657686212361,0.1140176799567021,0.7375406962183821,0.692839431963333,0.4128405650857719,0.193550811785929,0.1191588785046729,0.1411002525529812
0.1948696145124716,0.1509267431597529,0.0579439252336448,0.8299007444168736,0.2737717908082409,0.1239401046364784,0.741923365890308,0.6994514989856488,0.4282921291624621,0.2073812387251954,0.1288785046728972,0.1475787855495772
0.2161281179138321,0.1722197705207414,0.0780373831775699,0.8085607940446651,0.2951664025356577,0.1452282157676348,0.7511895817680941,0.7135772785333233,0.4476538849646821,0.2269993986770896,0.1444859813084112,0.1615241023388602
0.2378117913832199,0.1929611650485437,0.0943925233644859,0.787468982630273,0.3181458003169571,0.1654338805700884,0.7663410969196093,0.7307085430911413,0.4711150353178607,0.2507516536380035,0.1654205607476635,0.1803008674645876
0.2568027210884354,0.211054721977052,0.1084112149532708,0.768982630272953,0.3387480190174326,0.1829334295507848,0.7796143250688705,0.7464122022691411,0.492747225025227,0.2733764281419121,0.1837383177570093,0.1977599648621939
0.2655895691609977,0.2206531332744925,0.1200934579439253,0.759801488833747,0.3462757527733756,0.192855854230561,0.7849987478086651,0.755353520174318,0.5087663975782037,0.2879585087191822,0.1939252336448598,0.2063248050949818
0.2793367346938776,0.2354368932038834,0.1373831775700934,0.7454094292803971,0.358161648177496,0.2083709182753021,0.7905083896819434,0.7645953865805094,0.525542381432896,0.3036680697534576,0.2048598130841121,0.2148896453277698
0.3021541950113378,0.257171226831421,0.1542056074766352,0.7232009925558313,0.3827258320126783,0.2292982139635575,0.8025294264963686,0.7790968517544518,0.5461024217961654,0.3247143716175586,0.2215887850467289,0.2297134072691336
0.3251133786848073,0.2792365401588703,0.1724299065420562,0.7007444168734492,0.4072900158478605,0.2509471405376149,0.8186826947157525,0.797655721692088,0.568680625630676,0.3491431148526758,0.242429906542056,0.2494784231909519
0.3391439909297052,0.2941306266548985,0.1887850467289718,0.6862282878411912,0.4199683042789223,0.2662817968609056,0.8312046080641121,0.810954992861973,0.5892406659939454,0.3694377630787733,0.2585981308411215,0.2648512133523663
0.3479308390022676,0.3031774051191527,0.1981308411214952,0.6772952853598015,0.4282884310618066,0.2754825906548799,0.8344603055346856,0.8168908257570064,0.6033678102926336,0.3825917017438364,0.2672897196261682,0.2714395519929724
0.3594104308390023,0.3139894086496028,0.2056074766355141,0.6662531017369727,0.4409667194928683,0.2857658307775573,0.8382168795391935,0.8240288526560974,0.615981331987891,0.3943174984966927,0.2757943925233644,0.2766004172614472
0.3765589569160998,0.3314210061782877,0.2233644859813084,0.6488833746898264,0.457606973058637,0.3034457874797042,0.8459804658151765,0.836125929821925,0.63162209889001,0.410628382441371,0.2883177570093457,0.2880202042384978
0.3946995464852608,0.3475286849073257,0.2317757009345793,0.6318858560794045,0.4793977812995246,0.3182392206386433,0.8580015026296017,0.8495754752423172,0.6488395560040363,0.4280667468430547,0.304018691588785,0.3016361040957505
0.4020691609977324,0.3556928508384819,0.2415887850467289,0.6240694789081886,0.4853407290015847,0.3267183835468158,0.8671424993739043,0.8589676158990157,0.6622729566094853,0.4414461815995189,0.3161682242990654,0.3139343362248819
0.4070294784580499,0.35977493380406,0.2429906542056072,0.6196029776674938,0.4920760697305864,0.3303265379758254,0.8671424993739043,0.8612217296566232,0.6685166498486377,0.4477600721587492,0.3182242990654205,0.3150323926649829
0.4108560090702948,0.3634157105030892,0.2457943925233642,0.6158808933002481,0.4960380348652932,0.333934692404835,0.8677685950413222,0.8629498835374558,0.6730575176589303,0.4518190018039687,0.3204672897196261,0.3164598660371143
0.4170918367346938,0.3722418358340689,0.2621495327102802,0.6081885856079405,0.4980190174326465,0.3443983402489626,0.8695216629100926,0.8663310541738672,0.6796165489404642,0.4585087191822008,0.3251401869158878,0.3222795651696497
0.4250283446712018,0.3795233892321271,0.267289719626168,0.600620347394541,0.5067353407290015,0.3512538336640808,0.8755321813173053,0.8724171613194078,0.6871215943491422,0.4658749248346361,0.3334579439252336,0.3304051828263972
0.4243197278911565,0.3777581641659311,0.2621495327102802,0.6019851116625311,0.5079239302694136,0.3487281255637741,0.8792887553218132,0.8759486062063264,0.688635216952573,0.4677540589296451,0.3360747663551401,0.3332601295706599
0.417375283446712,0.3709179170344219,0.2560747663551401,0.6088089330024814,0.5007923930269413,0.3420530398701064,0.8749060856498874,0.8709895559395896,0.6847250252270434,0.4636951292844257,0.3313084112149532,0.3278796530141649
0.4124149659863945,0.3654015887025596,0.2490654205607474,0.6140198511166254,0.4968304278922344,0.3360995850622407,0.8691460055096418,0.8652039972950635,0.6772199798183652,0.4563289236319904,0.323644859813084,0.3201932579334577
0.4156746031746031,0.3661738746690203,0.2415887850467289,0.6122828784119108,0.5043581616481775,0.3353779541764387,0.8676433759078387,0.8623487865354271,0.6718592330978808,0.4512928442573662,0.3202803738317757,0.316240254749094
0.4129818594104308,0.3639673433362754,0.2411214953271027,0.6146401985111664,0.501188589540412,0.3335738769619339,0.8691460055096418,0.8618228266586521,0.6692734611503531,0.4486620565243535,0.3200934579439252,0.3182167563412759
0.4015022675736961,0.3532656663724625,0.233177570093458,0.6256823821339951,0.4885103011093503,0.3231102291178062,0.8656398697721012,0.8569389135171688,0.6603809283551968,0.438965724594107,0.3142990654205607,0.3116284177006698
0.3859126984126984,0.3385922330097087,0.2233644859813084,0.6408188585607941,0.4706814580031696,0.3093992422875698,0.8542449286250939,0.8449169734765947,0.6439833501513621,0.4234816596512327,0.2995327102803738,0.2964752388272756
0.3711734693877551,0.3253530450132392,0.2154205607476633,0.6547146401985112,0.4536450079239302,0.2969511095074869,0.8443526170798897,0.8317679765572168,0.6270181634712411,0.4059681298857486,0.2842056074766355,0.2832985615460634
0.3618197278911565,0.3160856134157104,0.2070093457943924,0.6638957816377171,0.4441362916006339,0.2877503157135125,0.8373403456048083,0.8219250131489969,0.6133324924318869,0.39168671076368,0.2735514018691588,0.2750631382453057
0.3516156462585034,0.3067078552515445,0.2009345794392522,0.6736972704714641,0.4322503961965134,0.278910337362439,0.8345855246681693,0.8162897287549777,0.6014127144298687,0.3808628983764281,0.2662616822429906,0.2715493576369825
0.3348922902494331,0.2898278905560459,0.1841121495327103,0.6904466501240695,0.4160063391442155,0.2617716038246437,0.8283245679939893,0.8081749192275902,0.5848890010090817,0.3647023451593505,0.2548598130841121,0.2617766553200834
0.3120748299319728,0.2676522506619594,0.1654205607476636,0.7129032258064517,0.391838351822504,0.2401226772505862,0.8136739293764086,0.7919453001728154,0.5624369323915237,0.3417017438364401,0.2366355140186915,0.2428900845503458
0.2929421768707483,0.2483451015004412,0.1467289719626168,0.7322580645161291,0.3732171156893819,0.2206386433339347,0.8000250438266967,0.7744383499887294,0.5411200807265388,0.319377630787733,0.2167289719626167,0.224772153288679
0.280187074829932,0.2349955869373345,0.1327102803738319,0.7452853598014889,0.3613312202852615,0.2071080642251487,0.7902579514149761,0.7626418213239161,0.5218844601412714,0.3008117859290439,0.2022429906542056,0.2129131437355879
0.270124716553288,0.2247352162400706,0.122429906542056,0.7554590570719604,0.3514263074484944,0.196644416381021,0.7851239669421487,0.7549778345480501,0.5058022199798182,0.286455201443175,0.1925233644859813,0.2059953881629515
0.2517006802721088,0.2070829655781112,0.1084112149532708,0.7734491315136477,0.332012678288431,0.1795056828432257,0.7776108189331329,0.7439326771357727,0.4878910191725529,0.2690920024052916,0.1802803738317757,0.1944657955418908
0.2254818594104308,0.1820388349514562,0.0887850467289719,0.7990074441687345,0.303486529318542,0.1553310481688616,0.763335837716003,0.7256743556991508,0.4650605449041372,0.2444377630787732,0.1603738317757009,0.1755792247721533
0.2070578231292517,0.1640556045895851,0.0738317757009346,0.8171215880893301,0.2840729001584786,0.1378314991881652,0.7479338842975206,0.7083928168908258,0.4418516649848637,0.2215123271196632,0.1402803738317757,0.1568024596464258
0.1967120181405895,0.1513680494263018,0.0532710280373833,0.8287841191066998,0.2785261489698891,0.1233988814721269,0.7381667918858001,0.6975730708543091,0.4240665993945509,0.2041491280817799,0.1265420560747663,0.1448336444493246
0.185515873015873,0.1434245366284201,0.0570093457943923,0.8382133995037221,0.2610935023771791,0.1176258343857116,0.7357876283496118,0.6917123750845292,0.4103809283551967,0.19167167769092,0.1187850467289719,0.1407708356209509
0.1719104308390022,0.1327228596646072,0.0570093457943923,0.8502481389578164,0.2420760697305863,0.1089662637560886,0.7331580265464563,0.6854759936884814,0.3997225025227043,0.1813740228502706,0.1120560747663551,0.1352805534204458
0.163407029478458,0.1255516328331862,0.0542056074766354,0.8579404466501241,0.231378763866878,0.1024715857838715,0.7273979464062108,0.6794650236681944,0.3941094853683148,0.1750601322910402,0.1054205607476635,0.1283627978478093
0.1595804988662131,0.1226831421006178,0.0546728971962616,0.861166253101737,0.2258320126782884,0.1003066931264658,0.721136989732031,0.6754076189045006,0.3908930373360242,0.170625375826819,0.1001869158878504,0.1225430987152739
0.1655328798185941,0.1277581641659312,0.0565420560747661,0.8557071960297767,0.2333597464342313,0.1048168861627277,0.7228900576008014,0.6769103614095724,0.3919021190716447,0.1719031870114251,0.1023364485981308,0.1246294059514659
0.1724773242630385,0.1333848190644307,0.0574766355140186,0.8495037220843674,0.242472266244057,0.1095074869204401,0.7290257951414976,0.6816440003005484,0.3960015136226034,0.1767889356584485,0.1077570093457943,0.1308883276600417
0.1709183673469388,0.1311782877316858,0.0537383177570091,0.8514888337468983,0.2420760697305863,0.1069817788201334,0.7327823691460055,0.6832218799308738,0.3970105953582239,0.1786680697534576,0.1105607476635514,0.133413857472274
0.163265306122449,0.1253309796999117,0.0532710280373833,0.8581885856079404,0.231378763866878,0.1021107703409705,0.7287753568745304,0.6796152979187017,0.3941725529767911,0.1749098015634395,0.1063551401869158,0.1282529922037993
0.1607142857142857,0.1231244483671668,0.0528037383177571,0.8604218362282879,0.2282091917591124,0.1003066931264658,0.7218883045329325,0.675332481779247,0.3905776992936428,0.1705502104630186,0.1003738317757009,0.122652904359284
0.1651077097505669,0.1272065313327448,0.055607476635514,0.8563275434243177,0.2329635499207606,0.1040952552769259,0.7227648384673178,0.6772109099105867,0.3919021190716447,0.1715273601924233,0.1021495327102803,0.1249588228834962
0.1712018140589569,0.1323918799646954,0.0574766355140186,0.8507444168734493,0.2408874801901743,0.1086054483131878,0.73015276734285,0.6828461943046059,0.3960015136226034,0.1767137702946482,0.1083177570093457,0.1319863841001427
0.1702097505668934,0.131729920564872,0.0579439252336448,0.8514888337468983,0.2393026941362915,0.1082446328702868,0.7330328074129727,0.6850251709369599,0.3977674066599394,0.1790438965724594,0.1114018691588785,0.1350609421324256
0.1636904761904762,0.1251103265666372,0.0514018691588784,0.8580645161290323,0.2329635499207606,0.1015695471766191,0.7277736038066616,0.6807423547975054,0.3943617558022199,0.1746091401082381,0.1057009345794392,0.1288020204238497
0.1609977324263038,0.1222418358340688,0.0485981308411214,0.8609181141439206,0.2301901743264658,0.0986830236334114,0.7225144002003506,0.6756330302802614,0.3908930373360242,0.1703247143716175,0.1003738317757009,0.1236411551553749
0.165391156462585,0.1272065313327448,0.0546728971962616,0.8562034739454095,0.2341521394611727,0.1039148475554753,0.724267468069121,0.6763844015327972,0.3920913218970736,0.1721286831028262,0.1027102803738317,0.1251784341715164
0.1710600907029478,0.1325022065313327,0.058411214953271,0.8506203473945411,0.2404912836767035,0.1089662637560886,0.728900576008014,0.6819445488015629,0.3959384460141271,0.1768641010222489,0.108411214953271,0.1322059953881629
0.1700680272108843,0.1315092674315975,0.0574766355140186,0.8517369727047146,0.2393026941362915,0.1080642251488363,0.7320310543451038,0.6838229769329026,0.3973259334006054,0.1782170775706554,0.1101869158878504,0.1338530800483144
0.163265306122449,0.125441306266549,0.0542056074766354,0.8580645161290323,0.2309825673534072,0.102291178062421,0.7280240420736288,0.6803666691712374,0.3946140262361251,0.1749098015634395,0.1050467289719626,0.1293510486439002
0.1609977324263038,0.1229037952338922,0.0509345794392522,0.860545905707196,0.2293977812995245,0.0995850622406638,0.7228900576008014,0.6763844015327972,0.3917129162462159,0.1715273601924233,0.1014953271028037,0.1241901833754254
0.1660997732426303,0.1277581641659312,0.0551401869158878,0.8554590570719603,0.2345483359746434,0.1044560707198267,0.7236413724017029,0.6769103614095724,0.3925958627648839,0.1721286831028262,0.1028971962616822,0.1248490172394861
0.1712018140589569,0.1327228596646072,0.0588785046728973,0.8504962779156328,0.2404912836767035,0.1093270791989896,0.7283996994740797,0.6822450973025772,0.3965691220988899,0.1767137702946482,0.1081308411214953,0.1313275502360821
0.1692176870748299,0.1318402471315092,0.0616822429906542,0.8518610421836229,0.2365293185419968,0.1089662637560886,0.7317806160781366,0.684273799684424,0.3981458123107971,0.1791942273000601,0.1104672897196261,0.1340726913363346
0.163407029478458,0.1255516328331862,0.0542056074766354,0.8579404466501241,0.231378763866878,0.1024715857838715,0.7285249186075632,0.680441806296491,0.3944248234106962,0.175210463018641,0.1060747663551401,0.1281431865597891
0.1611394557823129,0.1227934686672551,0.0500000000000001,0.8604218362282879,0.2297939778129952,0.0994046545192134,0.722389181066867,0.6760087159065293,0.3910191725529768,0.1707005411906193,0.1014018691588785,0.1232019325793346
0.1655328798185941,0.1272065313327448,0.0542056074766354,0.8560794044665013,0.2341521394611727,0.1039148475554753,0.7228900576008014,0.6768352242843189,0.3917129162462159,0.1722038484666266,0.1023364485981308,0.1236411551553749
0.171343537414966,0.1327228596646072,0.058411214953271,0.8503722084367246,0.2404912836767035,0.1091466714775391,0.7300275482093664,0.6829213314298594,0.396127648839556,0.1773902585688515,0.1087850467289719,0.1309981333040518
0.1702097505668934,0.1311782877316858,0.0560747663551403,0.8517369727047146,0.2400950871632329,0.1073425942630344,0.7326571500125219,0.6846494853106919,0.397893541876892,0.1795700541190619,0.1106542056074766,0.1348413308444054
0.163265306122449,0.1251103265666372,0.0523364485981308,0.8583126550868487,0.2317749603803486,0.1017499548980696,0.7275231655396944,0.6802163949207303,0.3948032290615539,0.1752856283824413,0.105233644859813,0.1281431865597891
0.1600056689342403,0.1230141218005295,0.0542056074766354,0.8609181141439206,0.2266244057052298,0.1004871008479163,0.7213874279989982,0.6756330302802614,0.3907038345105953,0.1709260372820204,0.1003738317757009,0.1222136817832436
0.1646825396825396,0.1268755516328332,0.055607476635514,0.8566997518610422,0.23256735340729,0.1039148475554753,0.7227648384673178,0.6772860470358404,0.3914606458123107,0.171677690920024,0.1020560747663551,0.1235313495113649
0.1702097505668934,0.1322815533980582,0.0598130841121493,0.8512406947890819,0.2385103011093502,0.1089662637560886,0.7299023290758828,0.6820196859268164,0.3961907164480323,0.1765634395670475,0.1083177570093457,0.1302294937959811
0.1690759637188208,0.1311782877316858,0.0593457943925235,0.8523573200992557,0.2373217115689381,0.1080642251488363,0.7321562734785875,0.6841235254339169,0.397893541876892,0.178968731208659,0.1106542056074766,0.1337432744043043
0.163407029478458,0.1261032656663724,0.0565420560747661,0.8576923076923078,0.2301901743264658,0.1033736243911238,0.72702228900576,0.6805920805469982,0.3945509586276488,0.1755862898376428,0.1058878504672897,0.1292412429998902
0.1598639455782312,0.1229037952338922,0.0546728971962616,0.8610421836228288,0.226228209191759,0.1003066931264658,0.7220135236664161,0.6763844015327972,0.3910191725529768,0.1715273601924233,0.1010280373831775,0.1238607664433951
0.1651077097505669,0.1281994704324801,0.0598130841121493,0.8557071960297767,0.231378763866878,0.1057189247699801,0.7231404958677685,0.6778871440378691,0.3918390514631684,0.1725796752856283,0.1022429906542056,0.1252882398155265
0.171485260770975,0.1337157987643424,0.0621495327102805,0.8498759305210919,0.2393026941362915,0.1107703409705935,0.7300275482093664,0.6828461943046059,0.3963799192734611,0.1769392663860493,0.108411214953271,0.132315801032173
0.1704931972789115,0.131729920564872,0.0570093457943923,0.8513647642679901,0.2400950871632329,0.1080642251488363,0.7330328074129727,0.6841235254339169,0.3980827447023208,0.1788935658448587,0.1104672897196261,0.134511913912375
0.1636904761904762,0.1255516328331862,0.0532710280373833,0.857816377171216,0.2321711568938192,0.102291178062421,0.7280240420736288,0.6802915320459838,0.3945509586276488,0.1754359591100421,0.1055140186915887,0.1288020204238497
0.1598639455782312,0.1219108561341571,0.0504672897196259,0.8615384615384617,0.2278129952456418,0.0986830236334114,0.7222639619333834,0.6758584416560222,0.3912083753784056,0.1707757065544197,0.1006542056074766,0.1224332930712638
0.1645408163265306,0.1266548984995587,0.0551401869158878,0.8568238213399505,0.23256735340729,0.1035540321125743,0.7233909341347358,0.6772860470358404,0.3922174571140262,0.1719031870114251,0.1027102803738317,0.1244097946634456
0.171485260770975,0.1329435127978817,0.0588785046728973,0.8502481389578164,0.2408874801901743,0.1093270791989896,0.729526671675432,0.6825456458035914,0.3961907164480323,0.1772399278412507,0.1082242990654205,0.1313275502360821
0.1702097505668934,0.1313989408649603,0.0565420560747661,0.8517369727047146,0.2396988906497623,0.1077034097059354,0.7327823691460055,0.684273799684424,0.397893541876892,0.1788184004810583,0.1098130841121495,0.1340726913363346
0.163407029478458,0.1255516328331862,0.0542056074766354,0.8579404466501241,0.231378763866878,0.1024715857838715,0.7280240420736288,0.6807423547975054,0.3948662966700302,0.1755862898376428,0.1057943925233644,0.1295706599319205
0.1605725623582766,0.1230141218005295,0.0528037383177571,0.860545905707196,0.2282091917591124,0.1001262854050153,0.7216378662659654,0.6762341272822902,0.3910191725529768,0.1711515333734215,0.1008411214953271,0.1232019325793346
0.1645408163265306,0.1266548984995587,0.0546728971962616,0.8568238213399505,0.23256735340729,0.1033736243911238,0.7227648384673178,0.6765346757833044,0.3919021190716447,0.1720535177390258,0.1014953271028037,0.1245196003074558
0.1716269841269841,0.1330538393645189,0.0588785046728973,0.8501240694789083,0.2408874801901743,0.1095074869204401,0.7304032056098171,0.6819445488015629,0.3959384460141271,0.1764131088394468,0.1076635514018691,0.1324256066761831
0.1696428571428571,0.1315092674315975,0.0588785046728973,0.8518610421836229,0.2381141045958795,0.1082446328702868,0.7320310543451038,0.6834472913066345,0.3970736629667002,0.1780667468430547,0.109626168224299,0.1340726913363346
0.1628401360544217,0.1249999999999999,0.0532710280373833,0.858560794044665,0.2309825673534072,0.10193036261952,0.7281492612071124,0.6795401607934479,0.3946140262361251,0.1746091401082381,0.1057943925233644,0.1291314373558801
0.1604308390022675,0.1224624889673433,0.0509345794392522,0.8609181141439206,0.2286053882725832,0.0994046545192134,0.7235161532682193,0.6759335787812758,0.3912714429868819,0.1711515333734215,0.1006542056074766,0.1234215438673547
0.1651077097505669,0.1268755516328332,0.0542056074766354,0.8564516129032258,0.233755942947702,0.1035540321125743,0.7248935637365389,0.6770606356600796,0.392406659939455,0.1720535177390258,0.1017757009345794,0.1257274623915669
0.171343537414966,0.132171226831421,0.0560747663551403,0.8507444168734493,0.2416798732171157,0.1082446328702868,0.7299023290758828,0.6819445488015629,0.3961907164480323,0.1767889356584485,0.108411214953271,0.1322059953881629
0.1700680272108843,0.1307369814651368,0.0537383177570091,0.8521091811414393,0.2408874801901743,0.1066209633772324,0.7315301778111696,0.6832970170561274,0.3973259334006054,0.1785177390258568,0.1105607476635514,0.1337432744043043
0.1636904761904762,0.1248896734333627,0.0504672897196259,0.8581885856079404,0.2333597464342313,0.1012087317337181,0.7277736038066616,0.6794650236681944,0.3948032290615539,0.1752856283824413,0.1059813084112149,0.1290216317118699
0.1597222222222222,0.1224624889673433,0.0532710280373833,0.8612903225806452,0.2266244057052298,0.0997654699621143,0.7226396193338342,0.6758584416560222,0.3912083753784056,0.1712266987372218,0.1009345794392523,0.123750960799385
0.165391156462585,0.1277581641659312,0.0570093457943923,0.8558312655086848,0.2329635499207606,0.1048168861627277,0.7231404958677685,0.6769103614095724,0.3917129162462159,0.1719783523752255,0.1020560747663551,0.1238607664433951
0.171485260770975,0.1330538393645189,0.0593457943925235,0.8502481389578164,0.2404912836767035,0.1095074869204401,0.7304032056098171,0.6815688631752949,0.3958753784056508,0.17708959711365,0.1081308411214953,0.131217744592072
0.1696428571428571,0.1309576345984112,0.0565420560747661,0.8522332506203475,0.2393026941362915,0.1073425942630344,0.7329075882794891,0.6841235254339169,0.3980827447023208,0.1795700541190619,0.1105607476635514,0.1348413308444054
0.1629818594104308,0.1251103265666372,0.0532710280373833,0.8584367245657568,0.231378763866878,0.10193036261952,0.7285249186075632,0.6808926290480126,0.3949293642785065,0.1755862898376428,0.1062616822429906,0.1292412429998902
0.1598639455782312,0.1226831421006178,0.0537383177570091,0.8610421836228288,0.2266244057052298,0.0999458776835648,0.7227648384673178,0.6759335787812758,0.3907669021190716,0.1710763680096212,0.1007476635514018,0.1225430987152739
0.1652494331065759,0.1277581641659312,0.0574766355140186,0.8558312655086848,0.23256735340729,0.1048168861627277,0.7241422489356374,0.6773611841610939,0.3918390514631684,0.1722790138304269,0.1025233644859813,0.1255078511035467
0.1727607709750567,0.1340467784642542,0.0593457943925235,0.8491315136476427,0.2420760697305863,0.1104095255276925,0.7299023290758828,0.6817191374258021,0.3952447023208879,0.1768641010222489,0.1080373831775701,0.1315471615241023
0.1703514739229024,0.1319505736981465,0.0579439252336448,0.8512406947890819,0.2396988906497623,0.1084250405917373,0.733533683946907,0.6836727026823952,0.3973890010090817,0.1782922429344558,0.1101869158878504,0.1346217195563852
0.1646825396825396,0.1268755516328332,0.055607476635514,0.8565756823821341,0.23256735340729,0.1037344398340248,0.729526671675432,0.6805920805469982,0.3951816347124116,0.1753607937462417,0.106822429906542,0.1309981333040518
0.1736111111111111,0.1343777581641659,0.0574766355140186,0.8485111662531017,0.2444532488114104,0.1104095255276925,0.7306536438767843,0.6825456458035914,0.3973890010090817,0.178968731208659,0.1106542056074766,0.1335236631162841
0.1947278911564625,0.1548984995586937,0.0752336448598129,0.8277915632754344,0.2662440570522979,0.1306151903301461,0.7421738041572752,0.6929897062138403,0.4072906155398587,0.1915213469633193,0.1255140186915887,0.1468101460415065
0.2152777777777778,0.1782877316857899,0.1065420560747662,0.8055831265508686,0.2816957210776545,0.1556918636117626,0.7594540445780116,0.7082425426403185,0.420787083753784,0.2073060733613951,0.1449532710280373,0.1673438014713956
0.2290249433106576,0.195829655781112,0.1355140186915889,0.7897022332506204,0.2888272583201268,0.1755367129713151,0.7727272727272726,0.7196633856788638,0.4328329969727547,0.2205351773902585,0.1621495327102803,0.1832656198528604
0.2372448979591836,0.206972639011474,0.1556074766355139,0.7799007444168735,0.2916006339144215,0.1887064766372,0.7784873528675181,0.7255240814486437,0.4400857719475277,0.2286530366806975,0.1728971962616822,0.1908422092895574
0.2482993197278911,0.2198808473080317,0.1742990654205607,0.767741935483871,0.2991283676703645,0.2027782789103373,0.7844978712747307,0.7305582688406341,0.4439959636730575,0.2342152736019242,0.1797196261682243,0.1958932689140221
0.2623299319727891,0.2358781994704325,0.1953271028037382,0.752605459057072,0.3098256735340728,0.2199170124481327,0.7927623340846481,0.7393493124953039,0.4521316851664984,0.24376127480457,0.1919626168224298,0.2078620841111232
0.282312925170068,0.2528684907325684,0.2014018691588784,0.7342431761786601,0.3351822503961965,0.235071261049973,0.8056599048334585,0.7494176872792846,0.4619702320887991,0.2548105832832231,0.2059813084112149,0.2224662347644669
0.2868480725623582,0.2587157987643425,0.2107476635514018,0.7290322580645162,0.3375594294770205,0.2415659390221901,0.8137991485098922,0.7556540686753324,0.4673309788092835,0.2613499699338545,0.2139252336448598,0.2303722411331942
0.2806122448979592,0.2568402471315093,0.2238317757009346,0.73287841191067,0.3232963549920761,0.2424679776294424,0.8127973954420235,0.7546021489217821,0.4665110998990918,0.2612748045700541,0.2130841121495326,0.2300428242011639
0.2765022675736961,0.2511032656663725,0.2130841121495325,0.7378411910669975,0.322107765451664,0.2357928919357748,0.8067868770348109,0.7489668645277632,0.460835015136226,0.2545099218280217,0.2054205607476635,0.2220270121884264
0.2780612244897959,0.250441306266549,0.2051401869158879,0.7374689826302729,0.3276545166402536,0.2336279992783691,0.8020285499624342,0.7447591855135622,0.4579969727547931,0.2512026458208058,0.2009345794392523,0.2169759525639617
0.2723922902494331,0.2454766107678729,0.2028037383177571,0.7428039702233251,0.3205229793977813,0.2292982139635575,0.8011520160280491,0.7457359681418588,0.457744702320888,0.2501503307276007,0.1999999999999999,0.2168661469199516
0.2620464852607709,0.232568402471315,0.1822429906542054,0.754590570719603,0.3149762282091917,0.2146851885260689,0.7965189080891559,0.7405515064993613,0.4528254288597376,0.2440619362597715,0.1920560747663551,0.2099483913473152
0.2416383219954648,0.2112753751103266,0.1593457943925234,0.7754342431761787,0.2963549920760697,0.192855854230561,0.7826195842724768,0.7273273724547299,0.44191473259334,0.2317348165965123,0.1771028037383177,0.1942461842538706
0.223922902494331,0.1916372462488967,0.1345794392523364,0.7942928039702234,0.2816957210776545,0.172108966263756,0.7667167543200601,0.7148546096626343,0.4292381432896064,0.2171527360192423,0.15803738317757,0.1765674755682442
0.2125850340136054,0.1778464254192409,0.1130841121495327,0.8070719602977668,0.2749603803486529,0.1565939022190149,0.7563235662409216,0.7062138402584717,0.4195887991927345,0.205426939266386,0.1426168224299065,0.1649280773031733
0.2062074829931972,0.1663724624889673,0.0864485981308412,0.8162531017369727,0.2777337559429477,0.1419808767815261,0.7499373904332581,0.7009542414907205,0.4138496468213924,0.1982110643415514,0.1346728971962616,0.158120127374547
0.1889172335600907,0.14783759929391,0.064018691588785,0.8342431761786601,0.2626782884310618,0.1224968428648746,0.7429251189581768,0.6929897062138403,0.4065338042381433,0.189792543595911,0.1242990654205607,0.1479082024816075
0.1660997732426303,0.1278684907325684,0.0551401869158878,0.8554590570719603,0.2345483359746434,0.1044560707198267,0.7310293012772351,0.6820196859268164,0.3959384460141271,0.1771647624774503,0.1086915887850467,0.1314373558800922
0.1597222222222222,0.1224624889673433,0.0532710280373833,0.8612903225806452,0.2266244057052298,0.0997654699621143,0.7228900576008014,0.6758584416560222,0.3910191725529768,0.1710012026458208,0.1008411214953271,0.1228725156473042
0.1651077097505669,0.1270962047661077,0.0551401869158878,0.8563275434243177,0.2333597464342313,0.1039148475554753,0.7236413724017029,0.6770606356600796,0.391965186680121,0.1718280216476247,0.1021495327102803,0.1244097946634456
0.171485260770975,0.1327228596646072,0.0579439252336448,0.8503722084367246,0.2412836767036449,0.1089662637560886,0.7297771099423992,0.6822450973025772,0.3958123107971745,0.1758869512928442,0.1077570093457943,0.1313275502360821
0.1692176870748299,0.1310679611650485,0.058411214953271,0.8523573200992557,0.2377179080824089,0.1077034097059354,0.7320310543451038,0.6841235254339169,0.3973259334006054,0.1778412507516536,0.110841121495327,0.1342923026243549
0.1624149659863945,0.124558693733451,0.0528037383177571,0.8589330024813897,0.2305863708399366,0.1013891394551686,0.7283996994740797,0.6805169434217446,0.3943617558022199,0.1743084786530366,0.1063551401869158,0.1288020204238497
0.159438775510204,0.1222418358340688,0.0537383177570091,0.8615384615384617,0.2258320126782884,0.0997654699621143,0.7231404958677685,0.6765346757833044,0.3913975782038345,0.1703247143716175,0.1009345794392523,0.1229823212913143
0.1635487528344671,0.1272065313327448,0.061214953271028,0.8569478908188586,0.2286053882725832,0.1051777016056287,0.7231404958677685,0.6773611841610939,0.3924697275479313,0.1719783523752255,0.1021495327102803,0.1250686285275062
0.1709183673469388,0.1331641659311562,0.0616822429906542,0.8503722084367246,0.2389064976228209,0.110229117806242,0.7302779864763336,0.6822450973025772,0.3960645812310797,0.1768641010222489,0.1074766355140186,0.1315471615241023
0.1704931972789115,0.1320609002647838,0.0588785046728973,0.8511166253101737,0.2393026941362915,0.1086054483131878,0.7336589030803906,0.6841235254339169,0.397452068617558,0.1782170775706554,0.1105607476635514,0.1348413308444054
0.1631235827664399,0.1253309796999117,0.0542056074766354,0.8581885856079404,0.2309825673534072,0.102291178062421,0.7281492612071124,0.6807423547975054,0.3946140262361251,0.1745339747444378,0.1060747663551401,0.1292412429998902
0.1607142857142857,0.1226831421006178,0.0514018691588784,0.8606699751861043,0.2290015847860538,0.0995850622406638,0.722389181066867,0.6766098129085582,0.3912714429868819,0.1710012026458208,0.1014953271028037,0.123750960799385
0.1652494331065759,0.1279788172992056,0.0588785046728973,0.8558312655086848,0.2317749603803486,0.1053581093270792,0.7240170298021538,0.6775114584116012,0.391965186680121,0.1719783523752255,0.1023364485981308,0.1253980454595366
0.171485260770975,0.1336054721977052,0.0616822429906542,0.8498759305210919,0.2396988906497623,0.1104095255276925,0.7287753568745304,0.6821699601773236,0.3960015136226034,0.1765634395670475,0.1076635514018691,0.1315471615241023
0.1704931972789115,0.1320609002647838,0.058411214953271,0.8511166253101737,0.2396988906497623,0.1086054483131878,0.7315301778111696,0.6838229769329026,0.397452068617558,0.1787432351172579,0.1095327102803738,0.134511913912375
0.163407029478458,0.1253309796999117,0.0528037383177571,0.8580645161290323,0.2317749603803486,0.10193036261952,0.7277736038066616,0.6802163949207303,0.3942356205852674,0.1749849669272399,0.105607476635514,0.1289118260678599
0.1598639455782312,0.1227934686672551,0.0542056074766354,0.8610421836228288,0.2266244057052298,0.1001262854050153,0.722389181066867,0.6760087159065293,0.3910191725529768,0.1709260372820204,0.1006542056074766,0.1224332930712638
0.1652494331065759,0.1272065313327448,0.0551401869158878,0.8562034739454095,0.233755942947702,0.1040952552769259,0.7240170298021538,0.6774363212863475,0.3922174571140262,0.1722790138304269,0.102429906542056,0.1248490172394861
0.1704931972789115,0.1327228596646072,0.0616822429906542,0.8507444168734493,0.2381141045958795,0.1096878946418906,0.7294014525419483,0.6819445488015629,0.3956861755802219,0.1767137702946482,0.1077570093457943,0.1307785220160316
0.1645408163265306,0.1249999999999999,0.0481308411214952,0.857816377171216,0.2357369255150554,0.1008479162908171,0.7309040821437515,0.6829213314298594,0.3934788092835519,0.1768641010222489,0.1048598130841121,0.1266059075436477
0.1303854875283446,0.0938879082082966,0.0289719626168222,0.8901985111662531,0.1957210776545166,0.0718022731372902,0.721136989732031,0.6684950033811706,0.3753153380423814,0.1597263980757667,0.0761682242990654,0.0948720764247282
0.0623582766439909,0.0447925860547219,0.0453271028037382,0.9475186104218364,0.0938985736925515,0.0348186902399422,0.7044828449787127,0.6430986550454579,0.3495837537840565,0.1211665664461816,0.0364485981308411,0.045239925332162
0.014314058956916,0.010370697263901,0.0579439252336448,0.9879652605459056,0.0213946117274167,0.0090203860725238,0.7161282243926872,0.6384401532797356,0.3492053481331987,0.1029013830426939,0.005233644859813,0.0085648402327879
0.0300453514739229,0.0232789055604589,0.0607476635514018,0.9738213399503722,0.0423930269413628,0.0202056648024535,0.7798647633358378,0.6857014050642422,0.4124621594349141,0.1478502705953097,0.021214953271028,0.0218513231580103
0.1363378684807256,0.1158428949691085,0.1028037383177568,0.8753101736972706,0.1727416798732171,0.1039148475554753,0.8586275982970197,0.7674505973401458,0.5399848637739656,0.2715724594107035,0.1158878504672897,0.11837048424289
0.2929421768707483,0.2689761694616064,0.2341121495327101,0.7205955334987594,0.3363708399366085,0.254374887245174,0.9177310293012771,0.8534074686302501,0.6865539858728557,0.4539236319903788,0.2893457943925233,0.2739650818052047
0.5024092970521542,0.4782656663724625,0.4299065420560746,0.511166253101737,0.545958795562599,0.4634674364062782,0.9631855747558226,0.9339544669020964,0.8235998990918264,0.6519843656043295,0.4989719626168223,0.477544745799934
0.7199546485260772,0.7081862312444838,0.6869158878504671,0.2867245657568239,0.7412836767036449,0.7010644055565577,0.991359879789632,0.989781350965512,0.9547805247225024,0.8647775105231509,0.7414018691588785,0.7042934006807949
0.9229024943310656,0.9181376875551632,0.9070093457943924,0.0799007444168735,0.931458003169572,0.9150279631968248,0.943526170798898,0.9641595912540384,0.9939455095862764,0.9941371016235718,0.9485981308411214,0.9147908202481608
1.0,1.0,0.9995327102803736,0.0,1.0,1.0,0.7756073127973954,0.8221504245247576,0.8654767911200806,0.9392663860493085,0.9913084112149532,0.9991215548479192
0.9267290249433108,0.9256398940864964,0.9261682242990652,0.0739454094292803,0.9286846275752774,0.9249503878766012,0.5444527923866767,0.609737771432865,0.637991927346115,0.7751052315093205,0.8739252336448597,0.9269792467332822
0.7850056689342403,0.7784642541924097,0.769626168224299,0.2187344913151366,0.7967511885895404,0.7743099404654519,0.3218131730528424,0.3746337065143887,0.407353683148335,0.5781719783523752,0.7106542056074765,0.7791808498956846
0.5973639455782314,0.5803177405119153,0.5495327102803738,0.4122828784119107,0.62797147385103,0.5699079920620601,0.1026796894565489,0.1229994740401231,0.1545787083753783,0.3490679494888755,0.4855140186915887,0.5783463270012078
0.3988095238095238,0.3667255075022065,0.2995327102803738,0.6192307692307693,0.456418383518225,0.3469240483492694,0.0061357375406961,0.0067623412728228,0.013874873864783,0.1531870114251353,0.2616822429906542,0.3648841550455693
0.2301587301587301,0.1872241835834068,0.0953271028037383,0.7940446650124069,0.3074484944532488,0.160743279812376,0.098923115452041,0.0642422420918175,0.031912209889001,0.0290889957907396,0.1147663551401869,0.1901833754254968
0.1377551020408163,0.0957634598411297,0.0121495327102803,0.8859801488833747,0.2131537242472266,0.0699981959227855,0.2794891059353869,0.2195506799909836,0.1265136226034308,0.0053367408298256,0.0433644859813084,0.1004721642692434
0.0860260770975056,0.0549426301853486,0.0107476635514016,0.93151364764268,0.1414421553090332,0.0364423597329965,0.4521662910092661,0.3835750244195657,0.2308905146316851,0.0355532170775706,0.021214953271028,0.056000878445152
0.0793650793650793,0.0574801412180052,0.0429906542056075,0.9330024813895784,0.1188589540412043,0.044560707198268,0.5856498873027798,0.5202494552558419,0.309220484359233,0.0911755862898376,0.0314018691588784,0.0558910728011419
0.1238662131519274,0.0880406001765225,0.0257009345794394,0.8962779156327544,0.1881933438985736,0.0662096337723254,0.6691710493363385,0.6116161995642048,0.3579717457114026,0.1361996392062537,0.0614018691588785,0.0863072361919402
0.1604308390022675,0.1161738746690203,0.0242990654205607,0.8645161290322582,0.2400950871632329,0.0889410066750856,0.718382168795392,0.6626343076113907,0.3853430877901109,0.1647624774503908,0.0925233644859813,0.1200175689030416
0.1635487528344671,0.1235657546337157,0.044859813084112,0.8590570719602978,0.2353407290015847,0.0990438390763124,0.7268970698722764,0.6767600871590653,0.392406659939455,0.1724293445580276,0.102803738317757,0.1263862962556275
0.159438775510204,0.1230141218005295,0.0570093457943923,0.861166253101737,0.2246434231378763,0.1008479162908171,0.7228900576008014,0.6757833045307686,0.3910191725529768,0.1704750450992183,0.1007476635514018,0.1223234874272537
0.1646825396825396,0.1267652250661959,0.0551401869158878,0.8566997518610422,0.23256735340729,0.1037344398340248,0.7238918106686701,0.6773611841610939,0.3922805247225024,0.1723541791942273,0.1025233644859813,0.1246294059514659
0.1727607709750567,0.1329435127978817,0.0546728971962616,0.8496277915632755,0.2444532488114104,0.1086054483131878,0.7290257951414976,0.6821699601773236,0.3961907164480323,0.1773902585688515,0.1083177570093457,0.1313275502360821
0.171485260770975,0.1320609002647838,0.0546728971962616,0.8507444168734493,0.242472266244057,0.1078838174273858,0.7325319308790382,0.6841986625591704,0.3978304742684157,0.1791942273000601,0.1105607476635514,0.1344021082683649
0.1641156462585034,0.1256619593998235,0.0523364485981308,0.8575682382133996,0.2333597464342313,0.102291178062421,0.7277736038066616,0.6802915320459838,0.3945509586276488,0.1746843054720384,0.1057943925233644,0.1289118260678599
0.1605725623582766,0.1235657546337157,0.0551401869158878,0.8602977667493797,0.2270206022187004,0.1010283240122676,0.7216378662659654,0.6757081674055151,0.3905146316851665,0.1710763680096212,0.0999999999999999,0.1219940704952234
0.1646825396825396,0.1277581641659312,0.0598130841121493,0.8560794044665013,0.2309825673534072,0.1053581093270792,0.7233909341347358,0.6767600871590653,0.3913975782038345,0.1722038484666266,0.1019626168224299,0.1241901833754254
0.171343537414966,0.1330538393645189,0.0598130841121493,0.8502481389578164,0.2400950871632329,0.1096878946418906,0.729526671675432,0.6818694116763092,0.396127648839556,0.1766386049308478,0.1077570093457943,0.132315801032173
0.1709183673469388,0.1319505736981465,0.0570093457943923,0.8511166253101737,0.2408874801901743,0.1082446328702868,0.7326571500125219,0.6839732511834097,0.3975782038345106,0.178968731208659,0.1105607476635514,0.1353903590644559
0.1635487528344671,0.1256619593998235,0.0542056074766354,0.857816377171216,0.2317749603803486,0.1024715857838715,0.7290257951414976,0.6801412577954767,0.3945509586276488,0.1752856283824413,0.1064485981308411,0.1293510486439002
0.1598639455782312,0.1227934686672551,0.0546728971962616,0.8610421836228288,0.226228209191759,0.1003066931264658,0.724267468069121,0.6763092644075437,0.3913975782038345,0.1715273601924233,0.1013084112149532,0.1230921269353244
0.1643990929705215,0.1266548984995587,0.055607476635514,0.8568238213399505,0.2321711568938192,0.1037344398340248,0.7248935637365389,0.6769103614095724,0.3922174571140262,0.1722038484666266,0.1028971962616822,0.1252882398155265
0.1696428571428571,0.1323918799646954,0.0626168224299063,0.8513647642679901,0.2365293185419968,0.1096878946418906,0.73015276734285,0.6818694116763092,0.3958753784056508,0.1767137702946482,0.1085981308411214,0.1311079389480619
0.1697845804988662,0.1319505736981465,0.0607476635514018,0.8516129032258065,0.2377179080824089,0.1089662637560886,0.7316553969446532,0.6838229769329026,0.397452068617558,0.1784425736620565,0.1111214953271027,0.1331942461842538
0.1638321995464852,0.1257722859664606,0.0542056074766354,0.8575682382133996,0.2321711568938192,0.102651993505322,0.7280240420736288,0.6800661206702231,0.3948032290615539,0.1750601322910402,0.1067289719626168,0.1292412429998902
0.1598639455782312,0.1225728155339806,0.0532710280373833,0.861166253101737,0.2270206022187004,0.0997654699621143,0.7237665915351865,0.6759335787812758,0.3913345105953582,0.1713018641010222,0.1020560747663551,0.1227627100032941
0.1652494331065759,0.1275375110326566,0.0565420560747661,0.8559553349875932,0.2329635499207606,0.1046364784412772,0.7240170298021538,0.6763844015327972,0.3917759838546922,0.1715273601924233,0.1020560747663551,0.1230921269353244
0.1724773242630385,0.1337157987643424,0.0588785046728973,0.8493796526054591,0.2420760697305863,0.1100487100847916,0.7302779864763336,0.6815688631752949,0.3960015136226034,0.1766386049308478,0.1072897196261682,0.1313275502360821
0.1704931972789115,0.1325022065313327,0.0602803738317755,0.8509925558312657,0.2389064976228209,0.1093270791989896,0.7331580265464563,0.6834472913066345,0.3980196770938446,0.178968731208659,0.1095327102803738,0.1349511364884155
0.1638321995464852,0.1264342453662842,0.0565420560747661,0.857196029776675,0.2309825673534072,0.1037344398340248,0.7281492612071124,0.6798407092944624,0.3951185671039354,0.1758117859290439,0.1058878504672897,0.1290216317118699
0.1598639455782312,0.1229037952338922,0.0542056074766354,0.8610421836228288,0.226228209191759,0.1003066931264658,0.7225144002003506,0.6755578931550079,0.3917759838546922,0.1713018641010222,0.1023364485981308,0.123750960799385
0.1649659863945578,0.1266548984995587,0.0537383177570091,0.8565756823821341,0.233755942947702,0.1033736243911238,0.7241422489356374,0.6775865955368547,0.3925958627648839,0.1726548406494287,0.1030841121495327,0.1256176567475568
0.1707766439909297,0.1320609002647838,0.0574766355140186,0.8511166253101737,0.2400950871632329,0.1084250405917373,0.7290257951414976,0.6821699601773236,0.3960645812310797,0.1768641010222489,0.1083177570093457,0.1309981333040518
0.1686507936507936,0.1316195939982347,0.0621495327102805,0.8522332506203475,0.2353407290015847,0.1089662637560886,0.7320310543451038,0.6838981140581561,0.3977043390514631,0.1790438965724594,0.1107476635514018,0.1341824969803448
0.1618480725623582,0.1261032656663724,0.0616822429906542,0.8583126550868487,0.2258320126782884,0.1044560707198267,0.7285249186075632,0.6798407092944624,0.3944248234106962,0.1751352976548406,0.1060747663551401,0.1288020204238497
0.159297052154195,0.1231244483671668,0.0574766355140186,0.8610421836228288,0.2242472266244057,0.1012087317337181,0.7232657150012521,0.6762341272822902,0.3909561049445005,0.1712266987372218,0.1018691588785046,0.1236411551553749
0.1646825396825396,0.1274271844660194,0.0579439252336448,0.8563275434243177,0.231378763866878,0.1048168861627277,0.7227648384673178,0.6765346757833044,0.3917759838546922,0.1717528562838244,0.1026168224299065,0.1232019325793346
0.1712018140589569,0.1322815533980582,0.0570093457943923,0.8507444168734493,0.2408874801901743,0.1086054483131878,0.7290257951414976,0.681343451799534,0.3958753784056508,0.1769392663860493,0.108411214953271,0.1301196881519709
0.173469387755102,0.1344880847308031,0.0588785046728973,0.8485111662531017,0.2436608557844691,0.110589933249143,0.7327823691460055,0.6863776391915245,0.4012361251261352,0.1828021647624774,0.1130841121495327,0.1360491929285165
0.1799886621315192,0.1396734333627537,0.0593457943925235,0.8428039702233252,0.2523771790808241,0.1149197185639544,0.7355371900826446,0.6920129235855434,0.4131559031281533,0.1933253156945279,0.1190654205607476,0.1407708356209509
0.1924603174603174,0.1507060900264784,0.0654205607476637,0.8310173697270472,0.26743264659271,0.1252029586866318,0.74129727022289,0.699226087609888,0.4278506559031281,0.2079073962717979,0.1290654205607476,0.1468101460415065
0.213718820861678,0.1716681376875551,0.0836448598130842,0.8100496277915633,0.2892234548335974,0.1457694389319862,0.7516904583020285,0.7126004959050267,0.4469601412714429,0.2267739025856885,0.1451401869158878,0.1609750741188096
0.2352607709750567,0.1929611650485437,0.1028037383177568,0.7885856079404467,0.3110142630744849,0.1670575500631426,0.7663410969196093,0.730407994590127,0.4702320887991926,0.2502254960914011,0.1657943925233644,0.180740090040628
0.2563775510204081,0.2112753751103266,0.1107476635514019,0.7691066997518611,0.3371632329635499,0.1834746527151361,0.7796143250688705,0.7464122022691411,0.4928733602421796,0.2730757666867107,0.1835514018691588,0.1979795761502141
0.2655895691609977,0.220873786407767,0.1210280373831774,0.7596774193548388,0.3458795562599049,0.193216669673462,0.7863761582769847,0.755353520174318,0.5087663975782037,0.2881840048105832,0.1938317757009345,0.2059953881629515
0.2790532879818594,0.2341129744042365,0.1327102803738319,0.7462779156327545,0.3597464342313787,0.2063864333393469,0.7906336088154269,0.7642197009542414,0.5253531786074672,0.3036680697534576,0.2042990654205607,0.2143406171077193
0.3014455782312925,0.256729920564872,0.1542056074766352,0.723697270471464,0.3819334389857369,0.2289373985206567,0.8019033308289506,0.7784206176271696,0.5462916246215942,0.324789536981359,0.221214953271028,0.2294937959811133
0.3249716553287982,0.2796778464254192,0.1742990654205607,0.700620347394541,0.4064976228209191,0.2516687714234168,0.8185574755822689,0.7970546246900594,0.5689959636730575,0.3486169573060733,0.2425233644859813,0.2492588119029317
0.338718820861678,0.2932480141218005,0.1864485981308411,0.686848635235732,0.4203645007923929,0.2651993505322028,0.8307037315301777,0.8105041701104515,0.5893037336024217,0.3690619362597715,0.2580373831775701,0.2629845174041945
0.3470804988662131,0.3029567519858782,0.200467289719626,0.6777915632754343,0.4263074484944533,0.2756629983763304,0.8334585524668169,0.8163648658802313,0.6030524722502523,0.3825165363800361,0.266822429906542,0.2694630504007906
0.3595521541950113,0.3145410414827891,0.2079439252336448,0.6658808933002482,0.4401743264659271,0.2866678693848097,0.8370899073378412,0.823352618528815,0.615981331987891,0.3944678292242934,0.2749532710280373,0.2751729438893159
0.3776927437641723,0.3307590467784642,0.216822429906542,0.6487593052109182,0.4619651347068145,0.3016417102651993,0.8468569997495617,0.835750244195657,0.6312436932391523,0.4109290438965724,0.2885046728971962,0.2874711760184473
0.3961167800453514,0.3473080317740512,0.2266355140186916,0.6313895781637717,0.4833597464342313,0.3169763665884899,0.8585023791635361,0.8491246524907956,0.6488395560040363,0.4277660853878532,0.3049532710280374,0.3008674645876797
0.4040532879818594,0.3552515445719329,0.2336448598130838,0.6234491315136477,0.4916798732171156,0.3249143063323109,0.8681442524417731,0.8585167931474941,0.6627774974772956,0.4415965123271196,0.3166355140186915,0.3137147249368617
0.4083049886621315,0.3592233009708738,0.2364485981308412,0.6193548387096774,0.4964342313787638,0.328702868482771,0.8687703481091911,0.8603952212788338,0.6684535822401614,0.4483613950691521,0.3182242990654205,0.3158010321730536
0.411281179138322,0.362864077669903,0.2420560747663552,0.6160049627791564,0.4984152139461172,0.3326718383546816,0.8677685950413222,0.8617476895333984,0.6722376387487385,0.4515183403487672,0.3200934579439252,0.3160206434610739
0.4158163265306122,0.3716902030008826,0.264485981308411,0.6090570719602978,0.4948494453248811,0.3442179325275121,0.8705234159779615,0.8662559170486137,0.6797426841574167,0.4582080577269994,0.325607476635514,0.3228285933897002
0.4247448979591837,0.3791924095322154,0.2668224299065421,0.6009925558312655,0.5063391442155308,0.3508930182211798,0.8770348109191084,0.8717409271921256,0.6867431886982844,0.4650481058328322,0.3327102803738317,0.3299659602503568
0.4241780045351474,0.3779788172992057,0.2635514018691589,0.6018610421836229,0.5071315372424722,0.3492693487281256,0.8796644127222639,0.8749718235780298,0.688193743693239,0.4672279013830427,0.3344859813084112,0.332381684418579
0.4172335600907029,0.3715798764342453,0.2593457943925233,0.6084367245657569,0.4992076069730585,0.3433158939202598,0.8749060856498874,0.8698624990607858,0.6847250252270434,0.4632441371016236,0.3303738317757009,0.326891402218074
0.4115646258503401,0.3658428949691085,0.2537383177570093,0.6141439205955336,0.4936608557844691,0.337362439112394,0.869396443776609,0.8643023517920204,0.67696770938446,0.4561785929043896,0.3225233644859813,0.3186559789173163
0.4151077097505669,0.3659532215357458,0.2429906542056072,0.6126550868486352,0.5031695721077654,0.3353779541764387,0.8678938141748058,0.8618979637839056,0.6714808274470231,0.4512928442573662,0.3198130841121495,0.3147029757329526
0.4124149659863945,0.3639673433362754,0.2429906542056072,0.6148883374689827,0.4996038034865293,0.333934692404835,0.8697721011770598,0.8612968667818769,0.6682643794147326,0.4480607336139507,0.3187850467289719,0.3164598660371143
0.4015022675736961,0.3524933804060018,0.230373831775701,0.6261786600496279,0.4893026941362915,0.3220277827891034,0.8673929376408716,0.8568637763919152,0.6596241170534812,0.4388153938665062,0.314018691588785,0.31184802898869
0.3859126984126984,0.3375992939099735,0.2186915887850465,0.6413151364764268,0.472662440570523,0.3075951650730651,0.8562484347608313,0.8461191674806521,0.6444878910191725,0.4237071557426338,0.2997196261682242,0.2977929065553969
0.3706065759637189,0.3228155339805825,0.2065420560747661,0.6563275434243178,0.456418383518225,0.2931625473570268,0.8434760831455046,0.832293936433992,0.6275857719475276,0.4067197835237522,0.2837383177570093,0.2834083671900735
0.3619614512471655,0.3142100617828773,0.1985981308411214,0.6648883374689827,0.44770206022187,0.2846833844488543,0.836213373403456,0.8223006987752648,0.6134586276488394,0.3922880336740829,0.2729906542056074,0.2739650818052047
0.3518990929705215,0.3060458958517211,0.1971962616822427,0.6739454094292805,0.4342313787638668,0.2776474833122856,0.8338342098672678,0.8165151401307386,0.6009712411705347,0.381464221286831,0.2663551401869158,0.2696826616888108
0.3346088435374149,0.2899382171226832,0.1859813084112148,0.6905707196029777,0.4148177496038034,0.262312826988995,0.8280741297270223,0.8080997821023367,0.5850151362260342,0.3653036680697534,0.2553271028037382,0.2612276271000329
0.3136337868480726,0.2682038834951457,0.1626168224299066,0.7119106699751862,0.39540412044374,0.2401226772505862,0.8156774355121462,0.7927718085506047,0.5632568113017153,0.3433553818400481,0.2377570093457943,0.2438783353464367
0.2943594104308389,0.2485657546337158,0.1434579439252336,0.73151364764268,0.3763866877971473,0.2202778278910337,0.7998998246932131,0.7750394469907581,0.5413723511604439,0.3205051112447384,0.2170093457943925,0.2244427363566487
0.2800453514739229,0.234333627537511,0.1303738317757007,0.7457816377171216,0.3621236133122029,0.2060256178964459,0.7908840470823941,0.7629423698249304,0.5223259334006054,0.3014882742032471,0.2022429906542056,0.2121445042275172
0.2695578231292517,0.2247352162400706,0.1242990654205606,0.7557071960297768,0.3502377179080824,0.1971856395453725,0.7860005008765338,0.7552032459238109,0.5060544904137234,0.2869061936259771,0.1919626168224298,0.2052267486548808
0.2517006802721088,0.2077449249779347,0.111682242990654,0.7730769230769232,0.3304278922345482,0.180768536893379,0.7784873528675181,0.7434818543842513,0.4875126135216951,0.269167167769092,0.1804672897196261,0.1938069616778302
0.2250566893424036,0.1822594880847308,0.0911214953271027,0.7991315136476428,0.3019017432646593,0.1558722713332131,0.7639619333834209,0.7257494928244045,0.4643037336024218,0.2444377630787732,0.1606542056074766,0.1739321401120017
0.2062074829931972,0.1640556045895851,0.0761682242990653,0.8176178660049629,0.2816957210776545,0.1381923146310662,0.7474330077635862,0.7086933653918401,0.4421039354187689,0.2224143114852675,0.1405607476635514,0.1560338201383551
0.1937358276643991,0.1516990291262135,0.0649532710280374,0.8300248138957816,0.2690174326465926,0.1259245895724336,0.7390433258201853,0.6978736193553234,0.4248234106962663,0.2051262778111846,0.1270093457943925,0.1448336444493246
0.1853741496598639,0.1437555163283318,0.0588785046728973,0.838089330024814,0.259904912836767,0.1183474652715136,0.735411970949161,0.691562100834022,0.410443995963673,0.1921978352375225,0.1185046728971962,0.1398923904688701
0.1724773242630385,0.1330538393645189,0.0560747663551403,0.8497518610421837,0.2432646592709983,0.1089662637560886,0.7327823691460055,0.6853257194379743,0.3998486377396568,0.1815243535778713,0.1125233644859813,0.135500164708466
0.1636904761904762,0.1251103265666372,0.0518691588785046,0.8580645161290323,0.23256735340729,0.1017499548980696,0.728900576008014,0.6799158464197159,0.3944878910191725,0.1755111244738424,0.1065420560747663,0.1292412429998902
0.159297052154195,0.122352162400706,0.0542056074766354,0.8615384615384617,0.2254358161648177,0.0999458776835648,0.7225144002003506,0.6756330302802614,0.391082240161453,0.1711515333734215,0.1011214953271028,0.1233117382233446
0.1641156462585034,0.1270962047661077,0.058411214953271,0.8566997518610422,0.2305863708399366,0.1044560707198267,0.7226396193338342,0.6768352242843189,0.3920282542885973,0.171677690920024,0.1021495327102803,0.1246294059514659
0.171343537414966,0.1329435127978817,0.0588785046728973,0.8503722084367246,0.2404912836767035,0.1093270791989896,0.7297771099423992,0.6817191374258021,0.3958123107971745,0.1770144317498496,0.1077570093457943,0.1304491050840013
0.1690759637188208,0.1319505736981465,0.0626168224299063,0.8518610421836229,0.2357369255150554,0.1093270791989896,0.7332832456799399,0.6839732511834097,0.3971367305751765,0.1790438965724594,0.1100934579439252,0.1339628856923246
0.1622732426303854,0.1253309796999117,0.0570093457943923,0.858560794044665,0.2286053882725832,0.1028324012267725,0.728274480340596,0.6799909835449696,0.3941725529767911,0.1752856283824413,0.1063551401869158,0.1289118260678599
0.1591553287981859,0.1225728155339806,0.0560747663551403,0.8615384615384617,0.2246434231378763,0.1003066931264658,0.722389181066867,0.6759335787812758,0.3908299697275479,0.1707005411906193,0.1014953271028037,0.1232019325793346
0.1645408163265306,0.1273168578993821,0.0579439252336448,0.8564516129032258,0.231378763866878,0.1046364784412772,0.7232657150012521,0.6767600871590653,0.392406659939455,0.1718280216476247,0.1018691588785046,0.1242999890194356
0.1706349206349206,0.1327228596646072,0.061214953271028,0.8507444168734493,0.2385103011093502,0.1096878946418906,0.7286501377410468,0.6818694116763092,0.3957492431886982,0.176262778111846,0.1072897196261682,0.1304491050840013
0.1690759637188208,0.1313989408649603,0.0602803738317755,0.8521091811414393,0.2369255150554675,0.1084250405917373,0.7322814926120711,0.6841986625591704,0.3969475277497477,0.178141912206855,0.1106542056074766,0.1328648292522235
0.1629818594104308,0.1251103265666372,0.0537383177570091,0.8583126550868487,0.2309825673534072,0.1021107703409705,0.7283996994740797,0.6802915320459838,0.3945509586276488,0.1751352976548406,0.1069158878504672,0.1275941583397386
0.1595804988662131,0.1224624889673433,0.0537383177570091,0.8614143920595534,0.226228209191759,0.0997654699621143,0.7228900576008014,0.6763092644075437,0.3910191725529768,0.1713770294648226,0.1014018691588785,0.1230921269353244
0.1639739229024943,0.1265445719329214,0.0565420560747661,0.8570719602977668,0.2309825673534072,0.1037344398340248,0.7243926872026045,0.6773611841610939,0.3913345105953582,0.1718280216476247,0.1018691588785046,0.1241901833754254
0.1707766439909297,0.1329435127978817,0.061214953271028,0.8506203473945411,0.2385103011093502,0.1098683023633411,0.73015276734285,0.6823953715530843,0.3957492431886982,0.1770144317498496,0.1087850467289719,0.1313275502360821
0.1696428571428571,0.131288614298323,0.0574766355140186,0.8519851116625311,0.2389064976228209,0.1077034097059354,0.7327823691460055,0.6839732511834097,0.3975782038345106,0.178968731208659,0.1114953271028037,0.1333040518282639
0.1629818594104308,0.1248896734333627,0.0523364485981308,0.858560794044665,0.2317749603803486,0.1015695471766191,0.728274480340596,0.6803666691712374,0.3947401614530776,0.1751352976548406,0.1069158878504672,0.1281431865597891
0.1588718820861678,0.1218005295675198,0.0532710280373833,0.8620347394540944,0.2254358161648177,0.0992242467977629,0.721763085399449,0.6761589901570365,0.391082240161453,0.1711515333734215,0.1020560747663551,0.1219940704952234
0.1643990929705215,0.1272065313327448,0.0579439252336448,0.8565756823821341,0.2309825673534072,0.1046364784412772,0.7237665915351865,0.6770606356600796,0.3917759838546922,0.1721286831028262,0.1025233644859813,0.1227627100032941
0.1707766439909297,0.1327228596646072,0.0607476635514018,0.8506203473945411,0.2389064976228209,0.1095074869204401,0.7309040821437515,0.68209482305207,0.396127648839556,0.17708959711365,0.1081308411214953,0.1302294937959811
0.1689342403628118,0.1318402471315092,0.0626168224299063,0.8519851116625311,0.2353407290015847,0.1093270791989896,0.7329075882794891,0.6843489368096776,0.3976412714429868,0.1791190619362597,0.1105607476635514,0.1341824969803448
0.1619897959183673,0.1257722859664606,0.0598130841121493,0.8584367245657568,0.2270206022187004,0.1037344398340248,0.7285249186075632,0.6799909835449696,0.3951816347124116,0.1753607937462417,0.1064485981308411,0.1285824091358296
0.159438775510204,0.1230141218005295,0.0565420560747661,0.861166253101737,0.225039619651347,0.1008479162908171,0.7226396193338342,0.6755578931550079,0.3912714429868819,0.1703247143716175,0.1008411214953271,0.1228725156473042
0.1648242630385487,0.1277581641659312,0.0588785046728973,0.8560794044665013,0.231378763866878,0.1051777016056287,0.7233909341347358,0.6769103614095724,0.3917759838546922,0.1720535177390258,0.1017757009345794,0.1246294059514659
0.1702097505668934,0.1330538393645189,0.0635514018691588,0.8507444168734493,0.2369255150554675,0.1104095255276925,0.7292762334084647,0.6822450973025772,0.3957492431886982,0.1766386049308478,0.1079439252336448,0.131217744592072
0.169359410430839,0.1311782877316858,0.058411214953271,0.8522332506203475,0.2381141045958795,0.1078838174273858,0.7317806160781366,0.6836727026823952,0.397452068617558,0.177916416115454,0.1097196261682243,0.1329746348962336
0.1629818594104308,0.1253309796999117,0.0551401869158878,0.8581885856079404,0.2305863708399366,0.1024715857838715,0.7286501377410468,0.6800661206702231,0.3949924318869828,0.1746091401082381,0.1059813084112149,0.128033380915779
0.159297052154195,0.1231244483671668,0.0574766355140186,0.8610421836228288,0.2242472266244057,0.1012087317337181,0.7238918106686701,0.6763092644075437,0.3920282542885973,0.1714521948286229,0.101214953271028,0.1232019325793346
0.1642573696145124,0.1277581641659312,0.0607476635514018,0.8563275434243177,0.2297939778129952,0.1055385170485296,0.7248935637365389,0.6768352242843189,0.3923435923309787,0.1723541791942273,0.1021495327102803,0.1236411551553749
0.169501133786848,0.1320609002647838,0.061214953271028,0.8516129032258065,0.2369255150554675,0.1091466714775391,0.729526671675432,0.68209482305207,0.3962537840565086,0.1771647624774503,0.1077570093457943,0.1303392994399912
0.1697845804988662,0.1315092674315975,0.0579439252336448,0.8517369727047146,0.2389064976228209,0.1080642251488363,0.7317806160781366,0.6835975655571417,0.3975151362260343,0.1787432351172579,0.1094392523364485,0.1326452179642033
0.1631235827664399,0.1253309796999117,0.0542056074766354,0.8581885856079404,0.2309825673534072,0.102291178062421,0.7291510142749812,0.6794650236681944,0.3944878910191725,0.1752856283824413,0.105233644859813,0.1279235752717689
0.1598639455782312,0.1227934686672551,0.0542056074766354,0.8610421836228288,0.226228209191759,0.1003066931264658,0.7226396193338342,0.675332481779247,0.391082240161453,0.1710763680096212,0.1005607476635514,0.1219940704952234
0.1651077097505669,0.1273168578993821,0.0560747663551403,0.8562034739454095,0.2329635499207606,0.1042756629983762,0.7231404958677685,0.6775114584116012,0.3924697275479313,0.1722790138304269,0.1019626168224299,0.1239705720874052
0.1702097505668934,0.1334951456310679,0.0654205607476637,0.8504962779156328,0.2361331220285261,0.1111311564134945,0.7300275482093664,0.6823202344278307,0.3965060544904136,0.1771647624774503,0.1074766355140186,0.1308883276600417
0.1697845804988662,0.1322815533980582,0.0621495327102805,0.8513647642679901,0.2369255150554675,0.1095074869204401,0.7332832456799399,0.6838981140581561,0.3978304742684157,0.1788935658448587,0.1099065420560747,0.133413857472274
0.1639739229024943,0.1256619593998235,0.0528037383177571,0.8576923076923078,0.23256735340729,0.102291178062421,0.7273979464062108,0.6799909835449696,0.3946140262361251,0.1750601322910402,0.1055140186915887,0.1282529922037993
0.1600056689342403,0.1231244483671668,0.0551401869158878,0.8607940446650124,0.226228209191759,0.1006675085693668,0.722389181066867,0.6763092644075437,0.3917129162462159,0.17085087191822,0.1009345794392523,0.1228725156473042
0.1641156462585034,0.1275375110326566,0.0602803738317755,0.8565756823821341,0.2297939778129952,0.1053581093270792,0.7235161532682193,0.6773611841610939,0.3921543895055499,0.1719031870114251,0.1023364485981308,0.1245196003074558
0.1712018140589569,0.1323918799646954,0.0574766355140186,0.8507444168734493,0.2408874801901743,0.1086054483131878,0.7304032056098171,0.6823202344278307,0.3963799192734611,0.1770144317498496,0.1076635514018691,0.1311079389480619
0.1700680272108843,0.1318402471315092,0.0588785046728973,0.8514888337468983,0.2389064976228209,0.1084250405917373,0.7329075882794891,0.6838981140581561,0.3977674066599394,0.1788935658448587,0.1098130841121495,0.133413857472274
0.163407029478458,0.1258826125330979,0.055607476635514,0.8576923076923078,0.2309825673534072,0.103012808948223,0.7281492612071124,0.6799158464197159,0.3947401614530776,0.1753607937462417,0.1057943925233644,0.1277039639837487
0.1601473922902494,0.1224624889673433,0.0518691588785046,0.8610421836228288,0.2278129952456418,0.0994046545192134,0.7228900576008014,0.6761589901570365,0.3912083753784056,0.1712266987372218,0.1013084112149532,0.122652904359284
0.1639739229024943,0.1268755516328332,0.0579439252336448,0.8569478908188586,0.2305863708399366,0.1042756629983762,0.7235161532682193,0.6769103614095724,0.3918390514631684,0.1722038484666266,0.1022429906542056,0.1236411551553749
0.1710600907029478,0.1328331862312445,0.0598130841121493,0.8504962779156328,0.2396988906497623,0.1095074869204401,0.7304032056098171,0.6816440003005484,0.3961907164480323,0.1777660853878532,0.1079439252336448,0.1308883276600417
0.1704931972789115,0.1320609002647838,0.0588785046728973,0.8511166253101737,0.2393026941362915,0.1086054483131878,0.734159779614325,0.6838981140581561,0.3978304742684157,0.1794197233914612,0.1099065420560747,0.1337432744043043
0.1625566893424036,0.1252206531332744,0.055607476635514,0.858560794044665,0.2293977812995245,0.1024715857838715,0.7287753568745304,0.6798407092944624,0.3951816347124116,0.1749098015634395,0.1054205607476635,0.1283627978478093
0.1601473922902494,0.1219108561341571,0.0495327102803739,0.8614143920595534,0.2286053882725832,0.0986830236334114,0.7237665915351865,0.6762341272822902,0.3917129162462159,0.1713018641010222,0.1011214953271028,0.1229823212913143
0.1652494331065759,0.1273168578993821,0.0560747663551403,0.8560794044665013,0.2333597464342313,0.1042756629983762,0.725144002003506,0.6773611841610939,0.3922805247225024,0.1728803367408298,0.1015887850467289,0.1241901833754254
0.1707766439909297,0.1328331862312445,0.0607476635514018,0.8506203473945411,0.2389064976228209,0.1096878946418906,0.7310293012772351,0.6823202344278307,0.3962537840565086,0.1775405892964522,0.1079439252336448,0.1308883276600417
0.1697845804988662,0.1316195939982347,0.058411214953271,0.8517369727047146,0.2385103011093502,0.1082446328702868,0.7327823691460055,0.6841235254339169,0.3976412714429868,0.1788935658448587,0.1106542056074766,0.1337432744043043
0.163265306122449,0.1256619593998235,0.0551401869158878,0.8579404466501241,0.2309825673534072,0.1028324012267725,0.7285249186075632,0.6803666691712374,0.3951816347124116,0.1750601322910402,0.1057009345794392,0.1286922147798396
0.1598639455782312,0.1225728155339806,0.0532710280373833,0.861166253101737,0.2266244057052298,0.0999458776835648,0.7218883045329325,0.6756330302802614,0.3912083753784056,0.1709260372820204,0.1003738317757009,0.1225430987152739
0.1648242630385487,0.1270962047661077,0.0560747663551403,0.8564516129032258,0.23256735340729,0.1040952552769259,0.7231404958677685,0.6772860470358404,0.3917129162462159,0.1718280216476247,0.1019626168224299,0.1244097946634456
0.1707766439909297,0.1325022065313327,0.0588785046728973,0.8508684863523573,0.2396988906497623,0.1089662637560886,0.7291510142749812,0.6823202344278307,0.3954969727547931,0.17708959711365,0.1087850467289719,0.1304491050840013
0.169501133786848,0.1319505736981465,0.061214953271028,0.8516129032258065,0.2369255150554675,0.1089662637560886,0.7325319308790382,0.684273799684424,0.3978304742684157,0.1794197233914612,0.1114953271028037,0.1333040518282639
0.1618480725623582,0.1249999999999999,0.0570093457943923,0.8589330024813897,0.2278129952456418,0.102651993505322,0.7272727272727273,0.6802163949207303,0.3948662966700302,0.1755111244738424,0.1063551401869158,0.1284726034918194
0.1590136054421768,0.1221315092674315,0.0542056074766354,0.861786600496278,0.225039619651347,0.0997654699621143,0.7233909341347358,0.6755578931550079,0.3912083753784056,0.1713018641010222,0.1013084112149532,0.1227627100032941
0.1648242630385487,0.1272065313327448,0.0565420560747661,0.8563275434243177,0.23256735340729,0.1042756629983762,0.7237665915351865,0.6762341272822902,0.3920282542885973,0.1718280216476247,0.1021495327102803,0.1244097946634456
0.171485260770975,0.1329435127978817,0.0588785046728973,0.8502481389578164,0.2404912836767035,0.1095074869204401,0.7302779864763336,0.6815688631752949,0.3964429868819373,0.1774654239326518,0.1085981308411214,0.1318765784561326
0.1706349206349206,0.1325022065313327,0.0593457943925235,0.8508684863523573,0.2393026941362915,0.1091466714775391,0.7330328074129727,0.6841235254339169,0.398335015136226,0.1796452194828622,0.1114018691588785,0.135500164708466
0.175595238095238,0.1363636363636363,0.0598130841121493,0.8465260545905707,0.2460380348652932,0.1123940104636478,0.7359128474830954,0.6860770906905101,0.40098385469223,0.1825766686710763,0.1157943925233644,0.1381355001647084
0.1883503401360544,0.15103706972639,0.0799065420560748,0.8327543424317618,0.2551505546751189,0.1282698899512898,0.7409216128224392,0.6909610038319934,0.4069752774974772,0.1895670475045099,0.1245794392523364,0.1457120896014055
0.2064909297052154,0.1731023830538394,0.1135514018691589,0.8122828784119107,0.2666402535657686,0.1528053400685548,0.7535687453042825,0.7022315726200314,0.4171291624621593,0.2013680096211665,0.1399065420560747,0.1604260458987592
0.2287414965986394,0.1969329214474846,0.1411214953271028,0.7892059553349877,0.286053882725832,0.1775211979072703,0.7702228900576007,0.7174092719212563,0.4316977800201816,0.2182050511124474,0.1599065420560747,0.1798616448885472
0.2431972789115646,0.2131509267431597,0.1616822429906541,0.7738213399503723,0.2975435816164817,0.1948403391665163,0.7827448034059604,0.7290555263355624,0.443239152371342,0.2327871316897173,0.1777570093457944,0.1961128802020423
0.2505668934240363,0.222197705207414,0.1761682242990652,0.7655086848635236,0.3015055467511885,0.204943171567743,0.7905083896819434,0.7336388909760312,0.4477800201816347,0.2384996993385448,0.1847663551401869,0.2006149116064565
0.2565192743764172,0.2320167696381288,0.197663551401869,0.7573200992555832,0.3007131537242472,0.2172108966263756,0.7931379914850989,0.7382222556165,0.4520055499495458,0.2436861094407697,0.1905607476635513,0.2052267486548808
0.2740929705215419,0.247793468667255,0.2065420560747661,0.7408188585607941,0.3217115689381933,0.2318239220638642,0.8009015777610818,0.7447591855135622,0.4579969727547931,0.2506013229104029,0.1999999999999999,0.2148896453277698
0.2872732426303855,0.2602603706972639,0.2163551401869158,0.7280397022332507,0.3359746434231379,0.2439112394010463,0.8114199849737039,0.753174543541964,0.4651866801210897,0.2593956704750451,0.2108411214953271,0.2270780718128911
0.2874149659863945,0.2627978817299205,0.2266355140186916,0.7264267990074442,0.3316164817749604,0.2480606169944072,0.8158026546456298,0.7574573596814185,0.4694752774974772,0.2645820805772699,0.2176635514018691,0.2338860217415174
0.2797619047619047,0.2538614298323036,0.2144859813084112,0.7348635235732011,0.3260697305863708,0.2383186000360815,0.8109191084397696,0.7524231722894281,0.4650605449041372,0.2587191822008418,0.2106542056074766,0.2263094323048204
0.2732426303854875,0.2464695498676081,0.2042056074766354,0.7419354838709677,0.3213153724247227,0.2303806602922604,0.8015276734284998,0.7445337741378015,0.4579969727547931,0.2507516536380035,0.2003738317757009,0.21510925661579
0.2648809523809524,0.2407325684024713,0.2070093457943924,0.7487593052109183,0.3082408874801902,0.2262312826988995,0.7953919358878037,0.741528289127658,0.4537714429868819,0.2458659049909801,0.1938317757009345,0.2101680026353354
0.2604875283446712,0.2336716681376875,0.192056074766355,0.7547146401985112,0.3086370839936608,0.2173913043478261,0.7943901828199349,0.738597941242768,0.4513118062563067,0.2426337943475646,0.1895327102803738,0.2070934446030526
0.2458900226757369,0.2180052956751985,0.1733644859813083,0.7698511166253103,0.2963549920760697,0.201154609417283,0.7870022539444027,0.730933954466902,0.4453203834510595,0.2357185808779314,0.1807476635514018,0.1985286043702646
0.2253401360544217,0.1946160635481024,0.1429906542056074,0.7919354838709678,0.2805071315372425,0.1760779361356666,0.7719759579263711,0.7183860545495528,0.4327068617558021,0.2209110042092603,0.1630841121495327,0.1811793126166684
0.2069160997732426,0.1736540158870256,0.1144859813084109,0.8119106699751861,0.2666402535657686,0.1533465632329063,0.7559479088404708,0.7045608235028927,0.4190842583249242,0.204600120264582,0.1418691588785046,0.1629515757109915
0.1968537414965986,0.159973521624007,0.0897196261682244,0.8239454094292805,0.2630744849445325,0.1374706837452642,0.7455547207613323,0.6962957397249981,0.4101917255297678,0.1946031268791341,0.1293457943925233,0.1503239266498298
0.1882086167800453,0.1481685789938217,0.0682242990654206,0.8343672456575683,0.259904912836767,0.1235792891935774,0.74129727022289,0.6911864152077541,0.4052093844601412,0.187913409500902,0.1211214953271028,0.1443944218732843
0.1729024943310657,0.1344880847308031,0.0607476635514018,0.8487593052109181,0.2420760697305863,0.110950748692044,0.7352867518156774,0.6856262679389886,0.3994071644803229,0.1814491882140709,0.1128971962616822,0.1368178324365872
0.1621315192743764,0.1251103265666372,0.0565420560747661,0.8588089330024815,0.2286053882725832,0.1024715857838715,0.7294014525419483,0.6799158464197159,0.3946770938446014,0.1753607937462417,0.1059813084112149,0.1288020204238497
0.159297052154195,0.1225728155339806,0.0551401869158878,0.8614143920595534,0.2254358161648177,0.1001262854050153,0.7235161532682193,0.6758584416560222,0.391523713420787,0.1713770294648226,0.101214953271028,0.1235313495113649
0.1643990929705215,0.1275375110326566,0.0593457943925235,0.8564516129032258,0.2305863708399366,0.1049972938841782,0.7246431254695717,0.6769103614095724,0.3924697275479313,0.1722038484666266,0.1015887850467289,0.1246294059514659
0.1706349206349206,0.1331641659311562,0.0626168224299063,0.8504962779156328,0.2381141045958795,0.110229117806242,0.7305284247433007,0.6819445488015629,0.3961907164480323,0.1767137702946482,0.1076635514018691,0.1324256066761831
0.1690759637188208,0.1320609002647838,0.0630841121495325,0.8517369727047146,0.2357369255150554,0.1095074869204401,0.7327823691460055,0.6841986625591704,0.3976412714429868,0.1786680697534576,0.1102803738317756,0.1348413308444054
0.1618480725623582,0.1253309796999117,0.058411214953271,0.8586848635235733,0.2274167987321711,0.103012808948223,0.7278988229401452,0.6805920805469982,0.3944878910191725,0.1758869512928442,0.1062616822429906,0.1296804655759306
0.1585884353741496,0.1221315092674315,0.055607476635514,0.8620347394540944,0.223851030110935,0.0999458776835648,0.7228900576008014,0.6756330302802614,0.3908299697275479,0.1715273601924233,0.1001869158878504,0.1234215438673547
0.1638321995464852,0.1262135922330097,0.055607476635514,0.8573200992555832,0.231378763866878,0.1033736243911238,0.7230152767342849,0.6767600871590653,0.3919021190716447,0.1723541791942273,0.1014953271028037,0.1253980454595366
0.1702097505668934,0.131729920564872,0.0579439252336448,0.8514888337468983,0.2393026941362915,0.1082446328702868,0.730778863010268,0.682620782928845,0.3961907164480323,0.1771647624774503,0.1074766355140186,0.132315801032173
0.1692176870748299,0.1313989408649603,0.0598130841121493,0.8521091811414393,0.2373217115689381,0.1082446328702868,0.7329075882794891,0.6841235254339169,0.3975151362260343,0.1793445580276608,0.11,0.1340726913363346
0.1622732426303854,0.1256619593998235,0.0588785046728973,0.8584367245657568,0.2278129952456418,0.1033736243911238,0.7280240420736288,0.6801412577954767,0.3944878910191725,0.1749849669272399,0.1061682242990654,0.1286922147798396
0.1590136054421768,0.1227934686672551,0.0570093457943923,0.8614143920595534,0.223851030110935,0.1008479162908171,0.7233909341347358,0.6759335787812758,0.3910191725529768,0.1713770294648226,0.1010280373831775,0.1234215438673547
0.1638321995464852,0.1275375110326566,0.061214953271028,0.8565756823821341,0.2290015847860538,0.1053581093270792,0.7241422489356374,0.6771357727853332,0.3918390514631684,0.1722038484666266,0.1013084112149532,0.1247392115954759
0.1709183673469388,0.1323918799646954,0.0579439252336448,0.8507444168734493,0.2404912836767035,0.1087858560346383,0.7305284247433007,0.6820196859268164,0.396127648839556,0.1774654239326518,0.1072897196261682,0.1318765784561326
0.1703514739229024,0.1311782877316858,0.0551401869158878,0.8517369727047146,0.2408874801901743,0.1073425942630344,0.7330328074129727,0.6841235254339169,0.3976412714429868,0.1788184004810583,0.1097196261682243,0.1338530800483144
0.1638321995464852,0.1262135922330097,0.0551401869158878,0.8574441687344915,0.231378763866878,0.1031932166696733,0.7277736038066616,0.6803666691712374,0.3946770938446014,0.1749849669272399,0.1055140186915887,0.1290216317118699
0.1595804988662131,0.1230141218005295,0.0565420560747661,0.8610421836228288,0.225039619651347,0.1008479162908171,0.7226396193338342,0.6759335787812758,0.3913975782038345,0.1707757065544197,0.1002803738317756,0.1223234874272537
0.1638321995464852,0.1268755516328332,0.0588785046728973,0.8569478908188586,0.2297939778129952,0.1044560707198267,0.7232657150012521,0.676985498534826,0.3925327951564076,0.1718280216476247,0.1019626168224299,0.1238607664433951
0.1704931972789115,0.1331641659311562,0.0626168224299063,0.8506203473945411,0.2377179080824089,0.110229117806242,0.7285249186075632,0.6817942745510557,0.3960645812310797,0.1760372820204449,0.1076635514018691,0.1313275502360821
0.1699263038548752,0.131729920564872,0.058411214953271,0.8516129032258065,0.2389064976228209,0.1082446328702868,0.7324067117455547,0.6838229769329026,0.3975782038345106,0.1787432351172579,0.1099065420560747,0.1336334687602943
0.1617063492063492,0.1231244483671668,0.0495327102803739,0.8600496277915635,0.2309825673534072,0.0995850622406638,0.728900576008014,0.6799158464197159,0.3936049445005045,0.1750601322910402,0.1048598130841121,0.1264961018996376
0.1455498866213151,0.1064651368049426,0.0322429906542054,0.8764267990074442,0.2159270998415213,0.0826267364243189,0.721136989732031,0.6722518596438499,0.3818113017154389,0.1658147925435959,0.0861682242990654,0.1059624464697485
0.1004818594104308,0.0738084730803176,0.0425233644859812,0.9146401985111664,0.1481774960380348,0.0579108785856034,0.7098672677185073,0.6551957322112856,0.36226034308779,0.1408598917618761,0.0551401869158878,0.0691775557263643
0.0420918367346938,0.0325463371579876,0.0602803738317755,0.9632754342431764,0.0594294770206021,0.027602381381923,0.7113698973203104,0.6425726951686829,0.348826942482341,0.1128983764281419,0.0258878504672897,0.0315142198308993
0.0114795918367346,0.0089364518976168,0.0607476635514018,0.9900744416873452,0.0162440570522978,0.0084791629081725,0.7480591034310041,0.6586520399729505,0.3761982845610493,0.1201142513529765,0.0104672897196261,0.0104315361809597
0.0643424036281179,0.0522947925860546,0.0700934579439252,0.9424317617866006,0.0859746434231378,0.0456431535269709,0.8176809416478837,0.7215418138102035,0.4668895055499494,0.1951292844257366,0.0544859813084112,0.0557812671571318
0.1969954648526077,0.1781774051191527,0.166355140186916,0.8136476426799008,0.2305863708399366,0.1672379577845931,0.884297520661157,0.803666691712375,0.6094853683148335,0.353126879134095,0.1857943925233645,0.1793126166684967
0.3964002267573696,0.3715798764342453,0.3280373831775702,0.6176178660049628,0.4409667194928683,0.3564856575861447,0.9406461307287752,0.8936809677661732,0.7534056508577194,0.5487071557426338,0.389626168224299,0.3685077412979027
0.6176303854875284,0.5991835834068844,0.5626168224299065,0.3928039702233251,0.6509508716323296,0.587948764207108,0.989105935386927,0.9725749492824404,0.8980196770938444,0.7655592303066746,0.6228037383177569,0.5950367848907434
0.8295068027210885,0.8221535745807591,0.8084112149532707,0.1746898263027294,0.8427099841521394,0.8176077936135667,0.9893563736538944,0.9971447892403636,0.9962159434914228,0.9521948286229706,0.8627102803738317,0.8214560228395739
0.971655328798186,0.9727493380406,0.9775700934579438,0.0277915632754342,0.9694928684627574,0.97348006494678,0.872526922113699,0.9038996168006612,0.9492305751765892,0.9884245339747444,0.9922429906542056,0.9734270341495552
0.9652777777777778,0.96635039717564,0.9714953271028036,0.0341191066997517,0.9635499207606972,0.9669853869745624,0.6502629601803155,0.7088436396423472,0.7455221997981836,0.8523000601322911,0.9354205607476634,0.9646425826287472
0.8371598639455783,0.8321932921447486,0.8261682242990651,0.16575682382134,0.845879556259905,0.8291538877863973,0.3919358878036563,0.4521752197760914,0.4824672048435923,0.6434906794948888,0.766448598130841,0.8299110574283517
0.6546201814058957,0.6393424536628421,0.6107476635514018,0.353970223325062,0.6818541996830427,0.6299837633050694,0.1617831204608063,0.1867157562551657,0.2199798183652875,0.4121316897173782,0.5574766355140186,0.6404963215109256
0.4491213151927438,0.4213371579876435,0.3644859813084113,0.5666253101736973,0.4992076069730585,0.4042937037705214,0.0180315552216378,0.0225411375760763,0.0362638748738647,0.202495490078172,0.3170093457943925,0.425936093115186
0.258078231292517,0.2171226831421006,0.1299065420560745,0.765012406947891,0.3316164817749604,0.1919538156233086,0.0581016779363886,0.0339619806146217,0.013874873864783,0.0469031870114251,0.1413084112149532,0.2225760404084769
0.1507936507936507,0.1081200353045013,0.0219626168224299,0.8733250620347395,0.2274167987321711,0.0820855132599674,0.226396193338342,0.1713126455781802,0.0945383451059535,0.0,0.0492523364485981,0.1104644778741627
0.0996315192743764,0.0661959399823477,0.0130841121495328,0.9192307692307694,0.1596671949286845,0.0460039689698719,0.4104683195592286,0.3438274851604177,0.2061680121089808,0.0248797354179194,0.0244859813084112,0.0635774678818491
0.0820578231292517,0.0615622241835833,0.0514018691588784,0.929528535980149,0.1188589540412043,0.0496121233988814,0.5656148259454045,0.495604478172665,0.2971745711402623,0.0835838845460012,0.0342056074766355,0.0612715493576369
0.1096938775510204,0.078442188879082,0.0317757009345796,0.907940446650124,0.1660063391442155,0.0595345480786576,0.6547708489857249,0.5953865805094297,0.3502144298688193,0.1302615754660252,0.0572897196261682,0.080707148347425
0.1464002267573696,0.1041482789055604,0.0196261682242992,0.8774193548387098,0.2222662440570523,0.0782969511095073,0.7054845980465815,0.6494853106920129,0.3778380423814328,0.1564942874323512,0.0813084112149532,0.1081585593499506
0.1578798185941043,0.1174977934686672,0.0383177570093456,0.8648883374689826,0.2305863708399366,0.0927295688255456,0.7203856749311294,0.6711248027650462,0.3881811301715438,0.1676939266386049,0.095607476635514,0.1186999011749203
0.165391156462585,0.1268755516328332,0.0532710280373833,0.8563275434243177,0.2345483359746434,0.1033736243911238,0.7238918106686701,0.6770606356600796,0.391965186680121,0.1719031870114251,0.1018691588785046,0.1239705720874052
0.1707766439909297,0.1327228596646072,0.0602803738317755,0.8506203473945411,0.2393026941362915,0.1095074869204401,0.7302779864763336,0.6821699601773236,0.3963168516649848,0.1767137702946482,0.1073831775700934,0.1315471615241023
0.1690759637188208,0.1306266548984996,0.0570093457943923,0.852605459057072,0.2381141045958795,0.1071621865415839,0.7326571500125219,0.6834472913066345,0.3979566094853683,0.178968731208659,0.1098130841121495,0.1340726913363346
0.1621315192743764,0.1249999999999999,0.0565420560747661,0.8588089330024815,0.2286053882725832,0.1024715857838715,0.7281492612071124,0.6798407092944624,0.3944878910191725,0.1751352976548406,0.1054205607476635,0.1289118260678599
0.1584467120181405,0.1218005295675198,0.0546728971962616,0.8622828784119106,0.2242472266244057,0.0995850622406638,0.7240170298021538,0.6760087159065293,0.391523713420787,0.1709260372820204,0.1006542056074766,0.1238607664433951
0.1639739229024943,0.1264342453662842,0.0560747663551403,0.857196029776675,0.231378763866878,0.1035540321125743,0.7247683446030553,0.676985498534826,0.392406659939455,0.1723541791942273,0.1022429906542056,0.1241901833754254
0.1697845804988662,0.1325022065313327,0.0621495327102805,0.8512406947890819,0.2369255150554675,0.1096878946418906,0.7300275482093664,0.6820196859268164,0.3964429868819373,0.1775405892964522,0.1082242990654205,0.1309981333040518
0.169501133786848,0.1320609002647838,0.0616822429906542,0.8516129032258065,0.2369255150554675,0.1091466714775391,0.7332832456799399,0.6836727026823952,0.3980196770938446,0.1794197233914612,0.1103738317757009,0.1344021082683649
0.1631235827664399,0.1257722859664606,0.0565420560747661,0.8579404466501241,0.2297939778129952,0.1031932166696733,0.728900576008014,0.6796152979187017,0.3944878910191725,0.1752856283824413,0.1062616822429906,0.1291314373558801
0.1597222222222222,0.1230141218005295,0.055607476635514,0.8609181141439206,0.2258320126782884,0.1006675085693668,0.7225144002003506,0.6761589901570365,0.3912083753784056,0.1712266987372218,0.1015887850467289,0.1232019325793346
0.1642573696145124,0.1272065313327448,0.058411214953271,0.8566997518610422,0.2305863708399366,0.1046364784412772,0.7232657150012521,0.6772109099105867,0.3919021190716447,0.1726548406494287,0.1026168224299065,0.1244097946634456
0.1706349206349206,0.1327228596646072,0.0607476635514018,0.8507444168734493,0.2389064976228209,0.1095074869204401,0.729526671675432,0.6821699601773236,0.3960015136226034,0.1777660853878532,0.1082242990654205,0.1307785220160316
0.1697845804988662,0.1322815533980582,0.0616822429906542,0.8513647642679901,0.2369255150554675,0.1095074869204401,0.7321562734785875,0.6838981140581561,0.3975782038345106,0.1791190619362597,0.1099065420560747,0.1331942461842538
0.1624149659863945,0.125441306266549,0.0570093457943923,0.8584367245657568,0.2286053882725832,0.1028324012267725,0.7281492612071124,0.6794650236681944,0.3944878910191725,0.1753607937462417,0.1055140186915887,0.1279235752717689
0.1591553287981859,0.1227934686672551,0.0560747663551403,0.8614143920595534,0.2246434231378763,0.1006675085693668,0.7227648384673178,0.676083853031783,0.3916498486377396,0.1713770294648226,0.1006542056074766,0.1228725156473042
0.1635487528344671,0.1275375110326566,0.0621495327102805,0.8568238213399505,0.2282091917591124,0.1055385170485296,0.7231404958677685,0.6772109099105867,0.3925958627648839,0.1722038484666266,0.102429906542056,0.1249588228834962
0.1710600907029478,0.1332744924977934,0.0616822429906542,0.8502481389578164,0.2389064976228209,0.110229117806242,0.729526671675432,0.6817191374258021,0.3966952573158425,0.1773150932050511,0.1076635514018691,0.1316569671681124
0.1696428571428571,0.1323918799646954,0.0626168224299063,0.8513647642679901,0.2365293185419968,0.1096878946418906,0.7315301778111696,0.6835224284318882,0.3982088799192734,0.1791942273000601,0.11,0.1339628856923246
0.1615646258503401,0.1257722859664606,0.0607476635514018,0.858560794044665,0.2258320126782884,0.1039148475554753,0.72702228900576,0.6795401607934479,0.3946140262361251,0.1755862898376428,0.1063551401869158,0.1281431865597891
0.1583049886621315,0.122352162400706,0.0574766355140186,0.8619106699751862,0.2230586370839936,0.1004871008479163,0.7227648384673178,0.6758584416560222,0.3914606458123107,0.1720535177390258,0.1020560747663551,0.1234215438673547
0.163265306122449,0.1259929390997352,0.0565420560747661,0.8576923076923078,0.2301901743264658,0.1033736243911238,0.7227648384673178,0.6765346757833044,0.392406659939455,0.1729555021046302,0.1022429906542056,0.1244097946634456
0.1706349206349206,0.1322815533980582,0.0588785046728973,0.8509925558312657,0.2393026941362915,0.1089662637560886,0.7300275482093664,0.6820196859268164,0.3965691220988899,0.1776157546602525,0.108411214953271,0.131217744592072
0.1704931972789115,0.132171226831421,0.0588785046728973,0.8511166253101737,0.2393026941362915,0.1087858560346383,0.733533683946907,0.6839732511834097,0.3980827447023208,0.1797203848466626,0.1105607476635514,0.1335236631162841
0.1621315192743764,0.1262135922330097,0.061214953271028,0.8580645161290323,0.2266244057052298,0.1044560707198267,0.7290257951414976,0.6798407092944624,0.3953077699293642,0.1758117859290439,0.1062616822429906,0.1284726034918194
0.1590136054421768,0.1219108561341571,0.0532710280373833,0.8619106699751862,0.2254358161648177,0.0992242467977629,0.7236413724017029,0.6758584416560222,0.3919021190716447,0.1718280216476247,0.1014018691588785,0.1236411551553749
0.1641156462585034,0.1270962047661077,0.058411214953271,0.8568238213399505,0.2305863708399366,0.1044560707198267,0.724267468069121,0.6767600871590653,0.3924697275479313,0.1725796752856283,0.1022429906542056,0.1250686285275062
0.1706349206349206,0.1328331862312445,0.0607476635514018,0.8506203473945411,0.2389064976228209,0.1096878946418906,0.7304032056098171,0.6815688631752949,0.396127648839556,0.1775405892964522,0.1080373831775701,0.1311079389480619
0.1683673469387755,0.1318402471315092,0.0644859813084112,0.8522332506203475,0.2341521394611727,0.1096878946418906,0.7324067117455547,0.6830716056803666,0.3978304742684157,0.1792693926638605,0.1097196261682243,0.1339628856923246
0.1641156462585034,0.1265445719329214,0.0560747663551403,0.8570719602977668,0.231378763866878,0.1035540321125743,0.7275231655396944,0.681193177549027,0.3967583249243188,0.1773902585688515,0.1065420560747663,0.1302294937959811
0.173469387755102,0.1332744924977934,0.0537383177570091,0.849255583126551,0.2456418383518224,0.1086054483131878,0.72702228900576,0.6843489368096776,0.4050832492431886,0.1856584485868911,0.110841121495327,0.1319863841001427
0.1941609977324263,0.1513680494263018,0.0621495327102805,0.8299007444168736,0.2709984152139461,0.1252029586866318,0.7376659153518657,0.6965211511007589,0.4240665993945509,0.2040739627179795,0.1261682242990654,0.1446140331613044
0.2182539682539682,0.173433362753751,0.0766355140186916,0.8070719602977668,0.2983359746434231,0.1459498466534367,0.7541948409717004,0.7140281012848448,0.4465817356205852,0.2276007215874924,0.1478504672897196,0.1643790490831228
0.232001133786848,0.1876654898499559,0.0911214953271027,0.7929280397022334,0.3118066561014262,0.160382464369475,0.7674680691209617,0.7292809377113232,0.4673940464177598,0.2478953698135898,0.1644859813084112,0.179642033600527
0.2436224489795918,0.1999117387466902,0.105140186915888,0.7810173697270473,0.322107765451664,0.1731914125924589,0.7731029301277235,0.7393493124953039,0.4844223007063571,0.2653337342152736,0.1755140186915887,0.1883166794773251
0.2573696145124716,0.2142541924095322,0.1196261682242991,0.7668734491315137,0.3351822503961965,0.1876240303084972,0.7773603806661658,0.7477646705237058,0.500693743693239,0.2796151533373421,0.1843925233644859,0.1962226858460524
0.2779195011337869,0.2340026478375992,0.1359813084112147,0.7467741935483871,0.3565768621236133,0.2069276565036982,0.7905083896819434,0.7625666841986625,0.5216321897073662,0.3012627781118461,0.2025233644859813,0.211924892939497
0.302437641723356,0.2578331862312444,0.1560747663551402,0.7227047146401986,0.3827258320126783,0.2303806602922604,0.8072877535687453,0.7806747313847772,0.5460393541876892,0.325841852074564,0.2230841121495327,0.232348742725376
0.31859410430839,0.2733892321270962,0.1686915887850467,0.7069478908188586,0.3997622820919175,0.2455349088941007,0.8193087903831705,0.7957772935607482,0.5656533804238143,0.3459861695730608,0.2402803738317756,0.2477215328867903
0.326672335600907,0.2828773168578994,0.1817757009345792,0.698014888337469,0.4057052297939778,0.2556377412953274,0.8248184322564488,0.8042677887144037,0.5823032290615539,0.3609440769693325,0.2504672897196262,0.2556275392555177
0.3394274376417233,0.2960061782877317,0.1957943925233645,0.6851116625310174,0.4171949286846276,0.2691683204041133,0.8275732531930878,0.8103538958599444,0.5962411705348133,0.3748496692723992,0.2595327102803738,0.2612276271000329
0.3606859410430839,0.3150926743159753,0.2065420560747661,0.6650124069478909,0.4425515055467511,0.2868482771062602,0.8369646882043577,0.8219250131489969,0.6135216952573158,0.3916115453998797,0.2734579439252336,0.2746239156692653
0.3806689342403628,0.3331862312444837,0.2172897196261682,0.6461538461538462,0.4659270998415213,0.303806602922605,0.8511144502880039,0.8381546322037718,0.6323789101917255,0.4124323511725796,0.291214953271028,0.2926320412869221
0.3908730158730158,0.3441085613415711,0.2299065420560748,0.635483870967742,0.475039619651347,0.3149918816525347,0.860130227898823,0.8492749267413028,0.6475782038345105,0.4276157546602525,0.3039252336448598,0.3026243548918414
0.3918650793650794,0.3469770520741395,0.238785046728972,0.633498759305211,0.4722662440570522,0.3191412592458956,0.8615076383671425,0.8525058231272071,0.6565968718466195,0.4346061334936861,0.3091588785046729,0.3062479411441747
0.3990929705215419,0.354810238305384,0.2481308411214954,0.6258064516129033,0.4786053882725831,0.3272596067111671,0.862258953168044,0.8553610338868434,0.6632820383451059,0.4420475045099218,0.3115887850467289,0.3098715273965081
0.4124149659863945,0.3665048543689321,0.2537383177570093,0.6135235732009926,0.4948494453248811,0.3379036622767454,0.8682694715752566,0.8620482380344128,0.6718592330978808,0.4509921828021648,0.3195327102803738,0.316130449105084
0.4210600907029478,0.3756619593998235,0.2640186915887851,0.604590570719603,0.502377179080824,0.3474652715136207,0.8765339343851739,0.8704635960628145,0.6827068617558022,0.461665664461816,0.3300934579439252,0.3284286812342153
0.4226190476190476,0.3767652250661959,0.2635514018691589,0.603225806451613,0.5051505546751188,0.3483673101208731,0.8785374405209115,0.8734690810729581,0.6880676084762865,0.4668520745640409,0.3349532710280373,0.3318326561985286
0.4165249433106576,0.3703662842012357,0.2560747663551401,0.6094292803970224,0.4996038034865293,0.3415118167057549,0.8734034560480841,0.8707641445638289,0.6855449041372351,0.4639206253758268,0.3306542056074766,0.3273306247941143
0.4136904761904762,0.3677184466019418,0.2551401869158876,0.6122828784119108,0.4960380348652932,0.3393469240483492,0.8676433759078387,0.8664061912991208,0.6818869828456104,0.459786530366807,0.325233644859813,0.3217305369495992
0.4155328798185941,0.3710282436010591,0.2630841121495327,0.6095533498759306,0.4952456418383518,0.3434963016417103,0.8687703481091911,0.8664061912991208,0.6794904137235116,0.4585087191822008,0.3245794392523364,0.321620731305589
0.4219104308390023,0.3735657546337158,0.2523364485981306,0.6053349875930522,0.508716323296355,0.3434963016417103,0.8742799899824693,0.8678337966789391,0.6781029263370333,0.4579825616355983,0.3271028037383177,0.3243658724058416
0.4136904761904762,0.3658428949691085,0.2467289719626167,0.6132754342431762,0.4996038034865293,0.3360995850622407,0.8722764838467317,0.8643023517920204,0.6723007063572148,0.4522699939867708,0.3230841121495327,0.3214011200175689
0.3949829931972789,0.3487422771403354,0.235981308411215,0.6311414392059554,0.4778129952456418,0.320043297853148,0.8630102679689456,0.854910211135322,0.6601286579212916,0.4380637402285027,0.3123364485981308,0.308663665312397
0.3833616780045351,0.3377096204766107,0.2275700934579436,0.6423076923076924,0.46513470681458,0.3093992422875698,0.8508640120210368,0.8437147794725374,0.6449924318869827,0.4231058328322308,0.298411214953271,0.2934006807949928
0.3761337868480726,0.3313106796116504,0.2242990654205608,0.6491315136476427,0.4568145800316956,0.3034457874797042,0.8468569997495617,0.8362762040724322,0.6323158425832491,0.4118310282621767,0.2885046728971962,0.2876907873064675
0.3704648526077098,0.3246910856134157,0.2154205607476633,0.6553349875930522,0.4524564183835182,0.2964098863431353,0.8454795892812421,0.8302652340521451,0.6215943491422805,0.4009320505111244,0.2822429906542056,0.2845064236301746
0.3538832199546485,0.3095763459841129,0.2051401869158879,0.6710918114143921,0.4334389857369254,0.2821576763485477,0.8384673178061607,0.8213239161469681,0.6071518668012108,0.3877781118460613,0.2721495327102803,0.2759415833973866
0.330640589569161,0.2868490732568403,0.1855140186915886,0.694044665012407,0.4096671949286846,0.2597871188886885,0.8253193087903831,0.8074235479750544,0.5869071644803229,0.36665664461816,0.2549532710280373,0.2588119029318106
0.3123582766439909,0.2690864960282436,0.1710280373831775,0.7120347394540943,0.3898573692551506,0.2422875699079919,0.8120460806411219,0.7914944774212938,0.5648335015136225,0.3436560432952495,0.2357943925233644,0.2408037773141539
0.3007369614512471,0.2579435127978817,0.1621495327102803,0.7234491315136478,0.3775752773375594,0.2314631066209634,0.803030303030303,0.7793222631302126,0.5471745711402622,0.3257666867107637,0.2214953271028037,0.2283957395410124
0.2891156462585034,0.2448146513680494,0.1448598130841123,0.7358560794044665,0.3688589540412044,0.2173913043478261,0.7987728524918607,0.7709820422270643,0.5314707366296669,0.3114101022248948,0.2114953271028037,0.2220270121884264
0.2712585034013605,0.226721094439541,0.1271028037383176,0.7538461538461538,0.3514263074484944,0.1991701244813278,0.7907588279489105,0.7589601021864903,0.5127396569122098,0.2932200841852074,0.19803738317757,0.2117052816514768
0.2492913832199546,0.2057590467784642,0.1107476635514019,0.7753101736972705,0.3276545166402536,0.1789644596788742,0.7764838467317806,0.7426553460064618,0.4904767911200807,0.2705953096812988,0.1794392523364485,0.1929285165257494
0.2250566893424036,0.1830317740511915,0.0943925233644859,0.79863523573201,0.3007131537242472,0.1573155331048168,0.7608314550463311,0.7249229844466151,0.4668895055499494,0.2460914010823812,0.1599065420560747,0.1732733062479411
0.2152777777777778,0.1728817299205648,0.0836448598130842,0.8086848635235732,0.2912044374009508,0.1468518852606891,0.7509391435011269,0.7127507701555338,0.4478430877901109,0.2283523752254961,0.1458878504672897,0.1615241023388602
0.2049319727891156,0.1614077669902912,0.0691588785046727,0.8196029776674938,0.2828843106180665,0.1347645679235071,0.7469321312296519,0.705237057630175,0.4339051463168516,0.2146722790138304,0.1366355140186916,0.1551553749862743
0.1884920634920635,0.1459620476610767,0.0579439252336448,0.835483870967742,0.2650554675118858,0.1199711347645678,0.740671174555472,0.6959951912239837,0.4168768920282543,0.1982862297053517,0.1243925233644859,0.1450532557373449
0.1665249433106576,0.1286407766990291,0.0570093457943923,0.8548387096774195,0.2345483359746434,0.1055385170485296,0.7292762334084647,0.6832218799308738,0.3994702320887991,0.1802465423932651,0.1089719626168224,0.1311079389480619
0.1588718820861678,0.1230141218005295,0.0579439252336448,0.8614143920595534,0.2234548335974643,0.1012087317337181,0.7216378662659654,0.6757833045307686,0.3915867810292633,0.171677690920024,0.1014018691588785,0.1223234874272537
0.1636904761904762,0.1266548984995587,0.0579439252336448,0.857196029776675,0.2301901743264658,0.1040952552769259,0.7238918106686701,0.6772860470358404,0.3925958627648839,0.172504509921828,0.102429906542056,0.1247392115954759
0.1704931972789115,0.1328331862312445,0.0616822429906542,0.8507444168734493,0.2381141045958795,0.1098683023633411,0.7302779864763336,0.6820196859268164,0.3969475277497477,0.1776157546602525,0.1085046728971962,0.1315471615241023
0.1692176870748299,0.1320609002647838,0.0626168224299063,0.8517369727047146,0.2357369255150554,0.1095074869204401,0.7332832456799399,0.6835224284318882,0.3979566094853683,0.1793445580276608,0.1105607476635514,0.133413857472274
0.1622732426303854,0.1247793468667255,0.0542056074766354,0.8589330024813897,0.2297939778129952,0.10193036261952,0.7297771099423992,0.6802163949207303,0.3950554994954591,0.1758117859290439,0.1067289719626168,0.1290216317118699
0.1581632653061224,0.121469549867608,0.0546728971962616,0.862531017369727,0.223851030110935,0.0992242467977629,0.7246431254695717,0.6761589901570365,0.3918390514631684,0.171677690920024,0.1020560747663551,0.1241901833754254
0.1629818594104308,0.1275375110326566,0.064018691588785,0.8569478908188586,0.2266244057052298,0.1058993324914306,0.7233909341347358,0.6772109099105867,0.3925327951564076,0.1723541791942273,0.1021495327102803,0.1252882398155265
0.1707766439909297,0.1332744924977934,0.0626168224299063,0.8503722084367246,0.2381141045958795,0.1104095255276925,0.7297771099423992,0.6817942745510557,0.3965691220988899,0.17708959711365,0.1075700934579439,0.1313275502360821
0.169501133786848,0.1313989408649603,0.0588785046728973,0.8519851116625311,0.2377179080824089,0.1082446328702868,0.733533683946907,0.6841235254339169,0.3980196770938446,0.1792693926638605,0.1104672897196261,0.1341824969803448
0.1628401360544217,0.1251103265666372,0.0542056074766354,0.8584367245657568,0.2305863708399366,0.1021107703409705,0.7280240420736288,0.6799909835449696,0.3949293642785065,0.1755111244738424,0.1057009345794392,0.1285824091358296
0.159438775510204,0.1229037952338922,0.0560747663551403,0.861166253101737,0.225039619651347,0.1006675085693668,0.722389181066867,0.6757833045307686,0.3913345105953582,0.1707757065544197,0.1008411214953271,0.1234215438673547
0.163407029478458,0.126323918799647,0.0574766355140186,0.8574441687344915,0.2297939778129952,0.1037344398340248,0.7238918106686701,0.676985498534826,0.3920282542885973,0.1719031870114251,0.1017757009345794,0.1251784341715164
0.1702097505668934,0.1322815533980582,0.0602803738317755,0.8512406947890819,0.2381141045958795,0.1091466714775391,0.7296518908089156,0.6814185889247877,0.3962537840565086,0.1773150932050511,0.1072897196261682,0.1309981333040518
0.1687925170068027,0.1315092674315975,0.0616822429906542,0.8522332506203475,0.2357369255150554,0.1087858560346383,0.7336589030803906,0.6836727026823952,0.397893541876892,0.1791190619362597,0.1102803738317756,0.1338530800483144
0.1624149659863945,0.1257722859664606,0.058411214953271,0.8581885856079404,0.2282091917591124,0.1035540321125743,0.7287753568745304,0.6802915320459838,0.3949293642785065,0.1752856283824413,0.1057943925233644,0.1293510486439002
0.1595804988662131,0.1227934686672551,0.0546728971962616,0.861166253101737,0.2258320126782884,0.1003066931264658,0.7231404958677685,0.6762341272822902,0.391965186680121,0.1716025255562236,0.1010280373831775,0.1230921269353244
0.1642573696145124,0.1272065313327448,0.058411214953271,0.8566997518610422,0.2305863708399366,0.1046364784412772,0.7226396193338342,0.6771357727853332,0.3922174571140262,0.1719783523752255,0.1017757009345794,0.123750960799385
0.1703514739229024,0.1325022065313327,0.0607476635514018,0.8509925558312657,0.2385103011093502,0.1093270791989896,0.7296518908089156,0.6817942745510557,0.3957492431886982,0.1764882742032471,0.1079439252336448,0.1311079389480619
0.1699263038548752,0.132171226831421,0.0607476635514018,0.8513647642679901,0.2377179080824089,0.1091466714775391,0.7320310543451038,0.683372154181381,0.3975151362260343,0.1788184004810583,0.1104672897196261,0.1338530800483144
0.1628401360544217,0.1257722859664606,0.0570093457943923,0.8580645161290323,0.2293977812995245,0.1031932166696733,0.7278988229401452,0.6801412577954767,0.3947401614530776,0.1746843054720384,0.1051401869158878,0.1286922147798396
0.1585884353741496,0.1227934686672551,0.0579439252336448,0.8616625310173698,0.2230586370839936,0.1010283240122676,0.7231404958677685,0.6763844015327972,0.3913345105953582,0.1707757065544197,0.1004672897196261,0.1233117382233446
0.1629818594104308,0.1264342453662842,0.0588785046728973,0.8575682382133996,0.2286053882725832,0.1040952552769259,0.7233909341347358,0.6777368697873619,0.3920282542885973,0.1723541791942273,0.1022429906542056,0.1247392115954759
0.169359410430839,0.1323918799646954,0.0635514018691588,0.8514888337468983,0.2357369255150554,0.1098683023633411,0.7297771099423992,0.6822450973025772,0.3964429868819373,0.17708959711365,0.1085046728971962,0.1319863841001427
0.1690759637188208,0.1315092674315975,0.0607476635514018,0.8521091811414393,0.2365293185419968,0.1086054483131878,0.7324067117455547,0.6832218799308738,0.3975782038345106,0.1784425736620565,0.1105607476635514,0.1342923026243549
0.1624149659863945,0.1251103265666372,0.0551401869158878,0.8586848635235733,0.2297939778129952,0.102291178062421,0.7281492612071124,0.6799909835449696,0.3948662966700302,0.1748346361996392,0.1062616822429906,0.1296804655759306
0.159297052154195,0.1224624889673433,0.0546728971962616,0.8615384615384617,0.2254358161648177,0.0999458776835648,0.7236413724017029,0.6762341272822902,0.3917129162462159,0.1716025255562236,0.1009345794392523,0.1235313495113649
0.1648242630385487,0.1265445719329214,0.0537383177570091,0.8568238213399505,0.2333597464342313,0.1031932166696733,0.7240170298021538,0.6774363212863475,0.3927219979818365,0.1731058328322309,0.102429906542056,0.1249588228834962
0.1707766439909297,0.1329435127978817,0.061214953271028,0.8506203473945411,0.2389064976228209,0.1098683023633411,0.731404958677686,0.6819445488015629,0.3967583249243188,0.1776157546602525,0.1086915887850467,0.1314373558800922
0.1692176870748299,0.1316195939982347,0.061214953271028,0.8519851116625311,0.2365293185419968,0.1087858560346383,0.734159779614325,0.6838981140581561,0.398335015136226,0.178968731208659,0.1113084112149532,0.1349511364884155
0.1624149659863945,0.1249999999999999,0.0551401869158878,0.8586848635235733,0.2293977812995245,0.102291178062421,0.7287753568745304,0.6800661206702231,0.3954339051463168,0.1754359591100421,0.1061682242990654,0.1290216317118699
0.159297052154195,0.1221315092674315,0.0532710280373833,0.8616625310173698,0.226228209191759,0.0994046545192134,0.7231404958677685,0.6760087159065293,0.3912714429868819,0.1713018641010222,0.1014953271028037,0.1227627100032941
0.1638321995464852,0.1270962047661077,0.0593457943925235,0.8569478908188586,0.2297939778129952,0.1046364784412772,0.7237665915351865,0.6772109099105867,0.3926589303733602,0.1729555021046302,0.1026168224299065,0.1244097946634456
0.1699263038548752,0.1323918799646954,0.0616822429906542,0.8512406947890819,0.2373217115689381,0.1095074869204401,0.7294014525419483,0.68209482305207,0.3968844601412714,0.1773150932050511,0.1085981308411214,0.1304491050840013
0.1692176870748299,0.1320609002647838,0.0621495327102805,0.8517369727047146,0.2361331220285261,0.1093270791989896,0.7336589030803906,0.6841986625591704,0.3980196770938446,0.1792693926638605,0.111214953271028,0.1339628856923246
0.163265306122449,0.126323918799647,0.0579439252336448,0.8575682382133996,0.2293977812995245,0.1039148475554753,0.7286501377410468,0.6799909835449696,0.3949924318869828,0.1755862898376428,0.1071028037383177,0.1294608542879103
0.1598639455782312,0.1231244483671668,0.055607476635514,0.8607940446650124,0.2258320126782884,0.1008479162908171,0.7222639619333834,0.6757081674055151,0.391523713420787,0.1709260372820204,0.1009345794392523,0.1229823212913143
0.1639739229024943,0.1272065313327448,0.0593457943925235,0.8568238213399505,0.2301901743264658,0.1048168861627277,0.7235161532682193,0.6766849500338117,0.3925958627648839,0.1724293445580276,0.1021495327102803,0.1239705720874052
0.1702097505668934,0.1329435127978817,0.0630841121495325,0.8508684863523573,0.2369255150554675,0.110229117806242,0.7302779864763336,0.6817191374258021,0.3967583249243188,0.1767889356584485,0.1085046728971962,0.1322059953881629
0.1692176870748299,0.1322815533980582,0.0635514018691588,0.8516129032258065,0.2353407290015847,0.1096878946418906,0.733533683946907,0.6844992110601847,0.3980196770938446,0.1786680697534576,0.111214953271028,0.1346217195563852
0.1628401360544217,0.1251103265666372,0.0537383177570091,0.8584367245657568,0.2305863708399366,0.10193036261952,0.728274480340596,0.6808926290480126,0.3950554994954591,0.1749849669272399,0.1061682242990654,0.1281431865597891
0.1595804988662131,0.1219108561341571,0.0514018691588784,0.8616625310173698,0.2270206022187004,0.0988634313548619,0.7230152767342849,0.6763092644075437,0.3919021190716447,0.1710012026458208,0.101214953271028,0.1225430987152739
0.1636904761904762,0.1259929390997352,0.0551401869158878,0.8575682382133996,0.231378763866878,0.103012808948223,0.7227648384673178,0.6773611841610939,0.3925327951564076,0.1719783523752255,0.1025233644859813,0.1245196003074558
0.1702097505668934,0.1322815533980582,0.0602803738317755,0.8511166253101737,0.2385103011093502,0.1091466714775391,0.7299023290758828,0.6824705086783379,0.3969475277497477,0.1773150932050511,0.1087850467289719,0.1311079389480619
0.169359410430839,0.131288614298323,0.0588785046728973,0.8521091811414393,0.2377179080824089,0.1080642251488363,0.7321562734785875,0.6835975655571417,0.3981458123107971,0.1790438965724594,0.1109345794392523,0.1337432744043043
0.1624149659863945,0.1252206531332744,0.0560747663551403,0.858560794044665,0.2290015847860538,0.102651993505322,0.7271475081392437,0.6800661206702231,0.3951185671039354,0.1756614552014431,0.1060747663551401,0.1284726034918194
0.1600056689342403,0.1219108561341571,0.0500000000000001,0.8615384615384617,0.2282091917591124,0.0986830236334114,0.7228900576008014,0.6759335787812758,0.3920913218970736,0.1716025255562236,0.1020560747663551,0.1230921269353244
0.1636904761904762,0.1270962047661077,0.0598130841121493,0.8569478908188586,0.2293977812995245,0.1048168861627277,0.7236413724017029,0.6762341272822902,0.392406659939455,0.1725796752856283,0.1025233644859813,0.1239705720874052
0.1697845804988662,0.1325022065313327,0.0626168224299063,0.8512406947890819,0.2365293185419968,0.1096878946418906,0.7304032056098171,0.681343451799534,0.396127648839556,0.1768641010222489,0.1079439252336448,0.1302294937959811
0.1689342403628118,0.1313989408649603,0.0607476635514018,0.8522332506203475,0.2365293185419968,0.1086054483131878,0.7340345604808415,0.6835224284318882,0.3980827447023208,0.1791942273000601,0.1102803738317756,0.1336334687602943
0.1624149659863945,0.1253309796999117,0.0565420560747661,0.8584367245657568,0.2290015847860538,0.1028324012267725,0.7283996994740797,0.6798407092944624,0.3947401614530776,0.175210463018641,0.1058878504672897,0.1284726034918194
0.1587301587301587,0.1224624889673433,0.0565420560747661,0.8616625310173698,0.223851030110935,0.1003066931264658,0.7225144002003506,0.6755578931550079,0.3911453077699293,0.1710012026458208,0.1005607476635514,0.1217744592072032
0.1635487528344671,0.1268755516328332,0.0598130841121493,0.857196029776675,0.2290015847860538,0.1046364784412772,0.7240170298021538,0.6766098129085582,0.3917759838546922,0.1719783523752255,0.1021495327102803,0.1241901833754254
0.1703514739229024,0.132171226831421,0.0593457943925235,0.8511166253101737,0.2389064976228209,0.1089662637560886,0.7302779864763336,0.6817942745510557,0.3958753784056508,0.17708959711365,0.1087850467289719,0.1319863841001427
0.169501133786848,0.131729920564872,0.0602803738317755,0.8517369727047146,0.2373217115689381,0.1087858560346383,0.7331580265464563,0.6839732511834097,0.3979566094853683,0.1788935658448587,0.1110280373831775,0.134511913912375
0.1635487528344671,0.1261032656663724,0.0560747663551403,0.8575682382133996,0.2305863708399366,0.1031932166696733,0.7291510142749812,0.6805920805469982,0.3950554994954591,0.1755862898376428,0.1071028037383177,0.1290216317118699
0.1597222222222222,0.1231244483671668,0.0560747663551403,0.8609181141439206,0.2254358161648177,0.1008479162908171,0.7232657150012521,0.6764595386580509,0.3913345105953582,0.1710763680096212,0.1017757009345794,0.1224332930712638
0.1656746031746031,0.1276478375992939,0.055607476635514,0.8557071960297767,0.2341521394611727,0.1044560707198267,0.724517906336088,0.6772860470358404,0.3917759838546922,0.1719783523752255,0.1023364485981308,0.1241901833754254
0.1709183673469388,0.1327228596646072,0.0598130841121493,0.8506203473945411,0.2396988906497623,0.1095074869204401,0.7299023290758828,0.6818694116763092,0.3961907164480323,0.1774654239326518,0.1082242990654205,0.1315471615241023
0.1710600907029478,0.1327228596646072,0.0593457943925235,0.8504962779156328,0.2400950871632329,0.1093270791989896,0.7340345604808415,0.684273799684424,0.3989026236125125,0.1805472038484666,0.1119626168224299,0.1357197759964862
0.1758786848072562,0.1361429832303618,0.0579439252336448,0.8465260545905707,0.2472266244057052,0.1118527872992963,0.7365389431505134,0.686452776316778,0.4018037336024217,0.1834786530366807,0.1170093457943925,0.138794334028769
0.189625850340136,0.1502647837599293,0.0728971962616821,0.8325062034739455,0.2603011093502377,0.1262854050153346,0.740671174555472,0.6917875122097827,0.4072275479313824,0.1900932050511124,0.1249532710280373,0.1448336444493246
0.2071995464852607,0.1723300970873786,0.1079439252336449,0.8124069478908189,0.269809825673534,0.1510012628540501,0.7520661157024794,0.7028326696220603,0.4167507568113017,0.2022699939867709,0.1391588785046728,0.1598770176787086
0.2291666666666666,0.1962709620476611,0.1369158878504672,0.7893300248138958,0.288431061806656,0.176258343857117,0.7705985474580516,0.7177849575475242,0.4311932391523713,0.2191070354780517,0.1603738317757009,0.1805204787526078
0.2431972789115646,0.2130406001765225,0.1616822429906541,0.7738213399503723,0.2971473851030111,0.1948403391665163,0.7843726521412471,0.7289803892103088,0.443239152371342,0.232711966325917,0.1783177570093457,0.1955638519819918
0.2502834467120181,0.2217563989408649,0.1752336448598132,0.76575682382134,0.3015055467511885,0.204582356124842,0.791259704482845,0.7339394394770455,0.4482214934409687,0.2384996993385448,0.1854205607476635,0.2021521906225979
0.258219954648526,0.2323477493380406,0.1939252336448595,0.7563275434243176,0.304675118858954,0.2166696734620241,0.7927623340846481,0.7384476669922608,0.4517532795156407,0.2431599518941671,0.1913084112149532,0.2055561655869111
0.2757936507936507,0.2482347749338041,0.2032710280373829,0.7398263027295287,0.3252773375594294,0.2316435143424137,0.8012772351615326,0.7446840483883086,0.4585645812310797,0.2513529765484065,0.2006542056074766,0.2154386735478203
0.2871315192743764,0.2604810238305384,0.2177570093457944,0.7279156327543425,0.3347860538827258,0.2444524625653978,0.8119208615076384,0.7542264632955142,0.4658804238143289,0.2607486470234516,0.2110280373831775,0.2278467113209618
0.2878401360544217,0.2622462488967343,0.2228971962616822,0.7265508684863524,0.3339936608557844,0.246797762944254,0.8168044077134985,0.7586595536854759,0.4699167507568113,0.2650330727600721,0.2174766355140186,0.2346546612495882
0.2796201814058957,0.2543027360988526,0.2163551401869158,0.7347394540942929,0.3248811410459588,0.2390402309218834,0.8119208615076384,0.7527237207904426,0.4650605449041372,0.2590198436560433,0.2105607476635514,0.2268584605248709
0.2731009070294785,0.2455869373345101,0.2014018691588784,0.7424317617866005,0.322107765451664,0.2291178062421072,0.8026546456298522,0.7443083627620406,0.4583753784056508,0.2512026458208058,0.1999999999999999,0.2169759525639617
0.2660147392290249,0.2396293027360989,0.1990654205607477,0.7488833746898264,0.313391442155309,0.2237055745985927,0.7962684698221888,0.74115260350139,0.4543390514631685,0.2463920625375826,0.1942990654205607,0.2111562534314263
0.2619047619047619,0.2335613415710503,0.1869158878504673,0.7540942928039703,0.3125990491283676,0.2164892657405736,0.7950162784873528,0.7390487639942895,0.4513118062563067,0.2430847865303668,0.1902803738317756,0.2073130558910727
0.2477324263038549,0.2181156222418358,0.1682242990654205,0.768982630272953,0.3007131537242472,0.2002525708100306,0.78725269221137,0.7317604628446915,0.4455726538849646,0.236470234515935,0.1818691588785046,0.1994070495223454
0.225765306122449,0.1949470432480141,0.1425233644859811,0.7915632754342432,0.2812995245641838,0.176258343857117,0.7728524918607562,0.7188368773010745,0.4337159434914228,0.2214371617558629,0.1635514018691588,0.1824969803447897
0.2074829931972789,0.1742056487202118,0.1149532710280372,0.8112903225806452,0.26743264659271,0.1540681941187082,0.7546957175056348,0.7048613720039071,0.4190842583249242,0.204374624173181,0.1426168224299065,0.1633907982870319
0.1986961451247165,0.1598631950573698,0.0836448598130842,0.8232009925558313,0.2682250396196514,0.1362078296951108,0.7441773102930127,0.6962206025997445,0.4103809283551967,0.1937011425135297,0.1297196261682242,0.15065334358186
0.1886337868480725,0.1475066195939982,0.064018691588785,0.8346153846153848,0.2622820919175911,0.1223164351434241,0.7404207362885049,0.6913366894582613,0.4059661957618566,0.1879885748647023,0.1217757009345794,0.1449434500933347
0.1721938775510204,0.1342674315975287,0.0621495327102805,0.849255583126551,0.2400950871632329,0.1111311564134945,0.7355371900826446,0.6856262679389886,0.3998486377396568,0.1811485267588695,0.1132710280373831,0.1370374437246074
0.1618480725623582,0.1253309796999117,0.058411214953271,0.8586848635235733,0.2274167987321711,0.103012808948223,0.7290257951414976,0.6801412577954767,0.3948662966700302,0.1753607937462417,0.1067289719626168,0.1291314373558801
0.1601473922902494,0.1233451015004413,0.0551401869158878,0.8606699751861043,0.2266244057052298,0.1008479162908171,0.7238918106686701,0.6766849500338117,0.3919021190716447,0.1714521948286229,0.1019626168224299,0.1233117382233446
0.163407029478458,0.1269858781994704,0.0598130841121493,0.8570719602977668,0.2290015847860538,0.1048168861627277,0.7246431254695717,0.6776617326621084,0.3922174571140262,0.1725796752856283,0.1030841121495327,0.1251784341715164
0.1703514739229024,0.1328331862312445,0.0621495327102805,0.8508684863523573,0.2377179080824089,0.1098683023633411,0.7297771099423992,0.6823202344278307,0.3962537840565086,0.1774654239326518,0.1083177570093457,0.1315471615241023
0.1697845804988662,0.1322815533980582,0.0616822429906542,0.8513647642679901,0.2373217115689381,0.1093270791989896,0.7317806160781366,0.6844240739349312,0.398335015136226,0.1792693926638605,0.110841121495327,0.1344021082683649
0.1622732426303854,0.1255516328331862,0.0579439252336448,0.8584367245657568,0.2282091917591124,0.1031932166696733,0.7275231655396944,0.6800661206702231,0.3954339051463168,0.1749849669272399,0.1061682242990654,0.1294608542879103
0.159438775510204,0.1226831421006178,0.0551401869158878,0.8612903225806452,0.2254358161648177,0.1003066931264658,0.7228900576008014,0.6759335787812758,0.3918390514631684,0.1716025255562236,0.1016822429906541,0.1240803777314153
0.1645408163265306,0.1274271844660194,0.058411214953271,0.8564516129032258,0.231378763866878,0.1048168861627277,0.7235161532682193,0.6772860470358404,0.3924697275479313,0.172730006013229,0.1029906542056074,0.1251784341715164
0.1709183673469388,0.1332744924977934,0.0621495327102805,0.8503722084367246,0.2385103011093502,0.1104095255276925,0.7309040821437515,0.6817942745510557,0.3963168516649848,0.1773902585688515,0.108411214953271,0.1317667728121225
0.1702097505668934,0.1320609002647838,0.0588785046728973,0.8513647642679901,0.2389064976228209,0.1086054483131878,0.7330328074129727,0.683747839807649,0.3978304742684157,0.1792693926638605,0.1100934579439252,0.1346217195563852
0.1631235827664399,0.1253309796999117,0.0546728971962616,0.8581885856079404,0.2305863708399366,0.1024715857838715,0.7277736038066616,0.6802163949207303,0.3947401614530776,0.1757366205652435,0.105607476635514,0.1292412429998902
0.1588718820861678,0.122352162400706,0.055607476635514,0.8616625310173698,0.2246434231378763,0.1001262854050153,0.7228900576008014,0.6757833045307686,0.3913975782038345,0.1710763680096212,0.101214953271028,0.1235313495113649
0.163265306122449,0.1273168578993821,0.0621495327102805,0.8569478908188586,0.2278129952456418,0.1055385170485296,0.7235161532682193,0.676985498534826,0.3920913218970736,0.171677690920024,0.1021495327102803,0.1245196003074558
0.1692176870748299,0.1337157987643424,0.0696261682242989,0.8507444168734493,0.2329635499207606,0.1120331950207468,0.7291510142749812,0.6820196859268164,0.3963799192734611,0.1767137702946482,0.1080373831775701,0.1315471615241023
0.1686507936507936,0.1327228596646072,0.0672897196261682,0.8516129032258065,0.2333597464342313,0.110950748692044,0.7331580265464563,0.6838229769329026,0.3980827447023208,0.1793445580276608,0.1098130841121495,0.1335236631162841
0.1626984126984127,0.1257722859664606,0.0579439252336448,0.8581885856079404,0.2286053882725832,0.1033736243911238,0.7296518908089156,0.6801412577954767,0.3947401614530776,0.1757366205652435,0.1054205607476635,0.1281431865597891
0.159438775510204,0.122352162400706,0.0537383177570091,0.8614143920595534,0.226228209191759,0.0997654699621143,0.7238918106686701,0.6757081674055151,0.3910191725529768,0.1709260372820204,0.1005607476635514,0.1219940704952234
0.1646825396825396,0.1268755516328332,0.055607476635514,0.8565756823821341,0.23256735340729,0.1039148475554753,0.724517906336088,0.6772109099105867,0.3921543895055499,0.1720535177390258,0.1023364485981308,0.1240803777314153
0.1707766439909297,0.1329435127978817,0.061214953271028,0.8506203473945411,0.2389064976228209,0.1098683023633411,0.7300275482093664,0.6822450973025772,0.3964429868819373,0.1771647624774503,0.1081308411214953,0.1304491050840013
0.1665249433106576,0.1280891438658428,0.0546728971962616,0.855210918114144,0.2353407290015847,0.1046364784412772,0.7326571500125219,0.683372154181381,0.3959384460141271,0.178141912206855,0.1079439252336448,0.1293510486439002
0.1408730158730158,0.1029346866725507,0.0327102803738316,0.8805210918114145,0.208795562599049,0.0799206206025617,0.7247683446030553,0.6734540536479074,0.3819374369323915,0.1661154539987973,0.0857943925233644,0.1050840013176677
0.0796485260770975,0.0580317740511914,0.0443925233644857,0.9326302729528536,0.1184627575277337,0.0454627458055204,0.705609817180065,0.6488842136899843,0.3563950554994954,0.1317648827420324,0.0470093457943925,0.0568793235972329
0.024234693877551,0.0187555163283318,0.061214953271028,0.978908188585608,0.0336767036450079,0.0165975103734439,0.7084898572501878,0.6361109023968743,0.345295156407669,0.1041791942273,0.0132710280373831,0.0154825958054243
0.0175736961451247,0.013459841129744,0.0602803738317755,0.9848635235732012,0.0249603803486528,0.012087317337182,0.761457550713749,0.6689458261326922,0.3900100908173561,0.1298857486470234,0.0122429906542056,0.0116393982650708
0.1013321995464852,0.0834068843777581,0.080373831775701,0.9088089330024814,0.1335182250396196,0.0730651271874436,0.841472577009767,0.7452851453903373,0.5025227043390513,0.2315844858689116,0.084018691588785,0.0875150982760513
0.2430555555555555,0.2215357458075905,0.1985981308411214,0.7691066997518611,0.2816957210776545,0.2087317337182031,0.9039569246180816,0.8301900969268915,0.6497225025227042,0.404389657245941,0.2383177570093458,0.2265290435928406
0.4467120181405896,0.4201235657546337,0.3677570093457944,0.568362282878412,0.4944532488114104,0.4037524806061698,0.9521662910092662,0.913592305958374,0.7874621594349142,0.597489476849068,0.4427102803738317,0.4201163939826506
0.6638321995464852,0.6487202118270081,0.619626168224299,0.3446650124069479,0.6909667194928684,0.6393649648204943,0.9889807162534434,0.9804643474340672,0.9261478304742684,0.8132140709561034,0.6774766355140186,0.6446689359833094
0.8786848072562359,0.8718005295675199,0.8570093457943923,0.1251861042183622,0.8910459587955626,0.8675807324553491,0.9696969696969696,0.983920655195732,1.0,0.9767739025856884,0.9077570093457944,0.8688920610519382
0.9947562358276644,0.9942630185348632,0.9925233644859812,0.0055831265508684,0.9956418383518224,0.9938661374706836,0.8307037315301777,0.8688105793072356,0.9153632694248234,0.9706103427540588,1.0,0.9945097177994948
0.9448696145124718,0.9451676963812884,0.9485981308411212,0.0550868486352357,0.9445324881141044,0.9451560526790546,0.5929125970448283,0.6542189495829889,0.6868693239152371,0.8092303066746843,0.9038317757009344,0.9467442626551006
0.7892573696145125,0.7829876434245368,0.7747663551401867,0.2143920595533499,0.8007131537242471,0.7790005412231643,0.3300776358627598,0.3822225561650011,0.4156786074672048,0.584786530366807,0.7167289719626168,0.7832436587240583
0.5993480725623583,0.5818623124448368,0.5495327102803738,0.410545905707196,0.6307448494453248,0.5711708461122135,0.1056849486601552,0.1250281764219701,0.1574167507568112,0.3519993986770895,0.4890654205607476,0.5809816624574502
0.3998015873015873,0.3683804060017652,0.302803738317757,0.6179900744416874,0.456418383518225,0.3489085332852246,0.0072627097420485,0.0070628897738372,0.0150731584258325,0.155216476247745,0.2643925233644859,0.3678489074338421
0.232001133786848,0.188658428949691,0.0953271028037383,0.7924317617866006,0.3098256735340728,0.1620061338625292,0.0977961432506886,0.062889773837253,0.0310923309788093,0.0301413108839446,0.1164485981308411,0.1928187108817393
0.1387471655328798,0.0957634598411297,0.0093457943925233,0.8854838709677421,0.2159270998415213,0.069456972758434,0.2773603806661657,0.2172965662333759,0.1248107971745711,0.0054870715574263,0.0445794392523364,0.1017898319973646
0.0854591836734694,0.0558252427184465,0.0158878504672898,0.9312655086848636,0.1386687797147385,0.0380660292260509,0.4495366892061107,0.3811706364114509,0.229755297679112,0.034801563439567,0.0216822429906542,0.0562204897331722
0.0783730158730158,0.057369814651368,0.0457943925233644,0.9334987593052108,0.1160855784469096,0.0451019303626195,0.5843976959679438,0.5183710271245022,0.3082114026236125,0.0904990980156344,0.031214953271028,0.0561106840891621
0.1232993197278911,0.0872683142100618,0.0242990654205607,0.8970223325062036,0.1881933438985736,0.0654880028865234,0.6690458302028549,0.6105642798106545,0.3577825428859737,0.1369512928442573,0.0620560747663551,0.0867464587679806
0.1598639455782312,0.1167255075022065,0.0285046728971963,0.86439205955335,0.2373217115689381,0.0902038607252389,0.7178812922614575,0.6621083477346157,0.3855953582240161,0.1650631389055923,0.0919626168224299,0.1190293181069506
0.1625566893424036,0.1229037952338922,0.0457943925233644,0.859801488833747,0.233755942947702,0.0986830236334114,0.7273979464062108,0.6775114584116012,0.3935418768920282,0.173556825015033,0.103644859813084,0.1272647414077083
0.1595804988662131,0.122352162400706,0.0532710280373833,0.8614143920595534,0.2266244057052298,0.0995850622406638,0.7233909341347358,0.6766098129085582,0.3918390514631684,0.1709260372820204,0.1022429906542056,0.1234215438673547
0.1646825396825396,0.1274271844660194,0.0579439252336448,0.8563275434243177,0.231378763866878,0.1048168861627277,0.7247683446030553,0.6777368697873619,0.3925327951564076,0.1726548406494287,0.1034579439252336,0.1251784341715164
0.1700680272108843,0.13261253309797,0.0621495327102805,0.8509925558312657,0.2373217115689381,0.1096878946418906,0.73015276734285,0.6818694116763092,0.3960015136226034,0.1775405892964522,0.1088785046728971,0.1319863841001427
0.1692176870748299,0.1325022065313327,0.0644859813084112,0.8514888337468983,0.2353407290015847,0.1100487100847916,0.7327823691460055,0.6838981140581561,0.397893541876892,0.1790438965724594,0.1104672897196261,0.1346217195563852
0.1625566893424036,0.1262135922330097,0.0598130841121493,0.8579404466501241,0.2278129952456418,0.1040952552769259,0.7294014525419483,0.6807423547975054,0.3948662966700302,0.1755862898376428,0.1063551401869158,0.1294608542879103
0.1591553287981859,0.1219108561341571,0.0528037383177571,0.8619106699751862,0.2258320126782884,0.0992242467977629,0.7237665915351865,0.6762341272822902,0.391082240161453,0.1711515333734215,0.1017757009345794,0.1229823212913143
0.1641156462585034,0.1264342453662842,0.055607476635514,0.8570719602977668,0.2317749603803486,0.1035540321125743,0.7236413724017029,0.6771357727853332,0.391965186680121,0.1719031870114251,0.1021495327102803,0.1252882398155265
0.1712018140589569,0.13261253309797,0.058411214953271,0.8504962779156328,0.2404912836767035,0.1089662637560886,0.7304032056098171,0.6822450973025772,0.396127648839556,0.1770144317498496,0.1080373831775701,0.1318765784561326
0.1696428571428571,0.1322815533980582,0.0616822429906542,0.8514888337468983,0.2369255150554675,0.1093270791989896,0.7331580265464563,0.6839732511834097,0.3981458123107971,0.1788184004810583,0.110841121495327,0.1346217195563852
0.1628401360544217,0.1261032656663724,0.058411214953271,0.857816377171216,0.2290015847860538,0.1037344398340248,0.7286501377410468,0.6805920805469982,0.3950554994954591,0.1753607937462417,0.1066355140186915,0.1291314373558801
0.1595804988662131,0.1229037952338922,0.055607476635514,0.861166253101737,0.2254358161648177,0.1004871008479163,0.7226396193338342,0.6763844015327972,0.3918390514631684,0.1713018641010222,0.1021495327102803,0.1242999890194356
0.1642573696145124,0.1267652250661959,0.0565420560747661,0.8568238213399505,0.2317749603803486,0.1039148475554753,0.7237665915351865,0.6772109099105867,0.3926589303733602,0.1722790138304269,0.1020560747663551,0.1245196003074558
0.1706349206349206,0.1319505736981465,0.0574766355140186,0.8512406947890819,0.2400950871632329,0.1082446328702868,0.7306536438767843,0.6824705086783379,0.3968213925327951,0.17708959711365,0.1088785046728971,0.1317667728121225
0.169501133786848,0.1301853486319505,0.0542056074766354,0.8527295285359803,0.2400950871632329,0.1062601479343316,0.7327823691460055,0.6835224284318882,0.3980827447023208,0.178968731208659,0.110841121495327,0.1341824969803448
0.1625566893424036,0.1242277140335393,0.0514018691588784,0.8590570719602978,0.231378763866878,0.1008479162908171,0.7287753568745304,0.6796904350439552,0.3949924318869828,0.1750601322910402,0.105607476635514,0.1286922147798396
0.1595804988662131,0.122352162400706,0.0532710280373833,0.8614143920595534,0.2266244057052298,0.0997654699621143,0.721763085399449,0.6756330302802614,0.3917129162462159,0.1713018641010222,0.1016822429906541,0.1228725156473042
0.1636904761904762,0.1274271844660194,0.061214953271028,0.8566997518610422,0.2286053882725832,0.1053581093270792,0.7238918106686701,0.6777368697873619,0.3923435923309787,0.1726548406494287,0.102803738317757,0.1251784341715164
0.1700680272108843,0.1331641659311562,0.0644859813084112,0.8507444168734493,0.2365293185419968,0.110589933249143,0.7297771099423992,0.6822450973025772,0.3960015136226034,0.1771647624774503,0.108411214953271,0.1313275502360821
0.169501133786848,0.132171226831421,0.0621495327102805,0.8516129032258065,0.2365293185419968,0.1093270791989896,0.7327823691460055,0.6838981140581561,0.3978304742684157,0.1792693926638605,0.1104672897196261,0.1349511364884155
0.1631235827664399,0.1259929390997352,0.0570093457943923,0.857816377171216,0.2297939778129952,0.1033736243911238,0.7290257951414976,0.6806672176722519,0.3948662966700302,0.1761876127480456,0.1065420560747663,0.1304491050840013
0.1600056689342403,0.1225728155339806,0.0523364485981308,0.861166253101737,0.2274167987321711,0.0997654699621143,0.7238918106686701,0.6764595386580509,0.3913345105953582,0.1717528562838244,0.1015887850467289,0.1239705720874052
0.1629818594104308,0.1270962047661077,0.0621495327102805,0.857196029776675,0.2274167987321711,0.1051777016056287,0.7252692211369897,0.6772860470358404,0.3925958627648839,0.1726548406494287,0.1029906542056074,0.1251784341715164
0.171343537414966,0.1334951456310679,0.061214953271028,0.85,0.2396988906497623,0.1104095255276925,0.7302779864763336,0.6814185889247877,0.3966321897073662,0.1774654239326518,0.1080373831775701,0.1317667728121225
0.1710600907029478,0.1313989408649603,0.0542056074766354,0.8512406947890819,0.2420760697305863,0.1071621865415839,0.7330328074129727,0.6835975655571417,0.3982088799192734,0.1796452194828622,0.1107476635514018,0.1340726913363346
0.1625566893424036,0.125441306266549,0.0565420560747661,0.8584367245657568,0.2290015847860538,0.1028324012267725,0.7286501377410468,0.6802915320459838,0.3942356205852674,0.1761124473842453,0.1058878504672897,0.1285824091358296
0.1601473922902494,0.1231244483671668,0.0546728971962616,0.8606699751861043,0.2266244057052298,0.1004871008479163,0.7236413724017029,0.676083853031783,0.3913975782038345,0.171677690920024,0.1014018691588785,0.1233117382233446
0.1645408163265306,0.1270962047661077,0.0570093457943923,0.8565756823821341,0.2317749603803486,0.1042756629983762,0.7236413724017029,0.6769103614095724,0.3925958627648839,0.1726548406494287,0.102429906542056,0.1244097946634456
0.1700680272108843,0.1327228596646072,0.0626168224299063,0.8509925558312657,0.2369255150554675,0.1100487100847916,0.7291510142749812,0.6819445488015629,0.3964429868819373,0.1771647624774503,0.1079439252336448,0.1308883276600417
0.1690759637188208,0.132171226831421,0.0630841121495325,0.8517369727047146,0.2357369255150554,0.1095074869204401,0.7321562734785875,0.6841235254339169,0.397893541876892,0.1785177390258568,0.1101869158878504,0.133413857472274
0.1619897959183673,0.1261032656663724,0.0607476635514018,0.8583126550868487,0.2266244057052298,0.1042756629983762,0.7268970698722764,0.680441806296491,0.3941094853683148,0.1748346361996392,0.1061682242990654,0.1273745470517184
0.1595804988662131,0.1229037952338922,0.0551401869158878,0.861166253101737,0.2258320126782884,0.1004871008479163,0.7232657150012521,0.6765346757833044,0.3913345105953582,0.1715273601924233,0.1017757009345794,0.1225430987152739
0.1645408163265306,0.1264342453662842,0.0542056074766354,0.8569478908188586,0.2329635499207606,0.1031932166696733,0.7232657150012521,0.6766849500338117,0.3922174571140262,0.1719783523752255,0.1018691588785046,0.123750960799385
0.1706349206349206,0.1319505736981465,0.0579439252336448,0.8512406947890819,0.2400950871632329,0.1084250405917373,0.7287753568745304,0.6814937260500412,0.3962537840565086,0.176262778111846,0.1074766355140186,0.1306687163720215
0.1723356009070294,0.1338261253309796,0.0602803738317755,0.8493796526054591,0.2412836767036449,0.1104095255276925,0.7330328074129727,0.687204147569314,0.4016775983854692,0.1832531569452796,0.1127102803738317,0.1364884155045569
0.179563492063492,0.1386804942630186,0.0565420560747661,0.8434243176178661,0.2531695721077654,0.1136568645138011,0.7352867518156774,0.6919377864602899,0.413092835519677,0.193550811785929,0.1187850467289719,0.1401120017568903
0.1930272108843537,0.1503751103265666,0.0616822429906542,0.8310173697270472,0.269809825673534,0.1241205123579289,0.7405459554219884,0.6993012247351417,0.4287966700302724,0.2073812387251954,0.1299065420560747,0.1464807291094762
0.2149943310657596,0.1727714033539276,0.08411214953271,0.8088089330024815,0.2908082408874802,0.1468518852606891,0.7506887052341598,0.7120745360282515,0.4467078708375377,0.2260222489476849,0.1453271028037383,0.1600966289667288
0.2361111111111111,0.1937334510150044,0.103271028037383,0.7877171215880895,0.312202852614897,0.1677791809489446,0.7668419734535437,0.7300323089638591,0.4707996972754792,0.2506013229104029,0.1663551401869158,0.180630284396618
0.2556689342403628,0.2118270079435128,0.1154205607476634,0.768982630272953,0.3343898573692551,0.1847375067652895,0.7798647633358378,0.7461867908933804,0.4922426841574167,0.2734515935057126,0.1839252336448598,0.1971011309981333
0.2636054421768707,0.2210944395410414,0.1285046728971962,0.7604218362282879,0.3399366085578447,0.1950207468879667,0.7865013774104683,0.7549778345480501,0.50882946518668,0.288334335538184,0.194018691588785,0.205446359942901
0.2777777777777778,0.2346646072374227,0.1392523364485979,0.7465260545905708,0.3549920760697306,0.2081905105538516,0.7918858001502629,0.7646705237057629,0.5256054490413724,0.3044197233914612,0.2042056074766355,0.2132425606676182
0.300453514739229,0.2573918799646955,0.1607476635514017,0.7238213399503722,0.3779714738510301,0.2307414757351614,0.8017781116954671,0.7789465775039447,0.5459762865792128,0.32501503307276,0.2205607476635513,0.2279565169649719
0.3242630385487529,0.279126213592233,0.1742990654205607,0.7012406947890819,0.4053090332805071,0.2511275482590654,0.817931379914851,0.7969794875648057,0.5685544904137234,0.3489927841250751,0.2421495327102803,0.2478313385308004
0.3384353741496598,0.2935789938217123,0.1892523364485981,0.686848635235732,0.4187797147385103,0.2659209814180046,0.8305785123966942,0.8102787587346907,0.5890514631685166,0.3689867708959711,0.2577570093457944,0.2628747117601844
0.3475056689342403,0.3024051191526919,0.1957943925233645,0.6779156327543425,0.4286846275752773,0.2744001443261771,0.8337089907337841,0.8166654143812457,0.603241675075681,0.3828923631990378,0.2665420560747663,0.2696826616888108
0.3594104308390023,0.3133274492497793,0.2032710280373829,0.6665012406947891,0.4421553090332805,0.2848637921703048,0.8374655647382919,0.8235780299045757,0.6161705348133198,0.3940920024052916,0.2746728971962616,0.275282749533326
0.3775510204081633,0.330648720211827,0.216822429906542,0.6488833746898264,0.4615689381933439,0.3016417102651993,0.845229151014275,0.8347734615673603,0.6312436932391523,0.4101773902585688,0.2876635514018691,0.2864829252223564
0.3958333333333333,0.3475286849073257,0.2280373831775699,0.6313895781637717,0.4825673534072899,0.3175175897528414,0.8571249686952166,0.8484484183635134,0.6487134207870837,0.4270144317498496,0.3037383177570093,0.3005380476556494
0.4032029478458049,0.3554721977052074,0.2373831775700933,0.6236972704714641,0.4889064976228208,0.3258163449395634,0.8668920611069371,0.8588173416485085,0.6621468213925327,0.4407696933253157,0.3157009345794392,0.312946085428791
0.4077380952380952,0.3601059135039717,0.2420560747663552,0.6191066997518611,0.4932646592709984,0.3305069456972759,0.8682694715752566,0.8608460440303554,0.6685797174571139,0.4487372218881539,0.3183177570093458,0.315142198308993
0.4111394557823129,0.3626434245366284,0.2415887850467289,0.6161290322580646,0.4984152139461172,0.3324914306332311,0.8682694715752566,0.86219851228492,0.6728683148335015,0.4521948286229705,0.3199065420560747,0.3156912265290436
0.4176587301587302,0.3709179170344219,0.2551401869158876,0.6086848635235732,0.5015847860538827,0.3418726321486559,0.8691460055096418,0.8662559170486137,0.6799949545913218,0.4586590499098015,0.3248598130841121,0.3222795651696497
0.4263038548752834,0.3791924095322154,0.261682242990654,0.6002481389578165,0.5106973058637083,0.3498105718924769,0.8749060856498874,0.8721166128183936,0.6871215943491422,0.4658749248346361,0.3328971962616822,0.3300757658943669
0.4241780045351474,0.3789717563989409,0.267289719626168,0.6013647642679901,0.5055467511885895,0.3508930182211798,0.8780365639869772,0.874746412202269,0.6889505549949545,0.4679795550210462,0.3354205607476635,0.3331503239266498
0.415391156462585,0.3713592233009709,0.264485981308411,0.6094292803970224,0.4944532488114104,0.3440375248060616,0.8732782369146005,0.8702381846870538,0.685103430877901,0.4640709561034275,0.3310280373831775,0.3275502360821346
0.411281179138322,0.3652912621359223,0.2523364485981306,0.6146401985111664,0.4936608557844691,0.3368212159480425,0.8685199098422238,0.8650537230445563,0.6779767911200806,0.4567047504509922,0.3231775700934579,0.3201932579334577
0.4151077097505669,0.366063548102383,0.2425233644859814,0.6125310173697271,0.5035657686212361,0.3353779541764387,0.8676433759078387,0.8629498835374558,0.6719853683148335,0.451668671076368,0.3204672897196261,0.316130449105084
0.4131235827664399,0.3655119152691968,0.2471962616822429,0.6136476426799008,0.498811410459588,0.3359191773407902,0.8678938141748058,0.8612217296566232,0.6682643794147326,0.44791040288635,0.3187850467289719,0.3166794773251344
0.4013605442176871,0.3531553398058252,0.2341121495327101,0.6258064516129033,0.4877179080824088,0.3232906368392567,0.8653894315051339,0.8564129536403936,0.6597502522704338,0.4382892363199037,0.3135514018691588,0.3109695838366091
0.385062358276644,0.3374889673433363,0.2210280373831777,0.6416873449131515,0.4706814580031696,0.3079559805159661,0.8556223390934135,0.8460440303553985,0.6448662966700301,0.4234816596512327,0.2994392523364486,0.2977929065553969
0.3698979591836734,0.3236981465136805,0.2126168224299063,0.6562034739454096,0.4528526148969888,0.2949666245715316,0.8434760831455046,0.8326696220602599,0.6282164480322906,0.4067949488875526,0.2841121495327102,0.2843966179861644
0.3612528344671202,0.3155339805825242,0.2065420560747661,0.6645161290322581,0.4433438985736925,0.287209092549161,0.8353368394690709,0.8222255616500111,0.6139631685166498,0.3916115453998797,0.2732710280373831,0.2745141100252553
0.3524659863945578,0.3067078552515445,0.1981308411214952,0.6733250620347395,0.4346275752773375,0.2783691141980877,0.8332081141998496,0.8166654143812457,0.6016649848637738,0.3808628983764281,0.2658878504672897,0.2700120786208411
0.3354591836734694,0.2900485436893204,0.1836448598130841,0.6901985111662532,0.4167987321711568,0.2619520115460942,0.8288254445279238,0.8084003306033511,0.5856458123107972,0.3655291641611545,0.2554205607476635,0.2616668496760733
0.3120748299319728,0.2683142100617829,0.169158878504673,0.7126550868486353,0.3902535657686212,0.2413855313007396,0.8143000250438267,0.7923209857990833,0.5635721493440967,0.3432050511124473,0.2369158878504672,0.2435489184144064
0.2915249433106576,0.2493380406001765,0.1560747663551402,0.7322580645161291,0.3672741679873217,0.2233447591556917,0.7992737290257951,0.7749643098655045,0.5420030272452069,0.3208057726999399,0.2163551401869158,0.2249917645766992
0.2786281179138322,0.235216240070609,0.1387850467289721,0.7459057071960298,0.3565768621236133,0.2083709182753021,0.789381417480591,0.7624164099481553,0.5225782038345105,0.3013379434756464,0.2023364485981308,0.2133523663116283
0.270266439909297,0.2251765225066196,0.1238317757009343,0.755210918114144,0.3510301109350238,0.1973660472668229,0.7841222138742799,0.7541513261702607,0.5064328960645812,0.2863048707155742,0.1918691588785046,0.2052267486548808
0.251984126984127,0.2086275375110327,0.1140186915887851,0.7724565756823821,0.3300316957210776,0.1818509832220819,0.7779864763335838,0.7437824028852655,0.4883955600403632,0.2696933253156945,0.1807476635514018,0.1944657955418908
0.2256235827664399,0.1834730803177404,0.0943925233644859,0.7981389578163771,0.3011093502377179,0.1576763485477178,0.7637114951164538,0.726200315575926,0.4653128153380423,0.2448135898977751,0.1606542056074766,0.1755792247721533
0.2083333333333333,0.1651588702559576,0.0738317757009346,0.8160049627791564,0.2856576862123613,0.1387335377954175,0.7491860756323566,0.7087685025170937,0.4427346115035317,0.2220384846662658,0.1405607476635514,0.157022070934446
0.1951530612244898,0.1522506619593998,0.0621495327102805,0.8290322580645162,0.2721870047543581,0.1257441818509831,0.7387928875532181,0.6980238936058305,0.4250756811301715,0.2046752856283824,0.1271028037383177,0.1457120896014055
0.1848072562358276,0.1436451897616946,0.0607476635514018,0.8383374689826303,0.2587163232963549,0.118527872992964,0.7350363135487101,0.6921631978360508,0.4108224016145307,0.1921226698737222,0.1193457943925233,0.1415394751290216
0.1716269841269841,0.1330538393645189,0.058411214953271,0.8501240694789083,0.2412836767036449,0.1093270791989896,0.7320310543451038,0.685926816440003,0.4004793138244197,0.1809981960312688,0.1121495327102803,0.1357197759964862
0.1635487528344671,0.1261032656663724,0.0560747663551403,0.8575682382133996,0.2305863708399366,0.1031932166696733,0.7278988229401452,0.6801412577954767,0.3950554994954591,0.1750601322910402,0.1058878504672897,0.1292412429998902
0.1595804988662131,0.123234774933804,0.0570093457943923,0.8609181141439206,0.2246434231378763,0.1012087317337181,0.7227648384673178,0.6759335787812758,0.3915867810292633,0.1707757065544197,0.1011214953271028,0.1232019325793346
0.1638321995464852,0.1270962047661077,0.0593457943925235,0.8568238213399505,0.2297939778129952,0.1048168861627277,0.7228900576008014,0.6767600871590653,0.3918390514631684,0.1716025255562236,0.1014953271028037,0.1233117382233446
0.1703514739229024,0.1327228596646072,0.0616822429906542,0.8508684863523573,0.2381141045958795,0.1098683023633411,0.7287753568745304,0.6816440003005484,0.3958753784056508,0.1765634395670475,0.1063551401869158,0.1300098825079609
0.1700680272108843,0.1319505736981465,0.0593457943925235,0.8514888337468983,0.2385103011093502,0.1087858560346383,0.731404958677686,0.6832218799308738,0.3977674066599394,0.1783674082982561,0.1095327102803738,0.1337432744043043
0.1638321995464852,0.1261032656663724,0.0551401869158878,0.8574441687344915,0.231378763866878,0.1031932166696733,0.7297771099423992,0.6802163949207303,0.3952447023208879,0.1755111244738424,0.1064485981308411,0.1296804655759306
0.1595804988662131,0.1224624889673433,0.0537383177570091,0.8614143920595534,0.226228209191759,0.0997654699621143,0.7232657150012521,0.676083853031783,0.3918390514631684,0.1712266987372218,0.1014953271028037,0.1233117382233446
0.1641156462585034,0.1268755516328332,0.0579439252336448,0.8568238213399505,0.2309825673534072,0.1042756629983762,0.7237665915351865,0.6771357727853332,0.3922174571140262,0.171677690920024,0.1028971962616822,0.1239705720874052
0.1706349206349206,0.1329435127978817,0.0616822429906542,0.8506203473945411,0.2381141045958795,0.1098683023633411,0.7287753568745304,0.6824705086783379,0.3958123107971745,0.1764131088394468,0.1081308411214953,0.1316569671681124
0.1702097505668934,0.1318402471315092,0.058411214953271,0.8513647642679901,0.2393026941362915,0.1084250405917373,0.731404958677686,0.6839732511834097,0.3975151362260343,0.1785929043896572,0.1100934579439252,0.1335236631162841
0.1628401360544217,0.1258826125330979,0.0570093457943923,0.8579404466501241,0.2293977812995245,0.1033736243911238,0.7290257951414976,0.6808926290480126,0.3954339051463168,0.1758117859290439,0.1062616822429906,0.1294608542879103
0.1591553287981859,0.1234554280670785,0.0593457943925235,0.8610421836228288,0.2230586370839936,0.1017499548980696,0.7241422489356374,0.6763092644075437,0.391523713420787,0.1719031870114251,0.1019626168224299,0.1236411551553749
0.1646825396825396,0.1277581641659312,0.0593457943925235,0.8562034739454095,0.2309825673534072,0.1051777016056287,0.7231404958677685,0.676985498534826,0.3922174571140262,0.1729555021046302,0.102429906542056,0.1246294059514659
0.1706349206349206,0.1330538393645189,0.0621495327102805,0.8504962779156328,0.2381141045958795,0.110229117806242,0.7297771099423992,0.68209482305207,0.3958123107971745,0.1768641010222489,0.1076635514018691,0.1308883276600417
0.1707766439909297,0.1316195939982347,0.0560747663551403,0.8512406947890819,0.2408874801901743,0.1077034097059354,0.7312797395442023,0.6835224284318882,0.3976412714429868,0.1786680697534576,0.1099065420560747,0.1339628856923246
0.1643990929705215,0.1258826125330979,0.0523364485981308,0.8573200992555832,0.2333597464342313,0.1024715857838715,0.7280240420736288,0.6800661206702231,0.3951185671039354,0.1751352976548406,0.1053271028037383,0.1290216317118699
0.1600056689342403,0.1227934686672551,0.0537383177570091,0.8609181141439206,0.2270206022187004,0.1001262854050153,0.7231404958677685,0.6762341272822902,0.3915867810292633,0.171677690920024,0.1006542056074766,0.123750960799385
0.1648242630385487,0.1266548984995587,0.0542056074766354,0.8566997518610422,0.2333597464342313,0.1033736243911238,0.7232657150012521,0.6770606356600796,0.3927219979818365,0.1730306674684305,0.102429906542056,0.1249588228834962
0.1709183673469388,0.132171226831421,0.0574766355140186,0.8509925558312657,0.2404912836767035,0.1086054483131878,0.7294014525419483,0.6818694116763092,0.3964429868819373,0.1771647624774503,0.1077570093457943,0.1313275502360821
0.1706349206349206,0.131729920564872,0.0560747663551403,0.8513647642679901,0.2404912836767035,0.1078838174273858,0.7325319308790382,0.6838229769329026,0.3977043390514631,0.1787432351172579,0.1097196261682243,0.1340726913363346
0.1639739229024943,0.1268755516328332,0.0579439252336448,0.8569478908188586,0.2305863708399366,0.1042756629983762,0.7281492612071124,0.6800661206702231,0.3949293642785065,0.1753607937462417,0.1058878504672897,0.1286922147798396
0.1608560090702948,0.1242277140335393,0.0570093457943923,0.859801488833747,0.2266244057052298,0.10193036261952,0.7235161532682193,0.6759335787812758,0.3917129162462159,0.1713770294648226,0.101214953271028,0.1233117382233446
0.1648242630385487,0.1274271844660194,0.0570093457943923,0.8562034739454095,0.2321711568938192,0.1046364784412772,0.7230152767342849,0.6764595386580509,0.3923435923309787,0.1722790138304269,0.102429906542056,0.123750960799385
0.1723356009070294,0.1328331862312445,0.0560747663551403,0.85,0.2432646592709983,0.1087858560346383,0.7285249186075632,0.6811180404237733,0.3966321897073662,0.1764882742032471,0.1074766355140186,0.1306687163720215
0.1719104308390022,0.132171226831421,0.0542056074766354,0.8504962779156328,0.2432646592709983,0.1078838174273858,0.7317806160781366,0.6832970170561274,0.398335015136226,0.1785929043896572,0.1092523364485981,0.1336334687602943
0.1642573696145124,0.1258826125330979,0.0528037383177571,0.8574441687344915,0.2329635499207606,0.1024715857838715,0.728900576008014,0.6801412577954767,0.3950554994954591,0.1753607937462417,0.105607476635514,0.1290216317118699
0.1602891156462584,0.1229037952338922,0.0532710280373833,0.8607940446650124,0.2274167987321711,0.1001262854050153,0.721763085399449,0.6757081674055151,0.3912083753784056,0.1709260372820204,0.1006542056074766,0.1224332930712638
0.1639739229024943,0.1268755516328332,0.0579439252336448,0.8569478908188586,0.2305863708399366,0.1042756629983762,0.7231404958677685,0.6766849500338117,0.3922174571140262,0.1721286831028262,0.1015887850467289,0.1228725156473042
0.1702097505668934,0.1327228596646072,0.0621495327102805,0.8509925558312657,0.2377179080824089,0.1098683023633411,0.7300275482093664,0.682620782928845,0.3965691220988899,0.1773150932050511,0.1085981308411214,0.1309981333040518
0.1692176870748299,0.1325022065313327,0.064018691588785,0.8514888337468983,0.2353407290015847,0.1100487100847916,0.7329075882794891,0.6840483883086633,0.3979566094853683,0.1788935658448587,0.1114018691588785,0.1339628856923246
0.1635487528344671,0.1272065313327448,0.0607476635514018,0.8569478908188586,0.2290015847860538,0.1049972938841782,0.7277736038066616,0.6799909835449696,0.3947401614530776,0.1747594708358388,0.1061682242990654,0.1284726034918194
0.1598639455782312,0.1238967343336275,0.0593457943925235,0.8604218362282879,0.2242472266244057,0.1021107703409705,0.7220135236664161,0.6756330302802614,0.3913975782038345,0.1703247143716175,0.1009345794392523,0.1230921269353244
0.1662414965986394,0.1277581641659312,0.0542056074766354,0.8554590570719603,0.2353407290015847,0.1042756629983762,0.7232657150012521,0.6769103614095724,0.3921543895055499,0.1718280216476247,0.1019626168224299,0.1247392115954759
0.1719104308390022,0.1336054721977052,0.0598130841121493,0.8496277915632755,0.2408874801901743,0.110229117806242,0.7305284247433007,0.682620782928845,0.3968213925327951,0.17708959711365,0.1082242990654205,0.1322059953881629
0.1704931972789115,0.1329435127978817,0.0621495327102805,0.8506203473945411,0.2381141045958795,0.1100487100847916,0.7325319308790382,0.684273799684424,0.3982088799192734,0.1785177390258568,0.1102803738317756,0.1349511364884155
0.163407029478458,0.1255516328331862,0.0542056074766354,0.8579404466501241,0.231378763866878,0.1024715857838715,0.7276483846731779,0.6798407092944624,0.3946770938446014,0.1751352976548406,0.1062616822429906,0.1299000768639508
0.1598639455782312,0.1229037952338922,0.0542056074766354,0.8610421836228288,0.2266244057052298,0.1003066931264658,0.7227648384673178,0.6759335787812758,0.3913345105953582,0.1715273601924233,0.1007476635514018,0.1239705720874052
0.1643990929705215,0.1273168578993821,0.0579439252336448,0.8564516129032258,0.2309825673534072,0.1046364784412772,0.7233909341347358,0.676985498534826,0.3925327951564076,0.1724293445580276,0.1017757009345794,0.1246294059514659
0.1717687074829932,0.1329435127978817,0.0579439252336448,0.8501240694789083,0.2416798732171157,0.1091466714775391,0.7296518908089156,0.6820196859268164,0.396127648839556,0.1768641010222489,0.1075700934579439,0.1315471615241023
0.1717687074829932,0.132171226831421,0.0542056074766354,0.8506203473945411,0.2428684627575277,0.1078838174273858,0.7322814926120711,0.683747839807649,0.397893541876892,0.1785177390258568,0.1101869158878504,0.1341824969803448
0.1638321995464852,0.1258826125330979,0.0537383177570091,0.8575682382133996,0.2321711568938192,0.102651993505322,0.7281492612071124,0.6801412577954767,0.3949924318869828,0.1749098015634395,0.1061682242990654,0.1285824091358296
0.1597222222222222,0.123234774933804,0.0565420560747661,0.8609181141439206,0.225039619651347,0.1010283240122676,0.7241422489356374,0.6765346757833044,0.3915867810292633,0.1710012026458208,0.1016822429906541,0.1230921269353244
0.1651077097505669,0.1275375110326566,0.0574766355140186,0.8560794044665013,0.2321711568938192,0.1048168861627277,0.7241422489356374,0.6771357727853332,0.3926589303733602,0.1722790138304269,0.1028971962616822,0.1241901833754254
0.1720521541950113,0.1331641659311562,0.058411214953271,0.8498759305210919,0.2416798732171157,0.1095074869204401,0.7290257951414976,0.6820196859268164,0.3961907164480323,0.1766386049308478,0.1078504672897196,0.1303392994399912
0.1710600907029478,0.1320609002647838,0.0560747663551403,0.8509925558312657,0.2412836767036449,0.1080642251488363,0.7327823691460055,0.6838229769329026,0.3975782038345106,0.1788184004810583,0.1106542056074766,0.1338530800483144
0.1636904761904762,0.1262135922330097,0.0560747663551403,0.8574441687344915,0.2309825673534072,0.1033736243911238,0.7285249186075632,0.6794650236681944,0.3947401614530776,0.1755111244738424,0.1060747663551401,0.1284726034918194
0.1590136054421768,0.1226831421006178,0.0565420560747661,0.8615384615384617,0.2242472266244057,0.1004871008479163,0.7226396193338342,0.6754827560297544,0.3912714429868819,0.1712266987372218,0.1009345794392523,0.1230921269353244
0.1641156462585034,0.1268755516328332,0.0574766355140186,0.8569478908188586,0.2309825673534072,0.1040952552769259,0.7235161532682193,0.6765346757833044,0.3919021190716447,0.1718280216476247,0.1020560747663551,0.1242999890194356
0.1716269841269841,0.13261253309797,0.0570093457943923,0.8503722084367246,0.2416798732171157,0.1087858560346383,0.7290257951414976,0.6808926290480126,0.3956861755802219,0.1767889356584485,0.1073831775700934,0.1306687163720215
0.1707766439909297,0.131729920564872,0.0560747663551403,0.8512406947890819,0.2408874801901743,0.1078838174273858,0.7312797395442023,0.6831467428056202,0.397452068617558,0.1788935658448587,0.1102803738317756,0.133413857472274
0.1631235827664399,0.1259929390997352,0.0570093457943923,0.857816377171216,0.2297939778129952,0.1033736243911238,0.7277736038066616,0.6794650236681944,0.3948662966700302,0.1749849669272399,0.1058878504672897,0.1282529922037993
0.1601473922902494,0.1230141218005295,0.0546728971962616,0.8607940446650124,0.2266244057052298,0.1004871008479163,0.7220135236664161,0.6755578931550079,0.3913345105953582,0.1707757065544197,0.1004672897196261,0.1227627100032941
0.1655328798185941,0.1276478375992939,0.0560747663551403,0.8558312655086848,0.233755942947702,0.1044560707198267,0.7228900576008014,0.6767600871590653,0.3925958627648839,0.1721286831028262,0.1018691588785046,0.1249588228834962
0.1712018140589569,0.1338261253309796,0.0635514018691588,0.8498759305210919,0.2381141045958795,0.1111311564134945,0.7297771099423992,0.6817942745510557,0.3966321897073662,0.1776909200240529,0.1081308411214953,0.132315801032173
0.1697845804988662,0.1330538393645189,0.0649532710280374,0.8508684863523573,0.2357369255150554,0.1107703409705935,0.7329075882794891,0.6840483883086633,0.3980827447023208,0.178968731208659,0.1097196261682243,0.1349511364884155
0.163265306122449,0.1268755516328332,0.0602803738317755,0.857196029776675,0.2286053882725832,0.1046364784412772,0.7286501377410468,0.6801412577954767,0.3948032290615539,0.1753607937462417,0.1055140186915887,0.1294608542879103
0.1601473922902494,0.123234774933804,0.0551401869158878,0.8606699751861043,0.226228209191759,0.1008479162908171,0.7228900576008014,0.6757833045307686,0.3912714429868819,0.1711515333734215,0.101214953271028,0.123750960799385
0.1651077097505669,0.1277581641659312,0.0579439252336448,0.8559553349875932,0.2321711568938192,0.1049972938841782,0.7231404958677685,0.6769103614095724,0.3923435923309787,0.1726548406494287,0.1022429906542056,0.1245196003074558
0.1750283446712018,0.1353706972639011,0.0574766355140186,0.8473945409429281,0.2464342313787638,0.1111311564134945,0.7322814926120711,0.6838981140581561,0.3982088799192734,0.1794948887552615,0.1107476635514018,0.1335236631162841
0.1884920634920635,0.146513680494263,0.0607476635514018,0.8352357320099256,0.2634706814580032,0.1208731733718202,0.7445529676934636,0.6927642948380794,0.4069122098890009,0.1894918821407095,0.1238317757009345,0.1464807291094762
0.1971371882086167,0.1583186231244483,0.0817757009345793,0.8248138957816377,0.2666402535657686,0.1345841602020566,0.7494365138993238,0.697948756480577,0.412209889001009,0.1964070956103427,0.1331775700934579,0.153837707258153
0.2076247165532879,0.1726610767872903,0.1079439252336449,0.8121588089330025,0.2702060221870048,0.1513620782969511,0.7548209366391184,0.703959726500864,0.41813824419778,0.2032471437161755,0.1417757009345794,0.1616339079828703
0.2276077097505669,0.1954986760812004,0.1387850467289721,0.7904466501240696,0.2852614896988906,0.1760779361356666,0.767342849987478,0.7150800210383951,0.4301841574167507,0.2174533974744437,0.1593457943925233,0.176347864280224
0.2488662131519274,0.2181156222418358,0.1644859813084111,0.7684863523573201,0.3042789223454833,0.1993505322027783,0.7831204608064112,0.7283041550830265,0.443239152371342,0.233538785327721,0.1785981308411214,0.1954540463379817
0.2610544217687074,0.2323477493380406,0.1845794392523365,0.755210918114144,0.3125990491283676,0.2148655962475194,0.7965189080891559,0.7394244496205575,0.4526362260343087,0.2439867708959711,0.1918691588785046,0.2098385857033051
0.2628968253968254,0.2378640776699029,0.2018691588785046,0.7512406947890818,0.3078446909667194,0.2228035359913404,0.7990232907588278,0.7432564430084904,0.4564833501513622,0.2484966927239927,0.196822429906542,0.2144504227517294
0.2728174603174603,0.2460282436010591,0.2037383177570091,0.7423076923076924,0.3209191759112519,0.229839437127909,0.8015276734284998,0.7438575400105192,0.4576185671039354,0.2503758268190018,0.1997196261682242,0.21510925661579
0.2821712018140589,0.2558473080317741,0.2144859813084112,0.7327543424317619,0.329635499207607,0.2399422695291357,0.8066616579013273,0.7497933729055526,0.4623486377396568,0.2551864101022248,0.2064485981308411,0.2225760404084769
0.2891156462585034,0.2636804942630185,0.2252336448598129,0.7253101736972705,0.3347860538827258,0.2484214324373082,0.8130478337089907,0.7563303028026147,0.4675832492431886,0.2621767889356584,0.2141121495327102,0.2309212693532447
0.2855725623582766,0.2597087378640777,0.2196261682242989,0.7290322580645162,0.332012678288431,0.2440916471224968,0.8139243676433758,0.7552783830490645,0.4668895055499494,0.2612748045700541,0.2129906542056074,0.2293839903371032
0.2735260770975056,0.2470211827007943,0.2056074766355141,0.7414392059553351,0.3213153724247227,0.2311022911780624,0.8054094665664913,0.747163573521677,0.4605196770938445,0.2532321106434155,0.2037383177570093,0.2190622598001537
0.2589285714285714,0.233451015004413,0.1967289719626169,0.7554590570719604,0.304675118858954,0.2181129352336279,0.7925118958176809,0.7385228041175145,0.4519424823410696,0.2436861094407697,0.1915887850467289,0.2066542220270121
0.2535430839002268,0.2249558693733451,0.1780373831775701,0.7626550868486353,0.304675118858954,0.2076492873895002,0.7862509391435011,0.7315350514689307,0.445446518668012,0.2360944076969332,0.1822429906542055,0.1990776325903151
0.2456065759637188,0.2148058252427184,0.1607476635514017,0.7717121588089331,0.3011093502377179,0.1959227854952192,0.7812421738041573,0.7277781952062513,0.4419778002018163,0.2318099819603127,0.1757943925233644,0.1942461842538706
0.2310090702947845,0.1974845542806708,0.1364485981308409,0.7879652605459058,0.2912044374009508,0.1771603824643695,0.7737290257951415,0.7200390713051319,0.4337159434914228,0.2217378232110643,0.1632710280373831,0.1844734819369715
0.2093253968253968,0.1733230361871138,0.105140186915888,0.8110421836228288,0.2737717908082409,0.1513620782969511,0.7590783871775607,0.7068900743857539,0.4202194752774975,0.2061785929043896,0.1444859813084112,0.1662457450312946
0.1909013605442177,0.1523609885260371,0.0771028037383178,0.830893300248139,0.2603011093502377,0.1288111131156414,0.7427998998246932,0.6925388834623186,0.4075428859737638,0.1905441972339146,0.1255140186915887,0.1463709234654661
0.1787131519274376,0.138901147396293,0.0598130841121493,0.8436724565756825,0.2503961965134706,0.1143784953996031,0.7332832456799399,0.6838229769329026,0.3989656912209888,0.1803968731208659,0.1127102803738317,0.1357197759964862
0.1727607709750567,0.1340467784642542,0.0588785046728973,0.8490074441687345,0.242472266244057,0.1104095255276925,0.7309040821437515,0.6829213314298594,0.3968844601412714,0.1784425736620565,0.1094392523364485,0.1341824969803448
0.171485260770975,0.1322815533980582,0.0560747663551403,0.8506203473945411,0.2420760697305863,0.1084250405917373,0.731404958677686,0.6838981140581561,0.3981458123107971,0.1794197233914612,0.1103738317757009,0.1350609421324256
0.1641156462585034,0.1255516328331862,0.0518691588785046,0.8576923076923078,0.2333597464342313,0.10193036261952,0.728274480340596,0.6803666691712374,0.3946770938446014,0.1749098015634395,0.105607476635514,0.1294608542879103
0.1601473922902494,0.1225728155339806,0.0523364485981308,0.8610421836228288,0.2274167987321711,0.0997654699621143,0.7236413724017029,0.6763844015327972,0.3915867810292633,0.1713018641010222,0.1011214953271028,0.1239705720874052
0.1641156462585034,0.1275375110326566,0.0602803738317755,0.8564516129032258,0.2297939778129952,0.1053581093270792,0.7240170298021538,0.6767600871590653,0.3923435923309787,0.1722790138304269,0.1020560747663551,0.1252882398155265
0.1704931972789115,0.1332744924977934,0.0630841121495325,0.8504962779156328,0.2377179080824089,0.110589933249143,0.7286501377410468,0.6812683146742805,0.3961907164480323,0.1766386049308478,0.1080373831775701,0.1325354123201932
0.1707766439909297,0.1331641659311562,0.0626168224299063,0.8503722084367246,0.2381141045958795,0.1104095255276925,0.7321562734785875,0.6836727026823952,0.3977043390514631,0.1785177390258568,0.1102803738317756,0.1356099703524761
0.1638321995464852,0.1264342453662842,0.0570093457943923,0.857196029776675,0.2305863708399366,0.1037344398340248,0.728274480340596,0.6802163949207303,0.3949293642785065,0.1747594708358388,0.1061682242990654,0.1297902712199407
0.1598639455782312,0.1233451015004413,0.0570093457943923,0.8607940446650124,0.225039619651347,0.1012087317337181,0.7232657150012521,0.6762341272822902,0.391523713420787,0.1712266987372218,0.1014953271028037,0.1239705720874052
0.1646825396825396,0.1272065313327448,0.0570093457943923,0.8564516129032258,0.2321711568938192,0.1042756629983762,0.7240170298021538,0.6774363212863475,0.3922805247225024,0.1721286831028262,0.1019626168224299,0.1247392115954759
0.1717687074829932,0.1325022065313327,0.0560747663551403,0.8503722084367246,0.242472266244057,0.1084250405917373,0.7306536438767843,0.6821699601773236,0.3966321897073662,0.17708959711365,0.108411214953271,0.1317667728121225
0.1703514739229024,0.1325022065313327,0.0602803738317755,0.8509925558312657,0.2385103011093502,0.1093270791989896,0.7322814926120711,0.6841235254339169,0.3978304742684157,0.1787432351172579,0.1109345794392523,0.1351707477764357
0.1624149659863945,0.1265445719329214,0.0616822429906542,0.857816377171216,0.2270206022187004,0.1046364784412772,0.7280240420736288,0.6800661206702231,0.3944878910191725,0.1750601322910402,0.1072897196261682,0.1305589107280114
0.1604308390022675,0.1233451015004413,0.0546728971962616,0.860545905707196,0.2270206022187004,0.1006675085693668,0.7233909341347358,0.6763092644075437,0.3913345105953582,0.171677690920024,0.1015887850467289,0.1241901833754254
0.1652494331065759,0.1277581641659312,0.0574766355140186,0.8559553349875932,0.23256735340729,0.1048168861627277,0.7237665915351865,0.676985498534826,0.3919021190716447,0.1721286831028262,0.1021495327102803,0.1252882398155265
0.171485260770975,0.1319505736981465,0.0546728971962616,0.8507444168734493,0.242472266244057,0.1077034097059354,0.7285249186075632,0.6817191374258021,0.3958123107971745,0.1764131088394468,0.1072897196261682,0.1318765784561326
0.1716269841269841,0.1318402471315092,0.0537383177570091,0.8508684863523573,0.2428684627575277,0.1075230019844849,0.7320310543451038,0.683747839807649,0.3977674066599394,0.1785177390258568,0.11,0.1346217195563852
0.1641156462585034,0.126323918799647,0.0546728971962616,0.857196029776675,0.2321711568938192,0.1031932166696733,0.7280240420736288,0.680441806296491,0.3950554994954591,0.1757366205652435,0.1061682242990654,0.1305589107280114
0.1598639455782312,0.1224624889673433,0.0532710280373833,0.8612903225806452,0.2266244057052298,0.0997654699621143,0.7215126471324818,0.6767600871590653,0.3919021190716447,0.1715273601924233,0.101214953271028,0.1256176567475568
0.163265306122449,0.1268755516328332,0.0598130841121493,0.857196029776675,0.2286053882725832,0.1046364784412772,0.7230152767342849,0.6773611841610939,0.3924697275479313,0.172504509921828,0.1020560747663551,0.1259470736795871
0.1703514739229024,0.1325022065313327,0.0607476635514018,0.8509925558312657,0.2381141045958795,0.1095074869204401,0.7290257951414976,0.6818694116763092,0.396127648839556,0.1770144317498496,0.1073831775700934,0.1316569671681124
0.1672335600907029,0.1272065313327448,0.0485981308411214,0.8553349875930522,0.2393026941362915,0.102651993505322,0.7322814926120711,0.683747839807649,0.3957492431886982,0.1782922429344558,0.1076635514018691,0.1315471615241023
0.1417233560090703,0.1028243601059134,0.0299065420560746,0.8801488833746899,0.2111727416798732,0.0791989897167599,0.7247683446030553,0.6733789165226539,0.3816851664984863,0.1661154539987973,0.0858878504672897,0.1064016690457889
0.0792233560090703,0.058252427184466,0.0467289719626169,0.9326302729528536,0.1168779714738509,0.0460039689698719,0.7064863511144502,0.6487339394394771,0.356079717457114,0.1316897173782321,0.0466355140186915,0.0585264082573844
0.0249433106575963,0.0186451897616946,0.0579439252336448,0.9786600496277916,0.0364500792393027,0.0158758794876419,0.708740295517155,0.6363363137726351,0.3446644803229061,0.1046301864101022,0.0130841121495327,0.0168002635335456
0.0167233560090702,0.0135701676963812,0.0635514018691588,0.9851116625310172,0.0221870047543581,0.0126285405015334,0.7603305785123966,0.6690209632579457,0.3898208879919272,0.1304870715574263,0.0114018691588785,0.0124080377731415
0.0992063492063492,0.0836275375110326,0.0883177570093457,0.9096774193548388,0.1271790808240887,0.0748692044019483,0.8402203856749311,0.7446840483883086,0.5013244197780019,0.2311334936861094,0.0821495327102803,0.0870758757000109
0.2417800453514739,0.2218667255075022,0.2037383177570091,0.7694789081885857,0.2777337559429477,0.2099945877683565,0.9039569246180816,0.8291381771733413,0.6484611503531785,0.4031870114251353,0.2360747663551401,0.2264192379488305
0.4448696145124716,0.4203442188879082,0.3747663551401867,0.5689826302729528,0.4889064976228208,0.4053761500992242,0.9521662910092662,0.9134420317078668,0.7867053481331986,0.5959110042092605,0.4405607476635513,0.4206654222027012
0.6622732426303856,0.6477272727272728,0.6205607476635514,0.3459057071960297,0.6885895404120443,0.6388237416561429,0.989732031054345,0.980689758809828,0.9251387487386477,0.8115604329524955,0.6752336448598131,0.6447787416273195
0.876984126984127,0.870035304501324,0.8546728971962615,0.1269230769230769,0.8894611727416798,0.8657766552408444,0.9694465314300024,0.9844466150725072,0.9994323915237132,0.976247745039086,0.9061682242990652,0.8680136158998573
0.9940476190476192,0.9937113857016772,0.9925233644859812,0.0062034739454093,0.9948494453248812,0.9933249143063322,0.8315802654645629,0.8699376361860394,0.9164984863773964,0.972263980757667,0.9998130841121496,0.9952783573075656
0.945436507936508,0.946160635481024,0.951401869158878,0.0542183622828784,0.944136291600634,0.9465993144506584,0.5947908840470824,0.6557968292133142,0.6883198789101916,0.8106584485868912,0.9050467289719624,0.948391347315252
0.7903911564625851,0.7838702559576346,0.7752336448598128,0.2132754342431762,0.8022979397781298,0.7799025798304167,0.3310793889306285,0.3843263956721016,0.4172552976791119,0.5860643415514131,0.7181308411214953,0.7854397716042604
0.6004818594104309,0.5838481906443073,0.5537383177570093,0.4089330024813896,0.6307448494453248,0.5736965542125202,0.1068119208615075,0.1270568788038169,0.158678102926337,0.3529765484064943,0.4902803738317757,0.5836169979136928
0.401218820861678,0.3708075904677847,0.3088785046728972,0.6160049627791564,0.4556259904912836,0.3521558722713331,0.0068870523415977,0.0080396724021339,0.0152623612512613,0.1558177991581479,0.2653271028037383,0.370045020314044
0.2331349206349206,0.1897616946160636,0.0962616822429904,0.7913151364764268,0.3110142630744849,0.1630885801912322,0.0957926371149511,0.0626643624614921,0.030587790110999,0.0303668069753457,0.1172897196261682,0.1940265729658504
0.1394557823129251,0.0977493380406001,0.0154205607476635,0.884119106699752,0.2143423137876386,0.0721630885801912,0.2759829701978462,0.2174468404838831,0.1239909182643793,0.0058628983764281,0.0442990654205607,0.1023388602174151
0.0854591836734694,0.0562665489849956,0.0177570093457943,0.9310173697270472,0.1378763866877971,0.0387876601118527,0.4499123466065615,0.381696596288226,0.2295030272452068,0.0352525556223692,0.022429906542056,0.0574283518172834
0.0772392290249433,0.057369814651368,0.0500000000000001,0.9339950372208438,0.1129160063391442,0.0460039689698719,0.5843976959679438,0.5188969870012773,0.3081483350151361,0.0900481058328322,0.0315887850467289,0.0566597123092126
0.1228741496598639,0.0881509267431597,0.0299065420560746,0.8967741935483872,0.1850237717908082,0.0671116723795778,0.6675432006010518,0.6110902396874296,0.3571518668012108,0.1364251352976548,0.0618691588785046,0.0874052926320412
0.1595804988662131,0.1174977934686672,0.0327102803738316,0.8641439205955336,0.2349445324881141,0.0918275302182933,0.7172551965940395,0.6624840333608836,0.3847124117053481,0.1649879735417919,0.0919626168224299,0.1197979576150214
0.1624149659863945,0.1234554280670785,0.0485981308411214,0.8595533498759306,0.23256735340729,0.0995850622406638,0.728274480340596,0.6776617326621084,0.3930373360242179,0.1738574864702345,0.1031775700934579,0.1272647414077083
0.159438775510204,0.1227934686672551,0.055607476635514,0.8612903225806452,0.225039619651347,0.1004871008479163,0.7231404958677685,0.6761589901570365,0.3912714429868819,0.1711515333734215,0.1011214953271028,0.1247392115954759
0.1635487528344671,0.126323918799647,0.0570093457943923,0.8574441687344915,0.2301901743264658,0.1037344398340248,0.7236413724017029,0.6768352242843189,0.391965186680121,0.1721286831028262,0.1022429906542056,0.1260568793235972
0.1706349206349206,0.1327228596646072,0.0602803738317755,0.8507444168734493,0.2389064976228209,0.1095074869204401,0.7302779864763336,0.68209482305207,0.3963168516649848,0.1767137702946482,0.1078504672897196,0.1329746348962336
0.1703514739229024,0.1330538393645189,0.0630841121495325,0.8506203473945411,0.2373217115689381,0.1104095255276925,0.7321562734785875,0.683372154181381,0.3975151362260343,0.1782922429344558,0.1101869158878504,0.1350609421324256
0.1638321995464852,0.1265445719329214,0.0570093457943923,0.857196029776675,0.2309825673534072,0.1037344398340248,0.728900576008014,0.6798407092944624,0.3944248234106962,0.1750601322910402,0.1066355140186915,0.1297902712199407
0.1608560090702948,0.1231244483671668,0.0523364485981308,0.8604218362282879,0.2286053882725832,0.1001262854050153,0.7227648384673178,0.6760087159065293,0.3908930373360242,0.1710763680096212,0.1006542056074766,0.1228725156473042
0.1651077097505669,0.1269858781994704,0.0551401869158878,0.8563275434243177,0.2333597464342313,0.1037344398340248,0.7231404958677685,0.6771357727853332,0.391523713420787,0.1719783523752255,0.102429906542056,0.1247392115954759
0.171485260770975,0.1331641659311562,0.0598130841121493,0.8501240694789083,0.2404912836767035,0.1096878946418906,0.7299023290758828,0.6816440003005484,0.3959384460141271,0.1770144317498496,0.1085981308411214,0.1319863841001427
0.1712018140589569,0.1319505736981465,0.055607476635514,0.8508684863523573,0.2416798732171157,0.1078838174273858,0.7322814926120711,0.6835224284318882,0.3975782038345106,0.1788935658448587,0.1106542056074766,0.1346217195563852
0.1642573696145124,0.1266548984995587,0.0560747663551403,0.8569478908188586,0.2317749603803486,0.1037344398340248,0.7280240420736288,0.6798407092944624,0.3944878910191725,0.1751352976548406,0.1065420560747663,0.1295706599319205
0.1595804988662131,0.1231244483671668,0.0570093457943923,0.8609181141439206,0.225039619651347,0.1010283240122676,0.7225144002003506,0.6757081674055151,0.3913345105953582,0.1711515333734215,0.1015887850467289,0.1238607664433951
0.1641156462585034,0.1267652250661959,0.0574766355140186,0.8569478908188586,0.2309825673534072,0.1040952552769259,0.7240170298021538,0.6773611841610939,0.3917129162462159,0.172504509921828,0.1027102803738317,0.1251784341715164
0.1697845804988662,0.1320609002647838,0.0607476635514018,0.8514888337468983,0.2373217115689381,0.1091466714775391,0.7309040821437515,0.6825456458035914,0.3960015136226034,0.1771647624774503,0.1081308411214953,0.1318765784561326
0.1697845804988662,0.1327228596646072,0.0635514018691588,0.8511166253101737,0.2365293185419968,0.1100487100847916,0.7337841222138742,0.6839732511834097,0.3980827447023208,0.1791942273000601,0.1110280373831775,0.1347315252003952
0.1619897959183673,0.1258826125330979,0.0602803738317755,0.8584367245657568,0.2266244057052298,0.1039148475554753,0.7294014525419483,0.6807423547975054,0.3950554994954591,0.1753607937462417,0.1065420560747663,0.1300098825079609
0.1591553287981859,0.1222418358340688,0.0542056074766354,0.8616625310173698,0.2254358161648177,0.0997654699621143,0.7240170298021538,0.6765346757833044,0.3919021190716447,0.1713770294648226,0.1019626168224299,0.1242999890194356
0.1645408163265306,0.1262135922330097,0.0532710280373833,0.8570719602977668,0.2333597464342313,0.1028324012267725,0.7240170298021538,0.6771357727853332,0.3922174571140262,0.1718280216476247,0.1026168224299065,0.1251784341715164
0.1707766439909297,0.1322815533980582,0.0579439252336448,0.8509925558312657,0.2400950871632329,0.1086054483131878,0.7291510142749812,0.6818694116763092,0.3958753784056508,0.1764882742032471,0.1079439252336448,0.1314373558800922
0.1707766439909297,0.131729920564872,0.0560747663551403,0.8512406947890819,0.2408874801901743,0.1078838174273858,0.7315301778111696,0.6836727026823952,0.3973259334006054,0.1783674082982561,0.109626168224299,0.1339628856923246
0.1638321995464852,0.1261032656663724,0.0551401869158878,0.8574441687344915,0.231378763866878,0.1031932166696733,0.728900576008014,0.6805169434217446,0.3948032290615539,0.1749098015634395,0.1059813084112149,0.1291314373558801
0.1597222222222222,0.1231244483671668,0.0560747663551403,0.8609181141439206,0.2254358161648177,0.1008479162908171,0.7227648384673178,0.6760087159065293,0.3913345105953582,0.1711515333734215,0.1013084112149532,0.1238607664433951
0.1641156462585034,0.1270962047661077,0.0579439252336448,0.8566997518610422,0.2305863708399366,0.1044560707198267,0.7232657150012521,0.6774363212863475,0.3927219979818365,0.1730306674684305,0.1025233644859813,0.1257274623915669
0.1700680272108843,0.1328331862312445,0.0626168224299063,0.8509925558312657,0.2369255150554675,0.1100487100847916,0.7296518908089156,0.6821699601773236,0.3964429868819373,0.1780667468430547,0.1081308411214953,0.132315801032173
0.1707766439909297,0.1322815533980582,0.058411214953271,0.8508684863523573,0.2396988906497623,0.1087858560346383,0.7325319308790382,0.6836727026823952,0.3975151362260343,0.1792693926638605,0.11,0.1344021082683649
0.1631235827664399,0.1264342453662842,0.0588785046728973,0.8575682382133996,0.2290015847860538,0.1040952552769259,0.7283996994740797,0.6803666691712374,0.3945509586276488,0.1754359591100421,0.1061682242990654,0.1289118260678599
0.1590136054421768,0.1235657546337157,0.0602803738317755,0.8610421836228288,0.2226624405705229,0.1021107703409705,0.722389181066867,0.6763844015327972,0.3913975782038345,0.1716025255562236,0.1013084112149532,0.1236411551553749
0.1651077097505669,0.1275375110326566,0.0574766355140186,0.8560794044665013,0.2321711568938192,0.1048168861627277,0.7235161532682193,0.6771357727853332,0.3925327951564076,0.1720535177390258,0.1023364485981308,0.1251784341715164
0.1719104308390022,0.1327228596646072,0.0565420560747661,0.8502481389578164,0.2420760697305863,0.1087858560346383,0.7292762334084647,0.6818694116763092,0.396127648839556,0.1767889356584485,0.1081308411214953,0.1316569671681124
0.1743197278911564,0.1345984112974404,0.0565420560747661,0.8480148883374691,0.2456418383518224,0.1104095255276925,0.7329075882794891,0.6867533248177924,0.4016145307769929,0.1828773301262778,0.1120560747663551,0.1363786098605468
0.1809807256235827,0.1396734333627537,0.0560747663551403,0.8423076923076923,0.2551505546751189,0.1143784953996031,0.7366641622839969,0.6925388834623186,0.4129036326942482,0.1937763078773301,0.1192523364485981,0.1404414186889206
0.19359410430839,0.1508164165931156,0.061214953271028,0.8305210918114145,0.2706022187004754,0.1244813278008298,0.741923365890308,0.6989255391088737,0.4282290615539858,0.2073812387251954,0.1290654205607476,0.1461513121774459
0.2145691609977324,0.1718887908208296,0.0817757009345793,0.8095533498759305,0.2912044374009508,0.1455890312105357,0.7504382669671926,0.711248027650462,0.4466448032290614,0.2257215874924834,0.1438317757009345,0.1593279894586581
0.2366780045351474,0.1934024713150927,0.0999999999999998,0.7877171215880895,0.3145800316957211,0.1666967346202418,0.7658402203856749,0.7295814862123374,0.4699167507568113,0.2502254960914011,0.1649532710280373,0.1794224223125068
0.2566609977324263,0.2112753751103266,0.1098130841121494,0.7688585607940448,0.3383518225039619,0.1832942449936856,0.7792386676684196,0.7459613795176196,0.4916750756811301,0.27292543595911,0.1832710280373831,0.1969913253541232
0.2655895691609977,0.2197705207413945,0.1163551401869159,0.7601736972704715,0.3478605388272583,0.1915930001804076,0.7856248434760832,0.7550529716733038,0.5087663975782037,0.2884846662657847,0.1933644859813084,0.2063248050949818
0.2773526077097505,0.2336716681376875,0.1364485981308409,0.7472704714640198,0.3557844690966719,0.2067472487822479,0.791259704482845,0.7639191524532271,0.5254162462159434,0.303743235117258,0.2041121495327102,0.2146700340397496
0.2991780045351474,0.2565092674315975,0.1612149532710279,0.7248138957816378,0.3759904912836767,0.23020025257081,0.8017781116954671,0.7782703433766623,0.5456609485368314,0.3245640408899579,0.2210280373831775,0.2294937959811133
0.3231292517006802,0.2784642541924095,0.1752336448598132,0.7019851116625311,0.4033280507131537,0.2507667328161644,0.8189331329827197,0.7964535276880306,0.5685544904137234,0.3491431148526758,0.242429906542056,0.2490392006149116
0.3382936507936507,0.2929170344218888,0.1864485981308411,0.6872208436724566,0.4199683042789223,0.2648385350893018,0.8313298271975957,0.810429032985198,0.5893668012108979,0.3693625977149729,0.2581308411214953,0.2629845174041945
0.3476473922902494,0.3027360988526037,0.1971962616822427,0.6776674937965261,0.4282884310618066,0.2749413674905286,0.8350864012021036,0.8169659628822601,0.6033047426841573,0.3828171978352375,0.267196261682243,0.2711101350609421
0.3596938775510204,0.3133274492497793,0.2023364485981309,0.6665012406947891,0.4429477020602219,0.284502976727404,0.8375907838717755,0.8235780299045757,0.6157290615539859,0.3938665063138905,0.2750467289719626,0.2761611946854068
0.376984126984127,0.3303177405119153,0.216822429906542,0.649379652605459,0.4611727416798732,0.3012808948222983,0.8451039318807914,0.8359005184461643,0.6309914228052471,0.4102525556223692,0.2877570093457944,0.287141759086417
0.3954081632653061,0.3469770520741395,0.2271028037383178,0.6318858560794045,0.4821711568938193,0.3167959588670394,0.8573754069621838,0.8495003381170636,0.6482088799192735,0.4275405892964521,0.3038317757009345,0.3010870758757
0.403344671201814,0.3550308914386584,0.2350467289719625,0.6239454094292803,0.4900950871632329,0.3249143063323109,0.8676433759078387,0.8583665188969869,0.6622729566094853,0.4409951894167168,0.3158878504672897,0.3137147249368617
0.4081632653061224,0.3586716681376875,0.2345794392523363,0.619727047146402,0.4972266244057052,0.3278008298755187,0.8685199098422238,0.8608460440303554,0.6690211907164479,0.4484365604329525,0.3188785046728972,0.3154716152410233
0.4105725623582766,0.3609885260370697,0.2364485981308412,0.6173697270471465,0.4996038034865293,0.3301461302543749,0.8681442524417731,0.8627996092869487,0.6724899091826437,0.4520444978953697,0.3200934579439252,0.316130449105084
0.4159580498866213,0.370035304501324,0.2570093457943925,0.6099255583126552,0.4984152139461172,0.3415118167057549,0.8692712246431253,0.8659553685475994,0.679364278506559,0.4586590499098015,0.324392523364486,0.3214011200175689
0.4244614512471655,0.3789717563989409,0.2663551401869159,0.6011166253101737,0.5063391442155308,0.3507126104997293,0.8756574004507888,0.87204147569314,0.6871215943491422,0.4656494287432351,0.3328037383177569,0.3293071263862962
0.4243197278911565,0.3781994704324801,0.2640186915887851,0.6017369727047147,0.5071315372424722,0.3494497564495759,0.8794139744552967,0.8752723720790442,0.6887613521695256,0.4682802164762477,0.335607476635514,0.3327111013506094
0.4163832199546485,0.3713592233009709,0.2612149532710278,0.6090570719602978,0.4972266244057052,0.3433158939202598,0.8747808665164037,0.8705387331880682,0.6850403632694247,0.4640709561034275,0.3305607476635513,0.3271110135060942
0.4117063492063492,0.3655119152691968,0.2514018691588786,0.6142679900744417,0.4948494453248811,0.3368212159480425,0.8695216629100926,0.865279134420317,0.6778506559031281,0.4565544197233914,0.3228971962616822,0.3203030635774678
0.4162414965986394,0.3661738746690203,0.239719626168224,0.6120347394540944,0.5059429477020602,0.3350171387335378,0.8682694715752566,0.8622736494101735,0.6722376387487385,0.4517438364401683,0.3203738317757009,0.3156912265290436
0.4136904761904762,0.3649602824360106,0.2429906542056072,0.613771712158809,0.501188589540412,0.3346563232906368,0.8691460055096418,0.8616725524081449,0.6682643794147326,0.4485117257967528,0.3189719626168224,0.3171186999011749
0.4016439909297052,0.353486319505737,0.2336448598130838,0.625558312655087,0.4881141045958795,0.3234710445607072,0.8657650889055848,0.8569389135171688,0.6597502522704338,0.4391912206855081,0.314018691588785,0.3112990007686395
0.3859126984126984,0.3383715798764343,0.2219626168224297,0.6409429280397023,0.4714738510301109,0.3088580191232185,0.8553719008264462,0.8458937561048914,0.6444248234106962,0.4237071557426338,0.2999065420560747,0.2972438783353464
0.3714569160997732,0.3240291262135922,0.2088785046728973,0.655210918114144,0.4568145800316956,0.2946058091286306,0.8438517405459554,0.8325944849350063,0.6277749747729566,0.4064942874323511,0.2848598130841121,0.2841770066981443
0.3622448979591837,0.315423654015887,0.2028037383177571,0.6641439205955335,0.4461172741679873,0.2864874616633592,0.8364638116704233,0.82282665865204,0.6138370332996972,0.3920625375826819,0.2742056074766354,0.275282749533326
0.3530328798185941,0.3064872021182701,0.194859813084112,0.6732009925558313,0.4370047543581616,0.2774670755908353,0.8344603055346856,0.8171162371327673,0.6016019172552977,0.3808628983764281,0.2667289719626167,0.2703414955528714
0.3358843537414966,0.2907105030891439,0.1845794392523365,0.6895781637717122,0.4171949286846276,0.262673642431896,0.8290758827948911,0.8093019761063942,0.586087285570131,0.3659049909801563,0.2554205607476635,0.2618864609640935
0.3142006802721088,0.2693071491615181,0.1658878504672898,0.7110421836228288,0.3946117274167987,0.2415659390221901,0.8158026546456298,0.7929972199263656,0.5640766902119071,0.3433553818400481,0.2378504672897196,0.2440979466344569
0.2933673469387755,0.2487864077669903,0.1481308411214951,0.7317617866004964,0.3732171156893819,0.2213602742197365,0.7993989481592787,0.7754151326170261,0.5420030272452069,0.3203547805171377,0.216822429906542,0.2249917645766992
0.2800453514739229,0.2360988526037069,0.1378504672897196,0.7447890818858561,0.3589540412044373,0.2090925491611041,0.7896318557475582,0.7627920955744233,0.5225151362260343,0.3014131088394468,0.2022429906542056,0.2130229493795981
0.2714002267573696,0.2266107678729038,0.1261682242990655,0.7538461538461538,0.351822503961965,0.1989897167598772,0.7843726521412471,0.7542264632955142,0.5063698284561049,0.286455201443175,0.1920560747663551,0.2055561655869111
0.2528344671201814,0.2088481906443071,0.1126168224299064,0.7719602977667495,0.3316164817749604,0.1818509832220819,0.776984723265715,0.7432564430084904,0.4880802219979818,0.2696181599518941,0.1802803738317757,0.1939167673218403
0.2261904761904762,0.1838040600176522,0.0939252336448596,0.7977667493796526,0.3022979397781299,0.1576763485477178,0.7632106185825194,0.7260500413254188,0.4653758829465186,0.2455652435357787,0.1616822429906541,0.176347864280224
0.2083333333333333,0.1644969108561342,0.0710280373831776,0.8163771712158809,0.287242472266244,0.1374706837452642,0.7469321312296519,0.7086933653918401,0.442797679112008,0.2223391461214672,0.1408411214953271,0.1574612935104864
0.1947278911564625,0.1515887025595763,0.0607476635514018,0.829528535980149,0.2725832012678288,0.1250225509651813,0.7376659153518657,0.6980990307310843,0.4249495459132189,0.2046752856283824,0.1265420560747663,0.1457120896014055
0.1845238095238095,0.1435348631950574,0.0602803738317755,0.8385856079404468,0.2583201267828843,0.1183474652715136,0.7349110944152266,0.6926140205875723,0.410885469223007,0.1920475045099218,0.1188785046728971,0.1412100581969912
0.1717687074829932,0.1332744924977934,0.0593457943925235,0.85,0.2408874801901743,0.1096878946418906,0.7329075882794891,0.6857765421894957,0.400542381432896,0.1817498496692724,0.1116822429906542,0.1353903590644559
0.1636904761904762,0.1255516328331862,0.0532710280373833,0.857816377171216,0.2321711568938192,0.102291178062421,0.7281492612071124,0.6799158464197159,0.3951185671039354,0.1755111244738424,0.1057009345794392,0.1291314373558801
0.1584467120181405,0.122352162400706,0.0570093457943923,0.8619106699751862,0.2230586370839936,0.1003066931264658,0.7225144002003506,0.6757833045307686,0.3913975782038345,0.1713770294648226,0.1003738317757009,0.1229823212913143
0.1636904761904762,0.1270962047661077,0.0602803738317755,0.8569478908188586,0.2290015847860538,0.1049972938841782,0.7226396193338342,0.6771357727853332,0.3920913218970736,0.1722790138304269,0.1013084112149532,0.1245196003074558
0.1709183673469388,0.1329435127978817,0.0607476635514018,0.8504962779156328,0.2393026941362915,0.1096878946418906,0.7291510142749812,0.6820196859268164,0.3963799192734611,0.1771647624774503,0.1075700934579439,0.1317667728121225
0.1707766439909297,0.1322815533980582,0.058411214953271,0.8509925558312657,0.2396988906497623,0.1087858560346383,0.7327823691460055,0.6841235254339169,0.3977674066599394,0.178968731208659,0.1099065420560747,0.1338530800483144
0.1638321995464852,0.1255516328331862,0.0528037383177571,0.8576923076923078,0.23256735340729,0.102291178062421,0.7285249186075632,0.6808926290480126,0.3946140262361251,0.1755111244738424,0.1051401869158878,0.1283627978478093
0.1587301587301587,0.1225728155339806,0.0570093457943923,0.8616625310173698,0.2234548335974643,0.1004871008479163,0.7228900576008014,0.6763844015327972,0.3913345105953582,0.1713770294648226,0.1000934579439252,0.1232019325793346
0.1643990929705215,0.1269858781994704,0.0565420560747661,0.8566997518610422,0.2317749603803486,0.1040952552769259,0.7241422489356374,0.676985498534826,0.3924697275479313,0.172504509921828,0.1019626168224299,0.1250686285275062
0.1704931972789115,0.1320609002647838,0.0579439252336448,0.8512406947890819,0.2396988906497623,0.1084250405917373,0.7300275482093664,0.6820196859268164,0.396127648839556,0.1769392663860493,0.1080373831775701,0.1313275502360821
0.1686507936507936,0.1313989408649603,0.061214953271028,0.8523573200992557,0.2357369255150554,0.1086054483131878,0.7327823691460055,0.6834472913066345,0.3973259334006054,0.1787432351172579,0.11,0.1338530800483144
0.1622732426303854,0.1256619593998235,0.0588785046728973,0.8584367245657568,0.2278129952456418,0.1033736243911238,0.7281492612071124,0.6800661206702231,0.3945509586276488,0.1749098015634395,0.1058878504672897,0.1288020204238497
0.1595804988662131,0.1227934686672551,0.0551401869158878,0.861166253101737,0.2258320126782884,0.1003066931264658,0.7228900576008014,0.676083853031783,0.3912714429868819,0.1707757065544197,0.1018691588785046,0.1232019325793346
0.1638321995464852,0.1269858781994704,0.058411214953271,0.8569478908188586,0.2301901743264658,0.1044560707198267,0.7233909341347358,0.6768352242843189,0.3915867810292633,0.1719031870114251,0.1025233644859813,0.1238607664433951
0.1709183673469388,0.1330538393645189,0.0607476635514018,0.8503722084367246,0.2393026941362915,0.1098683023633411,0.729526671675432,0.6816440003005484,0.3958753784056508,0.1772399278412507,0.1080373831775701,0.1308883276600417
0.1706349206349206,0.131729920564872,0.0560747663551403,0.8512406947890819,0.2408874801901743,0.1078838174273858,0.7334084648134234,0.6838229769329026,0.3979566094853683,0.1798707155742634,0.1113084112149532,0.1341824969803448
0.1645408163265306,0.1256619593998235,0.0509345794392522,0.8573200992555832,0.2341521394611727,0.10193036261952,0.729526671675432,0.6805169434217446,0.3949293642785065,0.1757366205652435,0.1066355140186915,0.1290216317118699
0.1598639455782312,0.1230141218005295,0.0551401869158878,0.8609181141439206,0.2258320126782884,0.1004871008479163,0.7240170298021538,0.6757081674055151,0.391523713420787,0.1712266987372218,0.1023364485981308,0.1228725156473042
0.1639739229024943,0.1272065313327448,0.0593457943925235,0.8568238213399505,0.2297939778129952,0.1048168861627277,0.7233909341347358,0.6766849500338117,0.3915867810292633,0.1716025255562236,0.1027102803738317,0.123750960799385
0.1709183673469388,0.13261253309797,0.0588785046728973,0.8506203473945411,0.2400950871632329,0.1091466714775391,0.7292762334084647,0.6817191374258021,0.3956231079717456,0.1768641010222489,0.1075700934579439,0.1302294937959811
0.1706349206349206,0.1323918799646954,0.0593457943925235,0.8509925558312657,0.2393026941362915,0.1091466714775391,0.7332832456799399,0.6838229769329026,0.3977674066599394,0.178968731208659,0.1102803738317756,0.1337432744043043
0.163407029478458,0.126323918799647,0.0574766355140186,0.8574441687344915,0.2301901743264658,0.1037344398340248,0.7280240420736288,0.6799158464197159,0.3949924318869828,0.1751352976548406,0.1059813084112149,0.1286922147798396
0.1595804988662131,0.1222418358340688,0.0528037383177571,0.8614143920595534,0.2266244057052298,0.0995850622406638,0.7226396193338342,0.6755578931550079,0.391523713420787,0.1713018641010222,0.1014018691588785,0.1230921269353244
0.1649659863945578,0.1259929390997352,0.0509345794392522,0.8569478908188586,0.2349445324881141,0.102291178062421,0.7237665915351865,0.6771357727853332,0.3924697275479313,0.1723541791942273,0.1027102803738317,0.1238607664433951
0.1697845804988662,0.131729920564872,0.0593457943925235,0.8516129032258065,0.2381141045958795,0.1086054483131878,0.7296518908089156,0.6821699601773236,0.3963799192734611,0.1776157546602525,0.1085981308411214,0.1317667728121225
0.169501133786848,0.1315092674315975,0.0588785046728973,0.8518610421836229,0.2381141045958795,0.1082446328702868,0.7325319308790382,0.6841235254339169,0.3980196770938446,0.1796452194828622,0.1104672897196261,0.1348413308444054
0.163407029478458,0.1253309796999117,0.0532710280373833,0.8580645161290323,0.2317749603803486,0.1021107703409705,0.7286501377410468,0.6801412577954767,0.3947401614530776,0.1759621166566446,0.1058878504672897,0.1296804655759306
0.1588718820861678,0.1220211827007943,0.0537383177570091,0.8619106699751862,0.225039619651347,0.0994046545192134,0.7220135236664161,0.6756330302802614,0.3908930373360242,0.1709260372820204,0.1006542056074766,0.1233117382233446
0.163407029478458,0.1265445719329214,0.058411214953271,0.8574441687344915,0.2293977812995245,0.1040952552769259,0.7233909341347358,0.6763844015327972,0.3918390514631684,0.1720535177390258,0.102429906542056,0.1241901833754254
0.1702097505668934,0.1327228596646072,0.0621495327102805,0.8509925558312657,0.2373217115689381,0.1098683023633411,0.7292762334084647,0.6818694116763092,0.3966952573158425,0.1773150932050511,0.1088785046728971,0.131217744592072
0.1697845804988662,0.1319505736981465,0.0602803738317755,0.8514888337468983,0.2377179080824089,0.1089662637560886,0.7316553969446532,0.6840483883086633,0.3982088799192734,0.1796452194828622,0.1103738317757009,0.134511913912375
0.1625566893424036,0.1252206531332744,0.055607476635514,0.858560794044665,0.2297939778129952,0.1024715857838715,0.7285249186075632,0.6803666691712374,0.3949924318869828,0.1759621166566446,0.1060747663551401,0.1294608542879103
0.1590136054421768,0.1224624889673433,0.055607476635514,0.8616625310173698,0.2246434231378763,0.1001262854050153,0.7235161532682193,0.6759335787812758,0.3917759838546922,0.1716025255562236,0.1023364485981308,0.1238607664433951
0.1636904761904762,0.1268755516328332,0.0588785046728973,0.8570719602977668,0.2297939778129952,0.1044560707198267,0.7236413724017029,0.6768352242843189,0.3922174571140262,0.1726548406494287,0.1027102803738317,0.1252882398155265
0.1687925170068027,0.1323918799646954,0.0654205607476637,0.8517369727047146,0.2341521394611727,0.110229117806242,0.7302779864763336,0.6814937260500412,0.3961907164480323,0.1774654239326518,0.108411214953271,0.1317667728121225
0.1690759637188208,0.1319505736981465,0.0626168224299063,0.8518610421836229,0.2357369255150554,0.1093270791989896,0.7327823691460055,0.683747839807649,0.3976412714429868,0.1792693926638605,0.1106542056074766,0.1344021082683649
0.1625566893424036,0.1257722859664606,0.0579439252336448,0.8581885856079404,0.2286053882725832,0.1033736243911238,0.7287753568745304,0.6802915320459838,0.3948662966700302,0.1761124473842453,0.1065420560747663,0.1290216317118699
0.1591553287981859,0.1225728155339806,0.055607476635514,0.8615384615384617,0.2246434231378763,0.1003066931264658,0.7231404958677685,0.6754827560297544,0.391082240161453,0.1713770294648226,0.1010280373831775,0.1228725156473042
0.1643990929705215,0.1267652250661959,0.0560747663551403,0.8568238213399505,0.2321711568938192,0.1039148475554753,0.7236413724017029,0.6760087159065293,0.391965186680121,0.1714521948286229,0.1014018691588785,0.1239705720874052
0.1707766439909297,0.1327228596646072,0.0602803738317755,0.8507444168734493,0.2389064976228209,0.1095074869204401,0.7291510142749812,0.6810429032985198,0.3963168516649848,0.1767889356584485,0.1072897196261682,0.1313275502360821
0.1689342403628118,0.1320609002647838,0.0630841121495325,0.8518610421836229,0.2353407290015847,0.1095074869204401,0.7330328074129727,0.6832970170561274,0.3983980827447023,0.1794948887552615,0.1111214953271027,0.1347315252003952
0.1629818594104308,0.1258826125330979,0.0570093457943923,0.8579404466501241,0.2297939778129952,0.1033736243911238,0.7276483846731779,0.6797655721692087,0.3954339051463168,0.1755862898376428,0.1064485981308411,0.1294608542879103
0.1602891156462584,0.1231244483671668,0.0542056074766354,0.8606699751861043,0.2270206022187004,0.1004871008479163,0.7227648384673178,0.6760087159065293,0.391965186680121,0.1720535177390258,0.1009345794392523,0.1235313495113649
0.1646825396825396,0.1275375110326566,0.0579439252336448,0.8563275434243177,0.231378763866878,0.1048168861627277,0.7236413724017029,0.6768352242843189,0.3925327951564076,0.1728803367408298,0.1015887850467289,0.1252882398155265
0.1707766439909297,0.1329435127978817,0.0607476635514018,0.8506203473945411,0.2389064976228209,0.1096878946418906,0.728274480340596,0.6809677661732662,0.3960645812310797,0.1768641010222489,0.106822429906542,0.1309981333040518
0.1697845804988662,0.1319505736981465,0.0602803738317755,0.8516129032258065,0.2377179080824089,0.1087858560346383,0.7325319308790382,0.6832218799308738,0.3975151362260343,0.1791190619362597,0.1099065420560747,0.1344021082683649
0.1631235827664399,0.1261032656663724,0.0579439252336448,0.8576923076923078,0.2293977812995245,0.1035540321125743,0.7280240420736288,0.6796904350439552,0.3946140262361251,0.1755862898376428,0.1060747663551401,0.1302294937959811
0.1601473922902494,0.1227934686672551,0.0532710280373833,0.8609181141439206,0.2270206022187004,0.0999458776835648,0.7216378662659654,0.6756330302802614,0.391082240161453,0.1710012026458208,0.1010280373831775,0.1229823212913143
0.1643990929705215,0.1268755516328332,0.0565420560747661,0.8566997518610422,0.2317749603803486,0.1039148475554753,0.7235161532682193,0.6766849500338117,0.3920282542885973,0.1725796752856283,0.1021495327102803,0.1245196003074558
0.171343537414966,0.132171226831421,0.0560747663551403,0.8507444168734493,0.2416798732171157,0.1082446328702868,0.7299023290758828,0.6814937260500412,0.3965691220988899,0.1769392663860493,0.1072897196261682,0.1313275502360821
0.1709183673469388,0.1310679611650485,0.0523364485981308,0.8514888337468983,0.2428684627575277,0.1066209633772324,0.7324067117455547,0.6838229769329026,0.3985872855701311,0.1790438965724594,0.1104672897196261,0.1346217195563852
0.1641156462585034,0.1247793468667255,0.0485981308411214,0.8580645161290323,0.2345483359746434,0.1008479162908171,0.7290257951414976,0.6805920805469982,0.3953077699293642,0.1756614552014431,0.1067289719626168,0.1301196881519709
0.1600056689342403,0.1220211827007943,0.0504672897196259,0.8614143920595534,0.2282091917591124,0.0988634313548619,0.7238918106686701,0.6766849500338117,0.3918390514631684,0.171677690920024,0.101214953271028,0.1244097946634456
0.1649659863945578,0.1266548984995587,0.0537383177570091,0.8565756823821341,0.233755942947702,0.1033736243911238,0.7240170298021538,0.6770606356600796,0.3924697275479313,0.1722790138304269,0.1014953271028037,0.1263862962556275
0.1706349206349206,0.1322815533980582,0.0593457943925235,0.8509925558312657,0.2393026941362915,0.1089662637560886,0.7300275482093664,0.6817942745510557,0.3959384460141271,0.1770144317498496,0.1073831775700934,0.132315801032173
0.1689342403628118,0.1302956751985878,0.0565420560747661,0.8528535980148884,0.2381141045958795,0.1068013710986829,0.7329075882794891,0.6840483883086633,0.397452068617558,0.1796452194828622,0.1104672897196261,0.1348413308444054
0.1629818594104308,0.1246690203000882,0.0523364485981308,0.858560794044665,0.2317749603803486,0.1013891394551686,0.7277736038066616,0.6801412577954767,0.3949924318869828,0.1759621166566446,0.1062616822429906,0.1295706599319205
0.1595804988662131,0.1220211827007943,0.0518691588785046,0.8615384615384617,0.2270206022187004,0.0992242467977629,0.7222639619333834,0.6758584416560222,0.3916498486377396,0.17085087191822,0.1010280373831775,0.1235313495113649
0.1651077097505669,0.1268755516328332,0.0546728971962616,0.8564516129032258,0.2333597464342313,0.1037344398340248,0.7230152767342849,0.6766098129085582,0.3925958627648839,0.1719031870114251,0.1020560747663551,0.1242999890194356
0.1716269841269841,0.1330538393645189,0.0588785046728973,0.8501240694789083,0.2408874801901743,0.1095074869204401,0.7302779864763336,0.6819445488015629,0.3960015136226034,0.1773902585688515,0.1082242990654205,0.1319863841001427
0.1697845804988662,0.1320609002647838,0.0607476635514018,0.8514888337468983,0.2377179080824089,0.1089662637560886,0.7330328074129727,0.6843489368096776,0.3973259334006054,0.1795700541190619,0.1102803738317756,0.1352805534204458
0.1663832199546485,0.1280891438658428,0.0551401869158878,0.855210918114144,0.2349445324881141,0.1048168861627277,0.7316553969446532,0.6822450973025772,0.3965691220988899,0.1776157546602525,0.1086915887850467,0.1319863841001427
0.1772959183673469,0.136694616063548,0.0551401869158878,0.8456575682382135,0.2503961965134706,0.1116723795778458,0.7344102178812922,0.6848748966864527,0.4002901109989908,0.1819753457606734,0.1145794392523364,0.1363786098605468
0.1967120181405895,0.1587599293909974,0.0855140186915887,0.8246898263027296,0.2646592709984152,0.1356666065307595,0.7449286250939142,0.6949432714704334,0.4102547931382441,0.1934004810583283,0.1286915887850467,0.1504337322938399
0.217828798185941,0.1825904677846425,0.1163551401869159,0.8021091811414393,0.2809033280507131,0.1611040952552768,0.7618332081141999,0.7092944623938687,0.4232467204843592,0.2091852074564041,0.1477570093457943,0.1703085538596683
0.2329931972789115,0.2009046778464254,0.1439252336448598,0.7851116625310175,0.2908082408874802,0.1813097600577304,0.7758577510643626,0.7219174994364715,0.4359233097880928,0.2238424533974744,0.166822429906542,0.186120566597123
0.2410714285714285,0.2102824360105913,0.1570093457943926,0.7763027295285361,0.2963549920760697,0.1915930001804076,0.7827448034059604,0.7273273724547299,0.4425454086781029,0.231885147324113,0.1771962616822429,0.1942461842538706
0.25,0.222197705207414,0.1775700934579439,0.7656327543424318,0.3003169572107765,0.205303987010644,0.7871274730778863,0.7325118340972274,0.4463925327951563,0.2363950691521347,0.1832710280373831,0.1991874382343252
0.2647392290249433,0.2385260370697264,0.1985981308411214,0.7501240694789083,0.3118066561014262,0.2226231282698899,0.7957675932882544,0.7406266436246149,0.4538345105953582,0.2452645820805773,0.1939252336448598,0.2103876139233556
0.284297052154195,0.2547440423654016,0.2032710280373829,0.7323821339950373,0.3371632329635499,0.2368753382644777,0.8097921362384172,0.7503193327823277,0.4629162462159434,0.2563890559230307,0.2077570093457943,0.2245525420006588
0.2869897959183673,0.2601500441306266,0.216822429906542,0.7281637717121588,0.3351822503961965,0.2439112394010463,0.8159278737791134,0.7563303028026147,0.4680877901109989,0.2627029464822609,0.2144859813084112,0.2319095201493356
0.2794784580498866,0.2563989408649603,0.2257009345794391,0.7334987593052109,0.3209191759112519,0.2424679776294424,0.8126721763085398,0.7545270117965286,0.4668264379414732,0.2615754660252555,0.2134579439252336,0.2296036016251235
0.2753684807256236,0.2492277140335392,0.2093457943925231,0.7393300248138959,0.322107765451664,0.2336279992783691,0.8051590282995241,0.7478398076489593,0.46127648839556,0.2542092603728201,0.2042990654205607,0.2201603162402547
0.2750850340136054,0.2472418358340688,0.2014018691588784,0.7405707196029777,0.3252773375594294,0.2303806602922604,0.8010267968945655,0.7445337741378015,0.4580600403632694,0.2506013229104029,0.1992523364485981,0.2154386735478203
0.2695578231292517,0.2426081200353044,0.1999999999999997,0.7456575682382134,0.3177496038034865,0.22641169042035,0.7991485098923115,0.7447591855135622,0.4565464177598385,0.2492483463619964,0.1979439252336448,0.2141210058196991
