Lead I,Lead II,Lead III,aVR,aVL,aVF,V1,V2,V3,V4,V5,V6
0.4241780045351474,0.3747793468667255,0.2499999999999999,0.6037220843672456,0.5126782884310618,0.3440375248060616,0.8785374405209115,0.8723420241941543,0.6827068617558022,0.463544798556825,0.3322429906542056,0.3310640166904579
0.415391156462585,0.3659532215357458,0.2411214953271027,0.6125310173697271,0.5043581616481775,0.3350171387335378,0.8749060856498874,0.8660305056728529,0.6746342078708375,0.4553517739025857,0.3254205607476635,0.3230482046777204
0.3988095238095238,0.3520520741394528,0.2373831775700933,0.6275434243176179,0.4829635499207607,0.3229298213963557,0.862885048835462,0.855436171012097,0.662651362260343,0.4413710162357185,0.3126168224299065,0.3100911386845283
0.3918650793650794,0.343667255075022,0.2252336448598129,0.6352357320099257,0.4782091917591125,0.3139094353238318,0.8544953668920611,0.848147869862499,0.6510469223007063,0.4295700541190619,0.304018691588785,0.2999890194355989
0.3901643990929705,0.3414607237422771,0.2214953271028035,0.6372208436724566,0.4774167987321711,0.3112033195020747,0.8523666416228399,0.8444661507250733,0.6421543895055499,0.4218280216476248,0.29803738317757,0.2959262106072252
0.38109410430839,0.3318623124448367,0.2102803738317756,0.6466501240694789,0.4694928684627574,0.3012808948222983,0.8519909842223891,0.8390562777068148,0.6319374369323915,0.4118310282621767,0.2915887850467289,0.2937300977270231
0.3599773242630386,0.3127758164165931,0.1985981308411214,0.6666253101736973,0.4449286846275752,0.2834205303987009,0.8427247683446031,0.8261326921631977,0.615098385469223,0.3943926638604931,0.2781308411214953,0.280663226089821
0.3377267573696145,0.2926963812886143,0.1873831775700935,0.6875930521091812,0.4187797147385103,0.2648385350893018,0.8275732531930878,0.8106544443609587,0.5939076690211906,0.3737973541791942,0.2595327102803738,0.262435489184144
0.3245464852607709,0.2800088261253309,0.1771028037383177,0.700620347394541,0.4045166402535657,0.2523904023092188,0.8184322564487854,0.7996092869486813,0.5758703329969727,0.3554570054119061,0.2448598130841121,0.2490392006149116
0.3159013605442177,0.2707413945278022,0.166355140186916,0.7095533498759306,0.3969889064976228,0.2428287930723434,0.8132982719759579,0.7908182432940115,0.5597880928355197,0.3400481058328322,0.2347663551401868,0.2419018337542549
0.3007369614512471,0.2554060017652251,0.1514018691588783,0.7248138957816378,0.3819334389857369,0.2274941367490528,0.8076634109691961,0.7803741828837629,0.5442734611503531,0.3247143716175586,0.2227102803738317,0.2339958273855276
0.2766439909297052,0.2322374227714033,0.1327102803738319,0.7483870967741936,0.3561806656101426,0.2047627638462925,0.7947658402203855,0.7649710722067774,0.5228304742684157,0.3023902585688514,0.2059813084112149,0.2185132315801032
0.2558106575963719,0.2117166813768755,0.1144859813084109,0.768982630272953,0.3347860538827258,0.184557099043839,0.7772351615326821,0.7477646705237058,0.4988647830474268,0.2780366806975345,0.1849532710280373,0.1971011309981333
0.2403628117913832,0.1961606354810238,0.0995327102803736,0.7846153846153846,0.3197305863708399,0.1688616272776475,0.7647132481843225,0.7335637538507777,0.4784308779011099,0.2582681900180397,0.1691588785046728,0.181728340836719
0.2287414965986394,0.1852383053839364,0.0911214953271027,0.7957816377171216,0.3070522979397781,0.1583979794335198,0.7604557976458802,0.7243970245698399,0.4613395560040363,0.2417318099819603,0.1570093457943925,0.1734929175359613
0.215844671201814,0.1707855251544572,0.0728971962616821,0.8095533498759305,0.2967511885895404,0.1430633231102291,0.754320060105184,0.7146291982868735,0.4450681130171543,0.2269242333132892,0.1469158878504672,0.1652574942352036
0.1940192743764172,0.1488305383936451,0.0518691588785046,0.8315136476426799,0.2749603803486529,0.1210535810932707,0.7429251189581768,0.7002028702381847,0.4257694248234106,0.2064040889957907,0.1293457943925233,0.1507631492258702
0.1707766439909297,0.1299646954986761,0.0485981308411214,0.8522332506203475,0.2440570522979397,0.1049972938841782,0.7285249186075632,0.6847997595611992,0.4040741675075681,0.1847564642212868,0.1098130841121495,0.1328648292522235
0.1626984126984127,0.1249999999999999,0.0542056074766354,0.858560794044665,0.2301901743264658,0.10193036261952,0.7233909341347358,0.6774363212863475,0.3929112008072654,0.1731058328322309,0.1020560747663551,0.1248490172394861
0.1683673469387755,0.1310679611650485,0.061214953271028,0.852605459057072,0.2353407290015847,0.1084250405917373,0.7266466316053093,0.6802163949207303,0.3944878910191725,0.175210463018641,0.1062616822429906,0.1295706599319205
0.171485260770975,0.1322815533980582,0.0560747663551403,0.8506203473945411,0.2416798732171157,0.1084250405917373,0.7322814926120711,0.684273799684424,0.3976412714429868,0.1795700541190619,0.1107476635514018,0.135500164708466
0.165391156462585,0.1267652250661959,0.0532710280373833,0.8563275434243177,0.2345483359746434,0.1031932166696733,0.7304032056098171,0.6819445488015629,0.3965060544904136,0.1776157546602525,0.1087850467289719,0.132315801032173
0.1604308390022675,0.1216902030008826,0.0476635514018689,0.8614143920595534,0.2297939778129952,0.0981418004690601,0.7248935637365389,0.6771357727853332,0.3925327951564076,0.1726548406494287,0.1028971962616822,0.1257274623915669
0.1622732426303854,0.124117387466902,0.0518691588785046,0.8593052109181142,0.2305863708399366,0.1008479162908171,0.7230152767342849,0.6763092644075437,0.391523713420787,0.1714521948286229,0.1017757009345794,0.1239705720874052
0.1687925170068027,0.1305163283318623,0.0574766355140186,0.8528535980148884,0.2373217115689381,0.1071621865415839,0.7262709742048584,0.6801412577954767,0.3943617558022199,0.1752856283824413,0.1061682242990654,0.1284726034918194
0.1717687074829932,0.1322815533980582,0.0551401869158878,0.8504962779156328,0.2428684627575277,0.1080642251488363,0.7316553969446532,0.6836727026823952,0.397452068617558,0.1791190619362597,0.1104672897196261,0.1341824969803448
0.1662414965986394,0.1275375110326566,0.0532710280373833,0.8555831265508685,0.2357369255150554,0.1039148475554753,0.7319058352116202,0.6822450973025772,0.3960645812310797,0.1770144317498496,0.108411214953271,0.132315801032173
0.1607142857142857,0.1218005295675198,0.0471962616822431,0.861166253101737,0.2305863708399366,0.0981418004690601,0.7257700976709242,0.6774363212863475,0.3922174571140262,0.1722038484666266,0.1021495327102803,0.1257274623915669
0.1624149659863945,0.123676081200353,0.0495327102803739,0.8594292803970224,0.2321711568938192,0.0999458776835648,0.7228900576008014,0.6760087159065293,0.3913345105953582,0.1710763680096212,0.1009345794392523,0.1229823212913143
0.1685090702947845,0.1300750220653133,0.0570093457943923,0.8531017369727047,0.2373217115689381,0.1066209633772324,0.7273979464062108,0.6801412577954767,0.3946770938446014,0.1756614552014431,0.1053271028037383,0.1291314373558801
0.1709183673469388,0.13261253309797,0.0593457943925235,0.8507444168734493,0.2396988906497623,0.1093270791989896,0.7331580265464563,0.683747839807649,0.397893541876892,0.1791942273000601,0.1103738317757009,0.135500164708466
0.1659580498866213,0.1283097969991174,0.0574766355140186,0.8553349875930522,0.2333597464342313,0.1053581093270792,0.7304032056098171,0.6823202344278307,0.3963168516649848,0.1773902585688515,0.1090654205607476,0.1328648292522235
0.1602891156462584,0.1218005295675198,0.0485981308411214,0.8614143920595534,0.2293977812995245,0.0983222081905106,0.7248935637365389,0.6776617326621084,0.3922174571140262,0.1729555021046302,0.1034579439252336,0.1257274623915669
0.1628401360544217,0.1237864077669902,0.0485981308411214,0.8591811414392061,0.2329635499207606,0.0999458776835648,0.7227648384673178,0.6767600871590653,0.3912083753784056,0.1719783523752255,0.1014953271028037,0.1244097946634456
0.169359410430839,0.1307369814651368,0.0565420560747661,0.8524813895781639,0.2389064976228209,0.1071621865415839,0.728274480340596,0.6803666691712374,0.3943617558022199,0.1752856283824413,0.105233644859813,0.1300098825079609
0.1717687074829932,0.1325022065313327,0.055607476635514,0.8503722084367246,0.242472266244057,0.1084250405917373,0.7332832456799399,0.6841235254339169,0.3978304742684157,0.1786680697534576,0.1093457943925233,0.1339628856923246
0.1668083900226757,0.1274271844660194,0.0509345794392522,0.8553349875930522,0.2377179080824089,0.1033736243911238,0.7306536438767843,0.6817942745510557,0.3958753784056508,0.1768641010222489,0.1075700934579439,0.1309981333040518
0.161422902494331,0.1218005295675198,0.044859813084112,0.8609181141439206,0.23256735340729,0.0976005773047086,0.7240170298021538,0.6765346757833044,0.3914606458123107,0.1722038484666266,0.1018691588785046,0.1248490172394861
0.1629818594104308,0.1237864077669902,0.0481308411214952,0.8590570719602978,0.2333597464342313,0.0999458776835648,0.722389181066867,0.6763092644075437,0.3911453077699293,0.1710763680096212,0.1014018691588785,0.1245196003074558
0.169501133786848,0.1296337157987643,0.0509345794392522,0.8529776674937966,0.2412836767036449,0.1051777016056287,0.7273979464062108,0.6802915320459838,0.3942356205852674,0.175210463018641,0.1062616822429906,0.1296804655759306
0.1712018140589569,0.1316195939982347,0.0542056074766354,0.8511166253101737,0.2420760697305863,0.1075230019844849,0.7325319308790382,0.6841235254339169,0.3972628657921291,0.1788184004810583,0.1101869158878504,0.1348413308444054
0.1656746031746031,0.1268755516328332,0.0528037383177571,0.8562034739454095,0.2349445324881141,0.1033736243911238,0.730778863010268,0.6827710571793524,0.3957492431886982,0.17708959711365,0.1081308411214953,0.1319863841001427
0.1604308390022675,0.1219108561341571,0.0485981308411214,0.8612903225806452,0.2297939778129952,0.0983222081905106,0.724267468069121,0.6775865955368547,0.3917759838546922,0.1728051713770294,0.1028971962616822,0.1260568793235972
0.163407029478458,0.1240070609002648,0.0476635514018689,0.8588089330024815,0.2341521394611727,0.0999458776835648,0.7225144002003506,0.6763092644075437,0.3912714429868819,0.1717528562838244,0.1017757009345794,0.1250686285275062
0.1703514739229024,0.1298543689320388,0.0495327102803739,0.8524813895781639,0.2428684627575277,0.1051777016056287,0.7276483846731779,0.6801412577954767,0.3951816347124116,0.1755111244738424,0.1062616822429906,0.1305589107280114
0.171485260770975,0.1320609002647838,0.0551401869158878,0.8507444168734493,0.242472266244057,0.1078838174273858,0.7322814926120711,0.6841235254339169,0.3978304742684157,0.1791942273000601,0.1103738317757009,0.1351707477764357
0.1652494331065759,0.1273168578993821,0.055607476635514,0.8562034739454095,0.2333597464342313,0.1040952552769259,0.7306536438767843,0.6815688631752949,0.3956231079717456,0.1770144317498496,0.1078504672897196,0.1322059953881629
0.1598639455782312,0.1230141218005295,0.0551401869158878,0.8609181141439206,0.226228209191759,0.1004871008479163,0.7236413724017029,0.6768352242843189,0.391965186680121,0.1719783523752255,0.1019626168224299,0.1248490172394861
0.1624149659863945,0.1247793468667255,0.0542056074766354,0.8588089330024815,0.2301901743264658,0.1017499548980696,0.7222639619333834,0.676083853031783,0.3912714429868819,0.1707005411906193,0.1005607476635514,0.1235313495113649
0.169501133786848,0.1302956751985878,0.0542056074766354,0.852605459057072,0.2400950871632329,0.1064405556557821,0.72702228900576,0.6801412577954767,0.3949293642785065,0.1753607937462417,0.1057009345794392,0.1292412429998902
0.1719104308390022,0.1318402471315092,0.0523364485981308,0.8506203473945411,0.2440570522979397,0.1073425942630344,0.7317806160781366,0.6844240739349312,0.3982088799192734,0.1792693926638605,0.1103738317757009,0.135500164708466
0.1656746031746031,0.1273168578993821,0.0542056074766354,0.8559553349875932,0.2345483359746434,0.1039148475554753,0.7292762334084647,0.6822450973025772,0.3958753784056508,0.1771647624774503,0.1074766355140186,0.1326452179642033
0.1604308390022675,0.1220211827007943,0.0490654205607476,0.861166253101737,0.2293977812995245,0.0986830236334114,0.7246431254695717,0.6772860470358404,0.3922805247225024,0.1722038484666266,0.1017757009345794,0.1264961018996376
0.1625566893424036,0.1238967343336275,0.0500000000000001,0.8591811414392061,0.2321711568938192,0.1003066931264658,0.7230152767342849,0.6765346757833044,0.3913975782038345,0.1713770294648226,0.1010280373831775,0.1248490172394861
0.1697845804988662,0.1306266548984996,0.0546728971962616,0.8523573200992557,0.2400950871632329,0.1066209633772324,0.728274480340596,0.6805920805469982,0.3947401614530776,0.1755111244738424,0.105607476635514,0.1309981333040518
0.1723356009070294,0.1322815533980582,0.0532710280373833,0.8502481389578164,0.2440570522979397,0.1078838174273858,0.7322814926120711,0.6838981140581561,0.3980196770938446,0.178968731208659,0.1105607476635514,0.135500164708466
0.1666666666666666,0.1269858781994704,0.0495327102803739,0.8557071960297767,0.2381141045958795,0.102651993505322,0.7300275482093664,0.6818694116763092,0.3960015136226034,0.17708959711365,0.1082242990654205,0.1322059953881629
0.1609977324263038,0.1222418358340688,0.0481308411214952,0.8609181141439206,0.2305863708399366,0.0986830236334114,0.724517906336088,0.676985498534826,0.3917129162462159,0.172504509921828,0.1022429906542056,0.1255078511035467
0.1628401360544217,0.1242277140335393,0.0509345794392522,0.8589330024813897,0.2317749603803486,0.1008479162908171,0.722389181066867,0.6761589901570365,0.3905776992936428,0.17085087191822,0.1010280373831775,0.1238607664433951
0.1683673469387755,0.1306266548984996,0.0593457943925235,0.8528535980148884,0.2361331220285261,0.1077034097059354,0.7267718507387929,0.6799909835449696,0.3935418768920282,0.1744588093806374,0.1057009345794392,0.1299000768639508
0.1709183673469388,0.1318402471315092,0.0560747663551403,0.8511166253101737,0.2412836767036449,0.1080642251488363,0.7340345604808415,0.6838229769329026,0.3975782038345106,0.1791190619362597,0.1110280373831775,0.1361589985725266
0.1662414965986394,0.1273168578993821,0.0523364485981308,0.8557071960297767,0.2361331220285261,0.1035540321125743,0.7317806160781366,0.68209482305207,0.3964429868819373,0.1773902585688515,0.1085981308411214,0.1328648292522235
0.1605725623582766,0.1220211827007943,0.0485981308411214,0.861166253101737,0.2297939778129952,0.0985026159119609,0.7240170298021538,0.6765346757833044,0.3917129162462159,0.1720535177390258,0.1015887850467289,0.1249588228834962
0.1626984126984127,0.1248896734333627,0.0537383177570091,0.8586848635235733,0.2305863708399366,0.1017499548980696,0.7231404958677685,0.6759335787812758,0.3908930373360242,0.1715273601924233,0.1008411214953271,0.1244097946634456
0.169359410430839,0.1305163283318623,0.055607476635514,0.852605459057072,0.2393026941362915,0.1068013710986829,0.7280240420736288,0.6803666691712374,0.3944878910191725,0.1755862898376428,0.1062616822429906,0.1304491050840013
0.1712018140589569,0.1320609002647838,0.055607476635514,0.8508684863523573,0.2416798732171157,0.1080642251488363,0.7325319308790382,0.6839732511834097,0.3981458123107971,0.1792693926638605,0.1105607476635514,0.1348413308444054
0.1660997732426303,0.1276478375992939,0.0542056074766354,0.8555831265508685,0.2349445324881141,0.1042756629983762,0.731404958677686,0.6819445488015629,0.3965691220988899,0.1773150932050511,0.1078504672897196,0.131217744592072
0.1607142857142857,0.1227934686672551,0.0518691588785046,0.8606699751861043,0.2286053882725832,0.0997654699621143,0.7243926872026045,0.6765346757833044,0.3923435923309787,0.1722038484666266,0.1015887850467289,0.1244097946634456
0.1624149659863945,0.124117387466902,0.0514018691588784,0.8591811414392061,0.2309825673534072,0.1008479162908171,0.7226396193338342,0.6757833045307686,0.3912714429868819,0.1709260372820204,0.1011214953271028,0.1236411551553749
0.169501133786848,0.1306266548984996,0.055607476635514,0.8523573200992557,0.2393026941362915,0.1068013710986829,0.7275231655396944,0.6799909835449696,0.3942986881937437,0.1750601322910402,0.1055140186915887,0.1291314373558801
0.171485260770975,0.1323918799646954,0.0565420560747661,0.8506203473945411,0.2416798732171157,0.1084250405917373,0.7327823691460055,0.6834472913066345,0.397452068617558,0.1792693926638605,0.1095327102803738,0.1350609421324256
0.1659580498866213,0.1273168578993821,0.0532710280373833,0.8558312655086848,0.2353407290015847,0.1037344398340248,0.7304032056098171,0.6816440003005484,0.3958123107971745,0.1776157546602525,0.1073831775700934,0.1327550236082134
0.1597222222222222,0.122352162400706,0.0528037383177571,0.8614143920595534,0.2270206022187004,0.0995850622406638,0.7236413724017029,0.6763092644075437,0.3918390514631684,0.172504509921828,0.1016822429906541,0.1250686285275062
0.1626984126984127,0.1242277140335393,0.0509345794392522,0.8590570719602978,0.2317749603803486,0.1008479162908171,0.7218883045329325,0.6756330302802614,0.3912083753784056,0.1710012026458208,0.1005607476635514,0.123750960799385
0.1699263038548752,0.130847308031774,0.0551401869158878,0.8521091811414393,0.2400950871632329,0.1069817788201334,0.7287753568745304,0.6798407092944624,0.3947401614530776,0.1750601322910402,0.1057943925233644,0.1301196881519709
0.1720521541950113,0.13261253309797,0.0560747663551403,0.8502481389578164,0.2428684627575277,0.1086054483131878,0.7336589030803906,0.6840483883086633,0.3975151362260343,0.1788935658448587,0.1102803738317756,0.1352805534204458
0.1663832199546485,0.1275375110326566,0.0532710280373833,0.8555831265508685,0.2361331220285261,0.1039148475554753,0.7306536438767843,0.6823202344278307,0.3960645812310797,0.1770144317498496,0.1083177570093457,0.1326452179642033
0.1595804988662131,0.1218005295675198,0.0509345794392522,0.861786600496278,0.2274167987321711,0.0988634313548619,0.7257700976709242,0.6771357727853332,0.3923435923309787,0.1722790138304269,0.102803738317757,0.1263862962556275
0.1615646258503401,0.1233451015004413,0.0504672897196259,0.8600496277915635,0.2305863708399366,0.0999458776835648,0.7238918106686701,0.6765346757833044,0.3912083753784056,0.1711515333734215,0.1013084112149532,0.1246294059514659
0.1709183673469388,0.1311782877316858,0.0532710280373833,0.8514888337468983,0.2420760697305863,0.1068013710986829,0.728900576008014,0.681343451799534,0.3955600403632693,0.1763379434756464,0.1067289719626168,0.1304491050840013
0.1831065759637188,0.1426522506619594,0.0616822429906542,0.8397022332506203,0.2559429477020602,0.1178062421071621,0.7409216128224392,0.6899842212036967,0.4038849646821392,0.1864852675886951,0.1188785046728971,0.1446140331613044
0.1930272108843537,0.1535745807590467,0.0752336448598129,0.8291563275434244,0.2638668779714738,0.1295327440014432,0.7488104182319059,0.6975730708543091,0.4109485368314833,0.1955802766085388,0.1301869158878504,0.1548259580542439
0.2018140589569161,0.1661518093556928,0.0995327102803736,0.818362282878412,0.2658478605388272,0.1443261771603823,0.7528174305033809,0.7026823953715531,0.4163723511604439,0.2018190018039687,0.1383177570093458,0.1608652684747996
0.2208049886621315,0.1863415710503088,0.1228971962616823,0.79863523573201,0.2824881141045959,0.1654338805700884,0.7628349611820685,0.7109474791494477,0.4257694248234106,0.211891160553217,0.1517757009345794,0.1711869990117492
0.2430555555555555,0.2097308031774051,0.1481308411214951,0.7756823821339951,0.3026941362916006,0.1894281075230019,0.7784873528675181,0.7245472988203471,0.4389505549949545,0.2285778713168971,0.1719626168224299,0.190293181069507
0.2586451247165533,0.2287069726390115,0.1771028037383177,0.7583126550868488,0.3125990491283676,0.2105358109327078,0.7951414976208364,0.7370200616124426,0.4496089808274469,0.2420324714371617,0.1882242990654205,0.2070934446030526
0.2631802721088436,0.2370917917034422,0.197663551401869,0.7514888337468983,0.3098256735340728,0.2213602742197365,0.8012772351615326,0.7438575400105192,0.4555373360242179,0.248346361996392,0.1963551401869158,0.2146700340397496
0.2699829931972789,0.2424977934686673,0.1981308411214952,0.7455334987593053,0.3193343898573693,0.2258704672559985,0.8017781116954671,0.7442332256367871,0.4572401614530776,0.2492483463619964,0.1993457943925233,0.2155484791918304
0.2787698412698413,0.2514342453662842,0.2070093457943924,0.7366004962779157,0.3276545166402536,0.2348908533285225,0.8049085900325569,0.7476895333984521,0.4601412714429868,0.2533824413710162,0.204018691588785,0.2196112880202042
0.2867063492063492,0.2610326566637246,0.2214953271028035,0.7277915632754343,0.3328050713153724,0.2455349088941007,0.8121712997746054,0.7543016004207679,0.4661957618567103,0.2608238123872519,0.212429906542056,0.2300428242011639
0.2882653061224489,0.2613636363636363,0.2177570093457944,0.7269230769230769,0.3367670364500792,0.2449936857297492,0.8158026546456298,0.7567811255541363,0.4675832492431886,0.2626277811184606,0.215233644859813,0.2331173822334467
0.2793367346938776,0.2509929390997352,0.2032710280373829,0.7367245657568239,0.3300316957210776,0.2338084069998196,0.810167793638868,0.75099556690961,0.4624117053481331,0.2566145520144318,0.2077570093457943,0.2256505984407598
0.2623299319727891,0.2357678729037952,0.194859813084112,0.752605459057072,0.3102218700475436,0.2197366047266823,0.7963936889556723,0.7416785633781652,0.4545913218970736,0.2469933854479855,0.1949532710280374,0.2115954760074667
0.2545351473922902,0.226279788172992,0.1803738317757009,0.7614143920595534,0.3050713153724247,0.2092729568825544,0.7871274730778863,0.7329626568487488,0.4472754793138244,0.2375225496091401,0.1834579439252336,0.2003953003184363
0.2490079365079365,0.2178949691085613,0.1630841121495328,0.7684863523573201,0.3050713153724247,0.1989897167598772,0.7833708990733783,0.7283041550830265,0.4431130171543894,0.232711966325917,0.1772897196261682,0.1954540463379817
0.2363945578231292,0.2036628420123565,0.144392523364486,0.7821339950372208,0.2951664025356577,0.1838354681580371,0.7774855997996493,0.7232699676910361,0.4368062563067608,0.2257967528562838,0.1683177570093458,0.1890853189853958
0.2151360544217687,0.1799426301853486,0.1135514018691589,0.8047146401985112,0.2785261489698891,0.1583979794335198,0.7648384673178061,0.7114734390262227,0.4247603430877901,0.2109891761876127,0.1506542056074766,0.173163500603931
0.195719954648526,0.1568843777581641,0.0799065420560748,0.8261786600496278,0.2654516640253566,0.1331408984304528,0.7469321312296519,0.6968968367270267,0.4112008072653885,0.1944527961515333,0.1301869158878504,0.1524102338860217
0.1822562358276644,0.1411076787290379,0.0579439252336448,0.8409429280397023,0.2559429477020602,0.1160021648926574,0.7342849987478086,0.6860770906905101,0.4010469223007063,0.1830276608538785,0.1155140186915887,0.1384649170967387
0.1733276643990929,0.1331641659311562,0.0537383177570091,0.8493796526054591,0.2452456418383518,0.1086054483131878,0.7302779864763336,0.6822450973025772,0.3965691220988899,0.1782922429344558,0.1086915887850467,0.1331942461842538
0.1704931972789115,0.13261253309797,0.0607476635514018,0.8508684863523573,0.2385103011093502,0.1095074869204401,0.7327823691460055,0.6838981140581561,0.3980196770938446,0.1797203848466626,0.1103738317757009,0.1358295816404963
0.1649659863945578,0.1270962047661077,0.055607476635514,0.8564516129032258,0.2329635499207606,0.1040952552769259,0.7315301778111696,0.6823953715530843,0.3965691220988899,0.1780667468430547,0.1089719626168224,0.1337432744043043
0.1598639455782312,0.1219108561341571,0.0504672897196259,0.8615384615384617,0.2278129952456418,0.0986830236334114,0.7257700976709242,0.6772860470358404,0.392406659939455,0.172730006013229,0.1028971962616822,0.125837268035577
0.1624149659863945,0.1242277140335393,0.0514018691588784,0.8591811414392061,0.231378763866878,0.1008479162908171,0.7232657150012521,0.6757833045307686,0.3907669021190716,0.1710763680096212,0.101214953271028,0.1244097946634456
0.1700680272108843,0.130406001765225,0.0528037383177571,0.8523573200992557,0.2412836767036449,0.1060797402128811,0.7278988229401452,0.6798407092944624,0.3941725529767911,0.175210463018641,0.105607476635514,0.1299000768639508
0.171485260770975,0.132171226831421,0.055607476635514,0.8507444168734493,0.2420760697305863,0.1080642251488363,0.7326571500125219,0.6840483883086633,0.3977043390514631,0.1793445580276608,0.1109345794392523,0.1347315252003952
0.1663832199546485,0.1268755516328332,0.0500000000000001,0.8558312655086848,0.2373217115689381,0.1028324012267725,0.7309040821437515,0.6820196859268164,0.396127648839556,0.1774654239326518,0.1081308411214953,0.1316569671681124
0.1600056689342403,0.1225728155339806,0.0528037383177571,0.861166253101737,0.2274167987321711,0.0997654699621143,0.7241422489356374,0.6769103614095724,0.3924697275479313,0.1724293445580276,0.1025233644859813,0.1247392115954759
0.1622732426303854,0.1244483671668137,0.0532710280373833,0.8590570719602978,0.2301901743264658,0.1013891394551686,0.7228900576008014,0.6761589901570365,0.3914606458123107,0.1713018641010222,0.1015887850467289,0.1232019325793346
0.1687925170068027,0.130847308031774,0.0588785046728973,0.852605459057072,0.2369255150554675,0.1077034097059354,0.7275231655396944,0.6799158464197159,0.3951816347124116,0.1754359591100421,0.1060747663551401,0.1288020204238497
0.1712018140589569,0.1327228596646072,0.0588785046728973,0.8504962779156328,0.2400950871632329,0.1093270791989896,0.7325319308790382,0.6835975655571417,0.3979566094853683,0.1783674082982561,0.1098130841121495,0.134511913912375
0.1669501133786848,0.1275375110326566,0.0509345794392522,0.855210918114144,0.2377179080824089,0.1033736243911238,0.7315301778111696,0.6823202344278307,0.3965060544904136,0.17708959711365,0.1081308411214953,0.1322059953881629
0.1608560090702948,0.1220211827007943,0.0476635514018689,0.8610421836228288,0.2305863708399366,0.0983222081905106,0.7250187828700225,0.6774363212863475,0.3925327951564076,0.1723541791942273,0.1023364485981308,0.1260568793235972
0.1622732426303854,0.124117387466902,0.0518691588785046,0.8591811414392061,0.2305863708399366,0.1008479162908171,0.7230152767342849,0.6765346757833044,0.391965186680121,0.171677690920024,0.101214953271028,0.1236411551553749
0.1690759637188208,0.1306266548984996,0.0570093457943923,0.852605459057072,0.2381141045958795,0.1071621865415839,0.7291510142749812,0.6801412577954767,0.3949924318869828,0.1756614552014431,0.1059813084112149,0.1296804655759306
0.1716269841269841,0.131729920564872,0.0532710280373833,0.8508684863523573,0.2432646592709983,0.1073425942630344,0.7326571500125219,0.6835975655571417,0.3976412714429868,0.1790438965724594,0.1105607476635514,0.1346217195563852
0.1663832199546485,0.1273168578993821,0.0523364485981308,0.8555831265508685,0.2365293185419968,0.1035540321125743,0.7315301778111696,0.6820196859268164,0.3967583249243188,0.1777660853878532,0.1083177570093457,0.1324256066761831
0.1602891156462584,0.1218005295675198,0.0485981308411214,0.8614143920595534,0.2293977812995245,0.0983222081905106,0.724517906336088,0.6768352242843189,0.3928481331987891,0.1734064942874323,0.1019626168224299,0.1255078511035467
0.1581632653061224,0.11738746690203,0.0369158878504673,0.8647642679900746,0.231378763866878,0.0925491611040951,0.7225144002003506,0.6752573446539935,0.388433400605449,0.1705502104630186,0.096822429906542,0.1184802898869002
0.1417233560090703,0.1022727272727272,0.0275700934579439,0.8805210918114145,0.2123613312202852,0.0782969511095073,0.7225144002003506,0.6702231572620031,0.3777119071644803,0.1628833433553818,0.0797196261682243,0.100032941693203
0.0793650793650793,0.0584730803177405,0.0467289719626169,0.9323821339950372,0.1172741679873217,0.0461843766913224,0.7153769095917856,0.6527913442031709,0.3584132189707366,0.1331930246542393,0.0499065420560747,0.0612715493576369
0.0175736961451247,0.0123565754633715,0.055607476635514,0.9853598014888336,0.0269413629160063,0.0102832401226772,0.7208865514650639,0.6421970095424149,0.3515388496468213,0.1077871316897173,0.0141121495327102,0.0182277369056769
0.0138888888888888,0.0093777581641659,0.0551401869158878,0.988709677419355,0.0217908082408874,0.0077575320223704,0.769221136989732,0.6754827560297544,0.4010469223007063,0.1370264582080577,0.0116822429906542,0.0124080377731415
0.1160714285714285,0.0986319505736981,0.0967289719626166,0.8937965260545907,0.1469889064976228,0.0887605989536352,0.8437265214124718,0.7526485836651888,0.5215060544904137,0.2506764882742032,0.0946728971962616,0.0978368288130009
0.2813208616780045,0.2581641659311562,0.2271028037383178,0.7317617866004964,0.3229001584786053,0.2442720548439473,0.9134735787628347,0.8463445788564128,0.6746972754793137,0.4386650631389056,0.2714953271028037,0.2590315142198309
0.4961734693877551,0.4688879082082965,0.4112149532710278,0.5192307692307693,0.5451664025356576,0.452101749954898,0.9698221888304532,0.935457209407168,0.8179238143289607,0.6419873722188816,0.4898130841121494,0.4708466015153179
0.7030895691609977,0.6890997352162402,0.6616822429906539,0.3048387096774194,0.7282091917591125,0.6804979253112033,0.998121712997746,0.9929371102261628,0.950050454086781,0.8532772098616956,0.7261682242990655,0.6925441967717141
0.8975340136054423,0.8926522506619596,0.8827102803738316,0.1053349875930522,0.9064976228209192,0.8895904744723074,0.948534936138242,0.9670148020136748,0.9933779011099898,0.9852675886951292,0.9302803738317756,0.8939277478862414
0.9910714285714286,0.9917255075022068,0.99392523364486,0.0085607940446649,0.9896988906497622,0.9920620602561788,0.7848735286751815,0.830114959801638,0.8766397578203833,0.9431749849669272,0.9865420560747664,0.9883606017349292
0.9299886621315192,0.927405119152692,0.922429906542056,0.0714640198511166,0.9346275752773376,0.9256720187624028,0.5468319559228649,0.6104891426854008,0.6402623612512612,0.774579073962718,0.8749532710280373,0.9253321620731304
0.7685657596371882,0.7575022065313328,0.7355140186915886,0.2377171215880892,0.788431061806656,0.7506765289554393,0.2972702228900575,0.3411976857765422,0.3738647830474268,0.5513379434756464,0.6903738317757008,0.7606236960579773
0.5650510204081634,0.5446822594880847,0.5051401869158879,0.4464019851116625,0.601822503961965,0.5322027782789103,0.0812672176308539,0.0954241490720565,0.1232971745711402,0.318550811785929,0.4504672897196261,0.5499066652025915
0.3543083900226758,0.3201676963812886,0.2490654205607474,0.6650124069478909,0.4156101426307448,0.2992964098863431,0.004007012271475,0.0,0.0038471241170534,0.1200390859891761,0.2263551401869158,0.3231580103217305
0.2040816326530612,0.1607458075904678,0.0691588785046727,0.820347394540943,0.2820919175911252,0.1342233447591556,0.1173303280741296,0.07874370726576,0.0385343087790111,0.0123271196632591,0.0900934579439252,0.1608652684747996
0.133219954648526,0.0909090909090909,0.0074766355140188,0.8906947890818858,0.208795562599049,0.0651271874436226,0.3092912597044828,0.2488541588398828,0.1449293642785065,0.0085688514732411,0.0389719626168224,0.0915779071044251
0.0918367346938775,0.0621138570167696,0.0214953271028037,0.924937965260546,0.1450079239302694,0.044199891755367,0.4893563736538943,0.4164850852806371,0.2534056508577195,0.05208959711365,0.0315887850467289,0.06456571867794
0.0844671201814059,0.0605692850838482,0.039252336448598,0.9290322580645162,0.1275752773375594,0.0465451921342232,0.6089406461307287,0.5423397700803967,0.3224646821392533,0.1046301864101022,0.0411214953271028,0.0655539694740309
0.1207482993197278,0.0834068843777581,0.016355140186916,0.9003722084367246,0.187797147385103,0.060797402128811,0.6741798146756824,0.6168757983319558,0.359170030272452,0.1384546001202646,0.0621495327102803,0.0854287910398594
0.1543367346938775,0.1122021182700794,0.0275700934579439,0.8693548387096776,0.2301901743264658,0.086415298574779,0.7126220886551465,0.6597039597265008,0.3818113017154389,0.1612297053517739,0.0871962616822429,0.1124409794663445
0.1686507936507936,0.1287511032656663,0.0504672897196259,0.8538461538461539,0.2400950871632329,0.1044560707198267,0.7267718507387929,0.678638515290405,0.3936049445005045,0.1745339747444378,0.1034579439252336,0.1273745470517184
0.1721938775510204,0.1322815533980582,0.0537383177570091,0.8503722084367246,0.2440570522979397,0.1078838174273858,0.7324067117455547,0.6832970170561274,0.3972628657921291,0.1790438965724594,0.109626168224299,0.1331942461842538
0.1663832199546485,0.1277581641659312,0.0537383177570091,0.8553349875930522,0.2357369255150554,0.1042756629983762,0.7310293012772351,0.6814937260500412,0.3959384460141271,0.1768641010222489,0.1073831775700934,0.1309981333040518
0.1607142857142857,0.1222418358340688,0.0490654205607476,0.8610421836228288,0.2297939778129952,0.0988634313548619,0.725144002003506,0.6766849500338117,0.3923435923309787,0.1721286831028262,0.1023364485981308,0.1247392115954759
0.1615646258503401,0.124117387466902,0.0542056074766354,0.8595533498759306,0.2290015847860538,0.1012087317337181,0.7227648384673178,0.6757081674055151,0.391523713420787,0.1713018641010222,0.101214953271028,0.1239705720874052
0.1692176870748299,0.1302956751985878,0.0551401869158878,0.8527295285359803,0.2393026941362915,0.1064405556557821,0.7281492612071124,0.6796152979187017,0.3945509586276488,0.175210463018641,0.1061682242990654,0.1294608542879103
0.1712018140589569,0.1328331862312445,0.0588785046728973,0.8503722084367246,0.2404912836767035,0.1093270791989896,0.7329075882794891,0.6829964685551131,0.397452068617558,0.178968731208659,0.11,0.1347315252003952
0.1672335600907029,0.1279788172992056,0.0514018691588784,0.8548387096774195,0.2381141045958795,0.1039148475554753,0.7305284247433007,0.68209482305207,0.3964429868819373,0.1774654239326518,0.1076635514018691,0.1322059953881629
0.1602891156462584,0.1222418358340688,0.0504672897196259,0.861166253101737,0.2286053882725832,0.0990438390763124,0.7247683446030553,0.6772109099105867,0.3925327951564076,0.1726548406494287,0.1021495327102803,0.1256176567475568
0.1619897959183673,0.124558693733451,0.0546728971962616,0.8591811414392061,0.2293977812995245,0.1017499548980696,0.7233909341347358,0.6757081674055151,0.3911453077699293,0.1709260372820204,0.1010280373831775,0.1232019325793346
0.1690759637188208,0.1310679611650485,0.0588785046728973,0.8523573200992557,0.2373217115689381,0.1078838174273858,0.7278988229401452,0.6802915320459838,0.3943617558022199,0.1749849669272399,0.1058878504672897,0.1290216317118699
0.1720521541950113,0.1327228596646072,0.055607476635514,0.8501240694789083,0.2428684627575277,0.1086054483131878,0.7330328074129727,0.683747839807649,0.3976412714429868,0.1794948887552615,0.1100934579439252,0.1350609421324256
0.1659580498866213,0.1272065313327448,0.0532710280373833,0.8558312655086848,0.2353407290015847,0.1035540321125743,0.7302779864763336,0.6823202344278307,0.3960645812310797,0.1776157546602525,0.1085046728971962,0.1316569671681124
0.1611394557823129,0.1235657546337157,0.0532710280373833,0.8600496277915635,0.2286053882725832,0.1006675085693668,0.7241422489356374,0.6774363212863475,0.3922174571140262,0.1728051713770294,0.1029906542056074,0.1251784341715164
0.163407029478458,0.1253309796999117,0.0532710280373833,0.8580645161290323,0.2317749603803486,0.1021107703409705,0.7227648384673178,0.6763844015327972,0.3912083753784056,0.1721286831028262,0.101214953271028,0.1242999890194356
0.1697845804988662,0.1307369814651368,0.0551401869158878,0.8522332506203475,0.2400950871632329,0.1068013710986829,0.7268970698722764,0.6800661206702231,0.3944248234106962,0.1758117859290439,0.1055140186915887,0.1286922147798396
0.1717687074829932,0.1328331862312445,0.0574766355140186,0.8502481389578164,0.2416798732171157,0.1091466714775391,0.7325319308790382,0.6843489368096776,0.3980827447023208,0.1794948887552615,0.111214953271028,0.1348413308444054
0.1658163265306122,0.1275375110326566,0.0546728971962616,0.8558312655086848,0.2345483359746434,0.1040952552769259,0.730778863010268,0.6828461943046059,0.3968213925327951,0.1776157546602525,0.108411214953271,0.1328648292522235
0.1601473922902494,0.1224624889673433,0.0518691588785046,0.8610421836228288,0.2278129952456418,0.0995850622406638,0.7237665915351865,0.6774363212863475,0.3922174571140262,0.1719031870114251,0.1018691588785046,0.1257274623915669
0.1626984126984127,0.1237864077669902,0.0485981308411214,0.8593052109181142,0.2329635499207606,0.0999458776835648,0.7231404958677685,0.6766098129085582,0.3910191725529768,0.1719031870114251,0.1010280373831775,0.1246294059514659
0.1697845804988662,0.130406001765225,0.0537383177570091,0.8523573200992557,0.2404912836767035,0.1064405556557821,0.7275231655396944,0.6802915320459838,0.3940464177598385,0.1754359591100421,0.1053271028037383,0.1294608542879103
0.171485260770975,0.132171226831421,0.055607476635514,0.8506203473945411,0.2420760697305863,0.1080642251488363,0.7320310543451038,0.683747839807649,0.3969475277497477,0.1782170775706554,0.1098130841121495,0.1338530800483144
0.1659580498866213,0.1277581641659312,0.0551401869158878,0.8555831265508685,0.2345483359746434,0.1044560707198267,0.7302779864763336,0.6820196859268164,0.3962537840565086,0.1770144317498496,0.1087850467289719,0.1317667728121225
0.1600056689342403,0.1229037952338922,0.0542056074766354,0.8609181141439206,0.2266244057052298,0.1003066931264658,0.7253944402704733,0.6771357727853332,0.3925958627648839,0.172730006013229,0.1028971962616822,0.1255078511035467
0.1611394557823129,0.1247793468667255,0.0588785046728973,0.8594292803970224,0.226228209191759,0.102651993505322,0.7230152767342849,0.6763844015327972,0.3917129162462159,0.1719783523752255,0.1014018691588785,0.1242999890194356
0.1686507936507936,0.130847308031774,0.0593457943925235,0.852605459057072,0.2365293185419968,0.1078838174273858,0.7275231655396944,0.6800661206702231,0.3949293642785065,0.1753607937462417,0.1061682242990654,0.1306687163720215
0.1717687074829932,0.1332744924977934,0.0593457943925235,0.85,0.2408874801901743,0.1096878946418906,0.7330328074129727,0.6839732511834097,0.3978304742684157,0.1790438965724594,0.1104672897196261,0.1359393872845064
0.1660997732426303,0.1278684907325684,0.055607476635514,0.8554590570719603,0.2345483359746434,0.1046364784412772,0.7315301778111696,0.6819445488015629,0.3958123107971745,0.17708959711365,0.1080373831775701,0.1324256066761831
0.1600056689342403,0.1224624889673433,0.0523364485981308,0.861166253101737,0.2274167987321711,0.0995850622406638,0.7253944402704733,0.6769103614095724,0.3917759838546922,0.1725796752856283,0.1023364485981308,0.1252882398155265
0.1663832199546485,0.1288614298323036,0.058411214953271,0.8548387096774195,0.233755942947702,0.1060797402128811,0.7243926872026045,0.6802915320459838,0.396127648839556,0.1777660853878532,0.1044859813084112,0.1284726034918194
0.189625850340136,0.1479479258605472,0.0626168224299063,0.8338709677419355,0.2646592709984152,0.1223164351434241,0.737290257951415,0.6946427229694191,0.4154894046417759,0.1972339146121467,0.1213084112149532,0.1450532557373449
0.2091836734693877,0.1640556045895851,0.066822429906542,0.8162531017369727,0.2900158478605388,0.1363882374165613,0.7518156774355121,0.7095950108948832,0.4379414732593339,0.2193325315694528,0.1408411214953271,0.1609750741188096
0.2200963718820861,0.175639894086496,0.0799065420560748,0.8049627791563275,0.2999207606973059,0.1484755547537434,0.7592036063110443,0.7198887970546247,0.4545282542885973,0.2352675886951293,0.1534579439252336,0.1705281651476886
0.2287414965986394,0.1865622241835834,0.0967289719626166,0.7950372208436726,0.304675118858954,0.1605628720909255,0.7628349611820685,0.728229017957773,0.4703582240161452,0.2501503307276007,0.1632710280373831,0.1772263094323048
0.2512755102040816,0.2074139452780229,0.1112149532710281,0.7734491315136477,0.3300316957210776,0.180407721450478,0.7716003005259203,0.7410023292508828,0.4894046417759838,0.2688665063138906,0.1766355140186915,0.1900735697814867
0.2733843537414965,0.2289276257722859,0.1289719626168225,0.7516129032258065,0.3534072900158478,0.2013350171387335,0.7865013774104683,0.7570816740551506,0.5119197780020182,0.2914912808177992,0.1957943925233644,0.2096189744152849
0.2929421768707483,0.2481244483671668,0.1462616822429905,0.7323821339950373,0.3736133122028526,0.2204582356124842,0.8027798647633358,0.7746637613644901,0.5355701311806256,0.3159951894167168,0.215607476635514,0.2281761282529922
0.3044217687074829,0.2610326566637246,0.1630841121495328,0.7199751861042184,0.3823296354992075,0.2343496301641709,0.8114199849737039,0.7860846044030355,0.553481331987891,0.3338093806374023,0.2294392523364485,0.2393763039420226
0.3154761904761905,0.2718446601941748,0.1724299065420562,0.709181141439206,0.3938193343898574,0.2448132780082987,0.8148009015777611,0.7944248253061837,0.5677976791120081,0.347489476849068,0.2386915887850466,0.2450861974305479
0.3324829931972789,0.2890556045895852,0.1887850467289718,0.6920595533498759,0.4108557844690966,0.2621324192675447,0.8223140495867769,0.8047186114659253,0.5855827447023209,0.3649278412507516,0.251214953271028,0.2554079279674975
0.3560090702947845,0.3106796116504854,0.2037383177570091,0.6694789081885856,0.4370047543581616,0.2826988995128991,0.8359629351364888,0.8192200766398677,0.6063950554994954,0.3859741431148527,0.2692523364485981,0.2729768310091138
0.3732993197278911,0.3262356575463371,0.2121495327102805,0.6532258064516129,0.457606973058637,0.2971315172289374,0.8491109441522664,0.8334961304380494,0.625441473259334,0.4046903187011425,0.2864485981308411,0.2884594268145382
0.3805272108843537,0.3327449249779347,0.2163551401869158,0.6464019851116626,0.4663232963549921,0.3032653797582537,0.8543701477585776,0.8418363513411976,0.6377396569122098,0.4184455802766085,0.2958878504672896,0.2959262106072252
0.3860544217687074,0.3384819064430714,0.2219626168224297,0.6408188585607941,0.4714738510301109,0.3088580191232185,0.8541197094916103,0.845217521977609,0.6466321897073662,0.4247594708358388,0.3,0.296914461403316
0.3962585034013605,0.3496248896734334,0.2355140186915887,0.6300248138957817,0.4801901743264659,0.3205845210174995,0.8590032556974705,0.8510782177473889,0.657353683148335,0.4356584485868912,0.3065420560747663,0.305369495992094
0.4155328798185941,0.3661738746690203,0.2420560747663552,0.6122828784119108,0.5039619651347068,0.3355583618978892,0.8683946907087403,0.8613720039071304,0.6690842583249242,0.4496392062537582,0.3179439252336448,0.3170088942571648
0.4227607709750567,0.3740070609002648,0.2518691588785048,0.6047146401985112,0.509904912836767,0.3438571170846111,0.8779113448534936,0.870388458937561,0.6800580221997982,0.460838845460012,0.3294392523364486,0.327989458658175
0.4169501133786847,0.3724624889673433,0.2640186915887851,0.6081885856079405,0.4968304278922344,0.3447591556918635,0.8766591535186575,0.8712901044406041,0.6842204843592331,0.4646722790138304,0.331214953271028,0.3296365433183265
0.4135487528344671,0.3686010591350397,0.2588785046728971,0.6117866004962779,0.4944532488114104,0.3406097780985025,0.8713999499123466,0.8677586595536854,0.6825176589303733,0.4615153337342152,0.3271028037383177,0.3238168441857911
0.4155328798185941,0.3710282436010591,0.2621495327102802,0.6095533498759306,0.4956418383518224,0.3433158939202598,0.8690207863761583,0.8667818769253889,0.6811932391523713,0.4594107035478051,0.3259813084112149,0.3223893708136597
0.4220521541950113,0.3774271844660194,0.2682242990654204,0.6031017369727047,0.502377179080824,0.3496301641710264,0.8727773603806661,0.8702381846870538,0.6843466195761856,0.4633944678292243,0.33,0.3277698473701548
0.4230442176870748,0.3762135922330097,0.2598130841121495,0.6033498759305211,0.5071315372424722,0.3471044560707197,0.8782870022539443,0.8724171613194078,0.6827699293642785,0.4630938063740228,0.3319626168224299,0.3300757658943669
0.4151077097505669,0.3661738746690203,0.2434579439252334,0.612406947890819,0.5031695721077654,0.3357387696193397,0.8737791134485349,0.8666316026748816,0.6741296670030272,0.4556524353577871,0.3250467289719626,0.3228285933897002
0.3995181405895691,0.3529346866725507,0.238785046728972,0.6266749379652605,0.4833597464342313,0.3240122677250586,0.8635111445028799,0.8560372680141257,0.6625252270433905,0.4419723391461214,0.3121495327102803,0.3111891951246293
0.3920068027210884,0.3448808473080318,0.2294392523364486,0.6346153846153846,0.4766244057052298,0.3155331048168861,0.8551214625594791,0.8479975956119918,0.6511099899091826,0.4283674082982561,0.3031775700934579,0.2999890194355989
0.3893140589569161,0.3421226831421006,0.2261682242990654,0.6373449131513648,0.4742472266244057,0.3126465812736785,0.8536188329576759,0.8440904650988053,0.6422174571140262,0.4209260372820204,0.2972897196261682,0.2966948501152959
0.3795351473922902,0.3314210061782877,0.2135514018691588,0.6475186104218362,0.4659270998415213,0.3016417102651993,0.8519909842223891,0.8391314148320685,0.63162209889001,0.4117558628983764,0.2914018691588785,0.2944987372350938
0.3606859410430839,0.3134377758164166,0.1995327102803739,0.6660049627791564,0.4453248811410459,0.284142161284503,0.8428499874780866,0.8260575550379442,0.615098385469223,0.3944678292242934,0.2772897196261682,0.2801141978697705
0.3384353741496598,0.293909973521624,0.1901869158878505,0.6866004962779156,0.4183835182250396,0.2662817968609056,0.8278236914600551,0.8105041701104515,0.5945383451059535,0.3734966927239928,0.2587850467289719,0.2623256835401339
0.3238378684807256,0.2803398058252427,0.1808411214953271,0.700620347394541,0.4021394611727417,0.2534728486379217,0.8171800651139494,0.7990833270719062,0.5753657921291624,0.3550811785929044,0.2441121495327102,0.2491490062589216
0.314625850340136,0.2709620476610768,0.1714953271028037,0.7100496277915633,0.393026941362916,0.2439112394010463,0.8116704232406712,0.7899917349162221,0.5594096871846619,0.339371617558629,0.2337383177570093,0.2416822224662347
0.3010204081632653,0.2566195939982348,0.1556074766355139,0.7239454094292804,0.3807448494453249,0.2292982139635575,0.808289506636614,0.780900142760538,0.544462663975782,0.3243385447985568,0.2234579439252336,0.2348742725376084
0.2777777777777778,0.2335613415710503,0.1350467289719626,0.7471464019851117,0.3569730586370839,0.2063864333393469,0.7965189080891559,0.7656473063340596,0.5227674066599394,0.3027660853878533,0.2064485981308411,0.218403425936093
0.25609410430839,0.2129302736098853,0.1182242990654204,0.7682382133995038,0.3335974643423138,0.1863611762583438,0.7793638868019033,0.7477646705237058,0.4991801210898082,0.2790138304269393,0.184018691588785,0.1964422971340726
0.2409297052154194,0.197153574580759,0.1018691588785048,0.7837468982630273,0.3193343898573693,0.1703048890492512,0.7668419734535437,0.7335637538507777,0.4780524722502522,0.2586440168370414,0.168411214953271,0.1812891182606786
0.2277494331065759,0.1856796116504854,0.0967289719626166,0.7959057071960299,0.3030903328050713,0.1598412412051235,0.7618332081141999,0.7237207904425575,0.4615918264379414,0.2418069753457607,0.1574766355140187,0.1736027231799714
0.2151360544217687,0.1723300970873786,0.0817757009345793,0.8089330024813896,0.2919968304278922,0.1461302543748872,0.7569496619083396,0.7144789240363663,0.4455095862764883,0.2273752254960914,0.1478504672897196,0.1659163280992643
0.1930272108843537,0.1504854368932038,0.0621495327102805,0.830893300248139,0.2694136291600634,0.1243009200793793,0.7454295016278487,0.700503418739199,0.4252648839556003,0.2071557426337943,0.1303738317757009,0.1498847040737893
0.1710600907029478,0.1318402471315092,0.055607476635514,0.8511166253101737,0.2412836767036449,0.1078838174273858,0.7292762334084647,0.6857765421894957,0.4039480322906155,0.1848316295850872,0.1115887850467289,0.1331942461842538
0.1624149659863945,0.1256619593998235,0.0579439252336448,0.8583126550868487,0.2286053882725832,0.1031932166696733,0.7233909341347358,0.6777368697873619,0.3927219979818365,0.1729555021046302,0.1018691588785046,0.1241901833754254
0.1687925170068027,0.1301853486319505,0.0560747663551403,0.8529776674937966,0.2381141045958795,0.1066209633772324,0.7267718507387929,0.6799909835449696,0.3944878910191725,0.1758117859290439,0.105607476635514,0.1288020204238497
0.1710600907029478,0.1327228596646072,0.0588785046728973,0.8506203473945411,0.2400950871632329,0.1091466714775391,0.7320310543451038,0.6836727026823952,0.3973259334006054,0.1790438965724594,0.1098130841121495,0.1340726913363346
0.1652494331065759,0.1274271844660194,0.0560747663551403,0.8560794044665013,0.2329635499207606,0.1042756629983762,0.729526671675432,0.6823202344278307,0.3956231079717456,0.1767137702946482,0.1074766355140186,0.131217744592072
0.1590136054421768,0.1221315092674315,0.0542056074766354,0.861786600496278,0.225039619651347,0.0997654699621143,0.7253944402704733,0.6777368697873619,0.3920913218970736,0.1724293445580276,0.1020560747663551,0.1246294059514659
0.1617063492063492,0.1244483671668137,0.055607476635514,0.8593052109181142,0.2282091917591124,0.10193036261952,0.7247683446030553,0.6766849500338117,0.3917759838546922,0.1717528562838244,0.1013084112149532,0.123750960799385
0.1700680272108843,0.1307369814651368,0.0542056074766354,0.8521091811414393,0.2408874801901743,0.1066209633772324,0.7290257951414976,0.681193177549027,0.3951816347124116,0.1761124473842453,0.1060747663551401,0.1297902712199407
0.171343537414966,0.1327228596646072,0.058411214953271,0.8503722084367246,0.2408874801901743,0.1091466714775391,0.7339093413473579,0.6850251709369599,0.3979566094853683,0.179795550210463,0.1110280373831775,0.1350609421324256
0.1658163265306122,0.1277581641659312,0.0560747663551403,0.8555831265508685,0.233755942947702,0.1046364784412772,0.7316553969446532,0.6824705086783379,0.3963799192734611,0.1780667468430547,0.108411214953271,0.1328648292522235
0.1604308390022675,0.1221315092674315,0.0495327102803739,0.861166253101737,0.2290015847860538,0.0988634313548619,0.725144002003506,0.6776617326621084,0.3925958627648839,0.1732561635598316,0.102803738317757,0.1260568793235972
0.1622732426303854,0.1244483671668137,0.0532710280373833,0.8590570719602978,0.2301901743264658,0.1013891394551686,0.7233909341347358,0.6763844015327972,0.3912083753784056,0.171677690920024,0.1014953271028037,0.1234215438673547
0.1686507936507936,0.130847308031774,0.0593457943925235,0.852605459057072,0.2365293185419968,0.1077034097059354,0.7277736038066616,0.6796904350439552,0.3943617558022199,0.1750601322910402,0.1055140186915887,0.1289118260678599
0.1719104308390022,0.1325022065313327,0.055607476635514,0.8503722084367246,0.242472266244057,0.1084250405917373,0.7320310543451038,0.6834472913066345,0.3980196770938446,0.1788184004810583,0.1107476635514018,0.1353903590644559
0.1658163265306122,0.1274271844660194,0.0542056074766354,0.8558312655086848,0.2345483359746434,0.1040952552769259,0.7302779864763336,0.68209482305207,0.3963799192734611,0.1769392663860493,0.1082242990654205,0.1317667728121225
0.1597222222222222,0.122352162400706,0.0528037383177571,0.8614143920595534,0.2266244057052298,0.0995850622406638,0.7248935637365389,0.6773611841610939,0.3921543895055499,0.1725796752856283,0.102429906542056,0.1246294059514659
0.1618480725623582,0.1235657546337157,0.0514018691588784,0.8596774193548387,0.2305863708399366,0.1003066931264658,0.7231404958677685,0.6762341272822902,0.3913345105953582,0.1713018641010222,0.101214953271028,0.1240803777314153
0.1687925170068027,0.1298543689320388,0.0546728971962616,0.8531017369727047,0.2389064976228209,0.1060797402128811,0.7277736038066616,0.680441806296491,0.3948032290615539,0.1752856283824413,0.1060747663551401,0.1283627978478093
0.1719104308390022,0.1331641659311562,0.058411214953271,0.85,0.2416798732171157,0.1095074869204401,0.7321562734785875,0.6841235254339169,0.3980827447023208,0.1786680697534576,0.1104672897196261,0.134511913912375
0.1658163265306122,0.1279788172992056,0.0565420560747661,0.8554590570719603,0.233755942947702,0.1048168861627277,0.7306536438767843,0.68209482305207,0.3967583249243188,0.1776157546602525,0.1085981308411214,0.1324256066761831
0.1588718820861678,0.1227934686672551,0.0579439252336448,0.8615384615384617,0.2234548335974643,0.1008479162908171,0.724517906336088,0.6770606356600796,0.3927219979818365,0.1726548406494287,0.1026168224299065,0.1255078511035467
0.1615646258503401,0.124117387466902,0.0542056074766354,0.8595533498759306,0.2286053882725832,0.1012087317337181,0.7213874279989982,0.6762341272822902,0.391082240161453,0.1707757065544197,0.1002803738317756,0.1232019325793346
0.169359410430839,0.1307369814651368,0.0565420560747661,0.8524813895781639,0.2389064976228209,0.1071621865415839,0.7276483846731779,0.6802915320459838,0.3944248234106962,0.1749098015634395,0.105607476635514,0.1292412429998902
0.1719104308390022,0.1329435127978817,0.0579439252336448,0.85,0.2416798732171157,0.1091466714775391,0.7330328074129727,0.6844992110601847,0.398335015136226,0.1795700541190619,0.1111214953271027,0.1357197759964862
0.1655328798185941,0.1280891438658428,0.0574766355140186,0.8555831265508685,0.2329635499207606,0.1051777016056287,0.7306536438767843,0.6820196859268164,0.3964429868819373,0.1778412507516536,0.1087850467289719,0.1326452179642033
0.1595804988662131,0.1221315092674315,0.0523364485981308,0.8615384615384617,0.2270206022187004,0.0992242467977629,0.724267468069121,0.6770606356600796,0.3922174571140262,0.1725796752856283,0.1026168224299065,0.1253980454595366
0.1607142857142857,0.1251103265666372,0.061214953271028,0.8594292803970224,0.2246434231378763,0.1033736243911238,0.7216378662659654,0.6754076189045006,0.3913975782038345,0.1711515333734215,0.1009345794392523,0.1230921269353244
0.1676587301587301,0.1310679611650485,0.0635514018691588,0.8529776674937966,0.2333597464342313,0.1087858560346383,0.7268970698722764,0.6799158464197159,0.3949924318869828,0.175210463018641,0.1061682242990654,0.1290216317118699
0.1697845804988662,0.1325022065313327,0.0621495327102805,0.8512406947890819,0.2369255150554675,0.1096878946418906,0.7329075882794891,0.6838229769329026,0.3981458123107971,0.1790438965724594,0.1113084112149532,0.1341824969803448
0.1655328798185941,0.1267652250661959,0.0523364485981308,0.8563275434243177,0.2349445324881141,0.103012808948223,0.7316553969446532,0.6821699601773236,0.3966952573158425,0.178141912206855,0.1092523364485981,0.1318765784561326
0.1605725623582766,0.122352162400706,0.0504672897196259,0.8610421836228288,0.2290015847860538,0.0990438390763124,0.7247683446030553,0.6774363212863475,0.3925327951564076,0.1736319903788334,0.1030841121495327,0.1250686285275062
0.1624149659863945,0.1240070609002648,0.0509345794392522,0.8593052109181142,0.231378763866878,0.1004871008479163,0.722389181066867,0.6764595386580509,0.3915867810292633,0.1718280216476247,0.1016822429906541,0.1233117382233446
0.1676587301587301,0.1300750220653133,0.0593457943925235,0.8534739454094293,0.2353407290015847,0.1071621865415839,0.7278988229401452,0.6805920805469982,0.3946140262361251,0.1758869512928442,0.1061682242990654,0.1295706599319205
0.1707766439909297,0.1322815533980582,0.058411214953271,0.8509925558312657,0.2396988906497623,0.1087858560346383,0.7322814926120711,0.6841235254339169,0.397893541876892,0.179795550210463,0.1113084112149532,0.1351707477764357
0.1658163265306122,0.1281994704324801,0.0570093457943923,0.8553349875930522,0.2333597464342313,0.1051777016056287,0.7302779864763336,0.6814937260500412,0.3960645812310797,0.1776157546602525,0.1086915887850467,0.1326452179642033
0.1595804988662131,0.1225728155339806,0.0542056074766354,0.8612903225806452,0.2258320126782884,0.1001262854050153,0.7233909341347358,0.6763844015327972,0.391965186680121,0.1720535177390258,0.1021495327102803,0.1253980454595366
0.1611394557823129,0.1246690203000882,0.0579439252336448,0.8594292803970224,0.2266244057052298,0.1024715857838715,0.7220135236664161,0.6751822075287399,0.3909561049445005,0.1704750450992183,0.1004672897196261,0.122652904359284
0.1686507936507936,0.1311782877316858,0.0607476635514018,0.8524813895781639,0.2357369255150554,0.1084250405917373,0.7273979464062108,0.6801412577954767,0.3943617558022199,0.1745339747444378,0.1057009345794392,0.1285824091358296
0.1706349206349206,0.1319505736981465,0.0574766355140186,0.8512406947890819,0.2400950871632329,0.1082446328702868,0.7322814926120711,0.683747839807649,0.3977674066599394,0.1784425736620565,0.1102803738317756,0.1344021082683649
0.1655328798185941,0.1269858781994704,0.0532710280373833,0.8562034739454095,0.2345483359746434,0.1035540321125743,0.7305284247433007,0.6819445488015629,0.3965060544904136,0.1768641010222489,0.1089719626168224,0.1330844405402437
0.159438775510204,0.1221315092674315,0.0528037383177571,0.8615384615384617,0.2266244057052298,0.0994046545192134,0.7250187828700225,0.6772860470358404,0.3923435923309787,0.1723541791942273,0.102803738317757,0.1261666849676073
0.1617063492063492,0.1242277140335393,0.0537383177570091,0.8594292803970224,0.2290015847860538,0.1012087317337181,0.7221387427998998,0.6760087159065293,0.3917129162462159,0.1714521948286229,0.101214953271028,0.1236411551553749
0.1687925170068027,0.1299646954986761,0.0551401869158878,0.8531017369727047,0.2385103011093502,0.1062601479343316,0.7276483846731779,0.6802915320459838,0.3949293642785065,0.1749849669272399,0.1064485981308411,0.1293510486439002
0.1704931972789115,0.1325022065313327,0.0598130841121493,0.8508684863523573,0.2389064976228209,0.1093270791989896,0.7329075882794891,0.6839732511834097,0.3977674066599394,0.1788184004810583,0.110841121495327,0.1340726913363346
0.1646825396825396,0.1276478375992939,0.0588785046728973,0.8562034739454095,0.2309825673534072,0.1049972938841782,0.7310293012772351,0.6822450973025772,0.3966321897073662,0.1778412507516536,0.108411214953271,0.1322059953881629
0.1591553287981859,0.1215798764342453,0.0514018691588784,0.8620347394540944,0.2266244057052298,0.0986830236334114,0.7248935637365389,0.6775865955368547,0.3929742684157417,0.1734064942874323,0.1038317757009345,0.1262764906116174
0.1607142857142857,0.1233451015004413,0.0532710280373833,0.8604218362282879,0.2282091917591124,0.1004871008479163,0.7230152767342849,0.6766849500338117,0.3916498486377396,0.1713770294648226,0.1013084112149532,0.1244097946634456
0.1686507936507936,0.1297440423654016,0.0551401869158878,0.853225806451613,0.2385103011093502,0.1060797402128811,0.7280240420736288,0.6803666691712374,0.3946140262361251,0.1758117859290439,0.105607476635514,0.1302294937959811
0.1707766439909297,0.1325022065313327,0.0593457943925235,0.8508684863523573,0.2396988906497623,0.1091466714775391,0.7337841222138742,0.6838981140581561,0.3981458123107971,0.1795700541190619,0.1107476635514018,0.1356099703524761
0.1656746031746031,0.1279788172992056,0.0570093457943923,0.8555831265508685,0.2333597464342313,0.1049972938841782,0.7320310543451038,0.6822450973025772,0.3963168516649848,0.1775405892964522,0.1085046728971962,0.1324256066761831
0.1598639455782312,0.1225728155339806,0.0532710280373833,0.861166253101737,0.2266244057052298,0.0999458776835648,0.7247683446030553,0.6769103614095724,0.3922174571140262,0.1723541791942273,0.1016822429906541,0.1252882398155265
0.161281179138322,0.1237864077669902,0.0542056074766354,0.859925558312655,0.2282091917591124,0.1010283240122676,0.7232657150012521,0.6763844015327972,0.3915867810292633,0.1718280216476247,0.1014018691588785,0.1244097946634456
0.1679421768707482,0.1298543689320388,0.0574766355140186,0.8535980148883375,0.2361331220285261,0.1066209633772324,0.7280240420736288,0.6805169434217446,0.3949293642785065,0.1754359591100421,0.1055140186915887,0.1300098825079609
0.171343537414966,0.1323918799646954,0.0570093457943923,0.8506203473945411,0.2412836767036449,0.1086054483131878,0.7330328074129727,0.6838229769329026,0.3981458123107971,0.178968731208659,0.1100934579439252,0.1342923026243549
0.1666666666666666,0.1273168578993821,0.0509345794392522,0.8554590570719603,0.2373217115689381,0.1033736243911238,0.7311545204107187,0.6819445488015629,0.3970105953582239,0.1777660853878532,0.1090654205607476,0.1324256066761831
0.1595804988662131,0.1221315092674315,0.0523364485981308,0.8615384615384617,0.2266244057052298,0.0994046545192134,0.7255196594039569,0.6771357727853332,0.3927219979818365,0.1726548406494287,0.1028971962616822,0.1257274623915669
0.1621315192743764,0.1240070609002648,0.0518691588785046,0.8593052109181142,0.2305863708399366,0.1008479162908171,0.7233909341347358,0.6763844015327972,0.3917759838546922,0.1720535177390258,0.1015887850467289,0.1239705720874052
0.1680839002267573,0.130406001765225,0.0588785046728973,0.853225806451613,0.2357369255150554,0.1073425942630344,0.7272727272727273,0.6799909835449696,0.3946140262361251,0.1757366205652435,0.1057009345794392,0.1293510486439002
0.1709183673469388,0.13261253309797,0.0593457943925235,0.8507444168734493,0.2396988906497623,0.1091466714775391,0.7317806160781366,0.6845743481854384,0.3979566094853683,0.1792693926638605,0.1099065420560747,0.1342923026243549
0.1655328798185941,0.1274271844660194,0.0551401869158878,0.8559553349875932,0.233755942947702,0.1040952552769259,0.7317806160781366,0.6825456458035914,0.3961907164480323,0.1776909200240529,0.1085981308411214,0.1325354123201932
0.1643990929705215,0.1257722859664606,0.0518691588785046,0.8573200992555832,0.233755942947702,0.1021107703409705,0.728900576008014,0.6797655721692087,0.3948032290615539,0.1759621166566446,0.1062616822429906,0.1293510486439002
0.1819727891156462,0.1424315975286848,0.0644859813084112,0.8403225806451613,0.2531695721077654,0.1181670575500631,0.7359128474830954,0.6860770906905101,0.4024344096871846,0.1845309681298857,0.1169158878504672,0.1383551114527286
0.2037981859410431,0.1660414827890556,0.0925233644859814,0.8174937965260547,0.2717908082408874,0.1428829153887786,0.7505634861006761,0.6998271846119167,0.413975782038345,0.1988123872519543,0.1347663551401869,0.1571318765784561
0.2208049886621315,0.1857899382171226,0.1200934579439253,0.7990074441687345,0.2836767036450079,0.1643514342413854,0.767968945654896,0.7140281012848448,0.4263370332996972,0.2141461214672279,0.1539252336448598,0.1761282529922037
0.2314342403628118,0.1996910856134157,0.144392523364486,0.7864764267990075,0.288431061806656,0.1805881291719285,0.7766090658652642,0.7224434593132466,0.4361125126135216,0.2257967528562838,0.1677570093457943,0.1869990117492039
0.2396541950113379,0.2109443954104148,0.1644859813084111,0.7765508684863524,0.2912044374009508,0.193577485116363,0.7814926120711244,0.7261251784506725,0.4410317860746719,0.2312838244137101,0.175607476635514,0.1921598770176786
0.2534013605442177,0.2263901147396293,0.1845794392523365,0.7619106699751861,0.3019017432646593,0.2099945877683565,0.7892561983471074,0.7346908107295814,0.4475908173562058,0.2388755261575466,0.1854205607476635,0.2012737454705171
0.2726757369614512,0.2442630185348632,0.1967289719626169,0.7433002481389578,0.3236925515055467,0.2269529135847013,0.8004007012271476,0.744984596889323,0.4572401614530776,0.2499248346361996,0.1990654205607476,0.2157680904798506
0.2858560090702948,0.256288614298323,0.2042056074766354,0.7307692307692308,0.3391442155309033,0.2383186000360815,0.8115452041071876,0.7529491321662033,0.4649974772956609,0.2592453397474443,0.2100934579439252,0.2277369056769517
0.2825963718820862,0.2568402471315093,0.2172897196261682,0.7320099255583127,0.3288431061806656,0.2412051235792891,0.8144252441773102,0.7559546171763468,0.4677093844601412,0.262101623571858,0.2137383177570093,0.231250686285275
0.2777777777777778,0.2529788172992057,0.2163551401869158,0.7362282878411911,0.3225039619651347,0.2379577845931805,0.8087903831705484,0.7520474866631602,0.4643037336024218,0.2585688514732411,0.2099065420560747,0.2260898210168002
0.2791950113378685,0.2513239187996469,0.2051401869158879,0.7364764267990075,0.3292393026941362,0.2343496301641709,0.8041572752316554,0.7474641220226913,0.4603304742684156,0.2534576067348166,0.2034579439252336,0.2203799275282749
0.2776360544217687,0.2498896734333627,0.2042056074766354,0.7379652605459058,0.3272583201267828,0.2330867761140176,0.8031555221637866,0.7465624765196484,0.4599520686175579,0.2527811184606133,0.2021495327102803,0.219391676732184
0.2671485260770975,0.2409532215357458,0.2009345794392522,0.7476426799007445,0.3141838351822504,0.2251488363701966,0.8011520160280491,0.7453602825155908,0.4573032290615539,0.2499248346361996,0.1982242990654205,0.216207313055891
0.2508503401360544,0.2228596646072374,0.1785046728971964,0.7648883374689828,0.3007131537242472,0.2060256178964459,0.7916353618832958,0.7359681418588924,0.4486629667003027,0.2393265183403488,0.1858878504672897,0.2046777204348303
0.2311507936507936,0.2014563106796116,0.1523364485981307,0.7856079404466502,0.2844690966719493,0.1834746527151361,0.7747307788630102,0.7220677736869787,0.4371846619576185,0.2257967528562838,0.1683177570093458,0.1857911496650927
0.2181122448979592,0.1855692850838481,0.12803738317757,0.8002481389578164,0.2765451664025357,0.1657946960129893,0.762083646381167,0.7106469306484334,0.4254540867810292,0.2115153337342152,0.1509345794392523,0.1708575820797189
0.2090419501133787,0.1736540158870256,0.1074766355140187,0.8109181141439207,0.2725832012678288,0.152083709182753,0.7556974705735036,0.7044105492523856,0.4185166498486377,0.2032471437161755,0.1414018691588784,0.1631711869990117
0.1978458049886621,0.1585392762577228,0.080373831775701,0.8243176178660051,0.268621236133122,0.1345841602020566,0.7494365138993238,0.6990006762341272,0.4125882946518667,0.196256764882742,0.1322429906542055,0.154935763698254
0.1767290249433106,0.1371359223300971,0.0598130841121493,0.8456575682382135,0.2476228209191758,0.1129352336279992,0.7364137240170298,0.6880306559471034,0.4022452068617557,0.1839296452194828,0.1165420560747663,0.1405512243329306
0.1609977324263038,0.1234554280670785,0.0532710280373833,0.8601736972704715,0.2286053882725832,0.1004871008479163,0.7248935637365389,0.6774363212863475,0.3927219979818365,0.1728803367408298,0.1034579439252336,0.1262764906116174
0.1618480725623582,0.1246690203000882,0.055607476635514,0.8591811414392061,0.2286053882725832,0.10193036261952,0.7228900576008014,0.6761589901570365,0.391082240161453,0.1711515333734215,0.1008411214953271,0.1234215438673547
0.1687925170068027,0.1306266548984996,0.0574766355140186,0.8527295285359803,0.2377179080824089,0.1071621865415839,0.7267718507387929,0.6799909835449696,0.3941094853683148,0.1755111244738424,0.1053271028037383,0.1288020204238497
0.1712018140589569,0.13261253309797,0.0579439252336448,0.8504962779156328,0.2408874801901743,0.1089662637560886,0.7322814926120711,0.6843489368096776,0.3975782038345106,0.1791942273000601,0.11,0.134511913912375
0.1665249433106576,0.1273168578993821,0.0514018691588784,0.8555831265508685,0.2369255150554675,0.1033736243911238,0.7310293012772351,0.6827710571793524,0.3960645812310797,0.1777660853878532,0.108411214953271,0.1322059953881629
0.1605725623582766,0.1231244483671668,0.0528037383177571,0.860545905707196,0.2278129952456418,0.1001262854050153,0.724267468069121,0.6772860470358404,0.3924697275479313,0.1733313289236319,0.1027102803738317,0.1249588228834962
0.1615646258503401,0.1244483671668137,0.055607476635514,0.8594292803970224,0.2282091917591124,0.1017499548980696,0.7227648384673178,0.6756330302802614,0.3915867810292633,0.1719783523752255,0.1008411214953271,0.1230921269353244
0.1686507936507936,0.1302956751985878,0.0565420560747661,0.8529776674937966,0.2377179080824089,0.1068013710986829,0.7275231655396944,0.680441806296491,0.3946140262361251,0.1757366205652435,0.1053271028037383,0.1301196881519709
0.1727607709750567,0.1336054721977052,0.0574766355140186,0.849255583126551,0.2428684627575277,0.1096878946418906,0.7320310543451038,0.6840483883086633,0.3977674066599394,0.1786680697534576,0.1100934579439252,0.1350609421324256
0.1672335600907029,0.1281994704324801,0.0532710280373833,0.8548387096774195,0.2373217115689381,0.1044560707198267,0.7312797395442023,0.682620782928845,0.3963799192734611,0.1775405892964522,0.1085981308411214,0.1324256066761831
0.1605725623582766,0.1222418358340688,0.0495327102803739,0.8610421836228288,0.2293977812995245,0.0988634313548619,0.7256448785374405,0.6772860470358404,0.3923435923309787,0.1726548406494287,0.1027102803738317,0.1255078511035467
0.1619897959183673,0.1242277140335393,0.0532710280373833,0.8593052109181142,0.2297939778129952,0.1012087317337181,0.7232657150012521,0.6757833045307686,0.3913345105953582,0.1714521948286229,0.1015887850467289,0.1233117382233446
0.1678004535147392,0.1305163283318623,0.0607476635514018,0.853225806451613,0.2345483359746434,0.1078838174273858,0.7278988229401452,0.6796152979187017,0.3946140262361251,0.1752856283824413,0.1058878504672897,0.1285824091358296
0.1700680272108843,0.1332744924977934,0.0649532710280374,0.8507444168734493,0.2361331220285261,0.110950748692044,0.7336589030803906,0.6838981140581561,0.3981458123107971,0.1800210463018641,0.111214953271028,0.1351707477764357
0.1652494331065759,0.1286407766990291,0.061214953271028,0.8553349875930522,0.2309825673534072,0.1064405556557821,0.7324067117455547,0.6825456458035914,0.3970105953582239,0.178141912206855,0.1091588785046728,0.1331942461842538
0.159438775510204,0.1230141218005295,0.0565420560747661,0.8610421836228288,0.225039619651347,0.1008479162908171,0.7258953168044077,0.6775865955368547,0.3925958627648839,0.1729555021046302,0.1035514018691588,0.1261666849676073
0.161422902494331,0.1242277140335393,0.0551401869158878,0.8595533498759306,0.2282091917591124,0.1015695471766191,0.7233909341347358,0.6765346757833044,0.3917759838546922,0.1719031870114251,0.1022429906542056,0.1246294059514659
0.1682256235827664,0.130847308031774,0.0607476635514018,0.8528535980148884,0.2353407290015847,0.1080642251488363,0.7281492612071124,0.6806672176722519,0.3947401614530776,0.1759621166566446,0.1065420560747663,0.1302294937959811
0.1692176870748299,0.1310679611650485,0.058411214953271,0.8522332506203475,0.2377179080824089,0.1077034097059354,0.7317806160781366,0.6846494853106919,0.397452068617558,0.1793445580276608,0.1107476635514018,0.1338530800483144
0.1537698412698412,0.1133053839364519,0.0341121495327103,0.8691066997518611,0.226228209191759,0.0885801912321847,0.7283996994740797,0.6797655721692087,0.3884964682139253,0.1728803367408298,0.0972897196261682,0.1173822334467991
0.1020408163265306,0.072594880847308,0.0322429906542054,0.9146401985111664,0.1549128367670364,0.0550243550423957,0.712121212121212,0.6572244345931325,0.3647199798183652,0.1447684906794948,0.0600934579439252,0.0749972548588997
0.0386904761904761,0.0280229479258605,0.0523364485981308,0.9673697270471464,0.0578446909667195,0.0223705574598592,0.703481091910844,0.6367871365241565,0.344412209889001,0.1099669272399278,0.0226168224299065,0.0277808279345558
0.0113378684807256,0.0075022065313326,0.055607476635514,0.990818858560794,0.0182250396196513,0.0063142702507667,0.7366641622839969,0.6521151100758885,0.3676210898082744,0.1136500300661455,0.005233644859813,0.005380476556495
0.0642006802721088,0.0521844660194174,0.0710280373831776,0.942679900744417,0.0855784469096672,0.0456431535269709,0.8132982719759579,0.7181606431737921,0.4585015136226034,0.1888905592303066,0.0520560747663551,0.0539145712089601
0.1903344671201814,0.1705648720211826,0.1560747663551402,0.8208436724565757,0.2258320126782884,0.1589392025978711,0.8868019033308289,0.8028401833345855,0.6020433905146316,0.343956704750451,0.1791588785046728,0.1760184473481936
0.3738662131519275,0.3489629302736099,0.3060747663551402,0.6401985111662531,0.4187797147385103,0.3337542846833845,0.9385174054595542,0.8878202719963934,0.7424318869828456,0.5323962717979555,0.3729906542056074,0.3521467003403974
0.5891439909297053,0.5714916151809356,0.5392523364485978,0.4208436724565757,0.6208399366085579,0.5607071982680858,0.9798397195091412,0.9616049289954166,0.8816851664984863,0.7414311485267588,0.5957009345794392,0.5682442077522785
0.8102324263038548,0.801963812886143,0.7864485981308408,0.1945409429280397,0.8252773375594293,0.7968609056467616,0.9871024292511896,0.9943647156059808,0.9891523713420786,0.9365604329524956,0.8392523364485981,0.7987262545294828
0.973497732426304,0.971315092674316,0.9654205607476636,0.0277915632754342,0.9774167987321712,0.96987191051777,0.8888054094665665,0.919603275978661,0.9631054490413722,0.9961665664461816,0.9918691588785048,0.971011309981333
0.9784580498866212,0.9778243601059136,0.9771028037383176,0.0219602977667493,0.9793977812995246,0.9774490348186902,0.6785624843476082,0.7348410849800886,0.7725151362260342,0.8737221888153938,0.9533644859813084,0.9819918743823434
0.8458049886621316,0.8433362753751105,0.8443925233644857,0.1557071960297767,0.8502377179080823,0.8417824282879306,0.4139744552967693,0.4756180028552108,0.5059914228052472,0.6637853277209862,0.7825233644859813,0.8456132645217964
0.6619897959183674,0.6492718446601943,0.6280373831775699,0.3452853598014888,0.6850237717908082,0.6413494497564496,0.1720510894064612,0.2011420843038545,0.2364404641775983,0.4260372820204449,0.5704672897196261,0.6486219391676732
0.4645691609977324,0.4384377758164166,0.3864485981308408,0.5501240694789082,0.5114896988906498,0.4225148836370197,0.0165289256198346,0.0255466225862198,0.042255297679112,0.2149729404690318,0.3306542056074766,0.4382343252443175
0.2784863945578231,0.2367608120035304,0.1457943925233643,0.7450372208436725,0.3534072900158478,0.2110770340970593,0.0493363385925368,0.02952889022466,0.0130549949545913,0.0590799759470835,0.1569158878504672,0.2400351378060832
0.163407029478458,0.1187113857016769,0.0252336448598131,0.861786600496278,0.2436608557844691,0.0912863070539418,0.2170047583270722,0.1628972875497783,0.0903758829465186,0.0063138905592302,0.0610280373831775,0.1252882398155265
0.0992063492063492,0.0627758164165931,0.0,0.9213399503722084,0.1644215530903328,0.0407721450478079,0.3946907087402955,0.3302276654895184,0.1970862764883955,0.0215724594107035,0.0246728971962616,0.0657735807620511
0.0734126984126984,0.0508605472197704,0.0341121495327103,0.9393300248138958,0.1141045958795562,0.0375248060616994,0.5464562985224142,0.4783980764895935,0.2860746720484359,0.0722339146121467,0.0249532710280373,0.051608652684748
0.104875283446712,0.0743601059135039,0.0303738317757009,0.9124069478908188,0.1596671949286845,0.0559263936496481,0.6436263461056849,0.5853933428507024,0.3434031281533803,0.1229705351773902,0.0503738317757009,0.0736795871307785
0.1537698412698412,0.1092233009708737,0.017289719626168,0.8713399503722085,0.2333597464342313,0.0819051055385169,0.7068620085149011,0.6500864076940416,0.3785948536831483,0.1580727600721587,0.084018691588785,0.1114527286702536
0.1648242630385487,0.1224624889673433,0.036448598130841,0.8590570719602978,0.2408874801901743,0.0965181309760057,0.7281492612071124,0.6769103614095724,0.3920913218970736,0.1734064942874323,0.1025233644859813,0.1275941583397386
0.1598639455782312,0.1219108561341571,0.0504672897196259,0.8615384615384617,0.2282091917591124,0.0986830236334114,0.7241422489356374,0.6770606356600796,0.391523713420787,0.1724293445580276,0.1017757009345794,0.1248490172394861
0.1622732426303854,0.1240070609002648,0.0509345794392522,0.8593052109181142,0.2309825673534072,0.1004871008479163,0.7221387427998998,0.6765346757833044,0.391523713420787,0.1710012026458208,0.1010280373831775,0.1238607664433951
0.1679421768707482,0.1307369814651368,0.061214953271028,0.8531017369727047,0.2345483359746434,0.1080642251488363,0.72702228900576,0.6807423547975054,0.3954969727547931,0.1749098015634395,0.1058878504672897,0.1286922147798396
0.1716269841269841,0.1331641659311562,0.0593457943925235,0.85,0.2408874801901743,0.1096878946418906,0.7327823691460055,0.6846494853106919,0.3980827447023208,0.1791942273000601,0.1110280373831775,0.1346217195563852
0.1663832199546485,0.1278684907325684,0.0542056074766354,0.8553349875930522,0.2357369255150554,0.1042756629983762,0.7310293012772351,0.6826959200540987,0.3971997981836528,0.177916416115454,0.1091588785046728,0.1330844405402437
0.1595804988662131,0.122352162400706,0.0532710280373833,0.8614143920595534,0.226228209191759,0.0997654699621143,0.724517906336088,0.6772860470358404,0.3929112008072654,0.1721286831028262,0.1033644859813084,0.1261666849676073
0.1608560090702948,0.1244483671668137,0.0579439252336448,0.8596774193548387,0.226228209191759,0.102291178062421,0.7228900576008014,0.6766098129085582,0.3919021190716447,0.1713770294648226,0.1014953271028037,0.1242999890194356
0.1680839002267573,0.130406001765225,0.0593457943925235,0.8531017369727047,0.2357369255150554,0.1075230019844849,0.7272727272727273,0.6801412577954767,0.3945509586276488,0.1749098015634395,0.1051401869158878,0.1299000768639508
0.1702097505668934,0.1331641659311562,0.064018691588785,0.8507444168734493,0.2365293185419968,0.110589933249143,0.7329075882794891,0.6841986625591704,0.397893541876892,0.1787432351172579,0.1103738317757009,0.1351707477764357
0.1649659863945578,0.1277581641659312,0.0588785046728973,0.8559553349875932,0.231378763866878,0.1051777016056287,0.7312797395442023,0.6829964685551131,0.3967583249243188,0.1773902585688515,0.1085981308411214,0.1330844405402437
0.1595804988662131,0.1218005295675198,0.0504672897196259,0.8616625310173698,0.2274167987321711,0.0986830236334114,0.7248935637365389,0.6780374182883763,0.3929112008072654,0.1731058328322309,0.1027102803738317,0.1262764906116174
0.1609977324263038,0.124117387466902,0.0560747663551403,0.859801488833747,0.2270206022187004,0.1017499548980696,0.722389181066867,0.6765346757833044,0.3912083753784056,0.1714521948286229,0.1008411214953271,0.1232019325793346
0.1683673469387755,0.1301853486319505,0.0574766355140186,0.853225806451613,0.2369255150554675,0.1068013710986829,0.7266466316053093,0.6803666691712374,0.3946140262361251,0.1750601322910402,0.1053271028037383,0.1284726034918194
0.1700680272108843,0.1327228596646072,0.0626168224299063,0.8509925558312657,0.2369255150554675,0.1098683023633411,0.7312797395442023,0.6840483883086633,0.3982719475277497,0.1791190619362597,0.1099065420560747,0.1338530800483144
0.165391156462585,0.1275375110326566,0.0560747663551403,0.8559553349875932,0.2333597464342313,0.1044560707198267,0.7310293012772351,0.6824705086783379,0.3967583249243188,0.1774654239326518,0.1082242990654205,0.1322059953881629
0.1590136054421768,0.121469549867608,0.0514018691588784,0.8621588089330026,0.226228209191759,0.0986830236334114,0.7241422489356374,0.6774363212863475,0.392406659939455,0.1722038484666266,0.1020560747663551,0.1255078511035467
0.1609977324263038,0.1231244483671668,0.0518691588785046,0.8604218362282879,0.2290015847860538,0.1001262854050153,0.7216378662659654,0.6757833045307686,0.3912714429868819,0.171677690920024,0.101214953271028,0.123750960799385
0.1686507936507936,0.1306266548984996,0.058411214953271,0.8528535980148884,0.2369255150554675,0.1073425942630344,0.7267718507387929,0.6799909835449696,0.3944878910191725,0.1753607937462417,0.1051401869158878,0.1292412429998902
0.171343537414966,0.1329435127978817,0.0593457943925235,0.8502481389578164,0.2404912836767035,0.1095074869204401,0.7317806160781366,0.6841986625591704,0.397452068617558,0.1786680697534576,0.1097196261682243,0.1346217195563852
0.1658163265306122,0.1277581641659312,0.055607476635514,0.8555831265508685,0.2341521394611727,0.1046364784412772,0.7310293012772351,0.6825456458035914,0.3966321897073662,0.1773150932050511,0.108411214953271,0.1325354123201932
0.1600056689342403,0.1222418358340688,0.0518691588785046,0.8612903225806452,0.2274167987321711,0.0994046545192134,0.7255196594039569,0.6771357727853332,0.3922174571140262,0.1719031870114251,0.1027102803738317,0.1248490172394861
0.1618480725623582,0.1237864077669902,0.0518691588785046,0.8596774193548387,0.2301901743264658,0.1004871008479163,0.722389181066867,0.675332481779247,0.3909561049445005,0.170625375826819,0.1002803738317756,0.1230921269353244
0.169359410430839,0.130847308031774,0.0570093457943923,0.8523573200992557,0.2385103011093502,0.1073425942630344,0.7271475081392437,0.6799158464197159,0.3944878910191725,0.1750601322910402,0.105233644859813,0.1294608542879103
0.1724773242630385,0.1331641659311562,0.0570093457943923,0.8497518610421837,0.2428684627575277,0.1091466714775391,0.7326571500125219,0.6838229769329026,0.397893541876892,0.1788184004810583,0.1102803738317756,0.1348413308444054
0.1666666666666666,0.1275375110326566,0.0518691588785046,0.8553349875930522,0.2369255150554675,0.1035540321125743,0.7322814926120711,0.683372154181381,0.3973890010090817,0.178141912206855,0.1094392523364485,0.1335236631162841
0.1602891156462584,0.1218005295675198,0.0485981308411214,0.8614143920595534,0.2293977812995245,0.0983222081905106,0.725144002003506,0.678262829664137,0.3926589303733602,0.1726548406494287,0.1022429906542056,0.1260568793235972
0.1615646258503401,0.1242277140335393,0.0551401869158878,0.8595533498759306,0.2282091917591124,0.1015695471766191,0.7230152767342849,0.6760087159065293,0.391082240161453,0.1715273601924233,0.1005607476635514,0.1240803777314153
0.1689342403628118,0.1306266548984996,0.0574766355140186,0.852605459057072,0.2377179080824089,0.1071621865415839,0.7277736038066616,0.6796904350439552,0.3946140262361251,0.1752856283824413,0.1059813084112149,0.1299000768639508
0.1729024943310657,0.1336054721977052,0.0570093457943923,0.849255583126551,0.2432646592709983,0.1096878946418906,0.7334084648134234,0.6851754451874671,0.3995963673057517,0.1810733613950691,0.1113084112149532,0.135500164708466
0.1787131519274376,0.136694616063548,0.0514018691588784,0.8449131513647643,0.2539619651347068,0.1111311564134945,0.7374154770848986,0.6913366894582613,0.408678102926337,0.1907696933253156,0.1171028037383177,0.1403316130449105
0.1889172335600907,0.145189761694616,0.0532710280373833,0.8357320099255584,0.26743264659271,0.1183474652715136,0.7404207362885049,0.6969719738522803,0.42255297679112,0.2032471437161755,0.1255140186915887,0.1452728670253651
0.2070578231292517,0.1641659311562224,0.0738317757009346,0.8171215880893301,0.2840729001584786,0.1378314991881652,0.7474330077635862,0.7077917198887971,0.4402749747729566,0.2201593505712567,0.1390654205607476,0.1554847919183046
0.2284580498866213,0.1859002647837599,0.0953271028037383,0.7955334987593052,0.304675118858954,0.1598412412051235,0.7612071124467817,0.7243218874445864,0.4625378405650857,0.2423331328923632,0.1574766355140187,0.1740419457560118
0.2497165532879818,0.206090026478376,0.1107476635514019,0.7748138957816377,0.3280507131537242,0.1791448674003247,0.775732531930879,0.7418288376286722,0.4857467204843592,0.2665363800360794,0.17803738317757,0.1932579334577797
0.2627551020408163,0.2177846425419241,0.1172897196261683,0.7625310173697272,0.3435023771790808,0.1899693306873534,0.7843726521412471,0.7536253662934855,0.5041624621594349,0.2846512327119663,0.1915887850467289,0.2059953881629515
0.2732426303854875,0.2282656663724624,0.1271028037383176,0.7521091811414392,0.3538034865293185,0.2006133862529316,0.789381417480591,0.7618153129461266,0.5195509586276488,0.2982561635598316,0.2004672897196261,0.2126935324475677
0.2922335600907029,0.2488967343336275,0.1518691588785045,0.7321339950372209,0.3700475435816164,0.2222623128269889,0.7991485098923115,0.773762115861447,0.5390388496468214,0.3175736620565243,0.2142056074766355,0.2234544855605578
0.3161848072562358,0.2718446601941748,0.1696261682242988,0.7088089330024815,0.3958003169572108,0.2444524625653978,0.8129226145755071,0.7905176947929972,0.5606710393541876,0.3401984365604329,0.2345794392523364,0.2417920281102448
0.3343253968253968,0.2894969108561341,0.1850467289719624,0.6909429280397023,0.4148177496038034,0.2617716038246437,0.8271975957926371,0.8063716282215042,0.5829339051463168,0.3632742032471437,0.2535514018691588,0.2603491819479521
0.3455215419501134,0.2990953221535746,0.1887850467289718,0.6806451612903227,0.429080824088748,0.2702507667328161,0.8342098672677184,0.8156134946276955,0.5995206861755802,0.379585087191822,0.2659813084112149,0.2705611068408916
0.3538832199546485,0.308252427184466,0.200467289719626,0.6718362282878412,0.4358161648177495,0.2799927836911419,0.8367142499373904,0.8209482305207002,0.6127648839556004,0.3905592303066747,0.2721495327102803,0.2740748874492149
0.3696145124716553,0.3224845542806708,0.208411214953271,0.6569478908188586,0.4544374009508716,0.2931625473570268,0.8431004257450537,0.8309414681794275,0.6263874873864782,0.4046903187011425,0.2823364485981308,0.2824201163939826
0.3887471655328798,0.3409090909090909,0.2233644859813084,0.6382133995037221,0.4746434231378763,0.3112033195020747,0.8532431755572251,0.8443910135998196,0.6427850655903127,0.4224293445580276,0.2977570093457943,0.2963654331832656
0.4010770975056689,0.3524933804060018,0.2317757009345793,0.626302729528536,0.4885103011093503,0.3222081905105539,0.8648885549711995,0.8560372680141257,0.658678102926337,0.4367859290438965,0.3123364485981308,0.3105303612605687
0.4057539682539682,0.3587819947043248,0.2429906542056072,0.6207196029776675,0.4900950871632329,0.3296049070900234,0.8695216629100926,0.8612217296566232,0.6680751765893036,0.447083583884546,0.3182242990654205,0.3165696716811244
0.4094387755102041,0.3614298323036187,0.2420560747663552,0.6176178660049628,0.4956418383518224,0.3315893920259787,0.8687703481091911,0.8615974152828911,0.6720484359233098,0.4509921828021648,0.3199999999999999,0.3155814208850334
0.4138321995464852,0.3671668137687556,0.2518691588785048,0.612406947890819,0.4976228209191758,0.3382644777196463,0.8687703481091911,0.8647531745435418,0.6779767911200806,0.455426939266386,0.3235514018691588,0.3198638410014274
0.4209183673469387,0.3757722859664608,0.2649532710280372,0.6044665012406949,0.5019809825673534,0.3478260869565217,0.8727773603806661,0.8697873619355323,0.6854187689202824,0.4629434756464221,0.3302803738317756,0.3278796530141649
0.4246031746031746,0.3789717563989409,0.2663551401869159,0.6011166253101737,0.5063391442155308,0.3505322027782789,0.8786626596543952,0.8748966864527762,0.688635216952573,0.4679795550210462,0.3357009345794392,0.3343581860107609
0.4203514739229025,0.3736760812003531,0.257943925233645,0.6059553349875931,0.5039619651347068,0.3447591556918635,0.8774104683195592,0.8724171613194078,0.6867431886982844,0.4664010823812387,0.3333644859813083,0.3311738223344679
0.4125566893424036,0.3662842012356576,0.2523364485981306,0.6135235732009926,0.4956418383518224,0.3375428468338445,0.871274730778863,0.8667818769253889,0.6808148335015135,0.4599368610944077,0.3264485981308411,0.323707038541781
0.413407029478458,0.3640776699029126,0.2401869158878503,0.6143920595533499,0.5019809825673534,0.3333934692404834,0.8687703481091911,0.8625741979111878,0.6739404641775983,0.4526458208057726,0.3215887850467289,0.3181069506972658
0.4142573696145125,0.3647396293027361,0.2401869158878503,0.6136476426799008,0.5031695721077654,0.333934692404835,0.8676433759078387,0.860921181155609,0.6693365287588294,0.4488123872519542,0.318411214953271,0.3164598660371143
0.4050453514739229,0.3566857899382171,0.2364485981308412,0.6222084367245658,0.4920760697305864,0.3267183835468158,0.8678938141748058,0.8593433015252836,0.6636604439959637,0.442498496692724,0.3158878504672897,0.3159108378170637
0.3920068027210884,0.3427846425419241,0.2205607476635514,0.6357320099255583,0.4805863708399366,0.312105358109327,0.8600050087653394,0.8508528063716282,0.6508577194752774,0.4295700541190619,0.3057943925233644,0.3049302734160535
0.3741496598639456,0.3266769638128862,0.211214953271028,0.652605459057072,0.4591917591125197,0.2971315172289374,0.8474830954169796,0.8367270268239536,0.6334510595358224,0.412733012627781,0.2889719626168224,0.2895574832546392
0.3635204081632653,0.3157546337157988,0.1999999999999997,0.6633995037220844,0.4492868462757527,0.2861266462204582,0.8392186326070623,0.8247050867833795,0.6183779011099899,0.3966476247745039,0.2759813084112149,0.2780278906335785
0.354875283446712,0.3090247131509267,0.1999999999999997,0.6709677419354839,0.4370047543581616,0.2805340068554934,0.8340846481342349,0.8177924712600495,0.6055751765893036,0.3849969933854479,0.2686915887850467,0.2727572197210937
0.3418367346938776,0.2960061782877317,0.1883177570093456,0.6839950372208436,0.4239302694136291,0.2677250586325094,0.8313298271975957,0.8120820497407768,0.591574167507568,0.3714672279013831,0.2600934579439252,0.2664982980125178
0.3221371882086167,0.2763680494263019,0.1696261682242988,0.7035980148883375,0.4041204437400951,0.2480606169944072,0.820060105184072,0.7984822300698775,0.5712033299697276,0.351247745039086,0.2441121495327102,0.2521137586471944
0.2991780045351474,0.2547440423654016,0.1537383177570094,0.7258064516129032,0.3787638668779715,0.2273137290276023,0.804282494365139,0.7804493200090165,0.5490035317860746,0.327720986169573,0.2232710280373831,0.2317997145053255
0.2834467120181406,0.2385260370697264,0.1369158878504672,0.7419354838709677,0.3641045958795562,0.2107162186541583,0.7928875532181318,0.7663235404613419,0.5287588294651867,0.3071256764882742,0.2059813084112149,0.2170857582079718
0.2740929705215419,0.22716240070609,0.1196261682242991,0.7523573200992556,0.3585578446909667,0.1982680858740754,0.7858752817430502,0.7562551656773612,0.5114152371342078,0.2907396271797955,0.1950467289719626,0.2084111123311738
0.2606292517006802,0.2142541924095322,0.1093457943925232,0.7655086848635236,0.3438985736925515,0.1856395453725418,0.7806160781367393,0.7476895333984521,0.4947653884964681,0.275631389055923,0.1851401869158878,0.1991874382343252
0.2355442176870748,0.1902030008826125,0.0901869158878502,0.790074441687345,0.3169572107765451,0.1621865415839797,0.7695967943901828,0.7326621083477346,0.4735116044399595,0.2539837642814191,0.1686915887850467,0.1835950367848907
0.2124433106575963,0.168909973521624,0.0761682242990653,0.8120347394540944,0.2908082408874802,0.1421612845029766,0.7540696218382168,0.7144789240363663,0.4496720484359232,0.2295550210463018,0.1481308411214953,0.1638300208630723
0.1967120181405895,0.1539055604589584,0.0644859813084112,0.8274193548387097,0.2737717908082409,0.127548259065488,0.7414224893563737,0.7008791043654669,0.430247225025227,0.2098616957306073,0.1310280373831775,0.1485670363456681
0.1880668934240362,0.1450794351279788,0.0560747663551403,0.8362282878411911,0.2650554675118858,0.1187082807144145,0.7355371900826446,0.6927642948380794,0.4146064581231079,0.1948286229705351,0.1199999999999999,0.1418688920610519
0.1750283446712018,0.1357016769638129,0.0588785046728973,0.8471464019851117,0.2456418383518224,0.1116723795778458,0.733533683946907,0.6870538733188067,0.4023713420787083,0.183553818400481,0.1130841121495327,0.1375864719446579
0.1658163265306122,0.1286407766990291,0.0598130841121493,0.8550868486352359,0.2321711568938192,0.1060797402128811,0.7311545204107187,0.6825456458035914,0.3966321897073662,0.1773902585688515,0.1085981308411214,0.1330844405402437
0.1609977324263038,0.1231244483671668,0.0518691588785046,0.8602977667493797,0.2290015847860538,0.1001262854050153,0.7250187828700225,0.6771357727853332,0.3927850655903128,0.1726548406494287,0.1028971962616822,0.1259470736795871
0.161422902494331,0.1237864077669902,0.0532710280373833,0.859801488833747,0.2290015847860538,0.1008479162908171,0.7220135236664161,0.6757833045307686,0.3919021190716447,0.170625375826819,0.1006542056074766,0.1235313495113649
0.1682256235827664,0.1296337157987643,0.055607476635514,0.8534739454094293,0.2377179080824089,0.1060797402128811,0.7272727272727273,0.6797655721692087,0.3950554994954591,0.1749098015634395,0.105233644859813,0.1283627978478093
0.1707766439909297,0.1319505736981465,0.0570093457943923,0.8511166253101737,0.2404912836767035,0.1082446328702868,0.7325319308790382,0.6834472913066345,0.3980196770938446,0.1787432351172579,0.11,0.1330844405402437
0.1659580498866213,0.1274271844660194,0.0537383177570091,0.8557071960297767,0.2349445324881141,0.1039148475554753,0.7299023290758828,0.6817942745510557,0.3969475277497477,0.1766386049308478,0.1085046728971962,0.1311079389480619
0.1595804988662131,0.1219108561341571,0.0514018691588784,0.8616625310173698,0.2274167987321711,0.0990438390763124,0.7243926872026045,0.6772860470358404,0.392406659939455,0.1721286831028262,0.1021495327102803,0.1239705720874052
0.1621315192743764,0.1234554280670785,0.0500000000000001,0.8596774193548387,0.231378763866878,0.0999458776835648,0.7227648384673178,0.6763092644075437,0.3911453077699293,0.1707757065544197,0.1007476635514018,0.1228725156473042
0.1686507936507936,0.1298543689320388,0.0551401869158878,0.853225806451613,0.2381141045958795,0.1062601479343316,0.7271475081392437,0.6797655721692087,0.3942356205852674,0.1749849669272399,0.1057009345794392,0.1284726034918194
0.171485260770975,0.1325022065313327,0.0570093457943923,0.8504962779156328,0.2416798732171157,0.1087858560346383,0.7325319308790382,0.6835975655571417,0.3976412714429868,0.1788935658448587,0.1102803738317756,0.1338530800483144
0.1665249433106576,0.1277581641659312,0.0532710280373833,0.8553349875930522,0.2361331220285261,0.1040952552769259,0.7311545204107187,0.6824705086783379,0.3967583249243188,0.1773150932050511,0.1089719626168224,0.1325354123201932
0.1605725623582766,0.1218005295675198,0.0471962616822431,0.8612903225806452,0.2301901743264658,0.0979613927476096,0.724517906336088,0.6776617326621084,0.3922805247225024,0.1728051713770294,0.1028971962616822,0.1255078511035467
0.1611394557823129,0.123676081200353,0.0537383177570091,0.859925558312655,0.2282091917591124,0.1008479162908171,0.722389181066867,0.6762341272822902,0.3912083753784056,0.1709260372820204,0.1007476635514018,0.1238607664433951
0.1679421768707482,0.1300750220653133,0.058411214953271,0.8533498759305213,0.2361331220285261,0.1069817788201334,0.7262709742048584,0.6796904350439552,0.3944248234106962,0.1740829825616356,0.1049532710280373,0.1295706599319205
0.1704931972789115,0.1328331862312445,0.0616822429906542,0.8507444168734493,0.2381141045958795,0.1098683023633411,0.7310293012772351,0.6836727026823952,0.3975151362260343,0.1786680697534576,0.1104672897196261,0.1350609421324256
0.1655328798185941,0.1285304501323919,0.0598130841121493,0.8553349875930522,0.2321711568938192,0.1060797402128811,0.7300275482093664,0.68209482305207,0.3962537840565086,0.1770144317498496,0.1087850467289719,0.132315801032173
0.1588718820861678,0.1218005295675198,0.0532710280373833,0.8620347394540944,0.2254358161648177,0.0992242467977629,0.7235161532682193,0.6766849500338117,0.3922805247225024,0.1719783523752255,0.1027102803738317,0.1249588228834962
0.1605725623582766,0.1233451015004413,0.0542056074766354,0.8604218362282879,0.2274167987321711,0.1006675085693668,0.7220135236664161,0.6751822075287399,0.3913345105953582,0.1704750450992183,0.1005607476635514,0.123750960799385
0.167517006802721,0.130406001765225,0.0607476635514018,0.8534739454094293,0.2341521394611727,0.1077034097059354,0.7265214124718257,0.6792396122924336,0.3947401614530776,0.1746843054720384,0.1051401869158878,0.1289118260678599
0.1720521541950113,0.13261253309797,0.0551401869158878,0.8502481389578164,0.2428684627575277,0.1084250405917373,0.7322814926120711,0.6839732511834097,0.3978304742684157,0.1791190619362597,0.1104672897196261,0.1350609421324256
0.1666666666666666,0.1276478375992939,0.0523364485981308,0.8553349875930522,0.2365293185419968,0.1039148475554753,0.7309040821437515,0.6823202344278307,0.3966952573158425,0.1771647624774503,0.1081308411214953,0.1327550236082134
0.1607142857142857,0.1218005295675198,0.0476635514018689,0.8612903225806452,0.2301901743264658,0.0981418004690601,0.7238918106686701,0.676985498534826,0.3925958627648839,0.171677690920024,0.1021495327102803,0.1249588228834962
0.1615646258503401,0.123676081200353,0.0523364485981308,0.859801488833747,0.2293977812995245,0.1004871008479163,0.7220135236664161,0.6759335787812758,0.3916498486377396,0.1714521948286229,0.1008411214953271,0.1233117382233446
0.1685090702947845,0.1306266548984996,0.0588785046728973,0.8528535980148884,0.2365293185419968,0.1075230019844849,0.7271475081392437,0.6801412577954767,0.3947401614530776,0.1759621166566446,0.1062616822429906,0.1292412429998902
0.1712018140589569,0.1319505736981465,0.055607476635514,0.8508684863523573,0.2416798732171157,0.1080642251488363,0.7317806160781366,0.6839732511834097,0.3979566094853683,0.1787432351172579,0.1103738317757009,0.1346217195563852
0.1656746031746031,0.1272065313327448,0.0542056074766354,0.8559553349875932,0.2345483359746434,0.1037344398340248,0.7310293012772351,0.6827710571793524,0.3970736629667002,0.1777660853878532,0.1085981308411214,0.132315801032173
0.1600056689342403,0.1224624889673433,0.0523364485981308,0.861166253101737,0.2274167987321711,0.0995850622406638,0.7253944402704733,0.6778871440378691,0.393289606458123,0.1734816596512327,0.1034579439252336,0.1260568793235972
0.1621315192743764,0.1244483671668137,0.0537383177570091,0.8591811414392061,0.2297939778129952,0.1013891394551686,0.7227648384673178,0.6763844015327972,0.3918390514631684,0.1719783523752255,0.1015887850467289,0.1241901833754254
0.1689342403628118,0.1298543689320388,0.0542056074766354,0.8531017369727047,0.2393026941362915,0.1058993324914306,0.7265214124718257,0.6800661206702231,0.3946140262361251,0.1753607937462417,0.1057009345794392,0.1293510486439002
0.1719104308390022,0.1327228596646072,0.0560747663551403,0.8501240694789083,0.242472266244057,0.1087858560346383,0.7329075882794891,0.6838981140581561,0.3975782038345106,0.1791190619362597,0.1100934579439252,0.1349511364884155
0.1660997732426303,0.1276478375992939,0.0542056074766354,0.8555831265508685,0.2353407290015847,0.1040952552769259,0.7309040821437515,0.6823953715530843,0.3963799192734611,0.17708959711365,0.1085046728971962,0.1324256066761831
0.159438775510204,0.1222418358340688,0.0532710280373833,0.8615384615384617,0.226228209191759,0.0995850622406638,0.7247683446030553,0.6773611841610939,0.3925958627648839,0.1722038484666266,0.1025233644859813,0.1256176567475568
0.1611394557823129,0.1242277140335393,0.0560747663551403,0.8596774193548387,0.2274167987321711,0.1017499548980696,0.722389181066867,0.6756330302802614,0.3913345105953582,0.1710763680096212,0.1013084112149532,0.1232019325793346
0.1689342403628118,0.1306266548984996,0.0579439252336448,0.8527295285359803,0.2377179080824089,0.1073425942630344,0.7267718507387929,0.6799909835449696,0.3946140262361251,0.1752856283824413,0.1058878504672897,0.1290216317118699
0.1717687074829932,0.1328331862312445,0.0574766355140186,0.8501240694789083,0.2416798732171157,0.1089662637560886,0.7317806160781366,0.6841986625591704,0.397452068617558,0.1786680697534576,0.1097196261682243,0.134511913912375
0.1672335600907029,0.1284201235657546,0.0537383177570091,0.8547146401985113,0.2369255150554675,0.1046364784412772,0.7312797395442023,0.6826959200540987,0.3963799192734611,0.177916416115454,0.1089719626168224,0.1326452179642033
0.1604308390022675,0.1221315092674315,0.0495327102803739,0.861166253101737,0.2290015847860538,0.0986830236334114,0.724517906336088,0.6775865955368547,0.3927219979818365,0.1734064942874323,0.1033644859813084,0.1253980454595366
0.1621315192743764,0.1242277140335393,0.0528037383177571,0.8591811414392061,0.2301901743264658,0.1010283240122676,0.7213874279989982,0.6757081674055151,0.391523713420787,0.1715273601924233,0.1009345794392523,0.1232019325793346
0.1697845804988662,0.1302956751985878,0.0528037383177571,0.8524813895781639,0.2408874801901743,0.1060797402128811,0.7266466316053093,0.6799158464197159,0.3948032290615539,0.1753607937462417,0.105607476635514,0.1285824091358296
0.1719104308390022,0.1322815533980582,0.0542056074766354,0.8503722084367246,0.2432646592709983,0.1080642251488363,0.7324067117455547,0.6839732511834097,0.3975151362260343,0.1794948887552615,0.1105607476635514,0.1344021082683649
0.1672335600907029,0.1278684907325684,0.0514018691588784,0.8549627791563276,0.2377179080824089,0.1039148475554753,0.7312797395442023,0.6822450973025772,0.3963799192734611,0.1780667468430547,0.1089719626168224,0.132315801032173
0.1601473922902494,0.122352162400706,0.0514018691588784,0.861166253101737,0.2278129952456418,0.0994046545192134,0.725144002003506,0.6772860470358404,0.3929112008072654,0.1734064942874323,0.102803738317757,0.1255078511035467
0.1618480725623582,0.1242277140335393,0.0537383177570091,0.8594292803970224,0.2293977812995245,0.1012087317337181,0.7218883045329325,0.6763844015327972,0.3914606458123107,0.1721286831028262,0.1011214953271028,0.1239705720874052
0.1692176870748299,0.130406001765225,0.055607476635514,0.852605459057072,0.2389064976228209,0.1068013710986829,0.7271475081392437,0.6800661206702231,0.3950554994954591,0.1759621166566446,0.1057009345794392,0.1294608542879103
0.1709183673469388,0.1325022065313327,0.058411214953271,0.8507444168734493,0.2400950871632329,0.1089662637560886,0.7319058352116202,0.6838229769329026,0.3980827447023208,0.1794948887552615,0.1098130841121495,0.1336334687602943
0.1663832199546485,0.1278684907325684,0.0542056074766354,0.8553349875930522,0.2353407290015847,0.1044560707198267,0.7294014525419483,0.6823202344278307,0.3961907164480323,0.1776909200240529,0.108411214953271,0.1316569671681124
0.161281179138322,0.1224624889673433,0.0481308411214952,0.8606699751861043,0.2309825673534072,0.0986830236334114,0.7243926872026045,0.6772109099105867,0.3925327951564076,0.1731058328322309,0.1026168224299065,0.1255078511035467
0.1618480725623582,0.1238967343336275,0.0523364485981308,0.8595533498759306,0.2297939778129952,0.1006675085693668,0.7226396193338342,0.6760087159065293,0.391523713420787,0.1716025255562236,0.1005607476635514,0.1235313495113649
0.1678004535147392,0.1301853486319505,0.0593457943925235,0.8533498759305213,0.2353407290015847,0.1073425942630344,0.7273979464062108,0.6797655721692087,0.3946770938446014,0.175210463018641,0.105607476635514,0.1292412429998902
0.1706349206349206,0.1322815533980582,0.0588785046728973,0.8509925558312657,0.2396988906497623,0.1087858560346383,0.7327823691460055,0.683747839807649,0.3975782038345106,0.178968731208659,0.1100934579439252,0.1342923026243549
0.1663832199546485,0.1281994704324801,0.055607476635514,0.855210918114144,0.2349445324881141,0.1048168861627277,0.7315301778111696,0.6828461943046059,0.3965691220988899,0.1777660853878532,0.1085981308411214,0.1335236631162841
0.1600056689342403,0.1224624889673433,0.0523364485981308,0.861166253101737,0.2274167987321711,0.0995850622406638,0.7253944402704733,0.6781125554136298,0.392406659939455,0.1729555021046302,0.1030841121495327,0.125837268035577
0.1615646258503401,0.1246690203000882,0.0565420560747661,0.8593052109181142,0.2278129952456418,0.1021107703409705,0.7233909341347358,0.6769103614095724,0.3913345105953582,0.1714521948286229,0.1006542056074766,0.1239705720874052
0.1687925170068027,0.1307369814651368,0.0588785046728973,0.852605459057072,0.2369255150554675,0.1075230019844849,0.7273979464062108,0.6802915320459838,0.3946140262361251,0.1753607937462417,0.1057943925233644,0.1290216317118699
0.1720521541950113,0.1332744924977934,0.058411214953271,0.8498759305210919,0.2416798732171157,0.1095074869204401,0.7321562734785875,0.6844240739349312,0.3978304742684157,0.1795700541190619,0.1106542056074766,0.1348413308444054
0.1665249433106576,0.1279788172992056,0.0542056074766354,0.855210918114144,0.2357369255150554,0.1044560707198267,0.7310293012772351,0.6829213314298594,0.3965691220988899,0.177916416115454,0.1088785046728971,0.1325354123201932
0.1598639455782312,0.1227934686672551,0.0542056074766354,0.8610421836228288,0.226228209191759,0.1001262854050153,0.7252692211369897,0.6781876925388834,0.3927219979818365,0.172730006013229,0.1028971962616822,0.1253980454595366
0.1619897959183673,0.1235657546337157,0.0504672897196259,0.8596774193548387,0.2309825673534072,0.1001262854050153,0.7222639619333834,0.6765346757833044,0.3914606458123107,0.1713018641010222,0.1008411214953271,0.1233117382233446
0.169359410430839,0.1300750220653133,0.0532710280373833,0.8527295285359803,0.2400950871632329,0.1060797402128811,0.7275231655396944,0.6805169434217446,0.3942356205852674,0.1751352976548406,0.1055140186915887,0.1290216317118699
0.1719104308390022,0.1325022065313327,0.0560747663551403,0.8503722084367246,0.242472266244057,0.1086054483131878,0.7325319308790382,0.6846494853106919,0.3976412714429868,0.1792693926638605,0.1105607476635514,0.135500164708466
0.1659580498866213,0.1274271844660194,0.0537383177570091,0.8557071960297767,0.2353407290015847,0.1039148475554753,0.7311545204107187,0.6834472913066345,0.3969475277497477,0.1786680697534576,0.1101869158878504,0.1328648292522235
0.167375283446712,0.1274271844660194,0.0495327102803739,0.8550868486352359,0.2389064976228209,0.103012808948223,0.7315301778111696,0.6823953715530843,0.3967583249243188,0.1784425736620565,0.1095327102803738,0.1324256066761831
0.1857993197278911,0.144748455428067,0.0616822429906542,0.8373449131513648,0.2595087163232963,0.1196103193216668,0.7382920110192837,0.6887820271996392,0.4037588294651866,0.1867107636800962,0.1202803738317756,0.1413198638410014
0.2081916099773242,0.1695719329214475,0.0925233644859814,0.8135235732009927,0.2777337559429477,0.1457694389319862,0.7519408965689958,0.7028326696220603,0.4156786074672048,0.2015183403487673,0.1381308411214953,0.1600966289667288
0.2249149659863945,0.1896513680494263,0.1228971962616823,0.7950372208436726,0.288431061806656,0.1681399963918455,0.7685950413223139,0.7165827635434667,0.4287966700302724,0.2166265784726398,0.1566355140186915,0.1789831997364664
0.2358276643990929,0.2031112091791703,0.1439252336448598,0.7826302729528537,0.2943740095087163,0.1832942449936856,0.7779864763335838,0.7245472988203471,0.4385721493440968,0.2276007215874924,0.1711214953271028,0.1894147359174261
0.2444727891156462,0.2144748455428066,0.1635514018691586,0.7724565756823821,0.2983359746434231,0.19628360093812,0.7836213373403456,0.7277781952062513,0.442797679112008,0.2324113048707156,0.1770093457943925,0.194685406829911
0.2565192743764172,0.2299205648720212,0.1892523364485981,0.758560794044665,0.3042789223454833,0.2139635576402669,0.7896318557475582,0.7364941017356675,0.4492305751765892,0.2399278412507516,0.1863551401869158,0.2025914131986383
0.2745181405895691,0.2472418358340688,0.2032710280373829,0.7408188585607941,0.3232963549920761,0.2307414757351614,0.8017781116954671,0.7462619280186339,0.4579969727547931,0.2509019843656043,0.200841121495327,0.217305369495992
0.2868480725623582,0.2586054721977052,0.2107476635514018,0.7291563275434244,0.3375594294770205,0.2413855313007396,0.8120460806411219,0.7542264632955142,0.4653758829465186,0.2605983162958508,0.2115887850467289,0.2291643790490831
0.2837301587301587,0.2573918799646955,0.2154205607476633,0.7311414392059553,0.3312202852614896,0.2413855313007396,0.8140495867768595,0.7564054399278682,0.4678985872855701,0.2627781118460613,0.2148598130841121,0.232348742725376
0.2784863945578231,0.2522065313327449,0.2116822429906543,0.7363523573200993,0.3256735340729001,0.2363341151001262,0.808915602304032,0.75099556690961,0.463925327951564,0.2571407095610342,0.2089719626168224,0.2252113758647194
0.2779195011337869,0.2503309796999118,0.2051401869158879,0.7377171215880893,0.3276545166402536,0.2336279992783691,0.8041572752316554,0.745886242392366,0.4593213925327951,0.2520294648226097,0.2021495327102803,0.217305369495992
0.2757936507936507,0.2476831421006178,0.2009345794392522,0.7400744416873449,0.3260697305863708,0.2307414757351614,0.803030303030303,0.7464873393943948,0.4585645812310797,0.2517288033674082,0.2005607476635513,0.2176347864280223
0.2678571428571428,0.2396293027360989,0.1929906542056075,0.748014888337469,0.3185419968304279,0.2226231282698899,0.8012772351615326,0.7449094597640694,0.4568617558022199,0.2489476849067949,0.1974766355140186,0.21510925661579
0.2535430839002268,0.2228596646072374,0.169158878504673,0.763771712158809,0.3086370839936608,0.2042215406819412,0.7916353618832958,0.7346156736043279,0.4487260343087789,0.2396271797955502,0.1853271028037383,0.2046777204348303
0.231859410430839,0.2014563106796116,0.15,0.7853598014888339,0.2864500792393026,0.1829334295507848,0.7743551214625594,0.7208655796829213,0.4369954591321897,0.2255712567648827,0.1681308411214953,0.1863401778851433
0.2175453514739229,0.1853486319505737,0.1289719626168225,0.800620347394541,0.2753565768621236,0.1657946960129893,0.7628349611820685,0.7101209707716583,0.4250126135216952,0.211665664461816,0.1502803738317757,0.169869331283628
0.2089002267573696,0.1733230361871138,0.1065420560747662,0.8111662531017371,0.2725832012678288,0.151722893739852,0.7545704983721513,0.7046359606281464,0.4178859737638748,0.203547805171377,0.1397196261682242,0.1617437136268804
0.1979875283446712,0.1583186231244483,0.0789719626168223,0.8243176178660051,0.2694136291600634,0.1340429370377051,0.7481843225644877,0.6990758133593807,0.4123990918264379,0.1960312687913409,0.1310280373831775,0.1548259580542439
0.1758786848072562,0.1361429832303618,0.0579439252336448,0.8465260545905707,0.2472266244057052,0.1118527872992963,0.7390433258201853,0.688857164324893,0.4026236125126134,0.1845309681298857,0.1174766355140186,0.1413198638410014
0.1607142857142857,0.1227934686672551,0.0514018691588784,0.8606699751861043,0.2290015847860538,0.0995850622406638,0.7260205359378912,0.6781876925388834,0.3931634712411704,0.1734816596512327,0.1035514018691588,0.1259470736795871
0.161422902494331,0.124117387466902,0.0542056074766354,0.8596774193548387,0.2286053882725832,0.1013891394551686,0.722389181066867,0.676083853031783,0.3912083753784056,0.1710763680096212,0.1006542056074766,0.1232019325793346
0.1669501133786848,0.1298543689320388,0.0607476635514018,0.8539702233250621,0.233755942947702,0.1071621865415839,0.72702228900576,0.6797655721692087,0.3937941473259334,0.174383644016837,0.1046728971962616,0.1283627978478093
0.1712018140589569,0.13261253309797,0.0588785046728973,0.8506203473945411,0.2404912836767035,0.1091466714775391,0.7319058352116202,0.6839732511834097,0.3978304742684157,0.1786680697534576,0.1091588785046728,0.1339628856923246
0.1669501133786848,0.1283097969991174,0.0542056074766354,0.8548387096774195,0.2365293185419968,0.1046364784412772,0.7306536438767843,0.6823953715530843,0.3966952573158425,0.1776157546602525,0.1083177570093457,0.1331942461842538
0.1602891156462584,0.1227934686672551,0.0528037383177571,0.8609181141439206,0.2274167987321711,0.0999458776835648,0.7247683446030553,0.6778120069126156,0.392406659939455,0.172504509921828,0.1023364485981308,0.1255078511035467
0.1609977324263038,0.1238967343336275,0.0551401869158878,0.859925558312655,0.2278129952456418,0.1012087317337181,0.7226396193338342,0.6765346757833044,0.3912714429868819,0.1710012026458208,0.1004672897196261,0.1238607664433951
0.1685090702947845,0.1298543689320388,0.055607476635514,0.853225806451613,0.2381141045958795,0.1062601479343316,0.7273979464062108,0.6801412577954767,0.3946140262361251,0.1751352976548406,0.105607476635514,0.1296804655759306
0.1721938775510204,0.1325022065313327,0.0546728971962616,0.8502481389578164,0.2432646592709983,0.1082446328702868,0.7330328074129727,0.6841235254339169,0.3980827447023208,0.178968731208659,0.1105607476635514,0.1350609421324256
0.1665249433106576,0.1275375110326566,0.0523364485981308,0.8554590570719603,0.2365293185419968,0.1037344398340248,0.7316553969446532,0.6826959200540987,0.3968844601412714,0.1774654239326518,0.1079439252336448,0.1328648292522235
0.1595804988662131,0.1220211827007943,0.0518691588785046,0.8615384615384617,0.2270206022187004,0.0992242467977629,0.7255196594039569,0.6778120069126156,0.3928481331987891,0.1722790138304269,0.1019626168224299,0.1262764906116174
0.1607142857142857,0.1240070609002648,0.0565420560747661,0.8600496277915635,0.2266244057052298,0.1015695471766191,0.7230152767342849,0.6761589901570365,0.3915867810292633,0.1703998797354179,0.1001869158878504,0.1227627100032941
0.1680839002267573,0.129523389232127,0.055607476635514,0.8537220843672457,0.2373217115689381,0.1058993324914306,0.7271475081392437,0.6798407092944624,0.3943617558022199,0.1747594708358388,0.1050467289719626,0.1291314373558801
0.1709183673469388,0.131288614298323,0.0537383177570091,0.8514888337468983,0.2420760697305863,0.1071621865415839,0.7322814926120711,0.6838981140581561,0.3980196770938446,0.1791942273000601,0.1106542056074766,0.1351707477764357
0.1663832199546485,0.1273168578993821,0.0514018691588784,0.8557071960297767,0.2365293185419968,0.1033736243911238,0.7317806160781366,0.6834472913066345,0.3967583249243188,0.1782922429344558,0.1089719626168224,0.1335236631162841
0.1602891156462584,0.1221315092674315,0.0500000000000001,0.861166253101737,0.2290015847860538,0.0988634313548619,0.7248935637365389,0.6777368697873619,0.3927219979818365,0.1731809981960312,0.102429906542056,0.1257274623915669
0.161422902494331,0.123234774933804,0.0509345794392522,0.8601736972704715,0.2297939778129952,0.0999458776835648,0.7228900576008014,0.6763844015327972,0.3915867810292633,0.1715273601924233,0.1010280373831775,0.1240803777314153
0.1699263038548752,0.1299646954986761,0.0509345794392522,0.852605459057072,0.2420760697305863,0.1053581093270792,0.7280240420736288,0.6805169434217446,0.3948032290615539,0.1751352976548406,0.1055140186915887,0.1295706599319205
0.1706349206349206,0.1302956751985878,0.0504672897196259,0.8521091811414393,0.2432646592709983,0.1055385170485296,0.7317806160781366,0.6840483883086633,0.3966952573158425,0.178141912206855,0.1089719626168224,0.1336334687602943
0.1543367346938775,0.1128640776699028,0.0303738317757009,0.8691066997518611,0.2286053882725832,0.0874977449034819,0.729526671675432,0.6805169434217446,0.3886856710393541,0.1730306674684305,0.0962616822429906,0.1184802898869002
0.102891156462585,0.0729258605472197,0.0313084112149533,0.9140198511166254,0.1564976228209191,0.0550243550423957,0.71274730778863,0.6586520399729505,0.3651614530776992,0.1449939867708959,0.0600934579439252,0.0756560887229603
0.0382653061224489,0.0271403353927625,0.0500000000000001,0.9679900744416874,0.0582408874801901,0.0211077034097059,0.702854996243426,0.6374633706514389,0.3442230070635721,0.1095159350571256,0.0222429906542056,0.0271219940704952
0.0103458049886621,0.0063989408649602,0.0542056074766354,0.991935483870968,0.01743264659271,0.0050514162006134,0.7361632857500625,0.6518896987001277,0.366864278506559,0.1128232110643415,0.0044859813084112,0.0052706709124849
0.0639172335600907,0.0514121800529567,0.0682242990654206,0.9431761786600498,0.0863708399366085,0.044560707198268,0.8132982719759579,0.7177849575475242,0.4579339051463168,0.1878382441371016,0.0503738317757009,0.0524870978368288
0.1901927437641723,0.1694616063548102,0.1518691588785045,0.8215880893300248,0.2274167987321711,0.1571351253833664,0.8847983971950913,0.8020888120820497,0.6010973763874874,0.3421527360192423,0.1769158878504672,0.174261557044032
0.3737244897959184,0.3477493380406002,0.3018691588785046,0.6409429280397023,0.4203645007923929,0.3319502074688796,0.9366391184573002,0.887144037869111,0.74167507568113,0.5305923030667469,0.3705607476635513,0.3509388382562863
0.5890022675736961,0.5689541041482788,0.5289719626168224,0.4223325062034739,0.6251980982567353,0.5567382283961754,0.980465815176559,0.961905477496431,0.8812436932391522,0.739777510523151,0.5935514018691589,0.5675853738882178
0.8099489795918366,0.8000882612533099,0.7789719626168223,0.1956575682382134,0.8280507131537241,0.7939743821035539,0.9889807162534434,0.9957923209857992,0.9889631685166498,0.93543295249549,0.8377570093457942,0.7985066432414626
0.9733560090702948,0.9706531332744928,0.9630841121495328,0.0281637717121587,0.9782091917591124,0.9687894641890674,0.8899323816679188,0.9202043729806896,0.9631054490413722,0.995640408899579,0.9903738317757008,0.9703524761172724
0.9801587301587302,0.9779346866725508,0.9714953271028036,0.021091811414392,0.9841521394611727,0.9763665884899873,0.6798146756824442,0.736418964610414,0.7733350151362259,0.8744738424533975,0.9540186915887848,0.982650708246404
0.8479308390022675,0.8427846425419241,0.8350467289719626,0.1550868486352356,0.8573692551505546,0.8396175356305249,0.4159779614325068,0.4781726651138328,0.5072527749747728,0.6650631389055923,0.7835514018691588,0.8474799604699681
0.6629818594104309,0.6487202118270081,0.6228971962616822,0.3451612903225806,0.6885895404120443,0.6399061879848457,0.1740545955421988,0.2028702381846871,0.2372603430877901,0.4273150932050511,0.5708411214953271,0.6501592181838146
0.4666950113378685,0.4397616946160635,0.3850467289719625,0.5485111662531018,0.5150554675118858,0.4232365145228215,0.0172802404207363,0.0259223082124877,0.0426337033299697,0.2158749248346362,0.3304672897196261,0.4391127703963983
0.2799036281179138,0.2380847308031774,0.1467289719626168,0.7436724565756825,0.3549920760697306,0.2123398881472127,0.0494615577260204,0.0287775189721241,0.012991927346115,0.0603577871316897,0.156822429906542,0.2417920281102448
0.1638321995464852,0.1199249779346867,0.0289719626168222,0.8609181141439206,0.2428684627575277,0.0929099765469961,0.2161282243926872,0.1622210534224961,0.0899974772956609,0.0062387251954299,0.0609345794392523,0.126935324475678
0.0983560090702947,0.0637687555163282,0.0070093457943926,0.921091811414392,0.1604595879556259,0.0429370377052136,0.3941898322063611,0.3292508828612217,0.1970232088799192,0.0206704750450992,0.0255140186915888,0.0674206654222027
0.0719954648526077,0.0515225066195939,0.0425233644859812,0.9395781637717122,0.1085578446909666,0.0396896987191051,0.5469571750563486,0.4779472537380719,0.2860746720484359,0.0717077570655441,0.0247663551401869,0.0519380696167783
0.1034580498866213,0.0739187996469549,0.0336448598130841,0.913151364764268,0.1564976228209191,0.0562872090925491,0.6433759078387177,0.5850176572244346,0.3431508577194753,0.1227450390859891,0.0497196261682243,0.0736795871307785
0.1523526077097505,0.1092233009708737,0.0214953271028037,0.8719602977667493,0.2297939778129952,0.0828071441457694,0.7067367893814175,0.650011270568788,0.3786579212916246,0.157922429344558,0.0834579439252336,0.1117821456022839
0.1648242630385487,0.1229037952338922,0.0383177570093456,0.8588089330024815,0.2400950871632329,0.0972397618618076,0.7273979464062108,0.6762341272822902,0.3925958627648839,0.1729555021046302,0.1018691588785046,0.1275941583397386
0.1600056689342403,0.1218005295675198,0.0495327102803739,0.8615384615384617,0.2286053882725832,0.0985026159119609,0.7246431254695717,0.676985498534826,0.3926589303733602,0.172504509921828,0.1017757009345794,0.1247392115954759
0.1617063492063492,0.1233451015004413,0.0504672897196259,0.859925558312655,0.2305863708399366,0.0999458776835648,0.7220135236664161,0.6758584416560222,0.3918390514631684,0.1715273601924233,0.1005607476635514,0.1225430987152739
0.169359410430839,0.1300750220653133,0.0537383177570091,0.8527295285359803,0.2400950871632329,0.1060797402128811,0.7268970698722764,0.6796152979187017,0.3950554994954591,0.1749849669272399,0.1049532710280373,0.1282529922037993
0.1721938775510204,0.1325022065313327,0.0546728971962616,0.8502481389578164,0.2436608557844691,0.1082446328702868,0.7330328074129727,0.6834472913066345,0.3981458123107971,0.1785929043896572,0.1094392523364485,0.1344021082683649
0.1660997732426303,0.1273168578993821,0.0532710280373833,0.8557071960297767,0.2353407290015847,0.1037344398340248,0.730778863010268,0.6823953715530843,0.3969475277497477,0.1776157546602525,0.1080373831775701,0.1326452179642033
0.159438775510204,0.1220211827007943,0.0523364485981308,0.8616625310173698,0.2266244057052298,0.0992242467977629,0.7252692211369897,0.6774363212863475,0.392406659939455,0.1730306674684305,0.1023364485981308,0.1256176567475568
0.1611394557823129,0.1235657546337157,0.0532710280373833,0.8600496277915635,0.2286053882725832,0.1006675085693668,0.7232657150012521,0.6760087159065293,0.3913345105953582,0.1716025255562236,0.1008411214953271,0.1241901833754254
0.167517006802721,0.1293027360988526,0.0565420560747661,0.8540942928039702,0.2361331220285261,0.1060797402128811,0.7267718507387929,0.6799158464197159,0.3946770938446014,0.1746091401082381,0.1046728971962616,0.1290216317118699
0.1712018140589569,0.1322815533980582,0.0570093457943923,0.8507444168734493,0.2408874801901743,0.1086054483131878,0.731404958677686,0.6835224284318882,0.3975782038345106,0.1782922429344558,0.108411214953271,0.1346217195563852
0.1652494331065759,0.1275375110326566,0.0570093457943923,0.8560794044665013,0.23256735340729,0.1046364784412772,0.7310293012772351,0.68209482305207,0.3965060544904136,0.1773150932050511,0.1078504672897196,0.1331942461842538
0.1587301587301587,0.1222418358340688,0.055607476635514,0.861786600496278,0.2242472266244057,0.1001262854050153,0.7233909341347358,0.6773611841610939,0.3921543895055499,0.1728051713770294,0.1022429906542056,0.1263862962556275
0.1604308390022675,0.1237864077669902,0.0565420560747661,0.8602977667493797,0.226228209191759,0.1013891394551686,0.7213874279989982,0.6754827560297544,0.3905776992936428,0.1711515333734215,0.0999065420560747,0.1233117382233446
0.1680839002267573,0.1301853486319505,0.058411214953271,0.8533498759305213,0.2361331220285261,0.1071621865415839,0.7265214124718257,0.6794650236681944,0.3939833501513622,0.1752856283824413,0.105233644859813,0.1286922147798396
0.1726190476190476,0.1325022065313327,0.0532710280373833,0.85,0.2448494453248811,0.1080642251488363,0.7309040821437515,0.6838229769329026,0.3973890010090817,0.1791190619362597,0.1101869158878504,0.1342923026243549
0.1669501133786848,0.1275375110326566,0.0509345794392522,0.855210918114144,0.2377179080824089,0.1033736243911238,0.7305284247433007,0.6825456458035914,0.3959384460141271,0.1776157546602525,0.1080373831775701,0.1329746348962336
0.1590136054421768,0.1224624889673433,0.0560747663551403,0.8616625310173698,0.2242472266244057,0.1003066931264658,0.7240170298021538,0.6773611841610939,0.3918390514631684,0.172504509921828,0.1022429906542056,0.1250686285275062
0.161281179138322,0.1248896734333627,0.0588785046728973,0.8593052109181142,0.226228209191759,0.1028324012267725,0.721763085399449,0.6762341272822902,0.391082240161453,0.1710763680096212,0.1002803738317756,0.1230921269353244
0.1686507936507936,0.1310679611650485,0.0598130841121493,0.8524813895781639,0.2365293185419968,0.1080642251488363,0.7272727272727273,0.6799909835449696,0.3944878910191725,0.1748346361996392,0.1053271028037383,0.1295706599319205
0.1709183673469388,0.1333848190644307,0.0626168224299063,0.8502481389578164,0.2385103011093502,0.110589933249143,0.7320310543451038,0.6836727026823952,0.3977043390514631,0.1785177390258568,0.1099065420560747,0.1346217195563852
0.1662414965986394,0.1284201235657546,0.0570093457943923,0.8550868486352359,0.2341521394611727,0.1053581093270792,0.7305284247433007,0.6827710571793524,0.3965060544904136,0.1776909200240529,0.1078504672897196,0.1330844405402437
0.1609977324263038,0.1220211827007943,0.0476635514018689,0.8609181141439206,0.2309825673534072,0.0983222081905106,0.725144002003506,0.6777368697873619,0.3922174571140262,0.1728803367408298,0.1013084112149532,0.1266059075436477
0.161422902494331,0.1234554280670785,0.0518691588785046,0.8600496277915635,0.2293977812995245,0.1003066931264658,0.7226396193338342,0.676083853031783,0.391082240161453,0.1713770294648226,0.1006542056074766,0.1245196003074558
0.1678004535147392,0.129523389232127,0.0565420560747661,0.8537220843672457,0.2365293185419968,0.1062601479343316,0.7278988229401452,0.6803666691712374,0.3944878910191725,0.1749098015634395,0.1057009345794392,0.1297902712199407
0.1712018140589569,0.132171226831421,0.0560747663551403,0.8508684863523573,0.2412836767036449,0.1082446328702868,0.7327823691460055,0.6841986625591704,0.3975782038345106,0.1792693926638605,0.1102803738317756,0.135500164708466
0.1658163265306122,0.1278684907325684,0.0560747663551403,0.8555831265508685,0.2341521394611727,0.1046364784412772,0.7312797395442023,0.6831467428056202,0.3968844601412714,0.1780667468430547,0.108411214953271,0.1331942461842538
0.1583049886621315,0.1220211827007943,0.0560747663551403,0.8621588089330026,0.2234548335974643,0.0999458776835648,0.7250187828700225,0.6781125554136298,0.3927219979818365,0.1729555021046302,0.1027102803738317,0.1263862962556275
0.1601473922902494,0.1240070609002648,0.0579439252336448,0.8601736972704715,0.225039619651347,0.10193036261952,0.7228900576008014,0.6764595386580509,0.3913975782038345,0.171677690920024,0.1004672897196261,0.1240803777314153
0.1678004535147392,0.1302956751985878,0.0602803738317755,0.8533498759305213,0.2349445324881141,0.1075230019844849,0.726396193338342,0.6805920805469982,0.3943617558022199,0.1751352976548406,0.1053271028037383,0.1294608542879103
0.1707766439909297,0.1325022065313327,0.0593457943925235,0.8507444168734493,0.2396988906497623,0.1091466714775391,0.7322814926120711,0.6844240739349312,0.3977043390514631,0.1788935658448587,0.1104672897196261,0.1349511364884155
0.1656746031746031,0.1279788172992056,0.0570093457943923,0.8555831265508685,0.2333597464342313,0.1049972938841782,0.7315301778111696,0.6835975655571417,0.3968844601412714,0.1783674082982561,0.1090654205607476,0.1330844405402437
0.1682256235827664,0.1289717563989408,0.0528037383177571,0.8538461538461539,0.2389064976228209,0.1049972938841782,0.7273979464062108,0.6847997595611992,0.4010469223007063,0.1828021647624774,0.1087850467289719,0.1317667728121225
0.1857993197278911,0.1433142100617828,0.055607476635514,0.838089330024814,0.2622820919175911,0.1172650189428106,0.7322814926120711,0.6926140205875723,0.416813824419778,0.1971587492483463,0.119626168224299,0.1403316130449105
0.2089002267573696,0.1642762577228596,0.0682242990654206,0.8162531017369727,0.2888272583201268,0.1369294605809128,0.7470573503631355,0.7079419941393041,0.4385090817356205,0.219182200841852,0.1394392523364485,0.1576809047985066
0.227891156462585,0.1834730803177404,0.0869158878504674,0.7971464019851118,0.3074484944532488,0.1562330867761139,0.7639619333834209,0.7248478473213615,0.4606458123107971,0.2409049909801563,0.1579439252336448,0.1762380586362139
0.2405045351473922,0.1962709620476611,0.0995327102803736,0.7844913151364764,0.3197305863708399,0.169042034999098,0.7724768344603056,0.7369449244871891,0.4792507568113016,0.2596963319302465,0.1719626168224299,0.1880970681893049
0.2534013605442177,0.2086275375110327,0.1098130841121494,0.7718362282878413,0.3335974643423138,0.1811293523362799,0.7766090658652642,0.7450597340145766,0.4948915237134207,0.2745790739627179,0.1810280373831775,0.1949050181179312
0.2694160997732426,0.2249558693733451,0.1257009345794393,0.7555831265508686,0.349445324881141,0.1975464549882734,0.7849987478086651,0.7567059884288826,0.5141271442986881,0.2925435959110042,0.195233644859813,0.2068738333150323
0.2937925170068027,0.2490070609002647,0.147196261682243,0.73151364764268,0.3740095087163232,0.2213602742197365,0.7992737290257951,0.7736118416109399,0.5374621594349142,0.31667167769092,0.2142990654205607,0.2255407927967497
0.3139172335600907,0.2686451897616946,0.1644859813084111,0.7115384615384616,0.3950079239302694,0.2406639004149377,0.8151765589782118,0.7908933804192652,0.5593466195761856,0.3398226097414311,0.2350467289719625,0.2439881409904468
0.3255385487528345,0.2801191526919682,0.1742990654205607,0.7001240694789083,0.4068938193343898,0.2520295868663178,0.8243175557225143,0.802765046209332,0.5769424823410696,0.3575616355983163,0.2483177570093457,0.2557373448995278
0.3334750566893424,0.2899382171226832,0.1892523364485981,0.6910669975186106,0.4120443740095087,0.2628540501533465,0.8256949661908339,0.8081749192275902,0.5910696266397577,0.3703397474443776,0.2561682242990654,0.2602393763039419
0.3514739229024943,0.3065975286849073,0.2014018691588784,0.6738213399503723,0.4318541996830428,0.278910337362439,0.8319559228650137,0.8171162371327673,0.6067734611503531,0.3859741431148527,0.266822429906542,0.2701218842648512
0.3735827664399093,0.3261253309797,0.2107476635514018,0.6532258064516129,0.4587955625990491,0.2965902940645858,0.8442273979464062,0.8319182508077241,0.6251261352169525,0.4042393265183403,0.2832710280373831,0.286043702646316
0.3887471655328798,0.3405781112091791,0.2219626168224297,0.6383374689826303,0.4754358161648178,0.3106620963377232,0.857625845229151,0.8469456758584416,0.6424697275479313,0.4229555021046302,0.2989719626168224,0.3003184363676293
0.3948412698412698,0.3460944395410415,0.2252336448598129,0.6326302729528537,0.4825673534072899,0.3157135125383365,0.8621337340345604,0.852881508753475,0.6543264379414732,0.4329524954900781,0.3079439252336448,0.3069067750082354
0.3973922902494331,0.3496248896734334,0.2317757009345793,0.629528535980149,0.4833597464342313,0.320043297853148,0.8618832957675931,0.8546847997595611,0.6613900100908172,0.4394918821407095,0.3105607476635513,0.3093224991764576
0.409297052154195,0.3604368932038835,0.2383177570093457,0.6182382133995038,0.4972266244057052,0.3299657225329244,0.8643876784372652,0.8594184386505371,0.6683274470232088,0.4474594107035478,0.3158878504672897,0.3127264741407708
0.4209183673469387,0.3720211827007944,0.2495327102803736,0.606575682382134,0.508716323296355,0.3416922244272054,0.8730277986476334,0.8678337966789391,0.6786074672048436,0.458132892363199,0.3260747663551401,0.3240364554738113
0.4241780045351474,0.3780891438658428,0.2640186915887851,0.6017369727047147,0.5071315372424722,0.3494497564495759,0.8782870022539443,0.8736193553234652,0.6873738647830473,0.467077570655442,0.3338317757009345,0.3324914900625892
0.4204931972789116,0.374558693733451,0.2612149532710278,0.6053349875930522,0.5031695721077654,0.3460220097420168,0.87778612572001,0.8735442181982117,0.6875630676084762,0.4665514131088394,0.3331775700934579,0.3306247941144174
0.4148242630385487,0.3686010591350397,0.2546728971962618,0.6112903225806452,0.4976228209191758,0.3398881472127007,0.8724017029802152,0.8685851679314749,0.6834636730575175,0.461891160553217,0.3280373831775701,0.324805094981882
0.4141156462585034,0.3687113857016769,0.257943925233645,0.6115384615384616,0.4956418383518224,0.3406097780985025,0.8692712246431253,0.8662559170486137,0.6805625630676084,0.4596361996392062,0.3250467289719626,0.3220599538816295
0.4193594104308389,0.3716902030008826,0.2532710280373831,0.6075682382133996,0.5047543581616482,0.3420530398701064,0.8736538943150512,0.8675332481779247,0.6783551967709384,0.4585838845460012,0.3261682242990654,0.3241462611178214
0.4182256235827664,0.3693733451015005,0.2462616822429904,0.6093052109181143,0.5063391442155308,0.3389861086054482,0.8754069621838216,0.8668570140506424,0.6745711402623612,0.45625375826819,0.3247663551401868,0.3245854836938618
0.4027777777777778,0.3554721977052074,0.2392523364485982,0.6239454094292803,0.4877179080824088,0.3261771603824643,0.8682694715752566,0.8591930272747764,0.6647956609485367,0.4447534576067348,0.3153271028037383,0.3166794773251344
0.3883219954648526,0.339585172109444,0.2191588785046727,0.6392059553349877,0.4758320126782884,0.3093992422875698,0.8556223390934135,0.8479224584867382,0.6498486377396568,0.4280667468430547,0.3021495327102803,0.2998792137915889
0.3779761904761905,0.330648720211827,0.2154205607476633,0.64863523573201,0.4627575277337559,0.3012808948222983,0.847357876283496,0.8386054549552934,0.6357845610494449,0.4155141310883944,0.2901869158878504,0.2901065114746897
0.3744331065759637,0.3255736981465136,0.2056074766355141,0.6531017369727048,0.4623613312202853,0.2953274400144325,0.8441021788129226,0.8316928394319633,0.6247477295660948,0.4041641611545399,0.283644859813084,0.2862633139343362
0.362953514739229,0.315423654015887,0.2009345794392522,0.6638957816377171,0.4480982567353407,0.2861266462204582,0.8407212622088654,0.824629949658126,0.6126387487386478,0.3932651834034876,0.2762616822429906,0.2816514768859119
0.3411281179138322,0.2953442188879082,0.1873831775700935,0.6846153846153847,0.4235340729001585,0.2670034277467075,0.8307037315301777,0.8123825982417913,0.5946644803229061,0.3749248346361997,0.260841121495327,0.2664982980125178
0.3200113378684807,0.2749338040600177,0.1705607476635513,0.7054590570719603,0.4009508716323296,0.2469781706657044,0.8169296268469821,0.7971297618153129,0.5722754793138244,0.3519242333132892,0.2420560747663551,0.2481607554628307
0.304563492063492,0.2599293909973521,0.1579439252336447,0.7205955334987594,0.3847068145800317,0.2323651452282157,0.8054094665664913,0.7830039822676383,0.5520307769929363,0.3310282621767889,0.2257009345794392,0.2335566048094872
0.2937925170068027,0.2482347749338041,0.1439252336448598,0.7318858560794045,0.375594294770206,0.2200974201695832,0.7993989481592787,0.7732361559846719,0.5362638748738647,0.3160703547805171,0.2142056074766355,0.2245525420006588
0.2790532879818594,0.2335613415710503,0.1303738317757007,0.746650124069479,0.3605388272583201,0.2054843947320945,0.794640621086902,0.7645202494552558,0.5199924318869829,0.3000601322910403,0.2043925233644859,0.2177445920720324
0.2593537414965987,0.2139232127096204,0.111682242990654,0.7662531017369728,0.3411251980982567,0.1858199530939923,0.7831204608064112,0.7501690585318205,0.498927850655903,0.2796151533373421,0.1874766355140186,0.2019325793345777
0.2329931972789115,0.1896513680494263,0.0962616822429904,0.791439205955335,0.3110142630744849,0.1629081724697817,0.7658402203856749,0.7313847772184235,0.474709889001009,0.2548857486470234,0.1662616822429906,0.1803008674645876
0.2171201814058957,0.174315975286849,0.083177570093458,0.8070719602977668,0.2943740095087163,0.1479343315893919,0.7531930879038317,0.715831392290931,0.453582240161453,0.2327871316897173,0.1482242990654205,0.1642692434391127
0.2084750566893423,0.1648278905560458,0.0719626168224297,0.8161290322580647,0.2868462757527734,0.1380119069096157,0.746306035562234,0.7068900743857539,0.4376261352169525,0.2184305472038484,0.1378504672897196,0.157022070934446
0.1962868480725623,0.1513680494263018,0.0551401869158878,0.8290322580645162,0.2769413629160063,0.1237596969150279,0.7424242424242423,0.6995266361109024,0.4226160443995963,0.2040739627179795,0.1277570093457944,0.1504337322938399
0.1743197278911564,0.1334951456310679,0.0518691588785046,0.8487593052109181,0.2476228209191758,0.1084250405917373,0.7340345604808415,0.6881809301976106,0.4045156407669021,0.1864101022248947,0.1136448598130841,0.1381355001647084
0.1608560090702948,0.1215798764342453,0.0462616822429907,0.8612903225806452,0.2309825673534072,0.0977809850261591,0.7257700976709242,0.6781876925388834,0.393289606458123,0.173556825015033,0.1025233644859813,0.1255078511035467
0.1617063492063492,0.1230141218005295,0.0490654205607476,0.8601736972704715,0.2309825673534072,0.0994046545192134,0.7237665915351865,0.6760087159065293,0.3913345105953582,0.1713018641010222,0.0999065420560747,0.1229823212913143
0.1679421768707482,0.1294130626654898,0.0560747663551403,0.8537220843672457,0.2369255150554675,0.1058993324914306,0.7278988229401452,0.6799909835449696,0.3946140262361251,0.1750601322910402,0.1046728971962616,0.1290216317118699
0.1709183673469388,0.1318402471315092,0.0560747663551403,0.8511166253101737,0.2412836767036449,0.1078838174273858,0.7320310543451038,0.683747839807649,0.3979566094853683,0.1785929043896572,0.1095327102803738,0.1349511364884155
0.1660997732426303,0.1281994704324801,0.0565420560747661,0.8553349875930522,0.2341521394611727,0.1049972938841782,0.7317806160781366,0.6826959200540987,0.3970736629667002,0.1777660853878532,0.1085981308411214,0.1338530800483144
0.1602891156462584,0.1234554280670785,0.0560747663551403,0.860545905707196,0.226228209191759,0.1010283240122676,0.7257700976709242,0.6775865955368547,0.3929742684157417,0.1728051713770294,0.1023364485981308,0.125837268035577
0.161422902494331,0.123676081200353,0.0528037383177571,0.859801488833747,0.2293977812995245,0.1006675085693668,0.7232657150012521,0.6762341272822902,0.3913345105953582,0.17085087191822,0.1009345794392523,0.1227627100032941
0.1679421768707482,0.1297440423654016,0.0570093457943923,0.8535980148883375,0.2365293185419968,0.1064405556557821,0.7280240420736288,0.6799909835449696,0.3945509586276488,0.1749098015634395,0.1057009345794392,0.1292412429998902
0.1703514739229024,0.1325022065313327,0.0602803738317755,0.8509925558312657,0.2385103011093502,0.1093270791989896,0.7337841222138742,0.6839732511834097,0.3976412714429868,0.1787432351172579,0.1098130841121495,0.1348413308444054
0.1658163265306122,0.1277581641659312,0.055607476635514,0.8555831265508685,0.2341521394611727,0.1046364784412772,0.7300275482093664,0.6821699601773236,0.3960645812310797,0.1773150932050511,0.1079439252336448,0.1329746348962336
0.1605725623582766,0.1222418358340688,0.0495327102803739,0.8610421836228288,0.2293977812995245,0.0988634313548619,0.7250187828700225,0.6771357727853332,0.392406659939455,0.1729555021046302,0.102429906542056,0.1255078511035467
0.1618480725623582,0.123676081200353,0.0514018691588784,0.8596774193548387,0.2305863708399366,0.1003066931264658,0.7233909341347358,0.6757833045307686,0.391523713420787,0.1712266987372218,0.1000934579439252,0.1233117382233446
0.1683673469387755,0.1296337157987643,0.0546728971962616,0.8534739454094293,0.2381141045958795,0.1058993324914306,0.7280240420736288,0.6799909835449696,0.3944878910191725,0.1746843054720384,0.1042990654205607,0.1292412429998902
0.1724773242630385,0.1322815533980582,0.0528037383177571,0.8501240694789083,0.2448494453248811,0.1077034097059354,0.7329075882794891,0.6840483883086633,0.3979566094853683,0.178968731208659,0.109626168224299,0.1350609421324256
0.1672335600907029,0.1277581641659312,0.0509345794392522,0.8550868486352359,0.2381141045958795,0.1035540321125743,0.7321562734785875,0.6828461943046059,0.3968844601412714,0.1776909200240529,0.1082242990654205,0.1330844405402437
0.1608560090702948,0.1219108561341571,0.0471962616822431,0.861166253101737,0.2305863708399366,0.0981418004690601,0.7257700976709242,0.6777368697873619,0.392406659939455,0.172504509921828,0.1017757009345794,0.125837268035577
0.1617063492063492,0.1230141218005295,0.0490654205607476,0.8600496277915635,0.2309825673534072,0.0994046545192134,0.7237665915351865,0.6756330302802614,0.3914606458123107,0.1710763680096212,0.1001869158878504,0.1233117382233446
0.1683673469387755,0.1296337157987643,0.0551401869158878,0.8534739454094293,0.2377179080824089,0.1058993324914306,0.7287753568745304,0.6802915320459838,0.3946140262361251,0.1758117859290439,0.1058878504672897,0.1293510486439002
0.1717687074829932,0.132171226831421,0.0551401869158878,0.8506203473945411,0.2428684627575277,0.1080642251488363,0.7332832456799399,0.6840483883086633,0.397893541876892,0.1791942273000601,0.11,0.1347315252003952
0.1672335600907029,0.1277581641659312,0.0504672897196259,0.8549627791563276,0.2385103011093502,0.1035540321125743,0.7317806160781366,0.6828461943046059,0.3971997981836528,0.1770144317498496,0.1085981308411214,0.1320961897441528
0.1604308390022675,0.1227934686672551,0.0523364485981308,0.8607940446650124,0.2282091917591124,0.0997654699621143,0.7252692211369897,0.6778871440378691,0.3927850655903128,0.172504509921828,0.102803738317757,0.1256176567475568
0.1607142857142857,0.1235657546337157,0.0546728971962616,0.8602977667493797,0.2274167987321711,0.1008479162908171,0.7231404958677685,0.6757833045307686,0.3913345105953582,0.1710763680096212,0.1005607476635514,0.1233117382233446
0.1682256235827664,0.1294130626654898,0.0546728971962616,0.8537220843672457,0.2377179080824089,0.1057189247699801,0.7277736038066616,0.6796152979187017,0.3944878910191725,0.1748346361996392,0.1051401869158878,0.1283627978478093
0.1712018140589569,0.1316195939982347,0.0542056074766354,0.8511166253101737,0.242472266244057,0.1075230019844849,0.7331580265464563,0.6835224284318882,0.3977043390514631,0.1786680697534576,0.109626168224299,0.133413857472274
0.1663832199546485,0.1279788172992056,0.0551401869158878,0.855210918114144,0.2353407290015847,0.1046364784412772,0.7311545204107187,0.6821699601773236,0.3970105953582239,0.1777660853878532,0.1081308411214953,0.1317667728121225
0.1601473922902494,0.122352162400706,0.0514018691588784,0.861166253101737,0.2278129952456418,0.0992242467977629,0.725144002003506,0.6775114584116012,0.3930373360242179,0.1731058328322309,0.1022429906542056,0.1259470736795871
0.1605725623582766,0.1230141218005295,0.0532710280373833,0.8606699751861043,0.2278129952456418,0.1001262854050153,0.7228900576008014,0.6760087159065293,0.3912083753784056,0.1713770294648226,0.1000934579439252,0.1238607664433951
0.1680839002267573,0.1301853486319505,0.058411214953271,0.853225806451613,0.2361331220285261,0.1071621865415839,0.7260205359378912,0.67916447516718,0.3942986881937437,0.1749849669272399,0.1042990654205607,0.1284726034918194
0.1716269841269841,0.1327228596646072,0.0574766355140186,0.8503722084367246,0.2416798732171157,0.1089662637560886,0.7320310543451038,0.6835224284318882,0.3977043390514631,0.178968731208659,0.1093457943925233,0.1339628856923246
0.1666666666666666,0.1275375110326566,0.0523364485981308,0.8553349875930522,0.2365293185419968,0.1037344398340248,0.7322814926120711,0.68209482305207,0.3966321897073662,0.1776909200240529,0.108411214953271,0.1328648292522235
0.1595804988662131,0.1221315092674315,0.0518691588785046,0.8615384615384617,0.2270206022187004,0.0992242467977629,0.7260205359378912,0.6772860470358404,0.3931004036326941,0.1731058328322309,0.1031775700934579,0.1263862962556275
0.1611394557823129,0.1240070609002648,0.0551401869158878,0.859801488833747,0.2278129952456418,0.1013891394551686,0.7232657150012521,0.6757833045307686,0.391523713420787,0.171677690920024,0.101214953271028,0.1235313495113649
0.1686507936507936,0.1302956751985878,0.0574766355140186,0.8529776674937966,0.2373217115689381,0.1069817788201334,0.7280240420736288,0.6798407092944624,0.3942356205852674,0.1752856283824413,0.1049532710280373,0.1292412429998902
0.171343537414966,0.1330538393645189,0.0598130841121493,0.8502481389578164,0.2400950871632329,0.1096878946418906,0.7330328074129727,0.6838229769329026,0.3975782038345106,0.1792693926638605,0.109626168224299,0.1346217195563852
0.1666666666666666,0.1286407766990291,0.0565420560747661,0.8547146401985113,0.2349445324881141,0.1055385170485296,0.7320310543451038,0.6826959200540987,0.3966321897073662,0.1777660853878532,0.1086915887850467,0.1327550236082134
0.1591553287981859,0.122352162400706,0.0542056074766354,0.8616625310173698,0.2254358161648177,0.0999458776835648,0.7257700976709242,0.6781125554136298,0.3924697275479313,0.1733313289236319,0.102803738317757,0.1259470736795871
0.1605725623582766,0.1226831421006178,0.0514018691588784,0.8607940446650124,0.2286053882725832,0.0995850622406638,0.7227648384673178,0.6764595386580509,0.391082240161453,0.1715273601924233,0.1005607476635514,0.1233117382233446
0.1683673469387755,0.1294130626654898,0.0542056074766354,0.8535980148883375,0.2385103011093502,0.1055385170485296,0.7271475081392437,0.680441806296491,0.3948032290615539,0.1750601322910402,0.1054205607476635,0.1290216317118699
0.171343537414966,0.1313989408649603,0.0528037383177571,0.8512406947890819,0.2432646592709983,0.1069817788201334,0.7326571500125219,0.6838981140581561,0.3980827447023208,0.178968731208659,0.109626168224299,0.1348413308444054
0.1665249433106576,0.1270962047661077,0.0504672897196259,0.8557071960297767,0.2373217115689381,0.103012808948223,0.7316553969446532,0.6821699601773236,0.3967583249243188,0.1780667468430547,0.1077570093457943,0.132315801032173
0.1601473922902494,0.1224624889673433,0.0518691588785046,0.8610421836228288,0.2278129952456418,0.0995850622406638,0.7257700976709242,0.676985498534826,0.3928481331987891,0.1734064942874323,0.1023364485981308,0.1252882398155265
0.1618480725623582,0.1237864077669902,0.0518691588785046,0.8596774193548387,0.2301901743264658,0.1004871008479163,0.7236413724017029,0.6758584416560222,0.3912083753784056,0.1717528562838244,0.1000934579439252,0.1238607664433951
0.1686507936507936,0.1290820829655781,0.0518691588785046,0.8537220843672457,0.2396988906497623,0.1049972938841782,0.7273979464062108,0.6797655721692087,0.3943617558022199,0.1749849669272399,0.104018691588785,0.1291314373558801
0.1709183673469388,0.131729920564872,0.055607476635514,0.8512406947890819,0.2412836767036449,0.1077034097059354,0.7320310543451038,0.6839732511834097,0.3975151362260343,0.1785177390258568,0.1089719626168224,0.1336334687602943
0.1658163265306122,0.1284201235657546,0.0579439252336448,0.8553349875930522,0.2329635499207606,0.1055385170485296,0.7312797395442023,0.6824705086783379,0.3965691220988899,0.1776157546602525,0.1085981308411214,0.1316569671681124
0.1595804988662131,0.1219108561341571,0.0514018691588784,0.8616625310173698,0.2270206022187004,0.0990438390763124,0.7248935637365389,0.6772860470358404,0.3926589303733602,0.1731058328322309,0.1026168224299065,0.1256176567475568
0.1607142857142857,0.1233451015004413,0.0537383177570091,0.8604218362282879,0.2278129952456418,0.1006675085693668,0.7232657150012521,0.6763844015327972,0.3913975782038345,0.1713770294648226,0.1008411214953271,0.1236411551553749
0.167517006802721,0.1297440423654016,0.058411214953271,0.8538461538461539,0.2353407290015847,0.1066209633772324,0.7277736038066616,0.6801412577954767,0.3942356205852674,0.1750601322910402,0.1050467289719626,0.1283627978478093
0.1707766439909297,0.1320609002647838,0.0570093457943923,0.8511166253101737,0.2404912836767035,0.1082446328702868,0.733533683946907,0.6839732511834097,0.3977043390514631,0.1790438965724594,0.109626168224299,0.133413857472274
0.1665249433106576,0.1278684907325684,0.0537383177570091,0.855210918114144,0.2361331220285261,0.1042756629983762,0.7312797395442023,0.683372154181381,0.3968844601412714,0.1782170775706554,0.1085981308411214,0.1322059953881629
0.1607142857142857,0.1222418358340688,0.0490654205607476,0.8610421836228288,0.2297939778129952,0.0986830236334114,0.7255196594039569,0.6780374182883763,0.3930373360242179,0.1729555021046302,0.102803738317757,0.1248490172394861
0.1617063492063492,0.1237864077669902,0.0523364485981308,0.8596774193548387,0.2297939778129952,0.1006675085693668,0.7226396193338342,0.6760087159065293,0.3912083753784056,0.1710763680096212,0.1005607476635514,0.1221038761392335
0.1683673469387755,0.1299646954986761,0.0565420560747661,0.8533498759305213,0.2373217115689381,0.1064405556557821,0.7273979464062108,0.6794650236681944,0.3942986881937437,0.1743084786530366,0.1045794392523364,0.1266059075436477
0.1702097505668934,0.131288614298323,0.0560747663551403,0.8517369727047146,0.2400950871632329,0.1075230019844849,0.7329075882794891,0.6838981140581561,0.3975151362260343,0.1791190619362597,0.1099065420560747,0.1330844405402437
0.165391156462585,0.1273168578993821,0.0551401869158878,0.8560794044665013,0.233755942947702,0.1040952552769259,0.7312797395442023,0.6823953715530843,0.3968844601412714,0.1773150932050511,0.1080373831775701,0.1311079389480619
0.1578798185941043,0.1218005295675198,0.0565420560747661,0.862531017369727,0.2226624405705229,0.0997654699621143,0.7256448785374405,0.6776617326621084,0.393289606458123,0.1724293445580276,0.1025233644859813,0.1246294059514659
0.1604308390022675,0.123234774933804,0.0542056074766354,0.860545905707196,0.2270206022187004,0.1004871008479163,0.7225144002003506,0.6762341272822902,0.3912083753784056,0.1710012026458208,0.1007476635514018,0.1227627100032941
0.1678004535147392,0.1290820829655781,0.0551401869158878,0.8539702233250621,0.2369255150554675,0.1055385170485296,0.7272727272727273,0.6801412577954767,0.3943617558022199,0.1747594708358388,0.1047663551401869,0.1285824091358296
0.1712018140589569,0.1325022065313327,0.058411214953271,0.8506203473945411,0.2404912836767035,0.1089662637560886,0.7324067117455547,0.683747839807649,0.3979566094853683,0.1790438965724594,0.1095327102803738,0.1341824969803448
0.1738945578231292,0.1334951456310679,0.0532710280373833,0.8488833746898263,0.2464342313787638,0.1087858560346383,0.7377911344853493,0.6867533248177924,0.4012991927346115,0.1826518340348767,0.114018691588785,0.1379158888766882
0.1845238095238095,0.1441968225948808,0.0635514018691588,0.8382133995037221,0.2567353407290015,0.1196103193216668,0.7415477084898572,0.6905101810804718,0.4057139253279515,0.1882140709561034,0.1213084112149532,0.1439551992972438
0.1998299319727891,0.1631729920564872,0.0934579439252334,0.8208436724565757,0.2658478605388272,0.1408984304528233,0.7491860756323566,0.6983995792320986,0.413092835519677,0.1975345760673481,0.1333644859813083,0.1544965411222136
0.2216553287981859,0.1875551632833186,0.125233644859813,0.7975186104218362,0.2828843106180665,0.1668771423416921,0.765214124718257,0.7118491246524907,0.4257063572149343,0.2122669873722188,0.1513084112149532,0.1728340836719007
0.2395124716553288,0.2075242718446601,0.1504672897196262,0.7785359801488835,0.2967511885895404,0.1881652534728485,0.7798647633358378,0.7255992185738973,0.4397073662966699,0.2285778713168971,0.1723364485981308,0.1917206544416383
0.2491496598639455,0.21954986760812,0.1696261682242988,0.7676178660049628,0.3022979397781299,0.2016958325816345,0.7901327322814926,0.733338342475017,0.446770938446014,0.2375225496091401,0.1829906542056074,0.2016031624025474
0.2543934240362812,0.2273830538393644,0.1850467289719624,0.7609181141439207,0.3030903328050713,0.2108966263756088,0.7920110192837465,0.7372454729882035,0.4502396569122098,0.2413559831629585,0.1883177570093457,0.2048973317228505
0.266156462585034,0.2404015887025595,0.2018691588785046,0.7483870967741936,0.312202852614897,0.2249684286487461,0.7975206611570248,0.7416034262529115,0.4550327951564076,0.2470685508117859,0.1950467289719626,0.2110464477874162
0.2831632653061224,0.2554060017652251,0.2093457943925231,0.7325062034739455,0.3328050713153724,0.2386794154789824,0.8076634109691961,0.7498685100308062,0.4622225025227043,0.2560132291040289,0.2061682242990654,0.2222466234764466
0.2879818594104308,0.2619152691968226,0.2210280373831777,0.7267990074441688,0.3347860538827258,0.246076132058452,0.8159278737791134,0.7573822225561649,0.4694122098890009,0.263755261575466,0.215607476635514,0.2326781596574063
0.2825963718820862,0.25761253309797,0.2205607476635514,0.73151364764268,0.3276545166402536,0.2424679776294424,0.8148009015777611,0.7564805770531219,0.4681508577194752,0.2626277811184606,0.2144859813084112,0.2313604919292851
0.2752267573696145,0.2480141218005296,0.2037383177570091,0.7400744416873449,0.3244849445324881,0.2314631066209634,0.8056599048334585,0.7479900818994665,0.4601412714429868,0.2534576067348166,0.2038317757009345,0.2192818710881739
0.2672902494331066,0.2402912621359224,0.197663551401869,0.748014888337469,0.3157686212361331,0.2238859823200432,0.7977710994239919,0.7413028777518971,0.4547174571140261,0.2471437161755863,0.1958878504672897,0.2109366421434061
0.2628968253968254,0.2349955869373345,0.1901869158878505,0.7528535980148884,0.3125990491283676,0.2181129352336279,0.7941397445529677,0.7391990382447966,0.4518794147325933,0.2435357787131689,0.1908411214953271,0.2077522784671132
0.2543934240362812,0.2233009708737864,0.1682242990654205,0.763151364764268,0.3102218700475436,0.2044019484033917,0.7910092662158777,0.7348410849800886,0.4482214934409687,0.2391010222489476,0.1845794392523364,0.2037992752827495
0.2351190476190476,0.2031112091791703,0.1462616822429905,0.78287841191067,0.2923930269413629,0.1836550604365866,0.7783621337340345,0.7245472988203471,0.4385721493440968,0.2279013830426939,0.1704672897196261,0.1890853189853958
0.2132936507936508,0.1795013239187996,0.1182242990654204,0.8057071960297767,0.2741679873217115,0.1589392025978711,0.7628349611820685,0.7104215192726725,0.4235620585267406,0.2106885147324113,0.1488785046728971,0.168881080487537
0.2008219954648526,0.16306266548985,0.0901869158878502,0.8204714640198512,0.268621236133122,0.1399963918455709,0.7485599799649386,0.6982493049815914,0.412651362260343,0.1971587492483463,0.1323364485981308,0.153837707258153
0.1928854875283446,0.1513680494263018,0.0663551401869157,0.8305210918114145,0.26743264659271,0.1259245895724336,0.7416729276233408,0.6920880607107972,0.406470736629667,0.1895670475045099,0.1225233644859813,0.1459317008894257
0.1781462585034013,0.1379082082965578,0.0579439252336448,0.8445409429280398,0.2503961965134706,0.1132960490709002,0.7375406962183821,0.6874295589450747,0.40098385469223,0.1830276608538785,0.1147663551401869,0.1397825848248599
0.1669501133786848,0.1277581641659312,0.0518691588785046,0.8550868486352359,0.2373217115689381,0.1037344398340248,0.7319058352116202,0.6829213314298594,0.3969475277497477,0.177916416115454,0.1089719626168224,0.1328648292522235
0.1607142857142857,0.1218005295675198,0.0476635514018689,0.8612903225806452,0.2301901743264658,0.0981418004690601,0.7253944402704733,0.6771357727853332,0.3927850655903128,0.1729555021046302,0.1030841121495327,0.1241901833754254
0.1624149659863945,0.1231244483671668,0.0471962616822431,0.859801488833747,0.2329635499207606,0.0992242467977629,0.7225144002003506,0.6757081674055151,0.3909561049445005,0.1709260372820204,0.1002803738317756,0.1223234874272537
0.1679421768707482,0.1294130626654898,0.055607476635514,0.8537220843672457,0.2369255150554675,0.1058993324914306,0.7265214124718257,0.6798407092944624,0.3942356205852674,0.1743084786530366,0.1042990654205607,0.1284726034918194
0.171485260770975,0.1313989408649603,0.0523364485981308,0.8511166253101737,0.2432646592709983,0.1069817788201334,0.7322814926120711,0.6841235254339169,0.3980827447023208,0.1783674082982561,0.11,0.1347315252003952
0.1660997732426303,0.1269858781994704,0.0514018691588784,0.8559553349875932,0.2365293185419968,0.103012808948223,0.7327823691460055,0.6832218799308738,0.3969475277497477,0.1777660853878532,0.1089719626168224,0.1328648292522235
0.1598639455782312,0.1219108561341571,0.0504672897196259,0.8615384615384617,0.2282091917591124,0.0988634313548619,0.7255196594039569,0.6778871440378691,0.3929112008072654,0.1730306674684305,0.102429906542056,0.1248490172394861
0.1604308390022675,0.1235657546337157,0.055607476635514,0.8604218362282879,0.2266244057052298,0.1010283240122676,0.7228900576008014,0.6763844015327972,0.3917759838546922,0.1713770294648226,0.1005607476635514,0.1230921269353244
0.1682256235827664,0.1297440423654016,0.0560747663551403,0.8534739454094293,0.2373217115689381,0.1062601479343316,0.7268970698722764,0.6797655721692087,0.3942356205852674,0.1744588093806374,0.1049532710280373,0.1289118260678599
0.1709183673469388,0.13261253309797,0.0588785046728973,0.8506203473945411,0.2400950871632329,0.1091466714775391,0.7322814926120711,0.6841986625591704,0.3979566094853683,0.1783674082982561,0.1092523364485981,0.1349511364884155
0.1672335600907029,0.1281994704324801,0.0528037383177571,0.8547146401985113,0.2373217115689381,0.1044560707198267,0.7310293012772351,0.6827710571793524,0.3968844601412714,0.1771647624774503,0.108411214953271,0.1346217195563852
0.1598639455782312,0.1225728155339806,0.0532710280373833,0.861166253101737,0.2266244057052298,0.0999458776835648,0.725144002003506,0.6774363212863475,0.3931004036326941,0.1722038484666266,0.1023364485981308,0.1263862962556275
0.1605725623582766,0.1234554280670785,0.0542056074766354,0.8604218362282879,0.2274167987321711,0.1008479162908171,0.7220135236664161,0.6760087159065293,0.3916498486377396,0.1709260372820204,0.1000934579439252,0.1228725156473042
0.1687925170068027,0.1288614298323036,0.0504672897196259,0.8537220843672457,0.2404912836767035,0.1044560707198267,0.7271475081392437,0.6792396122924336,0.3942356205852674,0.1746091401082381,0.1046728971962616,0.1282529922037993
0.1709183673469388,0.1319505736981465,0.0560747663551403,0.8509925558312657,0.2412836767036449,0.1080642251488363,0.7325319308790382,0.6829964685551131,0.3977043390514631,0.1786680697534576,0.1097196261682243,0.134511913912375
0.1663832199546485,0.1277581641659312,0.0537383177570091,0.8554590570719603,0.2357369255150554,0.1042756629983762,0.7309040821437515,0.6823953715530843,0.3968213925327951,0.1772399278412507,0.1081308411214953,0.1329746348962336
0.1604308390022675,0.1219108561341571,0.0490654205607476,0.8612903225806452,0.2293977812995245,0.0985026159119609,0.7247683446030553,0.6772860470358404,0.3923435923309787,0.1723541791942273,0.1023364485981308,0.1261666849676073
0.1621315192743764,0.1226831421006178,0.0467289719626169,0.8600496277915635,0.2329635499207606,0.0986830236334114,0.7226396193338342,0.676083853031783,0.3909561049445005,0.1713018641010222,0.1007476635514018,0.123750960799385
0.1690759637188208,0.1291924095322154,0.0509345794392522,0.8534739454094293,0.2408874801901743,0.1048168861627277,0.7268970698722764,0.6802915320459838,0.3943617558022199,0.1753607937462417,0.1057009345794392,0.1288020204238497
0.171343537414966,0.131729920564872,0.0542056074766354,0.8509925558312657,0.242472266244057,0.1075230019844849,0.7325319308790382,0.6841235254339169,0.3976412714429868,0.1790438965724594,0.1090654205607476,0.1342923026243549
0.1663832199546485,0.1264342453662842,0.0481308411214952,0.8562034739454095,0.2381141045958795,0.10193036261952,0.7311545204107187,0.6827710571793524,0.3963168516649848,0.178141912206855,0.1073831775700934,0.1322059953881629
0.1523526077097505,0.1119814651368049,0.0336448598130841,0.870347394540943,0.2246434231378763,0.0873173371820314,0.7243926872026045,0.6769103614095724,0.3879288597376387,0.1707757065544197,0.0948598130841121,0.117272427802789
0.1203231292517006,0.0858340688437775,0.0275700934579439,0.8991315136476428,0.1826465927099841,0.0647663720007216,0.7148760330578512,0.6628597189871515,0.3700807265388496,0.151683704149128,0.0663551401869158,0.0844405402437685
0.0600907029478458,0.0449029126213592,0.0528037383177571,0.9485111662531018,0.0875594294770206,0.036261952011546,0.7082394189832206,0.644901946051544,0.350592835519677,0.1201142513529765,0.0353271028037383,0.0433732293839903
0.016298185941043,0.0124669020300088,0.0602803738317755,0.9858560794044664,0.0229793977812994,0.0111852787299295,0.7300275482093664,0.647832293936434,0.3590438950554994,0.1099669272399278,0.0109345794392523,0.0126276490611617
0.0350056689342403,0.0263680494263018,0.0574766355140186,0.9698511166253104,0.0503169572107765,0.0220097420169582,0.7937640871525169,0.6967465624765196,0.4282921291624621,0.160628382441371,0.0305607476635514,0.0309651916108487
0.1459750566893423,0.1256619593998235,0.1121495327102802,0.8655086848635236,0.1826465927099841,0.1136568645138011,0.8627598297019784,0.7748140356149973,0.558337537840565,0.2905892964521948,0.1304672897196261,0.1308883276600417
0.3211451247165532,0.2960061782877317,0.2560747663551401,0.6930521091811415,0.3664817749603803,0.2808948222983944,0.921237165038818,0.863100157787963,0.7047805247225025,0.4790288634996993,0.3153271028037383,0.2972438783353464
0.5429421768707483,0.5176522506619593,0.4635514018691587,0.4713399503722085,0.5883518225039619,0.5020746887966805,0.9740796393688956,0.9480802464497708,0.8485116044399595,0.6877630787733012,0.5377570093457944,0.5154276929834194
0.7586451247165533,0.7461385701676964,0.720093457943925,0.2483870967741936,0.7812995245641837,0.7384088038968069,0.9986225895316804,0.9995491772484784,0.9746468213925328,0.8980006013229104,0.7844859813084112,0.7466783792686943
0.939342403628118,0.9347969991173876,0.9233644859813084,0.0632754342431761,0.94770206022187,0.9319862890131696,0.9257450538442272,0.9499586745811104,0.9859989909182644,0.998947684906795,0.96803738317757,0.9371911716262216
0.9886621315192744,0.9879744042365404,0.9859813084112148,0.0117866004962778,0.9896988906497622,0.9875518672199172,0.7380415727523165,0.7892403636636862,0.8322401614530776,0.9143114852675888,0.976822429906542,0.98934885253102
0.939625850340136,0.938658428949691,0.938785046728972,0.0610421836228287,0.9413629160063391,0.9379397438210354,0.5689957425494615,0.6363363137726351,0.6639127144298688,0.7957757065544196,0.890841121495327,0.937740199846272
0.90093537414966,0.899271844660194,0.8995327102803735,0.0999999999999999,0.904120443740095,0.8982500451019303,0.4848484848484848,0.5532346532421669,0.578140766902119,0.7306073361395069,0.8325233644859812,0.8968925002745141
0.7689909297052154,0.758936451897617,0.7397196261682243,0.2367245657568238,0.787242472266244,0.7526610138913944,0.2976458802905083,0.3427004282816139,0.3758198789101917,0.5523902585688515,0.6910280373831774,0.7616119468540683
0.5678854875283447,0.5482127096204767,0.5107476635514019,0.4433002481389578,0.6030110935023771,0.5361717481508208,0.0842724768344603,0.0995566909610038,0.1274596367305751,0.3225345760673481,0.4549532710280373,0.5549577248270561
0.3571428571428571,0.3233671668137687,0.2532710280373831,0.6619106699751862,0.4179873217115689,0.3025437488724516,0.0035061357375406,0.0015778796303253,0.004856205852674,0.124173180998196,0.2303738317757009,0.3273306247941143
0.2052154195011337,0.1609664607237423,0.0663551401869157,0.819727047146402,0.2844690966719493,0.1338625293162546,0.1136989732031054,0.076189045007138,0.0369576185671039,0.0130787733012627,0.0909345794392523,0.1629515757109915
0.1343537414965986,0.092784642541924,0.0112149532710279,0.8890818858560795,0.208795562599049,0.0674724878224788,0.3054094665664913,0.2452475768277105,0.1420282542885974,0.0078171978352375,0.0371028037383177,0.0922367409684857
0.0929705215419501,0.062334510150044,0.0182242990654205,0.9243176178660052,0.1481774960380348,0.0438390763124662,0.4861006761833207,0.4144563828987903,0.2515136226034308,0.0517137702946482,0.0306542056074766,0.0650049412539804
0.0833333333333333,0.0591350397175639,0.0369158878504673,0.930272952853598,0.126782884310618,0.0447411149197185,0.6078136739293764,0.5420392215793823,0.3218340060544903,0.1043295249549007,0.0407476635514018,0.0654441638300208
0.1211734693877551,0.0829655781112091,0.013551401869159,0.9003722084367246,0.1893819334389856,0.0597149558001081,0.6738041572752316,0.616650386956195,0.3592330978809283,0.1380036079374624,0.0611214953271028,0.0864170418359503
0.1544784580498866,0.1117608120035304,0.0252336448598131,0.8696029776674938,0.2309825673534072,0.0855132599675265,0.7111194590533434,0.6588774513487113,0.3813067608476286,0.1604028863499699,0.0859813084112149,0.1125507851103546
0.1678004535147392,0.1279788172992056,0.0500000000000001,0.8545905707196031,0.2393026941362915,0.1037344398340248,0.7256448785374405,0.6783379667893906,0.3931004036326941,0.1739326518340349,0.1030841121495327,0.1277039639837487
0.1709183673469388,0.13261253309797,0.0593457943925235,0.8506203473945411,0.2396988906497623,0.1091466714775391,0.7311545204107187,0.6839732511834097,0.3973890010090817,0.1786680697534576,0.1098130841121495,0.1335236631162841
0.1660997732426303,0.1280891438658428,0.0560747663551403,0.8553349875930522,0.2341521394611727,0.1048168861627277,0.7311545204107187,0.6827710571793524,0.3968844601412714,0.1777660853878532,0.1089719626168224,0.1324256066761831
0.1601473922902494,0.1220211827007943,0.0495327102803739,0.8614143920595534,0.2286053882725832,0.0986830236334114,0.7247683446030553,0.6776617326621084,0.3926589303733602,0.1723541791942273,0.102429906542056,0.1255078511035467
0.161422902494331,0.1233451015004413,0.0514018691588784,0.8600496277915635,0.2297939778129952,0.1001262854050153,0.7218883045329325,0.6755578931550079,0.3912714429868819,0.1703247143716175,0.1003738317757009,0.1232019325793346
0.1679421768707482,0.129523389232127,0.0560747663551403,0.8537220843672457,0.2369255150554675,0.1060797402128811,0.7257700976709242,0.6794650236681944,0.3940464177598385,0.1744588093806374,0.1042056074766355,0.1288020204238497
0.1709183673469388,0.1320609002647838,0.0570093457943923,0.8509925558312657,0.2408874801901743,0.1082446328702868,0.7312797395442023,0.6835224284318882,0.3975782038345106,0.1785177390258568,0.1095327102803738,0.1348413308444054
0.1663832199546485,0.1276478375992939,0.0532710280373833,0.8554590570719603,0.2361331220285261,0.1039148475554753,0.7305284247433007,0.6823202344278307,0.3966952573158425,0.1776909200240529,0.1083177570093457,0.1324256066761831
0.1598639455782312,0.1225728155339806,0.0528037383177571,0.861166253101737,0.2270206022187004,0.0997654699621143,0.7241422489356374,0.6772109099105867,0.3924697275479313,0.1725796752856283,0.102803738317757,0.1256176567475568
0.1615646258503401,0.1229037952338922,0.0485981308411214,0.8602977667493797,0.2309825673534072,0.0992242467977629,0.7221387427998998,0.6760087159065293,0.3912083753784056,0.1704750450992183,0.1007476635514018,0.1236411551553749
0.1683673469387755,0.1288614298323036,0.0523364485981308,0.8538461538461539,0.2393026941362915,0.1048168861627277,0.7271475081392437,0.6797655721692087,0.3939833501513622,0.1737071557426337,0.1042056074766355,0.1279235752717689
0.1719104308390022,0.131729920564872,0.0528037383177571,0.8507444168734493,0.2436608557844691,0.1071621865415839,0.7325319308790382,0.6844992110601847,0.3973259334006054,0.1783674082982561,0.1092523364485981,0.1346217195563852
0.1660997732426303,0.1277581641659312,0.0546728971962616,0.8555831265508685,0.2349445324881141,0.1042756629983762,0.7317806160781366,0.6836727026823952,0.3971997981836528,0.1777660853878532,0.1087850467289719,0.1341824969803448
0.159297052154195,0.121469549867608,0.0504672897196259,0.8620347394540944,0.2270206022187004,0.0985026159119609,0.7255196594039569,0.678262829664137,0.3934157416750756,0.172730006013229,0.1032710280373831,0.1261666849676073
0.1604308390022675,0.1225728155339806,0.0514018691588784,0.8609181141439206,0.2282091917591124,0.0994046545192134,0.7220135236664161,0.6757081674055151,0.391523713420787,0.1712266987372218,0.1008411214953271,0.1235313495113649
0.1680839002267573,0.1298543689320388,0.0570093457943923,0.8534739454094293,0.2369255150554675,0.1064405556557821,0.7260205359378912,0.6793147494176872,0.3944248234106962,0.1751352976548406,0.1051401869158878,0.1284726034918194
0.1710600907029478,0.1325022065313327,0.0579439252336448,0.8507444168734493,0.2404912836767035,0.1087858560346383,0.731404958677686,0.6834472913066345,0.3976412714429868,0.1785929043896572,0.1097196261682243,0.134511913912375
0.1666666666666666,0.1270962047661077,0.0504672897196259,0.8557071960297767,0.2377179080824089,0.103012808948223,0.7302779864763336,0.6823953715530843,0.3965691220988899,0.1768641010222489,0.1085046728971962,0.1324256066761831
0.1597222222222222,0.1211385701676964,0.0476635514018689,0.8620347394540944,0.2290015847860538,0.0976005773047086,0.7247683446030553,0.6771357727853332,0.3923435923309787,0.1723541791942273,0.102429906542056,0.1253980454595366
0.1601473922902494,0.1231244483671668,0.0546728971962616,0.8607940446650124,0.2266244057052298,0.1004871008479163,0.7231404958677685,0.6754076189045006,0.391082240161453,0.1709260372820204,0.1003738317757009,0.1224332930712638
0.1663832199546485,0.1297440423654016,0.0621495327102805,0.8542183622828785,0.2321711568938192,0.1075230019844849,0.7265214124718257,0.6796152979187017,0.3942356205852674,0.1747594708358388,0.1043925233644859,0.1284726034918194
0.1702097505668934,0.1327228596646072,0.0621495327102805,0.8508684863523573,0.2373217115689381,0.1098683023633411,0.7316553969446532,0.6836727026823952,0.3973890010090817,0.1784425736620565,0.1090654205607476,0.1350609421324256
0.1659580498866213,0.1277581641659312,0.0551401869158878,0.8555831265508685,0.2345483359746434,0.1044560707198267,0.7315301778111696,0.6828461943046059,0.3964429868819373,0.1773902585688515,0.1079439252336448,0.1327550236082134
0.159297052154195,0.1219108561341571,0.0523364485981308,0.861786600496278,0.226228209191759,0.0992242467977629,0.725144002003506,0.6784131039146442,0.3924697275479313,0.1729555021046302,0.1023364485981308,0.125837268035577
0.1602891156462584,0.1237864077669902,0.0570093457943923,0.8602977667493797,0.2258320126782884,0.1015695471766191,0.7231404958677685,0.6766849500338117,0.3915867810292633,0.1717528562838244,0.101214953271028,0.1232019325793346
0.1680839002267573,0.1291924095322154,0.0537383177570091,0.8538461538461539,0.2381141045958795,0.1053581093270792,0.7266466316053093,0.6794650236681944,0.3944878910191725,0.1744588093806374,0.1047663551401869,0.1275941583397386
0.171485260770975,0.1315092674315975,0.0528037383177571,0.8509925558312657,0.2432646592709983,0.1071621865415839,0.7326571500125219,0.6834472913066345,0.3977043390514631,0.1782170775706554,0.1100934579439252,0.1346217195563852
0.1668083900226757,0.1277581641659312,0.0523364485981308,0.855210918114144,0.2369255150554675,0.1039148475554753,0.7315301778111696,0.6822450973025772,0.3966952573158425,0.1776157546602525,0.1087850467289719,0.1329746348962336
0.1605725623582766,0.1216902030008826,0.0471962616822431,0.8614143920595534,0.2305863708399366,0.0979613927476096,0.7252692211369897,0.6778120069126156,0.3930373360242179,0.1733313289236319,0.1030841121495327,0.125837268035577
0.165391156462585,0.1257722859664606,0.0485981308411214,0.8569478908188586,0.2365293185419968,0.1015695471766191,0.7240170298021538,0.6801412577954767,0.3967583249243188,0.1773150932050511,0.1044859813084112,0.1270451301196881
0.1880668934240362,0.1446381288614298,0.0532710280373833,0.8364764267990075,0.2662440570522979,0.1179866498286126,0.7369146005509641,0.6938162145916297,0.4151109989909182,0.1964822609741431,0.1202803738317756,0.1429669485011529
0.2076247165532879,0.1627316857899382,0.0654205607476637,0.8176178660049629,0.288431061806656,0.1349449756449575,0.7510643626346105,0.7088436396423472,0.4368062563067608,0.2182802164762477,0.1399999999999999,0.1595476007466783
0.2191043083900226,0.1746469549867608,0.0785046728971961,0.8059553349875931,0.2987321711568937,0.14721270070359,0.7600801402454295,0.7192877000525959,0.4543390514631685,0.2353427540589296,0.1534579439252336,0.1703085538596683
0.2288832199546485,0.1850176522506619,0.0901869158878502,0.7959057071960299,0.3074484944532488,0.1580371639906188,0.7644628099173553,0.7284544293335337,0.4704212916246215,0.25,0.1635514018691588,0.1773361150763149
0.2494331065759637,0.205648720211827,0.1098130841121494,0.7751861042183623,0.3280507131537242,0.1787840519574237,0.7716003005259203,0.7407017807498685,0.4895307769929363,0.2687913409500902,0.1766355140186915,0.1886460964093554
0.2721088435374149,0.2265004413062666,0.1233644859813085,0.7535980148883376,0.3538034865293185,0.1984484935955259,0.7862509391435011,0.7567059884288826,0.511667507568113,0.291040288634997,0.1947663551401869,0.2081915010431535
0.2935090702947845,0.2472418358340688,0.1411214953271028,0.7325062034739455,0.3763866877971473,0.2186541583979793,0.8021537690959177,0.7739875272372079,0.5346241170534812,0.31456704750451,0.2149532710280373,0.2270780718128911
0.3051303854875283,0.2607016769638128,0.1593457943925234,0.7199751861042184,0.3847068145800317,0.2332671838354681,0.8114199849737039,0.7860846044030355,0.5531029263370333,0.3330577269993987,0.2300934579439252,0.2386076644339519
0.3149092970521542,0.2708517210944395,0.170093457943925,0.7099255583126551,0.3938193343898574,0.2435504239581453,0.815426997245179,0.7944999624314373,0.5678607467204843,0.3476398075766687,0.2397196261682243,0.2447567804985176
0.3319160997732426,0.286297440423654,0.1794392523364484,0.6937965260545906,0.414025356576862,0.2579830416741836,0.8215627347858753,0.8037418288376286,0.5847628657921291,0.3645520144317498,0.2510280373831775,0.2546392884594268
0.3551587301587302,0.3084730803177405,0.1967289719626169,0.6712158808933003,0.438985736925515,0.2794515605267905,0.8335837716003005,0.8183184311368246,0.6051967709384459,0.3855983162958509,0.2688785046728972,0.2713297463489623
0.3738662131519275,0.3248014121800529,0.2037383177570091,0.6537220843672458,0.4623613312202853,0.2942449936857296,0.8478587528174304,0.8329701705612743,0.624810797174571,0.4045399879735418,0.285607476635514,0.2878005929504776
0.3805272108843537,0.3326345984112975,0.2154205607476633,0.6464019851116626,0.4663232963549921,0.3029045643153527,0.8538692712246431,0.8425877225937335,0.6377396569122098,0.4183704149128082,0.2960747663551401,0.2966948501152959
0.3866213151927438,0.337819947043248,0.2172897196261682,0.6409429280397023,0.4742472266244057,0.3075951650730651,0.8539944903581267,0.8464197159816665,0.6462537840565085,0.4255862898376428,0.3011214953271027,0.2972438783353464
0.3962585034013605,0.3485216240070609,0.2308411214953269,0.6306451612903226,0.4817749603803486,0.3189608515244451,0.8587528174305034,0.8522804117514463,0.6568491422805247,0.4353577871316896,0.3075700934579439,0.3044910508400131
0.4142573696145125,0.365180935569285,0.2425233644859814,0.6133995037220844,0.5019809825673534,0.3346563232906368,0.8672677185073879,0.8615974152828911,0.6688950554994955,0.4492633794347564,0.318411214953271,0.3160206434610739
0.4229024943310658,0.3730141218005295,0.2467289719626167,0.605210918114144,0.512282091917591,0.3420530398701064,0.8767843726521412,0.8702381846870538,0.6800580221997982,0.461064341551413,0.3295327102803738,0.327989458658175
0.419501133786848,0.3718005295675198,0.2528037383177569,0.6074441687344914,0.5051505546751188,0.3420530398701064,0.8764087152516905,0.8718160643173791,0.6847250252270434,0.4644467829224293,0.3315887850467289,0.330185571538377
0.4155328798185941,0.3677184466019418,0.2485981308411216,0.6114143920595534,0.5015847860538827,0.3379036622767454,0.8703981968444778,0.8679089338041927,0.6827068617558022,0.4615153337342152,0.3274766355140187,0.3245854836938618
0.4166666666666667,0.3693733451015005,0.2518691588785048,0.6099255583126552,0.5015847860538827,0.340068554934151,0.8683946907087403,0.8670072883011496,0.6818239152371341,0.4603126879134095,0.3261682242990654,0.3221697595256396
0.4223356009070295,0.3751103265666373,0.2574766355140188,0.6042183622828785,0.5071315372424722,0.3458416020205665,0.8727773603806661,0.8696370876850251,0.6842835519677093,0.4627931449188214,0.3295327102803738,0.3273306247941143
0.4236111111111111,0.3746690203000882,0.2514018691588786,0.6039702233250621,0.5114896988906498,0.3442179325275121,0.8779113448534936,0.8721166128183936,0.6828329969727547,0.462717979555021,0.3313084112149532,0.3302953771823871
0.4169501133786847,0.3674977934686673,0.2425233644859814,0.6109181141439207,0.5059429477020602,0.336640808226592,0.8750313047833708,0.8672326996769103,0.6755802219979817,0.4557276007215874,0.325607476635514,0.3232678159657406
0.4009353741496598,0.3537069726390114,0.2373831775700933,0.6256823821339951,0.4857369255150555,0.3243730831679596,0.8637615827698472,0.8564880907656474,0.6635973763874873,0.4421978352375225,0.3126168224299065,0.3109695838366091
0.3915816326530612,0.3432259488084731,0.2238317757009346,0.6357320099255583,0.4782091917591125,0.3131878044380299,0.8552466816929626,0.848147869862499,0.6514883955600403,0.4293445580276608,0.3027102803738317,0.2987811573514878
0.3886054421768707,0.3404677846425419,0.2219626168224297,0.6385856079404466,0.475039619651347,0.3104816886162728,0.8528675181567743,0.8444661507250733,0.6418390514631684,0.4218280216476248,0.2971962616822429,0.2955967936751948
0.3801020408163265,0.3312003530450132,0.2102803738317756,0.6473945409429281,0.4683042789223454,0.3007396716579469,0.8517405459554219,0.8387557292058005,0.6316851664984864,0.4119061936259771,0.2910280373831775,0.2929614582189524
0.360827664399093,0.3134377758164166,0.1995327102803739,0.6658808933002482,0.4457210776545167,0.284142161284503,0.8432256448785374,0.8262829664137049,0.6157921291624621,0.3954449789536981,0.2777570093457943,0.2820906994619523
0.3381519274376418,0.293027360988526,0.1873831775700935,0.6873449131513648,0.4191759112519809,0.2651993505322028,0.8285750062609566,0.810954992861973,0.5948536831483349,0.3743235117257967,0.2592523364485981,0.2629845174041945
0.3231292517006802,0.279126213592233,0.1780373831775701,0.7017369727047147,0.4021394611727417,0.2520295868663178,0.8169296268469821,0.7986325043203846,0.5756180625630675,0.3549308478653036,0.2435514018691588,0.2488195893268913
0.314484126984127,0.270189761694616,0.1686915887850467,0.7104218362282879,0.394215530903328,0.2428287930723434,0.8105434510393188,0.7896911864152076,0.5593466195761856,0.3392964521948286,0.2339252336448598,0.2405841660261337
0.3005952380952381,0.2565092674315975,0.1565420560747664,0.724317617866005,0.3795562599049128,0.2292982139635575,0.8075381918357125,0.7805995942595236,0.5443995963673057,0.3250901984365604,0.2229906542056074,0.2339958273855276
0.2772108843537414,0.233892321270962,0.1378504672897196,0.7471464019851117,0.3549920760697306,0.2072884719465992,0.79526671675432,0.7661732662108348,0.5230827447023207,0.3033674082982561,0.2060747663551401,0.2185132315801032
0.2559523809523809,0.2120476610767873,0.1154205607476634,0.7688585607940448,0.3347860538827258,0.18491791448674,0.7786125720010016,0.7490420016530167,0.499369323915237,0.279389657245941,0.1847663551401869,0.1977599648621939
0.2396541950113379,0.1954986760812004,0.0985981308411216,0.7852357320099256,0.3193343898573693,0.1681399963918455,0.765214124718257,0.7335637538507777,0.4783047426841574,0.2587943475646422,0.1686915887850467,0.1819479521247392
0.2280328798185941,0.1840247131509267,0.0887850467289719,0.7967741935483872,0.3070522979397781,0.1569547176619159,0.7597044828449786,0.7228191449395145,0.4614026236125126,0.2412808177991581,0.1565420560747663,0.1729438893159108
0.2161281179138321,0.1721094439541041,0.077570093457944,0.8086848635235732,0.2951664025356577,0.1450478080461844,0.7555722514400199,0.7147043354121271,0.4456357214934409,0.2266235718580878,0.1467289719626168,0.1650378829471834
0.1948696145124716,0.1501544571932921,0.0551401869158878,0.830272952853598,0.2749603803486529,0.1226772505863251,0.7439268720260456,0.7018558869937636,0.4264001009081735,0.2076819001803968,0.1308411214953271,0.1519710113099813
0.1712018140589569,0.1291924095322154,0.0439252336448599,0.8524813895781639,0.2464342313787638,0.1035540321125743,0.7296518908089156,0.6857765421894957,0.4047048435923309,0.1856584485868911,0.110841121495327,0.1335236631162841
0.161281179138322,0.1231244483671668,0.0504672897196259,0.8602977667493797,0.2301901743264658,0.0997654699621143,0.7227648384673178,0.6772860470358404,0.3925958627648839,0.172730006013229,0.1017757009345794,0.1248490172394861
0.1680839002267573,0.1291924095322154,0.0546728971962616,0.8538461538461539,0.2377179080824089,0.1055385170485296,0.72702228900576,0.6793898865429409,0.3938572149344096,0.1745339747444378,0.1048598130841121,0.1290216317118699
0.1706349206349206,0.1320609002647838,0.0579439252336448,0.8511166253101737,0.2400950871632329,0.1084250405917373,0.7329075882794891,0.6835224284318882,0.3975151362260343,0.1786680697534576,0.11,0.1340726913363346
0.1655328798185941,0.1272065313327448,0.0537383177570091,0.8560794044665013,0.2345483359746434,0.1037344398340248,0.7312797395442023,0.6818694116763092,0.3963168516649848,0.1771647624774503,0.1085981308411214,0.1319863841001427
0.1598639455782312,0.1224624889673433,0.0528037383177571,0.8612903225806452,0.2270206022187004,0.0995850622406638,0.7253944402704733,0.676985498534826,0.3924697275479313,0.1728051713770294,0.1032710280373831,0.125837268035577
0.1607142857142857,0.1233451015004413,0.0532710280373833,0.8604218362282879,0.2278129952456418,0.1004871008479163,0.7232657150012521,0.6762341272822902,0.3912083753784056,0.1710763680096212,0.1017757009345794,0.1248490172394861
0.1663832199546485,0.1300750220653133,0.0635514018691588,0.8540942928039702,0.231378763866878,0.1080642251488363,0.7257700976709242,0.6797655721692087,0.3942986881937437,0.1747594708358388,0.1055140186915887,0.1286922147798396
0.1709183673469388,0.1322815533980582,0.0579439252336448,0.8508684863523573,0.2400950871632329,0.1087858560346383,0.7325319308790382,0.6836727026823952,0.3977043390514631,0.1787432351172579,0.1103738317757009,0.1340726913363346
0.1662414965986394,0.1281994704324801,0.0560747663551403,0.855210918114144,0.2345483359746434,0.1049972938841782,0.7319058352116202,0.6832218799308738,0.3968213925327951,0.1778412507516536,0.1093457943925233,0.133413857472274
0.1605725623582766,0.1222418358340688,0.0495327102803739,0.8610421836228288,0.2293977812995245,0.0988634313548619,0.724517906336088,0.6778871440378691,0.3928481331987891,0.173556825015033,0.103644859813084,0.1268255188316679
0.1608560090702948,0.1233451015004413,0.0532710280373833,0.8602977667493797,0.2282091917591124,0.1004871008479163,0.7208865514650639,0.6759335787812758,0.3908930373360242,0.1713770294648226,0.1002803738317756,0.1229823212913143
0.1685090702947845,0.1296337157987643,0.0546728971962616,0.8533498759305213,0.2385103011093502,0.1058993324914306,0.7262709742048584,0.6796152979187017,0.3942356205852674,0.1746843054720384,0.1051401869158878,0.1290216317118699
0.1720521541950113,0.1323918799646954,0.0546728971962616,0.8502481389578164,0.2432646592709983,0.1080642251488363,0.7316553969446532,0.683747839807649,0.3976412714429868,0.1788935658448587,0.11,0.1347315252003952
0.1660997732426303,0.1279788172992056,0.055607476635514,0.8553349875930522,0.2345483359746434,0.1046364784412772,0.7315301778111696,0.6820196859268164,0.3968844601412714,0.177916416115454,0.1093457943925233,0.1324256066761831
0.1595804988662131,0.1224624889673433,0.0537383177570091,0.8612903225806452,0.226228209191759,0.0999458776835648,0.7253944402704733,0.6772109099105867,0.3927219979818365,0.1728803367408298,0.1027102803738317,0.1257274623915669
0.1618480725623582,0.1240070609002648,0.0532710280373833,0.8595533498759306,0.2293977812995245,0.1010283240122676,0.7231404958677685,0.6755578931550079,0.3913345105953582,0.1710763680096212,0.1003738317757009,0.1233117382233446
0.1680839002267573,0.1297440423654016,0.0570093457943923,0.8535980148883375,0.2369255150554675,0.1064405556557821,0.7276483846731779,0.6792396122924336,0.3942356205852674,0.1745339747444378,0.1045794392523364,0.1283627978478093
0.1706349206349206,0.1322815533980582,0.0588785046728973,0.8509925558312657,0.2396988906497623,0.1087858560346383,0.7321562734785875,0.6835975655571417,0.3977043390514631,0.1788184004810583,0.1100934579439252,0.1339628856923246
0.1668083900226757,0.1277581641659312,0.0523364485981308,0.855210918114144,0.2369255150554675,0.1039148475554753,0.730778863010268,0.6825456458035914,0.3966952573158425,0.1775405892964522,0.1088785046728971,0.1327550236082134
0.1609977324263038,0.1224624889673433,0.0490654205607476,0.8607940446650124,0.2301901743264658,0.0990438390763124,0.7247683446030553,0.6776617326621084,0.3928481331987891,0.1731809981960312,0.1038317757009345,0.125837268035577
0.1615646258503401,0.122352162400706,0.0471962616822431,0.860545905707196,0.2317749603803486,0.0985026159119609,0.7218883045329325,0.6757081674055151,0.391082240161453,0.1713018641010222,0.1014953271028037,0.1234215438673547
0.1685090702947845,0.1284201235657546,0.0500000000000001,0.8540942928039702,0.2404912836767035,0.1040952552769259,0.7272727272727273,0.6793147494176872,0.3939202825428859,0.1749098015634395,0.105607476635514,0.1291314373558801
0.1709183673469388,0.1316195939982347,0.0546728971962616,0.8512406947890819,0.2416798732171157,0.1075230019844849,0.7322814926120711,0.6829213314298594,0.3977043390514631,0.1788184004810583,0.1101869158878504,0.1342923026243549
0.1648242630385487,0.1273168578993821,0.0570093457943923,0.8563275434243177,0.2321711568938192,0.1044560707198267,0.7312797395442023,0.68209482305207,0.396127648839556,0.177916416115454,0.1089719626168224,0.1320961897441528
0.1597222222222222,0.1218005295675198,0.0504672897196259,0.8616625310173698,0.2278129952456418,0.0986830236334114,0.7252692211369897,0.6778120069126156,0.3922805247225024,0.173556825015033,0.103644859813084,0.1264961018996376
0.1598639455782312,0.1224624889673433,0.0528037383177571,0.8612903225806452,0.2270206022187004,0.0997654699621143,0.7228900576008014,0.6763844015327972,0.3910191725529768,0.1712266987372218,0.1013084112149532,0.1245196003074558
0.1666666666666666,0.1291924095322154,0.0588785046728973,0.8544665012406948,0.233755942947702,0.1064405556557821,0.7257700976709242,0.6800661206702231,0.3936680121089808,0.1749849669272399,0.105233644859813,0.1283627978478093
0.1703514739229024,0.1320609002647838,0.0588785046728973,0.8512406947890819,0.2393026941362915,0.1086054483131878,0.7315301778111696,0.6839732511834097,0.3972628657921291,0.1791942273000601,0.1102803738317756,0.1338530800483144
0.1659580498866213,0.1275375110326566,0.0542056074766354,0.8557071960297767,0.2349445324881141,0.1040952552769259,0.7317806160781366,0.6829964685551131,0.3966952573158425,0.177916416115454,0.1085981308411214,0.1324256066761831
0.159438775510204,0.1215798764342453,0.0504672897196259,0.8619106699751862,0.2274167987321711,0.0985026159119609,0.7256448785374405,0.6772860470358404,0.3928481331987891,0.1728803367408298,0.1027102803738317,0.1257274623915669
0.1609977324263038,0.1226831421006178,0.0495327102803739,0.860545905707196,0.2297939778129952,0.0992242467977629,0.7226396193338342,0.6754076189045006,0.3913345105953582,0.1710012026458208,0.1002803738317756,0.1235313495113649
0.1669501133786848,0.1291924095322154,0.0579439252336448,0.8543424317617866,0.2345483359746434,0.1062601479343316,0.7272727272727273,0.6793147494176872,0.3943617558022199,0.1749098015634395,0.1047663551401869,0.1285824091358296
0.1706349206349206,0.1325022065313327,0.0602803738317755,0.8508684863523573,0.2389064976228209,0.1093270791989896,0.7316553969446532,0.6836727026823952,0.3977674066599394,0.1785929043896572,0.1102803738317756,0.1347315252003952
0.1665249433106576,0.1280891438658428,0.0546728971962616,0.855210918114144,0.2353407290015847,0.1046364784412772,0.7312797395442023,0.6830716056803666,0.3970105953582239,0.1776157546602525,0.1095327102803738,0.1337432744043043
0.1595804988662131,0.1222418358340688,0.0528037383177571,0.8614143920595534,0.2266244057052298,0.0995850622406638,0.7250187828700225,0.6781125554136298,0.3930373360242179,0.1730306674684305,0.1031775700934579,0.1268255188316679
0.1600056689342403,0.1229037952338922,0.0537383177570091,0.8609181141439206,0.2266244057052298,0.1001262854050153,0.7216378662659654,0.6757833045307686,0.3912083753784056,0.1704750450992183,0.1006542056074766,0.1227627100032941
0.1685090702947845,0.1287511032656663,0.0509345794392522,0.8539702233250621,0.2396988906497623,0.1044560707198267,0.7271475081392437,0.6792396122924336,0.3943617558022199,0.1747594708358388,0.1043925233644859,0.1278137696277588
0.1709183673469388,0.1325022065313327,0.0588785046728973,0.8507444168734493,0.2400950871632329,0.1089662637560886,0.7315301778111696,0.6835975655571417,0.3975782038345106,0.1791942273000601,0.1093457943925233,0.1341824969803448
0.1666666666666666,0.1281994704324801,0.0546728971962616,0.8549627791563276,0.2357369255150554,0.1048168861627277,0.730778863010268,0.6825456458035914,0.3970105953582239,0.1773150932050511,0.1085981308411214,0.1324256066761831
0.1602891156462584,0.121469549867608,0.0476635514018689,0.8616625310173698,0.2297939778129952,0.0977809850261591,0.7256448785374405,0.6778120069126156,0.3932265388496467,0.172504509921828,0.1031775700934579,0.125837268035577
0.1604308390022675,0.1230141218005295,0.0532710280373833,0.8606699751861043,0.2274167987321711,0.1001262854050153,0.7221387427998998,0.6754076189045006,0.391082240161453,0.170625375826819,0.1000934579439252,0.1230921269353244
0.1679421768707482,0.129523389232127,0.055607476635514,0.8537220843672457,0.2373217115689381,0.1058993324914306,0.7267718507387929,0.6793898865429409,0.3947401614530776,0.1748346361996392,0.1046728971962616,0.1284726034918194
0.1704931972789115,0.1330538393645189,0.0626168224299063,0.8506203473945411,0.2377179080824089,0.110229117806242,0.7326571500125219,0.6838229769329026,0.3980196770938446,0.1785177390258568,0.1098130841121495,0.1337432744043043
0.1659580498866213,0.1286407766990291,0.0593457943925235,0.8550868486352359,0.23256735340729,0.1060797402128811,0.7317806160781366,0.6823953715530843,0.3966321897073662,0.1777660853878532,0.1085046728971962,0.1328648292522235
0.1604308390022675,0.1221315092674315,0.0495327102803739,0.861166253101737,0.2290015847860538,0.0988634313548619,0.7255196594039569,0.6778871440378691,0.3931004036326941,0.1734064942874323,0.1030841121495327,0.1262764906116174
0.1601473922902494,0.1230141218005295,0.0537383177570091,0.8607940446650124,0.2270206022187004,0.1003066931264658,0.7233909341347358,0.6757833045307686,0.3913345105953582,0.1713018641010222,0.1015887850467289,0.1236411551553749
0.1663832199546485,0.1287511032656663,0.0579439252336448,0.8548387096774195,0.233755942947702,0.1058993324914306,0.7267718507387929,0.6790893380419265,0.3937941473259334,0.1744588093806374,0.1050467289719626,0.1277039639837487
0.1709183673469388,0.1328331862312445,0.0598130841121493,0.8506203473945411,0.2393026941362915,0.1095074869204401,0.7324067117455547,0.6838981140581561,0.3975782038345106,0.1790438965724594,0.1102803738317756,0.1339628856923246
0.1660997732426303,0.1275375110326566,0.0537383177570091,0.8555831265508685,0.2353407290015847,0.1040952552769259,0.7320310543451038,0.6829964685551131,0.3967583249243188,0.1779915814792543,0.1090654205607476,0.1325354123201932
0.1591553287981859,0.1216902030008826,0.0523364485981308,0.8620347394540944,0.226228209191759,0.0988634313548619,0.7257700976709242,0.6774363212863475,0.3931004036326941,0.1728051713770294,0.103644859813084,0.1256176567475568
0.1600056689342403,0.123234774933804,0.055607476635514,0.8606699751861043,0.2258320126782884,0.1008479162908171,0.7215126471324818,0.6748816590277256,0.3912714429868819,0.1707005411906193,0.1006542056074766,0.1230921269353244
0.1669501133786848,0.1299646954986761,0.0616822429906542,0.8539702233250621,0.2329635499207606,0.1075230019844849,0.7265214124718257,0.6790142009166729,0.3938572149344096,0.174383644016837,0.1045794392523364,0.1275941583397386
0.1699263038548752,0.1327228596646072,0.0630841121495325,0.8509925558312657,0.2369255150554675,0.1100487100847916,0.7322814926120711,0.6836727026823952,0.3970736629667002,0.178968731208659,0.1104672897196261,0.1335236631162841
0.1655328798185941,0.1277581641659312,0.0565420560747661,0.8558312655086848,0.2333597464342313,0.1046364784412772,0.7309040821437515,0.6822450973025772,0.3966952573158425,0.1774654239326518,0.1091588785046728,0.1324256066761831
0.1581632653061224,0.1219108561341571,0.0560747663551403,0.8622828784119106,0.2234548335974643,0.0997654699621143,0.7248935637365389,0.6774363212863475,0.3931004036326941,0.1733313289236319,0.1038317757009345,0.1264961018996376
0.1608560090702948,0.1235657546337157,0.0546728971962616,0.8601736972704715,0.2274167987321711,0.1010283240122676,0.7220135236664161,0.6755578931550079,0.3913345105953582,0.1716025255562236,0.1007476635514018,0.1235313495113649
0.1676587301587301,0.129523389232127,0.0570093457943923,0.8538461538461539,0.2361331220285261,0.1062601479343316,0.7266466316053093,0.6793147494176872,0.3939202825428859,0.1746843054720384,0.1043925233644859,0.1283627978478093
0.1709183673469388,0.1325022065313327,0.0588785046728973,0.8507444168734493,0.2396988906497623,0.1091466714775391,0.7315301778111696,0.6839732511834097,0.3970736629667002,0.1787432351172579,0.1100934579439252,0.1336334687602943
0.1655328798185941,0.1277581641659312,0.0565420560747661,0.8558312655086848,0.2333597464342313,0.1046364784412772,0.7305284247433007,0.6832970170561274,0.3966321897073662,0.177916416115454,0.1093457943925233,0.1320961897441528
0.1590136054421768,0.1221315092674315,0.0542056074766354,0.861786600496278,0.2254358161648177,0.0995850622406638,0.7252692211369897,0.6777368697873619,0.392406659939455,0.1731809981960312,0.1029906542056074,0.1266059075436477
0.1597222222222222,0.1221315092674315,0.0518691588785046,0.8614143920595534,0.2274167987321711,0.0992242467977629,0.7231404958677685,0.6767600871590653,0.3913345105953582,0.1718280216476247,0.1015887850467289,0.1239705720874052
0.1682256235827664,0.1300750220653133,0.0574766355140186,0.8533498759305213,0.2369255150554675,0.1068013710986829,0.7281492612071124,0.6805920805469982,0.3946770938446014,0.1759621166566446,0.1061682242990654,0.1297902712199407
0.1833900226757369,0.1419902912621359,0.0579439252336448,0.8399503722084368,0.2575277337559429,0.1167237957784593,0.740671174555472,0.6889323014501465,0.402749747729566,0.1861094407696933,0.1187850467289719,0.1423081146370923
0.1945861678004535,0.1547881729920564,0.0752336448598129,0.8277915632754344,0.2662440570522979,0.1304347826086956,0.749060856498873,0.696671425351266,0.4107593340060544,0.1953547805171377,0.1310280373831775,0.153837707258153
0.2006802721088435,0.1663724624889673,0.1042056074766355,0.8187344913151365,0.2622820919175911,0.1454086234890853,0.7533183070373153,0.7026072582462994,0.4170030272452067,0.2018190018039687,0.1392523364485981,0.1614142966948501
0.2174036281179138,0.1861209179170344,0.1322429906542057,0.8002481389578164,0.2737717908082409,0.1670575500631426,0.7625845229151014,0.7107972048989405,0.4253910191725529,0.211665664461816,0.1517757009345794,0.1708575820797189
0.2400793650793651,0.2093998234774933,0.1565420560747664,0.7771712158808934,0.2951664025356577,0.1908713692946058,0.7762334084648134,0.7233451048162897,0.4384460141271442,0.227300060132291,0.1710280373831775,0.1889755133413857
0.2575113378684807,0.2274933804060017,0.1761682242990652,0.7594292803970224,0.3114104595879556,0.2092729568825544,0.7930127723516154,0.7364941017356675,0.4495459132189707,0.2409801563439566,0.1881308411214953,0.206544416383002
0.26218820861678,0.2359885260370697,0.1962616822429907,0.752605459057072,0.3090332805071315,0.2202778278910337,0.8006511394941146,0.7449094597640694,0.4562310797174571,0.2488725195429945,0.1976635514018691,0.2155484791918304
0.2694160997732426,0.2416151809355693,0.1967289719626169,0.7462779156327545,0.3193343898573693,0.2249684286487461,0.8020285499624342,0.7445337741378015,0.4573032290615539,0.2501503307276007,0.1998130841121495,0.2163171186999011
0.2774943310657596,0.2496690203000883,0.2042056074766354,0.7382133995037222,0.3272583201267828,0.2329063683925671,0.8037816178312045,0.7469381621459162,0.4598259334006054,0.2527059530968129,0.2033644859813083,0.2197210936642143
0.2858560090702948,0.2598190644307149,0.2186915887850465,0.728908188585608,0.3328050713153724,0.2440916471224968,0.810167793638868,0.7540010519197535,0.4660696266397577,0.2605231509320505,0.2114018691588784,0.2291643790490831
0.2882653061224489,0.2611429832303619,0.216822429906542,0.7270471464019851,0.3367670364500792,0.2446328702868482,0.8144252441773102,0.7569313998046434,0.4680247225025227,0.2630036079374624,0.2143925233644859,0.2333369935214669
0.2806122448979592,0.2520962047661076,0.2032710280373829,0.735483870967742,0.332012678288431,0.234710445607072,0.8096669171049335,0.7521977609136674,0.4636099899091825,0.2581178592904389,0.2083177570093457,0.2259800153727901
0.2623299319727891,0.2358781994704325,0.194859813084112,0.752605459057072,0.3098256735340728,0.2199170124481327,0.7968945654896068,0.7425802088812081,0.4551589303733602,0.2475947083583884,0.1958878504672897,0.2124739211595476
0.2532596371882086,0.2249558693733451,0.1789719626168222,0.7627791563275435,0.3042789223454833,0.2078296951109507,0.7871274730778863,0.7335637538507777,0.447401614530777,0.2376728803367408,0.1837383177570093,0.2002854946744262
0.2482993197278911,0.2170123565754634,0.1616822429906541,0.7693548387096775,0.3042789223454833,0.1980876781526249,0.7826195842724768,0.7283792922082801,0.4426715438950554,0.2328622970535177,0.1777570093457944,0.1950148237619413
0.2372448979591836,0.2028905560458958,0.1383177570093459,0.7821339950372208,0.2987321711568937,0.1818509832220819,0.7762334084648134,0.7233451048162897,0.4368062563067608,0.2257215874924834,0.1688785046728971,0.1885362907653453
0.215702947845805,0.1799426301853486,0.1121495327102802,0.8044665012406949,0.2801109350237717,0.1582175717120693,0.765214124718257,0.7121496731535051,0.4257694248234106,0.2117408298256163,0.1518691588785046,0.1744811683320522
0.1945861678004535,0.1572153574580759,0.0855140186915887,0.8264267990074442,0.2618858954041204,0.1344037524806061,0.7470573503631355,0.697948756480577,0.4125882946518667,0.1959561034275405,0.1319626168224299,0.1546063467662237
0.1821145124716553,0.1407766990291262,0.0570093457943923,0.8411910669975187,0.2563391442155309,0.1154609417283059,0.7350363135487101,0.6861522278157638,0.401866801210898,0.1834786530366807,0.1161682242990654,0.1390139453167893
0.1730442176870748,0.1322815533980582,0.0509345794392522,0.85,0.2460380348652932,0.1073425942630344,0.73015276734285,0.68209482305207,0.3967583249243188,0.1773902585688515,0.1090654205607476,0.1330844405402437
0.171343537414966,0.132171226831421,0.0560747663551403,0.8507444168734493,0.2416798732171157,0.1082446328702868,0.7311545204107187,0.6834472913066345,0.3972628657921291,0.178141912206855,0.1095327102803738,0.1336334687602943
0.1666666666666666,0.1277581641659312,0.0528037383177571,0.855210918114144,0.2365293185419968,0.1039148475554753,0.7306536438767843,0.6823202344278307,0.3963168516649848,0.1774654239326518,0.1085981308411214,0.1316569671681124
0.1588718820861678,0.1219108561341571,0.0537383177570091,0.8620347394540944,0.225039619651347,0.0994046545192134,0.7250187828700225,0.6777368697873619,0.3927219979818365,0.1730306674684305,0.1027102803738317,0.1255078511035467
0.161281179138322,0.1226831421006178,0.0495327102803739,0.8604218362282879,0.2305863708399366,0.0992242467977629,0.7221387427998998,0.6759335787812758,0.3913345105953582,0.1709260372820204,0.1002803738317756,0.1238607664433951
0.1686507936507936,0.1284201235657546,0.0490654205607476,0.8540942928039702,0.2408874801901743,0.1037344398340248,0.7266466316053093,0.6793147494176872,0.3940464177598385,0.1745339747444378,0.1043925233644859,0.1285824091358296
0.1716269841269841,0.132171226831421,0.0551401869158878,0.8506203473945411,0.242472266244057,0.1080642251488363,0.7310293012772351,0.6834472913066345,0.397452068617558,0.1779915814792543,0.1089719626168224,0.1335236631162841
0.1663832199546485,0.1277581641659312,0.0537383177570091,0.8554590570719603,0.2357369255150554,0.1042756629983762,0.7319058352116202,0.6828461943046059,0.3966952573158425,0.1771647624774503,0.1094392523364485,0.1320961897441528
0.1600056689342403,0.1213592233009709,0.0476635514018689,0.861786600496278,0.2293977812995245,0.0977809850261591,0.7265214124718257,0.6778120069126156,0.3924697275479313,0.172504509921828,0.1033644859813084,0.1259470736795871
0.1609977324263038,0.1222418358340688,0.0481308411214952,0.8607940446650124,0.2305863708399366,0.0986830236334114,0.7230152767342849,0.6759335787812758,0.3908299697275479,0.1709260372820204,0.1009345794392523,0.1230921269353244
0.1669501133786848,0.1286407766990291,0.055607476635514,0.8545905707196031,0.2357369255150554,0.1053581093270792,0.7267718507387929,0.6793898865429409,0.3937941473259334,0.1750601322910402,0.1048598130841121,0.1290216317118699
0.1709183673469388,0.1313989408649603,0.0542056074766354,0.8513647642679901,0.2416798732171157,0.1071621865415839,0.7330328074129727,0.6832218799308738,0.3971367305751765,0.1785177390258568,0.1097196261682243,0.134511913912375
0.1660997732426303,0.1273168578993821,0.0523364485981308,0.8557071960297767,0.2361331220285261,0.1035540321125743,0.7317806160781366,0.6824705086783379,0.3969475277497477,0.1780667468430547,0.1095327102803738,0.1337432744043043
0.1595804988662131,0.1220211827007943,0.0518691588785046,0.8615384615384617,0.2270206022187004,0.0990438390763124,0.7250187828700225,0.6776617326621084,0.3930373360242179,0.1732561635598316,0.1033644859813084,0.1261666849676073
0.161281179138322,0.1231244483671668,0.0504672897196259,0.8602977667493797,0.2297939778129952,0.0997654699621143,0.7221387427998998,0.6758584416560222,0.390640766902119,0.170625375826819,0.1011214953271028,0.1227627100032941
0.1672335600907029,0.1288614298323036,0.055607476635514,0.8544665012406948,0.2361331220285261,0.1053581093270792,0.7257700976709242,0.6796904350439552,0.3936049445005045,0.1740078171978352,0.1046728971962616,0.1277039639837487
0.1709183673469388,0.1323918799646954,0.0588785046728973,0.8508684863523573,0.2400950871632329,0.1089662637560886,0.7310293012772351,0.6836727026823952,0.3971367305751765,0.1780667468430547,0.1095327102803738,0.1337432744043043
0.1658163265306122,0.1284201235657546,0.058411214953271,0.8553349875930522,0.2329635499207606,0.1055385170485296,0.7315301778111696,0.6827710571793524,0.3969475277497477,0.1776909200240529,0.1085981308411214,0.1333040518282639
0.1600056689342403,0.1224624889673433,0.0523364485981308,0.861166253101737,0.2274167987321711,0.0995850622406638,0.724517906336088,0.6780374182883763,0.3925958627648839,0.1726548406494287,0.1029906542056074,0.1259470736795871
0.1571712018140589,0.1166151809355692,0.0369158878504673,0.8656327543424319,0.2301901743264658,0.0918275302182933,0.721763085399449,0.6754076189045006,0.3881811301715438,0.1698737221888153,0.0970093457943925,0.1174920390908092
0.1405895691609977,0.1009488084730803,0.0252336448598131,0.8817617866004964,0.2115689381933438,0.0768536893379037,0.7202604557976457,0.6700728830114959,0.3777749747729566,0.1622068550811786,0.0794392523364486,0.0987152739650818
0.0804988662131519,0.0588040600176522,0.044859813084112,0.9317617866004964,0.1196513470681457,0.0461843766913224,0.7126220886551465,0.6533924412051995,0.3585393541876892,0.1328171978352375,0.0497196261682243,0.0605029098495662
0.0204081632653061,0.0127978817299205,0.0485981308411214,0.9838709677419356,0.0336767036450079,0.0092007937939743,0.7187578261958426,0.6427981065444436,0.3512235116044399,0.107711966325917,0.015233644859813,0.0186669594817173
0.0128968253968253,0.0068402471315092,0.0476635514018689,0.9905707196029776,0.0237717908082409,0.0041493775933609,0.7668419734535437,0.6747313847772184,0.3995963673057517,0.136049308478653,0.0129906542056074,0.0117492039090809
0.1108276643990929,0.0924536628420123,0.0873831775700932,0.8996277915632755,0.1438193343898573,0.0817246978170666,0.8407212622088654,0.7511458411601172,0.5181634712411706,0.2469933854479855,0.0931775700934579,0.0943230482046777
0.2746598639455782,0.2514342453662842,0.2205607476635514,0.7384615384615385,0.3161648177496038,0.2375969691502795,0.9098422238918108,0.8436396423472837,0.6708501513622603,0.4331779915814792,0.2667289719626167,0.2529922037992753
0.4897959183673469,0.4625992939099735,0.4056074766355139,0.5255583126550869,0.5388272583201268,0.4457874797041313,0.967443025294265,0.9331279585243069,0.8152119071644802,0.6363499699338545,0.4841121495327102,0.4637092346546612
0.6972789115646258,0.6840247131509268,0.6593457943925232,0.3101736972704714,0.7210776545166402,0.6759877322749412,0.9982469321312296,0.9926365617251484,0.9485998990918264,0.8496692723992784,0.721588785046729,0.6873833315032393
0.8935657596371882,0.8884598411297443,0.8780373831775697,0.1093052109181141,0.9029318541996828,0.885260689157496,0.9511645379413972,0.9691186415207752,0.9943869828456104,0.9852675886951292,0.9286915887850464,0.8909629954979686
0.9893707482993198,0.9902912621359226,0.9934579439252336,0.0101736972704715,0.9877179080824088,0.9907992062060256,0.7897570748810419,0.8343977759410924,0.8814328960645812,0.9463319302465424,0.9879439252336448,0.9887998243109696
0.9305555555555556,0.9299426301853486,0.9317757009345792,0.06985111662531,0.931458003169572,0.9296409886343135,0.5519659403956924,0.6158238785784056,0.64656912209889,0.7786380036079374,0.8784112149532709,0.928845942681454
0.7722505668934241,0.7612533097969992,0.739252336448598,0.2339950372208437,0.7919968304278922,0.7544650911058991,0.301152016028049,0.347058381546322,0.3801084762865792,0.5556975345760673,0.6941121495327102,0.7651257274623916
0.5705782312925171,0.5493159752868492,0.5065420560747662,0.4414392059553351,0.6089540412044373,0.5363521558722713,0.0842724768344603,0.1007588849650612,0.1286579212916246,0.3240378833433553,0.4565420560747663,0.5568244207752279
0.3578514739229025,0.3248014121800529,0.2570093457943925,0.6607940446650125,0.4171949286846276,0.304528233808407,0.0022539444027047,0.0012773311293109,0.0050454086781029,0.1254509921828021,0.2315887850467289,0.3299659602503568
0.203656462585034,0.1611871138570167,0.0724299065420559,0.8202233250620349,0.2801109350237717,0.135125383366408,0.1115702479338842,0.075287399504095,0.0362638748738647,0.0133042693926638,0.0916822429906542,0.1639398265070824
0.133219954648526,0.0913503971756398,0.0088785046728971,0.8904466501240695,0.2083993660855784,0.0656684106079739,0.3040320560981717,0.2443459313246674,0.1414606458123108,0.0078171978352375,0.03803738317757,0.0928955748325464
0.0916950113378684,0.0621138570167696,0.0219626168224299,0.925062034739454,0.1450079239302694,0.0443802994768175,0.4848484848484848,0.413780148771508,0.2510090817356205,0.051262778111846,0.0309345794392523,0.0655539694740309
0.0833333333333333,0.0595763459841129,0.039252336448598,0.9300248138957816,0.125594294770206,0.0456431535269709,0.6064362634610568,0.5415132617026073,0.3216448032290615,0.1037282020444979,0.0408411214953271,0.0658833864060612
0.1203231292517006,0.0819726390114739,0.0116822429906541,0.9013647642679902,0.188985736925515,0.0586325094714053,0.6726771850738793,0.6168757983319558,0.359611503531786,0.1377781118460613,0.0621495327102803,0.0864170418359503
0.1534863945578231,0.1107678729037952,0.0242990654205607,0.8705955334987594,0.2301901743264658,0.0846112213602741,0.7107438016528925,0.6592531369749793,0.3813698284561049,0.1603277209861695,0.0860747663551401,0.1117821456022839
0.1680839002267573,0.1285304501323919,0.0514018691588784,0.8542183622828785,0.2393026941362915,0.1042756629983762,0.7256448785374405,0.6778120069126156,0.3927850655903128,0.1734816596512327,0.1025233644859813,0.1268255188316679
0.1719104308390022,0.1328331862312445,0.0570093457943923,0.8501240694789083,0.2420760697305863,0.1089662637560886,0.731404958677686,0.683747839807649,0.397452068617558,0.1784425736620565,0.1094392523364485,0.1330844405402437
0.1662414965986394,0.1279788172992056,0.0551401869158878,0.8553349875930522,0.2349445324881141,0.1046364784412772,0.7320310543451038,0.6827710571793524,0.3966952573158425,0.177916416115454,0.1086915887850467,0.1324256066761831
0.1601473922902494,0.1224624889673433,0.0518691588785046,0.861166253101737,0.2278129952456418,0.0994046545192134,0.7250187828700225,0.6779622811631226,0.3923435923309787,0.1728803367408298,0.1030841121495327,0.1262764906116174
0.161281179138322,0.1229037952338922,0.0500000000000001,0.8602977667493797,0.2301901743264658,0.0995850622406638,0.7215126471324818,0.6759335787812758,0.3908299697275479,0.1707005411906193,0.1006542056074766,0.1230921269353244
0.1679421768707482,0.1290820829655781,0.0542056074766354,0.8539702233250621,0.2377179080824089,0.1053581093270792,0.7261457550713748,0.6797655721692087,0.3938572149344096,0.1743084786530366,0.1046728971962616,0.128033380915779
0.1712018140589569,0.1313989408649603,0.0532710280373833,0.8512406947890819,0.2428684627575277,0.1071621865415839,0.7320310543451038,0.6836727026823952,0.397452068617558,0.178968731208659,0.109626168224299,0.1344021082683649
0.1672335600907029,0.1280891438658428,0.0528037383177571,0.8548387096774195,0.2373217115689381,0.1042756629983762,0.7306536438767843,0.6825456458035914,0.3963799192734611,0.1782170775706554,0.1086915887850467,0.1328648292522235
0.1601473922902494,0.1219108561341571,0.0495327102803739,0.8614143920595534,0.2286053882725832,0.0985026159119609,0.7253944402704733,0.6774363212863475,0.3923435923309787,0.1728803367408298,0.1027102803738317,0.1266059075436477
0.1609977324263038,0.1233451015004413,0.0532710280373833,0.8602977667493797,0.2282091917591124,0.1004871008479163,0.722389181066867,0.675332481779247,0.3907669021190716,0.170625375826819,0.1005607476635514,0.123750960799385
0.1680839002267573,0.1293027360988526,0.0546728971962616,0.8538461538461539,0.2377179080824089,0.1057189247699801,0.7265214124718257,0.6789390637914193,0.3937310797174571,0.174383644016837,0.1048598130841121,0.1286922147798396
0.1712018140589569,0.131729920564872,0.0542056074766354,0.8509925558312657,0.242472266244057,0.1075230019844849,0.7312797395442023,0.6834472913066345,0.3973259334006054,0.1785177390258568,0.1095327102803738,0.1350609421324256
0.1660997732426303,0.1274271844660194,0.0532710280373833,0.8557071960297767,0.2353407290015847,0.1039148475554753,0.730778863010268,0.6824705086783379,0.3965691220988899,0.1784425736620565,0.1085046728971962,0.1336334687602943
0.1602891156462584,0.1216902030008826,0.0481308411214952,0.8614143920595534,0.2293977812995245,0.0981418004690601,0.7243926872026045,0.6770606356600796,0.391965186680121,0.1729555021046302,0.102803738317757,0.1260568793235972
0.161422902494331,0.123234774933804,0.0509345794392522,0.8601736972704715,0.2297939778129952,0.0999458776835648,0.7216378662659654,0.6754827560297544,0.391082240161453,0.1714521948286229,0.1008411214953271,0.1242999890194356
0.167517006802721,0.1300750220653133,0.0593457943925235,0.8535980148883375,0.2349445324881141,0.1071621865415839,0.7262709742048584,0.6793147494176872,0.3942356205852674,0.1748346361996392,0.1051401869158878,0.1285824091358296
0.1712018140589569,0.1329435127978817,0.0598130841121493,0.8503722084367246,0.2396988906497623,0.1095074869204401,0.7325319308790382,0.6834472913066345,0.3973259334006054,0.178968731208659,0.1094392523364485,0.133413857472274
0.1668083900226757,0.1285304501323919,0.0551401869158878,0.8547146401985113,0.2357369255150554,0.1051777016056287,0.730778863010268,0.6827710571793524,0.3965691220988899,0.1777660853878532,0.1085981308411214,0.1328648292522235
0.1600056689342403,0.1218005295675198,0.0495327102803739,0.8615384615384617,0.2286053882725832,0.0985026159119609,0.7237665915351865,0.6776617326621084,0.3922174571140262,0.172504509921828,0.1022429906542056,0.1261666849676073
0.1605725623582766,0.1227934686672551,0.0518691588785046,0.8607940446650124,0.2282091917591124,0.0997654699621143,0.7220135236664161,0.6754076189045006,0.3908930373360242,0.170625375826819,0.1005607476635514,0.1239705720874052
0.167375283446712,0.129523389232127,0.0579439252336448,0.8539702233250621,0.2353407290015847,0.1064405556557821,0.7253944402704733,0.6793898865429409,0.3941094853683148,0.1748346361996392,0.1042990654205607,0.1289118260678599
0.171343537414966,0.1325022065313327,0.0570093457943923,0.8506203473945411,0.2412836767036449,0.1086054483131878,0.7316553969446532,0.6835224284318882,0.3973890010090817,0.1785929043896572,0.1095327102803738,0.1352805534204458
0.1662414965986394,0.1277581641659312,0.0546728971962616,0.8554590570719603,0.2349445324881141,0.1044560707198267,0.7311545204107187,0.6830716056803666,0.3965691220988899,0.1776909200240529,0.1089719626168224,0.1344021082683649
0.159438775510204,0.1216902030008826,0.0509345794392522,0.861786600496278,0.2274167987321711,0.0986830236334114,0.7250187828700225,0.6778120069126156,0.3927219979818365,0.172730006013229,0.1037383177570093,0.1278137696277588
0.1607142857142857,0.1229037952338922,0.0518691588785046,0.860545905707196,0.2286053882725832,0.0999458776835648,0.722389181066867,0.6756330302802614,0.3907669021190716,0.1710012026458208,0.1010280373831775,0.1241901833754254
0.1669501133786848,0.1284201235657546,0.0542056074766354,0.8547146401985113,0.2365293185419968,0.1048168861627277,0.726396193338342,0.6793147494176872,0.3934788092835519,0.1750601322910402,0.1044859813084112,0.1290216317118699
0.1706349206349206,0.1316195939982347,0.0560747663551403,0.8513647642679901,0.2404912836767035,0.1077034097059354,0.7312797395442023,0.6840483883086633,0.3971997981836528,0.1788935658448587,0.1098130841121495,0.1337432744043043
0.1652494331065759,0.1280891438658428,0.0588785046728973,0.8557071960297767,0.2317749603803486,0.1053581093270792,0.731404958677686,0.6829213314298594,0.3968844601412714,0.1776909200240529,0.1085981308411214,0.1327550236082134
0.1595804988662131,0.1222418358340688,0.0528037383177571,0.8615384615384617,0.2266244057052298,0.0994046545192134,0.7257700976709242,0.6785633781651514,0.3931634712411704,0.1729555021046302,0.1031775700934579,0.1266059075436477
0.1658163265306122,0.1264342453662842,0.0495327102803739,0.8563275434243177,0.2369255150554675,0.102291178062421,0.7243926872026045,0.6803666691712374,0.3967583249243188,0.1768641010222489,0.1043925233644859,0.1272647414077083
0.1879251700680272,0.144748455428067,0.0546728971962616,0.8364764267990075,0.2654516640253566,0.1181670575500631,0.7366641622839969,0.6935908032158689,0.4144172552976791,0.1955802766085388,0.1199999999999999,0.1426375315691226
0.2062074829931972,0.1622903795233892,0.0686915887850465,0.8186104218362283,0.28486529318542,0.1353057910878585,0.7516904583020285,0.7086182282665865,0.4364909182643793,0.218129885748647,0.1405607476635514,0.1605358515427693
0.2183956916099773,0.1745366284201236,0.080373831775701,0.8063275434243177,0.2971473851030111,0.147573516146491,0.759328825444528,0.7199639341798783,0.4544651866801211,0.2349669272399278,0.1528971962616822,0.1718458328758098
0.2271825396825397,0.1853486319505737,0.0971962616822429,0.7964019851116626,0.3022979397781299,0.159660833483673,0.7630853994490358,0.7285295664587872,0.469853683148335,0.2498496692723992,0.1628971962616822,0.1777753376523553
0.2488662131519274,0.2049867608120036,0.108878504672897,0.7758064516129033,0.3276545166402536,0.1780624210716218,0.7700976709241172,0.7394995867458111,0.4878279515640766,0.2684906794948887,0.1757943925233644,0.188206873833315
0.2704081632653061,0.2268314210061782,0.130841121495327,0.7542183622828785,0.3486529318541996,0.2000721630885801,0.7851239669421487,0.7558794800510932,0.5109106962663975,0.2909651232711966,0.1953271028037382,0.2072032502470626
0.2925170068027211,0.2471315092674316,0.1434579439252336,0.7331265508684864,0.3740095087163232,0.2191953815623308,0.8016528925619835,0.7739123901119542,0.5346241170534812,0.3150932050511124,0.2147663551401869,0.226968266168881
0.3058390022675736,0.2597087378640777,0.1523364485981307,0.7200992555831266,0.3886687797147385,0.2311022911780624,0.8116704232406712,0.7865354271545569,0.5536705348133198,0.3333583884546001,0.2298130841121495,0.2402547490941034
0.3159013605442177,0.2710723742277141,0.1677570093457943,0.7094292803970224,0.3965927099841521,0.2433700162366948,0.8150513398447283,0.7948756480577052,0.5681760847628657,0.347714972940469,0.2387850467289719,0.24739211595476
0.3307823129251701,0.2878420123565755,0.1897196261682243,0.693424317617866,0.4080824088748019,0.2612303806602922,0.8205609817180065,0.8035915545871214,0.5848259334006054,0.3632742032471437,0.2497196261682242,0.2554079279674975
0.3541666666666667,0.3094660194174757,0.2042056074766354,0.6710918114143921,0.4342313787638668,0.2817968609056467,0.8329576759328825,0.8180930197610639,0.6050075681130171,0.384170174383644,0.2677570093457944,0.2723179971450532
0.3732993197278911,0.3255736981465136,0.2093457943925231,0.6535980148883376,0.4587955625990491,0.2960490709002345,0.8483596293513649,0.8334209933127958,0.6242431886982845,0.4042393265183403,0.2853271028037383,0.289337871966619
0.3806689342403628,0.333296557811121,0.2177570093457944,0.646029776674938,0.4659270998415213,0.303806602922605,0.8541197094916103,0.8431888195957623,0.6377396569122098,0.4182952495490078,0.2959813084112149,0.2980125178434171
0.3861961451247165,0.3380406001765225,0.2191588785046727,0.6409429280397023,0.472662440570523,0.3081363882374166,0.8537440520911594,0.8462694417311594,0.647010595358224,0.4255111244738424,0.3004672897196261,0.2983419347754474
0.3955498866213152,0.3483009708737865,0.2327102803738318,0.6310173697270473,0.4801901743264659,0.3191412592458956,0.8575006260956674,0.8511533548726425,0.6566599394550958,0.43543295249549,0.3063551401869158,0.3052596903480838
0.4121315192743764,0.3649602824360106,0.2481308411214954,0.6143920595533499,0.4968304278922344,0.3357387696193397,0.8671424993739043,0.860921181155609,0.6689581231079716,0.449188214070956,0.3181308411214952,0.3171186999011749
0.421343537414966,0.3731244483671668,0.2523364485981306,0.6058312655086849,0.5079239302694136,0.3431354861988093,0.87778612572001,0.8697122248102787,0.6801210898082743,0.4605381840048105,0.329626168224299,0.3288679038102558
0.4179421768707483,0.3730141218005295,0.2626168224299064,0.6073200992555832,0.498811410459588,0.3451199711347645,0.8772852491860756,0.8714403786911112,0.6854187689202824,0.4648226097414311,0.3321495327102803,0.3313934336224882
0.4129818594104308,0.3684907325684025,0.2602803738317757,0.6121588089330026,0.4928684627575276,0.3409705935414036,0.8707738542449286,0.8681343451799534,0.6839051463168515,0.461891160553217,0.3290654205607476,0.3256835401339628
0.4152494331065759,0.3688217122683142,0.2542056074766355,0.6109181141439207,0.498811410459588,0.340068554934151,0.8672677185073879,0.8667818769253889,0.6822023208879918,0.459786530366807,0.3258878504672897,0.3222795651696497
0.4206349206349207,0.3746690203000882,0.2612149532710278,0.6053349875930522,0.5031695721077654,0.3460220097420168,0.8715251690458301,0.8690359906829964,0.6837159434914227,0.4621166566446181,0.3291588785046728,0.3263423739980234
0.4230442176870748,0.3753309796999117,0.2560747663551401,0.6038461538461538,0.508716323296355,0.345661194299116,0.8781617831204608,0.8718160643173791,0.6830221997981836,0.4626428141912206,0.3315887850467289,0.3309542110464477
0.4158163265306122,0.3674977934686673,0.2467289719626167,0.6114143920595534,0.502377179080824,0.337362439112394,0.8744052091159529,0.8667818769253889,0.6755171543895054,0.45625375826819,0.3259813084112149,0.3244756780498517
0.3986678004535147,0.3533759929390997,0.2434579439252334,0.626923076923077,0.4797939778129951,0.3252751217752119,0.864137240170298,0.8558869937636185,0.6634712411705347,0.4430246542393265,0.3123364485981308,0.3110793894806193
0.3897392290249433,0.343667255075022,0.2317757009345793,0.6362282878411911,0.4722662440570522,0.3151722893739852,0.8547458051590282,0.8470208129836951,0.6513622603430878,0.428968731208659,0.3026168224299065,0.2999890194355989
0.3876133786848073,0.339585172109444,0.2214953271028035,0.639454094292804,0.473851030110935,0.3097600577304708,0.8513648885549712,0.8434893680967765,0.6417759838546923,0.42085087191822,0.296448598130841,0.2963654331832656
0.3795351473922902,0.3314210061782877,0.2135514018691588,0.6476426799007444,0.4659270998415213,0.3014613025437488,0.8504883546205859,0.8382297693290255,0.6316851664984864,0.4119813589897775,0.2904672897196261,0.2942791259470736
0.360827664399093,0.3139894086496028,0.2014018691588784,0.6656327543424319,0.4449286846275752,0.2848637921703048,0.8425995492111195,0.8264332406642121,0.6161074672048436,0.3953698135898977,0.2780373831775701,0.2826397276820028
0.3378684807256236,0.2935789938217123,0.1911214953271026,0.6870967741935485,0.4171949286846276,0.2662817968609056,0.8278236914600551,0.8108047186114659,0.5953582240161452,0.3750751653638003,0.259626168224299,0.2643021851323158
0.3218537414965987,0.2796778464254192,0.1845794392523365,0.7018610421836229,0.3973851030110935,0.2536532563593722,0.8163035311795642,0.7986325043203846,0.5756180625630675,0.3556825015033072,0.2437383177570093,0.2502470626990227
0.3130668934240363,0.2697484554280671,0.1714953271028037,0.7114143920595535,0.3910459587955626,0.2430092007937939,0.8117956423741548,0.7894657750394469,0.5595358224016145,0.3398226097414311,0.2332710280373831,0.2423410563302953
0.2998866213151927,0.2555163283318623,0.1546728971962615,0.7251861042183624,0.3795562599049128,0.2280353599134042,0.8067868770348109,0.7806747313847772,0.5452194752774974,0.3255411906193626,0.2228971962616822,0.2356429120456791
0.278344671201814,0.2332303618711385,0.1313084112149532,0.7470223325062035,0.3593502377179081,0.2054843947320945,0.7956423741547708,0.7660981290855812,0.5240287588294651,0.3044948887552616,0.2063551401869158,0.2210387613923355
0.2570861678004535,0.2122683142100617,0.1126168224299064,0.7682382133995038,0.3375594294770205,0.1847375067652895,0.7789882294014525,0.7485160417762415,0.5002522704339051,0.2802916416115454,0.185233644859813,0.200065883386406
0.239937641723356,0.1961606354810238,0.1009345794392523,0.7847394540942928,0.3185419968304279,0.1692224427205483,0.766090658652642,0.7337891652265384,0.4786831483350151,0.25834335538184,0.1685981308411215,0.1832656198528604
0.227891156462585,0.1847969991173875,0.0925233644859814,0.7964019851116626,0.3054675118858954,0.1582175717120693,0.7592036063110443,0.7228191449395145,0.4609611503531786,0.2409049909801563,0.1564485981308411,0.1739321401120017
0.2165532879818593,0.1728817299205648,0.0794392523364486,0.8080645161290323,0.2951664025356577,0.1459498466534367,0.7548209366391184,0.7141783755353519,0.4456357214934409,0.2269242333132892,0.1470093457943925,0.1673438014713956
0.1950113378684807,0.1518093556928508,0.061214953271028,0.8292803970223326,0.2725832012678288,0.1253833664080823,0.7448034059604307,0.7020061612442707,0.4268415741675075,0.2079073962717979,0.1302803738317756,0.152739650818052
0.1707766439909297,0.1311782877316858,0.0537383177570091,0.8516129032258065,0.2420760697305863,0.1069817788201334,0.7287753568745304,0.6863025020662709,0.4046417759838546,0.1861846061334937,0.1114018691588785,0.1341824969803448
0.1602891156462584,0.1242277140335393,0.0593457943925235,0.8600496277915635,0.2246434231378763,0.1024715857838715,0.721136989732031,0.6765346757833044,0.3922174571140262,0.1729555021046302,0.1006542056074766,0.1251784341715164
0.1665249433106576,0.1297440423654016,0.0616822429906542,0.8542183622828785,0.23256735340729,0.1073425942630344,0.7256448785374405,0.6788639266661658,0.3937310797174571,0.1745339747444378,0.1038317757009345,0.1285824091358296
0.1710600907029478,0.132171226831421,0.0570093457943923,0.8508684863523573,0.2408874801901743,0.1084250405917373,0.7309040821437515,0.6830716056803666,0.3973890010090817,0.178968731208659,0.1098130841121495,0.1341824969803448
0.1668083900226757,0.1276478375992939,0.0518691588785046,0.8553349875930522,0.2369255150554675,0.1037344398340248,0.7317806160781366,0.6823953715530843,0.3973890010090817,0.1783674082982561,0.1086915887850467,0.1339628856923246
0.159438775510204,0.1224624889673433,0.0542056074766354,0.8614143920595534,0.2258320126782884,0.0999458776835648,0.7248935637365389,0.6776617326621084,0.3927219979818365,0.1731058328322309,0.1035514018691588,0.1267157131876578
0.1590136054421768,0.123234774933804,0.0588785046728973,0.861166253101737,0.2234548335974643,0.1013891394551686,0.7213874279989982,0.675332481779247,0.3908299697275479,0.1713770294648226,0.1007476635514018,0.1239705720874052
0.1660997732426303,0.1291924095322154,0.0607476635514018,0.8547146401985113,0.23256735340729,0.1068013710986829,0.7257700976709242,0.6789390637914193,0.3939833501513622,0.1749098015634395,0.1043925233644859,0.1290216317118699
0.1712018140589569,0.132171226831421,0.0565420560747661,0.8508684863523573,0.2412836767036449,0.1082446328702868,0.7310293012772351,0.683372154181381,0.3973259334006054,0.1788935658448587,0.1104672897196261,0.1350609421324256
0.1669501133786848,0.1277581641659312,0.0514018691588784,0.855210918114144,0.2373217115689381,0.1037344398340248,0.7296518908089156,0.682620782928845,0.396127648839556,0.1771647624774503,0.1083177570093457,0.1333040518282639
0.1601473922902494,0.1222418358340688,0.0509345794392522,0.8612903225806452,0.2282091917591124,0.0992242467977629,0.7246431254695717,0.6774363212863475,0.3921543895055499,0.1722790138304269,0.1015887850467289,0.1268255188316679
0.1598639455782312,0.1233451015004413,0.0560747663551403,0.8607940446650124,0.2254358161648177,0.1010283240122676,0.7212622088655146,0.6758584416560222,0.3908299697275479,0.170625375826819,0.0998130841121495,0.1244097946634456
0.1668083900226757,0.1296337157987643,0.0602803738317755,0.8540942928039702,0.233755942947702,0.1069817788201334,0.7257700976709242,0.6793898865429409,0.3935418768920282,0.1746843054720384,0.105233644859813,0.1295706599319205
0.1702097505668934,0.1327228596646072,0.0621495327102805,0.8508684863523573,0.2377179080824089,0.1098683023633411,0.7311545204107187,0.6831467428056202,0.3970736629667002,0.1788935658448587,0.1098130841121495,0.1348413308444054
0.1649659863945578,0.1278684907325684,0.0588785046728973,0.8559553349875932,0.2317749603803486,0.1051777016056287,0.7309040821437515,0.6824705086783379,0.3969475277497477,0.1777660853878532,0.1091588785046728,0.1340726913363346
0.1588718820861678,0.122352162400706,0.055607476635514,0.8616625310173698,0.2246434231378763,0.1001262854050153,0.7250187828700225,0.6777368697873619,0.3929742684157417,0.1733313289236319,0.1030841121495327,0.1266059075436477
0.1604308390022675,0.123234774933804,0.0542056074766354,0.860545905707196,0.2270206022187004,0.1006675085693668,0.7218883045329325,0.6754076189045006,0.3905776992936428,0.1710012026458208,0.1004672897196261,0.1239705720874052
0.1669501133786848,0.1291924095322154,0.058411214953271,0.8543424317617866,0.2345483359746434,0.1062601479343316,0.7260205359378912,0.6790893380419265,0.3933526740665993,0.1744588093806374,0.1042056074766355,0.1288020204238497
0.1703514739229024,0.1325022065313327,0.0607476635514018,0.8509925558312657,0.2385103011093502,0.1093270791989896,0.7325319308790382,0.6835224284318882,0.3970105953582239,0.178968731208659,0.1090654205607476,0.1350609421324256
0.1649659863945578,0.1277581641659312,0.058411214953271,0.8559553349875932,0.2317749603803486,0.1051777016056287,0.7320310543451038,0.682620782928845,0.3964429868819373,0.1780667468430547,0.1088785046728971,0.1338530800483144
0.1584467120181405,0.1222418358340688,0.0560747663551403,0.8619106699751862,0.2234548335974643,0.1001262854050153,0.7260205359378912,0.6778871440378691,0.3920913218970736,0.1730306674684305,0.1031775700934579,0.1268255188316679
0.1591553287981859,0.1231244483671668,0.0579439252336448,0.861166253101737,0.223851030110935,0.1012087317337181,0.7236413724017029,0.6763092644075437,0.3907669021190716,0.1717528562838244,0.1008411214953271,0.1248490172394861
0.1668083900226757,0.1293027360988526,0.0588785046728973,0.8543424317617866,0.2341521394611727,0.1064405556557821,0.7261457550713748,0.6798407092944624,0.3934788092835519,0.1749098015634395,0.1047663551401869,0.1295706599319205
0.1709183673469388,0.1323918799646954,0.058411214953271,0.8508684863523573,0.2400950871632329,0.1087858560346383,0.7311545204107187,0.6835224284318882,0.3968213925327951,0.1787432351172579,0.1094392523364485,0.1351707477764357
0.167375283446712,0.1281994704324801,0.0523364485981308,0.8547146401985113,0.2377179080824089,0.1042756629983762,0.7320310543451038,0.6823202344278307,0.3970105953582239,0.1780667468430547,0.1089719626168224,0.1342923026243549
0.1600056689342403,0.1231244483671668,0.055607476635514,0.8607940446650124,0.2258320126782884,0.1008479162908171,0.7255196594039569,0.6779622811631226,0.3928481331987891,0.1731058328322309,0.1034579439252336,0.1274843526957285
0.1608560090702948,0.1240070609002648,0.0560747663551403,0.859925558312655,0.2270206022187004,0.1015695471766191,0.7227648384673178,0.6761589901570365,0.3907669021190716,0.1713018641010222,0.1005607476635514,0.1246294059514659
0.1679421768707482,0.1311782877316858,0.0630841121495325,0.8528535980148884,0.233755942947702,0.1087858560346383,0.7261457550713748,0.6797655721692087,0.3937941473259334,0.1745339747444378,0.1044859813084112,0.1290216317118699
0.1709183673469388,0.1336054721977052,0.0630841121495325,0.8501240694789083,0.2381141045958795,0.1107703409705935,0.7317806160781366,0.6835975655571417,0.3975782038345106,0.1788184004810583,0.1091588785046728,0.1350609421324256
0.1663832199546485,0.1280891438658428,0.0551401869158878,0.855210918114144,0.2349445324881141,0.1046364784412772,0.7311545204107187,0.6827710571793524,0.3966952573158425,0.177916416115454,0.1085981308411214,0.1341824969803448
0.1597222222222222,0.1220211827007943,0.0514018691588784,0.8615384615384617,0.2274167987321711,0.0990438390763124,0.7267718507387929,0.6776617326621084,0.3922174571140262,0.1734816596512327,0.1038317757009345,0.1277039639837487
0.1607142857142857,0.1231244483671668,0.0532710280373833,0.860545905707196,0.2278129952456418,0.1003066931264658,0.7233909341347358,0.675332481779247,0.3905776992936428,0.1713770294648226,0.1009345794392523,0.1239705720874052
0.1680839002267573,0.1290820829655781,0.0532710280373833,0.8538461538461539,0.2385103011093502,0.1051777016056287,0.7273979464062108,0.6793147494176872,0.3938572149344096,0.174383644016837,0.1051401869158878,0.1286922147798396
0.1720521541950113,0.1327228596646072,0.0560747663551403,0.8501240694789083,0.242472266244057,0.1086054483131878,0.7316553969446532,0.6835224284318882,0.3970736629667002,0.1785929043896572,0.11,0.1348413308444054
0.1665249433106576,0.1283097969991174,0.055607476635514,0.8549627791563276,0.2349445324881141,0.1049972938841782,0.7317806160781366,0.6832970170561274,0.3965060544904136,0.178141912206855,0.1098130841121495,0.1335236631162841
0.1607142857142857,0.1229037952338922,0.0518691588785046,0.8606699751861043,0.2286053882725832,0.0997654699621143,0.7268970698722764,0.678638515290405,0.3929742684157417,0.1732561635598316,0.103644859813084,0.1277039639837487
0.1605725623582766,0.1229037952338922,0.0523364485981308,0.8606699751861043,0.2282091917591124,0.0999458776835648,0.7238918106686701,0.6764595386580509,0.3912083753784056,0.17085087191822,0.101214953271028,0.1250686285275062
0.1678004535147392,0.1284201235657546,0.0518691588785046,0.8543424317617866,0.2385103011093502,0.1042756629983762,0.7268970698722764,0.6797655721692087,0.3937941473259334,0.1746843054720384,0.1055140186915887,0.1306687163720215
0.171343537414966,0.132171226831421,0.0560747663551403,0.8507444168734493,0.2416798732171157,0.1082446328702868,0.7332832456799399,0.6841986625591704,0.3975782038345106,0.1790438965724594,0.110841121495327,0.1362688042165367
0.1658163265306122,0.1280891438658428,0.0570093457943923,0.8554590570719603,0.233755942947702,0.1051777016056287,0.7322814926120711,0.6828461943046059,0.3965691220988899,0.1779915814792543,0.1092523364485981,0.1337432744043043
0.1598639455782312,0.1220211827007943,0.0509345794392522,0.8614143920595534,0.2278129952456418,0.0988634313548619,0.725144002003506,0.6780374182883763,0.3926589303733602,0.1731809981960312,0.1034579439252336,0.1268255188316679
0.1605725623582766,0.1220211827007943,0.0485981308411214,0.861166253101737,0.2297939778129952,0.0985026159119609,0.7226396193338342,0.6758584416560222,0.391082240161453,0.1714521948286229,0.1008411214953271,0.1246294059514659
0.1678004535147392,0.1283097969991174,0.0518691588785046,0.8544665012406948,0.2385103011093502,0.1042756629983762,0.7266466316053093,0.6792396122924336,0.3937310797174571,0.1747594708358388,0.1042990654205607,0.1288020204238497
0.1712018140589569,0.1318402471315092,0.0551401869158878,0.8509925558312657,0.2420760697305863,0.1077034097059354,0.7327823691460055,0.6835975655571417,0.3973259334006054,0.1786680697534576,0.1093457943925233,0.1348413308444054
0.1658163265306122,0.1286407766990291,0.0593457943925235,0.8550868486352359,0.23256735340729,0.1058993324914306,0.7310293012772351,0.6827710571793524,0.3968844601412714,0.1776157546602525,0.1087850467289719,0.1330844405402437
0.1597222222222222,0.1231244483671668,0.0560747663551403,0.8609181141439206,0.2254358161648177,0.1008479162908171,0.7255196594039569,0.6777368697873619,0.3925958627648839,0.1737071557426337,0.1027102803738317,0.1264961018996376
0.1601473922902494,0.1233451015004413,0.055607476635514,0.860545905707196,0.226228209191759,0.1008479162908171,0.7225144002003506,0.6757081674055151,0.390640766902119,0.1719783523752255,0.0998130841121495,0.1240803777314153
0.1670918367346938,0.1293027360988526,0.0579439252336448,0.8542183622828785,0.2349445324881141,0.1062601479343316,0.7266466316053093,0.6792396122924336,0.3936049445005045,0.1743084786530366,0.1043925233644859,0.1288020204238497
0.1709183673469388,0.1319505736981465,0.0565420560747661,0.8511166253101737,0.2408874801901743,0.1080642251488363,0.7326571500125219,0.6840483883086633,0.3971997981836528,0.178968731208659,0.109626168224299,0.1342923026243549
0.1665249433106576,0.1277581641659312,0.0532710280373833,0.8553349875930522,0.2361331220285261,0.1040952552769259,0.7311545204107187,0.6831467428056202,0.3969475277497477,0.178141912206855,0.1082242990654205,0.1327550236082134
0.1590136054421768,0.1221315092674315,0.0537383177570091,0.861786600496278,0.2254358161648177,0.0995850622406638,0.7257700976709242,0.6779622811631226,0.3931004036326941,0.1734816596512327,0.1032710280373831,0.1271549357636982
0.1600056689342403,0.1227934686672551,0.0542056074766354,0.8610421836228288,0.2266244057052298,0.1001262854050153,0.7230152767342849,0.6758584416560222,0.391082240161453,0.1716025255562236,0.1008411214953271,0.1252882398155265
0.1659580498866213,0.1285304501323919,0.058411214953271,0.855210918114144,0.2329635499207606,0.1057189247699801,0.7265214124718257,0.67916447516718,0.3936680121089808,0.1747594708358388,0.1045794392523364,0.1295706599319205
0.1703514739229024,0.1315092674315975,0.0565420560747661,0.8514888337468983,0.2400950871632329,0.1078838174273858,0.7325319308790382,0.6830716056803666,0.3970105953582239,0.1790438965724594,0.1095327102803738,0.134511913912375
0.1668083900226757,0.1278684907325684,0.0528037383177571,0.8550868486352359,0.2369255150554675,0.1040952552769259,0.7321562734785875,0.6829964685551131,0.3960645812310797,0.1785177390258568,0.1088785046728971,0.1338530800483144
0.1590136054421768,0.1226831421006178,0.0565420560747661,0.8614143920595534,0.2242472266244057,0.1006675085693668,0.726396193338342,0.6785633781651514,0.3927850655903128,0.1743084786530366,0.1039252336448598,0.128033380915779
0.1600056689342403,0.1231244483671668,0.0546728971962616,0.8607940446650124,0.226228209191759,0.1004871008479163,0.7232657150012521,0.6762341272822902,0.3910191725529768,0.1719783523752255,0.1002803738317756,0.1253980454595366
0.1669501133786848,0.1285304501323919,0.0551401869158878,0.8547146401985113,0.2357369255150554,0.1049972938841782,0.7267718507387929,0.6787136524156585,0.3933526740665993,0.1746091401082381,0.1042056074766355,0.1286922147798396
0.1702097505668934,0.1318402471315092,0.058411214953271,0.8514888337468983,0.2393026941362915,0.1084250405917373,0.7315301778111696,0.6835224284318882,0.3967583249243188,0.1783674082982561,0.1100934579439252,0.1342923026243549
0.1663832199546485,0.1280891438658428,0.0551401869158878,0.855210918114144,0.2349445324881141,0.1046364784412772,0.7320310543451038,0.6827710571793524,0.3964429868819373,0.1776909200240529,0.1086915887850467,0.1344021082683649
0.1595804988662131,0.1218005295675198,0.0514018691588784,0.861786600496278,0.2270206022187004,0.0988634313548619,0.7261457550713748,0.6775865955368547,0.3927219979818365,0.1731809981960312,0.1028971962616822,0.1278137696277588
0.1618480725623582,0.1242277140335393,0.0542056074766354,0.8593052109181142,0.2293977812995245,0.1013891394551686,0.7247683446030553,0.6766098129085582,0.3921543895055499,0.1725796752856283,0.1030841121495327,0.1263862962556275
0.1821145124716553,0.141548984995587,0.0602803738317755,0.8408188585607941,0.2547543581616481,0.1167237957784593,0.7376659153518657,0.6874295589450747,0.4019298688193743,0.1846812988574864,0.1169158878504672,0.1404414186889206
0.2022392290249433,0.1616284201235658,0.0794392523364486,0.8205955334987594,0.2749603803486529,0.1369294605809128,0.7510643626346105,0.7006536929897061,0.4142911200807265,0.198962717979555,0.1341121495327102,0.1598770176787086
0.2114512471655328,0.1755295675198587,0.1074766355140187,0.8088089330024815,0.2761489698890649,0.1535269709543568,0.761457550713749,0.7097452851453903,0.4231836528758829,0.2093355381840048,0.14803738317757,0.1712968046557593
0.2202380952380952,0.1893203883495145,0.1369158878504672,0.7972704714640199,0.2757527733755943,0.1704852967707017,0.767342849987478,0.7148546096626343,0.4296796165489404,0.2173782321106434,0.158411214953271,0.1775557263643351
0.2358276643990929,0.2071932921447484,0.1612149532710279,0.7803970223325063,0.287242472266244,0.1899693306873534,0.7748559979964939,0.7219926365617251,0.437058526740666,0.2269242333132892,0.1703738317757009,0.187108817393214
0.2558106575963719,0.2285966460723742,0.1864485981308411,0.7595533498759306,0.304675118858954,0.2121594804257622,0.7886301026796895,0.7344653993538207,0.4474646821392533,0.2391010222489476,0.185233644859813,0.2031404414186889
0.270266439909297,0.2436010591350397,0.2018691588785046,0.7447890818858561,0.3181458003169571,0.2274941367490528,0.8019033308289506,0.7474641220226913,0.4584384460141271,0.2515033072760072,0.2007476635514018,0.2192818710881739
0.2782029478458049,0.2502206531332745,0.2037383177570091,0.7375930521091811,0.3284469096671949,0.2332671838354681,0.8102930127723516,0.7517469381621459,0.46348385469223,0.2570655441972339,0.2078504672897196,0.2263094323048204
0.2755102040816327,0.2511032656663725,0.2163551401869158,0.7382133995037222,0.3193343898573693,0.2365145228215767,0.8085399449035813,0.7511458411601172,0.4629162462159434,0.2561635598316295,0.2065420560747663,0.2237839024925881
0.2776360544217687,0.2539717563989409,0.2214953271028035,0.7357320099255584,0.3201267828843105,0.2397618618076854,0.8066616579013273,0.7507701555338493,0.4637361251261351,0.2572158749248346,0.206822429906542,0.2237839024925881
0.2834467120181406,0.25761253309797,0.2177570093457944,0.7311414392059553,0.329635499207607,0.2419267544650911,0.8092912597044828,0.7515215267863851,0.463925327951564,0.2584936861094408,0.208411214953271,0.2265290435928406
0.2820294784580499,0.2547440423654016,0.2098130841121493,0.7333746898263028,0.3312202852614896,0.238138192314631,0.8102930127723516,0.7514463896611314,0.4631054490413723,0.2579675285628383,0.2079439252336448,0.2267486548808608
0.2655895691609977,0.2395189761694616,0.200467289719626,0.7491315136476427,0.312202852614897,0.2238859823200432,0.8022789882294014,0.7456608310166053,0.4578077699293642,0.2512778111846061,0.1991588785046728,0.2175249807840122
0.2492913832199546,0.2214254192409532,0.1771028037383177,0.7665012406947892,0.2991283676703645,0.204582356124842,0.788755321813173,0.7338643023517919,0.446770938446014,0.2378232110643415,0.1831775700934579,0.2016031624025474
0.2356859410430839,0.2055383936451897,0.1546728971962615,0.7813895781637717,0.2896196513470682,0.1872632148655962,0.774480340596043,0.7226688706890073,0.4373738647830474,0.226473241130487,0.1693457943925233,0.1862303722411331
0.2284580498866213,0.1954986760812004,0.1355140186915889,0.790074441687345,0.2880348652931854,0.1753563052498646,0.7684698221888304,0.7172589976707491,0.4301841574167507,0.2184305472038484,0.1585981308411214,0.1794224223125068
0.2161281179138321,0.1812665489849955,0.1163551401869159,0.8035980148883375,0.2785261489698891,0.160021648926574,0.7634610568494866,0.7113983019009692,0.4235620585267406,0.2106885147324113,0.1487850467289719,0.1728340836719007
0.1975623582766439,0.159090909090909,0.083177570093458,0.8240694789081887,0.2670364500792392,0.135486198809309,0.7505634861006761,0.6998271846119167,0.4134712411705348,0.1983613950691521,0.1335514018691588,0.1562534314263753
0.175595238095238,0.1348190644307149,0.0532710280373833,0.8473945409429281,0.2488114104595879,0.1098683023633411,0.7349110944152266,0.6850251709369599,0.4007315842583249,0.1830276608538785,0.1144859813084112,0.138794334028769
0.1625566893424036,0.1249999999999999,0.0546728971962616,0.858560794044665,0.2297939778129952,0.1021107703409705,0.7250187828700225,0.6765346757833044,0.3921543895055499,0.172730006013229,0.1025233644859813,0.126935324475678
0.1680839002267573,0.1291924095322154,0.0542056074766354,0.8538461538461539,0.2381141045958795,0.1055385170485296,0.7258953168044077,0.6792396122924336,0.3936680121089808,0.1746091401082381,0.1046728971962616,0.1288020204238497
0.1717687074829932,0.1320609002647838,0.0542056074766354,0.8506203473945411,0.2432646592709983,0.1077034097059354,0.7325319308790382,0.6841235254339169,0.3971997981836528,0.1792693926638605,0.1098130841121495,0.1357197759964862
0.1663832199546485,0.1280891438658428,0.0551401869158878,0.855210918114144,0.2353407290015847,0.1046364784412772,0.7320310543451038,0.682620782928845,0.3963168516649848,0.1785177390258568,0.1083177570093457,0.1342923026243549
0.1590136054421768,0.1224624889673433,0.0551401869158878,0.8615384615384617,0.2246434231378763,0.1001262854050153,0.7253944402704733,0.6780374182883763,0.3927219979818365,0.1734816596512327,0.1033644859813084,0.1273745470517184
0.159297052154195,0.1227934686672551,0.0560747663551403,0.8612903225806452,0.2246434231378763,0.1006675085693668,0.7231404958677685,0.6761589901570365,0.3913975782038345,0.1707005411906193,0.1010280373831775,0.1241901833754254
0.1666666666666666,0.1289717563989408,0.058411214953271,0.8545905707196031,0.2341521394611727,0.1060797402128811,0.7266466316053093,0.6795401607934479,0.3939202825428859,0.1745339747444378,0.1051401869158878,0.1290216317118699
0.1703514739229024,0.1322815533980582,0.0598130841121493,0.8511166253101737,0.2389064976228209,0.1089662637560886,0.7309040821437515,0.683747839807649,0.3969475277497477,0.1786680697534576,0.1097196261682243,0.1349511364884155
0.1662414965986394,0.1277581641659312,0.0542056074766354,0.8554590570719603,0.2353407290015847,0.1042756629983762,0.7305284247433007,0.6827710571793524,0.3965691220988899,0.1783674082982561,0.1085981308411214,0.1328648292522235
0.1588718820861678,0.1222418358340688,0.0551401869158878,0.861786600496278,0.2246434231378763,0.0999458776835648,0.7255196594039569,0.6783379667893906,0.3927219979818365,0.1743084786530366,0.1029906542056074,0.1274843526957285
0.1590136054421768,0.1226831421006178,0.0565420560747661,0.8614143920595534,0.2242472266244057,0.1006675085693668,0.722389181066867,0.6763844015327972,0.3910191725529768,0.1718280216476247,0.101214953271028,0.1241901833754254
0.165391156462585,0.1277581641659312,0.0570093457943923,0.8558312655086848,0.2329635499207606,0.1048168861627277,0.72702228900576,0.6796904350439552,0.3939833501513622,0.1749098015634395,0.1045794392523364,0.1281431865597891
0.169359410430839,0.1316195939982347,0.0602803738317755,0.8519851116625311,0.2373217115689381,0.1086054483131878,0.7315301778111696,0.6835224284318882,0.397452068617558,0.1790438965724594,0.1092523364485981,0.1352805534204458
0.1655328798185941,0.1277581641659312,0.0570093457943923,0.8557071960297767,0.2329635499207606,0.1048168861627277,0.7306536438767843,0.6823202344278307,0.3967583249243188,0.1782170775706554,0.1083177570093457,0.1337432744043043
0.1587301587301587,0.1215798764342453,0.0532710280373833,0.8622828784119106,0.225039619651347,0.0990438390763124,0.7252692211369897,0.6772860470358404,0.3925958627648839,0.1733313289236319,0.1028971962616822,0.1272647414077083
0.1588718820861678,0.122352162400706,0.055607476635514,0.8616625310173698,0.2246434231378763,0.1001262854050153,0.7215126471324818,0.6748816590277256,0.3909561049445005,0.1712266987372218,0.1008411214953271,0.1246294059514659
0.1649659863945578,0.1284201235657546,0.061214953271028,0.8555831265508685,0.2305863708399366,0.1062601479343316,0.7261457550713748,0.678638515290405,0.3934788092835519,0.1748346361996392,0.1043925233644859,0.1291314373558801
0.1692176870748299,0.1311782877316858,0.0593457943925235,0.8522332506203475,0.2373217115689381,0.1080642251488363,0.7319058352116202,0.6834472913066345,0.3973259334006054,0.1792693926638605,0.109626168224299,0.1346217195563852
0.1656746031746031,0.1278684907325684,0.0565420560747661,0.8557071960297767,0.233755942947702,0.1048168861627277,0.7310293012772351,0.682620782928845,0.396127648839556,0.1780667468430547,0.1086915887850467,0.133413857472274
0.1524943310657596,0.1125330979699912,0.0345794392523365,0.8699751861042184,0.2242472266244057,0.0880389680678332,0.7255196594039569,0.6767600871590653,0.3881180625630676,0.1712266987372218,0.0967289719626168,0.1189195124629406
0.1200396825396825,0.0849514563106796,0.0252336448598131,0.8997518610421836,0.1830427892234548,0.0636839256720187,0.7150012521913348,0.6620332106093619,0.3700176589303733,0.1526608538785327,0.0677570093457943,0.0865268474799604
0.0599489795918367,0.0455648720211827,0.0565420560747661,0.9482630272952854,0.0855784469096672,0.0375248060616994,0.7073628850488354,0.6442257119242617,0.3500252270433905,0.1213168971737823,0.0360747663551401,0.0446908971121115
0.0155895691609977,0.0123565754633715,0.0621495327102805,0.9862282878411912,0.0213946117274167,0.0115460941728305,0.7287753568745304,0.6474566083101659,0.3584132189707366,0.1110944076969332,0.011214953271028,0.0149335675853738
0.0338718820861678,0.0265887025595763,0.0621495327102805,0.9702233250620348,0.047147385103011,0.0230921883456611,0.7926371149511645,0.6963708768502517,0.4265262361251261,0.1610793746241731,0.0314018691588784,0.0326122762710003
0.1439909297052154,0.1258826125330979,0.1196261682242991,0.8662531017369728,0.1763074484944532,0.1154609417283059,0.8626346105684948,0.7745886242392366,0.5562563067608476,0.2906644618159952,0.1303738317757009,0.1311079389480619
0.3161848072562358,0.2946822594880847,0.2663551401869159,0.696029776674938,0.3549920760697306,0.2816164531841962,0.920861507638367,0.86219851228492,0.7025731584258325,0.4784275405892965,0.3145794392523364,0.296914461403316
0.5389739229024944,0.5154457193292146,0.4672897196261681,0.474317617866005,0.5812202852614896,0.5009922424679776,0.9734535437014776,0.9470283266962204,0.8456104944500503,0.6856584485868912,0.5350467289719626,0.5135609970352476
0.755952380952381,0.7440423654015886,0.720093457943925,0.2508684863523572,0.777337559429477,0.7367851344037525,0.9994991234660656,0.999624314373732,0.9730070635721492,0.8970986169573061,0.7814953271028037,0.7451411002525529
0.9370748299319728,0.934576345984113,0.9303738317757008,0.0643920595533499,0.9413629160063391,0.9330687353418726,0.9281242173804156,0.9517619655871966,0.9869450050454084,1.0,0.9671962616822428,0.937520588558252
0.9872448979591836,0.987864077669903,0.9901869158878503,0.012531017369727,0.986133122028526,0.9882734981057189,0.7374154770848986,0.7892403636636862,0.8314833501513622,0.9143866506313892,0.9757943925233644,0.9905567146151312
0.8903061224489797,0.8884598411297443,0.8887850467289719,0.1107940446650123,0.8934231378763866,0.8874255818149017,0.4824693213122965,0.5482756029754301,0.5773208879919273,0.7233162958508719,0.831214953271028,0.8895355221258373
0.7209467120181405,0.7097308031774052,0.6897196261682241,0.2853598014888338,0.7412836767036449,0.7028684827710624,0.2382920110192836,0.2757532496806672,0.3099772956609485,0.49376127480457,0.6372897196261682,0.7100032941693202
0.5243764172335601,0.5014342453662842,0.4560747663551402,0.4885856079404466,0.5653724247226624,0.4874616633591916,0.0493363385925368,0.061236757081674,0.0831231079717457,0.2735267588695129,0.3977570093457944,0.5044471285824091
0.3197278911564625,0.2827669902912622,0.2046728971962616,0.7011166253101737,0.3862916006339144,0.2599675266101388,0.0226646631605308,0.0117965286648133,0.0056130171543895,0.0929043896572459,0.1963551401869158,0.2881300098825079
0.1809807256235827,0.136694616063548,0.0434579439252337,0.844044665012407,0.2603011093502377,0.1095074869204401,0.1601552717255196,0.1135321962581711,0.0594727547931382,0.006464221286831,0.0730841121495327,0.1437355880092236
0.1138038548752834,0.0748014121800529,0.0028037383177569,0.9081885856079404,0.1838351822503962,0.0510553851704853,0.3444778362133733,0.2825907280787437,0.1656786074672048,0.0105231509320505,0.0278504672897196,0.0773031733831118
0.0823412698412698,0.057811120917917,0.0350467289719628,0.93151364764268,0.1259904912836766,0.0434782608695651,0.5160280490859003,0.4453377413780148,0.2677850655903128,0.0608839446782922,0.0270093457943925,0.0577577687493137
0.0956632653061224,0.0699470432480141,0.042056074766355,0.9188585607940448,0.1418383518225039,0.0546635395994949,0.6286000500876534,0.5666090615373056,0.3340060544904137,0.1162808177991581,0.0473831775700934,0.0734599758427583
0.1369047619047619,0.0977493380406001,0.0238317757009344,0.8852357320099256,0.2072107765451664,0.0737867580732454,0.692587027297771,0.6361109023968743,0.3700176589303733,0.1498797354179194,0.0743925233644859,0.1023388602174151
0.1534863945578231,0.1148499558693733,0.0411214953271029,0.868362282878412,0.2230586370839936,0.0912863070539418,0.7187578261958426,0.6675182207528739,0.3852169525731584,0.1653638003607937,0.0932710280373831,0.1200175689030416
0.159297052154195,0.1226831421006178,0.055607476635514,0.8614143920595534,0.225039619651347,0.1003066931264658,0.7228900576008014,0.6754827560297544,0.3899470232088798,0.1707757065544197,0.1002803738317756,0.1246294059514659
0.1666666666666666,0.1293027360988526,0.0593457943925235,0.8543424317617866,0.233755942947702,0.1066209633772324,0.726396193338342,0.6801412577954767,0.3939833501513622,0.1753607937462417,0.1048598130841121,0.1291314373558801
0.171485260770975,0.1331641659311562,0.0593457943925235,0.8501240694789083,0.2404912836767035,0.1096878946418906,0.7316553969446532,0.684273799684424,0.3971367305751765,0.1788184004810583,0.1093457943925233,0.1353903590644559
0.1669501133786848,0.1293027360988526,0.058411214953271,0.8543424317617866,0.2345483359746434,0.1062601479343316,0.7309040821437515,0.6829213314298594,0.3961907164480323,0.1782922429344558,0.1089719626168224,0.134511913912375
0.1598639455782312,0.1233451015004413,0.0565420560747661,0.8607940446650124,0.2254358161648177,0.1012087317337181,0.724517906336088,0.6772860470358404,0.3922174571140262,0.1733313289236319,0.103644859813084,0.1272647414077083
0.1604308390022675,0.1231244483671668,0.0537383177570091,0.8606699751861043,0.2274167987321711,0.1003066931264658,0.7220135236664161,0.6754827560297544,0.3910191725529768,0.1710763680096212,0.1007476635514018,0.1242999890194356
0.1660997732426303,0.1293027360988526,0.0607476635514018,0.8547146401985113,0.2321711568938192,0.1068013710986829,0.7257700976709242,0.6787136524156585,0.393289606458123,0.1743084786530366,0.1045794392523364,0.1282529922037993
0.169501133786848,0.1327228596646072,0.0644859813084112,0.8512406947890819,0.2357369255150554,0.1104095255276925,0.7310293012772351,0.6838229769329026,0.3972628657921291,0.1790438965724594,0.109626168224299,0.1349511364884155
0.1655328798185941,0.1289717563989408,0.0621495327102805,0.8550868486352359,0.2309825673534072,0.1068013710986829,0.7311545204107187,0.683372154181381,0.3971997981836528,0.1783674082982561,0.1091588785046728,0.1338530800483144
0.1595804988662131,0.1234554280670785,0.0579439252336448,0.8607940446650124,0.2246434231378763,0.1013891394551686,0.7253944402704733,0.6781125554136298,0.3929742684157417,0.1731809981960312,0.1041121495327102,0.1273745470517184
0.1604308390022675,0.123234774933804,0.0537383177570091,0.860545905707196,0.2274167987321711,0.1004871008479163,0.7220135236664161,0.6761589901570365,0.3917129162462159,0.1713018641010222,0.1014018691588785,0.1245196003074558
0.1669501133786848,0.129523389232127,0.0593457943925235,0.8542183622828785,0.2341521394611727,0.1066209633772324,0.7257700976709242,0.6796152979187017,0.3941094853683148,0.1748346361996392,0.1043925233644859,0.1286922147798396
0.171343537414966,0.1337157987643424,0.0626168224299063,0.8498759305210919,0.2389064976228209,0.1107703409705935,0.7306536438767843,0.683747839807649,0.3973259334006054,0.1792693926638605,0.1092523364485981,0.1346217195563852
0.1670918367346938,0.1288614298323036,0.0560747663551403,0.8544665012406948,0.2357369255150554,0.1055385170485296,0.730778863010268,0.6829213314298594,0.3965691220988899,0.178141912206855,0.1088785046728971,0.1335236631162841
0.1602891156462584,0.1222418358340688,0.0504672897196259,0.861166253101737,0.2286053882725832,0.0990438390763124,0.7255196594039569,0.678262829664137,0.3921543895055499,0.1732561635598316,0.1025233644859813,0.1263862962556275
0.1604308390022675,0.1233451015004413,0.0546728971962616,0.8604218362282879,0.2270206022187004,0.1008479162908171,0.7225144002003506,0.6761589901570365,0.391082240161453,0.1713770294648226,0.1006542056074766,0.1244097946634456
0.1669501133786848,0.1298543689320388,0.0607476635514018,0.8539702233250621,0.233755942947702,0.1071621865415839,0.7262709742048584,0.6801412577954767,0.3941725529767911,0.1748346361996392,0.1048598130841121,0.1290216317118699
0.1707766439909297,0.1327228596646072,0.0607476635514018,0.8506203473945411,0.2389064976228209,0.1095074869204401,0.7309040821437515,0.6838229769329026,0.3969475277497477,0.1786680697534576,0.1098130841121495,0.1346217195563852
0.1670918367346938,0.1286407766990291,0.0551401869158878,0.8545905707196031,0.2361331220285261,0.1051777016056287,0.7312797395442023,0.6831467428056202,0.3965691220988899,0.1780667468430547,0.1093457943925233,0.1341824969803448
0.1595804988662131,0.123234774933804,0.0570093457943923,0.8609181141439206,0.225039619651347,0.1010283240122676,0.725144002003506,0.6778871440378691,0.392406659939455,0.1732561635598316,0.1033644859813084,0.1271549357636982
0.1598639455782312,0.124117387466902,0.0598130841121493,0.8602977667493797,0.223851030110935,0.1024715857838715,0.7228900576008014,0.6760087159065293,0.3908930373360242,0.1711515333734215,0.1006542056074766,0.1234215438673547
0.167375283446712,0.129523389232127,0.058411214953271,0.8539702233250621,0.2349445324881141,0.1066209633772324,0.7257700976709242,0.6796904350439552,0.3935418768920282,0.1743084786530366,0.1045794392523364,0.1282529922037993
0.171343537414966,0.1339364518976169,0.0635514018691588,0.8497518610421837,0.2385103011093502,0.1111311564134945,0.7319058352116202,0.6840483883086633,0.3973259334006054,0.178968731208659,0.1102803738317756,0.1346217195563852
0.1669501133786848,0.1299646954986761,0.061214953271028,0.8538461538461539,0.2333597464342313,0.1073425942630344,0.7316553969446532,0.6825456458035914,0.3963168516649848,0.1780667468430547,0.1091588785046728,0.1331942461842538
0.1595804988662131,0.1231244483671668,0.0565420560747661,0.8609181141439206,0.225039619651347,0.1010283240122676,0.7247683446030553,0.6778120069126156,0.3922174571140262,0.1733313289236319,0.1028971962616822,0.125837268035577
0.1607142857142857,0.1237864077669902,0.055607476635514,0.8601736972704715,0.2270206022187004,0.1012087317337181,0.721136989732031,0.6754076189045006,0.3900731584258324,0.1716025255562236,0.1002803738317756,0.1234215438673547
0.1683673469387755,0.1296337157987643,0.0551401869158878,0.8534739454094293,0.2381141045958795,0.1058993324914306,0.726396193338342,0.6792396122924336,0.3929112008072654,0.1750601322910402,0.1045794392523364,0.1284726034918194
0.1723356009070294,0.1322815533980582,0.0532710280373833,0.8502481389578164,0.2440570522979397,0.1077034097059354,0.730778863010268,0.6832970170561274,0.3965060544904136,0.1788184004810583,0.1097196261682243,0.1341824969803448
0.1672335600907029,0.1289717563989408,0.0560747663551403,0.8543424317617866,0.2361331220285261,0.1057189247699801,0.7309040821437515,0.6827710571793524,0.3966321897073662,0.1783674082982561,0.1094392523364485,0.1335236631162841
0.1669501133786848,0.1283097969991174,0.0542056074766354,0.8548387096774195,0.2361331220285261,0.1048168861627277,0.7278988229401452,0.6838981140581561,0.4007315842583249,0.1822760072158749,0.1087850467289719,0.1319863841001427
0.1839569160997732,0.1422109443954104,0.0570093457943923,0.8395781637717122,0.2587163232963549,0.1167237957784593,0.7340345604808415,0.6920129235855434,0.4161200807265388,0.1968580877931449,0.1192523364485981,0.1403316130449105
0.2074829931972789,0.1643865842894969,0.0733644859813084,0.8168734491315136,0.28486529318542,0.1378314991881652,0.7468069120961682,0.7067398001352468,0.4368062563067608,0.2183553818400481,0.1381308411214953,0.1569122652904359
0.2277494331065759,0.1833627537511033,0.0869158878504674,0.7972704714640199,0.3074484944532488,0.1560526790546635,0.7622088655146506,0.7238710646930648,0.4596367305751765,0.2406043295249549,0.15803738317757,0.1762380586362139
0.239937641723356,0.1966019417475728,0.1028037383177568,0.7844913151364764,0.3177496038034865,0.1699440736063503,0.7709742048585023,0.7373206101134571,0.4789354187689202,0.2600721587492483,0.1732710280373831,0.1889755133413857
0.2528344671201814,0.2091791703442189,0.1135514018691589,0.7717121588089331,0.3312202852614896,0.1822117986649828,0.7766090658652642,0.7460365166428732,0.4948284561049444,0.2753307276007216,0.182803738317757,0.1954540463379817
0.2677154195011338,0.2247352162400706,0.1299065420560745,0.756575682382134,0.3450871632329635,0.1980876781526249,0.7837465564738292,0.7558794800510932,0.5126135216952572,0.2916416115453998,0.1950467289719626,0.206544416383002
0.2928004535147392,0.248676081200353,0.1490654205607475,0.7321339950372209,0.3720285261489698,0.2213602742197365,0.7987728524918607,0.7729356074836576,0.5356962663975782,0.315844858689116,0.213644859813084,0.224772153288679
0.3134920634920635,0.2693071491615181,0.1682242990654205,0.7114143920595535,0.393026941362916,0.2419267544650911,0.8135487102429251,0.7899917349162221,0.5573915237134207,0.3388454600120265,0.2343925233644859,0.2434391127703963
0.32468820861678,0.2816637246248896,0.1836448598130841,0.6996277915632755,0.4017432646592709,0.255096518130976,0.8236914600550964,0.8026899090840783,0.5756180625630675,0.3570354780517137,0.2491588785046728,0.2560667618315581
0.3330498866213152,0.2899382171226832,0.1915887850467288,0.6911910669975188,0.410459587955626,0.2633952733176979,0.8261958427247683,0.8084003306033511,0.5898713420787083,0.370414912808178,0.2559813084112149,0.2605687932359723
0.3472222222222222,0.3037290379523389,0.2028037383177571,0.6772952853598015,0.4251188589540411,0.2767454447050333,0.8285750062609566,0.8143361634983844,0.601917255297679,0.3827420324714372,0.2643925233644859,0.2683649939606896
0.365079365079365,0.3202780229479259,0.214018691588785,0.6601736972704715,0.4453248811410459,0.2926213241926754,0.8403456048084147,0.8258321436621835,0.6173688193743693,0.3969482862297053,0.2783177570093458,0.2798945865817503
0.3816609977324263,0.3357237422771403,0.2247663551401867,0.6441687344913153,0.4643423137876385,0.3072343496301641,0.8537440520911594,0.8406341573371402,0.6350908173562059,0.4155892964521948,0.2942056074766355,0.2958164049632151
0.389172335600907,0.3414607237422771,0.2242990654205608,0.6377171215880895,0.4746434231378763,0.311744542666426,0.8586275982970197,0.8492749267413028,0.6478304742684157,0.4276909200240529,0.304018691588785,0.3029537718238717
0.3904478458049887,0.3452118270079435,0.2355140186915887,0.6351116625310175,0.4718700475435816,0.3169763665884899,0.8583771600300526,0.8515290404989105,0.6561553985872854,0.4343054720384847,0.3079439252336448,0.305369495992094
0.4022108843537414,0.3565754633715798,0.2453271028037384,0.6234491315136477,0.4841521394611727,0.32834205303987,0.8617580766341096,0.855436171012097,0.6643541876892027,0.4432501503307275,0.312429906542056,0.3095421104644778
0.4176587301587302,0.3695939982347749,0.2495327102803736,0.6094292803970224,0.5039619651347068,0.3397077394912502,0.8708990733784121,0.8647531745435418,0.6745080726538849,0.4546752856283824,0.3235514018691588,0.320412869221478
0.4231859410430839,0.3762135922330097,0.2588785046728971,0.603225806451613,0.507527733755943,0.3469240483492694,0.8766591535186575,0.8721917499436471,0.6839682139253279,0.4646722790138304,0.3325233644859812,0.3307345997584275
0.4206349206349207,0.3746690203000882,0.2612149532710278,0.605210918114144,0.5031695721077654,0.3462024174634673,0.877160030052592,0.8729431211961829,0.6867431886982844,0.4666265784726398,0.3344859813084112,0.3317228505545184
0.4138321995464852,0.3690423654015887,0.2598130841121495,0.6114143920595534,0.4944532488114104,0.3411510012628541,0.871274730778863,0.8690359906829964,0.6833375378405651,0.4624924834636199,0.3289719626168224,0.325793345777973
0.4139739229024943,0.3686010591350397,0.2574766355140188,0.6115384615384616,0.4956418383518224,0.340429370377052,0.8678938141748058,0.8658050942970921,0.6814455095862765,0.459786530366807,0.325233644859813,0.3228285933897002
0.4185090702947845,0.3727934686672551,0.2602803738317757,0.607196029776675,0.5003961965134707,0.3443983402489626,0.8721512647132481,0.8684348936809677,0.6808779011099898,0.4607636800962116,0.3271028037383177,0.3261227627100033
0.4216269841269841,0.3727934686672551,0.2499999999999999,0.6059553349875931,0.5091125198098256,0.3424138553130073,0.875907838717756,0.8690359906829964,0.6777875882946518,0.4591100420926037,0.3285046728971962,0.3263423739980234
0.4097222222222222,0.3624227714033539,0.2453271028037384,0.6169975186104218,0.4948494453248811,0.3330326537975824,0.8698973203105435,0.8629498835374558,0.6697149344096871,0.4503908598917618,0.3202803738317757,0.3192050071373668
0.3922902494331066,0.3453221535745808,0.230373831775701,0.6342431761786601,0.4766244057052298,0.3160743279812376,0.8592536939644377,0.8520550003756856,0.6559031281533803,0.4343054720384847,0.3076635514018691,0.3049302734160535
0.3839285714285714,0.3364960282436011,0.2210280373831777,0.6428039702233251,0.4690966719492869,0.3072343496301641,0.8489857250187828,0.84251258546848,0.641965186680121,0.4209260372820204,0.2954205607476635,0.2924124299989019
0.3784013605442177,0.3316416593115622,0.2182242990654207,0.648014888337469,0.4623613312202853,0.3027241565939021,0.8461056849486601,0.8364264783229393,0.6313698284561049,0.4113048707155742,0.2877570093457944,0.2898869001866695
0.3686224489795918,0.3222639011473963,0.2107476635514018,0.6575682382133996,0.4520602218700475,0.2935233627999278,0.8447282744803405,0.8299646855511308,0.6201437941473258,0.4001803968731208,0.2814018691588784,0.284945646206215
0.3484977324263038,0.3039496910856134,0.1990654205607477,0.6766749379652606,0.4286846275752773,0.2762042215406819,0.8367142499373904,0.8189195281388534,0.6033678102926336,0.3844708358388454,0.2687850467289719,0.2733062479411441
0.3262471655328798,0.2826566637246249,0.1827102803738316,0.6982630272952854,0.4045166402535657,0.2558181490167779,0.822564487853744,0.8034412803366143,0.5819248234106963,0.3618460613349368,0.249626168224299,0.2543098715273965
0.3112244897959184,0.2689761694616064,0.1742990654205607,0.7125310173697271,0.3870839936608558,0.2428287930723434,0.8096669171049335,0.7896911864152076,0.5613017154389505,0.3416265784726398,0.234018691588785,0.2390468870099922
0.3020124716553288,0.2577228596646072,0.1570093457943926,0.7229528535980149,0.3815372424722662,0.2303806602922604,0.803656398697721,0.7796228116312269,0.5459762865792128,0.3256163559831629,0.2219626168224298,0.2309212693532447
0.2879818594104308,0.2422771403353928,0.1373831775700934,0.7378411910669975,0.3700475435816164,0.2139635576402669,0.7986476333583772,0.7705312194755428,0.5293895055499495,0.3097564642212868,0.211214953271028,0.2233446799165476
0.2662981859410431,0.2220873786407767,0.1238317757009343,0.7586848635235732,0.3454833597464342,0.1948403391665163,0.7885048835462058,0.7563303028026147,0.5087663975782037,0.290213469633193,0.1954205607476635,0.2081915010431535
0.2430555555555555,0.2003530450132392,0.1084112149532708,0.7810173697270473,0.3197305863708399,0.1740934511997112,0.7718507387928875,0.7392741753700504,0.4855575176589303,0.2668370414912808,0.1753271028037383,0.1877676512572746
0.2243480725623582,0.1824801412180053,0.0948598130841121,0.7992555831265509,0.2995245641838351,0.1567743099404654,0.7580766341096918,0.7225937335637538,0.4632946518668011,0.2433854479855682,0.1565420560747663,0.1706379707916986
0.2162698412698412,0.1724404236540159,0.0785046728971961,0.8084367245657569,0.2951664025356577,0.1455890312105357,0.75244177310293,0.712901044406041,0.4462663975782037,0.2277510523150931,0.1459813084112149,0.1628417700669814
0.2030895691609977,0.1593115622241836,0.0663551401869157,0.8215880893300248,0.2816957210776545,0.1324192675446509,0.7491860756323566,0.7050867833796678,0.4316977800201816,0.2134696331930246,0.1361682242990654,0.1565828483584056
0.1819727891156462,0.1413283318623124,0.0598130841121493,0.8409429280397023,0.2547543581616481,0.1163629803355583,0.7374154770848986,0.6935156660906153,0.4127144298688193,0.1951292844257366,0.1209345794392523,0.1432963654331832
0.1619897959183673,0.1244483671668137,0.0537383177570091,0.8591811414392061,0.2293977812995245,0.1013891394551686,0.7250187828700225,0.6802915320459838,0.3958753784056508,0.1772399278412507,0.105233644859813,0.1279235752717689
0.1600056689342403,0.123234774933804,0.055607476635514,0.8606699751861043,0.2258320126782884,0.1008479162908171,0.721763085399449,0.675332481779247,0.3907038345105953,0.1712266987372218,0.1006542056074766,0.1233117382233446
0.167517006802721,0.1291924095322154,0.0560747663551403,0.8540942928039702,0.2365293185419968,0.1057189247699801,0.7255196594039569,0.6789390637914193,0.3934157416750756,0.1744588093806374,0.1046728971962616,0.1282529922037993
0.171343537414966,0.1328331862312445,0.0588785046728973,0.8503722084367246,0.2404912836767035,0.1093270791989896,0.7311545204107187,0.683747839807649,0.3973890010090817,0.1785177390258568,0.1095327102803738,0.1335236631162841
0.1666666666666666,0.1288614298323036,0.0579439252336448,0.8547146401985113,0.2341521394611727,0.1058993324914306,0.7306536438767843,0.6821699601773236,0.3968213925327951,0.1776909200240529,0.1092523364485981,0.1327550236082134
0.1595804988662131,0.1224624889673433,0.0542056074766354,0.8612903225806452,0.226228209191759,0.0999458776835648,0.7252692211369897,0.6774363212863475,0.3927850655903128,0.1728803367408298,0.1042056074766355,0.1262764906116174
0.1600056689342403,0.1235657546337157,0.0574766355140186,0.860545905707196,0.225039619651347,0.1015695471766191,0.7216378662659654,0.6758584416560222,0.3913345105953582,0.1712266987372218,0.101214953271028,0.1234215438673547
0.167517006802721,0.1298543689320388,0.058411214953271,0.8537220843672457,0.2353407290015847,0.1068013710986829,0.7255196594039569,0.6790893380419265,0.3936680121089808,0.174383644016837,0.1049532710280373,0.1275941583397386
0.171485260770975,0.13261253309797,0.0574766355140186,0.8504962779156328,0.2412836767036449,0.1089662637560886,0.7310293012772351,0.683372154181381,0.3973890010090817,0.1786680697534576,0.1101869158878504,0.1337432744043043
0.167517006802721,0.1286407766990291,0.0537383177570091,0.8543424317617866,0.2373217115689381,0.1048168861627277,0.7302779864763336,0.6824705086783379,0.3967583249243188,0.1780667468430547,0.1091588785046728,0.1333040518282639
0.1607142857142857,0.1229037952338922,0.0518691588785046,0.8606699751861043,0.2286053882725832,0.0997654699621143,0.7257700976709242,0.6778871440378691,0.3929112008072654,0.1737071557426337,0.1038317757009345,0.1272647414077083
0.1602891156462584,0.123234774933804,0.0542056074766354,0.8606699751861043,0.2270206022187004,0.1006675085693668,0.7225144002003506,0.6760087159065293,0.391082240161453,0.1715273601924233,0.1014953271028037,0.1249588228834962
0.167517006802721,0.1299646954986761,0.0593457943925235,0.8537220843672457,0.2349445324881141,0.1071621865415839,0.7257700976709242,0.6798407092944624,0.3940464177598385,0.1752856283824413,0.105233644859813,0.1281431865597891
0.1720521541950113,0.1329435127978817,0.0570093457943923,0.85,0.2420760697305863,0.1089662637560886,0.7316553969446532,0.6838229769329026,0.3976412714429868,0.1797203848466626,0.1098130841121495,0.1344021082683649
0.1679421768707482,0.1288614298323036,0.0532710280373833,0.8540942928039702,0.2381141045958795,0.1049972938841782,0.7315301778111696,0.6824705086783379,0.3968844601412714,0.1785929043896572,0.1089719626168224,0.1333040518282639
0.1597222222222222,0.1222418358340688,0.0523364485981308,0.8614143920595534,0.2270206022187004,0.0994046545192134,0.7253944402704733,0.6774363212863475,0.3923435923309787,0.1738574864702345,0.1031775700934579,0.1268255188316679
0.1602891156462584,0.123234774933804,0.0546728971962616,0.860545905707196,0.2266244057052298,0.1006675085693668,0.7218883045329325,0.6751070704034863,0.390199293642785,0.1712266987372218,0.1003738317757009,0.1229823212913143
0.1679421768707482,0.1301853486319505,0.0588785046728973,0.8533498759305213,0.2357369255150554,0.1071621865415839,0.7250187828700225,0.6792396122924336,0.3934788092835519,0.1748346361996392,0.1049532710280373,0.1277039639837487
0.1712018140589569,0.1336054721977052,0.0626168224299063,0.85,0.2389064976228209,0.1107703409705935,0.7319058352116202,0.6835224284318882,0.3969475277497477,0.1786680697534576,0.1099065420560747,0.1335236631162841
0.1669501133786848,0.1289717563989408,0.0570093457943923,0.8544665012406948,0.2349445324881141,0.1058993324914306,0.7306536438767843,0.6823953715530843,0.3965691220988899,0.1774654239326518,0.1093457943925233,0.1329746348962336
0.1602891156462584,0.1235657546337157,0.0560747663551403,0.8604218362282879,0.226228209191759,0.1012087317337181,0.724267468069121,0.6780374182883763,0.3931004036326941,0.1732561635598316,0.1034579439252336,0.1263862962556275
0.1600056689342403,0.1235657546337157,0.0570093457943923,0.860545905707196,0.2254358161648177,0.1013891394551686,0.7213874279989982,0.6758584416560222,0.3913975782038345,0.171677690920024,0.1008411214953271,0.123750960799385
0.1672335600907029,0.129523389232127,0.058411214953271,0.8539702233250621,0.2349445324881141,0.1066209633772324,0.7256448785374405,0.6793898865429409,0.3938572149344096,0.175210463018641,0.1049532710280373,0.1284726034918194
0.1706349206349206,0.1336054721977052,0.064018691588785,0.8502481389578164,0.2373217115689381,0.110950748692044,0.7305284247433007,0.683372154181381,0.3972628657921291,0.1793445580276608,0.1097196261682243,0.1340726913363346
0.167375283446712,0.1293027360988526,0.0570093457943923,0.8540942928039702,0.2357369255150554,0.1060797402128811,0.7311545204107187,0.6823953715530843,0.3965060544904136,0.1786680697534576,0.1090654205607476,0.1328648292522235
0.1607142857142857,0.1235657546337157,0.0546728971962616,0.8601736972704715,0.2274167987321711,0.1010283240122676,0.7250187828700225,0.6778871440378691,0.3926589303733602,0.1740078171978352,0.1032710280373831,0.1267157131876578
0.1608560090702948,0.123676081200353,0.0546728971962616,0.8600496277915635,0.2278129952456418,0.1010283240122676,0.722389181066867,0.6757833045307686,0.3907669021190716,0.1712266987372218,0.1009345794392523,0.1235313495113649
0.1678004535147392,0.1288614298323036,0.0532710280373833,0.8540942928039702,0.2381141045958795,0.1049972938841782,0.7260205359378912,0.6793147494176872,0.3935418768920282,0.1747594708358388,0.1046728971962616,0.1282529922037993
0.1709183673469388,0.1325022065313327,0.058411214953271,0.8507444168734493,0.2400950871632329,0.1089662637560886,0.7297771099423992,0.6836727026823952,0.3967583249243188,0.1782922429344558,0.1097196261682243,0.1335236631162841
0.1678004535147392,0.1284201235657546,0.0518691588785046,0.8543424317617866,0.2385103011093502,0.1044560707198267,0.7306536438767843,0.6832218799308738,0.3964429868819373,0.1778412507516536,0.1093457943925233,0.1331942461842538
0.1598639455782312,0.1220211827007943,0.0509345794392522,0.8614143920595534,0.2278129952456418,0.0990438390763124,0.7260205359378912,0.678262829664137,0.3931004036326941,0.1744588093806374,0.1038317757009345,0.1271549357636982
0.1602891156462584,0.1231244483671668,0.0546728971962616,0.8606699751861043,0.2266244057052298,0.1006675085693668,0.7218883045329325,0.6754827560297544,0.3907669021190716,0.1716025255562236,0.1006542056074766,0.1235313495113649
0.1686507936507936,0.1294130626654898,0.0537383177570091,0.8534739454094293,0.2389064976228209,0.1055385170485296,0.726396193338342,0.6790142009166729,0.3933526740665993,0.1748346361996392,0.1043925233644859,0.1281431865597891
0.1721938775510204,0.1327228596646072,0.055607476635514,0.85,0.2432646592709983,0.1086054483131878,0.7329075882794891,0.683372154181381,0.3971367305751765,0.1797203848466626,0.1105607476635514,0.1351707477764357
0.167375283446712,0.1286407766990291,0.0542056074766354,0.8544665012406948,0.2369255150554675,0.1049972938841782,0.7321562734785875,0.6823953715530843,0.3966952573158425,0.1788184004810583,0.1095327102803738,0.134511913912375
0.1604308390022675,0.1224624889673433,0.0514018691588784,0.8609181141439206,0.2286053882725832,0.0994046545192134,0.7255196594039569,0.6771357727853332,0.3924697275479313,0.1737823211064341,0.1033644859813084,0.1279235752717689
0.1615646258503401,0.1233451015004413,0.0509345794392522,0.859925558312655,0.2301901743264658,0.1001262854050153,0.7213874279989982,0.6747313847772184,0.3909561049445005,0.17085087191822,0.1005607476635514,0.1242999890194356
0.1672335600907029,0.1299646954986761,0.0598130841121493,0.8537220843672457,0.2345483359746434,0.1071621865415839,0.7265214124718257,0.6785633781651514,0.3938572149344096,0.1746091401082381,0.1049532710280373,0.1284726034918194
0.1712018140589569,0.1328331862312445,0.0593457943925235,0.8503722084367246,0.2400950871632329,0.1095074869204401,0.7322814926120711,0.6830716056803666,0.3971997981836528,0.178968731208659,0.1102803738317756,0.1348413308444054
0.1669501133786848,0.1284201235657546,0.0546728971962616,0.8547146401985113,0.2361331220285261,0.1048168861627277,0.731404958677686,0.682620782928845,0.3965691220988899,0.1782170775706554,0.1091588785046728,0.1338530800483144
0.1595804988662131,0.1227934686672551,0.0551401869158878,0.861166253101737,0.2258320126782884,0.1003066931264658,0.724517906336088,0.6778871440378691,0.3925958627648839,0.1729555021046302,0.1034579439252336,0.1259470736795871
0.161281179138322,0.1234554280670785,0.0523364485981308,0.8600496277915635,0.2290015847860538,0.1004871008479163,0.7208865514650639,0.6754076189045006,0.3908299697275479,0.170625375826819,0.1013084112149532,0.1224332930712638
0.1685090702947845,0.1301853486319505,0.0570093457943923,0.8531017369727047,0.2373217115689381,0.1068013710986829,0.7240170298021538,0.67916447516718,0.3936049445005045,0.1740078171978352,0.1053271028037383,0.1277039639837487
0.1724773242630385,0.1330538393645189,0.0565420560747661,0.8497518610421837,0.2428684627575277,0.1089662637560886,0.7311545204107187,0.6832218799308738,0.3971367305751765,0.1785929043896572,0.1099065420560747,0.1344021082683649
0.1672335600907029,0.1286407766990291,0.0546728971962616,0.8544665012406948,0.2365293185419968,0.1049972938841782,0.7312797395442023,0.6824705086783379,0.3963168516649848,0.1788184004810583,0.1090654205607476,0.1337432744043043
0.1611394557823129,0.1230141218005295,0.0509345794392522,0.8604218362282879,0.2293977812995245,0.0997654699621143,0.7255196594039569,0.6772860470358404,0.3925327951564076,0.173556825015033,0.1035514018691588,0.1266059075436477
0.1617063492063492,0.1237864077669902,0.0523364485981308,0.8596774193548387,0.2297939778129952,0.1006675085693668,0.7222639619333834,0.6745811105267112,0.3905146316851665,0.1710763680096212,0.1006542056074766,0.1234215438673547
0.167375283446712,0.1293027360988526,0.0570093457943923,0.8540942928039702,0.2357369255150554,0.1060797402128811,0.7265214124718257,0.6787887895409122,0.3937941473259334,0.1746843054720384,0.1049532710280373,0.1291314373558801
0.1700680272108843,0.1330538393645189,0.064018691588785,0.8507444168734493,0.2365293185419968,0.110589933249143,0.7322814926120711,0.6832218799308738,0.3975151362260343,0.1786680697534576,0.1100934579439252,0.134511913912375
0.1659580498866213,0.1293027360988526,0.061214953271028,0.8547146401985113,0.2317749603803486,0.1068013710986829,0.7317806160781366,0.6825456458035914,0.3966321897073662,0.1780667468430547,0.1097196261682243,0.133413857472274
0.1604308390022675,0.1231244483671668,0.0542056074766354,0.860545905707196,0.2274167987321711,0.1004871008479163,0.7255196594039569,0.6780374182883763,0.3929742684157417,0.1736319903788334,0.1045794392523364,0.128033380915779
0.161281179138322,0.1242277140335393,0.055607476635514,0.8596774193548387,0.2278129952456418,0.1017499548980696,0.7226396193338342,0.6756330302802614,0.3913975782038345,0.1711515333734215,0.101214953271028,0.1239705720874052
0.1668083900226757,0.1294130626654898,0.0598130841121493,0.8542183622828785,0.233755942947702,0.1066209633772324,0.7267718507387929,0.6784131039146442,0.3939202825428859,0.1744588093806374,0.1054205607476635,0.1288020204238497
0.1700680272108843,0.1318402471315092,0.0588785046728973,0.8514888337468983,0.2385103011093502,0.1086054483131878,0.7311545204107187,0.6827710571793524,0.3971997981836528,0.1782170775706554,0.109626168224299,0.1341824969803448
0.1665249433106576,0.1276478375992939,0.0528037383177571,0.8554590570719603,0.2361331220285261,0.1039148475554753,0.7309040821437515,0.6824705086783379,0.3966952573158425,0.1784425736620565,0.109626168224299,0.1327550236082134
0.1607142857142857,0.1220211827007943,0.0481308411214952,0.8610421836228288,0.2301901743264658,0.0983222081905106,0.7260205359378912,0.6777368697873619,0.3929742684157417,0.1737823211064341,0.1043925233644859,0.1271549357636982
0.1611394557823129,0.1233451015004413,0.0523364485981308,0.8601736972704715,0.2290015847860538,0.1003066931264658,0.7216378662659654,0.6751822075287399,0.3907038345105953,0.1709260372820204,0.101214953271028,0.1238607664433951
0.1666666666666666,0.1291924095322154,0.0588785046728973,0.8544665012406948,0.233755942947702,0.1064405556557821,0.7257700976709242,0.678638515290405,0.3937310797174571,0.1742333132892363,0.105233644859813,0.1285824091358296
0.1700680272108843,0.1331641659311562,0.0649532710280374,0.8507444168734493,0.2361331220285261,0.1107703409705935,0.7317806160781366,0.6829213314298594,0.3978304742684157,0.1787432351172579,0.110841121495327,0.1351707477764357
0.1663832199546485,0.1294130626654898,0.0607476635514018,0.8544665012406948,0.23256735340729,0.1069817788201334,0.7319058352116202,0.6820196859268164,0.3970736629667002,0.1782170775706554,0.1095327102803738,0.1329746348962336
0.1604308390022675,0.1234554280670785,0.0551401869158878,0.8604218362282879,0.2266244057052298,0.1010283240122676,0.7268970698722764,0.6774363212863475,0.3929112008072654,0.1734816596512327,0.1034579439252336,0.1260568793235972
0.1624149659863945,0.124558693733451,0.0537383177570091,0.8589330024813897,0.2301901743264658,0.1015695471766191,0.7252692211369897,0.676985498534826,0.3925327951564076,0.1728051713770294,0.1032710280373831,0.1259470736795871
0.1832482993197279,0.1429832303618712,0.0626168224299063,0.8394540942928039,0.2555467511885895,0.1183474652715136,0.7367893814174805,0.6863776391915245,0.4017406659939455,0.1837041491280817,0.117196261682243,0.1404414186889206
0.2029478458049886,0.1642762577228596,0.0883177570093457,0.8188585607940447,0.2721870047543581,0.1407180227313729,0.7520661157024794,0.7002780073634383,0.4146064581231079,0.1986620565243535,0.1354205607476635,0.1589985725266278
0.2110260770975056,0.1776257722859665,0.1172897196261683,0.8078163771712159,0.2709984152139461,0.1573155331048168,0.762083646381167,0.7099706965211511,0.422994450050454,0.2091852074564041,0.1481308411214953,0.1714066102997694
0.2208049886621315,0.1898720211827008,0.1378504672897196,0.7966501240694789,0.2761489698890649,0.1712069276565037,0.7682193839218633,0.7152302952889021,0.4297426841574167,0.2171527360192423,0.15803738317757,0.177445920720325
0.2365362811791383,0.206972639011474,0.1579439252336447,0.7801488833746899,0.2896196513470682,0.1890672920801011,0.7748559979964939,0.7213164024344428,0.4378153380423814,0.2267739025856885,0.1695327102803738,0.1864499835291533
0.2558106575963719,0.2274933804060017,0.1813084112149534,0.7601736972704715,0.3066561014263074,0.2103554032112573,0.7895066366140746,0.7343151251033135,0.448284561049445,0.2392513529765484,0.1850467289719626,0.2028110244866585
0.2689909297052154,0.2433804060017652,0.2051401869158879,0.7455334987593053,0.3149762282091917,0.2278549521919538,0.8027798647633358,0.7464873393943948,0.4582492431886982,0.2515784726398076,0.2009345794392523,0.2175249807840122
0.2780612244897959,0.2503309796999118,0.2046728971962616,0.7375930521091811,0.3280507131537242,0.2334475915569186,0.8096669171049335,0.7501690585318205,0.4628531786074671,0.2567648827420324,0.2072897196261681,0.2245525420006588
0.2766439909297052,0.2501103265666373,0.2079439252336448,0.7383374689826303,0.3244849445324881,0.2339888147212699,0.8076634109691961,0.7497182357802991,0.4626639757820383,0.2560132291040289,0.2063551401869158,0.2232348742725376
0.2780612244897959,0.2544130626654898,0.2224299065420559,0.7353598014888338,0.3201267828843105,0.2403030849720367,0.8057851239669421,0.7494928244045383,0.4631054490413723,0.2566897173782321,0.2072897196261681,0.2231250686285275
0.2830215419501134,0.2578331862312444,0.2196261682242989,0.7312655086848636,0.3284469096671949,0.2424679776294424,0.8097921362384172,0.7512961154106244,0.4637991927346114,0.2576668671076367,0.208411214953271,0.2257604040847699
0.282312925170068,0.2551853486319506,0.211214953271028,0.7330024813895782,0.3312202852614896,0.2386794154789824,0.8099173553719008,0.7512961154106244,0.4635469223007063,0.2578923631990379,0.2080373831775701,0.2263094323048204
0.2655895691609977,0.240622241835834,0.2046728971962616,0.7485111662531018,0.3106180665610142,0.225690059534548,0.8021537690959177,0.745886242392366,0.4581861755802219,0.2509019843656043,0.1997196261682242,0.2177445920720324
0.2502834467120181,0.2225286849073256,0.1789719626168222,0.7653846153846154,0.2999207606973059,0.2058452101749954,0.7890057600801401,0.7337140281012848,0.4474646821392533,0.2375225496091401,0.1839252336448598,0.2017129680465575
0.2363945578231292,0.2077449249779347,0.1616822429906541,0.7797766749379653,0.2876386687797147,0.1905105538517048,0.7749812171299775,0.721842362311218,0.4381306760847628,0.2263229104028863,0.1699999999999999,0.1884264851213352
0.2280328798185941,0.1970432480141218,0.1439252336448598,0.7894540942928041,0.2836767036450079,0.1782428287930723,0.7683446030553468,0.7162822150424524,0.4310040363269424,0.2183553818400481,0.1595327102803738,0.1809597013286483
0.215702947845805,0.1809355692850838,0.1163551401869159,0.8039702233250621,0.2781299524564183,0.159660833483673,0.7622088655146506,0.7104966563979263,0.4239404641775983,0.2101623571858087,0.1491588785046729,0.1721752498078401
0.1982709750566893,0.159973521624007,0.0850467289719625,0.8233250620347394,0.2670364500792392,0.1365686451380118,0.7510643626346105,0.6999774588624239,0.4145433905146316,0.1986620565243535,0.1350467289719626,0.1582299330185571
0.1767290249433106,0.136694616063548,0.0570093457943923,0.8459057071960298,0.2488114104595879,0.1122136027421974,0.7351615326821938,0.685926816440003,0.4011730575176589,0.1828021647624774,0.1157009345794392,0.1390139453167893
0.1629818594104308,0.1255516328331862,0.0551401869158878,0.8581885856079404,0.2305863708399366,0.102651993505322,0.7233909341347358,0.6772109099105867,0.3926589303733602,0.172504509921828,0.1027102803738317,0.1263862962556275
0.1670918367346938,0.1291924095322154,0.0574766355140186,0.8542183622828785,0.2353407290015847,0.1060797402128811,0.7255196594039569,0.67916447516718,0.3938572149344096,0.1742333132892363,0.1048598130841121,0.1289118260678599
0.171343537414966,0.1327228596646072,0.058411214953271,0.8503722084367246,0.2404912836767035,0.1091466714775391,0.7316553969446532,0.6827710571793524,0.3971997981836528,0.1780667468430547,0.1095327102803738,0.1344021082683649
0.1672335600907029,0.1298543689320388,0.0598130841121493,0.8538461538461539,0.2341521394611727,0.1071621865415839,0.7315301778111696,0.6820196859268164,0.3965691220988899,0.1774654239326518,0.1091588785046728,0.1335236631162841
0.1605725623582766,0.1231244483671668,0.0532710280373833,0.860545905707196,0.2278129952456418,0.1003066931264658,0.7255196594039569,0.6775865955368547,0.3926589303733602,0.1728803367408298,0.1030841121495327,0.126935324475678
0.1601473922902494,0.1237864077669902,0.0574766355140186,0.8602977667493797,0.2254358161648177,0.1017499548980696,0.722389181066867,0.6754076189045006,0.3912083753784056,0.170625375826819,0.1009345794392523,0.1242999890194356
0.167375283446712,0.1293027360988526,0.0570093457943923,0.8540942928039702,0.2357369255150554,0.1060797402128811,0.72702228900576,0.6789390637914193,0.3939833501513622,0.1739326518340349,0.105233644859813,0.1292412429998902
0.1719104308390022,0.1325022065313327,0.055607476635514,0.8502481389578164,0.2428684627575277,0.1084250405917373,0.7334084648134234,0.6835224284318882,0.3976412714429868,0.1788935658448587,0.1099065420560747,0.1348413308444054
0.1680839002267573,0.1290820829655781,0.0532710280373833,0.8538461538461539,0.2385103011093502,0.1051777016056287,0.7322814926120711,0.6827710571793524,0.3968213925327951,0.178141912206855,0.1088785046728971,0.1333040518282639
0.1609977324263038,0.1233451015004413,0.0532710280373833,0.8602977667493797,0.2282091917591124,0.1004871008479163,0.724517906336088,0.6776617326621084,0.3930373360242179,0.1732561635598316,0.1035514018691588,0.1267157131876578
0.1604308390022675,0.123676081200353,0.0560747663551403,0.8602977667493797,0.226228209191759,0.1012087317337181,0.7220135236664161,0.6755578931550079,0.3908930373360242,0.1707005411906193,0.1007476635514018,0.1235313495113649
0.167375283446712,0.1291924095322154,0.0565420560747661,0.8540942928039702,0.2357369255150554,0.1058993324914306,0.7267718507387929,0.6784882410398977,0.3937310797174571,0.1742333132892363,0.1047663551401869,0.1290216317118699
0.1710600907029478,0.1332744924977934,0.0616822429906542,0.8502481389578164,0.2389064976228209,0.110229117806242,0.7324067117455547,0.6826959200540987,0.397452068617558,0.1788935658448587,0.109626168224299,0.1350609421324256
0.1670918367346938,0.1288614298323036,0.0560747663551403,0.8544665012406948,0.2357369255150554,0.1055385170485296,0.731404958677686,0.6823202344278307,0.3971367305751765,0.1779915814792543,0.1087850467289719,0.1346217195563852
0.1601473922902494,0.123676081200353,0.0565420560747661,0.8604218362282879,0.2258320126782884,0.1013891394551686,0.7243926872026045,0.6780374182883763,0.3928481331987891,0.172730006013229,0.1032710280373831,0.1267157131876578
0.1600056689342403,0.1240070609002648,0.0588785046728973,0.8602977667493797,0.2246434231378763,0.1021107703409705,0.721763085399449,0.6756330302802614,0.391082240161453,0.1709260372820204,0.1008411214953271,0.1233117382233446
0.1666666666666666,0.1299646954986761,0.0621495327102805,0.8540942928039702,0.23256735340729,0.1075230019844849,0.7260205359378912,0.6790142009166729,0.3937310797174571,0.174383644016837,0.1041121495327102,0.1279235752717689
0.1709183673469388,0.1333848190644307,0.0630841121495325,0.8502481389578164,0.2381141045958795,0.110589933249143,0.731404958677686,0.683372154181381,0.3970736629667002,0.1788184004810583,0.1086915887850467,0.1350609421324256
0.1670918367346938,0.1289717563989408,0.0565420560747661,0.8543424317617866,0.2357369255150554,0.1057189247699801,0.7315301778111696,0.6825456458035914,0.3966952573158425,0.1779915814792543,0.1087850467289719,0.1340726913363346
0.1544784580498866,0.1134157105030891,0.0322429906542054,0.8686104218362284,0.2282091917591124,0.0883997835107342,0.7246431254695717,0.6771357727853332,0.3881811301715438,0.17085087191822,0.0971028037383177,0.1181508729548698
0.1213151927437641,0.0859443954104148,0.0252336448598131,0.8986352357320099,0.1846275752773375,0.0645859642792711,0.7129977460555972,0.6621083477346157,0.3694500504540867,0.1518340348767288,0.0670093457943925,0.0858680136158998
0.0609410430839002,0.0453442188879082,0.0523364485981308,0.9478908188585607,0.0887480190174326,0.036622767454447,0.7064863511144502,0.6440754376737545,0.3504667003027245,0.1204900781719783,0.0358878504672897,0.0445810914681014
0.0174319727891156,0.0123565754633715,0.0560747663551403,0.985483870967742,0.0265451664025356,0.0102832401226772,0.7281492612071124,0.647080922683898,0.3588546922300706,0.1101924233313289,0.0105607476635513,0.015153178873394
0.0348639455782312,0.0259267431597528,0.0560747663551403,0.9702233250620348,0.0511093502377179,0.0214685188526069,0.7916353618832958,0.6954692313472086,0.4266523713420787,0.1600270595309681,0.0294392523364485,0.0323926649829801
0.1438492063492063,0.1244483671668137,0.1140186915887851,0.8671215880893302,0.1786846275752773,0.1131156413494497,0.8615076383671425,0.772860470358404,0.5549949545913219,0.2881840048105832,0.1275700934579439,0.1295706599319205
0.3160430839002267,0.2932480141218005,0.260747663551402,0.6968982630272954,0.3569730586370839,0.2794515605267905,0.9198597545704984,0.8612217296566232,0.7020055499495459,0.4753457606734816,0.311214953271028,0.2948281541671241
0.5372732426303856,0.5143424536628421,0.4682242990654206,0.475682382133995,0.5784469096671948,0.5002706115821758,0.9729526671675433,0.9460515440679238,0.8453582240161451,0.6828773301262777,0.5327102803738317,0.5124629405951466
0.7542517006802721,0.7437113857016769,0.7242990654205607,0.2517369727047146,0.7733755942947701,0.7371459498466535,0.9983721512647132,0.998872943121196,0.9725655903128152,0.8940920024052916,0.779626168224299,0.7443724607444823
0.9375,0.933583406884378,0.9242990654205604,0.0647642679900744,0.9445324881141044,0.9310842504059174,0.9296268469822188,0.9525133368397324,0.9877648839556004,0.9987973541791942,0.9663551401869158,0.9374107829142418
0.98781179138322,0.9889673433362756,0.9925233644859812,0.0116625310173697,0.9857369255150552,0.989536352155872,0.7399198597545704,0.7905928319182507,0.8333753784056508,0.91461214672279,0.9757943925233644,0.9896782694630504
0.8908730158730159,0.8891218005295676,0.8897196261682243,0.1101736972704714,0.894215530903328,0.8879668049792531,0.484472827448034,0.5493275227289803,0.5793390514631684,0.7239927841250752,0.8315887850467288,0.889315910837817
0.7233560090702948,0.7106134157105031,0.6864485981308409,0.2838709677419355,0.7460380348652931,0.7028684827710624,0.2390433258201853,0.2762792095574423,0.3117431886982845,0.4942122669873722,0.637663551401869,0.7112111562534315
0.526218820861678,0.5031994704324801,0.4570093457943923,0.4868486352357321,0.5677496038034865,0.4889049251307955,0.0504633107938892,0.0616875798331956,0.0848259334006054,0.2738274203247143,0.3990654205607475,0.5064236301745909
0.3202947845804988,0.2839805825242719,0.2074766355140186,0.7001240694789083,0.3858954041204437,0.2615911961031932,0.0220385674931129,0.011120294537531,0.0067482341069626,0.0928292242934455,0.1970093457943925,0.2899967058306796
0.1809807256235827,0.1373565754633715,0.0462616822429907,0.8435483870967742,0.2595087163232963,0.110589933249143,0.1596543951915852,0.1125554136298745,0.0594096871846619,0.006464221286831,0.0736448598130841,0.1446140331613044
0.1143707482993197,0.0750220653133274,0.0018691588785045,0.907816377171216,0.1850237717908082,0.0510553851704853,0.3429752066115702,0.2811631226989255,0.1652371342078708,0.0096963319302465,0.0270093457943925,0.0768639508070714
0.0844671201814059,0.0580317740511914,0.0285046728971963,0.9305210918114144,0.1319334389857369,0.0422154068194118,0.5154019534184823,0.4439101359981967,0.2679112008072654,0.0599819603126879,0.0257009345794392,0.0566597123092126
0.096797052154195,0.0702780229479258,0.0397196261682243,0.9181141439205956,0.1446117274167987,0.0544831318780444,0.6284748309541698,0.5653317304079946,0.3345105953582239,0.1156043295249548,0.0470093457943925,0.0718128911826067
0.1386054421768707,0.0979699911738746,0.019158878504673,0.8843672456575684,0.2115689381933438,0.0732455349088941,0.6928374655647382,0.6352092568938311,0.3702068617558022,0.149804570054119,0.0742056074766355,0.1013506094213242
0.1575963718820861,0.1149602824360105,0.0285046728971963,0.8665012406947892,0.2341521394611727,0.0887605989536352,0.7198847983971951,0.6672928093771132,0.3862260343087789,0.166265784726398,0.0935514018691588,0.1195783463270012
0.1615646258503401,0.1222418358340688,0.0467289719626169,0.8606699751861043,0.2317749603803486,0.0983222081905106,0.7225144002003506,0.6750319332782327,0.3908299697275479,0.1705502104630186,0.0994392523364486,0.1235313495113649
0.1670918367346938,0.1294130626654898,0.058411214953271,0.8540942928039702,0.2345483359746434,0.1064405556557821,0.7266466316053093,0.6789390637914193,0.3940464177598385,0.1740078171978352,0.1043925233644859,0.1290216317118699
0.171343537414966,0.1325022065313327,0.0570093457943923,0.8506203473945411,0.2412836767036449,0.1086054483131878,0.7311545204107187,0.6830716056803666,0.3972628657921291,0.1780667468430547,0.1095327102803738,0.1348413308444054
0.1685090702947845,0.1296337157987643,0.0546728971962616,0.8533498759305213,0.2385103011093502,0.1058993324914306,0.7316553969446532,0.6821699601773236,0.3971367305751765,0.1776909200240529,0.1090654205607476,0.1348413308444054
0.161422902494331,0.123676081200353,0.0528037383177571,0.859925558312655,0.2290015847860538,0.1006675085693668,0.7262709742048584,0.6772109099105867,0.3925327951564076,0.173556825015033,0.1031775700934579,0.1283627978478093
0.1608560090702948,0.1230141218005295,0.0518691588785046,0.8604218362282879,0.2290015847860538,0.0999458776835648,0.7226396193338342,0.6744308362762041,0.3900100908173561,0.17085087191822,0.0994392523364486,0.1244097946634456
0.1679421768707482,0.1301853486319505,0.0588785046728973,0.8533498759305213,0.2357369255150554,0.1071621865415839,0.7267718507387929,0.678638515290405,0.3940464177598385,0.1744588093806374,0.1037383177570093,0.1284726034918194
0.1724773242630385,0.1336054721977052,0.058411214953271,0.8495037220843674,0.242472266244057,0.1098683023633411,0.7331580265464563,0.683747839807649,0.3980196770938446,0.1793445580276608,0.109626168224299,0.1348413308444054
0.1666666666666666,0.1293027360988526,0.0593457943925235,0.8543424317617866,0.233755942947702,0.1066209633772324,0.7322814926120711,0.6832970170561274,0.3973259334006054,0.1786680697534576,0.1098130841121495,0.1340726913363346
0.1605725623582766,0.1231244483671668,0.0532710280373833,0.860545905707196,0.2278129952456418,0.1003066931264658,0.7261457550713748,0.6778120069126156,0.3929112008072654,0.1734816596512327,0.1038317757009345,0.1264961018996376
0.161422902494331,0.1235657546337157,0.0523364485981308,0.859925558312655,0.2293977812995245,0.1004871008479163,0.7231404958677685,0.6754827560297544,0.3908930373360242,0.1709260372820204,0.1004672897196261,0.1236411551553749
0.1666666666666666,0.1300750220653133,0.0626168224299063,0.8539702233250621,0.2321711568938192,0.1078838174273858,0.7257700976709242,0.6792396122924336,0.3939202825428859,0.1744588093806374,0.1043925233644859,0.1288020204238497
0.1709183673469388,0.1329435127978817,0.0607476635514018,0.8504962779156328,0.2389064976228209,0.1098683023633411,0.7310293012772351,0.6832970170561274,0.3971997981836528,0.1783674082982561,0.1090654205607476,0.1344021082683649
0.1672335600907029,0.1296337157987643,0.0588785046728973,0.8539702233250621,0.2349445324881141,0.1068013710986829,0.7316553969446532,0.682620782928845,0.3968844601412714,0.1780667468430547,0.1089719626168224,0.1342923026243549
0.1608560090702948,0.1240070609002648,0.0565420560747661,0.859925558312655,0.2266244057052298,0.1017499548980696,0.7257700976709242,0.6779622811631226,0.3927219979818365,0.173556825015033,0.1029906542056074,0.1275941583397386
0.1621315192743764,0.1238967343336275,0.0518691588785046,0.8594292803970224,0.2305863708399366,0.1006675085693668,0.7222639619333834,0.6748065219024719,0.3912714429868819,0.1707005411906193,0.1006542056074766,0.1239705720874052
0.1686507936507936,0.129523389232127,0.0537383177570091,0.8533498759305213,0.2389064976228209,0.1057189247699801,0.7258953168044077,0.6785633781651514,0.3939833501513622,0.1736319903788334,0.1047663551401869,0.1284726034918194
0.1724773242630385,0.1332744924977934,0.0570093457943923,0.8496277915632755,0.2428684627575277,0.1093270791989896,0.7320310543451038,0.6834472913066345,0.3977674066599394,0.1788184004810583,0.1103738317757009,0.1352805534204458
0.1676587301587301,0.1291924095322154,0.055607476635514,0.8539702233250621,0.2369255150554675,0.1057189247699801,0.7302779864763336,0.6829213314298594,0.3973259334006054,0.1782170775706554,0.1092523364485981,0.1344021082683649
0.1609977324263038,0.123234774933804,0.0518691588785046,0.8602977667493797,0.2290015847860538,0.1001262854050153,0.7255196594039569,0.6779622811631226,0.3933526740665993,0.1730306674684305,0.1033644859813084,0.1283627978478093
0.1609977324263038,0.123234774933804,0.0523364485981308,0.8602977667493797,0.2286053882725832,0.1001262854050153,0.722389181066867,0.6758584416560222,0.391523713420787,0.1703998797354179,0.1007476635514018,0.1250686285275062
0.1663832199546485,0.129523389232127,0.061214953271028,0.8543424317617866,0.23256735340729,0.1069817788201334,0.7256448785374405,0.6790142009166729,0.3937310797174571,0.1738574864702345,0.1045794392523364,0.1290216317118699
0.1709183673469388,0.1329435127978817,0.0607476635514018,0.8504962779156328,0.2389064976228209,0.1098683023633411,0.7311545204107187,0.6835224284318882,0.397452068617558,0.1786680697534576,0.1093457943925233,0.1346217195563852
0.1669501133786848,0.1294130626654898,0.058411214953271,0.8542183622828785,0.2345483359746434,0.1064405556557821,0.7322814926120711,0.6829213314298594,0.3970736629667002,0.1785929043896572,0.1089719626168224,0.1346217195563852
0.1595804988662131,0.1231244483671668,0.0565420560747661,0.8609181141439206,0.225039619651347,0.1010283240122676,0.7258953168044077,0.6783379667893906,0.3929742684157417,0.1734064942874323,0.1033644859813084,0.1273745470517184
0.161281179138322,0.124117387466902,0.0551401869158878,0.8596774193548387,0.2278129952456418,0.1013891394551686,0.7221387427998998,0.6754827560297544,0.391082240161453,0.1709260372820204,0.1007476635514018,0.1233117382233446
0.1680839002267573,0.129523389232127,0.0551401869158878,0.8535980148883375,0.2377179080824089,0.1058993324914306,0.7255196594039569,0.6787887895409122,0.3939202825428859,0.1738574864702345,0.1043925233644859,0.1278137696277588
0.1716269841269841,0.1333848190644307,0.0602803738317755,0.85,0.2400950871632329,0.1100487100847916,0.7326571500125219,0.6838229769329026,0.3978304742684157,0.1785177390258568,0.1097196261682243,0.1346217195563852
0.1670918367346938,0.129523389232127,0.0588785046728973,0.8540942928039702,0.2345483359746434,0.1066209633772324,0.7315301778111696,0.6832218799308738,0.3973890010090817,0.1777660853878532,0.1086915887850467,0.1335236631162841
0.1605725623582766,0.1233451015004413,0.0542056074766354,0.8604218362282879,0.2274167987321711,0.1006675085693668,0.7258953168044077,0.6778120069126156,0.393289606458123,0.1731058328322309,0.103644859813084,0.1271549357636982
0.161281179138322,0.123676081200353,0.0532710280373833,0.859925558312655,0.2286053882725832,0.1006675085693668,0.722389181066867,0.676083853031783,0.3909561049445005,0.1709260372820204,0.1010280373831775,0.1246294059514659
0.1690759637188208,0.129523389232127,0.0523364485981308,0.853225806451613,0.2400950871632329,0.1053581093270792,0.7250187828700225,0.6794650236681944,0.3937310797174571,0.1740078171978352,0.1045794392523364,0.1285824091358296
0.1730442176870748,0.1332744924977934,0.0551401869158878,0.8493796526054591,0.2444532488114104,0.1089662637560886,0.7320310543451038,0.6844240739349312,0.3991548940464177,0.179795550210463,0.1102803738317756,0.1350609421324256
0.1789965986394558,0.1379082082965578,0.0551401869158878,0.8441687344913152,0.2527733755942947,0.1127548259065487,0.7367893814174805,0.6914118265835149,0.4089934409687184,0.1905441972339146,0.1176635514018691,0.140880641264961
0.1886337868480725,0.1467343336275375,0.0607476635514018,0.8349875930521092,0.2638668779714738,0.1210535810932707,0.7392937640871524,0.6970471109775339,0.4228052472250251,0.2030216476247745,0.1254205607476635,0.1457120896014055
0.2046485260770975,0.1633936451897616,0.0785046728971961,0.8186104218362283,0.2785261489698891,0.1381923146310662,0.7454295016278487,0.706138703133218,0.4388874873864782,0.2190318701142513,0.1377570093457943,0.1548259580542439
0.2273242630385487,0.1851279788172992,0.0957943925233646,0.7965260545905708,0.3030903328050713,0.1591196103193216,0.7594540445780116,0.7223683221879931,0.4610872855701311,0.2404539987973541,0.1561682242990654,0.17206544416383
0.2505668934240363,0.2059796999117387,0.1074766355140187,0.7745657568238214,0.3304278922345482,0.1786036442359732,0.775732531930879,0.7407017807498685,0.4843592330978808,0.265634395670475,0.1771028037383177,0.191501043153618
0.264030612244898,0.219108561341571,0.1186915887850466,0.7612903225806452,0.3446909667194928,0.1914125924589572,0.7856248434760832,0.7534750920429784,0.5046670030272452,0.2847263980757666,0.1911214953271027,0.2050071373668606
0.2726757369614512,0.2285966460723742,0.1303738317757007,0.7521091811414392,0.351822503961965,0.201515424860184,0.7903831705484597,0.7616650386956194,0.5199293642785064,0.2992333132892363,0.2006542056074766,0.2120346985835071
0.2912414965986394,0.2476831421006178,0.15,0.7333746898263028,0.3692551505546751,0.2208190510553852,0.7977710994239919,0.7719588248553609,0.5377774974772955,0.316446181599519,0.2133644859813084,0.2225760404084769
0.3143424036281179,0.2703000882612533,0.1696261682242988,0.7104218362282879,0.3934231378763866,0.2431896085152445,0.8111695467067367,0.7888646780374182,0.5589682139253278,0.338770294648226,0.2338317757009345,0.2412429998901943
0.3348922902494331,0.2894969108561341,0.1836448598130841,0.6906947890818859,0.4164025356576861,0.2614107883817427,0.8256949661908339,0.805845668344729,0.5817986881937437,0.3623722188815393,0.2523364485981308,0.2603491819479521
0.3449546485260771,0.2999779346866726,0.194859813084112,0.6803970223325063,0.4255150554675118,0.2722352516687714,0.8337089907337841,0.816064317379217,0.5990161453077698,0.3799609140108237,0.2650467289719626,0.2707807181289118
0.3530328798185941,0.309135039717564,0.2060747663551403,0.6717121588089331,0.4322503961965134,0.2817968609056467,0.8374655647382919,0.822450973025772,0.6116927346115034,0.3908598917618761,0.2721495327102803,0.2751729438893159
0.3696145124716553,0.3235878199470433,0.2135514018691588,0.6563275434243178,0.4520602218700475,0.2951470322929821,0.843350864012021,0.8307160568036666,0.6247477295660948,0.4038634996993385,0.2807476635514018,0.2831887559020533
0.3876133786848073,0.3401368049426302,0.2238317757009346,0.6392059553349877,0.4730586370839936,0.3106620963377232,0.8524918607563235,0.8432639567210158,0.641082240161453,0.4210012026458208,0.2954205607476635,0.2965850444712858
0.4009353741496598,0.3524933804060018,0.2317757009345793,0.6264267990074441,0.4881141045958795,0.3223885982320042,0.8643876784372652,0.8552858967615898,0.6571014127144299,0.4363349368610943,0.3110280373831776,0.3105303612605687
0.4070294784580499,0.35977493380406,0.2434579439252334,0.6196029776674938,0.4916798732171156,0.3305069456972759,0.870648635111445,0.8615974152828911,0.667949041372351,0.4474594107035478,0.3174766355140186,0.3182167563412759
0.4104308390022676,0.3624227714033539,0.2429906542056072,0.6166253101736974,0.4968304278922344,0.3324914306332311,0.870022539444027,0.8627244721616951,0.671670030272452,0.4515935057125676,0.3194392523364485,0.317228505545185
0.4121315192743764,0.3663945278022948,0.2542056074766355,0.6136476426799008,0.4940570522979396,0.3379036622767454,0.8691460055096418,0.8649034487940491,0.6766523713420786,0.4552766085387853,0.3218691588785046,0.3198638410014274
0.4202097505668934,0.375882612533098,0.2677570093457942,0.6048387096774194,0.4996038034865293,0.3483673101208731,0.873153017781117,0.8697873619355323,0.6837159434914227,0.462717979555021,0.3288785046728971,0.326891402218074
0.4253117913832199,0.3793027360988526,0.2654205607476634,0.600620347394541,0.5079239302694136,0.3507126104997293,0.8784122213874279,0.8746712750770155,0.6880676084762865,0.4675285628382441,0.3346728971962616,0.3334797408586801
0.4210600907029478,0.3756619593998235,0.2635514018691589,0.6044665012406949,0.5027733755942947,0.3474652715136207,0.8775356874530428,0.8737696295739724,0.6874369323915236,0.4667017438364402,0.3335514018691589,0.3326012957065993
0.4122732426303855,0.3686010591350397,0.2630841121495327,0.6122828784119108,0.4904912836767036,0.3415118167057549,0.8715251690458301,0.8679089338041927,0.6813193743693239,0.4601623571858088,0.3265420560747663,0.3240364554738113
0.4119897959183673,0.3646293027360988,0.2476635514018691,0.6147642679900746,0.4968304278922344,0.3351975464549883,0.8682694715752566,0.8626493350364414,0.6732467204843592,0.4526458208057726,0.3204672897196261,0.3171186999011749
0.4131235827664399,0.3648499558693734,0.2443925233644859,0.6140198511166254,0.5,0.3348367310120873,0.8673929376408716,0.8609963182808625,0.6687058526740666,0.4484365604329525,0.3177570093457944,0.3165696716811244
0.4050453514739229,0.3590026478375993,0.2462616822429904,0.6208436724565757,0.4877179080824088,0.3305069456972759,0.8673929376408716,0.8593433015252836,0.6637865792129162,0.4426488274203247,0.3161682242990654,0.3160206434610739
0.3938492063492063,0.3460944395410415,0.2285046728971961,0.6331265508684863,0.4793977812995246,0.3164351434241385,0.8607563235662409,0.8516793147494176,0.651866801210898,0.4307726999398677,0.3074766355140186,0.3056989129241242
0.3751417233560091,0.3285525154457193,0.2158878504672895,0.6511166253101738,0.4587955625990491,0.2996572253292441,0.8489857250187828,0.8380794950785183,0.6339556004036326,0.4137853277209861,0.2903738317757009,0.2906555396947403
0.3623866213151927,0.3166372462488968,0.2070093457943924,0.6633995037220844,0.4449286846275752,0.2882915388778639,0.8384673178061607,0.8253813209106619,0.6177472250252269,0.3967979555021046,0.2760747663551401,0.2782475019215987
0.3533163265306122,0.3084730803177405,0.2023364485981309,0.6719602977667494,0.4338351822503962,0.2805340068554934,0.8332081141998496,0.817341648508528,0.604313824419778,0.3847714972940469,0.2675700934579439,0.2718787745690128
0.3407029478458049,0.2964474845542807,0.1934579439252337,0.68424317617866,0.4203645007923929,0.2691683204041133,0.8307037315301777,0.811330678488241,0.5910065590312815,0.3719933854479856,0.259626168224299,0.2654002415724168
0.3218537414965987,0.2784642541924095,0.1794392523364484,0.702605459057072,0.3997622820919175,0.2516687714234168,0.8208114199849738,0.80021038395071,0.5720232088799192,0.3529765484064943,0.2455140186915887,0.2525529812232348
0.2981859410430839,0.2556266548984995,0.1602803738317754,0.7258064516129032,0.3748019017432646,0.2292982139635575,0.8057851239669421,0.7820271996393418,0.5493188698284561,0.3290739627179795,0.2246728971962616,0.2327879653014164
0.2817460317460317,0.2380847308031774,0.1406542056074766,0.7429280397022333,0.3601426307448494,0.2110770340970593,0.7927623340846481,0.7665489518371027,0.5287588294651867,0.3075766686710763,0.2065420560747663,0.2170857582079718
0.2715419501133786,0.22716240070609,0.12803738317757,0.7534739454094294,0.3510301109350238,0.1997113476456793,0.7851239669421487,0.7559546171763468,0.5110368314833501,0.2901383042693926,0.1942990654205607,0.2066542220270121
0.2597789115646258,0.2159090909090908,0.1191588785046728,0.765012406947891,0.3383518225039619,0.1888868843586506,0.7792386676684196,0.7474641220226913,0.4943869828456104,0.2751052315093205,0.1841121495327102,0.1980893817942242
0.235969387755102,0.1927405119152692,0.0995327102803736,0.7883374689826304,0.313391442155309,0.1661555114558903,0.7697220135236664,0.7329626568487488,0.4740792129162461,0.2548105832832231,0.1687850467289719,0.1849127045130119
0.2140022675736961,0.1707855251544572,0.0789719626168223,0.8102977667493797,0.2916006339144215,0.144145769438932,0.7555722514400199,0.7156811180404238,0.4507441977800202,0.2306073361395069,0.14803738317757,0.1650378829471834
0.1975623582766439,0.1544571932921447,0.0635514018691588,0.8267990074441688,0.2749603803486529,0.1279090745083888,0.7424242424242423,0.7006536929897061,0.4301210898082744,0.2100871918220084,0.1304672897196261,0.1485670363456681
0.1870748299319728,0.1453000882612533,0.0598130841121493,0.8364764267990075,0.2618858954041204,0.1196103193216668,0.736038066616579,0.692839431963333,0.4139127144298687,0.1956554419723391,0.1187850467289719,0.1415394751290216
0.1748866213151927,0.1362533097969991,0.0616822429906542,0.8468982630272954,0.2444532488114104,0.1125744181850982,0.7336589030803906,0.6872792846945676,0.401866801210898,0.1841551413108839,0.1123364485981308,0.1370374437246074
0.1670918367346938,0.1288614298323036,0.0560747663551403,0.8544665012406948,0.2357369255150554,0.1055385170485296,0.7315301778111696,0.682620782928845,0.3964429868819373,0.1776909200240529,0.1083177570093457,0.1328648292522235
0.1607142857142857,0.1229037952338922,0.0518691588785046,0.860545905707196,0.2286053882725832,0.0999458776835648,0.7261457550713748,0.6778871440378691,0.3924697275479313,0.1733313289236319,0.1038317757009345,0.1262764906116174
0.1605725623582766,0.123234774933804,0.0537383177570091,0.860545905707196,0.2274167987321711,0.1004871008479163,0.722389181066867,0.6757833045307686,0.3908930373360242,0.1709260372820204,0.1000934579439252,0.1235313495113649
0.1662414965986394,0.1296337157987643,0.0621495327102805,0.8544665012406948,0.2317749603803486,0.1073425942630344,0.7268970698722764,0.6790142009166729,0.393289606458123,0.1736319903788334,0.103644859813084,0.1281431865597891
0.1710600907029478,0.13261253309797,0.0588785046728973,0.8506203473945411,0.2400950871632329,0.1091466714775391,0.7320310543451038,0.6834472913066345,0.3968844601412714,0.1778412507516536,0.1094392523364485,0.1333040518282639
0.1668083900226757,0.1288614298323036,0.0570093457943923,0.8545905707196031,0.2349445324881141,0.1057189247699801,0.7320310543451038,0.682620782928845,0.3965060544904136,0.1783674082982561,0.1093457943925233,0.1328648292522235
0.1595804988662131,0.123676081200353,0.0588785046728973,0.8606699751861043,0.223851030110935,0.10193036261952,0.7260205359378912,0.6779622811631226,0.3925327951564076,0.1740078171978352,0.1033644859813084,0.1261666849676073
0.1609977324263038,0.1234554280670785,0.0532710280373833,0.8601736972704715,0.2282091917591124,0.1006675085693668,0.7226396193338342,0.6761589901570365,0.3911453077699293,0.1709260372820204,0.1013084112149532,0.1230921269353244
0.167375283446712,0.1290820829655781,0.0565420560747661,0.8542183622828785,0.2361331220285261,0.1058993324914306,0.7262709742048584,0.6792396122924336,0.3938572149344096,0.1743084786530366,0.1047663551401869,0.1272647414077083
0.171343537414966,0.1333848190644307,0.061214953271028,0.85,0.2396988906497623,0.110229117806242,0.7324067117455547,0.6841235254339169,0.3977674066599394,0.178968731208659,0.1101869158878504,0.1342923026243549
0.167375283446712,0.1297440423654016,0.0588785046728973,0.8538461538461539,0.2349445324881141,0.1068013710986829,0.7320310543451038,0.6835975655571417,0.3969475277497477,0.1778412507516536,0.1089719626168224,0.133413857472274
0.1607142857142857,0.1235657546337157,0.0546728971962616,0.8602977667493797,0.2274167987321711,0.1008479162908171,0.7256448785374405,0.6785633781651514,0.3926589303733602,0.1731809981960312,0.1025233644859813,0.1263862962556275
0.1602891156462584,0.1240070609002648,0.0579439252336448,0.8601736972704715,0.2254358161648177,0.10193036261952,0.722389181066867,0.676083853031783,0.3907669021190716,0.1707757065544197,0.0997196261682242,0.1224332930712638
0.1672335600907029,0.1299646954986761,0.0602803738317755,0.8538461538461539,0.2341521394611727,0.1071621865415839,0.7262709742048584,0.6794650236681944,0.3934788092835519,0.1740078171978352,0.1042056074766355,0.1268255188316679
0.1699263038548752,0.1330538393645189,0.064018691588785,0.8508684863523573,0.2365293185419968,0.110589933249143,0.7322814926120711,0.6840483883086633,0.3973890010090817,0.1791190619362597,0.1102803738317756,0.1339628856923246
0.1670918367346938,0.1290820829655781,0.0570093457943923,0.8543424317617866,0.2353407290015847,0.1058993324914306,0.7327823691460055,0.6832970170561274,0.3968213925327951,0.1783674082982561,0.1092523364485981,0.1330844405402437
0.1604308390022675,0.123234774933804,0.0542056074766354,0.860545905707196,0.2270206022187004,0.1006675085693668,0.7261457550713748,0.6783379667893906,0.3929742684157417,0.1739326518340349,0.1030841121495327,0.1261666849676073
0.161281179138322,0.1243380406001764,0.055607476635514,0.8595533498759306,0.2278129952456418,0.1017499548980696,0.7213874279989982,0.6754827560297544,0.3907669021190716,0.1710012026458208,0.0997196261682242,0.1230921269353244
0.1679421768707482,0.1305163283318623,0.0602803738317755,0.8531017369727047,0.2353407290015847,0.1077034097059354,0.7253944402704733,0.678638515290405,0.3932265388496467,0.1732561635598316,0.1032710280373831,0.1268255188316679
0.171343537414966,0.1340467784642542,0.064018691588785,0.8496277915632755,0.2385103011093502,0.1113115641349448,0.7315301778111696,0.6835975655571417,0.3971997981836528,0.177916416115454,0.1094392523364485,0.1341824969803448
0.1665249433106576,0.1294130626654898,0.0602803738317755,0.8543424317617866,0.2333597464342313,0.1068013710986829,0.7302779864763336,0.6829213314298594,0.3965060544904136,0.1776157546602525,0.1083177570093457,0.1333040518282639
0.1604308390022675,0.1233451015004413,0.0542056074766354,0.860545905707196,0.2274167987321711,0.1006675085693668,0.7253944402704733,0.6779622811631226,0.3925327951564076,0.1731809981960312,0.1033644859813084,0.1274843526957285
0.1608560090702948,0.1234554280670785,0.0537383177570091,0.8602977667493797,0.2278129952456418,0.1006675085693668,0.7221387427998998,0.6754076189045006,0.3912714429868819,0.1710763680096212,0.1000934579439252,0.1247392115954759
0.1668083900226757,0.1306266548984996,0.0644859813084112,0.8535980148883375,0.2317749603803486,0.1086054483131878,0.7267718507387929,0.67916447516718,0.3936680121089808,0.1744588093806374,0.104018691588785,0.1284726034918194
0.1710600907029478,0.1336054721977052,0.0630841121495325,0.8501240694789083,0.2385103011093502,0.1107703409705935,0.7320310543451038,0.6832970170561274,0.3972628657921291,0.1785177390258568,0.1089719626168224,0.1346217195563852
0.1663832199546485,0.1291924095322154,0.0598130841121493,0.8545905707196031,0.2329635499207606,0.1064405556557821,0.7320310543451038,0.6834472913066345,0.3971367305751765,0.1782170775706554,0.1089719626168224,0.1342923026243549
0.1590136054421768,0.1231244483671668,0.058411214953271,0.8612903225806452,0.2234548335974643,0.1012087317337181,0.7258953168044077,0.6784131039146442,0.3933526740665993,0.1731058328322309,0.1027102803738317,0.126935324475678
0.1602891156462584,0.1229037952338922,0.0532710280373833,0.8607940446650124,0.2274167987321711,0.1001262854050153,0.7220135236664161,0.6758584416560222,0.3915867810292633,0.1703998797354179,0.1000934579439252,0.1238607664433951
0.167517006802721,0.1294130626654898,0.0565420560747661,0.8539702233250621,0.2361331220285261,0.1060797402128811,0.7257700976709242,0.6788639266661658,0.3943617558022199,0.174383644016837,0.104018691588785,0.1282529922037993
0.171485260770975,0.1328331862312445,0.058411214953271,0.8502481389578164,0.2408874801901743,0.1093270791989896,0.7317806160781366,0.6838229769329026,0.397452068617558,0.1785929043896572,0.1091588785046728,0.1338530800483144
0.1659580498866213,0.1285304501323919,0.058411214953271,0.8550868486352359,0.2333597464342313,0.1057189247699801,0.7320310543451038,0.6836727026823952,0.3973259334006054,0.1782170775706554,0.1085981308411214,0.1328648292522235
0.159438775510204,0.1231244483671668,0.0570093457943923,0.8610421836228288,0.2246434231378763,0.1010283240122676,0.7261457550713748,0.67916447516718,0.3936049445005045,0.1734816596512327,0.1037383177570093,0.126935324475678
0.1600056689342403,0.1233451015004413,0.0560747663551403,0.8606699751861043,0.2258320126782884,0.1010283240122676,0.7221387427998998,0.676083853031783,0.3915867810292633,0.1711515333734215,0.1008411214953271,0.1238607664433951
0.1672335600907029,0.1297440423654016,0.0593457943925235,0.8538461538461539,0.2345483359746434,0.1069817788201334,0.7271475081392437,0.6795401607934479,0.3937941473259334,0.1745339747444378,0.1042056074766355,0.1285824091358296
0.1706349206349206,0.1334951456310679,0.064018691588785,0.8503722084367246,0.2373217115689381,0.1107703409705935,0.7331580265464563,0.6841235254339169,0.3978304742684157,0.178968731208659,0.1099065420560747,0.1340726913363346
0.1659580498866213,0.1296337157987643,0.0630841121495325,0.8544665012406948,0.231378763866878,0.1075230019844849,0.7325319308790382,0.6827710571793524,0.3971997981836528,0.177916416115454,0.1087850467289719,0.1328648292522235
0.1604308390022675,0.1231244483671668,0.0537383177570091,0.860545905707196,0.2274167987321711,0.1004871008479163,0.7272727272727273,0.678262829664137,0.3934788092835519,0.1733313289236319,0.1039252336448598,0.1266059075436477
0.1590136054421768,0.1237864077669902,0.061214953271028,0.8607940446650124,0.2222662440570523,0.1024715857838715,0.7233909341347358,0.6766849500338117,0.3912714429868819,0.1711515333734215,0.101214953271028,0.1239705720874052
0.1665249433106576,0.1302956751985878,0.064018691588785,0.8538461538461539,0.231378763866878,0.1082446328702868,0.7260205359378912,0.6793898865429409,0.3934788092835519,0.174383644016837,0.1042990654205607,0.1288020204238497
0.1709183673469388,0.1336054721977052,0.0630841121495325,0.8501240694789083,0.2381141045958795,0.1107703409705935,0.7319058352116202,0.6836727026823952,0.3971997981836528,0.1791942273000601,0.1092523364485981,0.1348413308444054
0.1665249433106576,0.1293027360988526,0.0598130841121493,0.8544665012406948,0.2333597464342313,0.1066209633772324,0.7319058352116202,0.6831467428056202,0.3971367305751765,0.177916416115454,0.1087850467289719,0.1341824969803448
0.1595804988662131,0.1230141218005295,0.0565420560747661,0.8610421836228288,0.225039619651347,0.1008479162908171,0.7262709742048584,0.6781125554136298,0.3927219979818365,0.172730006013229,0.1028971962616822,0.126935324475678
0.1601473922902494,0.1237864077669902,0.0574766355140186,0.8602977667493797,0.2254358161648177,0.1017499548980696,0.7230152767342849,0.6761589901570365,0.3907038345105953,0.1707005411906193,0.1006542056074766,0.1233117382233446
0.167517006802721,0.1298543689320388,0.0588785046728973,0.8537220843672457,0.2353407290015847,0.1068013710986829,0.7255196594039569,0.6792396122924336,0.3935418768920282,0.1744588093806374,0.1039252336448598,0.1273745470517184
0.171485260770975,0.1337157987643424,0.0616822429906542,0.8497518610421837,0.2396988906497623,0.110589933249143,0.7332832456799399,0.6838981140581561,0.3975151362260343,0.1794197233914612,0.1087850467289719,0.1339628856923246
0.1678004535147392,0.1301853486319505,0.0593457943925235,0.8533498759305213,0.2353407290015847,0.1073425942630344,0.7327823691460055,0.6831467428056202,0.3971997981836528,0.177916416115454,0.1088785046728971,0.1339628856923246
0.1598639455782312,0.1234554280670785,0.0570093457943923,0.8606699751861043,0.2254358161648177,0.1012087317337181,0.7262709742048584,0.6781125554136298,0.3931004036326941,0.1734064942874323,0.1028971962616822,0.1274843526957285
0.1597222222222222,0.1231244483671668,0.0560747663551403,0.8609181141439206,0.2254358161648177,0.1008479162908171,0.7230152767342849,0.6760087159065293,0.3912083753784056,0.1709260372820204,0.1001869158878504,0.1241901833754254
0.1665249433106576,0.129523389232127,0.0607476635514018,0.8543424317617866,0.2329635499207606,0.1069817788201334,0.7266466316053093,0.6790893380419265,0.3934788092835519,0.1741581479254359,0.1042056074766355,0.1279235752717689
0.1716269841269841,0.1331641659311562,0.0593457943925235,0.85,0.2404912836767035,0.1096878946418906,0.7321562734785875,0.683747839807649,0.3975782038345106,0.1791190619362597,0.1100934579439252,0.1348413308444054
0.1672335600907029,0.129523389232127,0.058411214953271,0.8539702233250621,0.2349445324881141,0.1066209633772324,0.7321562734785875,0.6831467428056202,0.3972628657921291,0.1785177390258568,0.1085046728971962,0.1337432744043043
0.1601473922902494,0.1229037952338922,0.0537383177570091,0.8609181141439206,0.2270206022187004,0.1003066931264658,0.7272727272727273,0.6784882410398977,0.3934157416750756,0.1737823211064341,0.1034579439252336,0.1270451301196881
0.1595804988662131,0.1226831421006178,0.0546728971962616,0.8612903225806452,0.2258320126782884,0.1001262854050153,0.7221387427998998,0.6760087159065293,0.3911453077699293,0.1704750450992183,0.1004672897196261,0.1234215438673547
0.1663832199546485,0.1288614298323036,0.0579439252336448,0.8548387096774195,0.233755942947702,0.1058993324914306,0.7268970698722764,0.6795401607934479,0.3939833501513622,0.1740078171978352,0.1045794392523364,0.1290216317118699
0.1710600907029478,0.1330538393645189,0.0607476635514018,0.8503722084367246,0.2393026941362915,0.1098683023633411,0.7321562734785875,0.6838229769329026,0.3975151362260343,0.1785177390258568,0.1093457943925233,0.134511913912375
0.1670918367346938,0.1294130626654898,0.058411214953271,0.8540942928039702,0.2345483359746434,0.1064405556557821,0.7327823691460055,0.6834472913066345,0.3971997981836528,0.177916416115454,0.1086915887850467,0.1333040518282639
0.159297052154195,0.1233451015004413,0.058411214953271,0.8610421836228288,0.223851030110935,0.1013891394551686,0.7258953168044077,0.67916447516718,0.3934157416750756,0.173556825015033,0.104018691588785,0.1270451301196881
0.1587301587301587,0.1233451015004413,0.0602803738317755,0.8612903225806452,0.2222662440570523,0.1017499548980696,0.7228900576008014,0.676083853031783,0.3912714429868819,0.1707757065544197,0.0999999999999999,0.1228725156473042
0.1666666666666666,0.1299646954986761,0.0626168224299063,0.8539702233250621,0.2321711568938192,0.1077034097059354,0.7262709742048584,0.6794650236681944,0.3939202825428859,0.1741581479254359,0.1049532710280373,0.1281431865597891
0.1811224489795918,0.1428729037952339,0.0691588785046727,0.8404466501240696,0.2496038034865292,0.1196103193216668,0.739418983220636,0.6890825757006537,0.402749747729566,0.1848316295850872,0.1177570093457943,0.1426375315691226
0.1941609977324263,0.1560017652250661,0.0817757009345793,0.8274193548387097,0.2626782884310618,0.1325996752661013,0.7489356373653894,0.6980238936058305,0.4110746720484359,0.1949037883343355,0.1302803738317756,0.1543867354782035
0.201672335600907,0.1672550750220653,0.1042056074766355,0.817741935483871,0.2634706814580032,0.1461302543748872,0.7539444027047332,0.7029078067473138,0.416813824419778,0.2018190018039687,0.1387850467289719,0.1616339079828703
0.2168367346938775,0.1856796116504854,0.1331775700934577,0.8007444168734491,0.2725832012678288,0.1668771423416921,0.762083646381167,0.7104966563979263,0.4247603430877901,0.2115904990980156,0.1506542056074766,0.1709673877237289
0.2386621315192743,0.2089585172109444,0.1588785046728972,0.7780397022332506,0.2919968304278922,0.1908713692946058,0.775732531930879,0.7228191449395145,0.4378784056508576,0.2268490679494888,0.1695327102803738,0.1879872625452948
0.2576530612244898,0.228486319505737,0.1794392523364484,0.7588089330024814,0.3098256735340728,0.2108966263756088,0.7928875532181318,0.7361935532346533,0.4493567103935418,0.2403788334335538,0.1869158878504672,0.2061051938069616
0.2643140589569161,0.2380847308031774,0.1981308411214952,0.7504962779156328,0.3114104595879556,0.2222623128269889,0.800275482093664,0.7441580885115334,0.4563572149344096,0.2484215273601924,0.1971028037383177,0.2158778961238607
0.2695578231292517,0.2433804060017652,0.2037383177570091,0.7451612903225807,0.3161648177496038,0.2276745444705033,0.8022789882294014,0.744984596889323,0.4584384460141271,0.2510523150932051,0.1999999999999999,0.2180740090040628
0.276218820861678,0.2505516328331862,0.2116822429906543,0.7382133995037222,0.322107765451664,0.235071261049973,0.8045329326321062,0.7470884363964234,0.4600782038345105,0.2531569452796152,0.2029906542056074,0.2201603162402547
0.2834467120181406,0.2605913503971756,0.230373831775701,0.7294044665012407,0.3244849445324881,0.2469781706657044,0.8099173553719008,0.7536253662934855,0.4656912209889,0.2598466626578473,0.2109345794392523,0.2285055451850225
0.2876984126984127,0.2621359223300971,0.2224299065420559,0.7266749379652606,0.3339936608557844,0.2466173552228035,0.8149261207112447,0.7571568111804042,0.4679616548940464,0.2630036079374624,0.2144859813084112,0.2332271878774569
0.282312925170068,0.2540820829655781,0.2070093457943924,0.7336228287841191,0.3328050713153724,0.2370557459859282,0.8115452041071876,0.7523480351641746,0.464366801210898,0.25834335538184,0.2083177570093457,0.226968266168881
0.2623299319727891,0.2380847308031774,0.2046728971962616,0.7513647642679901,0.305863708399366,0.2235251668771422,0.7988980716253443,0.7431813058832368,0.4561680121089808,0.2481960312687913,0.1959813084112149,0.2134621719556385
0.251984126984127,0.226279788172992,0.1892523364485981,0.7625310173697272,0.2979397781299525,0.2108966263756088,0.7878787878787878,0.733488616725524,0.4472754793138244,0.2379735417919422,0.1835514018691588,0.2013835511145272
0.2464569160997732,0.2180052956751985,0.17196261682243,0.7696029776674939,0.2975435816164817,0.2007937939743821,0.7814926120711244,0.7269516868284618,0.4418516649848637,0.2321858087793144,0.1759813084112149,0.1943559898978807
0.2348356009070294,0.2046557811120918,0.1542056074766352,0.7821339950372208,0.2888272583201268,0.1865415839797943,0.7768595041322314,0.7225185964385001,0.4363647830474267,0.2260974143114852,0.1678504672897196,0.1884264851213352
0.2151360544217687,0.182369814651368,0.1242990654205606,0.8033498759305211,0.2737717908082409,0.1625473570268807,0.7670924117205108,0.7124502216545194,0.4259586276488395,0.2128683102826217,0.1518691588785046,0.1751400021961128
0.1941609977324263,0.1595322153574581,0.0962616822429904,0.8253101736972706,0.2567353407290015,0.1383727223525167,0.749060856498873,0.697948756480577,0.4125882946518667,0.1974594107035478,0.1330841121495327,0.1551553749862743
0.1792800453514739,0.1413283318623124,0.0686915887850465,0.8420595533498759,0.2476228209191758,0.1181670575500631,0.7349110944152266,0.6857765421894957,0.4013622603430877,0.1837793144918821,0.1160747663551401,0.1390139453167893
0.171343537414966,0.1327228596646072,0.058411214953271,0.8504962779156328,0.2408874801901743,0.1091466714775391,0.7300275482093664,0.6810429032985198,0.3966321897073662,0.1771647624774503,0.1076635514018691,0.1313275502360821
0.1709183673469388,0.1320609002647838,0.0570093457943923,0.8509925558312657,0.2404912836767035,0.1084250405917373,0.7320310543451038,0.6831467428056202,0.3978304742684157,0.1785929043896572,0.1089719626168224,0.1342923026243549
0.1668083900226757,0.1287511032656663,0.0565420560747661,0.8545905707196031,0.2349445324881141,0.1055385170485296,0.7316553969446532,0.6828461943046059,0.3970736629667002,0.1782170775706554,0.1085981308411214,0.1329746348962336
0.1600056689342403,0.1227934686672551,0.0537383177570091,0.8610421836228288,0.2270206022187004,0.1001262854050153,0.7256448785374405,0.6784131039146442,0.3925958627648839,0.1736319903788334,0.1030841121495327,0.1261666849676073
0.159297052154195,0.1229037952338922,0.0565420560747661,0.861166253101737,0.2246434231378763,0.1006675085693668,0.7226396193338342,0.6756330302802614,0.3903254288597376,0.1711515333734215,0.1002803738317756,0.1230921269353244
0.1658163265306122,0.1293027360988526,0.0621495327102805,0.8548387096774195,0.231378763866878,0.1069817788201334,0.7261457550713748,0.6787887895409122,0.3931004036326941,0.1740829825616356,0.1042990654205607,0.1277039639837487
0.1706349206349206,0.1331641659311562,0.0626168224299063,0.8504962779156328,0.2377179080824089,0.1104095255276925,0.7320310543451038,0.6832218799308738,0.3968844601412714,0.178141912206855,0.1097196261682243,0.1339628856923246
0.1665249433106576,0.1301853486319505,0.0635514018691588,0.8539702233250621,0.2317749603803486,0.1080642251488363,0.7310293012772351,0.6823953715530843,0.3965691220988899,0.1776157546602525,0.1086915887850467,0.1327550236082134
0.1597222222222222,0.1233451015004413,0.0570093457943923,0.8607940446650124,0.225039619651347,0.1012087317337181,0.7258953168044077,0.6780374182883763,0.3929742684157417,0.1736319903788334,0.1038317757009345,0.1267157131876578
0.1591553287981859,0.123234774933804,0.058411214953271,0.861166253101737,0.2234548335974643,0.1013891394551686,0.7231404958677685,0.6757833045307686,0.3910191725529768,0.1709260372820204,0.101214953271028,0.122652904359284
0.1658163265306122,0.129523389232127,0.0630841121495325,0.8547146401985113,0.2309825673534072,0.1073425942630344,0.726396193338342,0.6795401607934479,0.3936049445005045,0.1737071557426337,0.1042990654205607,0.1272647414077083
0.169501133786848,0.1333848190644307,0.0672897196261682,0.8508684863523573,0.2341521394611727,0.1114919718563953,0.7324067117455547,0.6840483883086633,0.3975151362260343,0.1785929043896572,0.109626168224299,0.1338530800483144
0.1666666666666666,0.129523389232127,0.0607476635514018,0.8542183622828785,0.2329635499207606,0.1069817788201334,0.7312797395442023,0.6829213314298594,0.3967583249243188,0.1783674082982561,0.1088785046728971,0.133413857472274
0.1598639455782312,0.123234774933804,0.0560747663551403,0.8607940446650124,0.2258320126782884,0.1008479162908171,0.7258953168044077,0.6783379667893906,0.3931004036326941,0.1739326518340349,0.1042056074766355,0.1281431865597891
0.159438775510204,0.1229037952338922,0.0560747663551403,0.861166253101737,0.225039619651347,0.1006675085693668,0.7231404958677685,0.6760087159065293,0.3907669021190716,0.1713018641010222,0.1014018691588785,0.1238607664433951
0.1656746031746031,0.1291924095322154,0.0616822429906542,0.8548387096774195,0.231378763866878,0.1069817788201334,0.7265214124718257,0.6792396122924336,0.3934157416750756,0.1743084786530366,0.1042990654205607,0.126935324475678
0.1702097505668934,0.1334951456310679,0.0654205607476637,0.8504962779156328,0.2361331220285261,0.1111311564134945,0.7324067117455547,0.6839732511834097,0.3965060544904136,0.1785929043896572,0.1099065420560747,0.1330844405402437
0.1662414965986394,0.129523389232127,0.0616822429906542,0.8544665012406948,0.2321711568938192,0.1071621865415839,0.7317806160781366,0.683372154181381,0.3971367305751765,0.1782922429344558,0.1098130841121495,0.1330844405402437
0.1595804988662131,0.1226831421006178,0.0551401869158878,0.8612903225806452,0.2254358161648177,0.1003066931264658,0.7260205359378912,0.6784882410398977,0.3934157416750756,0.1736319903788334,0.103644859813084,0.1272647414077083
0.1556122448979592,0.1172771403353927,0.044859813084112,0.8660049627791564,0.2246434231378763,0.0938120151542485,0.7226396193338342,0.6751822075287399,0.3881811301715438,0.1694978953698136,0.0970093457943925,0.1173822334467991
0.1405895691609977,0.1015004413062665,0.0275700934579439,0.88151364764268,0.2107765451664024,0.0775753202237055,0.7210117705985475,0.6695469231347209,0.3770181634712412,0.1616806975345761,0.0787850467289719,0.0976172175249807
0.0823412698412698,0.0611209179170344,0.0485981308411214,0.9296526054590571,0.1204437400950871,0.0487100847916291,0.7136238417230153,0.6527913442031709,0.3579717457114026,0.1337191822008418,0.0491588785046728,0.0605029098495662
0.0209750566893424,0.0164386584289496,0.0616822429906542,0.9816377171215882,0.0293185419968304,0.0146130254374887,0.7191334835962935,0.6427981065444436,0.3509712411705348,0.1086139506915213,0.0151401869158878,0.0197650159218183
0.01218820861678,0.0081641659311562,0.055607476635514,0.9901985111662532,0.0194136291600633,0.0066750856936676,0.7664663160530929,0.673904876399429,0.3983980827447023,0.1356734816596512,0.012429906542056,0.0113099813330405
0.108985260770975,0.0925639894086495,0.0939252336448596,0.9003722084367246,0.1386687797147385,0.0831679595886703,0.8403456048084147,0.7490420016530167,0.5155146316851664,0.2443625977149729,0.0900934579439252,0.0921269353244756
0.2723922902494331,0.2507722859664607,0.2252336448598129,0.7398263027295287,0.3110142630744849,0.2379577845931805,0.9085900325569748,0.8409347058381546,0.6684535822401614,0.4295700541190619,0.2626168224299065,0.2490392006149116
0.4868197278911565,0.4607237422771403,0.4074766355140188,0.5279156327543425,0.533676703645008,0.4447050333754285,0.9671925870272976,0.9313246675182206,0.8126261352169525,0.633117859290439,0.4801869158878504,0.4599758427583177
0.6945861678004536,0.6817078552515445,0.6584112149532707,0.3127791563275434,0.7175118858954042,0.6738228396175355,0.9997495617330328,0.9921857389736268,0.9463925327951564,0.8467378232110643,0.7173831775700934,0.683869550894916
0.8907312925170068,0.8871359223300971,0.8817757009345791,0.1114143920595533,0.8969889064976228,0.884899873714595,0.9532932632106186,0.9711473439026224,0.9950176589303732,0.984591100420926,0.9258878504672896,0.8875590205336553
0.9889455782312924,0.9901809355692852,0.9943925233644856,0.0104218362282879,0.9865293185419968,0.990979613927476,0.7923866766841973,0.8370275753249681,0.8835141271442987,0.9479855682501503,0.987196261682243,0.9874821565828484
0.9603174603174603,0.9588481906443074,0.9556074766355138,0.0405707196029777,0.9631537242472266,0.9577845931805882,0.6053092912597045,0.6688706890074385,0.6994828456104943,0.8217829224293446,0.914018691588785,0.955858131107939
0.9264455782312926,0.9244263018534864,0.9219626168224296,0.0746898263027295,0.93026941362916,0.9231463106620962,0.5313047833708991,0.5978661056427981,0.6224142280524722,0.7677390258568851,0.8667289719626167,0.9256615790051608
0.8154761904761905,0.8088040600176523,0.7981308411214953,0.1883374689826303,0.8272583201267828,0.8046184376691321,0.3626346105684948,0.4179126906604553,0.448284561049445,0.6160553217077571,0.7439252336448597,0.8126715713187657
0.6180555555555556,0.6020520741394527,0.5738317757009345,0.3909429280397022,0.6465927099841521,0.5924589572433699,0.1304783370899072,0.1523029528890225,0.1849142280524722,0.3786079374624173,0.5190654205607476,0.6067859887998243
0.4117063492063492,0.383495145631068,0.3280373831775702,0.6042183622828785,0.4623613312202853,0.3662276745444704,0.0018782870022538,0.006010970020287,0.0178481331987891,0.1698737221888153,0.2797196261682242,0.3846491709673877
0.244047619047619,0.2011253309796999,0.1084112149532708,0.7801488833746899,0.3213153724247227,0.1748150820855133,0.0730027548209365,0.0452325494026598,0.0203708375378405,0.0338244137101623,0.1234579439252336,0.2010541341824969
0.1550453514739229,0.1108781994704324,0.019158878504673,0.8698511166253102,0.2345483359746434,0.0837091827530218,0.2588279489105935,0.2009918100533473,0.1149722502522704,0.0077420324714371,0.0518691588785046,0.1132096189744152
0.0984977324263038,0.0647616946160635,0.0107476635514016,0.9204714640198512,0.1588748019017433,0.0443802994768175,0.4402704733283245,0.3706514388759486,0.2240792129162462,0.0367558628983764,0.0299065420560747,0.0692873613703744
0.072704081632653,0.0520741394527802,0.042056074766355,0.9389578163771712,0.1097464342313787,0.0400505141620061,0.5767593288254446,0.5070253212112105,0.3020938446014127,0.0859891761876127,0.0305607476635514,0.0565499066652025
0.1071428571428571,0.0745807590467784,0.0242990654205607,0.9112903225806452,0.1656101426307448,0.0550243550423957,0.6543951915852741,0.5966639116387407,0.3483224016145307,0.1264281419122068,0.050841121495327,0.0738991984187987
0.1549036281179138,0.1120917917034421,0.0252336448598131,0.8692307692307693,0.2317749603803486,0.0858740754104275,0.7076133233158026,0.6536178525809602,0.378973259334006,0.1573211064341551,0.0827102803738317,0.1102448665861425
0.1700680272108843,0.1290820829655781,0.0471962616822431,0.8531017369727047,0.2436608557844691,0.1039148475554753,0.729526671675432,0.6800661206702231,0.3947401614530776,0.1759621166566446,0.1054205607476635,0.1314373558800922
0.1666666666666666,0.1289717563989408,0.058411214953271,0.8545905707196031,0.2341521394611727,0.1060797402128811,0.7311545204107187,0.6826959200540987,0.3966952573158425,0.1784425736620565,0.1097196261682243,0.1342923026243549
0.1602891156462584,0.1230141218005295,0.0537383177570091,0.8606699751861043,0.2274167987321711,0.1003066931264658,0.725144002003506,0.6777368697873619,0.3923435923309787,0.1728803367408298,0.1031775700934579,0.1271549357636982
0.1605725623582766,0.1222418358340688,0.0495327102803739,0.8610421836228288,0.2293977812995245,0.0988634313548619,0.7213874279989982,0.6756330302802614,0.391082240161453,0.1707757065544197,0.0993457943925233,0.1234215438673547
0.1666666666666666,0.1288614298323036,0.0574766355140186,0.8545905707196031,0.2345483359746434,0.1057189247699801,0.7250187828700225,0.6784131039146442,0.393289606458123,0.173556825015033,0.1027102803738317,0.1279235752717689
0.1712018140589569,0.1331641659311562,0.0607476635514018,0.8502481389578164,0.2393026941362915,0.1100487100847916,0.7316553969446532,0.6829964685551131,0.3967583249243188,0.1786680697534576,0.1085046728971962,0.1348413308444054
0.1679421768707482,0.1298543689320388,0.0574766355140186,0.8534739454094293,0.2365293185419968,0.1066209633772324,0.730778863010268,0.682620782928845,0.3965060544904136,0.1782922429344558,0.1077570093457943,0.1331942461842538
0.1604308390022675,0.1242277140335393,0.058411214953271,0.8600496277915635,0.2254358161648177,0.1021107703409705,0.7262709742048584,0.6776617326621084,0.3928481331987891,0.1737071557426337,0.1027102803738317,0.1267157131876578
0.1600056689342403,0.1244483671668137,0.0607476635514018,0.8600496277915635,0.223851030110935,0.1028324012267725,0.7226396193338342,0.6749567961529792,0.390640766902119,0.1703247143716175,0.0988785046728972,0.1233117382233446
0.1660997732426303,0.1297440423654016,0.0626168224299063,0.8544665012406948,0.231378763866878,0.1075230019844849,0.7262709742048584,0.6778871440378691,0.393289606458123,0.1737071557426337,0.1028971962616822,0.1274843526957285
0.169501133786848,0.1322815533980582,0.0621495327102805,0.8514888337468983,0.2365293185419968,0.1095074869204401,0.7325319308790382,0.6829964685551131,0.3971997981836528,0.1784425736620565,0.1086915887850467,0.1339628856923246
0.167375283446712,0.1290820829655781,0.0560747663551403,0.8542183622828785,0.2361331220285261,0.1057189247699801,0.7326571500125219,0.6830716056803666,0.3973259334006054,0.1780667468430547,0.1089719626168224,0.1339628856923246
0.1607142857142857,0.1229037952338922,0.0518691588785046,0.8606699751861043,0.2286053882725832,0.0999458776835648,0.7267718507387929,0.6784882410398977,0.3931004036326941,0.1733313289236319,0.1032710280373831,0.1264961018996376
0.1598639455782312,0.1235657546337157,0.0574766355140186,0.8606699751861043,0.225039619651347,0.1015695471766191,0.7231404958677685,0.6758584416560222,0.3905146316851665,0.1712266987372218,0.1002803738317756,0.1232019325793346
0.1669501133786848,0.1297440423654016,0.0602803738317755,0.8539702233250621,0.233755942947702,0.1071621865415839,0.7267718507387929,0.6790142009166729,0.3934157416750756,0.1747594708358388,0.1045794392523364,0.1286922147798396
0.1704931972789115,0.1340467784642542,0.066822429906542,0.8501240694789083,0.2357369255150554,0.1118527872992963,0.7321562734785875,0.6835224284318882,0.3971367305751765,0.178968731208659,0.1095327102803738,0.1352805534204458
0.1666666666666666,0.1296337157987643,0.0607476635514018,0.8542183622828785,0.2333597464342313,0.1071621865415839,0.7326571500125219,0.6829213314298594,0.3970736629667002,0.1785177390258568,0.1089719626168224,0.1342923026243549
0.1601473922902494,0.1230141218005295,0.0537383177570091,0.8607940446650124,0.2270206022187004,0.1003066931264658,0.7271475081392437,0.6778120069126156,0.3931004036326941,0.1737823211064341,0.1032710280373831,0.1273745470517184
0.1595804988662131,0.123234774933804,0.0570093457943923,0.8609181141439206,0.2246434231378763,0.1012087317337181,0.7226396193338342,0.6754827560297544,0.391082240161453,0.1715273601924233,0.1002803738317756,0.1228725156473042
0.1670918367346938,0.1296337157987643,0.0593457943925235,0.8539702233250621,0.2341521394611727,0.1068013710986829,0.7258953168044077,0.6787887895409122,0.3934788092835519,0.1747594708358388,0.104018691588785,0.1272647414077083
0.1720521541950113,0.1337157987643424,0.0602803738317755,0.8495037220843674,0.2408874801901743,0.1104095255276925,0.7315301778111696,0.6841235254339169,0.3969475277497477,0.1787432351172579,0.1093457943925233,0.133413857472274
0.1666666666666666,0.1298543689320388,0.0616822429906542,0.8540942928039702,0.2329635499207606,0.1073425942630344,0.7320310543451038,0.6831467428056202,0.3969475277497477,0.1776157546602525,0.1094392523364485,0.1336334687602943
0.1598639455782312,0.123676081200353,0.0579439252336448,0.860545905707196,0.2246434231378763,0.1017499548980696,0.7257700976709242,0.6777368697873619,0.393289606458123,0.1732561635598316,0.1038317757009345,0.1274843526957285
0.1608560090702948,0.1238967343336275,0.0560747663551403,0.8600496277915635,0.2270206022187004,0.1013891394551686,0.7221387427998998,0.6754076189045006,0.3907038345105953,0.1710012026458208,0.1001869158878504,0.123750960799385
0.167517006802721,0.1298543689320388,0.0588785046728973,0.8537220843672457,0.2349445324881141,0.1069817788201334,0.7252692211369897,0.6788639266661658,0.3936680121089808,0.1749098015634395,0.1039252336448598,0.128033380915779
0.1710600907029478,0.1338261253309796,0.064018691588785,0.85,0.2381141045958795,0.1111311564134945,0.7309040821437515,0.6834472913066345,0.3977043390514631,0.1792693926638605,0.1095327102803738,0.1341824969803448
0.1672335600907029,0.1288614298323036,0.0551401869158878,0.8543424317617866,0.2365293185419968,0.1053581093270792,0.7315301778111696,0.6827710571793524,0.3973259334006054,0.1785177390258568,0.1094392523364485,0.1337432744043043
0.1598639455782312,0.1231244483671668,0.055607476635514,0.8609181141439206,0.2258320126782884,0.1006675085693668,0.7266466316053093,0.6781876925388834,0.3932265388496467,0.1736319903788334,0.104018691588785,0.1263862962556275
0.1601473922902494,0.1237864077669902,0.0574766355140186,0.8604218362282879,0.2254358161648177,0.1017499548980696,0.722389181066867,0.6751070704034863,0.390640766902119,0.1709260372820204,0.1001869158878504,0.1230921269353244
0.169501133786848,0.131729920564872,0.0602803738317755,0.8517369727047146,0.2373217115689381,0.1087858560346383,0.7266466316053093,0.680441806296491,0.3965060544904136,0.1771647624774503,0.1057943925233644,0.1292412429998902
0.1872165532879818,0.145189761694616,0.0588785046728973,0.8364764267990075,0.2626782884310618,0.1194299116002165,0.7367893814174805,0.6942670373431512,0.4133451059535822,0.1952796151533373,0.120841121495327,0.1438453936532337
0.19968820861678,0.1561120917917034,0.064018691588785,0.8248138957816377,0.2781299524564183,0.1293523362799927,0.7474330077635862,0.7047110977533999,0.4315085771947527,0.2126428141912207,0.1351401869158878,0.1558142088503349
0.2096088435374149,0.1663724624889673,0.0747663551401871,0.8147642679900745,0.287242472266244,0.1398159841241204,0.7511895817680941,0.7115485761514765,0.4455726538849646,0.2258719182200841,0.144018691588785,0.1615241023388602
0.2240646258503401,0.1822594880847308,0.0939252336448596,0.7995037220843673,0.2991283676703645,0.1565939022190149,0.7573253193087903,0.7216920880607107,0.4627270433905145,0.2422579675285628,0.1555140186915888,0.1706379707916986
0.2507086167800453,0.2076345984112974,0.1140186915887851,0.7735732009925559,0.3280507131537242,0.1811293523362799,0.7718507387928875,0.7398001352468254,0.486377396569122,0.2660853878532772,0.1754205607476635,0.1890853189853958
0.2709750566893424,0.2278243601059135,0.1322429906542057,0.7533498759305212,0.3486529318541996,0.201154609417283,0.7878787878787878,0.7574573596814185,0.5090817356205851,0.2896121467227901,0.1954205607476635,0.2096189744152849
0.2838718820861678,0.2401809355692851,0.1425233644859811,0.7408188585607941,0.3625198098256735,0.213241926754465,0.7988980716253443,0.7703809452250356,0.5290110998990918,0.3096812988574864,0.2108411214953271,0.2236740968485779
0.2946428571428571,0.2518755516328332,0.1565420560747664,0.7295285359801489,0.3716323296354992,0.2255096518130976,0.8041572752316554,0.7784206176271696,0.5448410696266397,0.3244137101623572,0.2205607476635513,0.230152629845174
0.3112244897959184,0.2682038834951457,0.1710280373831775,0.7130272952853599,0.3886687797147385,0.2415659390221901,0.8100425745053844,0.7892403636636862,0.5613017154389505,0.3403487672880336,0.2328971962616822,0.2390468870099922
0.3329081632653061,0.2893865842894969,0.1897196261682243,0.6916873449131514,0.4108557844690966,0.262673642431896,0.822564487853744,0.8045683372154181,0.5826185671039353,0.3623722188815393,0.2499999999999999,0.2560667618315581
0.3541666666666667,0.3085834068843778,0.200467289719626,0.6714640198511167,0.4362123613312202,0.2803535991340429,0.8365890308039068,0.8188443910135997,0.6039984863773965,0.3843956704750451,0.2681308411214953,0.2741846930932249
0.3659297052154195,0.3188437775816417,0.2051401869158879,0.6605459057071961,0.4504754358161648,0.2895543929280172,0.8454795892812421,0.8291381771733413,0.6197023208879918,0.3996542393265183,0.2806542056074766,0.2838475897661139
0.3721655328798186,0.3259046778464254,0.2149532710280375,0.653970223325062,0.4548335974643423,0.2973119249503879,0.8482344102178813,0.8355999699451498,0.6306130171543894,0.4107787131689717,0.28803738317757,0.2892280663226089
0.3833616780045351,0.3362753751103265,0.2214953271028035,0.6431761786600497,0.4679080824088747,0.3070539419087136,0.8493613824192336,0.8423623112179728,0.6417129162462158,0.42085087191822,0.2955140186915887,0.292522235642912
0.3982426303854875,0.3517210944395411,0.2378504672897195,0.6280397022332507,0.4817749603803486,0.3227494136749052,0.8592536939644377,0.8529566458787287,0.6562184661957619,0.4356584485868912,0.3075700934579439,0.3055891072801142
0.4136904761904762,0.3662842012356576,0.2485981308411216,0.6130272952853598,0.498811410459588,0.3368212159480425,0.8711495116453793,0.8637012547899916,0.6701564076690211,0.4509170174383644,0.3202803738317757,0.3206324805094981
0.4176587301587302,0.369152691968226,0.2476635514018691,0.6096774193548388,0.5047543581616482,0.3389861086054482,0.8757826195842725,0.8685851679314749,0.6773461150353177,0.4579073962717979,0.3272897196261681,0.325903151421983
0.4125566893424036,0.3669461606354811,0.2551401869158876,0.613151364764268,0.4944532488114104,0.3386252931625473,0.8720260455797646,0.8672326996769103,0.6799949545913218,0.459185207456404,0.3257009345794392,0.3245854836938618
0.4141156462585034,0.3701456310679611,0.2635514018691589,0.6106699751861043,0.4932646592709984,0.3429550784773588,0.870022539444027,0.8662559170486137,0.6820761856710392,0.4592603728202044,0.3257009345794392,0.3229383990337103
0.4210600907029478,0.3768755516328332,0.2691588785046729,0.6038461538461538,0.5003961965134707,0.3494497564495759,0.873153017781117,0.870388458937561,0.6847250252270434,0.4624173180998195,0.3293457943925233,0.326891402218074
0.4250283446712018,0.3790820829655781,0.2649532710280372,0.6008684863523573,0.507527733755943,0.3503517950568284,0.8769095917856248,0.8741453152002404,0.6878153380423813,0.4671527360192423,0.3344859813084112,0.3328209069946194
0.4200680272108844,0.3730141218005295,0.2560747663551401,0.6064516129032258,0.5043581616481775,0.3438571170846111,0.8766591535186575,0.87204147569314,0.6840312815338042,0.4639206253758268,0.3315887850467289,0.3300757658943669
0.4119897959183673,0.3633053839364519,0.2411214953271027,0.6153846153846154,0.4996038034865293,0.3330326537975824,0.8701477585775106,0.8639266661657525,0.6736881937436932,0.4533974744437763,0.3221495327102803,0.3185461732733062
0.4026360544217687,0.3563548102383054,0.2425233644859814,0.6234491315136477,0.4861331220285261,0.3274400144326176,0.862258953168044,0.8556615823878578,0.6642280524722501,0.4434004810583283,0.3121495327102803,0.3099813330405183
0.3978174603174603,0.3513901147396293,0.2378504672897195,0.6282878411910671,0.4813787638668779,0.3225690059534547,0.8600050087653394,0.8527312345029678,0.6571014127144299,0.4358087793144918,0.3088785046728971,0.3074558032282859
0.3941326530612245,0.3459841129744042,0.2271028037383178,0.6330024813895782,0.4805863708399366,0.3160743279812376,0.8592536939644377,0.849800886618078,0.6484611503531785,0.4284425736620564,0.3039252336448598,0.3037224113319424
0.3778344671201814,0.3316416593115622,0.2200934579439252,0.6482630272952854,0.4607765451664025,0.3029045643153527,0.8541197094916103,0.8405590202118867,0.6347754793138244,0.4158147925435959,0.2928037383177569,0.2961458218952453
0.3577097505668934,0.3133274492497793,0.2088785046728973,0.6672456575682383,0.4374009508716323,0.2859462384990077,0.8402203856749311,0.8249304981591404,0.6163597376387487,0.3954449789536981,0.2760747663551401,0.2786867244976391
0.3418367346938776,0.2989849955869373,0.200467289719626,0.6822580645161291,0.4187797147385103,0.2724156593902219,0.8274480340596042,0.8116312269892554,0.5978178607467204,0.3773301262778112,0.2605607476635513,0.2637531569122653
0.3333333333333333,0.2900485436893204,0.1906542056074767,0.6910669975186106,0.4112519809825674,0.2632148655962475,0.8233158026546455,0.8050191599669396,0.5831861755802219,0.3628232110643415,0.2505607476635514,0.2563961787635884
0.3217120181405896,0.2787952338923212,0.1813084112149534,0.7024813895781639,0.3985736925515055,0.2522099945877683,0.8198096669171049,0.7972800360658201,0.5679868819374368,0.3485417919422729,0.2420560747663551,0.250576479631053
0.3005952380952381,0.2586054721977052,0.1654205607476636,0.7230769230769231,0.3759904912836767,0.2327259606711166,0.8095416979714499,0.7837553535201743,0.5500126135216952,0.3294497895369813,0.2263551401869158,0.2370703854178104
0.2760770975056689,0.2345542806707855,0.144392523364486,0.7472704714640198,0.350633914421553,0.2090925491611041,0.7932632106185824,0.7652716207077916,0.5262361251261352,0.3048707155742634,0.2053271028037383,0.2167563412759415
0.260062358276644,0.2181156222418358,0.1275700934579438,0.7635235732009926,0.3355784469096672,0.1923146310662096,0.7783621337340345,0.7497182357802991,0.5034056508577194,0.2827720986169573,0.1859813084112149,0.1995168551663555
0.2512755102040816,0.2077449249779347,0.1126168224299064,0.7732009925558313,0.329635499207607,0.1809489446148294,0.7719759579263711,0.7400255466225861,0.4862512613521694,0.2668370414912808,0.1751401869158878,0.190293181069507
0.2346938775510204,0.1915269196822594,0.0981308411214953,0.7897022332506204,0.312202852614897,0.1648926574057369,0.767968945654896,0.7310090915921555,0.4701059535822401,0.2507516536380035,0.1657009345794392,0.1828263972768199
0.2152777777777778,0.1732127096204766,0.0850467289719625,0.8084367245657569,0.2908082408874802,0.1473931084250405,0.7582018532431755,0.7177849575475242,0.4499873864783046,0.2315093205051112,0.1502803738317757,0.168881080487537
0.1918934240362811,0.1504854368932038,0.0658878504672895,0.8315136476426799,0.2662440570522979,0.1252029586866318,0.7422990232907588,0.700503418739199,0.4283551967709384,0.2088093806374023,0.1300934579439252,0.1503239266498298
0.1758786848072562,0.1364739629302736,0.0593457943925235,0.8464019851116625,0.2464342313787638,0.1123940104636478,0.7281492612071124,0.6867533248177924,0.4072906155398587,0.1884395670475044,0.1120560747663551,0.1337432744043043
0.1683673469387755,0.1313989408649603,0.0621495327102805,0.8524813895781639,0.2349445324881141,0.1087858560346383,0.7260205359378912,0.6808926290480126,0.3962537840565086,0.1774654239326518,0.1049532710280373,0.1293510486439002
0.1696428571428571,0.1322815533980582,0.0621495327102805,0.8513647642679901,0.2369255150554675,0.1095074869204401,0.7312797395442023,0.6832218799308738,0.3971997981836528,0.1786680697534576,0.1089719626168224,0.1347315252003952
0.1648242630385487,0.1291924095322154,0.0644859813084112,0.855210918114144,0.2290015847860538,0.1075230019844849,0.730778863010268,0.6827710571793524,0.3965691220988899,0.1783674082982561,0.1087850467289719,0.1341824969803448
0.1597222222222222,0.1238967343336275,0.0593457943925235,0.860545905707196,0.223851030110935,0.1021107703409705,0.7262709742048584,0.6783379667893906,0.3932265388496467,0.1738574864702345,0.1034579439252336,0.1278137696277588
0.1597222222222222,0.1233451015004413,0.0570093457943923,0.8607940446650124,0.225039619651347,0.1012087317337181,0.7228900576008014,0.6752573446539935,0.3909561049445005,0.1710763680096212,0.099626168224299,0.1235313495113649
0.1666666666666666,0.1299646954986761,0.0621495327102805,0.8539702233250621,0.23256735340729,0.1077034097059354,0.7265214124718257,0.6785633781651514,0.3937310797174571,0.1742333132892363,0.1039252336448598,0.1275941583397386
0.171343537414966,0.1332744924977934,0.0607476635514018,0.8501240694789083,0.2396988906497623,0.1100487100847916,0.7325319308790382,0.6826959200540987,0.3971997981836528,0.1784425736620565,0.1098130841121495,0.1344021082683649
0.1676587301587301,0.1298543689320388,0.0588785046728973,0.8535980148883375,0.2353407290015847,0.1068013710986829,0.7321562734785875,0.6821699601773236,0.3965691220988899,0.177916416115454,0.1085046728971962,0.133413857472274
0.1608560090702948,0.1234554280670785,0.0537383177570091,0.8601736972704715,0.2282091917591124,0.1006675085693668,0.7258953168044077,0.6775865955368547,0.3925327951564076,0.1732561635598316,0.1030841121495327,0.1272647414077083
0.1600056689342403,0.1229037952338922,0.0542056074766354,0.8609181141439206,0.2266244057052298,0.1003066931264658,0.7226396193338342,0.6754076189045006,0.3909561049445005,0.1713018641010222,0.1000934579439252,0.1238607664433951
0.1663832199546485,0.129523389232127,0.061214953271028,0.8543424317617866,0.23256735340729,0.1071621865415839,0.7275231655396944,0.6792396122924336,0.3933526740665993,0.1748346361996392,0.1042990654205607,0.1284726034918194
0.1706349206349206,0.1336054721977052,0.0644859813084112,0.8502481389578164,0.2373217115689381,0.110950748692044,0.7317806160781366,0.6838981140581561,0.3972628657921291,0.1791190619362597,0.1094392523364485,0.1338530800483144
0.1659580498866213,0.1297440423654016,0.0635514018691588,0.8544665012406948,0.2309825673534072,0.1077034097059354,0.7319058352116202,0.6835224284318882,0.3971367305751765,0.1785929043896572,0.1089719626168224,0.1335236631162841
0.1595804988662131,0.1231244483671668,0.0560747663551403,0.8610421836228288,0.2254358161648177,0.1008479162908171,0.7271475081392437,0.6784882410398977,0.3931004036326941,0.1737823211064341,0.1033644859813084,0.1281431865597891
0.1595804988662131,0.1233451015004413,0.0574766355140186,0.8607940446650124,0.2246434231378763,0.1013891394551686,0.7230152767342849,0.6755578931550079,0.3908930373360242,0.1705502104630186,0.1000934579439252,0.1241901833754254
0.1660997732426303,0.1291924095322154,0.0607476635514018,0.8547146401985113,0.2321711568938192,0.1068013710986829,0.7262709742048584,0.678262829664137,0.3932265388496467,0.1736319903788334,0.1037383177570093,0.1282529922037993
0.1699263038548752,0.1332744924977934,0.0654205607476637,0.8507444168734493,0.2357369255150554,0.110950748692044,0.7322814926120711,0.6835224284318882,0.3966952573158425,0.1788935658448587,0.1091588785046728,0.134511913912375
0.1660997732426303,0.1305163283318623,0.0663551401869157,0.8539702233250621,0.2297939778129952,0.1089662637560886,0.7322814926120711,0.6830716056803666,0.3966952573158425,0.1784425736620565,0.1087850467289719,0.134511913912375
0.1598639455782312,0.1237864077669902,0.058411214953271,0.860545905707196,0.2246434231378763,0.10193036261952,0.726396193338342,0.6784882410398977,0.3927850655903128,0.1741581479254359,0.1033644859813084,0.128033380915779
0.1591553287981859,0.1233451015004413,0.0593457943925235,0.8610421836228288,0.2230586370839936,0.1017499548980696,0.7235161532682193,0.6761589901570365,0.3912714429868819,0.1714521948286229,0.0999999999999999,0.1239705720874052
0.1658163265306122,0.1293027360988526,0.0621495327102805,0.8547146401985113,0.231378763866878,0.1071621865415839,0.726396193338342,0.6790893380419265,0.3935418768920282,0.174383644016837,0.104018691588785,0.1290216317118699
0.1702097505668934,0.1327228596646072,0.0626168224299063,0.8508684863523573,0.2373217115689381,0.1100487100847916,0.7324067117455547,0.6835975655571417,0.3973890010090817,0.1783674082982561,0.1098130841121495,0.135500164708466
0.1670918367346938,0.1288614298323036,0.0560747663551403,0.8544665012406948,0.2357369255150554,0.1055385170485296,0.7325319308790382,0.6832970170561274,0.3971997981836528,0.1785929043896572,0.1093457943925233,0.1350609421324256
0.1605725623582766,0.1230141218005295,0.0528037383177571,0.8606699751861043,0.2278129952456418,0.1001262854050153,0.7266466316053093,0.6781125554136298,0.3931004036326941,0.1736319903788334,0.1029906542056074,0.1273745470517184
0.1598639455782312,0.1231244483671668,0.0560747663551403,0.8609181141439206,0.2254358161648177,0.1008479162908171,0.721763085399449,0.6749567961529792,0.3907038345105953,0.1703247143716175,0.0995327102803738,0.1233117382233446
0.1668083900226757,0.129523389232127,0.0593457943925235,0.8542183622828785,0.233755942947702,0.1066209633772324,0.7257700976709242,0.6783379667893906,0.3936680121089808,0.1734064942874323,0.1033644859813084,0.1281431865597891
0.171485260770975,0.1333848190644307,0.0607476635514018,0.85,0.2396988906497623,0.110229117806242,0.7311545204107187,0.6834472913066345,0.3971997981836528,0.1784425736620565,0.1089719626168224,0.1352805534204458
0.1678004535147392,0.129523389232127,0.0570093457943923,0.8537220843672457,0.2361331220285261,0.1062601479343316,0.7324067117455547,0.6832970170561274,0.3969475277497477,0.177916416115454,0.1089719626168224,0.1346217195563852
0.1600056689342403,0.1230141218005295,0.0542056074766354,0.8609181141439206,0.2266244057052298,0.1004871008479163,0.726396193338342,0.6787136524156585,0.393289606458123,0.1740829825616356,0.103644859813084,0.128033380915779
0.1595804988662131,0.1233451015004413,0.0570093457943923,0.8609181141439206,0.2246434231378763,0.1012087317337181,0.7233909341347358,0.676083853031783,0.391082240161453,0.1713770294648226,0.1004672897196261,0.1245196003074558
0.1669501133786848,0.1297440423654016,0.0602803738317755,0.8539702233250621,0.233755942947702,0.1071621865415839,0.7260205359378912,0.6789390637914193,0.3933526740665993,0.1741581479254359,0.1033644859813084,0.1286922147798396
0.1702097505668934,0.13261253309797,0.0616822429906542,0.8509925558312657,0.2377179080824089,0.1096878946418906,0.7322814926120711,0.683372154181381,0.3973259334006054,0.1785929043896572,0.1091588785046728,0.1351707477764357
0.1666666666666666,0.1293027360988526,0.0593457943925235,0.8543424317617866,0.233755942947702,0.1064405556557821,0.7324067117455547,0.6831467428056202,0.3975782038345106,0.1788184004810583,0.1091588785046728,0.1346217195563852
0.159438775510204,0.123676081200353,0.0598130841121493,0.8607940446650124,0.2234548335974643,0.10193036261952,0.7260205359378912,0.6784131039146442,0.3937310797174571,0.1746091401082381,0.1038317757009345,0.1285824091358296
0.1591553287981859,0.123676081200353,0.0602803738317755,0.8609181141439206,0.2230586370839936,0.1021107703409705,0.7216378662659654,0.6751822075287399,0.3912083753784056,0.1714521948286229,0.1008411214953271,0.1244097946634456
0.1662414965986394,0.1289717563989408,0.0593457943925235,0.8548387096774195,0.2329635499207606,0.1062601479343316,0.7260205359378912,0.6787887895409122,0.393289606458123,0.1742333132892363,0.1037383177570093,0.1279235752717689
0.1703514739229024,0.1322815533980582,0.0598130841121493,0.8511166253101737,0.2389064976228209,0.1089662637560886,0.7316553969446532,0.6832218799308738,0.3971367305751765,0.1784425736620565,0.1085981308411214,0.1335236631162841
0.1666666666666666,0.1283097969991174,0.055607476635514,0.8549627791563276,0.2353407290015847,0.1049972938841782,0.7319058352116202,0.6827710571793524,0.3972628657921291,0.1782170775706554,0.1091588785046728,0.1337432744043043
0.1602891156462584,0.1227934686672551,0.0532710280373833,0.8609181141439206,0.2274167987321711,0.0999458776835648,0.7261457550713748,0.6781876925388834,0.393289606458123,0.1740078171978352,0.1037383177570093,0.1273745470517184
0.1591553287981859,0.1235657546337157,0.0598130841121493,0.8609181141439206,0.2230586370839936,0.10193036261952,0.7221387427998998,0.6755578931550079,0.391082240161453,0.1713018641010222,0.1002803738317756,0.1229823212913143
0.1659580498866213,0.129523389232127,0.0626168224299063,0.8545905707196031,0.231378763866878,0.1073425942630344,0.7247683446030553,0.6783379667893906,0.3930373360242179,0.1740078171978352,0.1032710280373831,0.1277039639837487
0.1703514739229024,0.1320609002647838,0.0588785046728973,0.8512406947890819,0.2393026941362915,0.1086054483131878,0.7322814926120711,0.6829213314298594,0.3970736629667002,0.1786680697534576,0.1094392523364485,0.1337432744043043
0.1670918367346938,0.1284201235657546,0.0542056074766354,0.8547146401985113,0.2365293185419968,0.1048168861627277,0.7315301778111696,0.682620782928845,0.3966321897073662,0.177916416115454,0.1089719626168224,0.1336334687602943
0.1601473922902494,0.1229037952338922,0.0542056074766354,0.8609181141439206,0.2266244057052298,0.1003066931264658,0.7257700976709242,0.6783379667893906,0.3930373360242179,0.173556825015033,0.1039252336448598,0.1282529922037993
0.1602891156462584,0.1229037952338922,0.0532710280373833,0.8607940446650124,0.2274167987321711,0.1001262854050153,0.721136989732031,0.6751070704034863,0.390640766902119,0.1707757065544197,0.1007476635514018,0.1229823212913143
0.167517006802721,0.1288614298323036,0.0551401869158878,0.8542183622828785,0.2365293185419968,0.1053581093270792,0.7248935637365389,0.6781876925388834,0.3932265388496467,0.173556825015033,0.1044859813084112,0.126935324475678
0.1710600907029478,0.1323918799646954,0.0579439252336448,0.8507444168734493,0.2404912836767035,0.1087858560346383,0.7305284247433007,0.6831467428056202,0.3971997981836528,0.1786680697534576,0.1100934579439252,0.1338530800483144
0.1669501133786848,0.1286407766990291,0.0551401869158878,0.8547146401985113,0.2357369255150554,0.1051777016056287,0.7324067117455547,0.6828461943046059,0.3975151362260343,0.1786680697534576,0.1097196261682243,0.1337432744043043
0.1601473922902494,0.1229037952338922,0.0537383177570091,0.8609181141439206,0.2270206022187004,0.1001262854050153,0.7256448785374405,0.6781125554136298,0.3933526740665993,0.173556825015033,0.103644859813084,0.1268255188316679
0.1588718820861678,0.1222418358340688,0.0551401869158878,0.861786600496278,0.2246434231378763,0.0999458776835648,0.7221387427998998,0.6755578931550079,0.3907038345105953,0.1715273601924233,0.0999999999999999,0.1233117382233446
0.1660997732426303,0.1281994704324801,0.0565420560747661,0.855210918114144,0.2341521394611727,0.1051777016056287,0.7261457550713748,0.6787887895409122,0.393289606458123,0.1745339747444378,0.103644859813084,0.1277039639837487
0.1707766439909297,0.1325022065313327,0.0588785046728973,0.8508684863523573,0.2396988906497623,0.1089662637560886,0.7315301778111696,0.6828461943046059,0.3973890010090817,0.1794197233914612,0.1093457943925233,0.1340726913363346
0.1662414965986394,0.1284201235657546,0.0570093457943923,0.8550868486352359,0.2341521394611727,0.1053581093270792,0.7319058352116202,0.6820196859268164,0.3969475277497477,0.1782170775706554,0.1089719626168224,0.1335236631162841
0.159438775510204,0.1220211827007943,0.0523364485981308,0.8616625310173698,0.2266244057052298,0.0992242467977629,0.72702228900576,0.6775865955368547,0.3934157416750756,0.1740078171978352,0.1034579439252336,0.1275941583397386
0.1598639455782312,0.1225728155339806,0.0537383177570091,0.861166253101737,0.2266244057052298,0.0999458776835648,0.7215126471324818,0.6750319332782327,0.3912083753784056,0.1714521948286229,0.0999999999999999,0.1244097946634456
0.1660997732426303,0.1298543689320388,0.0635514018691588,0.8543424317617866,0.231378763866878,0.1077034097059354,0.7256448785374405,0.678638515290405,0.3935418768920282,0.174383644016837,0.1033644859813084,0.1285824091358296
0.1706349206349206,0.1334951456310679,0.0644859813084112,0.8503722084367246,0.2373217115689381,0.110950748692044,0.7322814926120711,0.6838229769329026,0.3975151362260343,0.1793445580276608,0.1090654205607476,0.1347315252003952
0.1669501133786848,0.1293027360988526,0.058411214953271,0.8543424317617866,0.2345483359746434,0.1062601479343316,0.7319058352116202,0.6830716056803666,0.3970736629667002,0.1785929043896572,0.1087850467289719,0.1342923026243549
0.1608560090702948,0.1235657546337157,0.0542056074766354,0.8601736972704715,0.2278129952456418,0.1008479162908171,0.7253944402704733,0.6779622811631226,0.3931634712411704,0.1736319903788334,0.1030841121495327,0.1270451301196881
0.1624149659863945,0.125441306266549,0.0565420560747661,0.8584367245657568,0.2290015847860538,0.1028324012267725,0.7240170298021538,0.6765346757833044,0.3920913218970736,0.1723541791942273,0.1016822429906541,0.1249588228834962
0.1832482993197279,0.1421006178287732,0.0588785046728973,0.8399503722084368,0.2571315372424723,0.1169042034999098,0.7357876283496118,0.6865279134420317,0.4016145307769929,0.1840799759470835,0.1160747663551401,0.1405512243329306
0.2032312925170068,0.1631729920564872,0.0822429906542055,0.8193548387096775,0.2753565768621236,0.138553130073967,0.7518156774355121,0.700503418739199,0.4143541876892028,0.1992633794347564,0.1350467289719626,0.1585593499505874
0.2132936507936508,0.1777360988526037,0.1107476635514019,0.8066997518610423,0.277337559429477,0.1560526790546635,0.7632106185825194,0.7104966563979263,0.4233097880928355,0.2103878532772098,0.1487850467289719,0.1715164159437795
0.2227891156462585,0.1909752868490732,0.1355140186915889,0.7951612903225806,0.2801109350237717,0.1715677430994045,0.7684698221888304,0.7159065294161845,0.4299318869828455,0.2176788935658448,0.1585981308411214,0.1781047545843856
0.2356859410430839,0.2074139452780229,0.1626168224299066,0.7802729528535981,0.2864500792393026,0.1903301461302542,0.7753568745304282,0.7220677736869787,0.4376261352169525,0.2271497294046903,0.1704672897196261,0.1869990117492039
0.25609410430839,0.2282656663724624,0.1836448598130841,0.7595533498759306,0.3062599049128368,0.2114378495399603,0.7888805409466566,0.7345405364790742,0.4474646821392533,0.2391010222489476,0.1846728971962616,0.2020423849785879
0.2714002267573696,0.2449249779346866,0.2037383177570091,0.7435483870967743,0.3189381933438985,0.2289373985206567,0.8020285499624342,0.7464873393943948,0.4576816347124117,0.2516536380036079,0.1995327102803738,0.218403425936093
0.2794784580498866,0.2527581641659311,0.2102803738317756,0.7356079404466502,0.3272583201267828,0.2365145228215767,0.8110443275732532,0.7514463896611314,0.4626639757820383,0.2575165363800361,0.2067289719626168,0.2261996266608103
0.276218820861678,0.2515445719329214,0.2158878504672895,0.7377171215880893,0.3205229793977813,0.2366949305430272,0.8091660405709993,0.7510707040348635,0.4626639757820383,0.2566897173782321,0.2073831775700934,0.2238937081365982
0.2779195011337869,0.2537511032656664,0.2196261682242989,0.7357320099255584,0.3213153724247227,0.2392206386433339,0.80641121963436,0.7495679615297919,0.4627901109989908,0.2568400481058328,0.2073831775700934,0.2232348742725376
0.2834467120181406,0.2568402471315093,0.2149532710280375,0.7316377171215882,0.330824088748019,0.2408443081363882,0.8076634109691961,0.7502441956570741,0.4626639757820383,0.257291040288635,0.2077570093457943,0.2246623476446689
0.2824546485260771,0.2551853486319506,0.2107476635514018,0.7330024813895782,0.3312202852614896,0.2386794154789824,0.8100425745053844,0.7512961154106244,0.4632315842583248,0.2575165363800361,0.208411214953271,0.2252113758647194
0.2665816326530612,0.2405119152691968,0.2014018691588784,0.7481389578163772,0.313391442155309,0.2249684286487461,0.8031555221637866,0.7461116537681268,0.4583123107971745,0.2513529765484065,0.200841121495327,0.2175249807840122
0.2497165532879818,0.2226390114739629,0.1813084112149534,0.7656327543424318,0.2979397781299525,0.2063864333393469,0.7907588279489105,0.7340145766022991,0.4474646821392533,0.2387251954299458,0.1846728971962616,0.2020423849785879
0.2365362811791383,0.2067519858781994,0.1570093457943926,0.7802729528535981,0.2900158478605388,0.1887064766372,0.7761081893313297,0.7223683221879931,0.4380045408678102,0.2272248947684906,0.1700934579439252,0.1873284286812342
0.2287414965986394,0.1959399823477493,0.1369158878504672,0.7898263027295286,0.2876386687797147,0.1758975284142161,0.769221136989732,0.7162070779171988,0.4305625630676085,0.2179043896572459,0.1586915887850467,0.178543977160426
0.2164115646258503,0.1820388349514562,0.1182242990654204,0.8029776674937966,0.2781299524564183,0.1611040952552768,0.7642123716503881,0.7111728905252085,0.4235620585267406,0.2102375225496091,0.1485046728971962,0.1716262215877896
0.1986961451247165,0.1606354810238305,0.0864485981308412,0.8228287841191068,0.2670364500792392,0.1372902760238137,0.753693964437766,0.7008791043654669,0.4143541876892028,0.1992633794347564,0.1343925233644859,0.1589985725266278
0.1761621315192743,0.1370255957634598,0.0607476635514018,0.8459057071960298,0.2464342313787638,0.1131156413494497,0.7376659153518657,0.6868284619430459,0.4016145307769929,0.1840799759470835,0.1151401869158878,0.1402218074009004
0.1624149659863945,0.1248896734333627,0.0542056074766354,0.8588089330024815,0.2301901743264658,0.10193036261952,0.7240170298021538,0.6766849500338117,0.3922174571140262,0.1726548406494287,0.1015887850467289,0.1253980454595366
0.1668083900226757,0.1289717563989408,0.0579439252336448,0.8544665012406948,0.2345483359746434,0.1058993324914306,0.7258953168044077,0.678638515290405,0.3937310797174571,0.1739326518340349,0.1039252336448598,0.1278137696277588
0.1720521541950113,0.1323918799646954,0.0546728971962616,0.8503722084367246,0.2432646592709983,0.1082446328702868,0.7321562734785875,0.6835224284318882,0.3973890010090817,0.178968731208659,0.1097196261682243,0.1340726913363346
0.1672335600907029,0.1293027360988526,0.0574766355140186,0.8540942928039702,0.2353407290015847,0.1062601479343316,0.7310293012772351,0.6829213314298594,0.3966321897073662,0.1785177390258568,0.1089719626168224,0.1333040518282639
0.1598639455782312,0.123676081200353,0.0579439252336448,0.860545905707196,0.2246434231378763,0.1017499548980696,0.7258953168044077,0.6778871440378691,0.3929742684157417,0.1731058328322309,0.1030841121495327,0.1272647414077083
0.159438775510204,0.1237864077669902,0.0598130841121493,0.8606699751861043,0.2234548335974643,0.1021107703409705,0.7226396193338342,0.6755578931550079,0.3910191725529768,0.1712266987372218,0.0994392523364486,0.1227627100032941
0.1659580498866213,0.1301853486319505,0.0654205607476637,0.8542183622828785,0.2301901743264658,0.1084250405917373,0.7252692211369897,0.678638515290405,0.393289606458123,0.174383644016837,0.102803738317757,0.1273745470517184
0.1710600907029478,0.1333848190644307,0.0616822429906542,0.8501240694789083,0.2389064976228209,0.1104095255276925,0.7322814926120711,0.6835975655571417,0.3971997981836528,0.178968731208659,0.1088785046728971,0.1348413308444054
0.1668083900226757,0.1297440423654016,0.0607476635514018,0.8540942928039702,0.2333597464342313,0.1071621865415839,0.7317806160781366,0.6834472913066345,0.3969475277497477,0.1788184004810583,0.1087850467289719,0.1349511364884155
0.159297052154195,0.1233451015004413,0.058411214953271,0.8610421836228288,0.223851030110935,0.1013891394551686,0.7252692211369897,0.678638515290405,0.3931634712411704,0.1739326518340349,0.1032710280373831,0.1279235752717689
0.1590136054421768,0.123234774933804,0.0588785046728973,0.861166253101737,0.2230586370839936,0.1015695471766191,0.722389181066867,0.6758584416560222,0.3910191725529768,0.1711515333734215,0.0999999999999999,0.1241901833754254
0.1658163265306122,0.1293027360988526,0.0616822429906542,0.8547146401985113,0.231378763866878,0.1069817788201334,0.7258953168044077,0.6789390637914193,0.3931004036326941,0.1740078171978352,0.1035514018691588,0.1279235752717689
0.1703514739229024,0.1328331862312445,0.0616822429906542,0.8507444168734493,0.2381141045958795,0.1098683023633411,0.7320310543451038,0.6841235254339169,0.3973259334006054,0.1788184004810583,0.1097196261682243,0.1349511364884155
0.1670918367346938,0.1296337157987643,0.0593457943925235,0.8540942928039702,0.2341521394611727,0.1068013710986829,0.7324067117455547,0.6838229769329026,0.3972628657921291,0.1786680697534576,0.1087850467289719,0.1353903590644559
0.1600056689342403,0.1231244483671668,0.0551401869158878,0.8607940446650124,0.226228209191759,0.1006675085693668,0.72702228900576,0.6788639266661658,0.3934157416750756,0.1740829825616356,0.1038317757009345,0.1285824091358296
0.1595804988662131,0.1226831421006178,0.0551401869158878,0.8612903225806452,0.2254358161648177,0.1003066931264658,0.7226396193338342,0.6763092644075437,0.3907669021190716,0.1711515333734215,0.1002803738317756,0.1242999890194356
0.1658163265306122,0.1283097969991174,0.0579439252336448,0.8553349875930522,0.2333597464342313,0.1055385170485296,0.725144002003506,0.6784882410398977,0.3930373360242179,0.1740829825616356,0.1039252336448598,0.1281431865597891
0.1712018140589569,0.1327228596646072,0.0588785046728973,0.8504962779156328,0.2400950871632329,0.1093270791989896,0.730778863010268,0.6827710571793524,0.3967583249243188,0.1790438965724594,0.1085981308411214,0.1340726913363346
0.1663832199546485,0.1286407766990291,0.0574766355140186,0.8549627791563276,0.2341521394611727,0.1055385170485296,0.7315301778111696,0.6835975655571417,0.3964429868819373,0.1786680697534576,0.108411214953271,0.1336334687602943
0.153202947845805,0.1138570167696381,0.0383177570093456,0.8689826302729529,0.223851030110935,0.0898430452823381,0.7271475081392437,0.6780374182883763,0.3878657921291624,0.1724293445580276,0.0975700934579439,0.1200175689030416
0.1217403628117913,0.0870476610767872,0.0289719626168222,0.8977667493796527,0.1838351822503962,0.0660292260508749,0.7148760330578512,0.6628597189871515,0.3696392532795156,0.1531870114251353,0.0678504672897196,0.0868562644119907
0.0602324263038548,0.0460061782877316,0.0570093457943923,0.9477667493796528,0.0859746434231378,0.0378856215046004,0.7069872276483846,0.6447516718010369,0.3499621594349142,0.1208659049909801,0.0355140186915887,0.0449105084001317
0.0167233560090702,0.0135701676963812,0.0630841121495325,0.9851116625310172,0.0225832012678289,0.0126285405015334,0.7280240420736288,0.6468555113081373,0.3579717457114026,0.1097414311485267,0.0104672897196261,0.0141649280773031
0.0348639455782312,0.026478375992939,0.058411214953271,0.9698511166253104,0.0499207606973058,0.0221901497384087,0.7905083896819434,0.6948681343451799,0.4253279515640766,0.158974744437763,0.0293457943925233,0.0309651916108487
0.1429988662131519,0.1233451015004413,0.1121495327102802,0.8681141439205956,0.1782884310618066,0.1118527872992963,0.8606311044327573,0.7727853332331505,0.5535443995963673,0.2872820204449789,0.1260747663551401,0.1281431865597891
0.3136337868480726,0.2901588702559576,0.2560747663551401,0.6996277915632755,0.3557844690966719,0.2760238138192314,0.9194840971700476,0.8603200841535802,0.7002396569122098,0.4745189416716777,0.3093457943925233,0.2924124299989019
0.5351473922902494,0.5122462488967344,0.4668224299065419,0.4777915632754343,0.5760697305863708,0.4982861266462204,0.9719509140996744,0.9455255841911488,0.8434031281533803,0.6809981960312689,0.5299999999999999,0.5091687712748435
0.7509920634920635,0.7411738746690203,0.7242990654205607,0.254590570719603,0.7686212361331219,0.7351614649106981,0.998747808665164,0.998872943121196,0.9716826437941471,0.893114852675887,0.7767289719626168,0.7410782914241791
0.9349489795918366,0.9336937334510148,0.9327102803738316,0.0658808933002481,0.9374009508716322,0.932888327620422,0.9318807913849236,0.954391764971072,0.9887739656912208,0.9993986770895972,0.9644859813084112,0.9363127264741408
0.9886621315192744,0.990070609002648,0.9953271028037382,0.010545905707196,0.9857369255150552,0.990979613927476,0.743801652892562,0.7938988654294087,0.8361503531786073,0.9169422730006012,0.9773831775700934,0.9915449654112224
0.8918650793650794,0.8911076787290382,0.894859813084112,0.1085607940446651,0.8934231378763866,0.8906729208010101,0.4877285249186075,0.5534600646179277,0.5820509586276489,0.7265484064942874,0.8339252336448597,0.8910728011419787
0.7246315192743765,0.7129302736098854,0.691588785046729,0.2820099255583128,0.7456418383518224,0.7057550063142701,0.2420485850237916,0.2804868885716432,0.3138874873864783,0.4973692122669873,0.6399999999999999,0.7131876578456132
0.5286281179138322,0.5056266548984996,0.4598130841121493,0.4843672456575683,0.5701267828843105,0.4914306332311022,0.0525920360631103,0.0642422420918175,0.0862134207870837,0.277510523150932,0.4017757009345793,0.5088393543428132
0.3227040816326531,0.2861871138570168,0.2098130841121493,0.6978908188585609,0.3878763866877971,0.2637560887605989,0.0217881292261457,0.0111954316627845,0.006180625630676,0.0955351773902585,0.1992523364485981,0.2918634017788514
0.1812641723356009,0.1391218005295675,0.0528037383177571,0.8424317617866005,0.2571315372424723,0.1132960490709002,0.158151765589782,0.1118040423773386,0.0580852674066599,0.007516536380036,0.0755140186915887,0.1458218952454156
0.1135204081632653,0.0749117387466902,0.0042056074766356,0.9081885856079404,0.1830427892234548,0.0514162006133861,0.3414725770097671,0.279810654444361,0.1634712411705348,0.0095460012026458,0.0278504672897196,0.0769737564510815
0.0820578231292517,0.056928508384819,0.0317757009345796,0.9321339950372208,0.1271790808240887,0.0420349990979613,0.5126471324818431,0.4415057479900818,0.2660822401614531,0.0591551413108839,0.0255140186915888,0.0563302953771823
0.0946712018140589,0.0696160635481023,0.0439252336448599,0.9194789081885856,0.1394611727416799,0.0548439473209452,0.6272226396193338,0.56397926215343,0.3332492431886982,0.1153036680697534,0.0460747663551401,0.0706050290984956
0.1373299319727891,0.0979699911738746,0.0233644859813082,0.884863523573201,0.2080031695721077,0.0739671657946959,0.6930879038317055,0.635434668269592,0.3700807265388496,0.1505562236921226,0.0741121495327102,0.1006917755572636
0.1558956916099773,0.1148499558693733,0.0336448598130841,0.8672456575682382,0.2293977812995245,0.0898430452823381,0.7207613323315802,0.6676684950033811,0.3862891019172552,0.1670174383644017,0.0935514018691588,0.1195783463270012
0.1605725623582766,0.1226831421006178,0.0514018691588784,0.8607940446650124,0.2286053882725832,0.0995850622406638,0.7230152767342849,0.6751070704034863,0.3903254288597376,0.1709260372820204,0.0985981308411214,0.1229823212913143
0.167517006802721,0.1294130626654898,0.0565420560747661,0.8539702233250621,0.2361331220285261,0.1060797402128811,0.7260205359378912,0.67916447516718,0.3933526740665993,0.1740829825616356,0.1038317757009345,0.1285824091358296
0.1707766439909297,0.1329435127978817,0.061214953271028,0.8504962779156328,0.2389064976228209,0.1098683023633411,0.7316553969446532,0.683372154181381,0.3969475277497477,0.1785929043896572,0.1095327102803738,0.1344021082683649
0.1670918367346938,0.1294130626654898,0.058411214953271,0.8540942928039702,0.2345483359746434,0.1064405556557821,0.7320310543451038,0.6834472913066345,0.3964429868819373,0.178141912206855,0.1091588785046728,0.1339628856923246
0.161281179138322,0.123676081200353,0.0532710280373833,0.859925558312655,0.2290015847860538,0.1008479162908171,0.7260205359378912,0.6792396122924336,0.3932265388496467,0.1739326518340349,0.1037383177570093,0.1278137696277588
0.1611394557823129,0.1227934686672551,0.0500000000000001,0.860545905707196,0.2297939778129952,0.0994046545192134,0.7228900576008014,0.6766849500338117,0.391082240161453,0.1718280216476247,0.1004672897196261,0.1242999890194356
0.1678004535147392,0.1290820829655781,0.0546728971962616,0.8539702233250621,0.2373217115689381,0.1053581093270792,0.726396193338342,0.67916447516718,0.3931004036326941,0.1740078171978352,0.102803738317757,0.1281431865597891
0.171485260770975,0.1328331862312445,0.0588785046728973,0.8503722084367246,0.2408874801901743,0.1093270791989896,0.7305284247433007,0.6829213314298594,0.3967583249243188,0.1785177390258568,0.1089719626168224,0.1337432744043043
0.167517006802721,0.1293027360988526,0.0560747663551403,0.8540942928039702,0.2361331220285261,0.1058993324914306,0.730778863010268,0.6829964685551131,0.3968213925327951,0.177916416115454,0.1085046728971962,0.1340726913363346
0.161281179138322,0.1235657546337157,0.0523364485981308,0.859925558312655,0.2290015847860538,0.1004871008479163,0.726396193338342,0.6780374182883763,0.3929112008072654,0.1736319903788334,0.1025233644859813,0.1283627978478093
0.1609977324263038,0.1235657546337157,0.0532710280373833,0.8601736972704715,0.2286053882725832,0.1006675085693668,0.7226396193338342,0.6757833045307686,0.3909561049445005,0.1710012026458208,0.0992523364485981,0.1246294059514659
0.1679421768707482,0.1286407766990291,0.0528037383177571,0.8542183622828785,0.2385103011093502,0.1048168861627277,0.72702228900576,0.6792396122924336,0.3929112008072654,0.1743084786530366,0.1033644859813084,0.1272647414077083
0.171343537414966,0.1328331862312445,0.0588785046728973,0.8503722084367246,0.2404912836767035,0.1093270791989896,0.7317806160781366,0.6834472913066345,0.3965691220988899,0.1788184004810583,0.1085981308411214,0.1333040518282639
0.1672335600907029,0.1290820829655781,0.0565420560747661,0.8543424317617866,0.2357369255150554,0.1058993324914306,0.7326571500125219,0.6835975655571417,0.3968213925327951,0.1785929043896572,0.1085046728971962,0.1341824969803448
0.1600056689342403,0.1226831421006178,0.0532710280373833,0.8610421836228288,0.2270206022187004,0.0999458776835648,0.7268970698722764,0.6790142009166729,0.3929742684157417,0.1739326518340349,0.1033644859813084,0.1281431865597891
0.1601473922902494,0.1240070609002648,0.058411214953271,0.8602977667493797,0.225039619651347,0.10193036261952,0.7233909341347358,0.6761589901570365,0.3905776992936428,0.1713770294648226,0.0999065420560747,0.1244097946634456
0.1662414965986394,0.1296337157987643,0.0626168224299063,0.8543424317617866,0.2317749603803486,0.1073425942630344,0.7260205359378912,0.678638515290405,0.3928481331987891,0.1740078171978352,0.1033644859813084,0.1274843526957285
0.171485260770975,0.1332744924977934,0.0602803738317755,0.85,0.2400950871632329,0.1098683023633411,0.7329075882794891,0.6839732511834097,0.3970736629667002,0.1788184004810583,0.1087850467289719,0.134511913912375
0.1672335600907029,0.1290820829655781,0.0565420560747661,0.8543424317617866,0.2357369255150554,0.1057189247699801,0.7331580265464563,0.6838981140581561,0.3971367305751765,0.1787432351172579,0.1086915887850467,0.1351707477764357
0.159438775510204,0.1237864077669902,0.0598130841121493,0.8606699751861043,0.2234548335974643,0.1021107703409705,0.7277736038066616,0.6788639266661658,0.3930373360242179,0.1736319903788334,0.1038317757009345,0.1277039639837487
0.1598639455782312,0.1230141218005295,0.0551401869158878,0.8609181141439206,0.2258320126782884,0.1006675085693668,0.7231404958677685,0.6757081674055151,0.3908299697275479,0.1710763680096212,0.1008411214953271,0.1241901833754254
0.1666666666666666,0.1279788172992056,0.0542056074766354,0.855210918114144,0.2361331220285261,0.1044560707198267,0.7260205359378912,0.6790893380419265,0.3931004036326941,0.1741581479254359,0.1041121495327102,0.1285824091358296
0.1704931972789115,0.1322815533980582,0.0598130841121493,0.8509925558312657,0.2389064976228209,0.1089662637560886,0.7316553969446532,0.6830716056803666,0.3967583249243188,0.1785177390258568,0.1086915887850467,0.1348413308444054
0.1666666666666666,0.1288614298323036,0.0574766355140186,0.8545905707196031,0.2345483359746434,0.1057189247699801,0.7327823691460055,0.6832970170561274,0.3968213925327951,0.1785929043896572,0.1086915887850467,0.1346217195563852
0.1604308390022675,0.1226831421006178,0.0523364485981308,0.8609181141439206,0.2278129952456418,0.0997654699621143,0.7262709742048584,0.678638515290405,0.3931634712411704,0.173556825015033,0.1038317757009345,0.1283627978478093
0.1601473922902494,0.123234774933804,0.0551401869158878,0.8606699751861043,0.2266244057052298,0.1008479162908171,0.7212622088655146,0.675332481779247,0.3908930373360242,0.1700992182802164,0.1005607476635514,0.1246294059514659
0.1678004535147392,0.1293027360988526,0.055607476635514,0.8539702233250621,0.2369255150554675,0.1058993324914306,0.7253944402704733,0.6781876925388834,0.393289606458123,0.1739326518340349,0.1037383177570093,0.1286922147798396
0.1721938775510204,0.1330538393645189,0.0570093457943923,0.8498759305210919,0.242472266244057,0.1091466714775391,0.7322814926120711,0.6835224284318882,0.3970105953582239,0.1786680697534576,0.1100934579439252,0.1347315252003952
0.1683673469387755,0.1293027360988526,0.0537383177570091,0.8537220843672457,0.2385103011093502,0.1053581093270792,0.7322814926120711,0.683372154181381,0.3972628657921291,0.1785929043896572,0.1102803738317756,0.1349511364884155
0.1615646258503401,0.1235657546337157,0.0518691588785046,0.859801488833747,0.2297939778129952,0.1004871008479163,0.7271475081392437,0.6790142009166729,0.3934157416750756,0.1737823211064341,0.1042990654205607,0.1285824091358296
0.1648242630385487,0.1268755516328332,0.0551401869158878,0.8565756823821341,0.2329635499207606,0.1037344398340248,0.7247683446030553,0.6802915320459838,0.3959384460141271,0.1765634395670475,0.1038317757009345,0.1278137696277588
0.1857993197278911,0.1445278022947925,0.0607476635514018,0.837468982630273,0.259904912836767,0.119249503878766,0.7344102178812922,0.6923134720865579,0.4135343087790111,0.1945279615153337,0.118411214953271,0.1421983089930822
0.2063492063492063,0.1632833186231244,0.0724299065420559,0.8179900744416874,0.2836767036450079,0.1367490528594623,0.7505634861006761,0.7078668570140506,0.4359233097880928,0.2171527360192423,0.1385981308411214,0.1605358515427693
0.2209467120181405,0.1759708737864078,0.0780373831775699,0.8043424317617867,0.3015055467511885,0.1482951470322929,0.7615827698472326,0.7198136599293711,0.4538345105953582,0.2352675886951293,0.1533644859813084,0.1716262215877896
0.2295918367346938,0.1860105913503972,0.0920560747663551,0.7950372208436726,0.3078446909667194,0.1591196103193216,0.7648384673178061,0.728754977834548,0.4701690211907163,0.2505261575466025,0.1633644859813084,0.1783243658724058
0.2490079365079365,0.2050970873786407,0.108878504672897,0.7758064516129033,0.3280507131537242,0.1780624210716218,0.7714750813924367,0.7404012322488541,0.4880171543895055,0.2678893565844858,0.175233644859813,0.1886460964093554
0.2705498866213152,0.2272727272727273,0.1322429906542057,0.7538461538461538,0.3478605388272583,0.2006133862529316,0.7844978712747307,0.7555789315500788,0.5097124117053481,0.2898376428141912,0.1931775700934579,0.2067640276710222
0.2913832199546485,0.2472418358340688,0.147196261682243,0.7334987593052109,0.3708399366085578,0.2199170124481327,0.8010267968945655,0.7736869787361935,0.5341195761856711,0.3135898977751052,0.214018691588785,0.2268584605248709
0.3054138321995465,0.2621359223300971,0.1644859813084111,0.7189826302729528,0.3831220285261489,0.2354320764928738,0.8117956423741548,0.7863851529040498,0.5532290615539858,0.3326819001803969,0.2300934579439252,0.2401449434500933
0.3151927437641723,0.2718446601941748,0.1733644859813083,0.7093052109181142,0.393026941362916,0.2449936857297492,0.8156774355121462,0.794725373807198,0.5675454086781029,0.3475646422128683,0.2392523364485981,0.2467332820906994
0.3296485260770975,0.2868490732568403,0.1892523364485981,0.6945409429280397,0.4064976228209191,0.2605087497744903,0.8204357625845229,0.8029904575850927,0.58406912209889,0.3628232110643415,0.2492523364485981,0.2546392884594268
0.3524659863945578,0.3093556928508385,0.2098130841121493,0.6718362282878412,0.4294770206022186,0.2826988995128991,0.8332081141998496,0.8170411000075136,0.6035570131180625,0.3834936861094407,0.2659813084112149,0.2712199407049522
0.3717403628117914,0.3259046778464254,0.2158878504672895,0.6540942928039702,0.4540412044374008,0.2974923326718384,0.8481091910843976,0.8321436621834848,0.6232341069626639,0.4032621767889356,0.2842990654205607,0.2886790381025584
0.3798185941043084,0.3340688437775817,0.2238317757009346,0.6459057071960298,0.4619651347068145,0.3057910878585604,0.8557475582268971,0.84251258546848,0.6376765893037335,0.4182200841852074,0.2954205607476635,0.2984517404194575
0.3854875283446712,0.339585172109444,0.2285046728971961,0.6404466501240695,0.4679080824088747,0.3110229117806242,0.8567493112947658,0.8461943046059058,0.6468844601412714,0.4254359591100421,0.3010280373831775,0.2997694081475787
0.3939909297052154,0.3484112974404237,0.2383177570093457,0.6316377171215881,0.4758320126782884,0.3202237055745985,0.8587528174305034,0.8510782177473889,0.6560923309788093,0.4349067949488875,0.3061682242990654,0.3050400790600637
0.411422902494331,0.3639673433362754,0.2467289719626167,0.6152605459057072,0.4964342313787638,0.3344759155691863,0.8665164037064863,0.8599443985273123,0.6675706357214934,0.4482110643415514,0.316822429906542,0.3156912265290436
0.4217687074829932,0.3727934686672551,0.2495327102803736,0.6058312655086849,0.5095087163232963,0.3424138553130073,0.8769095917856248,0.8701630475618003,0.6788597376387486,0.4604630186410102,0.3285046728971962,0.3284286812342153
0.4199263038548753,0.3738967343336275,0.2602803738317757,0.6059553349875931,0.5027733755942947,0.345300378856215,0.8781617831204608,0.8727928469456757,0.6845358224016144,0.465423932651834,0.3318691588785046,0.332271878774569
0.4148242630385487,0.3699249779346867,0.2598130841121495,0.6104218362282878,0.4956418383518224,0.3420530398701064,0.8735286751815677,0.8692614020587572,0.6833375378405651,0.4626428141912206,0.3284112149532709,0.326891402218074
0.4142573696145125,0.3690423654015887,0.2588785046728971,0.6112903225806452,0.4952456418383518,0.3409705935414036,0.8687703481091911,0.8672326996769103,0.6810040363269424,0.4598616957306073,0.3253271028037383,0.3229383990337103
0.4199263038548753,0.374558693733451,0.2630841121495327,0.6055831265508685,0.501188589540412,0.3463828251849178,0.8715251690458301,0.8691862649335036,0.6832114026236125,0.4621166566446181,0.3283177570093458,0.3276600417261447
0.4227607709750567,0.3752206531332744,0.2565420560747663,0.6040942928039703,0.5079239302694136,0.345661194299116,0.8780365639869772,0.8718160643173791,0.682454591321897,0.4633944678292243,0.330841121495327,0.3317228505545184
0.4163832199546485,0.367828773168579,0.2462616822429904,0.6109181141439207,0.5035657686212361,0.3375428468338445,0.875907838717756,0.8684348936809677,0.6755802219979817,0.4570805772699939,0.3260747663551401,0.3255737344899527
0.4000850340136054,0.3545895851721095,0.2434579439252334,0.625558312655087,0.4817749603803486,0.3261771603824643,0.8651389932381667,0.8576902847697047,0.6641019172552977,0.4438514732411304,0.3128971962616822,0.3123970572087405
0.3894557823129251,0.343667255075022,0.2327102803738318,0.6363523573200993,0.4718700475435816,0.3151722893739852,0.8557475582268971,0.8480727327372454,0.6516775983854691,0.4295700541190619,0.3025233644859813,0.2998792137915889
0.3874716553287982,0.3400264783759929,0.2238317757009346,0.6393300248138959,0.472662440570523,0.3104816886162728,0.8529927372902579,0.8433390938462694,0.6415867810292633,0.4212266987372218,0.2960747663551401,0.2955967936751948
0.3805272108843537,0.3320829655781112,0.2135514018691588,0.646774193548387,0.4675118858954041,0.3021829334295508,0.8522414224893563,0.8385303178300397,0.6316851664984864,0.4122068550811786,0.2904672897196261,0.2942791259470736
0.3618197278911565,0.315864960282436,0.2060747663551403,0.6640198511166253,0.4441362916006339,0.2873895002706115,0.8443526170798897,0.8271094747914944,0.6162336024217961,0.3963469633193024,0.2783177570093458,0.2830789502580432
0.3390022675736961,0.2949029126213592,0.192056074766355,0.6858560794044666,0.4183835182250396,0.267544650911059,0.8298271975957926,0.8120820497407768,0.5960519677093844,0.3756764882742032,0.259626168224299,0.2645217964203359
0.3215702947845805,0.2793468667255074,0.1841121495327103,0.7022332506203475,0.3973851030110935,0.2532924409164712,0.817305284247433,0.798557367195131,0.5762487386478303,0.3556073361395069,0.2429906542056074,0.2496980344789722
0.3136337868480726,0.2703000882612533,0.17196261682243,0.7107940446650124,0.3914421553090332,0.2435504239581453,0.8104182319058352,0.789090089413179,0.5595358224016145,0.3395219482862297,0.232803738317757,0.2408037773141539
0.3017290249433106,0.257171226831421,0.1560747663551402,0.7233250620347396,0.3815372424722662,0.229839437127909,0.807037315301778,0.781050417011045,0.54534561049445,0.32501503307276,0.2228971962616822,0.2342154386735478
0.2799036281179138,0.2358781994704325,0.1373831775700934,0.7449131513647643,0.3589540412044373,0.2087317337182031,0.7972702228900576,0.7680516943421744,0.5254162462159434,0.3050210463018641,0.2079439252336448,0.2212583726803557
0.258078231292517,0.2140335392762577,0.1168224299065421,0.7667493796526055,0.3371632329635499,0.1869023994226952,0.7799899824693213,0.7502441956570741,0.5009460141271442,0.2807426337943475,0.1866355140186915,0.201163939826507
0.2402210884353741,0.1968225948808473,0.1028037383177568,0.7842431761786601,0.3181458003169571,0.1701244813278008,0.7664663160530929,0.7338643023517919,0.4783678102926336,0.2587943475646422,0.168411214953271,0.1823871747007796
0.2280328798185941,0.1843556928508384,0.0901869158878502,0.7966501240694789,0.3066561014263074,0.1574959408262673,0.759328825444528,0.7225185964385001,0.460835015136226,0.2406794948887552,0.1551401869158878,0.1723948610958603
0.2161281179138321,0.1723300970873786,0.0789719626168223,0.8085607940446651,0.294770206022187,0.1454086234890853,0.754946155772602,0.7144789240363663,0.4453203834510595,0.2262477450390859,0.1466355140186915,0.1653672998792137
0.1960034013605442,0.1523609885260371,0.0602803738317755,0.8286600496277916,0.2745641838351822,0.1255637741295326,0.746306035562234,0.703433766624089,0.427409182643794,0.2084335538184004,0.1321495327102803,0.153837707258153
0.1726190476190476,0.1325022065313327,0.0532710280373833,0.85,0.2448494453248811,0.1078838174273858,0.7305284247433007,0.6878803816965963,0.4053985872855701,0.187086590499098,0.1128037383177569,0.1361589985725266
0.1607142857142857,0.1237864077669902,0.0551401869158878,0.8601736972704715,0.2270206022187004,0.1012087317337181,0.7225144002003506,0.6772860470358404,0.3925327951564076,0.1726548406494287,0.1015887850467289,0.1248490172394861
0.1669501133786848,0.1293027360988526,0.058411214953271,0.8542183622828785,0.2345483359746434,0.1062601479343316,0.7255196594039569,0.6790142009166729,0.3936049445005045,0.1742333132892363,0.1041121495327102,0.1281431865597891
0.1717687074829932,0.1338261253309796,0.061214953271028,0.8496277915632755,0.2400950871632329,0.110589933249143,0.7310293012772351,0.6835975655571417,0.3971997981836528,0.178968731208659,0.1092523364485981,0.1348413308444054
0.1687925170068027,0.1305163283318623,0.0574766355140186,0.8527295285359803,0.2377179080824089,0.1071621865415839,0.7321562734785875,0.6839732511834097,0.3975151362260343,0.1785929043896572,0.109626168224299,0.1348413308444054
0.1618480725623582,0.123676081200353,0.0518691588785046,0.8596774193548387,0.2301901743264658,0.1004871008479163,0.72702228900576,0.6794650236681944,0.3935418768920282,0.1737071557426337,0.1045794392523364,0.1283627978478093
0.1601473922902494,0.1233451015004413,0.0551401869158878,0.860545905707196,0.226228209191759,0.1008479162908171,0.7227648384673178,0.6759335787812758,0.3907669021190716,0.1710012026458208,0.1013084112149532,0.1240803777314153
0.1666666666666666,0.1296337157987643,0.061214953271028,0.8542183622828785,0.2329635499207606,0.1071621865415839,0.7252692211369897,0.6781876925388834,0.3927850655903128,0.1736319903788334,0.1039252336448598,0.1272647414077083
0.1716269841269841,0.1332744924977934,0.0598130841121493,0.85,0.2404912836767035,0.1098683023633411,0.7312797395442023,0.683372154181381,0.3969475277497477,0.1788184004810583,0.1093457943925233,0.1346217195563852
0.1678004535147392,0.129523389232127,0.0565420560747661,0.8537220843672457,0.2365293185419968,0.1060797402128811,0.7311545204107187,0.6827710571793524,0.3970105953582239,0.1782170775706554,0.1089719626168224,0.1337432744043043
0.1607142857142857,0.124117387466902,0.0570093457943923,0.859925558312655,0.226228209191759,0.1017499548980696,0.7268970698722764,0.6781125554136298,0.3933526740665993,0.1740078171978352,0.1037383177570093,0.1272647414077083
0.1595804988662131,0.1229037952338922,0.0560747663551403,0.861166253101737,0.225039619651347,0.1006675085693668,0.7231404958677685,0.675332481779247,0.3901362260343087,0.1713018641010222,0.1003738317757009,0.123750960799385
0.1663832199546485,0.1286407766990291,0.0579439252336448,0.8548387096774195,0.2341521394611727,0.1057189247699801,0.7260205359378912,0.6783379667893906,0.3924697275479313,0.1744588093806374,0.1034579439252336,0.1278137696277588
0.1709183673469388,0.1329435127978817,0.0607476635514018,0.8504962779156328,0.2393026941362915,0.1096878946418906,0.7320310543451038,0.6835224284318882,0.3971367305751765,0.1790438965724594,0.1093457943925233,0.1344021082683649
0.1669501133786848,0.130847308031774,0.0649532710280374,0.8534739454094293,0.2317749603803486,0.1087858560346383,0.7326571500125219,0.683372154181381,0.3975151362260343,0.1782170775706554,0.1090654205607476,0.1335236631162841
0.1600056689342403,0.1244483671668137,0.0607476635514018,0.8600496277915635,0.223851030110935,0.1028324012267725,0.7261457550713748,0.678262829664137,0.3929112008072654,0.1737071557426337,0.1030841121495327,0.1263862962556275
0.1609977324263038,0.1235657546337157,0.0537383177570091,0.8601736972704715,0.2282091917591124,0.1006675085693668,0.7228900576008014,0.6762341272822902,0.3908299697275479,0.1713018641010222,0.1004672897196261,0.1239705720874052
0.1670918367346938,0.1301853486319505,0.0616822429906542,0.8537220843672457,0.2333597464342313,0.1077034097059354,0.7266466316053093,0.6793898865429409,0.3935418768920282,0.1743084786530366,0.103644859813084,0.1291314373558801
0.1709183673469388,0.1340467784642542,0.0649532710280374,0.8498759305210919,0.2373217115689381,0.1114919718563953,0.7317806160781366,0.6835975655571417,0.3970105953582239,0.1788184004810583,0.1095327102803738,0.1351707477764357
0.1670918367346938,0.1301853486319505,0.0616822429906542,0.8537220843672457,0.2333597464342313,0.1077034097059354,0.7327823691460055,0.683372154181381,0.3966321897073662,0.1785177390258568,0.1092523364485981,0.1339628856923246
0.1600056689342403,0.1237864077669902,0.0579439252336448,0.8604218362282879,0.225039619651347,0.1017499548980696,0.7266466316053093,0.6783379667893906,0.3928481331987891,0.1738574864702345,0.1033644859813084,0.1268255188316679
0.1597222222222222,0.1238967343336275,0.0593457943925235,0.860545905707196,0.2242472266244057,0.1021107703409705,0.7213874279989982,0.6759335787812758,0.3903884964682139,0.1710763680096212,0.0999999999999999,0.1239705720874052
0.1656746031746031,0.1297440423654016,0.064018691588785,0.8545905707196031,0.2301901743264658,0.1077034097059354,0.7253944402704733,0.678638515290405,0.3929742684157417,0.1742333132892363,0.1034579439252336,0.1281431865597891
0.1712018140589569,0.1338261253309796,0.064018691588785,0.8498759305210919,0.2381141045958795,0.1111311564134945,0.7310293012772351,0.6838229769329026,0.3970736629667002,0.1794948887552615,0.1089719626168224,0.1346217195563852
0.1679421768707482,0.1307369814651368,0.0607476635514018,0.8531017369727047,0.2349445324881141,0.1078838174273858,0.7309040821437515,0.6832218799308738,0.3970736629667002,0.1788935658448587,0.1088785046728971,0.134511913912375
0.1608560090702948,0.124117387466902,0.0565420560747661,0.859925558312655,0.2266244057052298,0.1017499548980696,0.7278988229401452,0.6789390637914193,0.3939833501513622,0.1742333132892363,0.1039252336448598,0.128033380915779
0.1598639455782312,0.123234774933804,0.0560747663551403,0.8607940446650124,0.2254358161648177,0.1008479162908171,0.7232657150012521,0.6756330302802614,0.3913975782038345,0.1713770294648226,0.0999065420560747,0.1236411551553749
0.1656746031746031,0.1301853486319505,0.0663551401869157,0.8543424317617866,0.2293977812995245,0.1086054483131878,0.7255196594039569,0.678638515290405,0.3935418768920282,0.1740078171978352,0.103644859813084,0.1279235752717689
0.1706349206349206,0.1341571050308914,0.0663551401869157,0.8498759305210919,0.2365293185419968,0.1118527872992963,0.7312797395442023,0.6835224284318882,0.3970105953582239,0.1788184004810583,0.1087850467289719,0.1346217195563852
0.1665249433106576,0.1301853486319505,0.0635514018691588,0.8539702233250621,0.2317749603803486,0.1080642251488363,0.7312797395442023,0.6832970170561274,0.3971367305751765,0.1786680697534576,0.1085981308411214,0.1344021082683649
0.159438775510204,0.1237864077669902,0.0598130841121493,0.8606699751861043,0.2234548335974643,0.1021107703409705,0.72702228900576,0.6792396122924336,0.393289606458123,0.1740078171978352,0.1042056074766355,0.1279235752717689
0.1598639455782312,0.124117387466902,0.0602803738317755,0.8602977667493797,0.223851030110935,0.1024715857838715,0.7228900576008014,0.6761589901570365,0.3910191725529768,0.1709260372820204,0.1007476635514018,0.1242999890194356
0.1668083900226757,0.1293027360988526,0.058411214953271,0.8543424317617866,0.2341521394611727,0.1062601479343316,0.7257700976709242,0.6789390637914193,0.3939833501513622,0.1740078171978352,0.1037383177570093,0.1279235752717689
0.171343537414966,0.1328331862312445,0.058411214953271,0.8503722084367246,0.2408874801901743,0.1091466714775391,0.7324067117455547,0.6835224284318882,0.3973259334006054,0.178968731208659,0.109626168224299,0.134511913912375
0.1672335600907029,0.1299646954986761,0.0602803738317755,0.8538461538461539,0.2341521394611727,0.1071621865415839,0.7325319308790382,0.6835975655571417,0.3975151362260343,0.1788184004810583,0.1095327102803738,0.1336334687602943
0.1604308390022675,0.1235657546337157,0.055607476635514,0.8604218362282879,0.2266244057052298,0.1012087317337181,0.7260205359378912,0.6783379667893906,0.3931004036326941,0.1738574864702345,0.1041121495327102,0.1271549357636982
0.1597222222222222,0.123676081200353,0.058411214953271,0.860545905707196,0.2242472266244057,0.1017499548980696,0.7221387427998998,0.6754076189045006,0.3908299697275479,0.1702495490078172,0.1006542056074766,0.123750960799385
0.1659580498866213,0.1296337157987643,0.0630841121495325,0.8545905707196031,0.2309825673534072,0.1075230019844849,0.7258953168044077,0.6789390637914193,0.3933526740665993,0.1736319903788334,0.1042056074766355,0.1283627978478093
0.1712018140589569,0.1334951456310679,0.0616822429906542,0.8501240694789083,0.2389064976228209,0.1104095255276925,0.7320310543451038,0.6836727026823952,0.3970736629667002,0.1784425736620565,0.1095327102803738,0.1348413308444054
0.1678004535147392,0.1300750220653133,0.0588785046728973,0.8534739454094293,0.2357369255150554,0.1069817788201334,0.7325319308790382,0.683372154181381,0.3969475277497477,0.1783674082982561,0.1089719626168224,0.1348413308444054
0.1604308390022675,0.1242277140335393,0.0579439252336448,0.8600496277915635,0.2254358161648177,0.1021107703409705,0.7275231655396944,0.6789390637914193,0.3932265388496467,0.1740078171978352,0.1034579439252336,0.1279235752717689
0.1600056689342403,0.1235657546337157,0.0570093457943923,0.860545905707196,0.2254358161648177,0.1013891394551686,0.7231404958677685,0.676083853031783,0.3908299697275479,0.171677690920024,0.1005607476635514,0.1242999890194356
0.1668083900226757,0.1299646954986761,0.0616822429906542,0.8539702233250621,0.2329635499207606,0.1075230019844849,0.7260205359378912,0.6785633781651514,0.3933526740665993,0.1743084786530366,0.1045794392523364,0.1275941583397386
0.1704931972789115,0.1340467784642542,0.0672897196261682,0.85,0.2357369255150554,0.1120331950207468,0.7302779864763336,0.6832970170561274,0.3970105953582239,0.1786680697534576,0.1093457943925233,0.1336334687602943
0.1670918367346938,0.130406001765225,0.0626168224299063,0.8535980148883375,0.2329635499207606,0.1080642251488363,0.731404958677686,0.6826959200540987,0.3968213925327951,0.1784425736620565,0.1088785046728971,0.1344021082683649
0.159438775510204,0.1234554280670785,0.058411214953271,0.8609181141439206,0.2242472266244057,0.1015695471766191,0.7262709742048584,0.6778871440378691,0.3934157416750756,0.1736319903788334,0.1041121495327102,0.1279235752717689
0.159438775510204,0.1230141218005295,0.0565420560747661,0.861166253101737,0.2246434231378763,0.1008479162908171,0.7216378662659654,0.6749567961529792,0.3907669021190716,0.1703247143716175,0.1005607476635514,0.1232019325793346
0.1670918367346938,0.129523389232127,0.0588785046728973,0.8540942928039702,0.2345483359746434,0.1066209633772324,0.7258953168044077,0.6787887895409122,0.3930373360242179,0.1733313289236319,0.1041121495327102,0.128033380915779
0.1704931972789115,0.1332744924977934,0.0635514018691588,0.8504962779156328,0.2373217115689381,0.110589933249143,0.7322814926120711,0.6835224284318882,0.3968844601412714,0.1782922429344558,0.1089719626168224,0.1337432744043043
0.1666666666666666,0.1301853486319505,0.0626168224299063,0.8538461538461539,0.23256735340729,0.1078838174273858,0.7322814926120711,0.6829213314298594,0.3966321897073662,0.1787432351172579,0.1091588785046728,0.1341824969803448
0.1591553287981859,0.123234774933804,0.058411214953271,0.8610421836228288,0.223851030110935,0.1013891394551686,0.7257700976709242,0.6781125554136298,0.3927219979818365,0.1740829825616356,0.1034579439252336,0.1274843526957285
0.1591553287981859,0.122352162400706,0.0542056074766354,0.8616625310173698,0.2254358161648177,0.0999458776835648,0.7220135236664161,0.6759335787812758,0.3903884964682139,0.1711515333734215,0.1001869158878504,0.1235313495113649
0.1665249433106576,0.1291924095322154,0.0593457943925235,0.8544665012406948,0.233755942947702,0.1064405556557821,0.7247683446030553,0.678638515290405,0.3922805247225024,0.1739326518340349,0.1034579439252336,0.1278137696277588
0.1712018140589569,0.1334951456310679,0.0621495327102805,0.8501240694789083,0.2389064976228209,0.110589933249143,0.7315301778111696,0.6832218799308738,0.3963799192734611,0.1786680697534576,0.1088785046728971,0.1337432744043043
0.167517006802721,0.1297440423654016,0.0579439252336448,0.8538461538461539,0.2353407290015847,0.1066209633772324,0.7325319308790382,0.6828461943046059,0.3965060544904136,0.1783674082982561,0.1090654205607476,0.1331942461842538
0.1617063492063492,0.1235657546337157,0.0514018691588784,0.859801488833747,0.2301901743264658,0.1003066931264658,0.7260205359378912,0.678262829664137,0.3927219979818365,0.1736319903788334,0.104018691588785,0.1271549357636982
0.1609977324263038,0.1230141218005295,0.0509345794392522,0.8604218362282879,0.2293977812995245,0.0997654699621143,0.721763085399449,0.6755578931550079,0.3909561049445005,0.1716025255562236,0.1002803738317756,0.1240803777314153
0.1660997732426303,0.1281994704324801,0.0570093457943923,0.855210918114144,0.2341521394611727,0.1051777016056287,0.7255196594039569,0.678638515290405,0.3933526740665993,0.1743084786530366,0.1025233644859813,0.1283627978478093
0.1697845804988662,0.1318402471315092,0.0598130841121493,0.8516129032258065,0.2381141045958795,0.1086054483131878,0.7316553969446532,0.683372154181381,0.3971367305751765,0.1786680697534576,0.1088785046728971,0.1348413308444054
0.1668083900226757,0.1293027360988526,0.0588785046728973,0.8543424317617866,0.2341521394611727,0.1064405556557821,0.730778863010268,0.6829964685551131,0.3969475277497477,0.1782170775706554,0.1085981308411214,0.1331942461842538
0.1598639455782312,0.123234774933804,0.0560747663551403,0.8607940446650124,0.2254358161648177,0.1010283240122676,0.7257700976709242,0.6789390637914193,0.3932265388496467,0.1736319903788334,0.1029906542056074,0.1273745470517184
0.1617063492063492,0.1251103265666372,0.058411214953271,0.8589330024813897,0.2270206022187004,0.103012808948223,0.7240170298021538,0.6771357727853332,0.3921543895055499,0.1730306674684305,0.1018691588785046,0.1257274623915669
0.1808390022675737,0.1414386584289497,0.064018691588785,0.841315136476427,0.2515847860538827,0.1174454266642611,0.7361632857500625,0.6860019535652566,0.4012361251261352,0.1831028262176788,0.1142990654205607,0.1392335566048095
0.2013888888888889,0.1632833186231244,0.0887850467289719,0.8200992555831266,0.269809825673534,0.1399963918455709,0.7509391435011269,0.6998271846119167,0.4133451059535822,0.1985117257967528,0.1332710280373832,0.1572416822224662
0.2123015873015873,0.1776257722859665,0.1135514018691589,0.8071960297766749,0.2745641838351822,0.1564134944975644,0.7637114951164538,0.7102712450221653,0.4234359233097881,0.2097113650030066,0.1477570093457943,0.1717360272317996
0.2216553287981859,0.1902030008826125,0.1355140186915889,0.7961538461538462,0.2781299524564183,0.1710265199350532,0.7690959178562484,0.7159816665414381,0.4304994954591322,0.2176788935658448,0.1579439252336448,0.178543977160426
0.2352607709750567,0.2066416593115622,0.1607476635514017,0.7808933002481391,0.2868462757527734,0.1894281075230019,0.7746055597295266,0.7219174994364715,0.4373107971745711,0.2263980757666867,0.1685046728971962,0.186010760953113
0.2548185941043084,0.228045013239188,0.1869158878504673,0.7602977667493797,0.3026941362916006,0.2119790727043117,0.788129226145755,0.7337891652265384,0.4474646821392533,0.2383493686109441,0.1827102803738317,0.2005051059624464
0.2699829931972789,0.2441526919682259,0.2051401869158879,0.7445409429280397,0.3161648177496038,0.2285765830777557,0.8004007012271476,0.7466376136449019,0.4581861755802219,0.2509771497294047,0.1985046728971962,0.217305369495992
0.2791950113378685,0.2511032656663725,0.2042056074766354,0.7366004962779157,0.329635499207607,0.2341692224427204,0.8095416979714499,0.7512209782853707,0.4635469223007063,0.2569903788334335,0.2072897196261681,0.2253211815087295
0.2760770975056689,0.2513239187996469,0.2154205607476633,0.7378411910669975,0.3205229793977813,0.2365145228215767,0.808289506636614,0.7506198812833421,0.4631054490413723,0.2566897173782321,0.2072897196261681,0.2246623476446689
0.2769274376417233,0.2540820829655781,0.2242990654205608,0.7359801488833747,0.3177496038034865,0.2404834926934872,0.8061607813673929,0.7501690585318205,0.4631685166498486,0.2569903788334335,0.2071028037383177,0.2235642912045679
0.2824546485260771,0.257171226831421,0.2191588785046727,0.7317617866004964,0.3276545166402536,0.2419267544650911,0.8076634109691961,0.75099556690961,0.4632946518668011,0.2578171978352375,0.2076635514018691,0.2254309871527396
0.2835884353741496,0.2557369814651368,0.2093457943925231,0.7321339950372209,0.3335974643423138,0.2388598232004329,0.8094164788379663,0.7513712525358779,0.4631054490413723,0.2575165363800361,0.2077570093457943,0.2252113758647194
0.2671485260770975,0.2416151809355693,0.2042056074766354,0.7472704714640198,0.3125990491283676,0.22641169042035,0.8034059604307537,0.7461867908933804,0.4583753784056508,0.2510523150932051,0.2000934579439252,0.2181838146480729
0.250141723356009,0.2231906443071491,0.1817757009345792,0.765136476426799,0.2983359746434231,0.2069276565036982,0.7898822940145254,0.7343902622285671,0.4475277497477295,0.2388755261575466,0.1846728971962616,0.2024816075546282
0.2358276643990929,0.2075242718446601,0.1626168224299066,0.7801488833746899,0.2868462757527734,0.1903301461302542,0.7752316553969446,0.7224434593132466,0.4378784056508576,0.2272248947684906,0.1693457943925233,0.1880970681893049
0.2276077097505669,0.1960503089143866,0.1411214953271028,0.7901985111662531,0.2840729001584786,0.176979974742919,0.7684698221888304,0.716357352167706,0.4301210898082744,0.2185808779314492,0.1590654205607476,0.1794224223125068
0.2159863945578231,0.1821491615180935,0.1205607476635515,0.8031017369727047,0.2765451664025357,0.1616453184196283,0.7629601803155521,0.710722067773687,0.422994450050454,0.210012026458208,0.148411214953271,0.1718458328758098
0.1989795918367347,0.1605251544571933,0.0855140186915887,0.8227047146401986,0.2678288431061806,0.1371098683023633,0.7528174305033809,0.7011796528664812,0.4145433905146316,0.1990378833433554,0.1351401869158878,0.1593279894586581
0.1753117913832199,0.1369152691968226,0.0635514018691588,0.8462779156327545,0.2440570522979397,0.1136568645138011,0.7371650388179314,0.6871290104440604,0.4019929364278506,0.1837041491280817,0.1164485981308411,0.1396727791808499
0.161281179138322,0.1248896734333627,0.058411214953271,0.8593052109181142,0.2266244057052298,0.1028324012267725,0.7230152767342849,0.6775114584116012,0.3920913218970736,0.1726548406494287,0.1014018691588785,0.1257274623915669
0.1658163265306122,0.1281994704324801,0.0574766355140186,0.8553349875930522,0.2333597464342313,0.1051777016056287,0.724267468069121,0.678262829664137,0.3928481331987891,0.1737823211064341,0.1027102803738317,0.1272647414077083
0.1703514739229024,0.132171226831421,0.0593457943925235,0.8511166253101737,0.2389064976228209,0.1087858560346383,0.7311545204107187,0.683372154181381,0.3969475277497477,0.1786680697534576,0.1085046728971962,0.1337432744043043
0.167517006802721,0.129523389232127,0.0574766355140186,0.8539702233250621,0.2357369255150554,0.1062601479343316,0.7319058352116202,0.6830716056803666,0.3968844601412714,0.1791942273000601,0.1089719626168224,0.1346217195563852
0.1609977324263038,0.1237864077669902,0.0546728971962616,0.8600496277915635,0.2278129952456418,0.1012087317337181,0.7265214124718257,0.6785633781651514,0.3931634712411704,0.1742333132892363,0.104018691588785,0.1279235752717689
0.1607142857142857,0.1242277140335393,0.0574766355140186,0.859801488833747,0.226228209191759,0.1021107703409705,0.7218883045329325,0.6751822075287399,0.3905776992936428,0.17085087191822,0.0999999999999999,0.1232019325793346
0.1668083900226757,0.1299646954986761,0.0616822429906542,0.8539702233250621,0.2329635499207606,0.1075230019844849,0.725144002003506,0.6781125554136298,0.3928481331987891,0.1734816596512327,0.1034579439252336,0.126935324475678
0.1709183673469388,0.1337157987643424,0.064018691588785,0.8501240694789083,0.2377179080824089,0.1111311564134945,0.731404958677686,0.6834472913066345,0.3965691220988899,0.1786680697534576,0.1095327102803738,0.1341824969803448
0.1668083900226757,0.1300750220653133,0.0621495327102805,0.8539702233250621,0.23256735340729,0.1077034097059354,0.7320310543451038,0.6834472913066345,0.3965691220988899,0.1788184004810583,0.1092523364485981,0.1341824969803448
0.1609977324263038,0.1237864077669902,0.0546728971962616,0.859925558312655,0.2278129952456418,0.1010283240122676,0.7262709742048584,0.6787887895409122,0.3931634712411704,0.174383644016837,0.103644859813084,0.1270451301196881
0.1608560090702948,0.1233451015004413,0.0532710280373833,0.8602977667493797,0.2282091917591124,0.1004871008479163,0.7225144002003506,0.676083853031783,0.3913345105953582,0.1712266987372218,0.1004672897196261,0.1233117382233446
0.1663832199546485,0.129523389232127,0.0607476635514018,0.8544665012406948,0.23256735340729,0.1069817788201334,0.7253944402704733,0.6792396122924336,0.3933526740665993,0.1741581479254359,0.1029906542056074,0.1277039639837487
0.1706349206349206,0.1333848190644307,0.0635514018691588,0.8503722084367246,0.2373217115689381,0.110589933249143,0.730778863010268,0.683372154181381,0.3964429868819373,0.1784425736620565,0.1083177570093457,0.1339628856923246
0.1670918367346938,0.1299646954986761,0.0607476635514018,0.8538461538461539,0.233755942947702,0.1073425942630344,0.7317806160781366,0.6832218799308738,0.3969475277497477,0.178968731208659,0.1089719626168224,0.134511913912375
0.1600056689342403,0.123234774933804,0.055607476635514,0.8607940446650124,0.2258320126782884,0.1008479162908171,0.7262709742048584,0.6784882410398977,0.3931004036326941,0.1745339747444378,0.1037383177570093,0.1282529922037993
0.1598639455782312,0.1229037952338922,0.0546728971962616,0.8610421836228288,0.226228209191759,0.1003066931264658,0.7218883045329325,0.6751070704034863,0.3903254288597376,0.1713018641010222,0.0999065420560747,0.1233117382233446
0.1663832199546485,0.1286407766990291,0.0579439252336448,0.8549627791563276,0.233755942947702,0.1057189247699801,0.7257700976709242,0.678638515290405,0.3927850655903128,0.1739326518340349,0.1029906542056074,0.1278137696277588
0.1707766439909297,0.132171226831421,0.0579439252336448,0.8509925558312657,0.2400950871632329,0.1086054483131878,0.7310293012772351,0.6832218799308738,0.3970105953582239,0.1785929043896572,0.1097196261682243,0.1341824969803448
0.1660997732426303,0.1286407766990291,0.058411214953271,0.8549627791563276,0.2333597464342313,0.1058993324914306,0.7320310543451038,0.6829213314298594,0.3966321897073662,0.1785929043896572,0.1099065420560747,0.1340726913363346
0.1537698412698412,0.1140776699029126,0.0373831775700935,0.8686104218362284,0.225039619651347,0.0898430452823381,0.7257700976709242,0.6774363212863475,0.3883072653884964,0.171677690920024,0.0973831775700934,0.1184802898869002
0.1211734693877551,0.0868270079435127,0.0299065420560746,0.8981389578163773,0.1826465927099841,0.0660292260508749,0.7129977460555972,0.66240889623563,0.3691977800201815,0.1528111846061335,0.0672897196261682,0.0856484023278796
0.060515873015873,0.0453442188879082,0.0532710280373833,0.948014888337469,0.0879556259904912,0.0368031751758975,0.7048585023791635,0.6436246149222331,0.3493314833501513,0.1211665664461816,0.0353271028037383,0.0445810914681014
0.0170068027210884,0.0136804942630185,0.0626168224299063,0.9848635235732012,0.0233755942947702,0.0126285405015334,0.7273979464062108,0.6465549628071229,0.3571518668012108,0.1101172579675285,0.0105607476635513,0.0155924014494344
0.0341553287981859,0.0266990291262135,0.0616822429906542,0.9700992555831266,0.0475435816164818,0.0230921883456611,0.7915101427498121,0.6952438199714479,0.4248234106962663,0.1596512327119663,0.029626168224299,0.0319534424069397
0.1421485260770975,0.1237864077669902,0.1168224299065421,0.8682382133995038,0.1751188589540411,0.1131156413494497,0.8620085149010768,0.772860470358404,0.5531659939455096,0.286680697534576,0.1260747663551401,0.1284726034918194
0.3126417233560091,0.2890556045895852,0.2546728971962618,0.7007444168734492,0.3549920760697306,0.2747609597690781,0.9192336589030804,0.8598692614020588,0.6989152371342078,0.4724143114852676,0.3082242990654205,0.2905457340507302
0.5330215419501134,0.5104810238305384,0.4658878504672895,0.4797766749379653,0.573296354992076,0.4966624571531662,0.9717004758327072,0.9450747614396272,0.8423309788092834,0.6794197233914613,0.5293457943925234,0.507521686614692
0.7509920634920635,0.7399602824360106,0.7186915887850467,0.2553349875930522,0.7709984152139461,0.7329965722532924,1.0,0.9986475317454354,0.9706104944500504,0.8919122068550812,0.7754205607476635,0.7396508180520478
0.9356575963718822,0.9325904677846424,0.9257009345794392,0.0661290322580645,0.9413629160063391,0.930543027241566,0.9327573253193088,0.9542414907205647,0.9883324924318868,0.9990228502705952,0.9639252336448596,0.9342264192379488
0.9885204081632654,0.9894086496028244,0.9925233644859812,0.0110421836228288,0.9869255150554676,0.9898971675987732,0.7445529676934636,0.7944248253061837,0.8368440968718465,0.91874624173181,0.9779439252336448,0.991435159767212
0.8922902494331065,0.8928729037952339,0.900934579439252,0.1074441687344913,0.8910459587955626,0.8931986289013168,0.4879789631855747,0.5539860244947028,0.5834384460141271,0.7286530366806975,0.835233644859813,0.8912924124299989
0.7249149659863946,0.7148058252427184,0.6985981308411213,0.2807692307692307,0.7432646592709984,0.7086415298574779,0.2424242424242423,0.2807874370726576,0.3157164480322906,0.4982711966325917,0.6411214953271027,0.7138464917096738
0.5296201814058957,0.507171226831421,0.4630841121495325,0.4831265508684864,0.56973058637084,0.4934151181670574,0.0518407212622087,0.0646179277180854,0.0872855701311806,0.2781118460613349,0.4020560747663551,0.509717799494894
0.3239795918367347,0.2877316857899382,0.211214953271028,0.6965260545905708,0.3890649762282092,0.2653797582536533,0.0204107187578261,0.0106694717860094,0.005739152371342,0.0964371617558629,0.1993457943925233,0.2917535961348413
0.1825396825396825,0.1400044130626655,0.0523364485981308,0.8414392059553351,0.2587163232963549,0.1140176799567021,0.1565239168544953,0.1103012998722669,0.0578329969727548,0.0073662056524353,0.0751401869158878,0.1446140331613044
0.1140873015873015,0.0759046778464254,0.0065420560747664,0.9074441687344914,0.1826465927099841,0.0526790546635395,0.3390934134735787,0.2789090089413178,0.1628405650857719,0.0096211665664461,0.0275700934579439,0.0763149225870209
0.0816326530612244,0.0571491615180935,0.0341121495327103,0.9321339950372208,0.125594294770206,0.0425762222623128,0.5106436263461057,0.4409046509880532,0.2655146316851665,0.0587041491280817,0.0253271028037383,0.0561106840891621
0.0946712018140589,0.0693954104148279,0.0429906542056075,0.919602977667494,0.1398573692551505,0.0544831318780444,0.6258452291510143,0.5633781651514013,0.3328077699293643,0.1144768490679495,0.0457009345794392,0.0704952234544855
0.1374716553287981,0.0974183583406884,0.0205607476635512,0.8851116625310174,0.2091917591125198,0.0730651271874436,0.692587027297771,0.6343076113907881,0.3701437941473259,0.1498797354179194,0.0736448598130841,0.1020094432853848
0.1567460317460317,0.1144086496028243,0.0289719626168222,0.8671215880893302,0.2329635499207606,0.0883997835107342,0.7193839218632607,0.6671425351266062,0.3866044399596366,0.1665664461815995,0.0935514018691588,0.1207862084111123
0.1607142857142857,0.1215798764342453,0.0462616822429907,0.8612903225806452,0.2309825673534072,0.0976005773047086,0.7221387427998998,0.6748065219024719,0.3903254288597376,0.1701743836440168,0.0991588785046728,0.1224332930712638
0.1666666666666666,0.1288614298323036,0.0574766355140186,0.8545905707196031,0.2345483359746434,0.1057189247699801,0.7257700976709242,0.678638515290405,0.3927219979818365,0.1744588093806374,0.1041121495327102,0.1279235752717689
0.1712018140589569,0.1329435127978817,0.0593457943925235,0.8503722084367246,0.2400950871632329,0.1095074869204401,0.7311545204107187,0.6832218799308738,0.3966952573158425,0.178968731208659,0.1095327102803738,0.1348413308444054
0.1678004535147392,0.1296337157987643,0.0570093457943923,0.8537220843672457,0.2361331220285261,0.1064405556557821,0.7322814926120711,0.6831467428056202,0.3970736629667002,0.1783674082982561,0.1097196261682243,0.1344021082683649
0.1605725623582766,0.123676081200353,0.055607476635514,0.8601736972704715,0.2266244057052298,0.1012087317337181,0.7265214124718257,0.678638515290405,0.3931634712411704,0.1734816596512327,0.1039252336448598,0.1281431865597891
0.159438775510204,0.1231244483671668,0.0570093457943923,0.8610421836228288,0.2246434231378763,0.1010283240122676,0.7230152767342849,0.6759335787812758,0.3909561049445005,0.1715273601924233,0.1008411214953271,0.1239705720874052
0.1655328798185941,0.1286407766990291,0.0602803738317755,0.8553349875930522,0.2317749603803486,0.1060797402128811,0.7257700976709242,0.6785633781651514,0.3931634712411704,0.174383644016837,0.1037383177570093,0.1277039639837487
0.1704931972789115,0.1322815533980582,0.0593457943925235,0.8509925558312657,0.2393026941362915,0.1089662637560886,0.7315301778111696,0.6832218799308738,0.3969475277497477,0.1790438965724594,0.1097196261682243,0.1349511364884155
0.1678004535147392,0.130406001765225,0.0602803738317755,0.853225806451613,0.2349445324881141,0.1077034097059354,0.7316553969446532,0.6832970170561274,0.3967583249243188,0.1791190619362597,0.1097196261682243,0.1339628856923246
0.1605725623582766,0.1242277140335393,0.0579439252336448,0.859925558312655,0.2258320126782884,0.1021107703409705,0.726396193338342,0.6783379667893906,0.3928481331987891,0.1742333132892363,0.1042056074766355,0.1272647414077083
0.1600056689342403,0.1238967343336275,0.058411214953271,0.8604218362282879,0.225039619651347,0.10193036261952,0.7221387427998998,0.6755578931550079,0.3902623612512613,0.170625375826819,0.1009345794392523,0.1233117382233446
0.1660997732426303,0.1299646954986761,0.0635514018691588,0.8542183622828785,0.2309825673534072,0.1078838174273858,0.7253944402704733,0.678638515290405,0.3930373360242179,0.1738574864702345,0.1034579439252336,0.1273745470517184
0.171485260770975,0.1338261253309796,0.0626168224299063,0.8497518610421837,0.2389064976228209,0.110950748692044,0.7320310543451038,0.6827710571793524,0.3969475277497477,0.1782170775706554,0.1095327102803738,0.1340726913363346
0.167375283446712,0.1309576345984112,0.0635514018691588,0.853225806451613,0.2329635499207606,0.1086054483131878,0.731404958677686,0.6831467428056202,0.3968213925327951,0.1786680697534576,0.1095327102803738,0.1338530800483144
0.1602891156462584,0.1242277140335393,0.0588785046728973,0.8600496277915635,0.225039619651347,0.102291178062421,0.7265214124718257,0.6789390637914193,0.3934157416750756,0.1743084786530366,0.1041121495327102,0.1274843526957285
0.1584467120181405,0.1233451015004413,0.061214953271028,0.8614143920595534,0.2214738510301109,0.10193036261952,0.722389181066867,0.6759335787812758,0.390640766902119,0.1714521948286229,0.1010280373831775,0.1238607664433951
0.1655328798185941,0.1289717563989408,0.0616822429906542,0.8550868486352359,0.231378763866878,0.1066209633772324,0.7260205359378912,0.67916447516718,0.3931004036326941,0.1740078171978352,0.1048598130841121,0.1279235752717689
0.1697845804988662,0.1333848190644307,0.0663551401869157,0.8507444168734493,0.2349445324881141,0.1113115641349448,0.731404958677686,0.6835975655571417,0.3969475277497477,0.1783674082982561,0.1097196261682243,0.1336334687602943
0.1656746031746031,0.129523389232127,0.0630841121495325,0.8547146401985113,0.2305863708399366,0.1073425942630344,0.7311545204107187,0.6831467428056202,0.3968213925327951,0.1782170775706554,0.1092523364485981,0.1329746348962336
0.159297052154195,0.1235657546337157,0.0593457943925235,0.8609181141439206,0.2234548335974643,0.10193036261952,0.7255196594039569,0.678638515290405,0.3931004036326941,0.1740829825616356,0.1041121495327102,0.126935324475678
0.1585884353741496,0.1225728155339806,0.0574766355140186,0.8616625310173698,0.2234548335974643,0.1006675085693668,0.721763085399449,0.6756330302802614,0.390640766902119,0.1710012026458208,0.1008411214953271,0.1235313495113649
0.1649659863945578,0.1278684907325684,0.0588785046728973,0.8559553349875932,0.231378763866878,0.1053581093270792,0.7246431254695717,0.6787136524156585,0.3929742684157417,0.1737823211064341,0.1042990654205607,0.1273745470517184
0.1702097505668934,0.1331641659311562,0.064018691588785,0.8506203473945411,0.2369255150554675,0.110589933249143,0.7324067117455547,0.6829964685551131,0.3970105953582239,0.1785177390258568,0.1095327102803738,0.1337432744043043
0.1668083900226757,0.130847308031774,0.0654205607476637,0.8534739454094293,0.231378763866878,0.1089662637560886,0.7330328074129727,0.6831467428056202,0.3970736629667002,0.1785929043896572,0.1094392523364485,0.1341824969803448
0.1604308390022675,0.124117387466902,0.0579439252336448,0.8600496277915635,0.2254358161648177,0.1021107703409705,0.7261457550713748,0.678262829664137,0.3931004036326941,0.1740829825616356,0.1043925233644859,0.1279235752717689
0.1604308390022675,0.1230141218005295,0.0537383177570091,0.8606699751861043,0.2274167987321711,0.1003066931264658,0.7228900576008014,0.6754076189045006,0.3907038345105953,0.1713770294648226,0.1014018691588785,0.1246294059514659
0.1663832199546485,0.1289717563989408,0.0588785046728973,0.8547146401985113,0.233755942947702,0.1062601479343316,0.7266466316053093,0.6787887895409122,0.3927850655903128,0.1739326518340349,0.1042990654205607,0.1275941583397386
0.1702097505668934,0.1337157987643424,0.0663551401869157,0.8503722084367246,0.2357369255150554,0.1114919718563953,0.731404958677686,0.683747839807649,0.3966321897073662,0.1783674082982561,0.1091588785046728,0.1341824969803448
0.1669501133786848,0.1306266548984996,0.064018691588785,0.8534739454094293,0.2321711568938192,0.1084250405917373,0.7317806160781366,0.6836727026823952,0.3975151362260343,0.1791942273000601,0.1094392523364485,0.1349511364884155
0.1662414965986394,0.1290820829655781,0.0598130841121493,0.8547146401985113,0.2329635499207606,0.1064405556557821,0.7290257951414976,0.6847246224359455,0.4014883955600403,0.1824263379434756,0.1100934579439252,0.1326452179642033
0.1832482993197279,0.1409973521624006,0.0542056074766354,0.8405707196029777,0.2591125198098257,0.1151001262854049,0.7331580265464563,0.6919377864602899,0.4156155398587285,0.1956554419723391,0.1190654205607476,0.1385747227407489
0.2066326530612244,0.1636142983230362,0.0728971962616821,0.8176178660049629,0.2840729001584786,0.1371098683023633,0.7459303781617831,0.7058381546322037,0.4360494450050453,0.2170024052916416,0.1367289719626168,0.1553749862742945
0.2266156462585034,0.1838040600176522,0.0920560747663551,0.7975186104218362,0.303486529318542,0.1574959408262673,0.7618332081141999,0.7233451048162897,0.4586907164480322,0.2397023451593505,0.1574766355140187,0.175359613484133
0.2396541950113379,0.1973742277140335,0.1070093457943925,0.7841191066997519,0.3157686212361331,0.1713873353779542,0.7722263961933383,0.7368697873619354,0.4786200807265388,0.2597714972940469,0.1727102803738317,0.1885362907653453
0.2517006802721088,0.2088481906443071,0.1158878504672896,0.7724565756823821,0.3288431061806656,0.1823922063864332,0.7767342849987477,0.7456608310166053,0.4950807265388495,0.2751803968731209,0.1819626168224298,0.1962226858460524
0.2664399092970521,0.2238526037069726,0.130841121495327,0.7575682382133996,0.3427099841521395,0.1977268627097239,0.7843726521412471,0.7554286572995716,0.5122351160443995,0.2914912808177992,0.1945794392523364,0.206544416383002
0.2918083900226758,0.2481244483671668,0.15,0.73287841191067,0.3700475435816164,0.221179866498286,0.7983971950914099,0.7721090991058681,0.5348763874873864,0.3144918821407095,0.2128971962616822,0.2240035137806083
0.3122165532879818,0.270189761694616,0.1761682242990652,0.7115384615384616,0.3874801901743264,0.2442720548439473,0.8139243676433758,0.7895409121647005,0.557896064581231,0.3380186410102225,0.2349532710280373,0.2439881409904468
0.3251133786848073,0.2828773168578994,0.1873831775700935,0.6986352357320099,0.4009508716323296,0.2567201876240302,0.8240671174555472,0.8030655947103462,0.5766902119071644,0.3574864702345159,0.2495327102803738,0.257055012627649
0.3337585034013605,0.2909311562224183,0.1929906542056075,0.6904466501240695,0.4108557844690966,0.2644777196464009,0.8269471575256698,0.8090014276053797,0.5910065590312815,0.3707907396271798,0.2571962616822429,0.2615570440320632
0.3499149659863945,0.3053839364518976,0.2009345794392522,0.6751861042183623,0.4298732171156894,0.2778278910337362,0.832206361131981,0.8161394545044706,0.6055121089808274,0.3839446782922429,0.2662616822429906,0.2695728560448006
0.3714569160997732,0.3246910856134157,0.2116822429906543,0.6548387096774194,0.4556259904912836,0.2956882554573335,0.843350864012021,0.8301900969268915,0.6232341069626639,0.4023601924233313,0.2817757009345794,0.2845064236301746
0.38718820861678,0.3407987643424536,0.2280373831775699,0.6389578163771713,0.4702852614896989,0.312105358109327,0.8562484347608313,0.8455180704786235,0.6412083753784056,0.4223541791942273,0.2993457943925233,0.3004282420116393
0.3946995464852608,0.3478596646072374,0.2327102803738318,0.6316377171215881,0.4790015847860538,0.3186000360815443,0.8632607062359129,0.8536328800060109,0.654263370332997,0.4338544798556825,0.3098130841121495,0.3084440540243768
0.3971088435374149,0.3512797881729921,0.2401869158878503,0.6287841191066998,0.4790015847860538,0.3229298213963557,0.8640120210368144,0.8556615823878578,0.6615161453077698,0.4403938665063138,0.3115887850467289,0.3114088064126495
0.4078798185941043,0.3604368932038835,0.2425233644859814,0.6188585607940448,0.4932646592709984,0.3308677611401767,0.8652642123716503,0.8585919302727476,0.667507568113017,0.447083583884546,0.3157943925233644,0.312946085428791
0.4179421768707483,0.3710282436010591,0.2546728971962618,0.6084367245657569,0.502377179080824,0.3418726321486559,0.8720260455797646,0.8662559170486137,0.6769046417759838,0.4564040889957907,0.3251401869158878,0.3232678159657406
0.4236111111111111,0.3787511032656664,0.2686915887850467,0.6016129032258065,0.5039619651347068,0.3508930182211798,0.8775356874530428,0.8730182583214366,0.6859233097880928,0.4656494287432351,0.3326168224299065,0.332271878774569
0.421343537414966,0.3766548984995587,0.267289719626168,0.6038461538461538,0.5015847860538827,0.3489085332852246,0.8779113448534936,0.8743707265760011,0.6880676084762865,0.4664010823812387,0.3344859813084112,0.3329307126386296
0.4139739229024943,0.3695939982347749,0.261682242990654,0.6110421836228288,0.4936608557844691,0.3420530398701064,0.8726521412471825,0.8698624990607858,0.6840312815338042,0.4624924834636199,0.3294392523364486,0.3267815965740638
0.4125566893424036,0.368270079435128,0.260747663551402,0.612406947890819,0.4920760697305864,0.3407901858199531,0.8675181567743552,0.8657299571718385,0.6799949545913218,0.4586590499098015,0.3247663551401868,0.3224991764576699
0.4186507936507936,0.3705869373345102,0.2504672897196261,0.6084367245657569,0.5047543581616482,0.3407901858199531,0.8703981968444778,0.8667067398001351,0.6772199798183652,0.4571557426337943,0.3244859813084112,0.323707038541781
0.4193594104308389,0.3701456310679611,0.2462616822429904,0.6084367245657569,0.507527733755943,0.3395273317697997,0.873153017781117,0.8658802314223456,0.6738143289606456,0.4553517739025857,0.3246728971962616,0.3239266498298012
0.4047619047619047,0.3591129744042365,0.2476635514018691,0.6209677419354839,0.4869255150554675,0.3306873534187262,0.8695216629100926,0.860169809903073,0.6658678102926338,0.4458057726999399,0.3173831775700934,0.3177775337652355
0.3878968253968254,0.3424536628420124,0.2327102803738318,0.6377171215880895,0.4694928684627574,0.3142702507667327,0.8567493112947658,0.848523555488767,0.6512991927346113,0.4293445580276608,0.3046728971962616,0.3025145492478313
0.3759920634920635,0.3313106796116504,0.2247663551401867,0.6491315136476427,0.456418383518225,0.3036261952011545,0.8468569997495617,0.8373281238259824,0.6360368314833501,0.4152886349969933,0.2904672897196261,0.2903261227627099
0.3717403628117914,0.3251323918799647,0.2130841121495325,0.6544665012406948,0.4552297939778129,0.2964098863431353,0.843350864012021,0.830640919678413,0.6239909182643794,0.4034125075165363,0.2820560747663551,0.2858240913582958
0.3602607709750567,0.3170785525154457,0.2163551401869158,0.6640198511166253,0.437797147385103,0.2904564315352697,0.8418482344102178,0.8244796754076188,0.612449545913219,0.3928893565844858,0.2755140186915887,0.2813220599538816
0.3412698412698413,0.2986540158870256,0.200467289719626,0.6827543424317618,0.4179873217115689,0.2722352516687714,0.8330828950663661,0.8139604778721166,0.5957366296670029,0.376052315093205,0.2619626168224299,0.2691336334687603
0.3195861678004535,0.2772506619593998,0.1817757009345792,0.7043424317617866,0.39540412044374,0.2511275482590654,0.8196844477836213,0.7988579156961454,0.5739152371342078,0.3539536981358989,0.2438317757009345,0.2522235642912045
0.3028628117913832,0.2609223300970874,0.1677570093457943,0.7208436724565758,0.3779714738510301,0.235071261049973,0.8046581517655897,0.7832293936433992,0.5531029263370333,0.332306073361395,0.2253271028037383,0.2341056330295376
0.2928004535147392,0.2497793468667254,0.1537383177570094,0.7313895781637718,0.3700475435816164,0.2233447591556917,0.7968945654896068,0.7720339619806146,0.5361377396569121,0.3153187011425135,0.2121495327102803,0.2242231250686285
0.2786281179138322,0.2360988526037069,0.1425233644859811,0.7454094292803971,0.3549920760697306,0.209814180046906,0.7922614575507136,0.7635434668269592,0.5192356205852674,0.2990829825616355,0.202429906542056,0.2164269243439112
0.2606292517006802,0.2172330097087379,0.1219626168224298,0.7638957816377172,0.3383518225039619,0.1905105538517048,0.782870022539444,0.7512961154106244,0.5000630676084762,0.2805171377029465,0.1885046728971962,0.2032502470626989
0.233843537414966,0.1924095322153574,0.105140186915888,0.7894540942928041,0.3082408874801902,0.1670575500631426,0.7669671925870272,0.7328123825982418,0.4765388496468213,0.2560132291040289,0.1683177570093458,0.1824969803447897
0.2168367346938775,0.1746469549867608,0.085981308411215,0.8069478908188586,0.2923930269413629,0.1488363701966444,0.75244177310293,0.716357352167706,0.4539606458123107,0.2330126277811184,0.148411214953271,0.1643790490831228
0.2069160997732426,0.1641659311562224,0.0742990654205608,0.8172456575682383,0.2836767036450079,0.1380119069096157,0.7464312546957174,0.7071906228867683,0.4371215943491423,0.218129885748647,0.1371028037383177,0.1564730427143955
0.1961451247165533,0.1533539276257722,0.0635514018691588,0.8279156327543425,0.2733755942947702,0.1270070359011365,0.743175557225144,0.7003531444886918,0.4226160443995963,0.2046752856283824,0.1278504672897196,0.1505435379378499
0.1760204081632653,0.1372462488967343,0.0621495327102805,0.8459057071960298,0.2456418383518224,0.1134764567923507,0.7349110944152266,0.6896836727026823,0.4057139253279515,0.1883644016837041,0.1154205607476635,0.1394531678928296
0.1611394557823129,0.1249999999999999,0.0598130841121493,0.8593052109181142,0.2258320126782884,0.103012808948223,0.7268970698722764,0.6789390637914193,0.3942356205852674,0.1746843054720384,0.1041121495327102,0.1282529922037993
0.159438775510204,0.1231244483671668,0.0570093457943923,0.8610421836228288,0.2246434231378763,0.1010283240122676,0.7220135236664161,0.6757833045307686,0.3911453077699293,0.1710763680096212,0.1001869158878504,0.1246294059514659
0.1663832199546485,0.129523389232127,0.061214953271028,0.8544665012406948,0.23256735340729,0.1071621865415839,0.724517906336088,0.6783379667893906,0.3928481331987891,0.1736319903788334,0.103644859813084,0.1279235752717689
0.1707766439909297,0.1336054721977052,0.0644859813084112,0.8501240694789083,0.2373217115689381,0.1111311564134945,0.7305284247433007,0.6832970170561274,0.3970736629667002,0.1783674082982561,0.1093457943925233,0.1338530800483144
0.1672335600907029,0.1307369814651368,0.0635514018691588,0.8533498759305213,0.23256735340729,0.1086054483131878,0.7320310543451038,0.6831467428056202,0.3972628657921291,0.1779915814792543,0.1095327102803738,0.1341824969803448
0.1608560090702948,0.1249999999999999,0.0602803738317755,0.8594292803970224,0.225039619651347,0.1031932166696733,0.7265214124718257,0.6784882410398977,0.3933526740665993,0.1736319903788334,0.1042990654205607,0.1281431865597891
0.1595804988662131,0.1237864077669902,0.0598130841121493,0.8606699751861043,0.2234548335974643,0.1021107703409705,0.7225144002003506,0.6756330302802614,0.391082240161453,0.1712266987372218,0.1004672897196261,0.123750960799385
0.1663832199546485,0.1299646954986761,0.0630841121495325,0.8540942928039702,0.2317749603803486,0.1078838174273858,0.724517906336088,0.6784131039146442,0.3929742684157417,0.1740829825616356,0.1028971962616822,0.1277039639837487
0.1709183673469388,0.1336054721977052,0.0630841121495325,0.8501240694789083,0.2381141045958795,0.1107703409705935,0.7311545204107187,0.6829964685551131,0.3965691220988899,0.1785929043896572,0.108411214953271,0.1339628856923246
0.1672335600907029,0.1301853486319505,0.061214953271028,0.8537220843672457,0.233755942947702,0.1075230019844849,0.7311545204107187,0.6827710571793524,0.3966952573158425,0.1785929043896572,0.109626168224299,0.1344021082683649
0.1604308390022675,0.1237864077669902,0.0565420560747661,0.8601736972704715,0.226228209191759,0.1013891394551686,0.726396193338342,0.6789390637914193,0.3934788092835519,0.174383644016837,0.1039252336448598,0.1278137696277588
0.1600056689342403,0.1234554280670785,0.0565420560747661,0.8606699751861043,0.2254358161648177,0.1012087317337181,0.722389181066867,0.676083853031783,0.3912083753784056,0.1717528562838244,0.1004672897196261,0.1239705720874052
0.1678004535147392,0.1296337157987643,0.0570093457943923,0.8537220843672457,0.2365293185419968,0.1064405556557821,0.7247683446030553,0.6781876925388834,0.3931634712411704,0.173556825015033,0.103644859813084,0.1273745470517184
0.1712018140589569,0.1338261253309796,0.0630841121495325,0.8498759305210919,0.2385103011093502,0.110950748692044,0.7310293012772351,0.6832970170561274,0.3971367305751765,0.178141912206855,0.1093457943925233,0.1340726913363346
0.1666666666666666,0.1310679611650485,0.066822429906542,0.8534739454094293,0.2305863708399366,0.1095074869204401,0.7324067117455547,0.6832970170561274,0.3970105953582239,0.1787432351172579,0.1094392523364485,0.1347315252003952
0.1602891156462584,0.1249999999999999,0.0621495327102805,0.8595533498759306,0.2234548335974643,0.1035540321125743,0.7265214124718257,0.6781876925388834,0.3933526740665993,0.1744588093806374,0.1042990654205607,0.1284726034918194
0.159438775510204,0.123676081200353,0.0593457943925235,0.8606699751861043,0.2234548335974643,0.10193036261952,0.7222639619333834,0.675332481779247,0.3910191725529768,0.1713770294648226,0.1004672897196261,0.1250686285275062
0.1659580498866213,0.1291924095322154,0.061214953271028,0.8547146401985113,0.2317749603803486,0.1068013710986829,0.7260205359378912,0.6784882410398977,0.3934788092835519,0.174383644016837,0.1038317757009345,0.1290216317118699
0.1709183673469388,0.1336054721977052,0.064018691588785,0.8501240694789083,0.2377179080824089,0.110950748692044,0.731404958677686,0.6835224284318882,0.3979566094853683,0.178968731208659,0.1088785046728971,0.1344021082683649
0.1683673469387755,0.1310679611650485,0.0607476635514018,0.852605459057072,0.2357369255150554,0.1082446328702868,0.7311545204107187,0.6835224284318882,0.3972628657921291,0.1788184004810583,0.1087850467289719,0.1339628856923246
0.1609977324263038,0.1242277140335393,0.0560747663551403,0.859801488833747,0.2274167987321711,0.1017499548980696,0.7271475081392437,0.6787887895409122,0.3935418768920282,0.1746843054720384,0.1030841121495327,0.1282529922037993
0.159438775510204,0.124117387466902,0.061214953271028,0.860545905707196,0.2230586370839936,0.102651993505322,0.7218883045329325,0.675332481779247,0.3909561049445005,0.1712266987372218,0.0995327102803738,0.1227627100032941
0.1660997732426303,0.1298543689320388,0.064018691588785,0.8543424317617866,0.2309825673534072,0.1078838174273858,0.725144002003506,0.678262829664137,0.3932265388496467,0.173556825015033,0.102803738317757,0.1268255188316679
0.171343537414966,0.1340467784642542,0.064018691588785,0.8497518610421837,0.2385103011093502,0.1113115641349448,0.7312797395442023,0.6829964685551131,0.3970105953582239,0.178141912206855,0.1087850467289719,0.133413857472274
0.1679421768707482,0.1307369814651368,0.061214953271028,0.8531017369727047,0.2345483359746434,0.1080642251488363,0.7324067117455547,0.6835975655571417,0.3971367305751765,0.1785929043896572,0.1095327102803738,0.134511913912375
0.1601473922902494,0.1248896734333627,0.0616822429906542,0.859801488833747,0.223851030110935,0.1033736243911238,0.7265214124718257,0.6781876925388834,0.3932265388496467,0.1745339747444378,0.104018691588785,0.1274843526957285
0.159438775510204,0.123676081200353,0.0593457943925235,0.8607940446650124,0.2234548335974643,0.10193036261952,0.7218883045329325,0.6755578931550079,0.3908930373360242,0.1713018641010222,0.0997196261682242,0.1230921269353244
0.1668083900226757,0.1297440423654016,0.0607476635514018,0.8540942928039702,0.2333597464342313,0.1071621865415839,0.7246431254695717,0.6785633781651514,0.3931004036326941,0.1736319903788334,0.1030841121495327,0.1278137696277588
0.1712018140589569,0.1336054721977052,0.0626168224299063,0.85,0.2389064976228209,0.1107703409705935,0.7317806160781366,0.6832970170561274,0.3973259334006054,0.1782922429344558,0.1092523364485981,0.1347315252003952
0.1676587301587301,0.130406001765225,0.0607476635514018,0.8533498759305213,0.2345483359746434,0.1077034097059354,0.730778863010268,0.6838229769329026,0.3971997981836528,0.1785177390258568,0.1097196261682243,0.1348413308444054
0.1600056689342403,0.1248896734333627,0.0626168224299063,0.859801488833747,0.2230586370839936,0.1035540321125743,0.7247683446030553,0.6792396122924336,0.3934157416750756,0.1744588093806374,0.1042990654205607,0.1277039639837487
0.1595804988662131,0.1233451015004413,0.0579439252336448,0.8609181141439206,0.2242472266244057,0.1013891394551686,0.7228900576008014,0.6763844015327972,0.3912083753784056,0.171677690920024,0.1010280373831775,0.1240803777314153
0.1649659863945578,0.1285304501323919,0.0616822429906542,0.8555831265508685,0.2305863708399366,0.1062601479343316,0.7248935637365389,0.6787887895409122,0.3931004036326941,0.1737823211064341,0.1030841121495327,0.126935324475678
0.169501133786848,0.13261253309797,0.064018691588785,0.8513647642679901,0.2357369255150554,0.110229117806242,0.7300275482093664,0.6838229769329026,0.3970105953582239,0.1786680697534576,0.1089719626168224,0.1339628856923246
0.1672335600907029,0.1294130626654898,0.0579439252336448,0.8540942928039702,0.2349445324881141,0.1062601479343316,0.7311545204107187,0.6836727026823952,0.3970736629667002,0.178968731208659,0.1092523364485981,0.1344021082683649
0.1608560090702948,0.1238967343336275,0.055607476635514,0.859925558312655,0.2274167987321711,0.1013891394551686,0.7257700976709242,0.6789390637914193,0.3934788092835519,0.1740078171978352,0.1042990654205607,0.1283627978478093
0.1595804988662131,0.1233451015004413,0.0570093457943923,0.8607940446650124,0.2246434231378763,0.1012087317337181,0.7218883045329325,0.6757833045307686,0.3905776992936428,0.1713770294648226,0.1003738317757009,0.1244097946634456
0.1655328798185941,0.1297440423654016,0.0649532710280374,0.8547146401985113,0.2297939778129952,0.1078838174273858,0.725144002003506,0.6787136524156585,0.3929742684157417,0.1743084786530366,0.1028971962616822,0.1288020204238497
0.1709183673469388,0.1339364518976169,0.0649532710280374,0.85,0.2373217115689381,0.1113115641349448,0.7312797395442023,0.6835224284318882,0.3970736629667002,0.1786680697534576,0.1087850467289719,0.1349511364884155
0.1680839002267573,0.1305163283318623,0.0602803738317755,0.8531017369727047,0.2353407290015847,0.1077034097059354,0.7317806160781366,0.6832970170561274,0.3970736629667002,0.1782170775706554,0.1085046728971962,0.1337432744043043
0.1609977324263038,0.1238967343336275,0.0551401869158878,0.859925558312655,0.2274167987321711,0.1012087317337181,0.7268970698722764,0.678638515290405,0.3936049445005045,0.1736319903788334,0.103644859813084,0.1273745470517184
0.1597222222222222,0.1229037952338922,0.0551401869158878,0.8610421836228288,0.2258320126782884,0.1004871008479163,0.7226396193338342,0.6757833045307686,0.3912714429868819,0.17085087191822,0.0999065420560747,0.1235313495113649
0.1659580498866213,0.1289717563989408,0.0602803738317755,0.8548387096774195,0.2321711568938192,0.1064405556557821,0.7252692211369897,0.6785633781651514,0.3931634712411704,0.1737071557426337,0.1026168224299065,0.1268255188316679
0.1699263038548752,0.13261253309797,0.0626168224299063,0.8511166253101737,0.2369255150554675,0.1098683023633411,0.7320310543451038,0.6829213314298594,0.3971367305751765,0.1785929043896572,0.1087850467289719,0.1330844405402437
0.1670918367346938,0.130406001765225,0.0626168224299063,0.8535980148883375,0.2329635499207606,0.1080642251488363,0.7316553969446532,0.6832970170561274,0.3971997981836528,0.1779915814792543,0.1091588785046728,0.1341824969803448
0.1604308390022675,0.1243380406001764,0.0588785046728973,0.859925558312655,0.225039619651347,0.1024715857838715,0.726396193338342,0.6789390637914193,0.3934788092835519,0.1731058328322309,0.103644859813084,0.1284726034918194
0.1595804988662131,0.1227934686672551,0.0546728971962616,0.861166253101737,0.2258320126782884,0.1003066931264658,0.721763085399449,0.6757081674055151,0.391082240161453,0.1710763680096212,0.1002803738317756,0.1239705720874052
0.165391156462585,0.1288614298323036,0.0621495327102805,0.855210918114144,0.2305863708399366,0.1068013710986829,0.725144002003506,0.6788639266661658,0.3933526740665993,0.1740829825616356,0.104018691588785,0.128033380915779
0.171343537414966,0.1337157987643424,0.0626168224299063,0.8498759305210919,0.2389064976228209,0.1107703409705935,0.7321562734785875,0.6831467428056202,0.3971367305751765,0.1786680697534576,0.1093457943925233,0.1341824969803448
0.1686507936507936,0.1306266548984996,0.058411214953271,0.8527295285359803,0.2369255150554675,0.1073425942630344,0.7315301778111696,0.6828461943046059,0.3970105953582239,0.1786680697534576,0.1085981308411214,0.1336334687602943
0.1617063492063492,0.124117387466902,0.0537383177570091,0.8595533498759306,0.2290015847860538,0.1012087317337181,0.726396193338342,0.678638515290405,0.3936049445005045,0.1744588093806374,0.1034579439252336,0.1272647414077083
0.1597222222222222,0.1238967343336275,0.0593457943925235,0.8604218362282879,0.223851030110935,0.1021107703409705,0.722389181066867,0.6752573446539935,0.3913975782038345,0.1715273601924233,0.0999999999999999,0.123750960799385
0.1662414965986394,0.1288614298323036,0.0588785046728973,0.8548387096774195,0.2333597464342313,0.1060797402128811,0.7247683446030553,0.6778120069126156,0.3934157416750756,0.1738574864702345,0.1032710280373831,0.1281431865597891
0.1703514739229024,0.1333848190644307,0.0644859813084112,0.8504962779156328,0.2369255150554675,0.1107703409705935,0.7309040821437515,0.6830716056803666,0.3973890010090817,0.1788935658448587,0.1085981308411214,0.1344021082683649
0.1678004535147392,0.1306266548984996,0.061214953271028,0.853225806451613,0.2345483359746434,0.1078838174273858,0.7302779864763336,0.6830716056803666,0.3969475277497477,0.1786680697534576,0.1090654205607476,0.1346217195563852
0.1607142857142857,0.1244483671668137,0.0588785046728973,0.859801488833747,0.2254358161648177,0.1024715857838715,0.7252692211369897,0.6785633781651514,0.3936049445005045,0.1741581479254359,0.1041121495327102,0.1283627978478093
0.1595804988662131,0.1242277140335393,0.0616822429906542,0.8604218362282879,0.2226624405705229,0.1028324012267725,0.7218883045329325,0.6758584416560222,0.3907669021190716,0.1713770294648226,0.1004672897196261,0.123750960799385
0.1660997732426303,0.1294130626654898,0.0616822429906542,0.8545905707196031,0.2321711568938192,0.1069817788201334,0.724517906336088,0.678638515290405,0.3929742684157417,0.1743084786530366,0.1038317757009345,0.1272647414077083
0.171485260770975,0.1340467784642542,0.0635514018691588,0.8496277915632755,0.2389064976228209,0.1111311564134945,0.7305284247433007,0.6831467428056202,0.3970736629667002,0.1788184004810583,0.1089719626168224,0.1339628856923246
0.1687925170068027,0.1306266548984996,0.0579439252336448,0.8527295285359803,0.2373217115689381,0.1073425942630344,0.7330328074129727,0.6832970170561274,0.3973259334006054,0.1786680697534576,0.1091588785046728,0.1344021082683649
0.1607142857142857,0.1234554280670785,0.0542056074766354,0.8602977667493797,0.2274167987321711,0.1008479162908171,0.7277736038066616,0.6788639266661658,0.3937941473259334,0.174383644016837,0.1045794392523364,0.1283627978478093
0.1611394557823129,0.1251103265666372,0.0598130841121493,0.8591811414392061,0.2258320126782884,0.1031932166696733,0.724267468069121,0.6765346757833044,0.3920913218970736,0.1722790138304269,0.1019626168224299,0.1253980454595366
0.1808390022675737,0.1427625772285966,0.0696261682242989,0.8406947890818859,0.2492076069730586,0.1194299116002165,0.7342849987478086,0.6857014050642422,0.4009207870837537,0.1831779915814792,0.1148598130841121,0.1380256945206983
0.2019557823129251,0.1641659311562224,0.0906542056074764,0.8193548387096775,0.269809825673534,0.1410788381742738,0.7511895817680941,0.7003531444886918,0.4138496468213924,0.1987372218881539,0.1342056074766354,0.1577907104425167
0.211734693877551,0.1790600176522507,0.1214953271028036,0.8066997518610423,0.2702060221870048,0.1593000180407721,0.7622088655146506,0.710346382147419,0.4232467204843592,0.2096361996392062,0.1481308411214953,0.1712968046557593
0.2205215419501133,0.190864960282436,0.1425233644859811,0.7962779156327544,0.2737717908082409,0.1728305971495579,0.7684698221888304,0.715831392290931,0.4300580221997981,0.2178292242934456,0.1578504672897196,0.1782145602283957
0.2348356009070294,0.2068623124448367,0.1626168224299066,0.7810173697270473,0.2852614896988906,0.1899693306873534,0.7747307788630102,0.721842362311218,0.4376261352169525,0.2266235718580878,0.1685046728971962,0.187108817393214
0.2545351473922902,0.2273830538393644,0.1845794392523365,0.7607940446650125,0.303486529318542,0.2108966263756088,0.7877535687453042,0.7334134796002705,0.4470862764883955,0.2378983764281419,0.1831775700934579,0.2025914131986383
0.2689909297052154,0.2442630185348632,0.2088785046728973,0.7450372208436725,0.313391442155309,0.229478621685008,0.7998998246932131,0.7455856938913518,0.4578708375378405,0.2509019843656043,0.1987850467289719,0.2181838146480729
0.2790532879818594,0.2527581641659311,0.2116822429906543,0.7358560794044665,0.3260697305863708,0.2368753382644777,0.8090408214375157,0.7505447441580886,0.4631054490413723,0.2575165363800361,0.2067289719626168,0.2257604040847699
0.2766439909297052,0.2525375110326567,0.2191588785046727,0.7369727047146403,0.3197305863708399,0.238138192314631,0.8090408214375157,0.7509204297843565,0.463042381432896,0.2568400481058328,0.2073831775700934,0.2253211815087295
0.2767857142857143,0.2544130626654898,0.2261682242990654,0.7358560794044665,0.3169572107765451,0.2410247158578386,0.8056599048334585,0.7502441956570741,0.4626639757820383,0.2571407095610342,0.2070093457943925,0.2234544855605578
0.2821712018140589,0.2573918799646955,0.2210280373831777,0.7317617866004964,0.3268621236133122,0.2424679776294424,0.8066616579013273,0.7504696070328348,0.4628531786074671,0.2569903788334335,0.2069158878504672,0.2242231250686285
0.2825963718820862,0.2558473080317741,0.2135514018691588,0.7325062034739455,0.3304278922345482,0.2397618618076854,0.808915602304032,0.7510707040348635,0.463042381432896,0.2569152134696332,0.2070093457943925,0.2254309871527396
0.2667233560090703,0.2417255075022066,0.2056074766355141,0.7473945409429281,0.3114104595879556,0.2267725058632509,0.8020285499624342,0.7465624765196484,0.4582492431886982,0.2515784726398076,0.199626168224299,0.2180740090040628
0.25,0.2233009708737864,0.1827102803738316,0.765012406947891,0.2979397781299525,0.2071080642251487,0.7888805409466566,0.7344653993538207,0.4481584258324924,0.2386500300661455,0.1839252336448598,0.2018227736905676
0.2348356009070294,0.2070829655781112,0.1635514018691586,0.7808933002481391,0.28486529318542,0.1901497384088039,0.775106436263461,0.7222180479374859,0.4379414732593339,0.2268490679494888,0.1695327102803738,0.187108817393214
0.2270408163265306,0.1962709620476611,0.1439252336448598,0.7903225806451615,0.2824881141045959,0.1775211979072703,0.7669671925870272,0.7156059809151702,0.430247225025227,0.2176788935658448,0.1581308411214953,0.177445920720325
0.215844671201814,0.1824801412180053,0.122429906542056,0.8029776674937966,0.2757527733755943,0.1621865415839797,0.762709742048585,0.7101961078969118,0.4233097880928355,0.2104630186410102,0.1479439252336448,0.171077193367739
0.1995464852607709,0.1616284201235658,0.0878504672897195,0.8218362282878412,0.26743264659271,0.138553130073967,0.7525669922364137,0.701254789991735,0.4147956609485368,0.1992633794347564,0.1353271028037383,0.1591083781706379
0.177437641723356,0.1377978817299205,0.0598130841121493,0.8449131513647643,0.2488114104595879,0.1136568645138011,0.7361632857500625,0.6866781876925389,0.4021821392532794,0.1840048105832832,0.1171028037383177,0.1395629735368397
0.1625566893424036,0.1251103265666372,0.0551401869158878,0.858560794044665,0.2297939778129952,0.102291178062421,0.7231404958677685,0.6766849500338117,0.3922805247225024,0.172730006013229,0.1023364485981308,0.1256176567475568
0.1656746031746031,0.1289717563989408,0.061214953271028,0.8550868486352359,0.2317749603803486,0.1066209633772324,0.7253944402704733,0.6781876925388834,0.3929742684157417,0.1737071557426337,0.1033644859813084,0.1274843526957285
0.1721938775510204,0.1336054721977052,0.0593457943925235,0.8496277915632755,0.2412836767036449,0.1100487100847916,0.7312797395442023,0.6832218799308738,0.3973259334006054,0.1785177390258568,0.1093457943925233,0.1341824969803448
0.1683673469387755,0.130406001765225,0.058411214953271,0.8529776674937966,0.2365293185419968,0.1073425942630344,0.7315301778111696,0.6838229769329026,0.3970736629667002,0.178968731208659,0.1091588785046728,0.1347315252003952
0.1607142857142857,0.1246690203000882,0.0598130841121493,0.8596774193548387,0.225039619651347,0.1028324012267725,0.7267718507387929,0.6790893380419265,0.3931634712411704,0.1746843054720384,0.1038317757009345,0.1282529922037993
0.159297052154195,0.123676081200353,0.0598130841121493,0.8607940446650124,0.2230586370839936,0.1021107703409705,0.721763085399449,0.6750319332782327,0.3902623612512613,0.1703998797354179,0.0993457943925233,0.122652904359284
0.1659580498866213,0.1283097969991174,0.0574766355140186,0.8553349875930522,0.233755942947702,0.1053581093270792,0.725144002003506,0.6784131039146442,0.3927850655903128,0.1733313289236319,0.1030841121495327,0.1266059075436477
0.1706349206349206,0.1328331862312445,0.061214953271028,0.8506203473945411,0.2385103011093502,0.1098683023633411,0.7315301778111696,0.6834472913066345,0.3971997981836528,0.1782922429344558,0.1094392523364485,0.133413857472274
0.1672335600907029,0.1307369814651368,0.0635514018691588,0.8533498759305213,0.23256735340729,0.1084250405917373,0.7311545204107187,0.6830716056803666,0.3970105953582239,0.1791190619362597,0.1099065420560747,0.1344021082683649
0.1604308390022675,0.1249999999999999,0.061214953271028,0.8595533498759306,0.2242472266244057,0.1033736243911238,0.7253944402704733,0.6783379667893906,0.3934788092835519,0.1744588093806374,0.1041121495327102,0.1277039639837487
0.1601473922902494,0.1238967343336275,0.0579439252336448,0.8602977667493797,0.2254358161648177,0.1017499548980696,0.7221387427998998,0.675332481779247,0.3914606458123107,0.1714521948286229,0.1007476635514018,0.1246294059514659
0.1669501133786848,0.1294130626654898,0.058411214953271,0.8542183622828785,0.2345483359746434,0.1064405556557821,0.724267468069121,0.6778871440378691,0.3931004036326941,0.1737071557426337,0.1029906542056074,0.1277039639837487
0.1719104308390022,0.1332744924977934,0.0588785046728973,0.8498759305210919,0.2412836767036449,0.1096878946418906,0.7306536438767843,0.6828461943046059,0.3968213925327951,0.1780667468430547,0.1085046728971962,0.1336334687602943
0.169359410430839,0.1301853486319505,0.0542056074766354,0.8527295285359803,0.2396988906497623,0.1062601479343316,0.7320310543451038,0.6835975655571417,0.3968844601412714,0.1783674082982561,0.1095327102803738,0.1348413308444054
0.161281179138322,0.1240070609002648,0.0542056074766354,0.859801488833747,0.2282091917591124,0.1012087317337181,0.7253944402704733,0.6794650236681944,0.3937941473259334,0.1742333132892363,0.1043925233644859,0.1283627978478093
0.1602891156462584,0.123676081200353,0.0565420560747661,0.8602977667493797,0.2258320126782884,0.1013891394551686,0.7221387427998998,0.6759335787812758,0.3911453077699293,0.1713018641010222,0.1004672897196261,0.1239705720874052
0.1658163265306122,0.1290820829655781,0.0607476635514018,0.8548387096774195,0.2317749603803486,0.1066209633772324,0.7238918106686701,0.6780374182883763,0.3927850655903128,0.173556825015033,0.1031775700934579,0.1266059075436477
0.1703514739229024,0.1329435127978817,0.0621495327102805,0.8507444168734493,0.2377179080824089,0.1100487100847916,0.7296518908089156,0.6829213314298594,0.3970736629667002,0.1783674082982561,0.1092523364485981,0.1339628856923246
0.167517006802721,0.1305163283318623,0.0616822429906542,0.8533498759305213,0.233755942947702,0.1080642251488363,0.7304032056098171,0.683372154181381,0.3971997981836528,0.178968731208659,0.1099065420560747,0.1338530800483144
0.1609977324263038,0.1242277140335393,0.0565420560747661,0.859801488833747,0.2270206022187004,0.1017499548980696,0.7250187828700225,0.678638515290405,0.3934788092835519,0.1741581479254359,0.1046728971962616,0.1278137696277588
0.1595804988662131,0.1234554280670785,0.0579439252336448,0.8607940446650124,0.2246434231378763,0.1013891394551686,0.720510894064613,0.6757833045307686,0.3908930373360242,0.1714521948286229,0.1002803738317756,0.1235313495113649
0.163265306122449,0.1255516328331862,0.0546728971962616,0.8579404466501241,0.2309825673534072,0.102651993505322,0.7243926872026045,0.6781876925388834,0.3917129162462159,0.1737071557426337,0.1015887850467289,0.1240803777314153
0.1543367346938775,0.1137466902030008,0.0341121495327103,0.8686104218362284,0.2274167987321711,0.0889410066750856,0.7273979464062108,0.6787136524156585,0.3860998990918264,0.1712266987372218,0.0915887850467289,0.1130998133304051
0.0966553287981859,0.0713812886142983,0.044859813084112,0.9176178660049628,0.1418383518225039,0.0564676168139996,0.7153769095917856,0.6595536854759937,0.3652245206861755,0.1437161755862898,0.059626168224299,0.0736795871307785
0.0274943310657596,0.0196381288614298,0.0537383177570091,0.9769230769230768,0.0416006339144215,0.0156954717661916,0.7084898572501878,0.6384401532797356,0.3457366296670029,0.1080126277811184,0.0195327102803738,0.0231689908861315
0.0024092970521541,0.0008826125330979,0.0574766355140186,0.9985111662531018,0.0047543581616481,0.0012628540501533,0.743801652892562,0.6559471034638213,0.3758198789101917,0.1173331328923631,0.0020560747663551,0.0008784451520808
0.08078231292517,0.0668578993821712,0.0785046728971961,0.9271712158808936,0.1053882725832012,0.0591737326357568,0.822564487853744,0.7292058005860695,0.4798814328960645,0.2077570655441972,0.062803738317757,0.065663775118041
0.2295918367346938,0.2070829655781112,0.1813084112149534,0.7831265508684864,0.2702060221870048,0.193577485116363,0.897946406210869,0.8214741903974753,0.6326311806256306,0.3819903788334335,0.2157943925233644,0.2096189744152849
0.4260204081632653,0.3989408649602825,0.3462616822429907,0.5893300248138958,0.4746434231378763,0.3822839617535631,0.9545454545454544,0.9102862724472162,0.7749747729566094,0.5774203247143715,0.4223364485981308,0.4026572965850444
0.631235827664399,0.6147396293027362,0.583644859813084,0.3780397022332507,0.6608557844690967,0.6047266823020025,0.9874780866516404,0.9752798857915695,0.9106962663975782,0.786680697534576,0.6460747663551402,0.6174371362688041
0.8422619047619049,0.8356134157105032,0.8233644859813081,0.1615384615384614,0.8541996830427891,0.8314991881652534,0.9710743801652892,0.9845968893230144,0.9932517658930372,0.9580577269993988,0.8749532710280373,0.8351817283408367
0.983701814058957,0.9836716681376876,0.983644859813084,0.0163771712158809,0.9841521394611727,0.983402489626556,0.8474830954169796,0.884965061236757,0.9316347124117051,0.978126879134095,0.9921495327102804,0.980454595366202
0.9671201814058956,0.9666813768755516,0.9668224299065415,0.0332506203473946,0.9679080824088748,0.9662637560887608,0.6293513648885549,0.6897588098279359,0.7228178607467203,0.8380186410102224,0.9271962616822428,0.9651916108487976
0.8211451247165533,0.8148720211827007,0.8051401869158875,0.1825062034739454,0.8324088748019017,0.8111131156413492,0.3707738542449286,0.4265534600646179,0.4570509586276488,0.6240228502705953,0.752056074766355,0.8191501043153617
0.6225907029478459,0.6060238305383937,0.5752336448598131,0.3867245657568238,0.6521394611727416,0.595886703950929,0.1331079388930628,0.1563603576527162,0.1889505549949545,0.3830426939266386,0.524018691588785,0.6115076314922587
0.4162414965986394,0.3873565754633716,0.3289719626168222,0.6000000000000001,0.4683042789223454,0.3696554212520295,0.0,0.0068374783980765,0.0189833501513622,0.1731058328322309,0.2828971962616822,0.3882727572197211
0.2447562358276644,0.2035525154457193,0.1163551401869159,0.7784119106699753,0.3189381933438985,0.1782428287930723,0.0683696468820435,0.0422270643925163,0.0180373360242179,0.034801563439567,0.1244859813084112,0.2027012188426485
0.1549036281179138,0.1116504854368932,0.0233644859813082,0.8694789081885858,0.23256735340729,0.0851524445246256,0.254320060105184,0.198136599293711,0.1125756811301715,0.0078171978352375,0.052429906542056,0.1138684528384759
0.0999149659863945,0.0660856134157104,0.0116822429906541,0.9191066997518612,0.1604595879556259,0.0456431535269709,0.4367643375907838,0.3683221879930873,0.222502522704339,0.0368310282621767,0.0302803738317757,0.0686285275063138
0.0732709750566893,0.0525154457193292,0.042056074766355,0.9384615384615383,0.1105388272583201,0.0404113296049071,0.5743801652892562,0.5058231272071531,0.3018415741675075,0.0856885147324113,0.0304672897196261,0.0570989348852531
0.1047335600907029,0.0738084730803176,0.0280373831775701,0.9127791563275436,0.1604595879556259,0.0552047627638462,0.6518908089156022,0.5962882260124728,0.3480701311806256,0.1265784726398075,0.0510280373831775,0.0738991984187987
0.1529195011337868,0.1116504854368932,0.0299065420560746,0.870347394540943,0.2270206022187004,0.086415298574779,0.705359378913098,0.6520399729506349,0.3783425832492431,0.1572459410703547,0.0825233644859813,0.1100252552981223
0.1704931972789115,0.1301853486319505,0.0504672897196259,0.8522332506203475,0.2428684627575277,0.1055385170485296,0.7283996994740797,0.6793898865429409,0.3941094853683148,0.1761876127480456,0.1049532710280373,0.1311079389480619
0.1686507936507936,0.1305163283318623,0.0574766355140186,0.8528535980148884,0.2373217115689381,0.1071621865415839,0.7310293012772351,0.6827710571793524,0.3965691220988899,0.1784425736620565,0.108411214953271,0.1337432744043043
0.1617063492063492,0.1246690203000882,0.0560747663551403,0.8591811414392061,0.2282091917591124,0.1021107703409705,0.7255196594039569,0.6784131039146442,0.3925327951564076,0.1741581479254359,0.1039252336448598,0.1274843526957285
0.1605725623582766,0.1237864077669902,0.0560747663551403,0.8601736972704715,0.2266244057052298,0.1013891394551686,0.721763085399449,0.6751822075287399,0.3907038345105953,0.1711515333734215,0.1007476635514018,0.1235313495113649
0.1662414965986394,0.1286407766990291,0.0574766355140186,0.8549627791563276,0.233755942947702,0.1055385170485296,0.724517906336088,0.6783379667893906,0.3927850655903128,0.1736319903788334,0.104018691588785,0.1273745470517184
0.1707766439909297,0.1330538393645189,0.0616822429906542,0.8504962779156328,0.2385103011093502,0.1100487100847916,0.7305284247433007,0.6832218799308738,0.3961907164480323,0.1783674082982561,0.1088785046728971,0.1335236631162841
0.1678004535147392,0.1306266548984996,0.0616822429906542,0.853225806451613,0.2341521394611727,0.1080642251488363,0.7320310543451038,0.6835224284318882,0.3973259334006054,0.1782922429344558,0.1095327102803738,0.1337432744043043
0.1602891156462584,0.1238967343336275,0.0574766355140186,0.8601736972704715,0.2258320126782884,0.1017499548980696,0.7258953168044077,0.6787887895409122,0.3939202825428859,0.1740078171978352,0.1043925233644859,0.1272647414077083
0.159297052154195,0.1237864077669902,0.0598130841121493,0.8607940446650124,0.2230586370839936,0.1021107703409705,0.7207613323315802,0.6754076189045006,0.3905776992936428,0.1703998797354179,0.1002803738317756,0.1222136817832436
0.1656746031746031,0.1288614298323036,0.0607476635514018,0.8550868486352359,0.2317749603803486,0.1064405556557821,0.7250187828700225,0.6780374182883763,0.3929742684157417,0.1731809981960312,0.1033644859813084,0.1271549357636982
0.1710600907029478,0.1336054721977052,0.0630841121495325,0.8501240694789083,0.2381141045958795,0.1107703409705935,0.730778863010268,0.6828461943046059,0.3969475277497477,0.1782170775706554,0.1087850467289719,0.1344021082683649
0.1683673469387755,0.1307369814651368,0.0598130841121493,0.8528535980148884,0.2361331220285261,0.1077034097059354,0.7300275482093664,0.682620782928845,0.3971367305751765,0.1782170775706554,0.1094392523364485,0.133413857472274
0.161422902494331,0.1237864077669902,0.0532710280373833,0.859801488833747,0.2290015847860538,0.1008479162908171,0.7256448785374405,0.6784131039146442,0.3936049445005045,0.1743084786530366,0.1046728971962616,0.1275941583397386
0.1601473922902494,0.1229037952338922,0.0532710280373833,0.8607940446650124,0.2270206022187004,0.1001262854050153,0.721136989732031,0.6751822075287399,0.3908930373360242,0.1711515333734215,0.1007476635514018,0.1235313495113649
0.1656746031746031,0.1290820829655781,0.0616822429906542,0.8549627791563276,0.231378763866878,0.1068013710986829,0.7240170298021538,0.6781876925388834,0.3927850655903128,0.1738574864702345,0.1043925233644859,0.1273745470517184
0.1710600907029478,0.1329435127978817,0.0602803738317755,0.8503722084367246,0.2393026941362915,0.1096878946418906,0.7306536438767843,0.6825456458035914,0.3966952573158425,0.1785929043896572,0.1100934579439252,0.1341824969803448
0.1683673469387755,0.1297440423654016,0.055607476635514,0.8533498759305213,0.2377179080824089,0.1062601479343316,0.7312797395442023,0.6834472913066345,0.3971997981836528,0.1791190619362597,0.11,0.1337432744043043
0.1601473922902494,0.1235657546337157,0.0565420560747661,0.860545905707196,0.2258320126782884,0.1012087317337181,0.7262709742048584,0.6795401607934479,0.3936680121089808,0.1747594708358388,0.1058878504672897,0.1282529922037993
0.1597222222222222,0.1233451015004413,0.0570093457943923,0.8607940446650124,0.225039619651347,0.1012087317337181,0.7218883045329325,0.6761589901570365,0.3912083753784056,0.1715273601924233,0.1015887850467289,0.123750960799385
0.1662414965986394,0.1289717563989408,0.0588785046728973,0.8547146401985113,0.2333597464342313,0.1062601479343316,0.724517906336088,0.6785633781651514,0.3929742684157417,0.1736319903788334,0.1034579439252336,0.1261666849676073
0.1719104308390022,0.1336054721977052,0.0598130841121493,0.8497518610421837,0.2408874801901743,0.1100487100847916,0.7317806160781366,0.6835224284318882,0.3969475277497477,0.1785177390258568,0.1095327102803738,0.1337432744043043
0.1690759637188208,0.1298543689320388,0.0537383177570091,0.8531017369727047,0.2393026941362915,0.1058993324914306,0.7317806160781366,0.6830716056803666,0.3975151362260343,0.1788184004810583,0.1098130841121495,0.1346217195563852
0.1615646258503401,0.1227934686672551,0.0485981308411214,0.8602977667493797,0.2309825673534072,0.0990438390763124,0.726396193338342,0.6788639266661658,0.3939833501513622,0.1749098015634395,0.1047663551401869,0.1284726034918194
0.1600056689342403,0.1224624889673433,0.0523364485981308,0.861166253101737,0.2274167987321711,0.0995850622406638,0.7216378662659654,0.6757081674055151,0.3908930373360242,0.1715273601924233,0.1002803738317756,0.1239705720874052
0.1658163265306122,0.1288614298323036,0.0602803738317755,0.8550868486352359,0.2321711568938192,0.1062601479343316,0.7238918106686701,0.678262829664137,0.3932265388496467,0.1737823211064341,0.1033644859813084,0.1273745470517184
0.1709183673469388,0.1339364518976169,0.0654205607476637,0.85,0.2373217115689381,0.1114919718563953,0.7316553969446532,0.6832970170561274,0.3973259334006054,0.1782922429344558,0.1090654205607476,0.1337432744043043
0.1676587301587301,0.130406001765225,0.0607476635514018,0.8533498759305213,0.2345483359746434,0.1077034097059354,0.7325319308790382,0.6836727026823952,0.3970736629667002,0.1782170775706554,0.1093457943925233,0.1340726913363346
0.1598639455782312,0.1231244483671668,0.0560747663551403,0.8609181141439206,0.2254358161648177,0.1008479162908171,0.7262709742048584,0.67916447516718,0.3937941473259334,0.1740829825616356,0.104018691588785,0.1283627978478093
0.1591553287981859,0.1229037952338922,0.0565420560747661,0.8612903225806452,0.2242472266244057,0.1006675085693668,0.7213874279989982,0.6754076189045006,0.3912083753784056,0.171677690920024,0.1004672897196261,0.1242999890194356
0.1685090702947845,0.130406001765225,0.0579439252336448,0.8529776674937966,0.2369255150554675,0.1071621865415839,0.7240170298021538,0.6794650236681944,0.3956861755802219,0.1765634395670475,0.105233644859813,0.1290216317118699
0.1865079365079365,0.1449691085613416,0.0607476635514018,0.836848635235732,0.2610935023771791,0.1196103193216668,0.7366641622839969,0.693215117589601,0.4119576185671039,0.1946031268791341,0.1206542056074766,0.1431865597891731
0.19968820861678,0.1573256840247132,0.0691588785046727,0.8241935483870968,0.2757527733755943,0.1313368212159479,0.7486851990984222,0.7050116462544143,0.4309409687184661,0.2127931449188214,0.135607476635514,0.1568024596464258
0.2087585034013605,0.1674757281553398,0.0822429906542055,0.8145161290322581,0.2828843106180665,0.1421612845029766,0.7523165539694464,0.7123750845292658,0.4455095862764883,0.226473241130487,0.1457009345794392,0.1627319644229713
0.2227891156462585,0.1807149161518093,0.0920560747663551,0.8008684863523574,0.2983359746434231,0.1549702327259605,0.7570748810418231,0.7222931850627394,0.4623486377396568,0.2421828021647624,0.1565420560747663,0.1709673877237289
0.2491496598639455,0.2053177405119152,0.1093457943925232,0.7755583126550869,0.3276545166402536,0.1784232365145228,0.7698472326571499,0.738597941242768,0.48505297679112,0.2651834034876729,0.1747663551401869,0.188206873833315
0.2705498866213152,0.2265004413062666,0.1285046728971962,0.7542183622828785,0.3498415213946117,0.1993505322027783,0.7863761582769847,0.7563303028026147,0.5087663975782037,0.2890859891761876,0.1946728971962616,0.2088503349072142
0.2841553287981859,0.2398499558693733,0.1401869158878504,0.7408188585607941,0.3637083993660855,0.2125202958686632,0.7988980716253443,0.7697047110977533,0.5288849646821393,0.309380637402285,0.2107476635514018,0.2223564291204567
0.2936507936507936,0.2503309796999118,0.1532710280373832,0.7307692307692308,0.3712361331220284,0.2237055745985927,0.8034059604307537,0.7783454805019159,0.5451564076690212,0.3244137101623572,0.2208411214953271,0.2294937959811133
0.3086734693877551,0.2667696381288614,0.1733644859813083,0.7148883374689826,0.3839144215530903,0.2408443081363882,0.808915602304032,0.7888646780374182,0.5607341069626639,0.3403487672880336,0.2325233644859813,0.2390468870099922
0.3321995464852607,0.2880626654898499,0.1859813084112148,0.692679900744417,0.4112519809825674,0.2608695652173913,0.8215627347858753,0.8032158689608535,0.5814833501513622,0.3610944076969332,0.2493457943925233,0.2558471505435379
0.3535997732426303,0.3077007943512798,0.1985981308411214,0.6722084367245658,0.4358161648177495,0.27927115280534,0.8357124968695215,0.8180930197610639,0.6028002018163471,0.3834185207456403,0.2683177570093458,0.2741846930932249
0.3660714285714285,0.3188437775816417,0.2046728971962616,0.6605459057071961,0.4508716323296355,0.2895543929280172,0.8457300275482094,0.8292133142985949,0.6197653884964682,0.399804570054119,0.2815887850467289,0.2852750631382453
0.3718820861678005,0.3246910856134157,0.2102803738317756,0.6547146401985112,0.456418383518225,0.295507847735883,0.847107438016529,0.8355248328198962,0.6308652875882945,0.4107787131689717,0.288411214953271,0.2891182606785988
0.3826530612244898,0.3351721094439541,0.2191588785046727,0.644044665012407,0.4679080824088747,0.3057910878585604,0.8497370398196844,0.8416860770906904,0.6416498486377397,0.4207005411906193,0.2963551401869159,0.2928516525749423
0.3971088435374149,0.3512797881729921,0.2401869158878503,0.6287841191066998,0.4790015847860538,0.3229298213963557,0.8587528174305034,0.8524306860019536,0.6559661957618567,0.4346061334936861,0.30803738317757,0.306577358076205
0.413407029478458,0.3663945278022948,0.2499999999999999,0.6130272952853598,0.4980190174326465,0.3371820313909435,0.870022539444027,0.8628747464122023,0.6699672048435923,0.4501653638003607,0.3205607476635513,0.3201932579334577
0.4190759637188209,0.3702559576345984,0.2476635514018691,0.6084367245657569,0.5067353407290015,0.3398881472127007,0.8760330578512396,0.8682846194304605,0.6774722502522703,0.4582080577269994,0.3280373831775701,0.3261227627100033
0.413407029478458,0.3670564872021183,0.2528037383177569,0.6126550868486352,0.4968304278922344,0.3382644777196463,0.8721512647132481,0.8672326996769103,0.6796796165489404,0.4596361996392062,0.3272897196261681,0.324805094981882
0.4131235827664399,0.3684907325684025,0.2598130841121495,0.6120347394540944,0.4932646592709984,0.3407901858199531,0.8676433759078387,0.8653542715455707,0.6808148335015135,0.4600871918220084,0.3259813084112149,0.3222795651696497
0.4193594104308389,0.374117387466902,0.2630841121495327,0.6060794044665013,0.5003961965134707,0.3460220097420168,0.870648635111445,0.8686603050567284,0.6830221997981836,0.4621918220084185,0.3287850467289719,0.3256835401339628
0.4251700680272109,0.3781994704324801,0.2612149532710278,0.6012406947890819,0.5095087163232963,0.3489085332852246,0.87778612572001,0.8726425726951687,0.6869954591321896,0.4666265784726398,0.334018691588785,0.332381684418579
0.4200680272108844,0.3735657546337158,0.2584112149532708,0.6062034739454094,0.5035657686212361,0.3445787479704131,0.8786626596543952,0.8722668870689008,0.6844096871846619,0.4646722790138304,0.3322429906542056,0.3317228505545184
0.4117063492063492,0.3630847308031774,0.2420560747663552,0.61575682382134,0.498811410459588,0.3330326537975824,0.871900826446281,0.8648283116687956,0.6745080726538849,0.4547504509921828,0.3228971962616822,0.3209618974415285
0.4091553287981859,0.3598852603706973,0.2364485981308412,0.6186104218362283,0.4976228209191758,0.3292440916471225,0.8631354871024293,0.8570140506424224,0.6667507568113016,0.4458057726999399,0.3142056074766354,0.3103107499725486
0.4146825396825396,0.3657325684024713,0.2429906542056072,0.6129032258064516,0.5027733755942947,0.3351975464549883,0.8655146506386175,0.8583665188969869,0.6685797174571139,0.4470084185207456,0.3167289719626168,0.3121774459207203
0.4187925170068027,0.3692630185348632,0.2443925233644859,0.6090570719602978,0.507527733755943,0.3384448854410968,0.8707738542449286,0.8628747464122023,0.6726160443995963,0.4518190018039687,0.3217757009345794,0.3193148127813769
0.4081632653061224,0.360657546337158,0.2429906542056072,0.6186104218362283,0.4936608557844691,0.3312285765830777,0.8698973203105435,0.8613720039071304,0.6686427850655903,0.4476097414311484,0.3186915887850466,0.3189853958493466
0.3915816326530612,0.343667255075022,0.2257009345794391,0.635483870967742,0.4774167987321711,0.3139094353238318,0.8586275982970197,0.8508528063716282,0.6547048435923308,0.4321256764882742,0.3067289719626168,0.3040518282639727
0.3808106575963719,0.333296557811121,0.2172897196261682,0.646029776674938,0.4659270998415213,0.303806602922605,0.8483596293513649,0.8402584717108723,0.6393794147325933,0.4180697534576068,0.2933644859813084,0.2910947622707807
0.3757086167800453,0.328442188879082,0.2135514018691588,0.6508684863523574,0.4607765451664025,0.2991160021648926,0.8458552466816929,0.8333458561875422,0.6279641775983854,0.4075466025255562,0.285233644859813,0.2875809816624574
0.3664965986394558,0.3189541041482789,0.2037383177570091,0.6602977667493798,0.4516640253565768,0.2895543929280172,0.8428499874780866,0.8269592005409873,0.6171165489404641,0.3967979555021046,0.2785981308411215,0.2827495333260129
0.3475056689342403,0.3016328331862313,0.1934579439252337,0.6784119106699752,0.4294770206022186,0.2733176979974742,0.8357124968695215,0.8166654143812457,0.6005297679112007,0.3810132291040288,0.2664485981308411,0.2715493576369825
0.3242630385487529,0.2801191526919682,0.1789719626168222,0.700620347394541,0.4033280507131537,0.2529316254735702,0.8216879539193589,0.8014125779547674,0.5788975782038344,0.3582381238725196,0.2479439252336448,0.2535412320193257
0.3071145124716553,0.263459841129744,0.1644859813084111,0.7174937965260546,0.385499207606973,0.2365145228215767,0.8072877535687453,0.7862348786535427,0.557454591321897,0.3362146722790138,0.2299065420560747,0.2364115515537498
0.2967687074829932,0.2526478375992939,0.1523364485981307,0.7281637717121588,0.3759904912836767,0.2253292440916471,0.8007763586275982,0.7752648583665189,0.5410570131180625,0.3203547805171377,0.2167289719626167,0.2272976831009113
0.2844387755102041,0.2391879964695498,0.1364485981308409,0.7410669975186105,0.365689381933439,0.2112574418185098,0.7960180315552217,0.7669997745886241,0.5245963673057518,0.3047203848466627,0.2073831775700934,0.2202701218842648
0.2648809523809524,0.2201015004413063,0.1200934579439253,0.7604218362282879,0.3454833597464342,0.1924950387876601,0.7854996243425996,0.7540761890450071,0.504856205852674,0.2852525556223692,0.1919626168224298,0.2057757768749313
0.2403628117913832,0.1961606354810238,0.0999999999999998,0.7844913151364764,0.3197305863708399,0.169042034999098,0.7703481091910843,0.7365692388609212,0.4817734611503531,0.2615754660252555,0.1725233644859813,0.1864499835291533
0.2208049886621315,0.1770741394527802,0.083177570093458,0.803846153846154,0.2995245641838351,0.1502796319682481,0.7560731279739544,0.7194379743031031,0.4590691220988899,0.2378983764281419,0.1529906542056074,0.1681124409794663
0.2114512471655328,0.167144748455428,0.0719626168224297,0.8135235732009927,0.2912044374009508,0.1398159841241204,0.7495617330328074,0.7095198737696295,0.4420408678102926,0.2224894768490679,0.1415887850467289,0.1593279894586581
0.1991213151927437,0.1550088261253309,0.061214953271028,0.825682382133995,0.2785261489698891,0.1279090745083888,0.7456799398948158,0.7029078067473138,0.4278506559031281,0.2083583884546001,0.1319626168224299,0.1525200395300318
0.1799886621315192,0.138901147396293,0.0560747663551403,0.8431761786600497,0.2535657686212361,0.1138372722352516,0.7366641622839969,0.6925388834623186,0.4101286579212915,0.1920475045099218,0.1190654205607476,0.1415394751290216
0.1626984126984127,0.124117387466902,0.0504672897196259,0.8590570719602978,0.2317749603803486,0.1004871008479163,0.7268970698722764,0.6799158464197159,0.3953077699293642,0.1761876127480456,0.1055140186915887,0.1289118260678599
0.1597222222222222,0.122352162400706,0.0528037383177571,0.8612903225806452,0.2266244057052298,0.0995850622406638,0.721763085399449,0.6754827560297544,0.3911453077699293,0.1712266987372218,0.1005607476635514,0.1238607664433951
0.1659580498866213,0.1280891438658428,0.0570093457943923,0.8553349875930522,0.233755942947702,0.1049972938841782,0.725144002003506,0.6784882410398977,0.393289606458123,0.1737823211064341,0.1034579439252336,0.1264961018996376
0.171343537414966,0.1327228596646072,0.058411214953271,0.8503722084367246,0.2408874801901743,0.1091466714775391,0.730778863010268,0.6828461943046059,0.397452068617558,0.1782170775706554,0.1094392523364485,0.1333040518282639
0.1685090702947845,0.1296337157987643,0.0546728971962616,0.8533498759305213,0.2381141045958795,0.1058993324914306,0.7312797395442023,0.6832970170561274,0.3973259334006054,0.1782170775706554,0.1097196261682243,0.1336334687602943
0.1615646258503401,0.1238967343336275,0.0532710280373833,0.8596774193548387,0.2290015847860538,0.1008479162908171,0.7257700976709242,0.6790893380419265,0.3937941473259334,0.1741581479254359,0.1044859813084112,0.1272647414077083
0.1607142857142857,0.1226831421006178,0.0509345794392522,0.8606699751861043,0.2290015847860538,0.0995850622406638,0.7225144002003506,0.6758584416560222,0.3913345105953582,0.1714521948286229,0.1010280373831775,0.123750960799385
0.1662414965986394,0.1280891438658428,0.0551401869158878,0.855210918114144,0.2349445324881141,0.1048168861627277,0.724517906336088,0.6780374182883763,0.3931634712411704,0.1734816596512327,0.1034579439252336,0.1272647414077083
0.1706349206349206,0.131729920564872,0.0565420560747661,0.8512406947890819,0.2404912836767035,0.1078838174273858,0.7305284247433007,0.6829964685551131,0.3971367305751765,0.1787432351172579,0.1092523364485981,0.1340726913363346
0.1686507936507936,0.1293027360988526,0.0523364485981308,0.8534739454094293,0.2396988906497623,0.1051777016056287,0.7322814926120711,0.6834472913066345,0.397452068617558,0.1794197233914612,0.1100934579439252,0.1341824969803448
0.1619897959183673,0.1238967343336275,0.0518691588785046,0.8595533498759306,0.2305863708399366,0.1006675085693668,0.7267718507387929,0.6781125554136298,0.3936049445005045,0.1741581479254359,0.1041121495327102,0.1268255188316679
0.1607142857142857,0.1233451015004413,0.0537383177570091,0.8602977667493797,0.2278129952456418,0.1006675085693668,0.7226396193338342,0.6752573446539935,0.3914606458123107,0.1707757065544197,0.1008411214953271,0.1225430987152739
0.1659580498866213,0.1283097969991174,0.0574766355140186,0.8553349875930522,0.2333597464342313,0.1053581093270792,0.7252692211369897,0.6778120069126156,0.3933526740665993,0.1734064942874323,0.1041121495327102,0.1271549357636982
0.1702097505668934,0.1328331862312445,0.0621495327102805,0.8508684863523573,0.2377179080824089,0.1100487100847916,0.730778863010268,0.6828461943046059,0.3970105953582239,0.178968731208659,0.1095327102803738,0.1340726913363346
0.167517006802721,0.1299646954986761,0.0593457943925235,0.8537220843672457,0.2349445324881141,0.1069817788201334,0.7322814926120711,0.6827710571793524,0.3970736629667002,0.1783674082982561,0.1091588785046728,0.133413857472274
0.1611394557823129,0.1242277140335393,0.0560747663551403,0.8596774193548387,0.2274167987321711,0.1017499548980696,0.72702228900576,0.6781125554136298,0.3934157416750756,0.1736319903788334,0.103644859813084,0.1277039639837487
0.1595804988662131,0.1227934686672551,0.0551401869158878,0.861166253101737,0.2258320126782884,0.1003066931264658,0.7232657150012521,0.6752573446539935,0.3905776992936428,0.1699488875526157,0.099626168224299,0.1230921269353244
0.1651077097505669,0.1276478375992939,0.0574766355140186,0.8559553349875932,0.2321711568938192,0.1048168861627277,0.7257700976709242,0.6784131039146442,0.3928481331987891,0.172504509921828,0.1027102803738317,0.1264961018996376
0.1700680272108843,0.1319505736981465,0.0588785046728973,0.8513647642679901,0.2389064976228209,0.1086054483131878,0.7306536438767843,0.6828461943046059,0.3968213925327951,0.1777660853878532,0.1089719626168224,0.1326452179642033
0.1678004535147392,0.1296337157987643,0.0570093457943923,0.8537220843672457,0.2365293185419968,0.1064405556557821,0.7315301778111696,0.6835224284318882,0.3970105953582239,0.1783674082982561,0.1097196261682243,0.1335236631162841
0.1605725623582766,0.1233451015004413,0.0542056074766354,0.8604218362282879,0.2274167987321711,0.1006675085693668,0.7267718507387929,0.6785633781651514,0.3936680121089808,0.1740078171978352,0.1034579439252336,0.1263862962556275
0.1601473922902494,0.1219108561341571,0.0500000000000001,0.8614143920595534,0.2286053882725832,0.0986830236334114,0.7207613323315802,0.6745811105267112,0.3902623612512613,0.1702495490078172,0.0992523364485981,0.1211156253431426
0.1652494331065759,0.1291924095322154,0.0635514018691588,0.8550868486352359,0.2301901743264658,0.1073425942630344,0.7240170298021538,0.6775114584116012,0.3924697275479313,0.173556825015033,0.1017757009345794,0.1255078511035467
0.1707766439909297,0.1334951456310679,0.0630841121495325,0.8502481389578164,0.2381141045958795,0.1107703409705935,0.7297771099423992,0.6823202344278307,0.3966321897073662,0.1782922429344558,0.1079439252336448,0.1333040518282639
0.1678004535147392,0.1297440423654016,0.0574766355140186,0.8535980148883375,0.2361331220285261,0.1064405556557821,0.731404958677686,0.6827710571793524,0.3973890010090817,0.1782922429344558,0.1089719626168224,0.1328648292522235
0.1609977324263038,0.1240070609002648,0.0551401869158878,0.859925558312655,0.2274167987321711,0.1013891394551686,0.726396193338342,0.678638515290405,0.3938572149344096,0.1744588093806374,0.1043925233644859,0.1268255188316679
0.1595804988662131,0.1224624889673433,0.0537383177570091,0.8614143920595534,0.226228209191759,0.0997654699621143,0.7221387427998998,0.6756330302802614,0.3908930373360242,0.1712266987372218,0.1002803738317756,0.1221038761392335
0.1660997732426303,0.1277581641659312,0.0546728971962616,0.8555831265508685,0.2349445324881141,0.1044560707198267,0.7243926872026045,0.6781125554136298,0.3926589303733602,0.1734816596512327,0.1033644859813084,0.1249588228834962
0.1710600907029478,0.1329435127978817,0.0602803738317755,0.8503722084367246,0.2393026941362915,0.1096878946418906,0.73015276734285,0.6828461943046059,0.3966321897073662,0.1782922429344558,0.1087850467289719,0.1327550236082134
0.1678004535147392,0.1301853486319505,0.0588785046728973,0.8533498759305213,0.2357369255150554,0.1071621865415839,0.7326571500125219,0.6831467428056202,0.3971997981836528,0.1794197233914612,0.109626168224299,0.1339628856923246
0.161281179138322,0.1235657546337157,0.0528037383177571,0.8600496277915635,0.2290015847860538,0.1004871008479163,0.7278988229401452,0.6787887895409122,0.3937310797174571,0.1748346361996392,0.1042990654205607,0.128033380915779
0.1595804988662131,0.1233451015004413,0.0574766355140186,0.8607940446650124,0.2246434231378763,0.1013891394551686,0.7226396193338342,0.6757833045307686,0.3909561049445005,0.1713018641010222,0.1002803738317756,0.1232019325793346
0.1660997732426303,0.1287511032656663,0.0593457943925235,0.8549627791563276,0.2329635499207606,0.1060797402128811,0.7248935637365389,0.6781125554136298,0.3930373360242179,0.1737071557426337,0.1029906542056074,0.1268255188316679
0.1709183673469388,0.1332744924977934,0.0616822429906542,0.8502481389578164,0.2389064976228209,0.110229117806242,0.7312797395442023,0.6825456458035914,0.3966952573158425,0.1785929043896572,0.1089719626168224,0.1331942461842538
0.1680839002267573,0.1305163283318623,0.0598130841121493,0.8531017369727047,0.2353407290015847,0.1075230019844849,0.7320310543451038,0.6829964685551131,0.3968213925327951,0.1790438965724594,0.1089719626168224,0.1331942461842538
0.161422902494331,0.1244483671668137,0.0560747663551403,0.8594292803970224,0.2278129952456418,0.10193036261952,0.7266466316053093,0.6781876925388834,0.3934157416750756,0.1740829825616356,0.1041121495327102,0.1273745470517184
0.159438775510204,0.1235657546337157,0.0593457943925235,0.8607940446650124,0.2234548335974643,0.10193036261952,0.7225144002003506,0.6751822075287399,0.3905146316851665,0.1710763680096212,0.1003738317757009,0.1239705720874052
0.165391156462585,0.1281994704324801,0.0588785046728973,0.8555831265508685,0.2321711568938192,0.1055385170485296,0.725144002003506,0.6780374182883763,0.3929112008072654,0.1740078171978352,0.1031775700934579,0.1277039639837487
0.1706349206349206,0.1327228596646072,0.0607476635514018,0.8507444168734493,0.2385103011093502,0.1095074869204401,0.731404958677686,0.6829964685551131,0.3968213925327951,0.1787432351172579,0.1088785046728971,0.1342923026243549
0.1680839002267573,0.1299646954986761,0.0579439252336448,0.8534739454094293,0.2365293185419968,0.1068013710986829,0.7326571500125219,0.6832218799308738,0.3973890010090817,0.1785177390258568,0.1091588785046728,0.1339628856923246
0.1607142857142857,0.1240070609002648,0.0565420560747661,0.8600496277915635,0.2266244057052298,0.1017499548980696,0.7275231655396944,0.6790142009166729,0.3937310797174571,0.1737071557426337,0.1041121495327102,0.1281431865597891
0.1591553287981859,0.1229037952338922,0.0570093457943923,0.8612903225806452,0.2242472266244057,0.1008479162908171,0.7236413724017029,0.6757833045307686,0.3909561049445005,0.1707005411906193,0.1002803738317756,0.123750960799385
0.1651077097505669,0.1287511032656663,0.0626168224299063,0.8553349875930522,0.2301901743264658,0.1066209633772324,0.7258953168044077,0.6784882410398977,0.3926589303733602,0.1737071557426337,0.1034579439252336,0.1277039639837487
0.1700680272108843,0.13261253309797,0.0626168224299063,0.8511166253101737,0.2373217115689381,0.1098683023633411,0.730778863010268,0.6829964685551131,0.3965691220988899,0.1778412507516536,0.1090654205607476,0.1341824969803448
0.1672335600907029,0.1297440423654016,0.0593457943925235,0.8539702233250621,0.2345483359746434,0.1068013710986829,0.7310293012772351,0.6821699601773236,0.3966321897073662,0.1774654239326518,0.1083177570093457,0.133413857472274
0.1601473922902494,0.1240070609002648,0.058411214953271,0.8602977667493797,0.225039619651347,0.10193036261952,0.7265214124718257,0.6784882410398977,0.393289606458123,0.1740078171978352,0.104018691588785,0.1273745470517184
0.1584467120181405,0.123234774933804,0.0607476635514018,0.8614143920595534,0.2214738510301109,0.10193036261952,0.7218883045329325,0.675332481779247,0.390640766902119,0.1707757065544197,0.1006542056074766,0.1227627100032941
0.165391156462585,0.1280891438658428,0.0588785046728973,0.8555831265508685,0.2321711568938192,0.1053581093270792,0.7237665915351865,0.6773611841610939,0.3929742684157417,0.1729555021046302,0.1039252336448598,0.1261666849676073
0.171485260770975,0.1325022065313327,0.0565420560747661,0.8504962779156328,0.2416798732171157,0.1086054483131878,0.7319058352116202,0.682620782928845,0.3971367305751765,0.1777660853878532,0.1094392523364485,0.1330844405402437
0.1672335600907029,0.129523389232127,0.058411214953271,0.8540942928039702,0.2349445324881141,0.1064405556557821,0.7322814926120711,0.6832970170561274,0.3970736629667002,0.1780667468430547,0.1094392523364485,0.1344021082683649
0.1598639455782312,0.1233451015004413,0.0565420560747661,0.8606699751861043,0.2254358161648177,0.1012087317337181,0.7262709742048584,0.678638515290405,0.3936049445005045,0.1740078171978352,0.1042056074766355,0.1279235752717689
0.1587301587301587,0.1222418358340688,0.055607476635514,0.861786600496278,0.2242472266244057,0.1001262854050153,0.722389181066867,0.6756330302802614,0.3910191725529768,0.1713770294648226,0.1005607476635514,0.1236411551553749
0.1652494331065759,0.1281994704324801,0.0598130841121493,0.8557071960297767,0.231378763866878,0.1057189247699801,0.7240170298021538,0.6781876925388834,0.3929112008072654,0.1738574864702345,0.1032710280373831,0.1268255188316679
0.1704931972789115,0.1322815533980582,0.0598130841121493,0.8509925558312657,0.2389064976228209,0.1089662637560886,0.7311545204107187,0.6828461943046059,0.3968213925327951,0.1787432351172579,0.1093457943925233,0.1344021082683649
0.1669501133786848,0.1300750220653133,0.0616822429906542,0.8538461538461539,0.2329635499207606,0.1075230019844849,0.7327823691460055,0.6832970170561274,0.3971997981836528,0.1790438965724594,0.1100934579439252,0.1347315252003952
0.1608560090702948,0.123676081200353,0.0542056074766354,0.8601736972704715,0.2278129952456418,0.1010283240122676,0.7271475081392437,0.6788639266661658,0.3936049445005045,0.1743084786530366,0.103644859813084,0.1270451301196881
0.1590136054421768,0.1220211827007943,0.0532710280373833,0.8619106699751862,0.2258320126782884,0.0994046545192134,0.7225144002003506,0.6754827560297544,0.3907669021190716,0.1712266987372218,0.0998130841121495,0.1229823212913143
0.1656746031746031,0.1276478375992939,0.055607476635514,0.8557071960297767,0.233755942947702,0.1044560707198267,0.7246431254695717,0.6777368697873619,0.3927850655903128,0.1740829825616356,0.1033644859813084,0.1273745470517184
0.1712018140589569,0.1325022065313327,0.0579439252336448,0.8506203473945411,0.2408874801901743,0.1087858560346383,0.73015276734285,0.682620782928845,0.3963168516649848,0.1785929043896572,0.1090654205607476,0.133413857472274
0.171343537414966,0.1337157987643424,0.0626168224299063,0.8498759305210919,0.2389064976228209,0.1107703409705935,0.7339093413473579,0.6847997595611992,0.3984611503531785,0.1815995189416716,0.1126168224299065,0.136598221148567
0.1798469387755102,0.1408870255957634,0.0644859813084112,0.8420595533498759,0.25,0.1170846112213603,0.7396694214876033,0.6883312044481178,0.4030650857719475,0.186259771497294,0.119626168224299,0.1409904469089711
0.1940192743764172,0.1567740511915268,0.085981308411215,0.826923076923077,0.2606973058637084,0.1342233447591556,0.7445529676934636,0.6948681343451799,0.4094349142280524,0.1934004810583283,0.1294392523364485,0.1493356758537389
0.2148526077097505,0.1804942630185349,0.1172897196261683,0.8045905707196029,0.2765451664025357,0.1594804257622226,0.759328825444528,0.7071906228867683,0.4209132189707366,0.2070054119061936,0.1454205607476635,0.1667947732513451
0.2362528344671201,0.2037731685789938,0.1448598130841123,0.7821339950372208,0.294770206022187,0.1838354681580371,0.7773603806661658,0.721842362311218,0.435544904137235,0.2246692723992784,0.1672897196261682,0.1866695948171736
0.2474489795918367,0.2171226831421006,0.1649532710280373,0.769727047146402,0.3019017432646593,0.1988093090384267,0.7888805409466566,0.7312345029679165,0.4452573158425832,0.2360192423331329,0.1821495327102803,0.1996266608103656
0.2531179138321995,0.2256178287731686,0.1822429906542054,0.762406947890819,0.3022979397781299,0.2089121414396536,0.7916353618832958,0.7356675933578781,0.4491044399596367,0.2401533373421527,0.186822429906542,0.2037992752827495
0.2611961451247165,0.2363195057369814,0.200467289719626,0.7528535980148884,0.305863708399366,0.221179866498286,0.7945154019534185,0.7397249981215718,0.4534561049445004,0.2448135898977751,0.1930841121495327,0.2091797518392445
0.2789115646258503,0.2516548984995587,0.2079439252336448,0.7364764267990075,0.3276545166402536,0.2352516687714233,0.8047833708990734,0.7470132992711698,0.4602674066599394,0.2532321106434155,0.202803738317757,0.219391676732184
0.2878401360544217,0.2626875551632834,0.2247663551401867,0.7264267990074442,0.3332012678288431,0.2475193938300559,0.8151765589782118,0.7558043429258396,0.4675201816347124,0.2620264582080577,0.214018691588785,0.2308114637092346
0.2852891156462585,0.2618049426301854,0.2294392523364486,0.7280397022332507,0.3276545166402536,0.2476998015515064,0.8163035311795642,0.7572319483056578,0.4686553985872855,0.2638304269392664,0.2166355140186915,0.2334467991654771
0.2756519274376418,0.2515445719329214,0.2177570093457944,0.7379652605459058,0.3189381933438985,0.2370557459859282,0.8092912597044828,0.7503193327823277,0.462159434914228,0.256464221286831,0.2067289719626168,0.2231250686285275
0.2677154195011338,0.2422771403353928,0.2042056074766354,0.746650124069479,0.313391442155309,0.2269529135847013,0.7987728524918607,0.7428807573822225,0.4561680121089808,0.2484966927239927,0.1971962616822429,0.2132425606676182
0.2616213151927438,0.2369814651368049,0.2023364485981309,0.7523573200992556,0.305863708399366,0.2220819051055385,0.7936388680190333,0.7395747238710647,0.4524470232088798,0.2442874323511726,0.1920560747663551,0.2077522784671132
0.2569444444444444,0.2289276257722859,0.1836448598130841,0.7588089330024814,0.3070522979397781,0.2119790727043117,0.7922614575507136,0.7357427304831317,0.4485998990918264,0.2401533373421527,0.1873831775700934,0.2046777204348303
0.239937641723356,0.2106134157105031,0.1621495327102803,0.7765508684863524,0.2927892234548336,0.192855854230561,0.7821187077385424,0.7279284694567585,0.4412209889001008,0.2317348165965123,0.1763551401869158,0.1938069616778302
0.2179705215419501,0.1876654898499559,0.1373831775700934,0.7991315136476428,0.2721870047543581,0.1694028504419988,0.7675932882544453,0.7141783755353519,0.4281659939455095,0.2151232711966326,0.1558878504672897,0.1761282529922037
0.2012471655328798,0.1685789938217122,0.111682242990654,0.8172456575682383,0.259904912836767,0.1486559624751939,0.7504382669671926,0.7007288301149598,0.4150479313824419,0.2000901984365604,0.1367289719626168,0.1574612935104864
0.1938775510204081,0.1555604589585172,0.0808411214953272,0.827667493796526,0.2626782884310618,0.1322388598232004,0.7424242424242423,0.6927642948380794,0.407795156407669,0.1911455201443175,0.1257009345794392,0.1475787855495772
0.1828231292517006,0.1429832303618712,0.0635514018691588,0.8397022332506203,0.2547543581616481,0.118527872992964,0.739418983220636,0.6887820271996392,0.4030650857719475,0.1855081178592904,0.1186915887850467,0.1423081146370923
0.1692176870748299,0.1313989408649603,0.0593457943925235,0.8521091811414393,0.2373217115689381,0.1082446328702868,0.7330328074129727,0.6836727026823952,0.3980196770938446,0.1794948887552615,0.1106542056074766,0.1352805534204458
0.1608560090702948,0.1242277140335393,0.0570093457943923,0.859801488833747,0.2266244057052298,0.10193036261952,0.7267718507387929,0.6784882410398977,0.3940464177598385,0.174383644016837,0.1043925233644859,0.1281431865597891
0.1590136054421768,0.123676081200353,0.0607476635514018,0.8609181141439206,0.2226624405705229,0.102291178062421,0.7225144002003506,0.6751822075287399,0.3912714429868819,0.17085087191822,0.1007476635514018,0.1234215438673547
0.1651077097505669,0.1287511032656663,0.0621495327102805,0.8553349875930522,0.2301901743264658,0.1066209633772324,0.7253944402704733,0.6776617326621084,0.3929742684157417,0.173556825015033,0.1039252336448598,0.1261666849676073
0.1709183673469388,0.1329435127978817,0.0602803738317755,0.8504962779156328,0.2393026941362915,0.1096878946418906,0.7317806160781366,0.6825456458035914,0.3971367305751765,0.1783674082982561,0.1097196261682243,0.1328648292522235
0.1678004535147392,0.1300750220653133,0.0588785046728973,0.8534739454094293,0.2357369255150554,0.1069817788201334,0.7326571500125219,0.6835975655571417,0.397452068617558,0.1791190619362597,0.1099065420560747,0.1346217195563852
0.161281179138322,0.1238967343336275,0.0542056074766354,0.859801488833747,0.2282091917591124,0.1012087317337181,0.7275231655396944,0.67916447516718,0.3936049445005045,0.1744588093806374,0.1047663551401869,0.1281431865597891
0.1588718820861678,0.1233451015004413,0.0598130841121493,0.861166253101737,0.2226624405705229,0.1017499548980696,0.7226396193338342,0.6756330302802614,0.3908930373360242,0.1709260372820204,0.1002803738317756,0.1228725156473042
0.1662414965986394,0.1288614298323036,0.0588785046728973,0.8548387096774195,0.2333597464342313,0.1060797402128811,0.725144002003506,0.6780374182883763,0.3928481331987891,0.1731809981960312,0.1033644859813084,0.1263862962556275
0.171343537414966,0.1337157987643424,0.0626168224299063,0.8498759305210919,0.2389064976228209,0.1107703409705935,0.7309040821437515,0.6826959200540987,0.3967583249243188,0.1782922429344558,0.1090654205607476,0.1329746348962336
0.1685090702947845,0.130406001765225,0.0579439252336448,0.8529776674937966,0.2369255150554675,0.1071621865415839,0.7325319308790382,0.6827710571793524,0.3970736629667002,0.1791190619362597,0.1102803738317756,0.1342923026243549
0.1608560090702948,0.1247793468667255,0.0593457943925235,0.8594292803970224,0.2258320126782884,0.1028324012267725,0.7265214124718257,0.678638515290405,0.3940464177598385,0.1747594708358388,0.1051401869158878,0.1281431865597891
0.1591553287981859,0.1235657546337157,0.0598130841121493,0.8609181141439206,0.2230586370839936,0.10193036261952,0.7227648384673178,0.676083853031783,0.391523713420787,0.1714521948286229,0.1007476635514018,0.1239705720874052
0.1662414965986394,0.1290820829655781,0.0598130841121493,0.8547146401985113,0.2329635499207606,0.1064405556557821,0.7258953168044077,0.6781876925388834,0.3930373360242179,0.173556825015033,0.1029906542056074,0.1270451301196881
0.171343537414966,0.1333848190644307,0.061214953271028,0.85,0.2396988906497623,0.110229117806242,0.7312797395442023,0.6827710571793524,0.3966321897073662,0.1783674082982561,0.1093457943925233,0.1340726913363346
0.1689342403628118,0.1310679611650485,0.0593457943925235,0.8523573200992557,0.2369255150554675,0.1080642251488363,0.731404958677686,0.6829213314298594,0.3968844601412714,0.1785929043896572,0.1099065420560747,0.1339628856923246
0.161422902494331,0.1237864077669902,0.0532710280373833,0.859801488833747,0.2290015847860538,0.1008479162908171,0.7265214124718257,0.6785633781651514,0.3932265388496467,0.1737071557426337,0.1044859813084112,0.1281431865597891
0.1590136054421768,0.123234774933804,0.0588785046728973,0.861166253101737,0.2234548335974643,0.1015695471766191,0.7225144002003506,0.6752573446539935,0.3905776992936428,0.1712266987372218,0.1004672897196261,0.1239705720874052
0.1639739229024943,0.1276478375992939,0.061214953271028,0.8564516129032258,0.2290015847860538,0.1055385170485296,0.7243926872026045,0.6778120069126156,0.391965186680121,0.1736319903788334,0.1029906542056074,0.1263862962556275
0.1605725623582766,0.1202559576345984,0.0411214953271029,0.8621588089330026,0.2329635499207606,0.0956160923687533,0.7299023290758828,0.6805920805469982,0.3895686175580222,0.174383644016837,0.098411214953271,0.1200175689030416
0.115079365079365,0.0835172109443954,0.0355140186915886,0.90272952853598,0.1719492868462757,0.0645859642792711,0.7207613323315802,0.6650386956195056,0.3707114026236125,0.1531870114251353,0.0678504672897196,0.0864170418359503
0.0413832199546485,0.0302294792586054,0.0528037383177571,0.9650124069478908,0.0614104595879556,0.0241746346743639,0.7076133233158026,0.6409948155383575,0.3467457114026236,0.1146271797955502,0.0282242990654205,0.0341495552871417
0.0,0.0,0.061214953271028,1.0,0.0,0.0010824463287028,0.7283996994740797,0.6446765346757833,0.3609359233097881,0.1077871316897173,0.0,0.0
0.0517290249433106,0.0422550750220652,0.0696261682242989,0.9535980148883376,0.0689381933438985,0.0373443983402489,0.8022789882294014,0.7077165827635434,0.4473385469223007,0.1773150932050511,0.039626168224299,0.040957505215768
0.1875,0.1665931156222418,0.1485981308411213,0.8243176178660051,0.225039619651347,0.1542486018401587,0.882419233658903,0.7984822300698775,0.5932769929364278,0.3338845460012026,0.1689719626168224,0.167783024047436
0.3701814058956916,0.3451015004413063,0.3023364485981308,0.644044665012407,0.4152139461172741,0.3299657225329244,0.9417731029301276,0.8887219174994364,0.7391523713420787,0.5269843656043295,0.3674766355140186,0.3489623366641045
0.5770975056689343,0.5583627537511033,0.5233644859813085,0.4334987593052109,0.6109350237717908,0.546815803716399,0.981718006511395,0.9612292433691486,0.8762613521695256,0.7312838244137102,0.5848598130841121,0.5596793675194904
0.790249433106576,0.7824360105913505,0.769626168224299,0.2142679900744416,0.8042789223454834,0.777737687173011,0.984472827448034,0.9917349162221052,0.9826564076690212,0.9234064942874324,0.822056074766355,0.7810475458438563
0.9625850340136056,0.9606134157105032,0.95607476635514,0.0385856079404467,0.966323296354992,0.959227854952192,0.8904332582018532,0.9213314298594936,0.9644298688193742,0.992483463619964,0.9810280373831776,0.95684638190403
0.988095238095238,0.986871138570168,0.9831775700934576,0.0126550868486351,0.9900950871632328,0.9859281977268628,0.6922113698973203,0.7486663160267488,0.7862638748738646,0.8845460012026457,0.9601869158878504,0.9861644888547272
0.8636621315192744,0.8598852603706973,0.855607476635514,0.1385856079404466,0.8704437400950872,0.8574779000541222,0.4361382419233658,0.4974829063040047,0.5260469223007063,0.6828021647624775,0.8001869158878504,0.8637311957834634
0.6717687074829932,0.6598631950573698,0.6415887850467289,0.3349875930521092,0.6929477020602218,0.6527151362078296,0.1895817680941647,0.2179728003606582,0.253090312815338,0.4421978352375225,0.5876635514018691,0.6646535631931482
0.4682539682539682,0.4445057369814652,0.3999999999999999,0.5451612903225808,0.511093502377179,0.4299116002164892,0.017029802153769,0.0267488165902772,0.0455348133198789,0.2221888153938665,0.3381308411214953,0.445152080816954
0.2818877551020408,0.242828773168579,0.1602803738317754,0.7401985111662531,0.3522187004754358,0.2188345661194298,0.0353117956423741,0.019310241190172,0.0058652875882946,0.0598316295850871,0.15803738317757,0.2416822224662347
0.1724773242630385,0.1291924095322154,0.0397196261682243,0.8518610421836229,0.25,0.102651993505322,0.2059854745805158,0.1538808325193479,0.084510595358224,0.0069903788334335,0.0647663551401869,0.1303392994399912
0.1106859410430839,0.0728155339805825,0.0046728971962614,0.9106699751861044,0.1786846275752773,0.0497925311203319,0.3924367643375907,0.3266962206025997,0.1954465186680121,0.0254058929645219,0.0336448598130841,0.0766443395190512
0.0732709750566893,0.0516328331862312,0.0387850467289718,0.9389578163771712,0.1121236133122028,0.0391484755547537,0.544953668920611,0.4739649860996318,0.2844979818365287,0.0726097414311485,0.0290654205607476,0.0555616558691116
0.0921201814058956,0.0652030008826124,0.0336448598130841,0.9230769230769232,0.1402535657686212,0.0492513079559804,0.6347357876283496,0.576376887820272,0.3375378405650857,0.1169573060733614,0.0442990654205607,0.0647853299659602
0.1446995464852607,0.1035966460723742,0.022897196261682,0.8784119106699751,0.2183042789223455,0.0784773588309579,0.6962183821687954,0.6415207754151326,0.3727926337033299,0.1512327119663259,0.0755140186915887,0.1002525529812232
0.1679421768707482,0.1269858781994704,0.0457943925233644,0.8550868486352359,0.2412836767036449,0.10193036261952,0.7272727272727273,0.6763092644075437,0.392406659939455,0.1737823211064341,0.1025233644859813,0.1274843526957285
0.1678004535147392,0.1302956751985878,0.0602803738317755,0.8533498759305213,0.2349445324881141,0.1075230019844849,0.7322814926120711,0.6832970170561274,0.3966952573158425,0.1787432351172579,0.1091588785046728,0.133413857472274
0.1609977324263038,0.1244483671668137,0.0574766355140186,0.8596774193548387,0.2266244057052298,0.1021107703409705,0.7267718507387929,0.6785633781651514,0.3938572149344096,0.1748346361996392,0.1042990654205607,0.1273745470517184
0.1602891156462584,0.1226831421006178,0.0523364485981308,0.8609181141439206,0.2278129952456418,0.0997654699621143,0.7226396193338342,0.6757081674055151,0.3908299697275479,0.1719783523752255,0.1010280373831775,0.1230921269353244
0.165391156462585,0.1278684907325684,0.0570093457943923,0.8557071960297767,0.2329635499207606,0.1049972938841782,0.724267468069121,0.678262829664137,0.3923435923309787,0.173556825015033,0.104018691588785,0.1261666849676073
0.1712018140589569,0.1323918799646954,0.0574766355140186,0.8507444168734493,0.2408874801901743,0.1087858560346383,0.7312797395442023,0.6832970170561274,0.3968844601412714,0.1782922429344558,0.109626168224299,0.1335236631162841
0.1679421768707482,0.1301853486319505,0.0588785046728973,0.8533498759305213,0.2357369255150554,0.1071621865415839,0.7327823691460055,0.6832218799308738,0.3973890010090817,0.1786680697534576,0.1104672897196261,0.1335236631162841
0.1611394557823129,0.1233451015004413,0.0523364485981308,0.8601736972704715,0.2290015847860538,0.1003066931264658,0.7273979464062108,0.6788639266661658,0.3935418768920282,0.1744588093806374,0.105233644859813,0.128033380915779
0.159438775510204,0.1229037952338922,0.0560747663551403,0.861166253101737,0.225039619651347,0.1006675085693668,0.7208865514650639,0.6746562476519649,0.390199293642785,0.1707757065544197,0.1002803738317756,0.1229823212913143
0.1649659863945578,0.1286407766990291,0.0621495327102805,0.8554590570719603,0.2301901743264658,0.1066209633772324,0.7232657150012521,0.6774363212863475,0.3917759838546922,0.1731809981960312,0.1027102803738317,0.1264961018996376
0.1700680272108843,0.1331641659311562,0.0644859813084112,0.8507444168734493,0.2365293185419968,0.110589933249143,0.7304032056098171,0.6823202344278307,0.3961907164480323,0.1786680697534576,0.1090654205607476,0.1326452179642033
0.167517006802721,0.130847308031774,0.0626168224299063,0.853225806451613,0.2333597464342313,0.1084250405917373,0.7312797395442023,0.6823953715530843,0.3966952573158425,0.1791942273000601,0.1097196261682243,0.1335236631162841
0.1608560090702948,0.1240070609002648,0.0560747663551403,0.859925558312655,0.2270206022187004,0.1015695471766191,0.7267718507387929,0.6781876925388834,0.3934157416750756,0.1746091401082381,0.1047663551401869,0.1284726034918194
0.1595804988662131,0.1226831421006178,0.0551401869158878,0.861166253101737,0.2258320126782884,0.1003066931264658,0.7226396193338342,0.675332481779247,0.3902623612512613,0.1716025255562236,0.1006542056074766,0.1235313495113649
0.1659580498866213,0.1280891438658428,0.0570093457943923,0.8553349875930522,0.233755942947702,0.1049972938841782,0.7248935637365389,0.6780374182883763,0.3925327951564076,0.1741581479254359,0.1030841121495327,0.1259470736795871
0.1709183673469388,0.1329435127978817,0.0607476635514018,0.8504962779156328,0.2393026941362915,0.1096878946418906,0.7302779864763336,0.6822450973025772,0.3966952573158425,0.1785929043896572,0.1086915887850467,0.1330844405402437
0.1679421768707482,0.1306266548984996,0.0607476635514018,0.8531017369727047,0.2349445324881141,0.1078838174273858,0.7320310543451038,0.6829964685551131,0.3971367305751765,0.1794948887552615,0.1103738317757009,0.1352805534204458
0.161281179138322,0.1240070609002648,0.0546728971962616,0.859801488833747,0.2282091917591124,0.1012087317337181,0.7262709742048584,0.6789390637914193,0.3934788092835519,0.1751352976548406,0.1055140186915887,0.1290216317118699
0.1601473922902494,0.1231244483671668,0.0542056074766354,0.8607940446650124,0.2270206022187004,0.1004871008479163,0.7218883045329325,0.6754827560297544,0.3904515640766902,0.171677690920024,0.1007476635514018,0.1230921269353244
0.1659580498866213,0.1286407766990291,0.0588785046728973,0.8550868486352359,0.2329635499207606,0.1058993324914306,0.724267468069121,0.6777368697873619,0.3920913218970736,0.1738574864702345,0.1031775700934579,0.1256176567475568
0.1703514739229024,0.1328331862312445,0.0621495327102805,0.8508684863523573,0.2377179080824089,0.1098683023633411,0.7305284247433007,0.6824705086783379,0.3964429868819373,0.1785177390258568,0.1091588785046728,0.1325354123201932
0.1678004535147392,0.1300750220653133,0.0588785046728973,0.8534739454094293,0.2353407290015847,0.1071621865415839,0.7315301778111696,0.683372154181381,0.3975782038345106,0.1790438965724594,0.1100934579439252,0.1341824969803448
0.1609977324263038,0.1244483671668137,0.0574766355140186,0.8595533498759306,0.2266244057052298,0.102291178062421,0.7272727272727273,0.6788639266661658,0.3939202825428859,0.175210463018641,0.1050467289719626,0.1290216317118699
0.1587301587301587,0.1230141218005295,0.0588785046728973,0.8614143920595534,0.2226624405705229,0.1012087317337181,0.7227648384673178,0.6754827560297544,0.391082240161453,0.171677690920024,0.1010280373831775,0.1236411551553749
0.1656746031746031,0.1279788172992056,0.0574766355140186,0.8555831265508685,0.2329635499207606,0.1051777016056287,0.7248935637365389,0.6778120069126156,0.3924697275479313,0.1739326518340349,0.1038317757009345,0.1255078511035467
0.1712018140589569,0.1332744924977934,0.0607476635514018,0.8501240694789083,0.2396988906497623,0.1100487100847916,0.7294014525419483,0.6827710571793524,0.3963799192734611,0.1782922429344558,0.1090654205607476,0.1327550236082134
0.1682256235827664,0.1306266548984996,0.0598130841121493,0.8529776674937966,0.2357369255150554,0.1077034097059354,0.7324067117455547,0.6835224284318882,0.3971997981836528,0.1786680697534576,0.1098130841121495,0.1337432744043043
0.161281179138322,0.124117387466902,0.0551401869158878,0.8596774193548387,0.2278129952456418,0.1015695471766191,0.72702228900576,0.6787887895409122,0.3935418768920282,0.1748346361996392,0.105233644859813,0.1278137696277588
0.1590136054421768,0.1224624889673433,0.055607476635514,0.8616625310173698,0.2246434231378763,0.1001262854050153,0.7218883045329325,0.6756330302802614,0.3908930373360242,0.1711515333734215,0.1005607476635514,0.1230921269353244
0.1656746031746031,0.1286407766990291,0.0598130841121493,0.855210918114144,0.2321711568938192,0.1060797402128811,0.7250187828700225,0.6778871440378691,0.3931004036326941,0.1734816596512327,0.102803738317757,0.1255078511035467
0.1724773242630385,0.1343777581641659,0.0616822429906542,0.8490074441687345,0.2408874801901743,0.1111311564134945,0.7312797395442023,0.6835224284318882,0.3982719475277497,0.1797203848466626,0.1097196261682243,0.1330844405402437
0.1791383219954648,0.1391218005295675,0.0598130841121493,0.8434243176178661,0.2507923930269414,0.1147393108425041,0.7355371900826446,0.6912615523330077,0.4090565085771947,0.19167167769092,0.118411214953271,0.1412100581969912
0.1879251700680272,0.146513680494263,0.0626168224299063,0.8353598014888337,0.2622820919175911,0.1212339888147212,0.7404207362885049,0.6975730708543091,0.4227421796165489,0.2041491280817799,0.1262616822429906,0.1461513121774459
0.2032312925170068,0.1616284201235658,0.0761682242990653,0.8202233250620349,0.2777337559429477,0.1362078296951108,0.7454295016278487,0.706138703133218,0.438382946518668,0.2191070354780517,0.1374766355140186,0.1536180959701328
0.2244897959183673,0.1820388349514562,0.0920560747663551,0.7995037220843673,0.3007131537242472,0.1558722713332131,0.7579514149762083,0.7208655796829213,0.4591952573158425,0.2399278412507516,0.1548598130841121,0.1703085538596683
0.2492913832199546,0.205207413945278,0.1084112149532708,0.7755583126550869,0.3284469096671949,0.1780624210716218,0.7736038066616578,0.739875272372079,0.4836654894046417,0.2647324113048707,0.1758878504672897,0.1900735697814867
0.2647392290249433,0.220873786407767,0.1238317757009343,0.7600496277915634,0.3435023771790808,0.1937578928378135,0.7851239669421487,0.7540010519197535,0.5038471241170533,0.2843505712567649,0.1911214953271027,0.2051169430108707
0.2725340136054421,0.2287069726390115,0.130841121495327,0.7522332506203474,0.3514263074484944,0.201515424860184,0.7911344853493614,0.7624915470734089,0.5201185671039354,0.299383644016837,0.2019626168224298,0.2128033380915779
0.2888321995464852,0.2453662842012357,0.1485981308411213,0.7356079404466502,0.3664817749603803,0.2186541583979793,0.7975206611570248,0.7725599218573898,0.5377774974772955,0.3163710162357186,0.2134579439252336,0.2219172065444163
0.3116496598639456,0.2684245366284202,0.1705607476635513,0.7127791563275435,0.3890649762282092,0.2417463467436406,0.8094164788379663,0.7877376211586145,0.5580221997981836,0.3373421527360192,0.2317757009345794,0.2383880531459316
0.3321995464852607,0.2887246248896734,0.1887850467289718,0.6923076923076923,0.4100633914421552,0.2619520115460942,0.8255697470573503,0.8050942970921932,0.5810418768920282,0.3613950691521347,0.2514953271028037,0.2589217085758207
0.3449546485260771,0.3007502206531333,0.197663551401869,0.6800248138957816,0.4243264659270997,0.2734981057189247,0.8347107438016529,0.816064317379217,0.5994576185671038,0.3798857486470234,0.2654205607476635,0.2707807181289118
0.3547335600907029,0.3094660194174757,0.2023364485981309,0.6707196029776675,0.4362123613312202,0.2814360454627457,0.836839469070874,0.8221504245247576,0.6118819374369323,0.3913108839446783,0.2731775700934579,0.2757219721093664
0.366921768707483,0.3212709620476611,0.2121495327102805,0.6588089330024813,0.448890649762282,0.2929821396355763,0.8413473578762835,0.8304155083026523,0.624117053481332,0.4034876728803367,0.2821495327102803,0.2825299220379927
0.3847789115646258,0.3383715798764343,0.2257009345794391,0.6413151364764268,0.4683042789223454,0.3095796500090203,0.8506135737540695,0.84251258546848,0.6399470232088799,0.4194227300060132,0.2954205607476635,0.2934006807949928
0.3996598639455782,0.3522727272727273,0.2355140186915887,0.6270471464019852,0.4845483359746434,0.3229298213963557,0.8625093914350113,0.8546096626343076,0.6568491422805247,0.4351322910402886,0.3109345794392523,0.3080048314483364
0.4070294784580499,0.3603265666372462,0.2448598130841121,0.6193548387096774,0.4908874801901743,0.3312285765830777,0.8696468820435762,0.8620482380344128,0.6681382441977799,0.4478352375225496,0.3188785046728972,0.318326561985286
0.4100056689342403,0.3623124448367166,0.2439252336448597,0.6168734491315137,0.4956418383518224,0.3326718383546816,0.8697721011770598,0.8632504320384702,0.6721745711402624,0.4530968129885748,0.321214953271028,0.3187657845613264
0.4121315192743764,0.3657325684024713,0.2514018691588786,0.6140198511166254,0.4956418383518224,0.3368212159480425,0.8668920611069371,0.8637763919152454,0.6758324924318869,0.4552766085387853,0.3219626168224299,0.3192050071373668
0.4202097505668934,0.3738967343336275,0.2598130841121495,0.6058312655086849,0.5031695721077654,0.345300378856215,0.8695216629100926,0.8678337966789391,0.6827699293642785,0.461665664461816,0.3273831775700934,0.324805094981882
0.4255952380952381,0.3791924095322154,0.264485981308411,0.600620347394541,0.508716323296355,0.3503517950568284,0.8774104683195592,0.8739950409497331,0.6875630676084762,0.467077570655442,0.3333644859813083,0.3317228505545184
0.4223356009070295,0.3770962047661077,0.2654205607476634,0.6031017369727047,0.5035657686212361,0.3489085332852246,0.8779113448534936,0.8740701780749869,0.6880676084762865,0.4675285628382441,0.3339252336448597,0.3327111013506094
0.413407029478458,0.368270079435128,0.257943925233645,0.6120347394540944,0.4944532488114104,0.3402489626556015,0.8716503881793138,0.8687354421819821,0.6822653884964682,0.4612898376428142,0.3280373831775701,0.325903151421983
0.4108560090702948,0.3639673433362754,0.2481308411214954,0.6156327543424318,0.4948494453248811,0.3348367310120873,0.8667668419734534,0.8627996092869487,0.6737512613521695,0.4527961515333734,0.3213084112149532,0.3170088942571648
0.4109977324263038,0.3642983230361872,0.2490654205607474,0.6152605459057072,0.4948494453248811,0.3353779541764387,0.8660155271725519,0.8594935757757908,0.6685797174571139,0.4479855682501503,0.3170093457943925,0.3132755023608213
0.4057539682539682,0.3591129744042365,0.2443925233644859,0.6204714640198512,0.4896988906497623,0.3301461302543749,0.8667668419734534,0.8586670673980014,0.6632189707366296,0.4421978352375225,0.3155140186915887,0.3138245305808718
0.3944160997732426,0.3469770520741395,0.230373831775701,0.6323821339950373,0.4793977812995246,0.3175175897528414,0.8605058852992736,0.8519047261251784,0.6515514631685165,0.4313740228502706,0.3074766355140186,0.3050400790600637
0.3752834467120181,0.329766107678729,0.2205607476635514,0.6503722084367246,0.4572107765451664,0.3014613025437488,0.8496118206862008,0.8392065519573221,0.6352800201816347,0.415213469633193,0.2914018691588785,0.2917535961348413
0.3622448979591837,0.3166372462488968,0.2079439252336448,0.6635235732009926,0.4441362916006339,0.2884719465993144,0.8374655647382919,0.8256067322864227,0.6183148335015135,0.3969482862297053,0.2757943925233644,0.2768200285494674
0.3524659863945578,0.309135039717564,0.208411214953271,0.6719602977667494,0.43026941362916,0.2823380840699981,0.8317054845980465,0.8170411000075136,0.6042507568113016,0.3843205051112447,0.2665420560747663,0.2697924673328208
0.3412698412698413,0.2979920564872022,0.1981308411214952,0.6831265508684864,0.4191759112519809,0.2711528053400685,0.829701978462309,0.8116312269892554,0.5912588294651866,0.3723692122669874,0.2600934579439252,0.2649610189963763
0.3229875283446712,0.2797881729920565,0.1813084112149534,0.7013647642679901,0.4005546751188589,0.2531120331950207,0.8230653643876784,0.8010368923284995,0.5734106962663975,0.3549308478653036,0.2472897196261682,0.2532118150872954
0.2997448979591837,0.2573918799646955,0.1626168224299066,0.7240694789081886,0.3759904912836767,0.2312826988995129,0.8074129727022289,0.7833796678939063,0.551084762865792,0.330426939266386,0.2264485981308411,0.2336664104534972
0.2810374149659864,0.2389673433362753,0.1467289719626168,0.7426799007444169,0.3565768621236133,0.2130615190330145,0.7926371149511645,0.7666240889623562,0.5291372351160444,0.3078021647624774,0.2064485981308411,0.2159877017678708
0.2708333333333333,0.22716240070609,0.130841121495327,0.7538461538461538,0.3490491283676704,0.2004329785314811,0.7847483095416979,0.7558043429258396,0.5107214934409687,0.2906644618159952,0.1938317757009345,0.2062149994509717
0.2606292517006802,0.2167917034421888,0.1200934579439253,0.7640198511166254,0.3395404120443739,0.1897889229659029,0.7807412972702229,0.7478398076489593,0.494954591321897,0.2766085387853277,0.185233644859813,0.1991874382343252
0.2369614512471655,0.1942850838481906,0.103271028037383,0.7870967741935485,0.313391442155309,0.1681399963918455,0.7708489857250188,0.7341648508528064,0.475592835519677,0.2565393866506314,0.1711214953271028,0.1846930932249917
0.2141439909297052,0.1718887908208296,0.083177570093458,0.8096774193548388,0.2900158478605388,0.1459498466534367,0.756198347107438,0.7171087234202419,0.4526362260343087,0.2327871316897173,0.1506542056074766,0.1663555506753047
0.1965702947845805,0.1547881729920564,0.0686915887850465,0.826923076923077,0.2717908082408874,0.1291719285585422,0.7417981467568244,0.7014802013674957,0.4316347124117053,0.2112898376428142,0.1319626168224299,0.1487866476336883
0.1862244897959183,0.1445278022947925,0.0588785046728973,0.8372208436724567,0.2610935023771791,0.118888688435865,0.7342849987478086,0.6920129235855434,0.4150479313824419,0.1958057726999398,0.1193457943925233,0.1393433622488196
0.1758786848072562,0.1369152691968226,0.0607476635514018,0.8461538461538461,0.2460380348652932,0.1131156413494497,0.7326571500125219,0.6875798331955818,0.402749747729566,0.1853577871316897,0.1131775700934579,0.1372570550126276
0.1680839002267573,0.1307369814651368,0.0607476635514018,0.8529776674937966,0.2349445324881141,0.1078838174273858,0.7326571500125219,0.6841235254339169,0.397452068617558,0.1797203848466626,0.11,0.1349511364884155
0.1608560090702948,0.124117387466902,0.0565420560747661,0.859801488833747,0.2270206022187004,0.1017499548980696,0.7278988229401452,0.6792396122924336,0.3938572149344096,0.1748346361996392,0.1049532710280373,0.1282529922037993
0.1600056689342403,0.1226831421006178,0.0532710280373833,0.8610421836228288,0.2270206022187004,0.0999458776835648,0.7230152767342849,0.6754076189045006,0.3907669021190716,0.1710763680096212,0.1007476635514018,0.1228725156473042
0.1658163265306122,0.1277581641659312,0.055607476635514,0.8555831265508685,0.2341521394611727,0.1046364784412772,0.724517906336088,0.6776617326621084,0.3922174571140262,0.1734816596512327,0.1032710280373831,0.125837268035577
0.1712018140589569,0.1331641659311562,0.0607476635514018,0.8502481389578164,0.2393026941362915,0.1098683023633411,0.7309040821437515,0.6827710571793524,0.3965060544904136,0.1788935658448587,0.1093457943925233,0.1328648292522235
0.1683673469387755,0.1311782877316858,0.0616822429906542,0.852605459057072,0.2353407290015847,0.1084250405917373,0.7316553969446532,0.6832218799308738,0.397452068617558,0.1796452194828622,0.1104672897196261,0.1331942461842538
0.1600056689342403,0.125441306266549,0.0649532710280374,0.8594292803970224,0.2222662440570523,0.1044560707198267,0.7273979464062108,0.6793898865429409,0.3937310797174571,0.1750601322910402,0.1053271028037383,0.1273745470517184
0.1590136054421768,0.1238967343336275,0.0616822429906542,0.8607940446650124,0.2218700475435815,0.102651993505322,0.7225144002003506,0.6760087159065293,0.3908299697275479,0.1712266987372218,0.0999999999999999,0.1229823212913143
0.1648242630385487,0.1284201235657546,0.061214953271028,0.8557071960297767,0.2301901743264658,0.1060797402128811,0.724267468069121,0.6781125554136298,0.3925958627648839,0.1737071557426337,0.1026168224299065,0.1264961018996376
0.1706349206349206,0.1325022065313327,0.0598130841121493,0.8508684863523573,0.2389064976228209,0.1093270791989896,0.7310293012772351,0.6830716056803666,0.3969475277497477,0.1785177390258568,0.1093457943925233,0.1331942461842538
0.1678004535147392,0.1309576345984112,0.0626168224299063,0.8529776674937966,0.233755942947702,0.1084250405917373,0.7321562734785875,0.6838229769329026,0.397452068617558,0.178968731208659,0.1099065420560747,0.1337432744043043
0.1604308390022675,0.1242277140335393,0.0588785046728973,0.859925558312655,0.2254358161648177,0.102291178062421,0.7267718507387929,0.6787136524156585,0.3937310797174571,0.1748346361996392,0.1043925233644859,0.128033380915779
0.159297052154195,0.1227934686672551,0.0565420560747661,0.8612903225806452,0.2246434231378763,0.1006675085693668,0.7216378662659654,0.6756330302802614,0.391082240161453,0.1710763680096212,0.1002803738317756,0.1232019325793346
0.1645408163265306,0.1281994704324801,0.0616822429906542,0.8559553349875932,0.2297939778129952,0.1060797402128811,0.7243926872026045,0.6779622811631226,0.3929742684157417,0.1740829825616356,0.1032710280373831,0.1263862962556275
0.1703514739229024,0.1333848190644307,0.0644859813084112,0.8504962779156328,0.2365293185419968,0.110950748692044,0.7304032056098171,0.6824705086783379,0.3967583249243188,0.1785929043896572,0.1089719626168224,0.1324256066761831
0.167375283446712,0.1307369814651368,0.0630841121495325,0.853225806451613,0.2329635499207606,0.1084250405917373,0.7320310543451038,0.6832970170561274,0.397452068617558,0.1788184004810583,0.1100934579439252,0.1341824969803448
0.1604308390022675,0.1242277140335393,0.0579439252336448,0.8600496277915635,0.2254358161648177,0.1021107703409705,0.726396193338342,0.6788639266661658,0.3937310797174571,0.1750601322910402,0.1048598130841121,0.1281431865597891
0.1591553287981859,0.1229037952338922,0.0574766355140186,0.8612903225806452,0.223851030110935,0.1010283240122676,0.7230152767342849,0.676083853031783,0.3912083753784056,0.1718280216476247,0.1014018691588785,0.1242999890194356
0.1643990929705215,0.1290820829655781,0.0658878504672895,0.8554590570719603,0.2278129952456418,0.1077034097059354,0.7250187828700225,0.6781125554136298,0.3929742684157417,0.174383644016837,0.1037383177570093,0.1261666849676073
0.1700680272108843,0.1339364518976169,0.0672897196261682,0.8502481389578164,0.2349445324881141,0.1118527872992963,0.7306536438767843,0.682620782928845,0.3964429868819373,0.1788184004810583,0.1095327102803738,0.1324256066761831
0.1670918367346938,0.1310679611650485,0.0654205607476637,0.853225806451613,0.2317749603803486,0.1091466714775391,0.7327823691460055,0.6832970170561274,0.3968844601412714,0.1790438965724594,0.1099065420560747,0.1335236631162841
0.1609977324263038,0.1234554280670785,0.0537383177570091,0.8601736972704715,0.2282091917591124,0.1006675085693668,0.7277736038066616,0.6784882410398977,0.3936049445005045,0.175210463018641,0.1047663551401869,0.1277039639837487
0.1595804988662131,0.1225728155339806,0.0542056074766354,0.8612903225806452,0.2258320126782884,0.0999458776835648,0.7221387427998998,0.675332481779247,0.3907669021190716,0.1714521948286229,0.1004672897196261,0.1228725156473042
0.1649659863945578,0.1283097969991174,0.0607476635514018,0.8557071960297767,0.2305863708399366,0.1058993324914306,0.724517906336088,0.6780374182883763,0.3929742684157417,0.173556825015033,0.1034579439252336,0.1262764906116174
0.1706349206349206,0.1336054721977052,0.064018691588785,0.8502481389578164,0.2373217115689381,0.110950748692044,0.7306536438767843,0.6828461943046059,0.3967583249243188,0.1782922429344558,0.1085981308411214,0.1330844405402437
0.167375283446712,0.1306266548984996,0.0626168224299063,0.8533498759305213,0.2333597464342313,0.1082446328702868,0.7315301778111696,0.683372154181381,0.397452068617558,0.1790438965724594,0.1097196261682243,0.1348413308444054
0.1588718820861678,0.1231244483671668,0.0593457943925235,0.8612903225806452,0.2226624405705229,0.1015695471766191,0.7272727272727273,0.6784882410398977,0.3938572149344096,0.1746843054720384,0.1048598130841121,0.1279235752717689
0.1578798185941043,0.1215798764342453,0.055607476635514,0.8626550868486353,0.2230586370839936,0.0994046545192134,0.7218883045329325,0.6748065219024719,0.391082240161453,0.171677690920024,0.1015887850467289,0.1229823212913143
0.1643990929705215,0.1277581641659312,0.0602803738317755,0.8562034739454095,0.2301901743264658,0.1055385170485296,0.7250187828700225,0.6778871440378691,0.3927219979818365,0.1734064942874323,0.103644859813084,0.1267157131876578
0.1710600907029478,0.1332744924977934,0.0616822429906542,0.8502481389578164,0.2389064976228209,0.110229117806242,0.7312797395442023,0.6829213314298594,0.3966321897073662,0.178141912206855,0.109626168224299,0.1339628856923246
0.1683673469387755,0.1306266548984996,0.0593457943925235,0.8528535980148884,0.2361331220285261,0.1075230019844849,0.7319058352116202,0.6834472913066345,0.3973259334006054,0.1785177390258568,0.1105607476635514,0.1347315252003952
0.1607142857142857,0.1243380406001764,0.0579439252336448,0.859801488833747,0.2258320126782884,0.102291178062421,0.7260205359378912,0.6788639266661658,0.3936680121089808,0.1744588093806374,0.1047663551401869,0.1278137696277588
0.1591553287981859,0.1229037952338922,0.0570093457943923,0.8612903225806452,0.2242472266244057,0.1008479162908171,0.7225144002003506,0.6749567961529792,0.3907038345105953,0.1710012026458208,0.1002803738317756,0.1233117382233446
0.1645408163265306,0.1279788172992056,0.0607476635514018,0.8560794044665013,0.2301901743264658,0.1057189247699801,0.7243926872026045,0.6768352242843189,0.3927850655903128,0.1728803367408298,0.1034579439252336,0.1264961018996376
0.1702097505668934,0.1325022065313327,0.061214953271028,0.8511166253101737,0.2377179080824089,0.1095074869204401,0.7312797395442023,0.6823953715530843,0.3970105953582239,0.1778412507516536,0.1099065420560747,0.1338530800483144
0.1685090702947845,0.1302956751985878,0.0574766355140186,0.8529776674937966,0.2373217115689381,0.1069817788201334,0.7326571500125219,0.6838981140581561,0.3979566094853683,0.1793445580276608,0.1106542056074766,0.1353903590644559
0.1604308390022675,0.1242277140335393,0.058411214953271,0.859925558312655,0.2254358161648177,0.102291178062421,0.7271475081392437,0.6787887895409122,0.3939833501513622,0.174383644016837,0.1053271028037383,0.1281431865597891
0.1585884353741496,0.1233451015004413,0.0602803738317755,0.8612903225806452,0.2218700475435815,0.1017499548980696,0.7218883045329325,0.6748816590277256,0.3912714429868819,0.1710012026458208,0.1015887850467289,0.1234215438673547
0.1649659863945578,0.1287511032656663,0.0626168224299063,0.8554590570719603,0.2301901743264658,0.1066209633772324,0.7250187828700225,0.6780374182883763,0.3930373360242179,0.1737071557426337,0.1041121495327102,0.1278137696277588
0.1704931972789115,0.1338261253309796,0.0654205607476637,0.8502481389578164,0.2365293185419968,0.1113115641349448,0.730778863010268,0.6828461943046059,0.3971367305751765,0.1784425736620565,0.11,0.1342923026243549
0.1678004535147392,0.1309576345984112,0.0626168224299063,0.8529776674937966,0.2341521394611727,0.1084250405917373,0.7336589030803906,0.6836727026823952,0.3977674066599394,0.179795550210463,0.110841121495327,0.1352805534204458
0.1598639455782312,0.1242277140335393,0.0602803738317755,0.8601736972704715,0.223851030110935,0.102651993505322,0.7275231655396944,0.678638515290405,0.3942356205852674,0.175210463018641,0.1058878504672897,0.1285824091358296
0.1587301587301587,0.1225728155339806,0.0570093457943923,0.8616625310173698,0.223851030110935,0.1006675085693668,0.7236413724017029,0.6755578931550079,0.3914606458123107,0.1719031870114251,0.1015887850467289,0.1236411551553749
0.1652494331065759,0.1280891438658428,0.0593457943925235,0.8557071960297767,0.2317749603803486,0.1055385170485296,0.7248935637365389,0.6777368697873619,0.3927850655903128,0.1738574864702345,0.1041121495327102,0.1261666849676073
0.1703514739229024,0.1329435127978817,0.0626168224299063,0.8507444168734493,0.2373217115689381,0.110229117806242,0.7305284247433007,0.6825456458035914,0.3965060544904136,0.1784425736620565,0.1092523364485981,0.1317667728121225
0.1676587301587301,0.131288614298323,0.0644859813084112,0.8528535980148884,0.2329635499207606,0.1091466714775391,0.7322814926120711,0.6834472913066345,0.3968213925327951,0.178968731208659,0.1098130841121495,0.1333040518282639
0.1601473922902494,0.1248896734333627,0.0621495327102805,0.8596774193548387,0.2234548335974643,0.1033736243911238,0.7277736038066616,0.6792396122924336,0.3936049445005045,0.1747594708358388,0.1045794392523364,0.1279235752717689
0.1585884353741496,0.1233451015004413,0.0607476635514018,0.8612903225806452,0.2218700475435815,0.10193036261952,0.7233909341347358,0.6755578931550079,0.391082240161453,0.1713770294648226,0.1009345794392523,0.1229823212913143
0.1652494331065759,0.1286407766990291,0.0607476635514018,0.8554590570719603,0.2309825673534072,0.1062601479343316,0.725144002003506,0.6779622811631226,0.3931004036326941,0.1731809981960312,0.1037383177570093,0.1262764906116174
0.171343537414966,0.1328331862312445,0.0588785046728973,0.8503722084367246,0.2404912836767035,0.1093270791989896,0.731404958677686,0.6823953715530843,0.3966321897073662,0.1780667468430547,0.1095327102803738,0.1330844405402437
0.167517006802721,0.1307369814651368,0.0626168224299063,0.853225806451613,0.233755942947702,0.1082446328702868,0.7321562734785875,0.6828461943046059,0.3975151362260343,0.1793445580276608,0.1103738317757009,0.1329746348962336
0.1605725623582766,0.1246690203000882,0.0598130841121493,0.8596774193548387,0.225039619651347,0.1028324012267725,0.7268970698722764,0.6787136524156585,0.3939833501513622,0.1749849669272399,0.105233644859813,0.1274843526957285
0.1584467120181405,0.1233451015004413,0.0616822429906542,0.8612903225806452,0.2214738510301109,0.1021107703409705,0.7231404958677685,0.6757081674055151,0.3912083753784056,0.1714521948286229,0.1017757009345794,0.1235313495113649
0.1648242630385487,0.1290820829655781,0.0644859813084112,0.8553349875930522,0.2290015847860538,0.1073425942630344,0.7241422489356374,0.6778871440378691,0.3931634712411704,0.1741581479254359,0.1047663551401869,0.1268255188316679
0.1716269841269841,0.1336054721977052,0.0616822429906542,0.8497518610421837,0.2396988906497623,0.110589933249143,0.7311545204107187,0.6829213314298594,0.3973259334006054,0.1792693926638605,0.1099065420560747,0.1337432744043043
0.1682256235827664,0.1311782877316858,0.0621495327102805,0.852605459057072,0.2345483359746434,0.1086054483131878,0.7322814926120711,0.683372154181381,0.3975782038345106,0.1791942273000601,0.1102803738317756,0.1333040518282639
0.1617063492063492,0.1244483671668137,0.0551401869158878,0.8593052109181142,0.2286053882725832,0.1017499548980696,0.7280240420736288,0.67916447516718,0.3939833501513622,0.1746091401082381,0.1053271028037383,0.1271549357636982
0.1607142857142857,0.1229037952338922,0.0518691588785046,0.860545905707196,0.2286053882725832,0.0997654699621143,0.7225144002003506,0.6758584416560222,0.3909561049445005,0.171677690920024,0.1014953271028037,0.1222136817832436
0.1669501133786848,0.129523389232127,0.0593457943925235,0.8542183622828785,0.2341521394611727,0.1068013710986829,0.7252692211369897,0.6781876925388834,0.3934788092835519,0.1740078171978352,0.1047663551401869,0.1256176567475568
0.1819727891156462,0.1422109443954104,0.0635514018691588,0.8404466501240696,0.2531695721077654,0.1179866498286126,0.7389181066867018,0.688105793072357,0.4026866801210897,0.1851322910402886,0.118411214953271,0.1406610299769408
0.1961451247165533,0.155891438658429,0.0742990654205608,0.8265508684863524,0.268621236133122,0.1311564134944976,0.7499373904332581,0.6976482079795626,0.4118314833501513,0.1966325917017438,0.1315887850467289,0.1543867354782035
0.2028061224489796,0.1674757281553398,0.1023364485981306,0.8171215880893301,0.2658478605388272,0.1459498466534367,0.7553218131730528,0.7038845893756105,0.4175075681130171,0.2032471437161755,0.1401869158878504,0.1606456571867793
0.2162698412698412,0.1844660194174757,0.1294392523364487,0.8017369727047147,0.2733755942947702,0.1652534728486379,0.7617079889807162,0.7101961078969118,0.4249495459132189,0.2112146722790138,0.150841121495327,0.1692104974195673
0.2371031746031746,0.2070829655781112,0.1565420560747664,0.7799007444168735,0.2908082408874802,0.1888868843586506,0.7739794640621087,0.7215418138102035,0.4373738647830474,0.2260222489476849,0.1691588785046728,0.186010760953113
0.2570861678004535,0.2282656663724624,0.1803738317757009,0.759181141439206,0.3090332805071315,0.2107162186541583,0.7918858001502629,0.7349913592305958,0.4485998990918264,0.2404539987973541,0.1863551401869158,0.2048973317228505
0.2636054421768707,0.2389673433362753,0.2042056074766354,0.7503722084367247,0.3078446909667194,0.2240663900414937,0.8019033308289506,0.7449094597640694,0.4566094853683147,0.249173180998196,0.198411214953271,0.2153288679038102
0.2688492063492063,0.2441526919682259,0.2088785046728973,0.7451612903225807,0.3129952456418383,0.2292982139635575,0.803656398697721,0.7455105567660981,0.4586907164480322,0.2515033072760072,0.2017757009345794,0.2175249807840122
0.2750850340136054,0.2501103265666373,0.2135514018691588,0.7389578163771713,0.3201267828843105,0.235071261049973,0.804282494365139,0.7467878878954091,0.4603935418768919,0.2532321106434155,0.2034579439252336,0.2181838146480729
0.2831632653061224,0.2592674315975287,0.2252336448598129,0.7303970223325063,0.3260697305863708,0.2448132780082987,0.808915602304032,0.7521226237884138,0.4646190716448032,0.2587191822008418,0.2100934579439252,0.2257604040847699
0.2876984126984127,0.2622462488967343,0.2233644859813084,0.7266749379652606,0.3335974643423138,0.2469781706657044,0.8148009015777611,0.7561800285521075,0.4673940464177598,0.2625526157546602,0.2142056074766355,0.2310310749972548
0.2834467120181406,0.2547440423654016,0.2060747663551403,0.7327543424317619,0.3347860538827258,0.2374165614288292,0.8127973954420235,0.7527237207904426,0.4651236125126134,0.2594708358388455,0.2099999999999999,0.2264192379488305
0.2645975056689342,0.2383053839364518,0.1981308411214952,0.7502481389578165,0.3118066561014262,0.2224427205484394,0.7995241672927623,0.7435569915095048,0.4567986881937436,0.2490228502705953,0.1971962616822429,0.214011200175689
0.251984126984127,0.2256178287731686,0.1859813084112148,0.7629032258064516,0.2995245641838351,0.2096337723254555,0.7873779113448534,0.7337140281012848,0.4474646821392533,0.2378232110643415,0.1838317757009345,0.200065883386406
0.2458900226757369,0.2165710503089143,0.1672897196261681,0.7707196029776675,0.2987321711568937,0.1988093090384267,0.7821187077385424,0.7269516868284618,0.4419778002018163,0.2317348165965123,0.1766355140186915,0.1934775447457999
0.2372448979591836,0.205207413945278,0.1481308411214951,0.7807692307692308,0.294770206022187,0.1858199530939923,0.7762334084648134,0.7228191449395145,0.4369323915237134,0.2260222489476849,0.1685046728971962,0.1876578456132645
0.2188208616780045,0.1841350397175639,0.1191588785046728,0.8007444168734491,0.2812995245641838,0.1629081724697817,0.7664663160530929,0.7132767300323088,0.4265893037336024,0.213544798556825,0.1530841121495327,0.1751400021961128
0.1981292517006802,0.1597528684907325,0.0845794392523363,0.8235732009925558,0.2670364500792392,0.1362078296951108,0.7504382669671926,0.6991509504846345,0.4139127144298687,0.1985868911605532,0.1345794392523364,0.1565828483584056
0.1801303854875283,0.1402250661959399,0.061214953271028,0.8424317617866005,0.2515847860538827,0.1158217571712069,0.7352867518156774,0.6854008565632278,0.4019929364278506,0.1837041491280817,0.1164485981308411,0.1386845283847589
0.169501133786848,0.1309576345984112,0.0570093457943923,0.8522332506203475,0.2385103011093502,0.1073425942630344,0.728274480340596,0.6800661206702231,0.3957492431886982,0.1764131088394468,0.1074766355140186,0.1307785220160316
0.1712018140589569,0.1332744924977934,0.0616822429906542,0.8502481389578164,0.2393026941362915,0.110229117806242,0.7321562734785875,0.6832970170561274,0.3973890010090817,0.1782922429344558,0.1098130841121495,0.1348413308444054
0.1683673469387755,0.1305163283318623,0.0588785046728973,0.8529776674937966,0.2361331220285261,0.1073425942630344,0.7324067117455547,0.6836727026823952,0.3980196770938446,0.1788184004810583,0.1099065420560747,0.1337432744043043
0.1618480725623582,0.1240070609002648,0.0528037383177571,0.8595533498759306,0.2297939778129952,0.1008479162908171,0.7273979464062108,0.6799158464197159,0.3943617558022199,0.1749849669272399,0.1051401869158878,0.1270451301196881
0.1601473922902494,0.1231244483671668,0.0546728971962616,0.8607940446650124,0.2266244057052298,0.1006675085693668,0.7226396193338342,0.676083853031783,0.3912083753784056,0.1711515333734215,0.1008411214953271,0.122652904359284
0.1655328798185941,0.1280891438658428,0.0579439252336448,0.8555831265508685,0.2329635499207606,0.1051777016056287,0.7253944402704733,0.6774363212863475,0.3928481331987891,0.1728803367408298,0.102803738317757,0.1260568793235972
0.1707766439909297,0.13261253309797,0.0598130841121493,0.8507444168734493,0.2393026941362915,0.1093270791989896,0.7306536438767843,0.6822450973025772,0.3968844601412714,0.177916416115454,0.108411214953271,0.1320961897441528
0.1676587301587301,0.1293027360988526,0.0560747663551403,0.8539702233250621,0.2365293185419968,0.1058993324914306,0.7327823691460055,0.6835975655571417,0.397893541876892,0.1788184004810583,0.1098130841121495,0.1339628856923246
0.1607142857142857,0.123676081200353,0.0551401869158878,0.8601736972704715,0.2270206022187004,0.1010283240122676,0.7280240420736288,0.6793147494176872,0.3940464177598385,0.174383644016837,0.1046728971962616,0.1274843526957285
0.1591553287981859,0.1229037952338922,0.0574766355140186,0.8612903225806452,0.223851030110935,0.1010283240122676,0.7228900576008014,0.675332481779247,0.3910191725529768,0.17085087191822,0.1008411214953271,0.1227627100032941
0.1652494331065759,0.1286407766990291,0.0607476635514018,0.8553349875930522,0.231378763866878,0.1062601479343316,0.7253944402704733,0.6781125554136298,0.3930373360242179,0.173556825015033,0.1035514018691588,0.1261666849676073
0.1717687074829932,0.1331641659311562,0.0588785046728973,0.85,0.2408874801901743,0.1096878946418906,0.731404958677686,0.682620782928845,0.3966321897073662,0.1785929043896572,0.1092523364485981,0.1328648292522235
0.1678004535147392,0.1305163283318623,0.0607476635514018,0.853225806451613,0.2345483359746434,0.1078838174273858,0.7325319308790382,0.6829964685551131,0.3968844601412714,0.1793445580276608,0.1098130841121495,0.1337432744043043
0.1605725623582766,0.1246690203000882,0.0598130841121493,0.8596774193548387,0.225039619651347,0.1028324012267725,0.7268970698722764,0.6787887895409122,0.3936680121089808,0.1747594708358388,0.1042056074766355,0.1271549357636982
0.1584467120181405,0.1225728155339806,0.0579439252336448,0.861786600496278,0.2226624405705229,0.1006675085693668,0.7213874279989982,0.6754076189045006,0.3907669021190716,0.1711515333734215,0.1008411214953271,0.122652904359284
0.1648242630385487,0.1277581641659312,0.0593457943925235,0.8560794044665013,0.2309825673534072,0.1053581093270792,0.724517906336088,0.6775114584116012,0.3925958627648839,0.1737823211064341,0.103644859813084,0.1256176567475568
0.1709183673469388,0.13261253309797,0.0593457943925235,0.8507444168734493,0.2396988906497623,0.1093270791989896,0.7309040821437515,0.6829964685551131,0.3968844601412714,0.178141912206855,0.1095327102803738,0.133413857472274
0.1685090702947845,0.1302956751985878,0.0574766355140186,0.8529776674937966,0.2373217115689381,0.1069817788201334,0.7311545204107187,0.6832218799308738,0.3973259334006054,0.1788184004810583,0.1098130841121495,0.1336334687602943
0.161281179138322,0.1244483671668137,0.0565420560747661,0.8595533498759306,0.2274167987321711,0.10193036261952,0.7273979464062108,0.6788639266661658,0.3940464177598385,0.1749098015634395,0.1050467289719626,0.1270451301196881
0.1557539682539682,0.11738746690203,0.044859813084112,0.8658808933002482,0.2246434231378763,0.093992422875699,0.7233909341347358,0.6754827560297544,0.3889379414732593,0.170625375826819,0.098411214953271,0.1185900955309102
0.1397392290249433,0.1019417475728154,0.0322429906542054,0.88151364764268,0.207606973058637,0.0790185819953094,0.7198847983971951,0.6693966488842137,0.3777119071644803,0.1618310282621768,0.0791588785046729,0.0978368288130009
0.0824829931972789,0.0625551632833186,0.0542056074766354,0.9287841191066998,0.1180665610142631,0.0510553851704853,0.7136238417230153,0.6531670298294386,0.3593592330978808,0.1343205051112447,0.05,0.0620401888657076
0.0236678004535147,0.0182038834951456,0.0602803738317755,0.9794044665012408,0.0336767036450079,0.0158758794876419,0.7208865514650639,0.6438500262979938,0.3517911200807265,0.1102675886951292,0.0177570093457943,0.0221807400900406
0.0114795918367346,0.0078331862312444,0.0565420560747661,0.9905707196029776,0.0182250396196513,0.0066750856936676,0.7662158777861257,0.6725524081448644,0.3967583249243188,0.1346963319302465,0.0129906542056074,0.011859009553091
0.1043083900226757,0.0871579876434245,0.0869158878504674,0.9054590570719604,0.1347068145800317,0.077394912502255,0.8384673178061607,0.7465624765196484,0.511226034308779,0.2395520144317498,0.0871028037383177,0.0889425716481827
0.2645975056689342,0.2422771403353928,0.2144859813084112,0.748014888337469,0.304675118858954,0.2289373985206567,0.90633608815427,0.837929220828011,0.6635973763874873,0.4234064942874324,0.2557943925233644,0.2425606676183155
0.4805839002267574,0.4532215357458076,0.3962616822429904,0.534863523573201,0.5297147385103012,0.4364062781887065,0.9656899574254946,0.9292208280111202,0.8082744702320888,0.6270294648226098,0.4728037383177569,0.4536071154057318
0.6899092970521542,0.6759708737864077,0.6495327102803736,0.3179900744416873,0.7151347068145799,0.6675085693667687,0.9989982469321312,0.9921106018483732,0.9439328960645812,0.8413259170174383,0.7107476635514018,0.6784890743384209
0.8880385487528345,0.8832744924977934,0.8742990654205607,0.1147642679900745,0.896592709984152,0.8802092729568827,0.9573002754820936,0.9742279660380192,0.9966574167507568,0.9833884546001204,0.922056074766355,0.8840452399253322
0.987670068027211,0.9885260370697264,0.9915887850467286,0.0119106699751861,0.986133122028526,0.9889951289915208,0.7995241672927623,0.8426628597189871,0.8894424823410696,0.9521196632591702,0.9886915887850466,0.9868233227187876
0.9343820861678004,0.9331421006178288,0.9327102803738316,0.0663771712158809,0.9366085578446908,0.9323471044560706,0.5611069371399949,0.6255917048613719,0.6567860746720483,0.7860042092603727,0.8841121495327101,0.9306028329856156
0.780328798185941,0.7712930273609886,0.7551401869158878,0.2248138957816376,0.7963549920760697,0.765650369835829,0.310793889306286,0.3592305958374032,0.3917129162462159,0.565619362597715,0.7029906542056074,0.7714944548149775
0.5817743764172336,0.5631067961165049,0.52803738317757,0.4287841191066998,0.6152931854199684,0.5516868121955619,0.0952917605810167,0.1105267112480276,0.1393794147325933,0.3350871918220084,0.4697196261682242,0.5675853738882178
0.369047619047619,0.3371579876434245,0.2724299065420561,0.6490074441687346,0.4263074484944533,0.3175175897528414,0.0041322314049586,0.0023292508828612,0.0077573158425832,0.1346963319302465,0.2411214953271027,0.340946524651367
0.2084750566893423,0.16626213592233,0.0780373831775699,0.8153846153846154,0.2844690966719493,0.1403572072884719,0.1040570999248684,0.0678488241039898,0.0322906155398587,0.015634395670475,0.0957009345794392,0.1676732184034259
0.1344954648526077,0.0926743159752868,0.0102803738317758,0.8890818858560795,0.2095879556259904,0.0671116723795778,0.2943901828199348,0.2339770080396724,0.1350277497477295,0.0057125676488274,0.038411214953271,0.0926759635445261
0.0933956916099773,0.0644307149161518,0.0261682242990652,0.9229528535980148,0.14540412044374,0.0470864152985747,0.4765840220385674,0.4046885566158238,0.2454591321897073,0.0484816596512327,0.0302803738317757,0.0639068848138794
0.0840419501133786,0.0617828773168578,0.0457943925233644,0.9285359801488836,0.1240095087163232,0.0487100847916291,0.6045579764588028,0.5367044856863776,0.3195005045408677,0.1027510523150932,0.0406542056074766,0.0664324146261117
0.1187641723356009,0.0830759046778464,0.0214953271028037,0.9013647642679902,0.1826465927099841,0.061519033014613,0.673678938141748,0.6151476444511232,0.358728557013118,0.1378532772098616,0.0616822429906541,0.087185681344021
0.1517857142857142,0.1103265666372462,0.0280373831775701,0.8715880893300249,0.226228209191759,0.0849720368031751,0.711495116453794,0.6571492974678789,0.3801084762865792,0.159801563439567,0.0847663551401869,0.1113429230262435
0.1662414965986394,0.126323918799647,0.0481308411214952,0.8562034739454095,0.2381141045958795,0.10193036261952,0.7250187828700225,0.6751822075287399,0.3914606458123107,0.1723541791942273,0.1006542056074766,0.1244097946634456
0.1710600907029478,0.1327228596646072,0.0593457943925235,0.8504962779156328,0.2400950871632329,0.1093270791989896,0.7310293012772351,0.6815688631752949,0.3964429868819373,0.1776157546602525,0.1085981308411214,0.1322059953881629
0.1679421768707482,0.1297440423654016,0.0570093457943923,0.8535980148883375,0.2365293185419968,0.1064405556557821,0.7329075882794891,0.682620782928845,0.3972628657921291,0.1784425736620565,0.11,0.1337432744043043
0.1602891156462584,0.123676081200353,0.0565420560747661,0.8604218362282879,0.226228209191759,0.1013891394551686,0.7280240420736288,0.6788639266661658,0.3937941473259334,0.1744588093806374,0.1047663551401869,0.1279235752717689
0.1581632653061224,0.1231244483671668,0.061214953271028,0.8615384615384617,0.2210776545166402,0.10193036261952,0.7212622088655146,0.6750319332782327,0.3908930373360242,0.17085087191822,0.0999999999999999,0.122652904359284
0.1646825396825396,0.1284201235657546,0.0621495327102805,0.8557071960297767,0.2297939778129952,0.1062601479343316,0.7241422489356374,0.6778120069126156,0.3929742684157417,0.1737071557426337,0.1028971962616822,0.125837268035577
0.171485260770975,0.1329435127978817,0.058411214953271,0.8502481389578164,0.2408874801901743,0.1093270791989896,0.7311545204107187,0.682620782928845,0.3968844601412714,0.1785929043896572,0.1086915887850467,0.1322059953881629
0.1690759637188208,0.1310679611650485,0.0588785046728973,0.8523573200992557,0.2373217115689381,0.1078838174273858,0.7327823691460055,0.6831467428056202,0.3972628657921291,0.1788935658448587,0.1091588785046728,0.1335236631162841
0.161422902494331,0.1243380406001764,0.0560747663551403,0.8595533498759306,0.2278129952456418,0.1017499548980696,0.7278988229401452,0.6783379667893906,0.3937310797174571,0.1749098015634395,0.1049532710280373,0.1279235752717689
0.1598639455782312,0.1226831421006178,0.0542056074766354,0.861166253101737,0.226228209191759,0.1001262854050153,0.7226396193338342,0.6754076189045006,0.3912083753784056,0.1715273601924233,0.1001869158878504,0.1227627100032941
0.1658163265306122,0.1281994704324801,0.0574766355140186,0.8553349875930522,0.2333597464342313,0.1051777016056287,0.7252692211369897,0.6775114584116012,0.3930373360242179,0.1734816596512327,0.1030841121495327,0.1256176567475568
0.1706349206349206,0.1334951456310679,0.064018691588785,0.8503722084367246,0.2373217115689381,0.110950748692044,0.7331580265464563,0.6831467428056202,0.3973259334006054,0.1782170775706554,0.1092523364485981,0.1331942461842538
0.1683673469387755,0.1307369814651368,0.0598130841121493,0.8528535980148884,0.2361331220285261,0.1077034097059354,0.733533683946907,0.6836727026823952,0.3975782038345106,0.1786680697534576,0.1100934579439252,0.1335236631162841
0.161281179138322,0.1235657546337157,0.0528037383177571,0.8600496277915635,0.2290015847860538,0.1004871008479163,0.7267718507387929,0.6788639266661658,0.3935418768920282,0.1742333132892363,0.1049532710280373,0.1273745470517184
0.159438775510204,0.1219108561341571,0.0518691588785046,0.861786600496278,0.2266244057052298,0.0990438390763124,0.7208865514650639,0.675332481779247,0.3905146316851665,0.1704750450992183,0.1008411214953271,0.1221038761392335
0.1648242630385487,0.1275375110326566,0.0579439252336448,0.8562034739454095,0.2317749603803486,0.1048168861627277,0.7237665915351865,0.6777368697873619,0.3929112008072654,0.1731058328322309,0.1034579439252336,0.1261666849676073
0.1700680272108843,0.1332744924977934,0.0644859813084112,0.8506203473945411,0.2365293185419968,0.1107703409705935,0.7304032056098171,0.6824705086783379,0.3973259334006054,0.1783674082982561,0.1091588785046728,0.1338530800483144
0.167375283446712,0.130406001765225,0.0616822429906542,0.8534739454094293,0.233755942947702,0.1078838174273858,0.7327823691460055,0.6829964685551131,0.3977043390514631,0.1791190619362597,0.11,0.1347315252003952
0.1601473922902494,0.123676081200353,0.0570093457943923,0.8604218362282879,0.2254358161648177,0.1015695471766191,0.7272727272727273,0.6788639266661658,0.3939202825428859,0.1746091401082381,0.1049532710280373,0.1281431865597891
0.1590136054421768,0.1222418358340688,0.0551401869158878,0.8616625310173698,0.225039619651347,0.0999458776835648,0.7220135236664161,0.6754076189045006,0.3909561049445005,0.170625375826819,0.0998130841121495,0.1219940704952234
0.1652494331065759,0.1275375110326566,0.0560747663551403,0.8559553349875932,0.2329635499207606,0.1044560707198267,0.7243926872026045,0.6778120069126156,0.392406659939455,0.1730306674684305,0.1025233644859813,0.1255078511035467
0.1706349206349206,0.1325022065313327,0.0598130841121493,0.8508684863523573,0.2389064976228209,0.1093270791989896,0.7305284247433007,0.6828461943046059,0.3965060544904136,0.178141912206855,0.1085981308411214,0.1328648292522235
0.167517006802721,0.1301853486319505,0.0607476635514018,0.8535980148883375,0.2341521394611727,0.1075230019844849,0.7324067117455547,0.6836727026823952,0.397452068617558,0.1786680697534576,0.1099065420560747,0.1340726913363346
0.1607142857142857,0.1246690203000882,0.0593457943925235,0.8595533498759306,0.2254358161648177,0.1028324012267725,0.728274480340596,0.6793898865429409,0.3940464177598385,0.1746091401082381,0.1053271028037383,0.1275941583397386
0.159297052154195,0.1237864077669902,0.0602803738317755,0.8607940446650124,0.2230586370839936,0.102291178062421,0.7221387427998998,0.6757081674055151,0.3907038345105953,0.1707005411906193,0.1007476635514018,0.1221038761392335
0.1649659863945578,0.1298543689320388,0.0672897196261682,0.8548387096774195,0.2282091917591124,0.1084250405917373,0.7253944402704733,0.6781125554136298,0.3927850655903128,0.1731809981960312,0.1035514018691588,0.1253980454595366
0.171485260770975,0.1344880847308031,0.0654205607476637,0.8493796526054591,0.2381141045958795,0.1118527872992963,0.7316553969446532,0.6823953715530843,0.3963168516649848,0.1780667468430547,0.1087850467289719,0.132315801032173
0.1692176870748299,0.1316195939982347,0.0607476635514018,0.8519851116625311,0.2369255150554675,0.1087858560346383,0.7324067117455547,0.6825456458035914,0.3970736629667002,0.1786680697534576,0.1097196261682243,0.1335236631162841
0.1619897959183673,0.1244483671668137,0.0542056074766354,0.8591811414392061,0.2293977812995245,0.1015695471766191,0.7276483846731779,0.6785633781651514,0.3937310797174571,0.1744588093806374,0.1045794392523364,0.1285824091358296
0.1587301587301587,0.1219108561341571,0.0546728971962616,0.8620347394540944,0.2246434231378763,0.0995850622406638,0.7226396193338342,0.6748816590277256,0.3903884964682139,0.1710763680096212,0.1000934579439252,0.1225430987152739
0.1649659863945578,0.1284201235657546,0.061214953271028,0.8555831265508685,0.2305863708399366,0.1060797402128811,0.7252692211369897,0.6780374182883763,0.3934788092835519,0.1746091401082381,0.1032710280373831,0.1264961018996376
0.1814058956916099,0.1417696381288614,0.0635514018691588,0.8409429280397023,0.2523771790808241,0.1176258343857116,0.7357876283496118,0.6900593583289504,0.4078582240161453,0.1897173782321106,0.1164485981308411,0.1394531678928296
0.1951530612244898,0.1535745807590467,0.0677570093457944,0.828287841191067,0.269809825673534,0.1279090745083888,0.7466816929626846,0.7016304756180028,0.4263370332996972,0.2075315694527961,0.1311214953271028,0.1526298451740419
0.2052154195011337,0.1639452780229479,0.0789719626168223,0.8179900744416874,0.2793185419968303,0.138553130073967,0.7513148009015778,0.7089187767676008,0.4410317860746719,0.221662657847264,0.1414018691588784,0.1595476007466783
0.2182539682539682,0.177405119152692,0.0925233644859814,0.8047146401985112,0.2919968304278922,0.1522641169042035,0.7565740045078888,0.7186866030505673,0.4568617558022199,0.2368460613349368,0.1517757009345794,0.1676732184034259
0.2429138321995465,0.2004633715798764,0.108878504672897,0.7810173697270473,0.3193343898573693,0.1742738589211618,0.7683446030553468,0.7345405364790742,0.4786200807265388,0.2595460012026458,0.1701869158878504,0.1842538706489513
0.2674319727891156,0.2228596646072374,0.1233644859813085,0.7576923076923078,0.3474643423137876,0.1953815623308677,0.7846230904082143,0.7526485836651888,0.5029641775983854,0.2835989176187613,0.1901869158878504,0.2055561655869111
0.2800453514739229,0.2355472197705207,0.1355140186915889,0.7450372208436725,0.3597464342313787,0.2081905105538516,0.7975206611570248,0.7663235404613419,0.5239026236125126,0.3034425736620565,0.2070093457943925,0.220489733172285
0.2912414965986394,0.2481244483671668,0.1518691588785045,0.7330024813895782,0.3688589540412044,0.221540681941187,0.8037816178312045,0.775790818243294,0.5408678102926336,0.3195279615153337,0.2174766355140186,0.228066322608982
0.3051303854875283,0.2621359223300971,0.1654205607476636,0.719106699751861,0.3823296354992075,0.2356124842143243,0.8084147257700977,0.7855586445262605,0.5556886982845609,0.3347113650030066,0.2287850467289719,0.2359723289777094
0.326672335600907,0.2835392762577229,0.1845794392523365,0.6976426799007445,0.4045166402535657,0.2567201876240302,0.8199348860505885,0.8003606582012172,0.5765640766902119,0.3562086590499098,0.2453271028037383,0.2517843417151641
0.3486394557823129,0.3043909973521624,0.2009345794392522,0.6763027295285361,0.4282884310618066,0.2769258524264838,0.8342098672677184,0.815162671876174,0.5983224016145308,0.3783072760072158,0.2646728971962616,0.2694630504007906
0.3621031746031746,0.316747572815534,0.2088785046728973,0.6633995037220844,0.4433438985736925,0.2886523543207649,0.8443526170798897,0.8267337891652266,0.6156659939455095,0.3948436560432952,0.2779439252336448,0.2813220599538816
0.3697562358276643,0.3235878199470433,0.2126168224299063,0.6563275434243178,0.4524564183835182,0.2949666245715316,0.8468569997495617,0.8333458561875422,0.62720736629667,0.4060432952495489,0.285233644859813,0.2865927308663665
0.3789682539682539,0.333296557811121,0.2228971962616822,0.646774193548387,0.4611727416798732,0.3048890492513079,0.8481091910843976,0.8400330603351115,0.6381180625630676,0.4169422730006013,0.2922429906542055,0.2906555396947403
0.3948412698412698,0.347639011473963,0.2322429906542056,0.6317617866004963,0.4793977812995246,0.3184196283600938,0.8566240921612822,0.8494252009918101,0.6524974772956609,0.4300962116656644,0.3051401869158878,0.3014164928077303
0.411281179138322,0.362864077669903,0.2420560747663552,0.6160049627791564,0.4984152139461172,0.3328522460761321,0.8695216629100926,0.8607709069051018,0.6671291624621594,0.4463319302465424,0.3185046728971962,0.3166794773251344
0.4190759637188209,0.3688217122683142,0.2415887850467289,0.609181141439206,0.5095087163232963,0.3375428468338445,0.8774104683195592,0.8678337966789391,0.6761478304742684,0.4564040889957907,0.3269158878504672,0.3241462611178214
0.4141156462585034,0.3670564872021183,0.2504672897196261,0.612406947890819,0.4984152139461172,0.3377232545552949,0.8737791134485349,0.8681343451799534,0.6794904137235116,0.4587342152736019,0.3270093457943925,0.3246952893378719
0.4131235827664399,0.3680494263018535,0.257943925233645,0.6122828784119108,0.4940570522979396,0.340068554934151,0.8687703481091911,0.866556465549628,0.6810671039354187,0.4593355381840048,0.3257009345794392,0.3219501482376193
0.4199263038548753,0.3738967343336275,0.2598130841121495,0.6060794044665013,0.5027733755942947,0.345300378856215,0.8713999499123466,0.8685851679314749,0.6835267406659938,0.4614401683704149,0.3284112149532709,0.3233776216097507
0.4255952380952381,0.3789717563989409,0.2630841121495327,0.600620347394541,0.5095087163232963,0.3499909796139274,0.8780365639869772,0.8728679840709294,0.6871215943491422,0.4663259170174383,0.3341121495327102,0.3305149884704074
0.4210600907029478,0.3751103265666373,0.261682242990654,0.6048387096774194,0.5035657686212361,0.3465632329063683,0.8784122213874279,0.8726425726951687,0.6854187689202824,0.4648226097414311,0.3329906542056075,0.331283627978478
0.4128401360544217,0.3654015887025596,0.2476635514018691,0.6138957816377172,0.4980190174326465,0.3359191773407902,0.8721512647132481,0.8661056427981065,0.6767154389505549,0.4561785929043896,0.3253271028037383,0.321620731305589
0.4058956916099773,0.3583406884377758,0.2406542056074765,0.6209677419354839,0.491283676703645,0.3288832762042215,0.8635111445028799,0.8571643248929295,0.6661200807265388,0.4456554419723391,0.3145794392523364,0.3114088064126495
0.4000850340136054,0.3540379523389232,0.2415887850467289,0.6259305210918115,0.4825673534072899,0.3254555294966624,0.8611319809666916,0.8532571943797429,0.659119576185671,0.4375375826819002,0.3097196261682243,0.3074558032282859
0.3979591836734694,0.3495145631067961,0.2294392523364486,0.6294044665012408,0.4849445324881141,0.3193216669673461,0.8607563235662409,0.8510030806221354,0.6514883955600403,0.430622369212267,0.3073831775700934,0.3052596903480838
0.3843537414965987,0.3369373345101501,0.2214953271028035,0.6423076923076924,0.4694928684627574,0.3075951650730651,0.8559979964938642,0.8440904650988053,0.6391271442986881,0.4198737221888154,0.2970093457943925,0.2994399912155484
0.3645124716553288,0.3186231244483672,0.2088785046728973,0.6614143920595533,0.4469096671949287,0.2900956160923688,0.8442273979464062,0.8298144113006235,0.6215943491422805,0.4004058929645219,0.281214953271028,0.2846162292741846
0.3463718820861678,0.301963812886143,0.1981308411214952,0.6786600496277916,0.4263074484944533,0.2744001443261771,0.8294515401953418,0.8147118491246524,0.6024217961654893,0.3812387251954299,0.2644859813084111,0.2666081036565279
0.3363095238095238,0.2914827890556046,0.1873831775700935,0.6889578163771712,0.4167987321711568,0.2637560887605989,0.8240671174555472,0.8069727252235328,0.5873486377396568,0.3665814792543596,0.2539252336448597,0.2567255956956187
0.3268140589569161,0.2817740511915269,0.1771028037383177,0.6986352357320099,0.4076862123613312,0.2538336640808227,0.8218131730528424,0.8008866180779922,0.5721493440968718,0.3536530366806975,0.2462616822429906,0.2518941473591742
0.3083900226757369,0.263459841129744,0.1602803738317754,0.7169975186104219,0.3890649762282092,0.2356124842143243,0.8136739293764086,0.7881133067848823,0.5544904137235116,0.3353878532772098,0.2320560747663551,0.2403645547381135
0.2837301587301587,0.2390776699029126,0.1383177570093459,0.7414392059553351,0.3637083993660855,0.2116182572614107,0.7985224142248936,0.7704560823502893,0.5322906155398587,0.3119362597714973,0.211214953271028,0.2209289557483254
0.2650226757369615,0.2210944395410414,0.1238317757009343,0.759801488833747,0.3438985736925515,0.1939383005592638,0.7824943651389932,0.7533248177924712,0.5091448032290615,0.2879585087191822,0.191214953271028,0.2023718019106182
0.2562358276643991,0.2117166813768755,0.1126168224299064,0.7688585607940448,0.3363708399366085,0.1841962836009381,0.7729777109942398,0.7431061687579832,0.4910443995963672,0.2711214672279013,0.1783177570093457,0.1917206544416383
0.2405045351473922,0.1977052074139453,0.105140186915888,0.7836228287841193,0.3173534072900158,0.1713873353779542,0.7697220135236664,0.7337891652265384,0.4748990918264379,0.2560132291040289,0.1697196261682242,0.1844734819369715
0.2223639455782312,0.1783980582524271,0.0836448598130842,0.8023573200992558,0.3011093502377179,0.1513620782969511,0.7609566741798147,0.7214666766849499,0.4556634712411705,0.2369963920625376,0.1550467289719626,0.1727242780278906
0.1986961451247165,0.1554501323918799,0.0644859813084112,0.825682382133995,0.2765451664025357,0.1288111131156414,0.7461808164287503,0.7044105492523856,0.4332114026236124,0.2148226097414311,0.135607476635514,0.1541671241901833
0.1801303854875283,0.138459841129744,0.0532710280373833,0.8433002481389579,0.2551505546751189,0.1127548259065487,0.7330328074129727,0.6898339469531894,0.412651362260343,0.1934756464221286,0.1173831775700934,0.1381355001647084
0.1707766439909297,0.1310679611650485,0.0532710280373833,0.8516129032258065,0.2420760697305863,0.1068013710986829,0.7272727272727273,0.682620782928845,0.3986503531786074,0.179795550210463,0.1075700934579439,0.1295706599319205
0.1719104308390022,0.1322815533980582,0.0546728971962616,0.8504962779156328,0.2428684627575277,0.1080642251488363,0.7304032056098171,0.6825456458035914,0.3964429868819373,0.177916416115454,0.1083177570093457,0.1326452179642033
0.1690759637188208,0.1305163283318623,0.0560747663551403,0.852605459057072,0.2385103011093502,0.1069817788201334,0.7324067117455547,0.6831467428056202,0.3968844601412714,0.1782170775706554,0.109626168224299,0.1348413308444054
0.1621315192743764,0.124117387466902,0.0528037383177571,0.8593052109181142,0.2301901743264658,0.1010283240122676,0.7273979464062108,0.6787136524156585,0.3937310797174571,0.1745339747444378,0.1044859813084112,0.128033380915779
0.1602891156462584,0.1230141218005295,0.0532710280373833,0.8607940446650124,0.2274167987321711,0.1003066931264658,0.7220135236664161,0.675332481779247,0.3909561049445005,0.1710763680096212,0.1002803738317756,0.1228725156473042
0.1665249433106576,0.1278684907325684,0.0542056074766354,0.855210918114144,0.2357369255150554,0.1042756629983762,0.7241422489356374,0.6781876925388834,0.3925327951564076,0.1731809981960312,0.1029906542056074,0.1264961018996376
0.1720521541950113,0.1327228596646072,0.0560747663551403,0.8501240694789083,0.242472266244057,0.1086054483131878,0.73015276734285,0.683372154181381,0.3968844601412714,0.1780667468430547,0.1085981308411214,0.1333040518282639
0.1690759637188208,0.1305163283318623,0.0565420560747661,0.852605459057072,0.2385103011093502,0.1069817788201334,0.731404958677686,0.6840483883086633,0.3975151362260343,0.178968731208659,0.1097196261682243,0.1348413308444054
0.161422902494331,0.123676081200353,0.0528037383177571,0.859925558312655,0.2290015847860538,0.1006675085693668,0.7258953168044077,0.6792396122924336,0.3938572149344096,0.1747594708358388,0.1045794392523364,0.1281431865597891
0.1595804988662131,0.1230141218005295,0.0560747663551403,0.8610421836228288,0.225039619651347,0.1008479162908171,0.7213874279989982,0.6751070704034863,0.3908930373360242,0.1709260372820204,0.1002803738317756,0.1233117382233446
0.1668083900226757,0.1294130626654898,0.0598130841121493,0.8542183622828785,0.233755942947702,0.1066209633772324,0.7233909341347358,0.6774363212863475,0.3920282542885973,0.1728803367408298,0.1028971962616822,0.1270451301196881
0.1721938775510204,0.1331641659311562,0.0574766355140186,0.8498759305210919,0.2420760697305863,0.1093270791989896,0.7299023290758828,0.6828461943046059,0.396127648839556,0.1780667468430547,0.1087850467289719,0.1339628856923246
0.1700680272108843,0.1309576345984112,0.0551401869158878,0.8519851116625311,0.2400950871632329,0.1069817788201334,0.7311545204107187,0.6830716056803666,0.3973259334006054,0.178968731208659,0.1097196261682243,0.1346217195563852
0.1619897959183673,0.1249999999999999,0.0565420560747661,0.8589330024813897,0.2282091917591124,0.1024715857838715,0.7262709742048584,0.6788639266661658,0.3933526740665993,0.1748346361996392,0.1049532710280373,0.1288020204238497
0.1602891156462584,0.1237864077669902,0.0570093457943923,0.8602977667493797,0.2258320126782884,0.1015695471766191,0.7225144002003506,0.676083853031783,0.3905776992936428,0.1716025255562236,0.1008411214953271,0.1236411551553749
0.1665249433106576,0.1288614298323036,0.0579439252336448,0.8547146401985113,0.2341521394611727,0.1058993324914306,0.724267468069121,0.6778120069126156,0.3922805247225024,0.1732561635598316,0.1028971962616822,0.1266059075436477
0.1721938775510204,0.1333848190644307,0.058411214953271,0.8497518610421837,0.2416798732171157,0.1096878946418906,0.73015276734285,0.6822450973025772,0.3959384460141271,0.177916416115454,0.1083177570093457,0.1328648292522235
0.169501133786848,0.1310679611650485,0.0570093457943923,0.8521091811414393,0.2389064976228209,0.1075230019844849,0.7332832456799399,0.6832970170561274,0.3969475277497477,0.1788184004810583,0.1097196261682243,0.1344021082683649
0.1621315192743764,0.1243380406001764,0.0532710280373833,0.8591811414392061,0.2301901743264658,0.1012087317337181,0.7277736038066616,0.6796152979187017,0.3937941473259334,0.1758117859290439,0.1053271028037383,0.1288020204238497
0.1607142857142857,0.1233451015004413,0.0537383177570091,0.8602977667493797,0.2278129952456418,0.1006675085693668,0.7213874279989982,0.6756330302802614,0.3905776992936428,0.1716025255562236,0.1005607476635514,0.1236411551553749
0.1669501133786848,0.1297440423654016,0.0602803738317755,0.8540942928039702,0.233755942947702,0.1069817788201334,0.7238918106686701,0.6778120069126156,0.3921543895055499,0.1731809981960312,0.1034579439252336,0.1272647414077083
0.1719104308390022,0.1339364518976169,0.0616822429906542,0.8495037220843674,0.2400950871632329,0.1107703409705935,0.7300275482093664,0.6826959200540987,0.3964429868819373,0.1777660853878532,0.1095327102803738,0.133413857472274
0.1685090702947845,0.1313989408649603,0.0616822429906542,0.8524813895781639,0.2353407290015847,0.1086054483131878,0.7321562734785875,0.6835224284318882,0.3973259334006054,0.1786680697534576,0.1099065420560747,0.1351707477764357
0.1617063492063492,0.1249999999999999,0.0574766355140186,0.8589330024813897,0.2274167987321711,0.102651993505322,0.72702228900576,0.6796904350439552,0.3938572149344096,0.1745339747444378,0.1050467289719626,0.1296804655759306
0.1602891156462584,0.123676081200353,0.0565420560747661,0.8602977667493797,0.2258320126782884,0.1013891394551686,0.7222639619333834,0.6751070704034863,0.3907038345105953,0.1716025255562236,0.1010280373831775,0.1246294059514659
0.1665249433106576,0.1291924095322154,0.0593457943925235,0.8545905707196031,0.2333597464342313,0.1064405556557821,0.7246431254695717,0.6774363212863475,0.3925958627648839,0.1730306674684305,0.1032710280373831,0.1270451301196881
0.1724773242630385,0.1343777581641659,0.0616822429906542,0.8490074441687345,0.2408874801901743,0.1111311564134945,0.7309040821437515,0.6825456458035914,0.3968213925327951,0.1780667468430547,0.1088785046728971,0.1337432744043043
0.169359410430839,0.1309576345984112,0.0574766355140186,0.8523573200992557,0.2381141045958795,0.1075230019844849,0.7320310543451038,0.6830716056803666,0.3973890010090817,0.1790438965724594,0.1097196261682243,0.1348413308444054
0.1619897959183673,0.1242277140335393,0.0537383177570091,0.8593052109181142,0.2293977812995245,0.1013891394551686,0.7261457550713748,0.6787136524156585,0.3936049445005045,0.1748346361996392,0.1045794392523364,0.1281431865597891
0.1595804988662131,0.1230141218005295,0.0560747663551403,0.8610421836228288,0.225039619651347,0.1006675085693668,0.7220135236664161,0.6757081674055151,0.3913345105953582,0.1713018641010222,0.1013084112149532,0.1240803777314153
0.1658163265306122,0.1285304501323919,0.0588785046728973,0.855210918114144,0.23256735340729,0.1058993324914306,0.7250187828700225,0.6781125554136298,0.3931634712411704,0.1728051713770294,0.1034579439252336,0.1274843526957285
0.171485260770975,0.1337157987643424,0.0616822429906542,0.8497518610421837,0.2396988906497623,0.110589933249143,0.7312797395442023,0.68209482305207,0.3961907164480323,0.1776157546602525,0.1087850467289719,0.1340726913363346
0.1683673469387755,0.1313989408649603,0.0621495327102805,0.8524813895781639,0.2349445324881141,0.1087858560346383,0.7325319308790382,0.6836727026823952,0.3976412714429868,0.1788935658448587,0.109626168224299,0.1360491929285165
0.161422902494331,0.1247793468667255,0.0570093457943923,0.8593052109181142,0.2274167987321711,0.1024715857838715,0.7272727272727273,0.6790893380419265,0.3936049445005045,0.1748346361996392,0.1049532710280373,0.1293510486439002
0.1605725623582766,0.1235657546337157,0.0551401869158878,0.8602977667493797,0.2270206022187004,0.1010283240122676,0.724267468069121,0.6754827560297544,0.3904515640766902,0.1716025255562236,0.1007476635514018,0.1235313495113649
0.1666666666666666,0.1285304501323919,0.0560747663551403,0.8548387096774195,0.2353407290015847,0.1051777016056287,0.7262709742048584,0.6781125554136298,0.3923435923309787,0.1732561635598316,0.1034579439252336,0.1263862962556275
0.1716269841269841,0.1337157987643424,0.0616822429906542,0.8497518610421837,0.2396988906497623,0.110589933249143,0.7310293012772351,0.6821699601773236,0.3965691220988899,0.1774654239326518,0.1089719626168224,0.1329746348962336
0.1689342403628118,0.1316195939982347,0.0621495327102805,0.8521091811414393,0.2357369255150554,0.1089662637560886,0.7334084648134234,0.6839732511834097,0.3975151362260343,0.1784425736620565,0.1102803738317756,0.1350609421324256
0.1611394557823129,0.1243380406001764,0.0565420560747661,0.8595533498759306,0.2274167987321711,0.10193036261952,0.7275231655396944,0.6796152979187017,0.3939833501513622,0.1742333132892363,0.1047663551401869,0.1290216317118699
0.1595804988662131,0.1230141218005295,0.0565420560747661,0.8610421836228288,0.225039619651347,0.1008479162908171,0.7228900576008014,0.6757833045307686,0.3905776992936428,0.1703247143716175,0.1008411214953271,0.1241901833754254
0.1656746031746031,0.1280891438658428,0.0574766355140186,0.8555831265508685,0.2333597464342313,0.1051777016056287,0.7250187828700225,0.6773611841610939,0.3917129162462159,0.1729555021046302,0.1030841121495327,0.1266059075436477
0.1712018140589569,0.1329435127978817,0.0598130841121493,0.8503722084367246,0.2396988906497623,0.1096878946418906,0.73015276734285,0.6823202344278307,0.3956861755802219,0.1773902585688515,0.1086915887850467,0.132315801032173
0.1697845804988662,0.1310679611650485,0.0565420560747661,0.8519851116625311,0.2393026941362915,0.1073425942630344,0.7317806160781366,0.683372154181381,0.3972628657921291,0.1785177390258568,0.1100934579439252,0.134511913912375
0.1626984126984127,0.1251103265666372,0.0546728971962616,0.8584367245657568,0.2301901743264658,0.102291178062421,0.7271475081392437,0.6788639266661658,0.3939202825428859,0.174383644016837,0.1046728971962616,0.1290216317118699
0.159297052154195,0.1233451015004413,0.0579439252336448,0.8610421836228288,0.223851030110935,0.1013891394551686,0.7213874279989982,0.6755578931550079,0.3908930373360242,0.1707005411906193,0.1005607476635514,0.1239705720874052
0.1649659863945578,0.1278684907325684,0.0588785046728973,0.8559553349875932,0.231378763866878,0.1053581093270792,0.7250187828700225,0.6778120069126156,0.3925958627648839,0.1729555021046302,0.1025233644859813,0.1270451301196881
0.1709183673469388,0.1322815533980582,0.0574766355140186,0.8508684863523573,0.2404912836767035,0.1086054483131878,0.7312797395442023,0.6829964685551131,0.3965691220988899,0.1773902585688515,0.1085981308411214,0.133413857472274
0.169501133786848,0.129523389232127,0.0514018691588784,0.8531017369727047,0.2412836767036449,0.1051777016056287,0.7319058352116202,0.6841235254339169,0.3970105953582239,0.1782170775706554,0.1090654205607476,0.1342923026243549
0.1624149659863945,0.1233451015004413,0.0476635514018689,0.8596774193548387,0.23256735340729,0.0994046545192134,0.7267718507387929,0.6794650236681944,0.3934788092835519,0.1740829825616356,0.104018691588785,0.1279235752717689
0.1598639455782312,0.1220211827007943,0.0509345794392522,0.8615384615384617,0.2278129952456418,0.0988634313548619,0.721136989732031,0.6754076189045006,0.3905776992936428,0.1703247143716175,0.0999065420560747,0.1230921269353244
0.1643990929705215,0.1275375110326566,0.0588785046728973,0.8563275434243177,0.2305863708399366,0.1049972938841782,0.7231404958677685,0.6774363212863475,0.3920282542885973,0.172504509921828,0.1023364485981308,0.1266059075436477
0.1704931972789115,0.1331641659311562,0.0630841121495325,0.8504962779156328,0.2377179080824089,0.1104095255276925,0.7302779864763336,0.6824705086783379,0.3963168516649848,0.1774654239326518,0.1086915887850467,0.1340726913363346
0.1692176870748299,0.1311782877316858,0.0588785046728973,0.8522332506203475,0.2377179080824089,0.1078838174273858,0.7317806160781366,0.6838981140581561,0.397452068617558,0.1786680697534576,0.1104672897196261,0.1350609421324256
0.1631235827664399,0.124558693733451,0.0509345794392522,0.858560794044665,0.23256735340729,0.1010283240122676,0.7267718507387929,0.6793898865429409,0.3939833501513622,0.1748346361996392,0.1047663551401869,0.1282529922037993
0.1601473922902494,0.1226831421006178,0.0528037383177571,0.8609181141439206,0.2274167987321711,0.0997654699621143,0.7221387427998998,0.6754827560297544,0.3908930373360242,0.1713018641010222,0.1001869158878504,0.1234215438673547
0.1651077097505669,0.1274271844660194,0.0565420560747661,0.8562034739454095,0.2329635499207606,0.1044560707198267,0.7236413724017029,0.6777368697873619,0.3924697275479313,0.1734064942874323,0.1029906542056074,0.1266059075436477
0.1709183673469388,0.1322815533980582,0.0574766355140186,0.8508684863523573,0.2404912836767035,0.1086054483131878,0.7305284247433007,0.683372154181381,0.3965691220988899,0.1777660853878532,0.1083177570093457,0.1327550236082134
0.1680839002267573,0.1309576345984112,0.0616822429906542,0.8528535980148884,0.2349445324881141,0.1082446328702868,0.7321562734785875,0.6838229769329026,0.3970736629667002,0.1786680697534576,0.1101869158878504,0.1337432744043043
0.161422902494331,0.1252206531332744,0.0588785046728973,0.8590570719602978,0.2266244057052298,0.1031932166696733,0.72702228900576,0.6795401607934479,0.393289606458123,0.1746843054720384,0.1055140186915887,0.1281431865597891
0.1597222222222222,0.124117387466902,0.0607476635514018,0.8604218362282879,0.2234548335974643,0.1024715857838715,0.7235161532682193,0.6761589901570365,0.3908930373360242,0.171677690920024,0.1017757009345794,0.1244097946634456
0.1761621315192743,0.137577228596646,0.0630841121495325,0.8456575682382135,0.2456418383518224,0.1140176799567021,0.7315301778111696,0.6829964685551131,0.3980196770938446,0.1800210463018641,0.1110280373831775,0.1340726913363346
0.1994047619047619,0.1593115622241836,0.0785046728971961,0.8232009925558313,0.2713946117274168,0.1347645679235071,0.7469321312296519,0.6962957397249981,0.4101286579212915,0.1941521346963319,0.1299065420560747,0.1531788733940924
0.2110260770975056,0.175639894086496,0.108878504672897,0.8089330024813896,0.2745641838351822,0.1540681941187082,0.7600801402454295,0.707416034262529,0.420787083753784,0.2067047504509921,0.1450467289719626,0.1670143845393653
0.2183956916099773,0.1867828773168579,0.1327102803738319,0.7993796526054591,0.2749603803486529,0.1677791809489446,0.7655897821187077,0.7135772785333233,0.4278506559031281,0.2145219482862297,0.1551401869158878,0.1751400021961128
0.2310090702947845,0.2023389232127096,0.1565420560747664,0.7852357320099256,0.2824881141045959,0.1850983222081905,0.7709742048585023,0.7189871515515817,0.4349772956609485,0.2230907997594708,0.1665420560747663,0.1823871747007796
0.2512755102040816,0.2226390114739629,0.1761682242990652,0.7648883374689828,0.3026941362916006,0.2054843947320945,0.7838717756073128,0.7301825832143662,0.4448789101917255,0.2346662657847263,0.1803738317757009,0.1973207422861534
0.2677154195011338,0.2407325684024713,0.1981308411214952,0.7475186104218363,0.3161648177496038,0.2244272054843948,0.7986476333583772,0.7440078142610264,0.4556634712411705,0.2484966927239927,0.1961682242990654,0.214011200175689
0.2776360544217687,0.2506619593998235,0.2074766355140186,0.7375930521091811,0.3260697305863708,0.2343496301641709,0.808289506636614,0.7500939214065669,0.4620963673057517,0.2563890559230307,0.2054205607476635,0.2235642912045679
0.2779195011337869,0.2519858781994704,0.2121495327102805,0.7367245657568239,0.3244849445324881,0.2363341151001262,0.8091660405709993,0.7505447441580886,0.4634207870837537,0.2571407095610342,0.2074766355140186,0.2245525420006588
0.2770691609977324,0.2539717563989409,0.2233644859813084,0.7359801488833747,0.3185419968304279,0.2401226772505862,0.8074129727022289,0.7504696070328348,0.4632946518668011,0.2567648827420324,0.2082242990654205,0.2238937081365982
0.2818877551020408,0.2578331862312444,0.2238317757009346,0.7316377171215882,0.3252773375594294,0.2433700162366948,0.8081642875031304,0.7506950184085956,0.4637361251261351,0.257291040288635,0.2081308411214953,0.2243329307126386
0.2857142857142857,0.258053839364519,0.2116822429906543,0.7299007444168735,0.3355784469096672,0.2412051235792891,0.810167793638868,0.7516718010368924,0.4639883955600403,0.2581930246542393,0.208411214953271,0.2254309871527396
0.2725340136054421,0.2460282436010591,0.2051401869158879,0.7424317617866005,0.3197305863708399,0.23020025257081,0.8054094665664913,0.7488917274025095,0.4607088799192734,0.2536079374624173,0.2031775700934579,0.2203799275282749
0.2543934240362812,0.227603706972639,0.1864485981308411,0.7607940446650125,0.3026941362916006,0.2114378495399603,0.7936388680190333,0.7375460214892178,0.4508072653884964,0.2412056524353578,0.1886915887850467,0.2055561655869111
0.2388038548752834,0.2109443954104148,0.1672897196261681,0.776923076923077,0.2888272583201268,0.1941187082807143,0.7796143250688705,0.7251483958223758,0.4406533804238143,0.2291040288634997,0.1737383177570093,0.191391237509608
0.2295918367346938,0.1993601059135039,0.1485981308411213,0.787468982630273,0.2836767036450079,0.1811293523362799,0.7694715752566992,0.7178600946727778,0.4328329969727547,0.220009019843656,0.1621495327102803,0.1797518392445371
0.2205215419501133,0.1865622241835834,0.1247663551401868,0.79863523573201,0.2812995245641838,0.1659751037344398,0.7647132481843225,0.7132767300323088,0.4259586276488395,0.2121918220084185,0.1517757009345794,0.1734929175359613
0.2054988662131519,0.1669240953221535,0.0911214953271027,0.8162531017369727,0.2745641838351822,0.14342413855313,0.7558226897069872,0.703959726500864,0.4176337033299697,0.2023451593505712,0.1391588785046728,0.1621829362029208
0.1831065759637188,0.1429832303618712,0.0630841121495325,0.8395781637717122,0.2551505546751189,0.1183474652715136,0.740671174555472,0.6900593583289504,0.4050201816347124,0.1869362597714973,0.1211214953271028,0.144174810585264
0.1646825396825396,0.1268755516328332,0.055607476635514,0.8565756823821341,0.23256735340729,0.1039148475554753,0.7260205359378912,0.6789390637914193,0.3939833501513622,0.1744588093806374,0.1055140186915887,0.1279235752717689
0.1655328798185941,0.1281994704324801,0.0579439252336448,0.8554590570719603,0.23256735340729,0.1053581093270792,0.724517906336088,0.6781125554136298,0.3926589303733602,0.1728803367408298,0.1033644859813084,0.1264961018996376
0.1716269841269841,0.1330538393645189,0.0588785046728973,0.8501240694789083,0.2408874801901743,0.1095074869204401,0.7310293012772351,0.6823953715530843,0.3967583249243188,0.1771647624774503,0.108411214953271,0.1329746348962336
0.1686507936507936,0.1305163283318623,0.058411214953271,0.8528535980148884,0.2369255150554675,0.1073425942630344,0.7320310543451038,0.6835975655571417,0.3975151362260343,0.1785177390258568,0.1097196261682243,0.1348413308444054
0.1605725623582766,0.1235657546337157,0.0551401869158878,0.8602977667493797,0.2270206022187004,0.1010283240122676,0.7267718507387929,0.6793898865429409,0.3942986881937437,0.1740078171978352,0.1051401869158878,0.1288020204238497
0.1581632653061224,0.1222418358340688,0.0570093457943923,0.8620347394540944,0.2226624405705229,0.1003066931264658,0.7236413724017029,0.6762341272822902,0.3917759838546922,0.1707005411906193,0.1013084112149532,0.1240803777314153
0.1643990929705215,0.1275375110326566,0.0598130841121493,0.8563275434243177,0.2305863708399366,0.1051777016056287,0.7235161532682193,0.6774363212863475,0.392406659939455,0.1726548406494287,0.1027102803738317,0.1250686285275062
0.1709183673469388,0.131729920564872,0.0560747663551403,0.8512406947890819,0.2412836767036449,0.1078838174273858,0.7291510142749812,0.6823202344278307,0.3965691220988899,0.1775405892964522,0.1085981308411214,0.132315801032173
0.167517006802721,0.1302956751985878,0.0607476635514018,0.8534739454094293,0.2341521394611727,0.1077034097059354,0.7311545204107187,0.6830716056803666,0.3975151362260343,0.1785929043896572,0.1097196261682243,0.1337432744043043
0.1607142857142857,0.124558693733451,0.0588785046728973,0.8596774193548387,0.2258320126782884,0.102651993505322,0.7267718507387929,0.6793898865429409,0.3942356205852674,0.1747594708358388,0.1057009345794392,0.1288020204238497
0.1590136054421768,0.1226831421006178,0.0565420560747661,0.8615384615384617,0.2242472266244057,0.1006675085693668,0.7230152767342849,0.676083853031783,0.3915867810292633,0.17085087191822,0.1017757009345794,0.1245196003074558
0.165391156462585,0.1272065313327448,0.0551401869158878,0.8560794044665013,0.233755942947702,0.1039148475554753,0.7253944402704733,0.6776617326621084,0.3933526740665993,0.172504509921828,0.1033644859813084,0.1266059075436477
0.1704931972789115,0.1327228596646072,0.0607476635514018,0.8507444168734493,0.2385103011093502,0.1096878946418906,0.730778863010268,0.6822450973025772,0.3970105953582239,0.1773902585688515,0.1082242990654205,0.1326452179642033
0.1683673469387755,0.1307369814651368,0.0598130841121493,0.8528535980148884,0.2357369255150554,0.1078838174273858,0.7326571500125219,0.6834472913066345,0.3972628657921291,0.1776157546602525,0.1095327102803738,0.1341824969803448
0.1622732426303854,0.1244483671668137,0.0532710280373833,0.8590570719602978,0.2301901743264658,0.1013891394551686,0.7266466316053093,0.6792396122924336,0.3939833501513622,0.173556825015033,0.1043925233644859,0.1288020204238497
0.1590136054421768,0.1229037952338922,0.0570093457943923,0.8612903225806452,0.223851030110935,0.1008479162908171,0.7218883045329325,0.6752573446539935,0.3908299697275479,0.1700992182802164,0.1002803738317756,0.1236411551553749
0.1651077097505669,0.1280891438658428,0.0593457943925235,0.8557071960297767,0.231378763866878,0.1055385170485296,0.7247683446030553,0.6772860470358404,0.3921543895055499,0.1719783523752255,0.1025233644859813,0.1263862962556275
0.1704931972789115,0.1336054721977052,0.0644859813084112,0.8503722084367246,0.2369255150554675,0.110950748692044,0.728900576008014,0.6825456458035914,0.3963799192734611,0.1767137702946482,0.1080373831775701,0.1328648292522235
0.1685090702947845,0.1306266548984996,0.058411214953271,0.8528535980148884,0.2369255150554675,0.1073425942630344,0.731404958677686,0.683372154181381,0.3973890010090817,0.178141912206855,0.11,0.134511913912375
0.1570294784580499,0.1190423654015887,0.0476635514018689,0.86439205955335,0.225039619651347,0.0957965000902038,0.7277736038066616,0.6793898865429409,0.391965186680121,0.1740078171978352,0.1020560747663551,0.1241901833754254
0.1344954648526077,0.0964254192409532,0.0261682242990652,0.8869727047146403,0.2028526148969889,0.0732455349088941,0.7180065113949411,0.6676684950033811,0.3759460141271442,0.1601022248947685,0.0762616822429906,0.0962995497968595
0.0782312925170068,0.056928508384819,0.0443925233644857,0.9337468982630274,0.1164817749603803,0.0443802994768175,0.7064863511144502,0.6484333909384626,0.3549445005045408,0.129585087191822,0.0442990654205607,0.054902822005051
0.0267857142857142,0.0205207413945277,0.0598130841121493,0.9767990074441688,0.0380348652931853,0.0176799567021468,0.718382168795392,0.64272296941919,0.3509081735620585,0.1085387853277209,0.016822429906542,0.0213022949379598
0.0204081632653061,0.0144527802294792,0.0546728971962616,0.983002481389578,0.0312995245641838,0.011726501894281,0.7714750813924367,0.676985498534826,0.4002901109989908,0.1380036079374624,0.0171028037383177,0.0189963764137476
0.1060090702947845,0.0892541924095322,0.0897196261682244,0.9034739454094294,0.1362916006339143,0.0795598051596607,0.843350864012021,0.7500939214065669,0.5131811301715439,0.2425586289837642,0.09,0.0941034369166575
0.2586451247165533,0.2377537511032656,0.2154205607476633,0.753225806451613,0.295958795562599,0.2253292440916471,0.9035812672176308,0.8351491471936283,0.6605070635721493,0.4200240529164161,0.2517757009345794,0.2398155265180629
0.4746315192743764,0.448036187113857,0.3939252336448597,0.5403225806451614,0.5225832012678288,0.431715677430994,0.9583020285499624,0.9235104064918476,0.803039858728557,0.6201142513529766,0.4666355140186915,0.4464697485450752
0.6921768707482994,0.6777360988526038,0.6495327102803736,0.3160049627791563,0.7183042789223454,0.6689518311383728,0.9961182068620086,0.9903073108422872,0.9424192734611502,0.8392964521948286,0.7087850467289719,0.6770616009662895
0.8944160997732427,0.8889011473962929,0.8771028037383177,0.1088089330024813,0.904120443740095,0.8854410968789463,0.9624342599549212,0.9784356450522202,0.9996846619576184,0.9868460613349368,0.926448598130841,0.8916218293620292
0.9902210884353742,0.9911738746690204,0.9943925233644856,0.0093052109181141,0.98851030110935,0.9917012448132778,0.8040320560981717,0.8465699902321737,0.8930373360242178,0.955426939266386,0.9930841121495326,0.9930822444273636
0.929563492063492,0.9296116504854368,0.933644859813084,0.0704714640198512,0.9294770206022186,0.9296409886343135,0.5577260205359379,0.6240138252310465,0.6558400605449041,0.7842002405291641,0.8814953271028035,0.9274184693093224
0.7752267573696145,0.7677625772285966,0.7565420560747661,0.2290322580645162,0.7888272583201268,0.7631246617355223,0.3052842474330077,0.3553986024494703,0.3889379414732593,0.5619362597714973,0.698411214953271,0.7668826177665531
0.5854591836734694,0.5661959399823479,0.5289719626168224,0.4254342431761787,0.6200475435816164,0.5543929280173192,0.092411720510894,0.1103012998722669,0.1391902119071645,0.3342603728202044,0.4691588785046728,0.5680245964642582
0.3781179138321995,0.3439982347749338,0.2714953271028036,0.6410669975186104,0.4393819334389857,0.3229298213963557,0.0087653393438517,0.0068374783980765,0.0111629667003027,0.1393565844858689,0.2465420560747663,0.3480838915120237
0.2130102040816326,0.1690203000882612,0.0752336448598129,0.811786600496278,0.2919968304278922,0.1419808767815261,0.1083145504633107,0.0717559546171764,0.0352547931382442,0.0199188214070956,0.1005607476635514,0.1740419457560118
0.1296768707482993,0.0888128861429832,0.0098130841121496,0.893424317617866,0.2028526148969889,0.0638643333934692,0.2901327322814925,0.2308963859042753,0.1325681130171544,0.0030817799158147,0.0355140186915887,0.0899308224442736
0.0875850340136054,0.0590247131509267,0.0224299065420562,0.9285359801488836,0.1386687797147385,0.0420349990979613,0.4680691209616829,0.3990532722218048,0.2412966700302724,0.0425435959110042,0.0239252336448598,0.0574283518172834
0.086734693877551,0.06409973521624,0.0467289719626169,0.9260545905707196,0.1275752773375594,0.0506945697275843,0.6009266215877785,0.5352768803065594,0.3183652875882946,0.101473241130487,0.0387850467289719,0.0652245525420006
0.1265589569160997,0.0896954986760811,0.0238317757009344,0.8941687344913152,0.1925515055467512,0.0672920801010283,0.6779363886801902,0.6193553234653242,0.36226034308779,0.142513529765484,0.0666355140186916,0.093554408696607
0.153202947845805,0.1119814651368049,0.0303738317757009,0.8699751861042184,0.2274167987321711,0.0867761140176798,0.7153769095917856,0.6612067022315726,0.3835771947527749,0.1631840048105833,0.0889719626168224,0.1167233995827385
0.1590136054421768,0.1210282436010591,0.0495327102803739,0.862406947890819,0.2270206022187004,0.0977809850261591,0.7221387427998998,0.6741302877751897,0.3900731584258324,0.1702495490078172,0.0985046728971962,0.1223234874272537
0.1648242630385487,0.1269858781994704,0.055607476635514,0.8565756823821341,0.23256735340729,0.1039148475554753,0.7241422489356374,0.6777368697873619,0.3931634712411704,0.1731058328322309,0.1028971962616822,0.1266059075436477
0.1703514739229024,0.1320609002647838,0.0588785046728973,0.8512406947890819,0.2389064976228209,0.1087858560346383,0.729526671675432,0.6824705086783379,0.3968213925327951,0.1777660853878532,0.1082242990654205,0.1330844405402437
0.1683673469387755,0.1305163283318623,0.058411214953271,0.8529776674937966,0.2365293185419968,0.1073425942630344,0.7310293012772351,0.683372154181381,0.3977674066599394,0.1791942273000601,0.1092523364485981,0.1341824969803448
0.1618480725623582,0.1238967343336275,0.0523364485981308,0.8595533498759306,0.2297939778129952,0.1006675085693668,0.7266466316053093,0.6787136524156585,0.3939833501513622,0.1743084786530366,0.103644859813084,0.1282529922037993
0.1598639455782312,0.1224624889673433,0.0528037383177571,0.861166253101737,0.2270206022187004,0.0997654699621143,0.721763085399449,0.6750319332782327,0.3913345105953582,0.1703998797354179,0.1001869158878504,0.1235313495113649
0.1651077097505669,0.1278684907325684,0.058411214953271,0.8558312655086848,0.2317749603803486,0.1051777016056287,0.7243926872026045,0.6771357727853332,0.3931634712411704,0.1729555021046302,0.102429906542056,0.1266059075436477
0.1712018140589569,0.1331641659311562,0.0607476635514018,0.8502481389578164,0.2396988906497623,0.1098683023633411,0.7304032056098171,0.68209482305207,0.3968213925327951,0.1780667468430547,0.1086915887850467,0.1336334687602943
0.1696428571428571,0.1309576345984112,0.0565420560747661,0.8521091811414393,0.2393026941362915,0.1073425942630344,0.7327823691460055,0.6838229769329026,0.3976412714429868,0.1793445580276608,0.1099065420560747,0.1353903590644559
0.1624149659863945,0.1240070609002648,0.0514018691588784,0.8593052109181142,0.2309825673534072,0.1006675085693668,0.7278988229401452,0.6796152979187017,0.3944248234106962,0.1749849669272399,0.1053271028037383,0.1293510486439002
0.1604308390022675,0.1222418358340688,0.0500000000000001,0.861166253101737,0.2290015847860538,0.0988634313548619,0.7220135236664161,0.6757833045307686,0.3913345105953582,0.1709260372820204,0.1005607476635514,0.1230921269353244
0.1663832199546485,0.1279788172992056,0.0546728971962616,0.8553349875930522,0.2353407290015847,0.1046364784412772,0.724267468069121,0.6772860470358404,0.3931634712411704,0.1729555021046302,0.1026168224299065,0.1262764906116174
0.1717687074829932,0.1336054721977052,0.0607476635514018,0.8497518610421837,0.2404912836767035,0.110229117806242,0.7315301778111696,0.6823202344278307,0.3968844601412714,0.1774654239326518,0.1088785046728971,0.1331942461842538
0.1685090702947845,0.1310679611650485,0.0602803738317755,0.852605459057072,0.2361331220285261,0.1080642251488363,0.7320310543451038,0.6829964685551131,0.3972628657921291,0.178968731208659,0.11,0.1341824969803448
0.1618480725623582,0.124558693733451,0.0551401869158878,0.8591811414392061,0.2286053882725832,0.10193036261952,0.7268970698722764,0.67916447516718,0.3939833501513622,0.1749849669272399,0.1043925233644859,0.1281431865597891
0.1598639455782312,0.1224624889673433,0.0532710280373833,0.861166253101737,0.2270206022187004,0.0997654699621143,0.7236413724017029,0.6756330302802614,0.3907669021190716,0.17085087191822,0.1007476635514018,0.1225430987152739
0.1646825396825396,0.1277581641659312,0.0588785046728973,0.8562034739454095,0.2309825673534072,0.1051777016056287,0.7246431254695717,0.6772109099105867,0.3920913218970736,0.1725796752856283,0.1025233644859813,0.1255078511035467
0.1702097505668934,0.1328331862312445,0.0621495327102805,0.8508684863523573,0.2377179080824089,0.1100487100847916,0.7296518908089156,0.6818694116763092,0.3959384460141271,0.1779915814792543,0.1080373831775701,0.133413857472274
0.1689342403628118,0.1316195939982347,0.061214953271028,0.8521091811414393,0.2361331220285261,0.1087858560346383,0.7316553969446532,0.6829964685551131,0.3968844601412714,0.1787432351172579,0.1094392523364485,0.134511913912375
0.1615646258503401,0.1247793468667255,0.0570093457943923,0.8591811414392061,0.2274167987321711,0.1024715857838715,0.7262709742048584,0.6790142009166729,0.3941725529767911,0.1745339747444378,0.1053271028037383,0.1289118260678599
0.1598639455782312,0.1222418358340688,0.0518691588785046,0.8614143920595534,0.2274167987321711,0.0994046545192134,0.7222639619333834,0.6754827560297544,0.3913975782038345,0.1712266987372218,0.1014953271028037,0.1240803777314153
0.1652494331065759,0.1276478375992939,0.0570093457943923,0.8559553349875932,0.2329635499207606,0.1046364784412772,0.724267468069121,0.6775865955368547,0.3929112008072654,0.1731809981960312,0.1032710280373831,0.1270451301196881
0.1710600907029478,0.1329435127978817,0.0602803738317755,0.8504962779156328,0.2393026941362915,0.1096878946418906,0.73015276734285,0.6820196859268164,0.3967583249243188,0.1778412507516536,0.108411214953271,0.1325354123201932
0.1702097505668934,0.1310679611650485,0.0551401869158878,0.8518610421836229,0.2404912836767035,0.1071621865415839,0.7315301778111696,0.682620782928845,0.397452068617558,0.1784425736620565,0.1100934579439252,0.1338530800483144
0.1618480725623582,0.1251103265666372,0.0574766355140186,0.8588089330024815,0.2278129952456418,0.1028324012267725,0.7277736038066616,0.678638515290405,0.3948662966700302,0.1744588093806374,0.1047663551401869,0.1285824091358296
0.1588718820861678,0.1222418358340688,0.0551401869158878,0.861786600496278,0.2246434231378763,0.0999458776835648,0.7227648384673178,0.6755578931550079,0.3913345105953582,0.170625375826819,0.1004672897196261,0.1235313495113649
0.1652494331065759,0.1277581641659312,0.0574766355140186,0.8558312655086848,0.23256735340729,0.1049972938841782,0.7250187828700225,0.6777368697873619,0.3928481331987891,0.1728803367408298,0.1032710280373831,0.1266059075436477
0.1704931972789115,0.1323918799646954,0.0598130841121493,0.8509925558312657,0.2389064976228209,0.1091466714775391,0.7320310543451038,0.6821699601773236,0.3968213925327951,0.1778412507516536,0.1093457943925233,0.1325354123201932
0.1690759637188208,0.1306266548984996,0.0570093457943923,0.852605459057072,0.2381141045958795,0.1071621865415839,0.733533683946907,0.6834472913066345,0.3978304742684157,0.1791190619362597,0.1107476635514018,0.1348413308444054
0.1658163265306122,0.1278684907325684,0.0560747663551403,0.8555831265508685,0.2341521394611727,0.1046364784412772,0.728274480340596,0.6827710571793524,0.399217961654894,0.1800210463018641,0.1093457943925233,0.1319863841001427
0.1791383219954648,0.1374669020300088,0.0528037383177571,0.8444168734491315,0.2539619651347068,0.1118527872992963,0.7315301778111696,0.688105793072357,0.4111377396569122,0.1913710162357185,0.1157009345794392,0.1357197759964862
0.2012471655328798,0.1575463371579876,0.0649532710280374,0.8234491315136477,0.2797147385103011,0.1307955980515966,0.7429251189581768,0.7020061612442707,0.4307517658930372,0.2115904990980156,0.1323364485981308,0.1509827605138904
0.2230725623582766,0.1801632833186231,0.0883177570093457,0.8011166253101738,0.3003169572107765,0.1537073786758074,0.7589531680440771,0.7188368773010745,0.4528254288597376,0.2342152736019242,0.1523364485981308,0.1701987482156582
0.2362528344671201,0.1939541041482789,0.1037383177570093,0.7875930521091812,0.312202852614897,0.167959588670395,0.7694715752566992,0.7329626568487488,0.4737638748738647,0.2544347564642213,0.1689719626168224,0.1853519270890523
0.2495748299319728,0.2062003530450132,0.111682242990654,0.7748138957816377,0.3276545166402536,0.1795056828432257,0.7746055597295266,0.7426553460064618,0.4900353178607466,0.2708959711365002,0.1790654205607476,0.1928187108817393
0.2631802721088436,0.2198808473080317,0.125233644859813,0.7612903225806452,0.3407290015847861,0.1933970773949125,0.7808665164037064,0.7515215267863851,0.5066851664984863,0.2863048707155742,0.1894392523364486,0.2021521906225979
0.2847222222222222,0.2418358340688437,0.1467289719626168,0.7394540942928041,0.3617274167987321,0.2154068194118708,0.794014525419484,0.7669997745886241,0.5291372351160444,0.3080276608538785,0.2073831775700934,0.2188426485121335
0.3083900226757369,0.2650044130626655,0.1672897196261681,0.7161290322580646,0.3858954041204437,0.2383186000360815,0.8099173553719008,0.785258096025246,0.5525353178607466,0.3322309079975947,0.2285981308411215,0.238827275721972
0.3238378684807256,0.2790158870255957,0.175700934579439,0.7013647642679901,0.4041204437400951,0.2514883637019665,0.8228149261207112,0.7999098354496956,0.5719601412714429,0.3525255562236921,0.2453271028037383,0.2537608433073459
0.3317743764172335,0.2874007060900265,0.1850467289719624,0.6933002481389579,0.4112519809825674,0.2599675266101388,0.8271975957926371,0.80712299947404,0.5874747729566094,0.3667318099819603,0.2545794392523364,0.2600197650159218
0.3463718820861678,0.301963812886143,0.1985981308411214,0.6786600496277916,0.4259112519809825,0.2745805520476276,0.8293263210618582,0.813133969494327,0.6011604439959636,0.3802615754660253,0.2632710280373831,0.2669375205885582
0.3659297052154195,0.3209399823477494,0.214018691588785,0.6594292803970224,0.4469096671949287,0.2929821396355763,0.8400951665414474,0.8262078292884514,0.6190085771947528,0.3976999398677089,0.2773831775700934,0.27967497529373
0.3842120181405896,0.3385922330097087,0.2285046728971961,0.641439205955335,0.4663232963549921,0.3103012808948223,0.8534936138241923,0.8422871740927192,0.6375504540867809,0.4178442573662056,0.295233644859813,0.296804655759306
0.3938492063492063,0.3464254192409532,0.2299065420560748,0.63287841191067,0.4790015847860538,0.3169763665884899,0.8605058852992736,0.8519047261251784,0.6515514631685165,0.4306975345760673,0.3078504672897196,0.3056989129241242
0.3956916099773242,0.3487422771403354,0.2336448598130838,0.6307692307692309,0.4801901743264659,0.3195020746887966,0.8627598297019784,0.8546096626343076,0.6598763874873864,0.4377630787733012,0.310841121495327,0.3088832766004172
0.4047619047619047,0.3571270962047662,0.2392523364485982,0.6220843672456576,0.4904912836767036,0.3276204221540681,0.8637615827698472,0.8570140506424224,0.665741675075681,0.4448286229705351,0.3134579439252336,0.3109695838366091
0.4163832199546485,0.3686010591350397,0.2495327102803736,0.610545905707196,0.502377179080824,0.3389861086054482,0.870022539444027,0.8639266661657525,0.67476034308779,0.4544497895369814,0.3223364485981307,0.3195344240693971
0.423327664399093,0.3775375110326566,0.264485981308411,0.6024813895781638,0.5055467511885895,0.3490889410066751,0.8769095917856248,0.8722668870689008,0.6849142280524722,0.4648226097414311,0.3317757009345794,0.331283627978478
0.423327664399093,0.3777581641659311,0.2654205607476634,0.6023573200992556,0.5051505546751188,0.3494497564495759,0.8784122213874279,0.8737696295739724,0.6887613521695256,0.4677540589296451,0.3346728971962616,0.3328209069946194
0.4160997732426303,0.3715798764342453,0.2630841121495327,0.6090570719602978,0.4960380348652932,0.3438571170846111,0.8737791134485349,0.8703133218123074,0.6851664984863773,0.4631689717378232,0.3297196261682242,0.3267815965740638
0.4138321995464852,0.3692630185348632,0.260747663551402,0.6112903225806452,0.4936608557844691,0.3416922244272054,0.8683946907087403,0.8654294086708242,0.6811932391523713,0.4590348767288033,0.3246728971962616,0.3219501482376193
0.4176587301587302,0.3712488967343336,0.2570093457943925,0.6084367245657569,0.5007923930269413,0.3425942630344578,0.8697721011770598,0.8660305056728529,0.6781659939455095,0.4570805772699939,0.324392523364486,0.3221697595256396
0.4212018140589569,0.3715798764342453,0.2462616822429904,0.6068238213399505,0.5103011093502378,0.3407901858199531,0.8735286751815677,0.8666316026748816,0.6757694248234106,0.4564040889957907,0.3254205607476635,0.3232678159657406
0.4097222222222222,0.3620917917034422,0.2439252336448597,0.61712158808933,0.4952456418383518,0.3324914306332311,0.8711495116453793,0.8623487865354271,0.6695887991927346,0.4486620565243535,0.3198130841121495,0.3197540353574173
0.3921485260770975,0.3455428067078553,0.2317757009345793,0.6341191066997519,0.4758320126782884,0.3166155511455889,0.8607563235662409,0.8517544518746712,0.6553985872855701,0.4334786530366806,0.3082242990654205,0.3061381355001647
0.3808106575963719,0.3350617828773168,0.2247663551401867,0.6450372208436724,0.4627575277337559,0.3066931264658127,0.8487352867518155,0.8401833345856188,0.6393794147325933,0.4186710763680096,0.2932710280373831,0.291424179202811
0.3738662131519275,0.3289938217122684,0.2214953271028035,0.6514888337468984,0.4544374009508716,0.3011004871008479,0.8447282744803405,0.832819896310767,0.6278380423814328,0.4071707757065544,0.2851401869158878,0.2853848687822554
0.366921768707483,0.3209399823477494,0.2107476635514018,0.6590570719602978,0.4496830427892235,0.2924409164712249,0.8432256448785374,0.8268840634157337,0.6168012108980827,0.3962717979555021,0.2785981308411215,0.2832985615460634
0.3484977324263038,0.3039496910856134,0.1990654205607477,0.6766749379652606,0.4286846275752773,0.2762042215406819,0.836213373403456,0.8176421970095424,0.6014757820383451,0.3813138905592303,0.2673831775700934,0.2741846930932249
0.3255385487528345,0.2816637246248896,0.1808411214953271,0.6991315136476428,0.4045166402535657,0.2545552949666245,0.821938392186326,0.8022390863325569,0.5801589303733602,0.3595159350571257,0.2487850467289719,0.2554079279674975
0.3073979591836734,0.2641218005295676,0.1658878504672898,0.7169975186104219,0.3851030110935023,0.2372361537073787,0.8081642875031304,0.7867608385303179,0.5576437941473258,0.3369663259170174,0.2298130841121495,0.2370703854178104
0.2966269841269841,0.2525375110326567,0.1523364485981307,0.728287841191067,0.3759904912836767,0.2253292440916471,0.7995241672927623,0.7754151326170261,0.540741675075681,0.3197534576067348,0.2167289719626167,0.2275172943889316
0.2838718820861678,0.2398499558693733,0.1411214953271028,0.7409429280397023,0.3629160063391441,0.2127007035901135,0.7957675932882544,0.7669997745886241,0.5247225025227044,0.3043445580276608,0.2069158878504672,0.2200505105962446
0.2671485260770975,0.2223080317740512,0.122429906542056,0.7580645161290324,0.3474643423137876,0.1946599314450658,0.7856248434760832,0.7551281087985573,0.5059914228052472,0.2858538785327721,0.1930841121495327,0.2072032502470626
0.2434807256235827,0.1993601059135039,0.1023364485981306,0.7813895781637717,0.3229001584786053,0.172108966263756,0.7702228900576007,0.737696295739725,0.4827825428859737,0.2629284425736621,0.1737383177570093,0.1878774569012847
0.2216553287981859,0.1801632833186231,0.0934579439252334,0.8017369727047147,0.2963549920760697,0.1546094172830597,0.7573253193087903,0.7220677736869787,0.4634207870837537,0.2409801563439566,0.1561682242990654,0.1704183595036784
0.2222222222222222,0.1809355692850838,0.0948598130841121,0.8011166253101738,0.2963549920760697,0.1555114558903121,0.7575757575757576,0.720940716808175,0.4604566094853682,0.2375977149729404,0.1545794392523364,0.1693203030635774
0.2281746031746031,0.1863415710503088,0.0981308411214953,0.795409429280397,0.3030903328050713,0.160743279812376,0.7639619333834209,0.7254489443233901,0.4631054490413723,0.2424834636199639,0.1590654205607476,0.1756890304161633
0.2225056689342403,0.1789496910856134,0.0855140186915887,0.8021091811414393,0.3007131537242472,0.152083709182753,0.7610818933132982,0.7204898940566533,0.454906659939455,0.2359440769693325,0.154018691588785,0.1718458328758098
0.19968820861678,0.1567740511915268,0.0663551401869157,0.8244416873449132,0.2769413629160063,0.1304347826086956,0.7471825694966191,0.7053873318806823,0.4350403632694248,0.2152736019242333,0.1358878504672897,0.1544965411222136
0.1811224489795918,0.139342453662842,0.0537383177570091,0.8424317617866005,0.2563391442155309,0.1136568645138011,0.7321562734785875,0.6898339469531894,0.4132820383451059,0.1932501503307276,0.1163551401869158,0.1375864719446579
0.1709183673469388,0.1318402471315092,0.0560747663551403,0.8511166253101737,0.2412836767036449,0.1078838174273858,0.7258953168044077,0.6817942745510557,0.3987134207870837,0.1794948887552615,0.1062616822429906,0.1301196881519709
0.1717687074829932,0.1327228596646072,0.0570093457943923,0.8502481389578164,0.2416798732171157,0.1087858560346383,0.7297771099423992,0.6830716056803666,0.397452068617558,0.1776909200240529,0.1090654205607476,0.1326452179642033
0.1700680272108843,0.131288614298323,0.0565420560747661,0.8518610421836229,0.2396988906497623,0.1077034097059354,0.7310293012772351,0.6836727026823952,0.3980827447023208,0.1784425736620565,0.11,0.1341824969803448
0.1625566893424036,0.1244483671668137,0.0523364485981308,0.8589330024813897,0.2309825673534072,0.1012087317337181,0.7275231655396944,0.6794650236681944,0.3944248234106962,0.1743084786530366,0.1045794392523364,0.1293510486439002
0.159438775510204,0.1222418358340688,0.0532710280373833,0.8615384615384617,0.226228209191759,0.0995850622406638,0.7221387427998998,0.6757081674055151,0.3908299697275479,0.1703998797354179,0.1006542056074766,0.1234215438673547
0.1651077097505669,0.1279788172992056,0.058411214953271,0.8558312655086848,0.2317749603803486,0.1051777016056287,0.7230152767342849,0.6772860470358404,0.3923435923309787,0.172504509921828,0.1027102803738317,0.1255078511035467
0.1716269841269841,0.1332744924977934,0.0598130841121493,0.85,0.2404912836767035,0.1098683023633411,0.7311545204107187,0.6829964685551131,0.3968213925327951,0.1774654239326518,0.1087850467289719,0.1326452179642033
0.1699263038548752,0.1318402471315092,0.0588785046728973,0.8514888337468983,0.2385103011093502,0.1086054483131878,0.7334084648134234,0.6838229769329026,0.3980827447023208,0.1788184004810583,0.1105607476635514,0.1337432744043043
0.1622732426303854,0.1253309796999117,0.0570093457943923,0.858560794044665,0.2286053882725832,0.1028324012267725,0.7273979464062108,0.6792396122924336,0.3944878910191725,0.1744588093806374,0.105233644859813,0.1279235752717689
0.159438775510204,0.123676081200353,0.0593457943925235,0.8607940446650124,0.223851030110935,0.10193036261952,0.7226396193338342,0.6754827560297544,0.391082240161453,0.1705502104630186,0.1006542056074766,0.1229823212913143
0.1658163265306122,0.1287511032656663,0.0598130841121493,0.8550868486352359,0.2321711568938192,0.1060797402128811,0.7233909341347358,0.6779622811631226,0.3928481331987891,0.1726548406494287,0.1032710280373831,0.1257274623915669
0.171485260770975,0.1331641659311562,0.0593457943925235,0.8501240694789083,0.2404912836767035,0.1096878946418906,0.7297771099423992,0.6829213314298594,0.3973259334006054,0.1773902585688515,0.1088785046728971,0.1328648292522235
0.1704931972789115,0.1307369814651368,0.0528037383177571,0.8519851116625311,0.2420760697305863,0.1064405556557821,0.7324067117455547,0.6834472913066345,0.397452068617558,0.1776157546602525,0.1095327102803738,0.1336334687602943
0.1631235827664399,0.124117387466902,0.0495327102803739,0.8589330024813897,0.2329635499207606,0.1003066931264658,0.7266466316053093,0.67916447516718,0.3942356205852674,0.1743084786530366,0.1053271028037383,0.1285824091358296
0.1591553287981859,0.1224624889673433,0.055607476635514,0.8615384615384617,0.2246434231378763,0.1003066931264658,0.721763085399449,0.6750319332782327,0.3907038345105953,0.17085087191822,0.1003738317757009,0.1232019325793346
0.1651077097505669,0.1276478375992939,0.0574766355140186,0.8559553349875932,0.2321711568938192,0.1048168861627277,0.7240170298021538,0.6778120069126156,0.3921543895055499,0.1723541791942273,0.1018691588785046,0.1255078511035467
0.1721938775510204,0.1333848190644307,0.058411214953271,0.8497518610421837,0.2420760697305863,0.1096878946418906,0.730778863010268,0.6832218799308738,0.3971997981836528,0.1776909200240529,0.1082242990654205,0.1328648292522235
0.1710600907029478,0.1315092674315975,0.0542056074766354,0.8512406947890819,0.2420760697305863,0.1073425942630344,0.7326571500125219,0.6838981140581561,0.3980196770938446,0.1791190619362597,0.1093457943925233,0.1350609421324256
0.1625566893424036,0.1249999999999999,0.0546728971962616,0.8586848635235733,0.2297939778129952,0.1021107703409705,0.728274480340596,0.6790893380419265,0.3946140262361251,0.1749098015634395,0.1046728971962616,0.1290216317118699
0.1595804988662131,0.1226831421006178,0.0551401869158878,0.8612903225806452,0.2254358161648177,0.1003066931264658,0.7221387427998998,0.6756330302802614,0.3912083753784056,0.17085087191822,0.1000934579439252,0.1230921269353244
0.1651077097505669,0.1279788172992056,0.058411214953271,0.8558312655086848,0.2317749603803486,0.1051777016056287,0.7233909341347358,0.6773611841610939,0.3923435923309787,0.1720535177390258,0.1022429906542056,0.1252882398155265
0.1717687074829932,0.1339364518976169,0.0616822429906542,0.8496277915632755,0.2396988906497623,0.1107703409705935,0.729526671675432,0.6825456458035914,0.3965691220988899,0.1777660853878532,0.1085981308411214,0.1319863841001427
0.1692176870748299,0.131729920564872,0.0607476635514018,0.8519851116625311,0.2365293185419968,0.1087858560346383,0.731404958677686,0.6839732511834097,0.3978304742684157,0.1790438965724594,0.1100934579439252,0.133413857472274
0.1617063492063492,0.1251103265666372,0.0579439252336448,0.8589330024813897,0.2274167987321711,0.1028324012267725,0.7268970698722764,0.6795401607934479,0.3944878910191725,0.175210463018641,0.105233644859813,0.128033380915779
0.1600056689342403,0.1231244483671668,0.0551401869158878,0.8607940446650124,0.226228209191759,0.1006675085693668,0.7225144002003506,0.6756330302802614,0.391082240161453,0.1710763680096212,0.1007476635514018,0.1229823212913143
0.1652494331065759,0.1279788172992056,0.058411214953271,0.8557071960297767,0.2321711568938192,0.1053581093270792,0.7240170298021538,0.6776617326621084,0.3923435923309787,0.1728051713770294,0.1025233644859813,0.1256176567475568
0.1704931972789115,0.1331641659311562,0.0626168224299063,0.8506203473945411,0.2377179080824089,0.110229117806242,0.7304032056098171,0.6829213314298594,0.3965060544904136,0.1782922429344558,0.108411214953271,0.1328648292522235
0.1685090702947845,0.1316195939982347,0.0630841121495325,0.8523573200992557,0.2349445324881141,0.1091466714775391,0.7316553969446532,0.6838229769329026,0.3971367305751765,0.1792693926638605,0.1099065420560747,0.1337432744043043
0.1604308390022675,0.1248896734333627,0.061214953271028,0.8596774193548387,0.2242472266244057,0.1031932166696733,0.72702228900576,0.6794650236681944,0.3943617558022199,0.1746843054720384,0.1044859813084112,0.1274843526957285
0.1577380952380952,0.1224624889673433,0.0598130841121493,0.8621588089330026,0.2210776545166402,0.1010283240122676,0.7231404958677685,0.6757833045307686,0.3912083753784056,0.1709260372820204,0.1002803738317756,0.122652904359284
0.1649659863945578,0.1273168578993821,0.0565420560747661,0.8563275434243177,0.23256735340729,0.1044560707198267,0.7240170298021538,0.6775865955368547,0.3926589303733602,0.1731809981960312,0.102429906542056,0.1261666849676073
0.1710600907029478,0.1332744924977934,0.0616822429906542,0.8502481389578164,0.2389064976228209,0.110229117806242,0.7300275482093664,0.6825456458035914,0.3968213925327951,0.1779915814792543,0.1085046728971962,0.1324256066761831
0.1689342403628118,0.1315092674315975,0.061214953271028,0.8521091811414393,0.2361331220285261,0.1086054483131878,0.7320310543451038,0.6834472913066345,0.3971997981836528,0.1793445580276608,0.1094392523364485,0.1337432744043043
0.1624149659863945,0.1246690203000882,0.0537383177570091,0.8588089330024815,0.2301901743264658,0.1017499548980696,0.7272727272727273,0.67916447516718,0.3938572149344096,0.175210463018641,0.1050467289719626,0.1283627978478093
0.1595804988662131,0.1224624889673433,0.0537383177570091,0.8612903225806452,0.226228209191759,0.0999458776835648,0.7220135236664161,0.6759335787812758,0.391082240161453,0.1711515333734215,0.1005607476635514,0.1228725156473042
0.1641156462585034,0.1287511032656663,0.0654205607476637,0.8558312655086848,0.2274167987321711,0.1071621865415839,0.7233909341347358,0.6777368697873619,0.3926589303733602,0.1730306674684305,0.1030841121495327,0.1252882398155265
0.1703514739229024,0.1329435127978817,0.0626168224299063,0.8507444168734493,0.2373217115689381,0.110229117806242,0.729526671675432,0.6828461943046059,0.3963799192734611,0.1774654239326518,0.108411214953271,0.1331942461842538
0.1685090702947845,0.1310679611650485,0.0607476635514018,0.852605459057072,0.2357369255150554,0.1082446328702868,0.7330328074129727,0.6838229769329026,0.397452068617558,0.1788184004810583,0.1099065420560747,0.1348413308444054
0.161281179138322,0.1256619593998235,0.0616822429906542,0.8588089330024815,0.225039619651347,0.1039148475554753,0.7290257951414976,0.6801412577954767,0.3944248234106962,0.1750601322910402,0.105607476635514,0.1292412429998902
0.159297052154195,0.1229037952338922,0.0560747663551403,0.8612903225806452,0.2246434231378763,0.1006675085693668,0.7231404958677685,0.6757833045307686,0.3909561049445005,0.1711515333734215,0.1003738317757009,0.1248490172394861
0.1655328798185941,0.1270962047661077,0.0537383177570091,0.8560794044665013,0.2345483359746434,0.1035540321125743,0.7238918106686701,0.6774363212863475,0.3922174571140262,0.1730306674684305,0.1026168224299065,0.126935324475678
0.171343537414966,0.1331641659311562,0.0602803738317755,0.8501240694789083,0.2400950871632329,0.1098683023633411,0.7299023290758828,0.6826959200540987,0.3963799192734611,0.1783674082982561,0.1088785046728971,0.1338530800483144
0.1689342403628118,0.130847308031774,0.058411214953271,0.8524813895781639,0.2373217115689381,0.1077034097059354,0.7316553969446532,0.6832970170561274,0.3971997981836528,0.1790438965724594,0.1100934579439252,0.1353903590644559
0.161422902494331,0.1251103265666372,0.0588785046728973,0.8590570719602978,0.2266244057052298,0.103012808948223,0.7278988229401452,0.6801412577954767,0.3943617558022199,0.1749098015634395,0.105607476635514,0.1294608542879103
0.1584467120181405,0.123234774933804,0.0607476635514018,0.8614143920595534,0.2214738510301109,0.10193036261952,0.7235161532682193,0.676083853031783,0.3911453077699293,0.1713770294648226,0.1010280373831775,0.1244097946634456
0.1643990929705215,0.1286407766990291,0.0635514018691588,0.8557071960297767,0.2286053882725832,0.1068013710986829,0.724517906336088,0.6775114584116012,0.3925327951564076,0.1728051713770294,0.1028971962616822,0.1257274623915669
0.1707766439909297,0.13261253309797,0.0598130841121493,0.8507444168734493,0.2393026941362915,0.1093270791989896,0.7297771099423992,0.6822450973025772,0.3966321897073662,0.1776157546602525,0.108411214953271,0.1324256066761831
0.1690759637188208,0.1311782877316858,0.0593457943925235,0.8523573200992557,0.2369255150554675,0.1080642251488363,0.7304032056098171,0.6835224284318882,0.3971997981836528,0.1791190619362597,0.1097196261682243,0.1335236631162841
0.1618480725623582,0.1252206531332744,0.0574766355140186,0.8588089330024815,0.2278129952456418,0.1028324012267725,0.726396193338342,0.6793898865429409,0.3937941473259334,0.1753607937462417,0.1048598130841121,0.1279235752717689
0.1595804988662131,0.1222418358340688,0.0523364485981308,0.8615384615384617,0.2266244057052298,0.0994046545192134,0.7216378662659654,0.6755578931550079,0.3910191725529768,0.1716025255562236,0.0999999999999999,0.1230921269353244
0.1649659863945578,0.1273168578993821,0.0570093457943923,0.8563275434243177,0.2321711568938192,0.1044560707198267,0.7235161532682193,0.676985498534826,0.3925327951564076,0.1730306674684305,0.1017757009345794,0.1257274623915669
0.1707766439909297,0.1331641659311562,0.0621495327102805,0.8504962779156328,0.2385103011093502,0.110229117806242,0.7297771099423992,0.6821699601773236,0.3965691220988899,0.1775405892964522,0.1077570093457943,0.1328648292522235
0.1687925170068027,0.132171226831421,0.0644859813084112,0.8518610421836229,0.2345483359746434,0.1098683023633411,0.7326571500125219,0.6834472913066345,0.3979566094853683,0.178968731208659,0.1094392523364485,0.1348413308444054
0.1611394557823129,0.1255516328331862,0.0616822429906542,0.8589330024813897,0.225039619651347,0.1039148475554753,0.7278988229401452,0.6796152979187017,0.3946770938446014,0.1756614552014431,0.105233644859813,0.1297902712199407
0.1591553287981859,0.123676081200353,0.0607476635514018,0.8609181141439206,0.2226624405705229,0.1021107703409705,0.7216378662659654,0.675332481779247,0.3911453077699293,0.1715273601924233,0.1003738317757009,0.123750960799385
0.1652494331065759,0.1281994704324801,0.0588785046728973,0.8557071960297767,0.2317749603803486,0.1055385170485296,0.7228900576008014,0.6771357727853332,0.3927850655903128,0.1728803367408298,0.1016822429906541,0.1252882398155265
0.1706349206349206,0.1332744924977934,0.0626168224299063,0.8504962779156328,0.2377179080824089,0.1104095255276925,0.7302779864763336,0.6827710571793524,0.3970736629667002,0.1779915814792543,0.1085981308411214,0.1337432744043043
0.1690759637188208,0.1316195939982347,0.061214953271028,0.8521091811414393,0.2361331220285261,0.1087858560346383,0.7336589030803906,0.6835975655571417,0.3977043390514631,0.1791190619362597,0.1098130841121495,0.1346217195563852
0.1617063492063492,0.1247793468667255,0.0565420560747661,0.8590570719602978,0.2278129952456418,0.102291178062421,0.7273979464062108,0.6792396122924336,0.3935418768920282,0.1751352976548406,0.1044859813084112,0.1283627978478093
0.1595804988662131,0.1226831421006178,0.0546728971962616,0.8612903225806452,0.2258320126782884,0.1003066931264658,0.7216378662659654,0.6757833045307686,0.3908930373360242,0.1712266987372218,0.1004672897196261,0.1232019325793346
0.1652494331065759,0.1275375110326566,0.0570093457943923,0.8560794044665013,0.23256735340729,0.1046364784412772,0.7240170298021538,0.6778871440378691,0.392406659939455,0.1730306674684305,0.1028971962616822,0.1259470736795871
0.1730442176870748,0.1338261253309796,0.0574766355140186,0.8491315136476427,0.2432646592709983,0.1098683023633411,0.7317806160781366,0.6841235254339169,0.3977043390514631,0.1791942273000601,0.1100934579439252,0.1347315252003952
0.183531746031746,0.1432038834951456,0.0621495327102805,0.8392059553349877,0.2563391442155309,0.118527872992964,0.7404207362885049,0.6908858667067397,0.4052093844601412,0.1875375826819001,0.1210280373831775,0.1448336444493246
0.1920351473922902,0.1545675198587819,0.0827102803738318,0.8291563275434244,0.2595087163232963,0.1316976366588489,0.7466816929626846,0.6965962882260125,0.4110746720484359,0.1946782922429344,0.1297196261682242,0.1521906225980015
0.2032312925170068,0.1703442188879082,0.1126168224299064,0.8153846153846154,0.2622820919175911,0.1502796319682481,0.7520661157024794,0.7027575324968066,0.4163092835519676,0.2018190018039687,0.1390654205607476,0.1596574063906884
0.2251984126984127,0.1930714916151809,0.1364485981308409,0.7929280397022334,0.2828843106180665,0.1735522280353599,0.7649636864512898,0.7146291982868735,0.4283551967709384,0.2157245941070354,0.1565420560747663,0.1760184473481936
0.2457482993197279,0.2155781112091792,0.1640186915887849,0.7712158808933003,0.2999207606973059,0.1973660472668229,0.7818682694715752,0.728229017957773,0.4428607467204843,0.2332381238725195,0.1773831775700934,0.1958932689140221
0.2570861678004535,0.2291482789055604,0.1845794392523365,0.7586848635235732,0.3070522979397781,0.2123398881472127,0.7956423741547708,0.7384476669922608,0.4514379414732593,0.2432351172579675,0.1898130841121495,0.208630723619194
0.2607709750566893,0.2354368932038834,0.1981308411214952,0.7535980148883376,0.3062599049128368,0.2200974201695832,0.7985224142248936,0.7422045232549402,0.4549697275479313,0.247294046903187,0.1959813084112149,0.2124739211595476
0.2725340136054421,0.2453662842012357,0.2018691588785046,0.7428039702233251,0.3213153724247227,0.2289373985206567,0.7998998246932131,0.7436321286347584,0.4565464177598385,0.25,0.1985981308411215,0.2144504227517294
0.2830215419501134,0.2560679611650486,0.2126168224299063,0.7322580645161291,0.3312202852614896,0.2397618618076854,0.8061607813673929,0.7499436471560598,0.4615918264379414,0.2559380637402285,0.2057009345794392,0.2227956516964971
0.2891156462585034,0.263901147396293,0.2252336448598129,0.7251861042183624,0.3343898573692551,0.2486018401587587,0.8143000250438267,0.7572319483056578,0.4684031281533803,0.2639055923030667,0.2154205607476635,0.2334467991654771
0.2848639455782313,0.2591571050308914,0.2191588785046727,0.7296526054590571,0.3312202852614896,0.2435504239581453,0.8151765589782118,0.756104891426854,0.4673309788092835,0.2623271196632591,0.213644859813084,0.2327879653014164
0.2725340136054421,0.2475728155339805,0.211214953271028,0.7415632754342432,0.3173534072900158,0.2325455529496662,0.8061607813673929,0.7481403561499737,0.4604566094853682,0.2539085989176187,0.2038317757009345,0.221587789612386
0.258078231292517,0.2341129744042365,0.2018691588785046,0.7554590570719604,0.3011093502377179,0.2197366047266823,0.7938893062860005,0.7395747238710647,0.4525100908173561,0.2442874323511726,0.1920560747663551,0.2084111123311738
0.2546768707482993,0.2270520741394528,0.1831775700934579,0.7609181141439207,0.3042789223454833,0.2103554032112573,0.7873779113448534,0.733488616725524,0.4470862764883955,0.2378232110643415,0.1834579439252336,0.2009443285384868
0.2474489795918367,0.217343336275375,0.1658878504672898,0.7694789081885857,0.3015055467511885,0.1991701244813278,0.7826195842724768,0.7292809377113232,0.443239152371342,0.233764281419122,0.1785981308411214,0.196771714066103
0.2307256235827664,0.1990291262135922,0.1434579439252336,0.7870967741935485,0.2876386687797147,0.1798664982861265,0.7742299023290757,0.7214666766849499,0.4347880928355196,0.223541791942273,0.1658878504672897,0.1863401778851433
0.2079081632653061,0.1737643424536628,0.111682242990654,0.8112903225806452,0.2694136291600634,0.1529857477900053,0.7585775106436263,0.7070403486362611,0.4212916246215943,0.2073812387251954,0.1450467289719626,0.1673438014713956
0.1928854875283446,0.1539055604589584,0.0771028037383178,0.8291563275434244,0.2626782884310618,0.1300739671657947,0.7416729276233408,0.6932902547148546,0.4083627648839555,0.1921226698737222,0.1263551401869158,0.1483474250576479
0.181547619047619,0.1422109443954104,0.0654205607476637,0.8406947890818859,0.2519809825673534,0.1181670575500631,0.735411970949161,0.685926816440003,0.40098385469223,0.1830276608538785,0.1151401869158878,0.1385747227407489
0.1738945578231292,0.1352603706972638,0.0607476635514018,0.8478908188585609,0.2432646592709983,0.1116723795778458,0.7329075882794891,0.6839732511834097,0.3980196770938446,0.1792693926638605,0.1101869158878504,0.135500164708466
0.169359410430839,0.1306266548984996,0.0560747663551403,0.8524813895781639,0.2389064976228209,0.1069817788201334,0.7329075882794891,0.6829964685551131,0.3972628657921291,0.1784425736620565,0.1088785046728971,0.1338530800483144
0.1622732426303854,0.1243380406001764,0.0528037383177571,0.8591811414392061,0.2301901743264658,0.1012087317337181,0.7276483846731779,0.6799909835449696,0.3946770938446014,0.1746843054720384,0.1048598130841121,0.1290216317118699
0.1602891156462584,0.122352162400706,0.0504672897196259,0.861166253101737,0.2286053882725832,0.0992242467977629,0.7225144002003506,0.676083853031783,0.3912083753784056,0.1705502104630186,0.0999065420560747,0.123750960799385
0.1655328798185941,0.1274271844660194,0.0551401869158878,0.8559553349875932,0.2341521394611727,0.1040952552769259,0.7237665915351865,0.6775865955368547,0.3927219979818365,0.171677690920024,0.1019626168224299,0.125837268035577
0.1716269841269841,0.1334951456310679,0.0607476635514018,0.8498759305210919,0.2400950871632329,0.110229117806242,0.73015276734285,0.682620782928845,0.3969475277497477,0.1773902585688515,0.1079439252336448,0.1325354123201932
0.1699263038548752,0.1315092674315975,0.0574766355140186,0.8517369727047146,0.2393026941362915,0.1078838174273858,0.7317806160781366,0.6838981140581561,0.3980827447023208,0.178968731208659,0.1097196261682243,0.1348413308444054
0.1629818594104308,0.1247793468667255,0.0523364485981308,0.858560794044665,0.231378763866878,0.1013891394551686,0.7275231655396944,0.6799158464197159,0.3948032290615539,0.1752856283824413,0.1051401869158878,0.1305589107280114
0.1607142857142857,0.1222418358340688,0.0490654205607476,0.8610421836228288,0.2297939778129952,0.0988634313548619,0.7226396193338342,0.6757833045307686,0.3913345105953582,0.1710763680096212,0.0994392523364486,0.123750960799385
0.1648242630385487,0.1277581641659312,0.058411214953271,0.8560794044665013,0.231378763866878,0.1049972938841782,0.7240170298021538,0.6769103614095724,0.3920913218970736,0.1726548406494287,0.1015887850467289,0.1247392115954759
0.1712018140589569,0.1330538393645189,0.0607476635514018,0.8503722084367246,0.2396988906497623,0.1098683023633411,0.7305284247433007,0.68209482305207,0.396127648839556,0.1776157546602525,0.1080373831775701,0.1330844405402437
0.1689342403628118,0.1311782877316858,0.0598130841121493,0.8523573200992557,0.2365293185419968,0.1082446328702868,0.7339093413473579,0.683372154181381,0.3976412714429868,0.1791190619362597,0.11,0.1357197759964862
0.161281179138322,0.1251103265666372,0.0593457943925235,0.8590570719602978,0.226228209191759,0.103012808948223,0.7273979464062108,0.6793147494176872,0.3941094853683148,0.1750601322910402,0.1053271028037383,0.1295706599319205
0.1590136054421768,0.1225728155339806,0.0560747663551403,0.8615384615384617,0.2246434231378763,0.1003066931264658,0.7221387427998998,0.6758584416560222,0.3907038345105953,0.1712266987372218,0.1008411214953271,0.1234215438673547
0.1642573696145124,0.1274271844660194,0.0593457943925235,0.8564516129032258,0.2301901743264658,0.1049972938841782,0.7240170298021538,0.6778120069126156,0.3922805247225024,0.1731058328322309,0.1022429906542056,0.1266059075436477
0.1703514739229024,0.1325022065313327,0.0602803738317755,0.8509925558312657,0.2385103011093502,0.1093270791989896,0.7304032056098171,0.6817191374258021,0.3960645812310797,0.1774654239326518,0.1077570093457943,0.1325354123201932
0.1687925170068027,0.1305163283318623,0.0570093457943923,0.8527295285359803,0.2377179080824089,0.1071621865415839,0.7327823691460055,0.6841235254339169,0.397893541876892,0.1796452194828622,0.1098130841121495,0.1350609421324256
0.1619897959183673,0.124558693733451,0.0546728971962616,0.8590570719602978,0.2293977812995245,0.1017499548980696,0.7286501377410468,0.6800661206702231,0.3948032290615539,0.1753607937462417,0.105233644859813,0.1295706599319205
0.1588718820861678,0.1216902030008826,0.0528037383177571,0.8621588089330026,0.2254358161648177,0.0990438390763124,0.7230152767342849,0.6759335787812758,0.3907669021190716,0.1705502104630186,0.0999999999999999,0.1241901833754254
0.1578798185941043,0.1183804060017652,0.0425233644859812,0.86439205955335,0.2286053882725832,0.0943532383186,0.7236413724017029,0.6765346757833044,0.3880549949545913,0.17085087191822,0.0958878504672897,0.11837048424289
0.1335034013605442,0.0970873786407766,0.0322429906542054,0.8870967741935485,0.1988906497622821,0.0750496121233988,0.7228900576008014,0.6702231572620031,0.3763874873864782,0.1610793746241731,0.0758878504672897,0.0969583836609201
0.0647675736961451,0.0482127096204766,0.0518691588785046,0.9445409429280398,0.0946909667194928,0.0387876601118527,0.7129977460555972,0.6500864076940416,0.3548814328960645,0.1274052916416115,0.0427102803738317,0.0531459317008894
0.0076530612244897,0.005406001765225,0.0588785046728973,0.9936724565756824,0.0118858954041204,0.0050514162006134,0.7218883045329325,0.6421218724171612,0.3534939455095863,0.106058328322309,0.007196261682243,0.01076095311299
0.0235260770975056,0.0175419240953221,0.0579439252336448,0.9799007444168736,0.0344690966719493,0.0147934331589391,0.7787377911344853,0.6850251709369599,0.4159308779011099,0.1484515935057125,0.0183177570093457,0.0193257933457779
0.1427154195011337,0.1222418358340688,0.1084112149532708,0.8688585607940448,0.1794770206022187,0.110229117806242,0.8567493112947658,0.769028476970471,0.547994450050454,0.2795399879735418,0.1193457943925233,0.1216646535631931
0.3184523809523809,0.2922550750220654,0.2490654205607474,0.6964019851116626,0.365689381933439,0.2763846292621323,0.9249937390433256,0.8637763919152454,0.7002396569122098,0.4730156343956704,0.3087850467289719,0.2932908751509827
0.5300453514739228,0.5047440423654016,0.4514018691588783,0.4842431761786601,0.5752773375594294,0.4892657405736965,0.9769596794390184,0.948230520700278,0.8423309788092834,0.6778412507516537,0.527196261682243,0.5070824640386515
0.7354024943310657,0.7242939099735217,0.7042056074766352,0.2709677419354839,0.7555467511885895,0.7174815082085514,0.9948660155271726,0.9953414982342774,0.9651236125126136,0.8832681900180397,0.7646728971962616,0.7281212254309871
0.9238945578231292,0.9204545454545456,0.9135514018691588,0.0780397022332505,0.9298732171156894,0.9182753021829334,0.927122464312547,0.9507100458336464,0.984611503531786,0.9917318099819604,0.9529906542056076,0.920281102448666
0.9933390022675735,0.9939320388349516,0.9957943925233644,0.0064516129032258,0.9920760697305864,0.9942269529135844,0.7491860756323566,0.7995341498234277,0.8427724520686174,0.9213018641010224,0.9786915887850468,0.9896782694630504
0.9080215419501134,0.9061120917917036,0.9051401869158878,0.0931761786600496,0.9112519809825672,0.904925130795598,0.5035061357375407,0.5690134495454203,0.5971241170534813,0.7409049909801563,0.8473831775700934,0.9045788953552212
0.7329931972789115,0.7227493380406003,0.7056074766355139,0.2728287841191066,0.7511885895404119,0.7163990618798484,0.2554470323065364,0.2945375309940642,0.3273839556004036,0.5095460012026458,0.6531775700934579,0.7261447238388052
0.5255102040816326,0.5055163283318623,0.4696261682242988,0.4857320099255584,0.5614104595879555,0.4934151181670574,0.0523415977961432,0.0653692989706214,0.0889883955600403,0.280216476247745,0.4046728971962617,0.5099374107829142
0.3210034013605442,0.2861871138570168,0.2149532710280375,0.6986352357320099,0.3835182250396196,0.2648385350893018,0.0095166541447532,0.0024795251333684,0.0,0.0926037282020445,0.1951401869158878,0.2865927308663665
0.1897675736961451,0.1468446601941747,0.0574766355140186,0.8343672456575683,0.2670364500792392,0.1205123579289193,0.1483846731780615,0.104816289728755,0.0537966700302724,0.0066897173782321,0.0764485981308411,0.1456022839573953
0.1259920634920635,0.0867166813768755,0.0130841121495328,0.8961538461538463,0.1965134706814579,0.0627818870647664,0.3429752066115702,0.2808625741979111,0.1658047426841574,0.014807576668671,0.0362616822429906,0.0868562644119907
0.084750566893424,0.0590247131509267,0.0317757009345796,0.9297766749379656,0.1311410459587955,0.0436586685910157,0.5137741046831956,0.4426328048688857,0.2676589303733602,0.0614101022248947,0.0314953271028037,0.0628088283737784
0.0846088435374149,0.0610105913503971,0.0406542056074767,0.9287841191066998,0.126782884310618,0.0470864152985747,0.6188329576759329,0.5579682921331429,0.3288345105953582,0.109591100420926,0.0414953271028037,0.0647853299659602
0.1278344671201814,0.0900264783759929,0.0210280373831775,0.8935483870967743,0.1957210776545166,0.0669312646581273,0.6811920861507638,0.6268690359906829,0.363332492431887,0.1418370414912808,0.0647663551401869,0.0893817942242231
0.1604308390022675,0.1186010591350396,0.0345794392523365,0.863151364764268,0.2353407290015847,0.0930903842684466,0.716503881793138,0.6660906153730558,0.3847124117053481,0.1646121467227901,0.0903738317757009,0.1167233995827385
0.1697845804988662,0.1318402471315092,0.0598130841121493,0.8516129032258065,0.2381141045958795,0.1086054483131878,0.7296518908089156,0.6819445488015629,0.3953708375378405,0.1772399278412507,0.1063551401869158,0.1317667728121225
0.1680839002267573,0.1309576345984112,0.061214953271028,0.8528535980148884,0.2349445324881141,0.1082446328702868,0.7319058352116202,0.6841235254339169,0.3975151362260343,0.1794197233914612,0.1097196261682243,0.1346217195563852
0.161281179138322,0.1244483671668137,0.0560747663551403,0.8595533498759306,0.2278129952456418,0.10193036261952,0.7273979464062108,0.6798407092944624,0.3942986881937437,0.1749849669272399,0.105607476635514,0.1293510486439002
0.1591553287981859,0.1211385701676964,0.0495327102803739,0.8622828784119106,0.2274167987321711,0.0979613927476096,0.7221387427998998,0.6762341272822902,0.3908299697275479,0.1707005411906193,0.1008411214953271,0.1235313495113649
0.1652494331065759,0.1266548984995587,0.0532710280373833,0.8564516129032258,0.2341521394611727,0.1031932166696733,0.724517906336088,0.6781876925388834,0.3923435923309787,0.1725796752856283,0.1028971962616822,0.1267157131876578
0.1706349206349206,0.1333848190644307,0.0635514018691588,0.8503722084367246,0.2377179080824089,0.1107703409705935,0.7317806160781366,0.6832970170561274,0.3965691220988899,0.177916416115454,0.1087850467289719,0.1333040518282639
0.1697845804988662,0.1316195939982347,0.0593457943925235,0.8517369727047146,0.2381141045958795,0.1084250405917373,0.7330328074129727,0.6838229769329026,0.3975151362260343,0.1790438965724594,0.1098130841121495,0.1347315252003952
0.1622732426303854,0.1251103265666372,0.0565420560747661,0.8586848635235733,0.2286053882725832,0.102651993505322,0.7268970698722764,0.6797655721692087,0.3937941473259334,0.1747594708358388,0.1045794392523364,0.1286922147798396
0.1591553287981859,0.1226831421006178,0.0560747663551403,0.8614143920595534,0.2246434231378763,0.1004871008479163,0.722389181066867,0.6760087159065293,0.3913345105953582,0.1711515333734215,0.1004672897196261,0.1244097946634456
0.1639739229024943,0.1274271844660194,0.0602803738317755,0.8566997518610422,0.2293977812995245,0.1051777016056287,0.7237665915351865,0.6775865955368547,0.3925958627648839,0.1732561635598316,0.1023364485981308,0.1260568793235972
0.1703514739229024,0.1330538393645189,0.0626168224299063,0.8506203473945411,0.2377179080824089,0.110229117806242,0.7299023290758828,0.682620782928845,0.3963799192734611,0.1777660853878532,0.108411214953271,0.1324256066761831
0.1699263038548752,0.1310679611650485,0.0560747663551403,0.8519851116625311,0.2396988906497623,0.1073425942630344,0.7325319308790382,0.6836727026823952,0.3977043390514631,0.1791190619362597,0.110841121495327,0.1352805534204458
0.1619897959183673,0.1246690203000882,0.0551401869158878,0.8590570719602978,0.2290015847860538,0.10193036261952,0.7281492612071124,0.6795401607934479,0.3942986881937437,0.1752856283824413,0.1059813084112149,0.1293510486439002
0.1577380952380952,0.1229037952338922,0.0616822429906542,0.8619106699751862,0.2202852614896989,0.1017499548980696,0.7230152767342849,0.6757081674055151,0.3909561049445005,0.1710012026458208,0.1013084112149532,0.1239705720874052
0.1641156462585034,0.1277581641659312,0.0616822429906542,0.8563275434243177,0.2293977812995245,0.1057189247699801,0.724517906336088,0.6777368697873619,0.392406659939455,0.1731809981960312,0.102803738317757,0.1267157131876578
0.1704931972789115,0.1332744924977934,0.0635514018691588,0.8504962779156328,0.2373217115689381,0.110589933249143,0.7304032056098171,0.6826959200540987,0.3967583249243188,0.1775405892964522,0.1081308411214953,0.1331942461842538
0.1692176870748299,0.1309576345984112,0.0579439252336448,0.8523573200992557,0.2381141045958795,0.1075230019844849,0.7319058352116202,0.6830716056803666,0.3977674066599394,0.178968731208659,0.1097196261682243,0.1347315252003952
0.1615646258503401,0.124117387466902,0.0542056074766354,0.8595533498759306,0.2290015847860538,0.1012087317337181,0.7283996994740797,0.6793898865429409,0.3942986881937437,0.1748346361996392,0.1051401869158878,0.1281431865597891
0.1588718820861678,0.1229037952338922,0.058411214953271,0.8614143920595534,0.2230586370839936,0.1012087317337181,0.722389181066867,0.6758584416560222,0.3913975782038345,0.1704750450992183,0.1004672897196261,0.1227627100032941
0.1638321995464852,0.1284201235657546,0.0649532710280374,0.8560794044665013,0.2274167987321711,0.1069817788201334,0.7237665915351865,0.6774363212863475,0.3925958627648839,0.1724293445580276,0.1017757009345794,0.1252882398155265
0.1702097505668934,0.1334951456310679,0.0654205607476637,0.8504962779156328,0.2361331220285261,0.1111311564134945,0.7294014525419483,0.6818694116763092,0.3964429868819373,0.1775405892964522,0.1076635514018691,0.1325354123201932
0.1685090702947845,0.131729920564872,0.0630841121495325,0.8522332506203475,0.2345483359746434,0.1091466714775391,0.7329075882794891,0.6841235254339169,0.3978304742684157,0.1791190619362597,0.1100934579439252,0.1351707477764357
0.1618480725623582,0.125441306266549,0.0588785046728973,0.8586848635235733,0.2274167987321711,0.1031932166696733,0.7268970698722764,0.6801412577954767,0.3946770938446014,0.175210463018641,0.1053271028037383,0.1291314373558801
0.1591553287981859,0.1237864077669902,0.0607476635514018,0.8607940446650124,0.2226624405705229,0.102291178062421,0.7215126471324818,0.6758584416560222,0.3912083753784056,0.1713770294648226,0.1005607476635514,0.1244097946634456
0.1646825396825396,0.1278684907325684,0.0598130841121493,0.8560794044665013,0.2305863708399366,0.1055385170485296,0.7237665915351865,0.6775865955368547,0.3923435923309787,0.172504509921828,0.1023364485981308,0.1259470736795871
0.1709183673469388,0.1328331862312445,0.0598130841121493,0.8506203473945411,0.2393026941362915,0.1095074869204401,0.7304032056098171,0.6820196859268164,0.3966952573158425,0.1775405892964522,0.1077570093457943,0.132315801032173
0.1680839002267573,0.1307369814651368,0.0607476635514018,0.8529776674937966,0.2349445324881141,0.1080642251488363,0.7311545204107187,0.6836727026823952,0.3979566094853683,0.178968731208659,0.11,0.1341824969803448
0.1615646258503401,0.125441306266549,0.0598130841121493,0.8588089330024815,0.226228209191759,0.1035540321125743,0.7261457550713748,0.6796904350439552,0.3944878910191725,0.174383644016837,0.105233644859813,0.1285824091358296
0.1581632653061224,0.123234774933804,0.0616822429906542,0.8615384615384617,0.2210776545166402,0.10193036261952,0.7215126471324818,0.6763844015327972,0.3917129162462159,0.1711515333734215,0.1005607476635514,0.1239705720874052
0.1697845804988662,0.1331641659311562,0.0654205607476637,0.8508684863523573,0.2357369255150554,0.1107703409705935,0.7253944402704733,0.6835224284318882,0.3999117053481331,0.1810733613950691,0.1074766355140186,0.1311079389480619
0.1923185941043083,0.1507060900264784,0.0654205607476637,0.8311414392059554,0.2670364500792392,0.1252029586866318,0.7399198597545704,0.6985498534826057,0.4205348133198788,0.2022699939867709,0.1257943925233644,0.1483474250576479
0.2070578231292517,0.1649382171226831,0.077570093457944,0.8167493796526055,0.2824881141045959,0.1390943532383186,0.7531930879038317,0.7111728905252085,0.4408425832492432,0.2218129885748647,0.1430841121495327,0.1632809926430218
0.2161281179138321,0.1758605472197705,0.0939252336448596,0.8065756823821341,0.2880348652931854,0.1513620782969511,0.7590783871775607,0.7195882485536103,0.4564833501513622,0.2362447384245339,0.1523364485981308,0.1703085538596683
0.2312925170068027,0.190423654015887,0.1056074766355138,0.7916873449131514,0.3042789223454833,0.1654338805700884,0.7625845229151014,0.729130663460816,0.4726917255297678,0.2521797955502105,0.1642056074766355,0.1781047545843856
0.2563775510204081,0.2133715798764342,0.1191588785046728,0.7678660049627792,0.3335974643423138,0.1869023994226952,0.7747307788630102,0.7451348711398301,0.4939455095862765,0.273752254960914,0.1807476635514018,0.1936971560338201
0.2774943310657596,0.2335613415710503,0.1355140186915889,0.7472704714640198,0.3565768621236133,0.2063864333393469,0.7908840470823941,0.7622661356976482,0.5170282542885973,0.2967528562838244,0.2011214953271027,0.2134621719556385
0.2926587301587302,0.2497793468667254,0.1542056074766352,0.73151364764268,0.3696513470681458,0.2233447591556917,0.8041572752316554,0.7771432864978585,0.539164984863774,0.3187763078773301,0.2187850467289719,0.230152629845174
0.3017290249433106,0.2608120035304501,0.1710280373831775,0.7213399503722084,0.3751980982567353,0.2356124842143243,0.8095416979714499,0.7865354271545569,0.5549318869828456,0.3344858689116055,0.2304672897196261,0.2378390249258811
0.3164682539682539,0.2748234774933804,0.1817757009345792,0.7069478908188586,0.3910459587955626,0.2491430633231102,0.8149261207112447,0.7957021564354947,0.5702573158425831,0.3494437763078774,0.2404672897196261,0.2455254200065882
0.3381519274376418,0.2942409532215357,0.1929906542056075,0.6866004962779156,0.4167987321711568,0.267183835468158,0.8243175557225143,0.8077992336013223,0.5893668012108979,0.3689867708959711,0.2546728971962616,0.2585922916437904
0.3606859410430839,0.3156443071491615,0.2088785046728973,0.6647642679900745,0.4417591125198098,0.2877503157135125,0.8385925369396443,0.82282665865204,0.6105575176589303,0.3905592303066747,0.273644859813084,0.2770396398374876
0.375,0.3271182700794351,0.2102803738317756,0.651985111662531,0.4611727416798732,0.2973119249503879,0.8491109441522664,0.834998872943121,0.6270181634712411,0.4073962717979554,0.2878504672897196,0.2896672888986493
0.3781179138321995,0.3316416593115622,0.2191588785046727,0.648014888337469,0.4615689381933439,0.3029045643153527,0.8522414224893563,0.8419114884664511,0.637991927346115,0.4183704149128082,0.294018691588785,0.2937300977270231
0.3859126984126984,0.3400264783759929,0.2289719626168223,0.6399503722084368,0.4683042789223454,0.3115641349449757,0.8528675181567743,0.8459688932301449,0.6477674066599394,0.4254359591100421,0.2997196261682242,0.2962556275392555
0.4015022675736961,0.3552515445719329,0.2420560747663552,0.6245657568238214,0.4845483359746434,0.3265379758253653,0.8617580766341096,0.854910211135322,0.6606962663975781,0.4388905592303066,0.3103738317757009,0.308663665312397
0.4178004535147392,0.3692630185348632,0.2476635514018691,0.6095533498759306,0.5051505546751188,0.3391665163268987,0.8721512647132481,0.8653542715455707,0.6727421796165488,0.4532471437161756,0.3230841121495327,0.3200834522894477
0.4203514739229025,0.3721315092674316,0.2514018691588786,0.6068238213399505,0.5067353407290015,0.3422334475915569,0.8780365639869772,0.871665790066872,0.6810671039354187,0.461891160553217,0.330841121495327,0.3286482925222356
0.4152494331065759,0.3699249779346867,0.2588785046728971,0.6102977667493796,0.4964342313787638,0.3418726321486559,0.8736538943150512,0.869486813434518,0.6837159434914227,0.4626428141912206,0.3287850467289719,0.3266717909300538
0.4131235827664399,0.3686010591350397,0.2602803738317757,0.6119106699751861,0.4932646592709984,0.3409705935414036,0.8695216629100926,0.8670824254264031,0.6827068617558022,0.4602375225496091,0.3257009345794392,0.3233776216097507
0.4189342403628118,0.3732347749338041,0.260747663551402,0.6068238213399505,0.5007923930269413,0.344939563413314,0.8696468820435762,0.8685851679314749,0.6830852674066599,0.461064341551413,0.3271962616822429,0.3240364554738113
0.423327664399093,0.3774271844660194,0.2640186915887851,0.6026054590570721,0.5055467511885895,0.3489085332852246,0.8744052091159529,0.8719663385678864,0.6856079717457113,0.4648977751052315,0.3319626168224299,0.3297463489623366
0.4200680272108844,0.3724624889673433,0.2537383177570093,0.6068238213399505,0.5055467511885895,0.3429550784773588,0.8770348109191084,0.8713652415658576,0.6819500504540866,0.4622669873722189,0.3313084112149532,0.3296365433183265
0.4104308390022676,0.3619814651368049,0.2406542056074765,0.6168734491315137,0.4976228209191758,0.3317697997474291,0.870648635111445,0.863100157787963,0.672111503531786,0.4520444978953697,0.3210280373831775,0.3193148127813769
0.3961167800453514,0.3516107678729038,0.2443925233644859,0.6290322580645161,0.4758320126782884,0.3240122677250586,0.8602554470323065,0.8536328800060109,0.6605701311806256,0.4391160553217078,0.3090654205607476,0.3073459975842758
0.3928571428571428,0.3464254192409532,0.233177570093458,0.6332506203473945,0.476228209191759,0.3176979974742918,0.8549962434259955,0.8480727327372454,0.6508577194752774,0.4282170775706554,0.3031775700934579,0.3004282420116393
0.3880385487528345,0.3422330097087379,0.2313084112149531,0.6377171215880895,0.4702852614896989,0.3137290276023814,0.8549962434259955,0.8454429333533698,0.6421543895055499,0.4222790138304269,0.2985046728971962,0.2984517404194575
0.3751417233560091,0.3281112091791703,0.214018691588785,0.6513647642679902,0.4595879556259905,0.2989355944434421,0.8507387928875532,0.8363513411976857,0.6290993945509586,0.4096512327119663,0.2891588785046728,0.2923026243548918
0.3530328798185941,0.3088040600176523,0.2051401869158879,0.6719602977667494,0.4322503961965134,0.2814360454627457,0.8375907838717755,0.8213990532722217,0.6106205852674066,0.3907095610342754,0.272429906542056,0.2767102229054573
0.3343253968253968,0.2908208296557811,0.1911214953271026,0.6901985111662532,0.4124405705229794,0.2639364964820494,0.8234410217881292,0.8067473138477721,0.5901236125126135,0.3697384245339747,0.2545794392523364,0.259251125507851
0.3245464852607709,0.2810017652250662,0.1813084112149534,0.7000000000000001,0.4025356576862123,0.254014071802273,0.816679188580015,0.7975805845668344,0.5729061553985872,0.3528262176788936,0.242429906542056,0.2491490062589216
0.3129251700680272,0.270189761694616,0.1742990654205607,0.7111662531017371,0.3894611727416798,0.2439112394010463,0.8130478337089907,0.79036742054249,0.5588420787083753,0.3388454600120265,0.2346728971962616,0.2427802789063357
0.2950680272108844,0.2515445719329214,0.1537383177570094,0.7294044665012407,0.3732171156893819,0.2246076132058451,0.8054094665664913,0.7780449320009015,0.5415615539858728,0.3217829224293446,0.2201869158878504,0.2314702975732952
0.2708333333333333,0.2278243601059135,0.1331775700934577,0.7534739454094294,0.3478605388272583,0.2013350171387335,0.7903831705484597,0.7607633931925764,0.517406659939455,0.2978803367408298,0.2003738317757009,0.2122543098715273
0.2525510204081632,0.210172109443954,0.1191588785046728,0.7713399503722085,0.3284469096671949,0.1841962836009381,0.7741046831955923,0.7442332256367871,0.4948284561049444,0.2747294046903187,0.1807476635514018,0.1925990995937191
0.2390873015873015,0.1964916151809355,0.105140186915888,0.7849875930521093,0.3157686212361331,0.1703048890492512,0.7653393438517405,0.7322112855962131,0.4762865792129162,0.256464221286831,0.1671028037383177,0.1811793126166684
0.2287414965986394,0.1846866725507502,0.0892523364485982,0.7961538461538462,0.3078446909667194,0.1574959408262673,0.7625845229151014,0.7233451048162897,0.4603304742684156,0.241055321707757,0.1573831775700934,0.1748105852640825
0.2103174603174603,0.1668137687555163,0.0742990654205608,0.8141439205955335,0.288431061806656,0.1401767995670214,0.7541948409717004,0.7119993989029979,0.4431130171543894,0.2242182802164762,0.1454205607476635,0.1648182716591633
0.1866496598639455,0.1449691085613416,0.0598130841121493,0.836848635235732,0.2614896988906497,0.1194299116002165,0.7397946406210869,0.6963708768502517,0.4211024217961654,0.2017438364401683,0.1255140186915887,0.1461513121774459
0.1676587301587301,0.1290820829655781,0.0551401869158878,0.8540942928039702,0.2369255150554675,0.1055385170485296,0.7246431254695717,0.6825456458035914,0.4004793138244197,0.1810733613950691,0.1073831775700934,0.1288020204238497
0.1649659863945578,0.1280891438658428,0.0598130841121493,0.8558312655086848,0.2309825673534072,0.1057189247699801,0.7232657150012521,0.6780374182883763,0.3930373360242179,0.1730306674684305,0.1026168224299065,0.1255078511035467
0.171485260770975,0.1330538393645189,0.0593457943925235,0.8501240694789083,0.2404912836767035,0.1096878946418906,0.7292762334084647,0.6822450973025772,0.3962537840565086,0.1773902585688515,0.1080373831775701,0.1324256066761831
0.1697845804988662,0.1316195939982347,0.0588785046728973,0.8517369727047146,0.2385103011093502,0.1082446328702868,0.7311545204107187,0.6836727026823952,0.397893541876892,0.1792693926638605,0.1102803738317756,0.1346217195563852
0.1618480725623582,0.1252206531332744,0.0579439252336448,0.8588089330024815,0.2278129952456418,0.103012808948223,0.7262709742048584,0.6792396122924336,0.3945509586276488,0.1750601322910402,0.1050467289719626,0.1291314373558801
0.1591553287981859,0.1225728155339806,0.055607476635514,0.8615384615384617,0.2246434231378763,0.1003066931264658,0.7226396193338342,0.675332481779247,0.391082240161453,0.1715273601924233,0.1003738317757009,0.1232019325793346
0.1645408163265306,0.1279788172992056,0.0607476635514018,0.8560794044665013,0.2301901743264658,0.1057189247699801,0.7238918106686701,0.6771357727853332,0.3927219979818365,0.172504509921828,0.1018691588785046,0.1253980454595366
0.1710600907029478,0.1333848190644307,0.0621495327102805,0.8502481389578164,0.2385103011093502,0.1104095255276925,0.729526671675432,0.6815688631752949,0.3966952573158425,0.1771647624774503,0.1073831775700934,0.1325354123201932
0.1692176870748299,0.1313989408649603,0.0598130841121493,0.8521091811414393,0.2369255150554675,0.1082446328702868,0.7312797395442023,0.6834472913066345,0.3975782038345106,0.1793445580276608,0.1090654205607476,0.1339628856923246
0.1626984126984127,0.125441306266549,0.0565420560747661,0.8583126550868487,0.2293977812995245,0.1028324012267725,0.7258953168044077,0.6793147494176872,0.3945509586276488,0.1752856283824413,0.1049532710280373,0.1284726034918194
0.1600056689342403,0.1224624889673433,0.0523364485981308,0.861166253101737,0.2274167987321711,0.0995850622406638,0.7213874279989982,0.6758584416560222,0.3913975782038345,0.1713770294648226,0.1009345794392523,0.1236411551553749
0.1641156462585034,0.1270962047661077,0.0588785046728973,0.8568238213399505,0.2301901743264658,0.1046364784412772,0.7230152767342849,0.6773611841610939,0.3924697275479313,0.1728051713770294,0.1027102803738317,0.1255078511035467
0.1706349206349206,0.13261253309797,0.0602803738317755,0.8507444168734493,0.2389064976228209,0.1093270791989896,0.7297771099423992,0.6823202344278307,0.3964429868819373,0.1774654239326518,0.1087850467289719,0.132315801032173
0.1699263038548752,0.1313989408649603,0.0570093457943923,0.8517369727047146,0.2393026941362915,0.1078838174273858,0.7327823691460055,0.6839732511834097,0.3977043390514631,0.1785929043896572,0.1098130841121495,0.1346217195563852
0.1615646258503401,0.1242277140335393,0.0546728971962616,0.8595533498759306,0.2286053882725832,0.1013891394551686,0.7275231655396944,0.6797655721692087,0.3942356205852674,0.1750601322910402,0.105607476635514,0.1300098825079609
0.1587301587301587,0.1222418358340688,0.0560747663551403,0.8619106699751862,0.223851030110935,0.1001262854050153,0.7220135236664161,0.6756330302802614,0.3910191725529768,0.1713770294648226,0.1010280373831775,0.1241901833754254
0.1639739229024943,0.1277581641659312,0.0621495327102805,0.8564516129032258,0.2286053882725832,0.1058993324914306,0.7235161532682193,0.6766098129085582,0.391965186680121,0.1728051713770294,0.1030841121495327,0.1256176567475568
0.1697845804988662,0.1330538393645189,0.0649532710280374,0.8508684863523573,0.2357369255150554,0.1107703409705935,0.7300275482093664,0.6821699601773236,0.3963168516649848,0.1777660853878532,0.1090654205607476,0.1324256066761831
0.1683673469387755,0.1319505736981465,0.0644859813084112,0.8522332506203475,0.233755942947702,0.1096878946418906,0.7315301778111696,0.6838229769329026,0.3973259334006054,0.1790438965724594,0.1104672897196261,0.134511913912375
0.1624149659863945,0.1255516328331862,0.0570093457943923,0.8583126550868487,0.2286053882725832,0.103012808948223,0.7273979464062108,0.6796904350439552,0.3940464177598385,0.1750601322910402,0.1060747663551401,0.1288020204238497
0.1590136054421768,0.1226831421006178,0.0565420560747661,0.8615384615384617,0.2242472266244057,0.1004871008479163,0.7225144002003506,0.675332481779247,0.3914606458123107,0.1712266987372218,0.1015887850467289,0.123750960799385
0.1641156462585034,0.1274271844660194,0.0598130841121493,0.8565756823821341,0.2297939778129952,0.1049972938841782,0.7237665915351865,0.6766849500338117,0.3922805247225024,0.1726548406494287,0.1021495327102803,0.125837268035577
0.1709183673469388,0.1336054721977052,0.0630841121495325,0.8501240694789083,0.2381141045958795,0.1107703409705935,0.73015276734285,0.6822450973025772,0.3965060544904136,0.1773902585688515,0.1076635514018691,0.1316569671681124
0.1699263038548752,0.1313989408649603,0.0570093457943923,0.8518610421836229,0.2393026941362915,0.1077034097059354,0.7316553969446532,0.6832970170561274,0.397893541876892,0.1787432351172579,0.1097196261682243,0.1338530800483144
0.1622732426303854,0.1248896734333627,0.0551401869158878,0.8588089330024815,0.2293977812995245,0.1021107703409705,0.72702228900576,0.6790142009166729,0.3946770938446014,0.1751352976548406,0.105233644859813,0.1293510486439002
0.1598639455782312,0.122352162400706,0.0523364485981308,0.8612903225806452,0.2270206022187004,0.0995850622406638,0.7216378662659654,0.676083853031783,0.3912714429868819,0.1719783523752255,0.1005607476635514,0.1238607664433951
0.1645408163265306,0.1272065313327448,0.0570093457943923,0.8564516129032258,0.2317749603803486,0.1044560707198267,0.7233909341347358,0.6775865955368547,0.3927850655903128,0.1732561635598316,0.1023364485981308,0.1255078511035467
0.1697845804988662,0.1331641659311562,0.0649532710280374,0.8508684863523573,0.2357369255150554,0.1107703409705935,0.7305284247433007,0.6828461943046059,0.3968844601412714,0.1780667468430547,0.1085981308411214,0.1328648292522235
0.1678004535147392,0.1320609002647838,0.0672897196261682,0.8523573200992557,0.2317749603803486,0.110229117806242,0.7320310543451038,0.6836727026823952,0.3971997981836528,0.1794197233914612,0.1101869158878504,0.1344021082683649
0.1621315192743764,0.1257722859664606,0.0593457943925235,0.8584367245657568,0.2274167987321711,0.1037344398340248,0.7265214124718257,0.6793898865429409,0.3943617558022199,0.1756614552014431,0.105607476635514,0.1303392994399912
0.1583049886621315,0.1227934686672551,0.0593457943925235,0.8616625310173698,0.2222662440570523,0.1012087317337181,0.7221387427998998,0.6765346757833044,0.3914606458123107,0.1717528562838244,0.1015887850467289,0.1241901833754254
0.1642573696145124,0.1273168578993821,0.0588785046728973,0.8565756823821341,0.2305863708399366,0.1048168861627277,0.7230152767342849,0.6775865955368547,0.3924697275479313,0.1731058328322309,0.1025233644859813,0.1255078511035467
0.1700680272108843,0.1340467784642542,0.0682242990654206,0.8502481389578164,0.2345483359746434,0.1122136027421974,0.7306536438767843,0.6820196859268164,0.3964429868819373,0.1782170775706554,0.1091588785046728,0.1327550236082134
0.1679421768707482,0.1325022065313327,0.0686915887850465,0.8519851116625311,0.2317749603803486,0.110950748692044,0.7321562734785875,0.6838229769329026,0.3977674066599394,0.1795700541190619,0.110841121495327,0.1339628856923246
0.1598639455782312,0.1252206531332744,0.0644859813084112,0.8596774193548387,0.2222662440570523,0.1040952552769259,0.7272727272727273,0.6802163949207303,0.3944248234106962,0.1757366205652435,0.105607476635514,0.1290216317118699
0.1581632653061224,0.1226831421006178,0.0593457943925235,0.861786600496278,0.2218700475435815,0.1012087317337181,0.7221387427998998,0.6760087159065293,0.391082240161453,0.1719783523752255,0.1008411214953271,0.1232019325793346
0.1645408163265306,0.1272065313327448,0.0570093457943923,0.8564516129032258,0.2317749603803486,0.1044560707198267,0.7231404958677685,0.6775865955368547,0.3921543895055499,0.1726548406494287,0.1025233644859813,0.1253980454595366
0.1699263038548752,0.1330538393645189,0.0644859813084112,0.8508684863523573,0.2361331220285261,0.110589933249143,0.7292762334084647,0.6823953715530843,0.3963799192734611,0.1776157546602525,0.1086915887850467,0.1333040518282639
0.1682256235827664,0.1313989408649603,0.0630841121495325,0.8524813895781639,0.2345483359746434,0.1089662637560886,0.7319058352116202,0.6839732511834097,0.397893541876892,0.1792693926638605,0.1100934579439252,0.1348413308444054
0.1621315192743764,0.1247793468667255,0.0551401869158878,0.8589330024813897,0.2293977812995245,0.10193036261952,0.7276483846731779,0.6796152979187017,0.3939833501513622,0.1748346361996392,0.1053271028037383,0.1290216317118699
0.1590136054421768,0.1222418358340688,0.0546728971962616,0.8616625310173698,0.225039619651347,0.0997654699621143,0.7231404958677685,0.676083853031783,0.3909561049445005,0.1710012026458208,0.1009345794392523,0.1245196003074558
0.1643990929705215,0.1278684907325684,0.0607476635514018,0.8562034739454095,0.2297939778129952,0.1057189247699801,0.7233909341347358,0.6775865955368547,0.3922805247225024,0.1724293445580276,0.1015887850467289,0.1262764906116174
0.1704931972789115,0.13261253309797,0.0607476635514018,0.8508684863523573,0.2385103011093502,0.1095074869204401,0.7292762334084647,0.6825456458035914,0.3965060544904136,0.177916416115454,0.1081308411214953,0.1333040518282639
0.169501133786848,0.1311782877316858,0.0574766355140186,0.8521091811414393,0.2385103011093502,0.1077034097059354,0.7319058352116202,0.6840483883086633,0.3982088799192734,0.1795700541190619,0.1105607476635514,0.1356099703524761
0.1624149659863945,0.1253309796999117,0.0565420560747661,0.8584367245657568,0.2290015847860538,0.102651993505322,0.7272727272727273,0.6799158464197159,0.3948032290615539,0.1755862898376428,0.1057009345794392,0.1301196881519709
0.1583049886621315,0.1224624889673433,0.0579439252336448,0.8619106699751862,0.2226624405705229,0.1006675085693668,0.7218883045329325,0.6757833045307686,0.391523713420787,0.1714521948286229,0.1009345794392523,0.1242999890194356
0.1636904761904762,0.126323918799647,0.0565420560747661,0.8574441687344915,0.2309825673534072,0.1035540321125743,0.7236413724017029,0.6776617326621084,0.3925327951564076,0.172730006013229,0.102429906542056,0.1257274623915669
0.169501133786848,0.1318402471315092,0.0607476635514018,0.8517369727047146,0.2369255150554675,0.1087858560346383,0.7302779864763336,0.6827710571793524,0.3964429868819373,0.1779915814792543,0.1082242990654205,0.1330844405402437
0.169501133786848,0.131288614298323,0.058411214953271,0.8519851116625311,0.2381141045958795,0.1078838174273858,0.7321562734785875,0.6838229769329026,0.3975782038345106,0.1799458809380637,0.1103738317757009,0.1348413308444054
0.1624149659863945,0.1256619593998235,0.0579439252336448,0.8583126550868487,0.2282091917591124,0.1033736243911238,0.7278988229401452,0.6796152979187017,0.3942356205852674,0.1761124473842453,0.1060747663551401,0.1294608542879103
0.159297052154195,0.1229037952338922,0.0560747663551403,0.8612903225806452,0.2246434231378763,0.1006675085693668,0.7218883045329325,0.6760087159065293,0.3910191725529768,0.1713770294648226,0.1007476635514018,0.1238607664433951
0.1646825396825396,0.1275375110326566,0.058411214953271,0.8562034739454095,0.231378763866878,0.1049972938841782,0.7228900576008014,0.6778871440378691,0.3922805247225024,0.1728051713770294,0.1027102803738317,0.1257274623915669
0.1703514739229024,0.1325022065313327,0.0607476635514018,0.8509925558312657,0.2385103011093502,0.1093270791989896,0.7300275482093664,0.6828461943046059,0.3964429868819373,0.1776157546602525,0.1085046728971962,0.1326452179642033
0.1699263038548752,0.131288614298323,0.0565420560747661,0.8518610421836229,0.2396988906497623,0.1075230019844849,0.7325319308790382,0.6839732511834097,0.3978304742684157,0.1791942273000601,0.1102803738317756,0.1349511364884155
0.163265306122449,0.1249999999999999,0.0523364485981308,0.8583126550868487,0.2317749603803486,0.1015695471766191,0.7273979464062108,0.6797655721692087,0.3947401614530776,0.175210463018641,0.105607476635514,0.1290216317118699
0.1604308390022675,0.1216902030008826,0.0476635514018689,0.8614143920595534,0.2297939778129952,0.0979613927476096,0.7216378662659654,0.6754827560297544,0.3913345105953582,0.1710763680096212,0.101214953271028,0.1234215438673547
0.1655328798185941,0.1262135922330097,0.0500000000000001,0.8565756823821341,0.2361331220285261,0.102291178062421,0.7236413724017029,0.6775114584116012,0.3927219979818365,0.1730306674684305,0.1033644859813084,0.1263862962556275
0.171343537414966,0.1320609002647838,0.0551401869158878,0.8508684863523573,0.2420760697305863,0.1078838174273858,0.7306536438767843,0.6821699601773236,0.3965691220988899,0.178141912206855,0.1089719626168224,0.1329746348962336
0.1703514739229024,0.130847308031774,0.0537383177570091,0.8519851116625311,0.2412836767036449,0.1066209633772324,0.7326571500125219,0.6840483883086633,0.397893541876892,0.179795550210463,0.1110280373831775,0.1350609421324256
0.1625566893424036,0.1247793468667255,0.0537383177570091,0.8588089330024815,0.2305863708399366,0.1017499548980696,0.7277736038066616,0.6801412577954767,0.3948032290615539,0.175210463018641,0.1057943925233644,0.1295706599319205
0.1602891156462584,0.1221315092674315,0.0500000000000001,0.8612903225806452,0.2286053882725832,0.0988634313548619,0.7226396193338342,0.675332481779247,0.3912083753784056,0.1714521948286229,0.1007476635514018,0.1240803777314153
0.1648242630385487,0.1269858781994704,0.055607476635514,0.8564516129032258,0.2329635499207606,0.1039148475554753,0.7237665915351865,0.6768352242843189,0.3920913218970736,0.1728803367408298,0.103644859813084,0.1266059075436477
0.1717687074829932,0.1328331862312445,0.0574766355140186,0.8501240694789083,0.2416798732171157,0.1091466714775391,0.7294014525419483,0.6815688631752949,0.3960015136226034,0.1773150932050511,0.1085046728971962,0.1330844405402437
0.173469387755102,0.1339364518976169,0.0565420560747661,0.8488833746898263,0.2444532488114104,0.1098683023633411,0.7359128474830954,0.6857765421894957,0.400100908173562,0.1820505111244738,0.1134579439252336,0.1386845283847589
0.1802721088435374,0.1405560458958517,0.0621495327102805,0.8420595533498759,0.2515847860538827,0.1163629803355583,0.7402955171550213,0.6894582613269216,0.4047679112008072,0.1876127480457005,0.1199065420560747,0.1439551992972438
0.1937358276643991,0.1563327449249779,0.0845794392523363,0.8272952853598016,0.2610935023771791,0.1335017138733538,0.7451790633608815,0.6958449169734765,0.4107593340060544,0.1949789536981359,0.1292523364485981,0.1517514000219611
0.2121598639455782,0.1792806707855251,0.1205607476635515,0.806451612903226,0.2713946117274168,0.1591196103193216,0.7573253193087903,0.706514388759486,0.4204086781029262,0.2065544197233914,0.1445794392523364,0.1661359393872845
0.2334183673469388,0.2027802294792586,0.1504672897196262,0.7838709677419355,0.288431061806656,0.1841962836009381,0.7743551214625594,0.7210909910586821,0.4352295660948536,0.2239927841250751,0.1660747663551401,0.1864499835291533
0.2471655328798186,0.2181156222418358,0.1696261682242988,0.7692307692307693,0.2995245641838351,0.2004329785314811,0.7870022539444027,0.7315350514689307,0.4458249243188698,0.2365453998797354,0.1821495327102803,0.2014933567585373
0.2529761904761904,0.226279788172992,0.1855140186915886,0.7621588089330026,0.3007131537242472,0.210174995489807,0.7927623340846481,0.7367946502366819,0.4499243188698284,0.2420324714371617,0.1882242990654205,0.2057757768749313
0.2599206349206349,0.2362091791703442,0.2042056074766354,0.7534739454094294,0.3026941362916006,0.221901497384088,0.7945154019534185,0.7392741753700504,0.4537714429868819,0.246467227901383,0.1938317757009345,0.2098385857033051
0.2770691609977324,0.2513239187996469,0.2126168224299063,0.7374689826302729,0.3232963549920761,0.2357928919357748,0.8034059604307537,0.7461867908933804,0.4594475277497477,0.2527811184606133,0.2025233644859813,0.2189524541561436
0.2869897959183673,0.2615842894969108,0.2228971962616822,0.7272952853598016,0.3328050713153724,0.2462565397799025,0.8127973954420235,0.7552783830490645,0.4663218970736629,0.2614251352976549,0.2131775700934579,0.2316899088613154
0.2865646258503401,0.2618049426301854,0.2252336448598129,0.7274193548387098,0.3312202852614896,0.246797762944254,0.8175557225144002,0.7585844165602224,0.4695383451059535,0.2652585688514732,0.2171962616822429,0.2357527176896892
0.2786281179138322,0.2529788172992057,0.214018691588785,0.7358560794044665,0.3248811410459588,0.2374165614288292,0.810167793638868,0.7515215267863851,0.46348385469223,0.2584936861094408,0.208411214953271,0.2263094323048204
0.2678571428571428,0.2431597528684907,0.2079439252336448,0.7460297766749381,0.312202852614897,0.2283961753563052,0.8000250438266967,0.7430310316327297,0.4562941473259334,0.2494738424533974,0.19803738317757,0.2141210058196991
0.2611961451247165,0.2369814651368049,0.2042056074766354,0.7524813895781638,0.304675118858954,0.2224427205484394,0.7928875532181318,0.7388984897437824,0.4517532795156407,0.2442874323511726,0.1923364485981308,0.2079718897551334
0.2573696145124716,0.2291482789055604,0.1836448598130841,0.758560794044665,0.3078446909667194,0.2121594804257622,0.7920110192837465,0.7352167706063566,0.4489152371342078,0.2403788334335538,0.1867289719626168,0.2057757768749313
0.2422052154195011,0.2117166813768755,0.1588785046728972,0.7749379652605459,0.2971473851030111,0.193216669673462,0.7834961182068619,0.727853332331505,0.442797679112008,0.2325616355983163,0.1771028037383177,0.196771714066103
0.2203798185941043,0.1883274492497793,0.1322429906542057,0.7976426799007446,0.2781299524564183,0.1688616272776475,0.7693463561232156,0.7153805695394093,0.4293642785065589,0.2167017438364401,0.1575700934579439,0.1776655320083452
0.201672335600907,0.1678067078552515,0.1070093457943925,0.8174937965260547,0.2622820919175911,0.14721270070359,0.7516904583020285,0.701254789991735,0.4155524722502522,0.2006163559831629,0.137196261682243,0.1587789612386076
0.1924603174603174,0.1544571932921447,0.0808411214953272,0.8290322580645162,0.2606973058637084,0.1311564134944976,0.7425494615577259,0.6923886092118116,0.4076059535822401,0.1906945279615153,0.1252336448598131,0.1480180081256176
0.1826814058956916,0.143865842894969,0.0677570093457944,0.8392059553349877,0.2523771790808241,0.1199711347645678,0.7380415727523165,0.6882560673228643,0.4026866801210897,0.185207456404089,0.1186915887850467,0.1423081146370923
0.1706349206349206,0.1327228596646072,0.0607476635514018,0.8507444168734493,0.2389064976228209,0.1096878946418906,0.7322814926120711,0.6841235254339169,0.3979566094853683,0.1798707155742634,0.1117757009345794,0.135500164708466
0.1621315192743764,0.1249999999999999,0.0560747663551403,0.8588089330024815,0.2286053882725832,0.1024715857838715,0.7273979464062108,0.6796152979187017,0.3937941473259334,0.1749098015634395,0.1055140186915887,0.1299000768639508
0.159438775510204,0.1225728155339806,0.0546728971962616,0.8614143920595534,0.2254358161648177,0.1001262854050153,0.7228900576008014,0.676083853031783,0.3908930373360242,0.1714521948286229,0.1009345794392523,0.1244097946634456
0.1641156462585034,0.1270962047661077,0.0588785046728973,0.8566997518610422,0.2305863708399366,0.1046364784412772,0.7243926872026045,0.6774363212863475,0.3925327951564076,0.1734064942874323,0.1031775700934579,0.1263862962556275
0.1702097505668934,0.132171226831421,0.0593457943925235,0.8512406947890819,0.2389064976228209,0.1087858560346383,0.7316553969446532,0.6824705086783379,0.3965691220988899,0.1780667468430547,0.1092523364485981,0.1344021082683649
0.1689342403628118,0.1311782877316858,0.0598130841121493,0.8523573200992557,0.2369255150554675,0.1082446328702868,0.7332832456799399,0.6839732511834097,0.3975782038345106,0.1793445580276608,0.1106542056074766,0.1357197759964862
0.1621315192743764,0.1244483671668137,0.0542056074766354,0.8590570719602978,0.2297939778129952,0.1015695471766191,0.7285249186075632,0.6789390637914193,0.3946770938446014,0.1751352976548406,0.1057943925233644,0.1296804655759306
0.1584467120181405,0.1226831421006178,0.0588785046728973,0.861786600496278,0.2222662440570523,0.1010283240122676,0.7228900576008014,0.6751822075287399,0.3908930373360242,0.1712266987372218,0.1010280373831775,0.1247392115954759
0.1635487528344671,0.1272065313327448,0.0607476635514018,0.8569478908188586,0.2286053882725832,0.1051777016056287,0.724517906336088,0.676985498534826,0.3923435923309787,0.1731058328322309,0.1026168224299065,0.1267157131876578
0.1700680272108843,0.132171226831421,0.0602803738317755,0.8513647642679901,0.2381141045958795,0.1089662637560886,0.7294014525419483,0.6820196859268164,0.3963799192734611,0.1780667468430547,0.1079439252336448,0.1331942461842538
0.1686507936507936,0.1307369814651368,0.0588785046728973,0.8527295285359803,0.2369255150554675,0.1075230019844849,0.7320310543451038,0.6840483883086633,0.397893541876892,0.179795550210463,0.1107476635514018,0.1363786098605468
0.161422902494331,0.1253309796999117,0.0598130841121493,0.8589330024813897,0.226228209191759,0.1033736243911238,0.7277736038066616,0.6802163949207303,0.3948032290615539,0.1755862898376428,0.1066355140186915,0.1301196881519709
0.1588718820861678,0.1226831421006178,0.0570093457943923,0.8615384615384617,0.223851030110935,0.1006675085693668,0.7222639619333834,0.6759335787812758,0.3910191725529768,0.1714521948286229,0.1015887850467289,0.1240803777314153
0.1638321995464852,0.1279788172992056,0.0630841121495325,0.8564516129032258,0.2282091917591124,0.1060797402128811,0.7235161532682193,0.6769103614095724,0.3913345105953582,0.1726548406494287,0.102429906542056,0.1257274623915669
0.1700680272108843,0.13261253309797,0.0621495327102805,0.8511166253101737,0.2373217115689381,0.1096878946418906,0.7296518908089156,0.6814937260500412,0.3958753784056508,0.17708959711365,0.1078504672897196,0.1320961897441528
0.1687925170068027,0.1311782877316858,0.0602803738317755,0.8523573200992557,0.2365293185419968,0.1082446328702868,0.7321562734785875,0.6836727026823952,0.3980196770938446,0.178968731208659,0.1098130841121495,0.1350609421324256
0.1625566893424036,0.1247793468667255,0.0537383177570091,0.8586848635235733,0.2301901743264658,0.1017499548980696,0.728274480340596,0.6796152979187017,0.3944878910191725,0.1758869512928442,0.1057009345794392,0.1301196881519709
0.1595804988662131,0.1229037952338922,0.055607476635514,0.861166253101737,0.2254358161648177,0.1004871008479163,0.7226396193338342,0.6757833045307686,0.391082240161453,0.1714521948286229,0.1009345794392523,0.1249588228834962
0.1636904761904762,0.1257722859664606,0.0542056074766354,0.8576923076923078,0.2317749603803486,0.102651993505322,0.7236413724017029,0.6771357727853332,0.3913345105953582,0.1722790138304269,0.1013084112149532,0.1255078511035467
0.1615646258503401,0.1195939982347749,0.0350467289719628,0.8621588089330026,0.2369255150554675,0.093992422875699,0.7294014525419483,0.6801412577954767,0.3890640766902118,0.1742333132892363,0.0978504672897196,0.1202371801910618
0.1162131519274376,0.0852824360105913,0.039252336448598,0.901240694789082,0.1719492868462757,0.0665704492152263,0.7215126471324818,0.6659403411225485,0.3717835519677093,0.1545399879735418,0.0702803738317757,0.0885033490721423
0.042375283446712,0.0324360105913504,0.0593457943925235,0.9632754342431764,0.0598256735340729,0.0274219736604727,0.7097420485850238,0.6418964610414005,0.3487008072653884,0.1162056524353578,0.0302803738317757,0.0375535302514549
0.0011337868480725,0.0003309796999116,0.0588785046728973,0.9993796526054592,0.002377179080824,0.0010824463287028,0.729526671675432,0.644901946051544,0.3608097880928355,0.1074864702345159,0.0007476635514018,0.0012078620841111
0.050453514739229,0.0393865842894968,0.061214953271028,0.9558312655086848,0.0705229793977813,0.0333754284683384,0.7995241672927623,0.7049365091291606,0.4438067608476286,0.174383644016837,0.0363551401869158,0.0382123641155155
0.1840986394557823,0.16306266548985,0.1448598130841123,0.8277915632754344,0.2218700475435815,0.1506404474111491,0.8796644127222639,0.7952513336839732,0.5894298688193743,0.3289236319903788,0.164018691588785,0.1637202152190622
0.3663548752834467,0.3412400706090027,0.2985981308411213,0.6478908188585608,0.411648177496038,0.3259967526610138,0.9402704733283246,0.8869937636186038,0.7365665993945508,0.5232260974143115,0.3628971962616822,0.3453387504117711
0.574404761904762,0.5549426301853487,0.5177570093457942,0.4366004962779157,0.609350237717908,0.543027241565939,0.981968444778362,0.9611541062438952,0.8740539858728555,0.7282772098616958,0.5807476635514018,0.5573734489952783
0.7847222222222223,0.7782436010591351,0.7700934579439251,0.2189826302729527,0.7963549920760697,0.7743099404654519,0.98572501878287,0.9917349162221052,0.981521190716448,0.9209260372820204,0.8167289719626167,0.7773141539475129
0.957624716553288,0.9585172109443956,0.9635514018691586,0.0419354838709677,0.9560221870047544,0.9590474472307416,0.8938141748059103,0.9235104064918476,0.9657542885973764,0.9923331328923632,0.978504672897196,0.9536620182277368
0.9888038548752834,0.9896293027360988,0.9925233644859812,0.0107940446650124,0.987321711568938,0.9900775753202238,0.6982218883045328,0.7529491321662033,0.7911200807265387,0.8871016235718581,0.9621495327102804,0.987042934006808
0.8684807256235828,0.8665048543689321,0.8677570093457943,0.1326302729528536,0.8720285261489698,0.8652354320764927,0.4432757325319308,0.5047712074536028,0.5325428859737639,0.6881389055923031,0.8053271028037382,0.8692214779839684
0.6778628117913832,0.6660414827890556,0.6471962616822429,0.3287841191066998,0.6992868462757528,0.6588489987371459,0.1963436013022789,0.2250356901344955,0.2597754793138244,0.4484365604329525,0.5944859813084111,0.670912484901724
0.4725056689342404,0.4486981465136805,0.4037383177570093,0.5409429280397023,0.5150554675118858,0.4340609778098502,0.0202854996243425,0.0297543016004208,0.0487512613521695,0.2276758869512928,0.3444859813084112,0.4515208081695399
0.2844387755102041,0.2459179170344219,0.1654205607476636,0.7372208436724567,0.3534072900158478,0.2222623128269889,0.0326821938392186,0.0175069501840859,0.0047931382441978,0.0626127480457005,0.1606542056074766,0.2459646425826287
0.175453514739229,0.1309576345984112,0.0373831775700935,0.8496277915632755,0.2555467511885895,0.1035540321125743,0.2007262709742047,0.1493726050041325,0.0821140262361251,0.0072158749248346,0.0658878504672897,0.1326452179642033
0.112953514739229,0.0757943512797881,0.0098130841121496,0.907940446650124,0.1794770206022187,0.053220277827891,0.38893062860005,0.3230896385904275,0.1936806256306761,0.024804570054119,0.0341121495327102,0.0790600636872735
0.0744047619047619,0.0532877316857899,0.0411214953271029,0.9375930521091812,0.1125198098256735,0.0409525527692584,0.5432006010518406,0.4718611465925313,0.2839934409687184,0.0723842453397474,0.0287850467289719,0.0573185461732733
0.0918367346938775,0.0652030008826124,0.0345794392523365,0.9232009925558312,0.1398573692551505,0.0494317156774309,0.6336088154269972,0.5750244195657074,0.3372225025227043,0.1167318099819603,0.0430841121495327,0.0652245525420006
0.1427154195011337,0.1032656663724625,0.0280373831775701,0.8795285359801489,0.2135499207606973,0.0791989897167599,0.6942148760330578,0.6396423472837929,0.3712159434914228,0.149579073962718,0.074018691588785,0.1002525529812232
0.1683673469387755,0.1278684907325684,0.0476635514018689,0.8544665012406948,0.2412836767036449,0.1031932166696733,0.7256448785374405,0.6748065219024719,0.3915867810292633,0.1726548406494287,0.101214953271028,0.1274843526957285
0.1689342403628118,0.131288614298323,0.0602803738317755,0.8523573200992557,0.2365293185419968,0.1082446328702868,0.7325319308790382,0.6835224284318882,0.397893541876892,0.1796452194828622,0.1105607476635514,0.1348413308444054
0.1621315192743764,0.1252206531332744,0.0570093457943923,0.8586848635235733,0.2286053882725832,0.102651993505322,0.7277736038066616,0.6799158464197159,0.3946770938446014,0.1757366205652435,0.1060747663551401,0.1297902712199407
0.1590136054421768,0.1226831421006178,0.0565420560747661,0.8615384615384617,0.2242472266244057,0.1006675085693668,0.7225144002003506,0.676083853031783,0.3915867810292633,0.1712266987372218,0.1008411214953271,0.1240803777314153
0.1639739229024943,0.1280891438658428,0.0630841121495325,0.8563275434243177,0.2286053882725832,0.1062601479343316,0.7240170298021538,0.6777368697873619,0.3925327951564076,0.1724293445580276,0.1023364485981308,0.126935324475678
0.1702097505668934,0.1330538393645189,0.0635514018691588,0.8507444168734493,0.2369255150554675,0.1104095255276925,0.7292762334084647,0.6814185889247877,0.3960645812310797,0.1773150932050511,0.1078504672897196,0.1331942461842538
0.169501133786848,0.1311782877316858,0.0579439252336448,0.8521091811414393,0.2381141045958795,0.1077034097059354,0.7329075882794891,0.6836727026823952,0.3976412714429868,0.1787432351172579,0.1097196261682243,0.1357197759964862
0.1618480725623582,0.1246690203000882,0.055607476635514,0.8591811414392061,0.2286053882725832,0.1021107703409705,0.7280240420736288,0.6801412577954767,0.3948662966700302,0.1753607937462417,0.1057009345794392,0.1299000768639508
0.1578798185941043,0.1216902030008826,0.0560747663551403,0.862531017369727,0.2226624405705229,0.0997654699621143,0.7226396193338342,0.676083853031783,0.3915867810292633,0.1718280216476247,0.1011214953271028,0.1239705720874052
0.1622732426303854,0.1270962047661077,0.0644859813084112,0.8575682382133996,0.2254358161648177,0.1057189247699801,0.7235161532682193,0.6768352242843189,0.3920913218970736,0.172730006013229,0.1022429906542056,0.125837268035577
