Lead I,Lead II,Lead III,aVR,aVL,aVF,V1,V2,V3,V4,V5,V6
0.1985565819861432,0.2463844967219437,0.4093872229465449,0.7780016970725498,0.2595088520845232,0.2733669879149457,0.5163365325709618,0.3165807560137457,0.5380201958384333,0.476644555002764,0.4391838351822504,0.393934330353413
0.1975173210161663,0.2457096027767065,0.4098613251155624,0.7788502333474755,0.258252427184466,0.2729845494875325,0.5236879722278945,0.3234536082474227,0.5428396572827417,0.4795006449235305,0.4410063391442155,0.3969003258417579
0.2028290993071594,0.2495179328962591,0.4084390186085102,0.7742893508697496,0.2643061107938321,0.2755086431084595,0.5358382683275474,0.3383447880870561,0.5510250917992656,0.4836005159388244,0.4457606973058637,0.4027905422341048
0.2030600461893764,0.2491804859236406,0.4071352376437122,0.7743423843869325,0.2651056539120503,0.2748967416245984,0.5325709618133551,0.3311855670103092,0.5488831089351285,0.4810668877833057,0.4451267828843107,0.4035007101679339
0.1945150115473441,0.2417084458156575,0.4061870333056774,0.7824034789987272,0.2571102227298686,0.2686247514150222,0.518991219113743,0.3052691867124857,0.5356487148102815,0.47254468398747,0.4393819334389858,0.3971509733478152
0.190473441108545,0.2387678364828384,0.4072537631859665,0.785850657615613,0.2526556253569389,0.2666360715924736,0.5133755360424749,0.3009736540664375,0.530905752753978,0.4709784411276949,0.4362519809825674,0.3943103016124989
0.1965357967667436,0.2446972618588507,0.4093872229465449,0.779804836656767,0.2575671045117076,0.2719902095762582,0.5217480089850929,0.3121420389461626,0.5348072215422276,0.4741569928137092,0.4385103011093502,0.3966496783357005
0.2000577367205543,0.250578480524489,0.4166172810240606,0.7749787865931269,0.2575671045117076,0.2790270766406608,0.536552991627527,0.3274627720504008,0.5435281517747858,0.4776119402985075,0.4427892234548336,0.4006182638482747
0.1900115473441108,0.2500964134207482,0.436055469953775,0.7798578701739498,0.238263849229012,0.2849166284228239,0.5375740249132122,0.3267468499427262,0.5452876376988984,0.4770130827344758,0.4433042789223455,0.4009524605230178
0.1810046189376443,0.2440705746239876,0.43972976176366,0.7872825625795502,0.2276413478012564,0.28132170720514,0.5264447620992444,0.3081328751431844,0.5361842105263157,0.4701492537313433,0.4377179080824089,0.3952711170523853
0.18135103926097,0.2419012726571539,0.4336849591086879,0.7883432329232074,0.2308395202741291,0.2776502983019733,0.5244026955278742,0.3065578465063001,0.5336597307221542,0.4696885940667035,0.4370839936608558,0.3943103016124989
0.1906466512702078,0.2489876590821442,0.4320256015171269,0.780176071277047,0.240890919474586,0.2826984855438274,0.536757198284664,0.3323310423825887,0.5452876376988984,0.4768748848350839,0.4431854199683043,0.4000751942518172
0.1969976905311778,0.2572310065561126,0.4391371340523883,0.7726983453542638,0.2437464306110794,0.2915710570598134,0.5508474576271186,0.3556701030927834,0.5557680538555692,0.4833241201400405,0.4491283676703645,0.4055058902163923
0.1989607390300231,0.2595449286540686,0.4409150171862036,0.7705239711497666,0.244774414620217,0.2939421753097751,0.5515621809270982,0.3523768613974799,0.5542380660954712,0.4817118113138013,0.4487321711568938,0.405255242710335
0.1934757505773672,0.2541457770921712,0.4389000829678795,0.776039456936784,0.2403198172472873,0.2890469634388863,0.536552991627527,0.3321878579610538,0.5442166462668299,0.4761838953381243,0.443621236133122,0.400158743420503
0.1934180138568129,0.2521693019668338,0.4341590612777053,0.7771531607976241,0.2424900057110223,0.2859874560195808,0.5344088217275883,0.3238831615120275,0.5402386780905752,0.4742491247466372,0.4409667194928685,0.3966079037513577
0.1995958429561201,0.2543386039336676,0.4268104776579353,0.7731226134917267,0.2521987435751,0.2852990668502371,0.5414539513988155,0.3386311569301259,0.546282129742962,0.478671457527179,0.4444136291600634,0.3995321246553596
0.2084295612009238,0.2590146548399537,0.420054521749437,0.7664934238438693,0.2641918903483723,0.2868288205598898,0.5477843577700633,0.3523768613974799,0.5520960832313342,0.4834162520729685,0.4495641838351822,0.4045868493608488
0.2068129330254041,0.2594003085229464,0.4244399668128482,0.7670237590156979,0.2605368360936608,0.2885115496405079,0.5432918113130488,0.3459335624284078,0.5511015911872705,0.4817578772802653,0.4498019017432647,0.4054223410477066
0.2009815242494226,0.2518318549942152,0.4178025364466042,0.7738650827322868,0.2579097658480868,0.2804038549793483,0.5278742086992035,0.3207331042382589,0.5377141982864136,0.4739727289478533,0.4431854199683043,0.3995738992397026
0.1927829099307159,0.2429618202853837,0.4129429892141756,0.7825095460330929,0.2520845231296402,0.2718372342052929,0.5259342454564019,0.3072737686139747,0.5318237454100367,0.4708863091947669,0.4388668779714739,0.3956470883114713
0.1920900692840647,0.2498553798688777,0.4311959227213464,0.7790093338990242,0.242604226156482,0.2831574116567232,0.5360424749846844,0.3148625429553264,0.5377141982864136,0.4723604201216141,0.4402139461172741,0.3962319324922717
0.1954387990762124,0.2566525260316236,0.441033542728458,0.773759015697921,0.2412335808109652,0.2917240324307786,0.5482948744129058,0.32946735395189,0.5463586291309669,0.4769209508015478,0.4449683042789223,0.4006600384326176
0.1901270207852194,0.2544350173544157,0.4466042432144126,0.7774183283835383,0.2333523700742433,0.2918005201162613,0.5450275678987134,0.3234536082474227,0.5444461444308445,0.4756311037405565,0.4425911251980983,0.3986966329685019
0.1831986143187067,0.2481199382954107,0.4451819367073604,0.7840475180313958,0.2271844660194175,0.2862934067615114,0.5312436185419644,0.299971363115693,0.5335832313341493,0.4684448129721761,0.4353011093502377,0.3909265602807252
0.1800230946882217,0.2419012726571539,0.4364110465805381,0.7889796351294017,0.2282124500285551,0.2784916628422824,0.5255258321421278,0.2899484536082474,0.5261627906976744,0.4655426570849457,0.4317749603803487,0.3864984543403792
0.1877598152424942,0.2444080215966062,0.4268104776579353,0.7839944845142129,0.2405482581382068,0.2774208352455254,0.5389013681846028,0.3055555555555555,0.536031211750306,0.4700110558319514,0.4357369255150555,0.3908430111120394
0.1938221709006928,0.2507231006556112,0.4297736162142941,0.7777895630038184,0.2450028555111365,0.2833868747131711,0.549315907698591,0.3233104238258877,0.5462056303549572,0.4754007739082366,0.440689381933439,0.3966079037513577
0.1913972286374134,0.2499517932896259,0.4328552803129074,0.7792745014849385,0.2412335808109652,0.2837693131405843,0.5446191545844394,0.3194444444444444,0.5444461444308445,0.4742951907131011,0.4404516640253566,0.3967332275043863
0.1833140877598152,0.2424797531816429,0.431077397179092,0.7871234620280017,0.2340376927470017,0.2772678598745602,0.5314478251991014,0.2958190148911798,0.533047735618115,0.4674774276764327,0.4360935023771791,0.392096248642326
0.1801385681293303,0.2383339760894716,0.427403105369207,0.7908358082308018,0.2326670474014849,0.2728315741165672,0.5241984888707372,0.2856529209621993,0.5281517747858018,0.4656808549843376,0.4338351822503962,0.3903834906842677
0.183487297921478,0.2432992672580023,0.4326182292283986,0.786593126856173,0.2334665905197031,0.2784151751567997,0.5389013681846028,0.3031214203894616,0.5359547123623011,0.4710245070941589,0.4385103011093502,0.3944773999498704
0.1913972286374134,0.2502410335518704,0.4335664335664335,0.7791154009333899,0.240890919474586,0.2842282392534802,0.5471717377986522,0.3142898052691866,0.543375152998776,0.4740648608807813,0.4419968304278922,0.3971927479321581
0.1870669745958429,0.2504820671037409,0.443048476946782,0.7809715740347899,0.2319817247287265,0.2875172097292336,0.5404329181131304,0.3036941580756013,0.5395501835985312,0.4724986180210061,0.439500792393027,0.3959395104018715
0.1797344110854503,0.2458542229078287,0.446722768756667,0.7869113279592702,0.2229583095374072,0.2849931161083066,0.5240963855421686,0.2766323024054983,0.5256272949816402,0.4654044591855538,0.4336370839936608,0.3901746177625533
0.1760969976905312,0.2417084458156575,0.4438781557425625,0.7908358082308018,0.2207881210736722,0.2807862934067615,0.522564835613641,0.2674684994272622,0.5198133414932681,0.4617191818684357,0.4303882725832013,0.387709917286323
0.1810046189376443,0.2461434631700732,0.4448263600805974,0.7861688587187102,0.2251284980011422,0.2846106776808934,0.5387992648560342,0.2827892325315005,0.5283047735618115,0.4674313617099687,0.4348256735340729,0.392806416576155
0.1836605080831409,0.2486502121095256,0.4455375133341235,0.7835702163767501,0.227412906910337,0.2868288205598898,0.5489074943843169,0.2948167239404353,0.5351132190942472,0.4712548369264787,0.4376782884310618,0.3959812849862144
0.1811778290993071,0.2447936752795989,0.4411520682707123,0.7868582944420873,0.2270702455739578,0.2823925348018968,0.5483969777414743,0.2975372279495991,0.5346542227662179,0.4695503961673116,0.436608557844691,0.3939761049377558
0.1725750577367205,0.2346702661010412,0.4339220101931966,0.7963512940178192,0.2220445459737293,0.2719902095762582,0.5448233612415764,0.2869415807560137,0.5270807833537332,0.4632854247282108,0.4309033280507132,0.3881694377140947
0.1715935334872979,0.2314886232163517,0.4281142586227331,0.7985256682223165,0.2238720731010851,0.2676304115037479,0.5448233612415764,0.2882302405498281,0.5260862913096696,0.4631472268288189,0.4297147385103011,0.387333946027237
0.1801963048498845,0.2388160431932125,0.4284698352494963,0.7905706406448875,0.2322101656196459,0.273519963285911,0.5623851337553604,0.315721649484536,0.5380201958384333,0.4701031877648793,0.4352218700475436,0.3927646419918122
0.186662817551963,0.2460952564596992,0.4330923313974161,0.7835702163767501,0.2364363221016562,0.2807862934067615,0.5806616295691239,0.3416380297823597,0.552937576499388,0.4775198083655795,0.4406101426307449,0.3981117887877015
0.1835450346420323,0.2441187813343617,0.4346331634467227,0.7861158252015272,0.2325528269560251,0.2797154658100045,0.5829079027976312,0.3439289805269186,0.5550795593635252,0.4762760272710522,0.4396988906497623,0.3970256495947865
0.1755196304849884,0.2370323949093713,0.4336849591086879,0.7936996181586763,0.2251284980011422,0.2737494263423589,0.5807637328976925,0.3326174112256586,0.5504895960832313,0.4724525520545421,0.4350633914421553,0.3923051215640404
0.1774249422632794,0.2361646741226378,0.4276401564537158,0.7933283835383962,0.2298115362649915,0.2711488450359492,0.5930161323259138,0.3410652920962199,0.5556150550795593,0.474663718444813,0.4356973058637084,0.3925557690700977
0.183256351039261,0.2418048592364057,0.4295365651297854,0.7875477301654645,0.2347230154197601,0.2761970322778033,0.6196651010822952,0.3709908361970217,0.5695379436964504,0.4832780541735766,0.4409667194928685,0.3979864650346729
0.1840646651270208,0.2449382954107211,0.4355813677847576,0.7854263894781501,0.2326670474014849,0.2806333180357962,0.6442720032673064,0.3876002290950744,0.5778763769889841,0.4859038142620233,0.4439778129952457,0.4005347146795889
0.177540415704388,0.2455649826455842,0.4505155861088064,0.7880780653372931,0.2189605939463164,0.2859874560195808,0.6520318562385133,0.3754295532646048,0.5747399020807833,0.4814354155150175,0.4404912836767036,0.3979029158659871
0.1685334872979215,0.2411781720015426,0.4582197463553395,0.7946542214679677,0.2062821245002856,0.2849931161083066,0.6458035531958342,0.3370561282932417,0.557374541003672,0.4713469688594067,0.4316164817749604,0.3889631548166095
0.1652424942263279,0.2403586579251832,0.4629607680455138,0.7966164616037335,0.2007995431182181,0.2858344806486155,0.6505003063099857,0.3087056128293241,0.5446756425948592,0.4660033167495854,0.4270998415213946,0.3840755284484919
0.1643764434180138,0.2438777477824913,0.4735095413061515,0.7950784896054306,0.1948600799543118,0.2920299831727092,0.6680620788237697,0.3044100801832761,0.5472001223990207,0.468813340703888,0.4297147385103011,0.3866237780934079
0.1670900692840647,0.2509641342074817,0.4852435699893327,0.7899342384386933,0.1918903483723587,0.3014379684870735,0.6793955482948744,0.3004009163802978,0.5501070991432069,0.470840243228303,0.4316957210776545,0.3896733227504386
0.1612586605080831,0.2516872348630929,0.498992532890838,0.7922146796775562,0.179554540262707,0.3064861557289276,0.6684704921380437,0.2773482245131729,0.5449816401468788,0.4673392297770407,0.4306259904912837,0.3892973514913527
0.1589491916859122,0.2461434631700732,0.4899845916795068,0.7962982605006363,0.1814962878355226,0.2992198256080771,0.6255870941392688,0.242983963344788,0.5310587515299877,0.4604293348074443,0.425039619651347,0.3837831063580917
0.1663394919168591,0.2470593906671808,0.4771838331160365,0.7924268137462877,0.1950885208452313,0.2957778797613584,0.5802532162548498,0.2290950744558992,0.5272337821297429,0.4619034457342915,0.4246830427892235,0.3834906842676915
0.178175519630485,0.2496143463170073,0.4591679506933744,0.7855854900296987,0.2154197601370645,0.2919534954872265,0.5484990810700429,0.2416953035509736,0.5332007343941249,0.4678920213746084,0.4303486529318542,0.3890467039852953
0.1877598152424942,0.2473486309294254,0.4339220101931966,0.7824034789987272,0.2371216447744146,0.2820100963744837,0.5251174188278538,0.2585910652920962,0.5369492044063647,0.4705638474295191,0.4330427892234549,0.392430445317069
0.1885103926096998,0.2404550713459313,0.4153135000592627,0.785850657615613,0.2467161621930325,0.2706134312375707,0.5154176026138452,0.2707617411225658,0.5354192166462668,0.4677998894416805,0.4306259904912837,0.3894226752443813
0.1881639722863741,0.2349595063632857,0.4026312670380467,0.7890326686465846,0.2525414049114792,0.262123298148998,0.5092914028997345,0.265750286368843,0.528687270501836,0.4633314906946748,0.4266244057052298,0.3842844013702063
0.1893187066974596,0.2341399922869263,0.3982458219746355,0.7889796351294017,0.2557395773843518,0.2600581306409668,0.5129671227282009,0.2757731958762887,0.5336597307221542,0.4662336465819053,0.4279714738510302,0.3852869913944356
0.1986143187066975,0.2405996914770536,0.3950456323337679,0.7811306745863386,0.2664762992575671,0.2641884656570292,0.528180518684909,0.3101374570446735,0.5475061199510404,0.4751704440759167,0.4351822503961965,0.3919291503049544
0.2045612009237875,0.2441669880447358,0.3917269171506459,0.7764637250742469,0.2740148486579098,0.2659476824231299,0.5368593016132325,0.3297537227949598,0.5562270501835985,0.4795006449235305,0.4403328050713154,0.3969003258417579
0.2013856812933025,0.2389124566139606,0.3852080123266564,0.7808124734832413,0.2740148486579098,0.2596756922135536,0.5327751684704921,0.3161512027491408,0.549189106487148,0.4753547079417726,0.4372424722662441,0.3943103016124989
0.1942263279445727,0.2317778634785962,0.3824819248548062,0.7879719983029274,0.2683038263849229,0.2530977512620468,0.5207269756994077,0.2909507445589919,0.5339657282741738,0.4676156255758246,0.4303882725832013,0.3870832985211797
0.1919168591224018,0.2289818742768993,0.3803484650942278,0.7905706406448875,0.2670474014848658,0.2501912192137066,0.5197059424137227,0.2820733104238259,0.5283047735618115,0.4651280633867699,0.4272979397781299,0.3838666555267774
0.1945150115473441,0.2344292325491708,0.3882896764252697,0.7863809927874417,0.2657909765848087,0.2570751109071439,0.5364508882989585,0.3031214203894616,0.5408506731946144,0.4718536944905104,0.4332805071315372,0.3895062244130671
0.2002309468822171,0.2401658310836869,0.3906601872703568,0.7806003394145099,0.2702455739577384,0.2624292488909285,0.5429855013273432,0.3141466208476517,0.5464351285189718,0.4752165100423807,0.4363312202852615,0.3927646419918122
0.1967667436489607,0.2384785962205939,0.3936233258267156,0.7831459482392872,0.2654483152484295,0.2619703227780327,0.5362466816418214,0.295389461626575,0.5386321909424725,0.470609913395983,0.4324088748019017,0.3888796056479238
0.1853926096997691,0.2312957963748554,0.399431077397179,0.7923207467119219,0.2513992004568818,0.2582224261893835,0.5247090055135797,0.2700458190148911,0.5240973072215422,0.4623641053989313,0.4248811410459588,0.3808171108697468
0.1844110854503464,0.2281141534901658,0.3935048002844613,0.794548154433602,0.2532267275842376,0.2537096527459079,0.5220543189707983,0.265750286368843,0.5207313341493268,0.4615809839690437,0.4236925515055468,0.3782270866404879
0.1920323325635104,0.2326455842653297,0.3890008296787958,0.788502333474756,0.2629354654483153,0.2559277956249043,0.5330814784561977,0.2836483390607102,0.5308292533659731,0.4685369449051041,0.429080824088748,0.3842426267858634
0.1968822170900693,0.2349112996529117,0.3844968590731303,0.7850551548578701,0.2699029126213593,0.2562337463668349,0.5462528078415356,0.2973940435280641,0.5403151774785802,0.4742951907131011,0.4343898573692552,0.3900492940095246
0.1935912240184757,0.2338025453143077,0.3886452530520327,0.7871764955451845,0.2646487721302114,0.2566926724797307,0.5373698182560751,0.2774914089347078,0.5326652386780906,0.4684448129721761,0.4306259904912837,0.3873757206115799
0.1845265588914549,0.231681450057848,0.4020386393267749,0.7924798472634704,0.2492290119931468,0.2592932537861404,0.5188891157851745,0.2469931271477663,0.5160648714810282,0.4585406301824212,0.4224643423137877,0.3798562954298605
0.1802540415704388,0.2266197454685692,0.3982458219746355,0.7972528638099278,0.2468303826384923,0.2540920911733211,0.5200122523994282,0.2458476517754868,0.5145348837209303,0.458955223880597,0.421513470681458,0.3790208037430027
0.1830831408775981,0.2319706903200925,0.4058314566789143,0.7930101824352991,0.2459166190748144,0.2608230074957932,0.5422707780273637,0.2720504009163803,0.5275397796817626,0.466970702045329,0.4270602218700476,0.3849527947196925
0.1842956120092379,0.237418048592364,0.4166172810240606,0.7894569367840475,0.2419189034837236,0.2686247514150222,0.554931590769859,0.2857961053837342,0.5386321909424725,0.4718076285240464,0.4318541996830428,0.3899657448408388
0.1806581986143187,0.236261087543386,0.4211212516297262,0.7917904115400933,0.2362078812107367,0.269083677527918,0.545333877884419,0.2769186712485681,0.5334302325581395,0.468905472636816,0.4294374009508716,0.3880858885454089
0.1759237875288684,0.2297531816428847,0.4149579234324996,0.7975180313958421,0.2344945745288407,0.2619703227780327,0.5258321421278334,0.2481386025200458,0.5196603427172583,0.4612124562373319,0.42270206022187,0.3813601804662043
0.1714203233256351,0.2292711145391438,0.4230176603057959,0.7998515061518879,0.2261564820102798,0.2641884656570292,0.5274657953849294,0.2472794959908362,0.5199663402692778,0.4617652478348996,0.4227416798732171,0.3814437296348901
0.1796766743648961,0.2349112996529117,0.4199359962071826,0.7929571489181162,0.2358652198743575,0.2677068991892305,0.5404329181131304,0.2714776632302405,0.5321297429620563,0.468767274737424,0.428486529318542,0.3877516918706659
0.1862586605080831,0.2372252217508677,0.4121133104183951,0.7886614340263046,0.2460308395202741,0.2670185100198868,0.5437002246273228,0.2827892325315005,0.5401621787025703,0.4736042012161415,0.4320919175911252,0.3926810928231264
0.1825057736720554,0.23394716544543,0.411757733791632,0.7922146796775562,0.242604226156482,0.2642649533425119,0.5331835817847661,0.2633161512027491,0.5302172582619339,0.4678459554081445,0.4274564183835182,0.3880441139610661
0.1782332563510393,0.2310547628229849,0.413417091383193,0.7957148918116249,0.2375785265562536,0.2625057365764112,0.5180722891566264,0.2439862542955326,0.518359853121175,0.4610742583379399,0.4225435816164818,0.3829893892555769
0.1848729792147806,0.2341881989973004,0.4074908142704753,0.7909418752651676,0.246944603083952,0.2631176380602723,0.5149070859710025,0.245418098510882,0.5175948592411261,0.4614888520361157,0.4223851030110935,0.3838666555267774
0.1916859122401847,0.2402140377940609,0.4083204930662558,0.7845248196860416,0.2533409480296973,0.2680893376166437,0.5295078619562997,0.2611683848797251,0.5285342717258262,0.4685369449051041,0.4272187004754358,0.3900075194251817
0.1868360277136259,0.2420458927882761,0.4227806092212872,0.7857445905812472,0.2414620217018846,0.2742848401407373,0.540535021441699,0.2723367697594501,0.5344247246022031,0.4721300902892942,0.4301505546751189,0.3933494861726126
0.1765588914549654,0.2382375626687235,0.4346331634467227,0.7925859142978362,0.2255853797829812,0.2750497169955637,0.5311415152133959,0.2538659793814433,0.5267747858017136,0.4671088999447209,0.426188589540412,0.3900910685938675
0.1706697459584296,0.232259930582337,0.4319070759748725,0.7985787017394993,0.2211307824100514,0.2693896282698485,0.518378599142332,0.2310996563573883,0.5144583843329253,0.460936060438548,0.4200871632329636,0.3839502046954632
0.1691685912240185,0.2297049749325106,0.4287068863340049,0.8006470089096308,0.2212450028555111,0.2663301208505431,0.5190933224423115,0.2342497136311569,0.5159118727050184,0.4617191818684357,0.4198098256735341,0.3830729384242627
0.1733833718244803,0.2351523332047821,0.4334479080241791,0.7957148918116249,0.223072529982867,0.2722196726327061,0.5357361649989789,0.2585910652920962,0.5280752753977969,0.4684448129721761,0.4260697305863709,0.3879187902080374
0.1752886836027714,0.2376108754338604,0.4354628422425032,0.7934874840899447,0.2239862935465448,0.2748202539391158,0.545538084541556,0.2740549828178694,0.5339657282741738,0.4722222222222222,0.4300713153724247,0.3925139944857548
0.1677251732101616,0.2333204782105669,0.4405594405594405,0.7993211709800594,0.2140491147915477,0.2730610371730151,0.5379824382274863,0.2618843069873997,0.5270042839657283,0.4680302192740004,0.4276941362916007,0.3908012365276965
0.1630484988452656,0.227632086386425,0.436055469953775,0.8045714891811625,0.2116504854368932,0.2670949977053694,0.5239942822136001,0.2373997709049255,0.5149938800489596,0.4602911369080524,0.4215927099841521,0.3850781184727212
0.1682448036951501,0.2271982259930582,0.4244399668128482,0.8024501484938481,0.2222729868646488,0.2630411503747896,0.5253216254849908,0.2399770904925544,0.5155293757649939,0.4612124562373319,0.421513470681458,0.3853287659787784
0.1728060046189376,0.23394716544543,0.4316700248903639,0.7966164616037335,0.2233009708737864,0.2706899189230534,0.541760261384521,0.2654639175257732,0.5284577723378213,0.4692279344020638,0.4284072900158479,0.3922215723953546
0.1726327944572748,0.2386232163517161,0.4435225791157994,0.7941238862961391,0.2174757281553398,0.2781857121003518,0.5543189707984479,0.2790664375715922,0.5371022031823746,0.4739266629813894,0.433676703645008,0.3969838750104437
0.1687066974595843,0.2353451600462784,0.4435225791157994,0.7977831989817564,0.2135922330097087,0.2755851307939421,0.545538084541556,0.2594501718213058,0.5287637698898409,0.4683987470057122,0.4297147385103011,0.3918456011362686
0.1614896073903002,0.2302834554569996,0.4458930899608865,0.8038290199406024,0.2052541404911479,0.2723726480036714,0.5268531754135184,0.231672394043528,0.516141370869033,0.4613967201031878,0.4240095087163233,0.385871835575236
0.1610854503464203,0.2312957963748554,0.4492118051440085,0.8035108188375052,0.2033123929183324,0.2742083524552547,0.5252195221564223,0.2219358533791523,0.5117809057527539,0.4598765432098766,0.423217115689382,0.3854123151474642
0.1676096997690531,0.2401176243733127,0.4575085931018134,0.795661858294442,0.2057110222729869,0.2839222885115496,0.5416581580559525,0.2419816723940435,0.5228733170134638,0.4677998894416805,0.4293977812995246,0.3925139944857548
0.171189376443418,0.2465291168530659,0.4659239066018726,0.7904645736105218,0.2052541404911479,0.2917240324307786,0.5492138043700224,0.2491408934707903,0.527998776009792,0.4714851667587986,0.4331616481774961,0.3958141866488429
0.1680715935334873,0.2438295410721172,0.465686855517364,0.7933814170555792,0.2022844089091947,0.2895058895517821,0.5387992648560342,0.2336769759450171,0.5193543451652387,0.4664179104477612,0.4305863708399366,0.3926393182387835
0.1575057736720554,0.2386232163517161,0.4745762711864406,0.8011243105642766,0.1875499714448887,0.2882820865840599,0.5351235450275679,0.2253722794959907,0.5148408812729498,0.4622719734660034,0.4258716323296355,0.3875010443646085
0.1493071593533487,0.2429618202853837,0.5021927225317055,0.8025031820110309,0.166076527698458,0.3005966039467645,0.5672860935266489,0.2900916380297823,0.551484088127295,0.4773816104661876,0.4326465927099842,0.390258166931239
0.151905311778291,0.2554473582722715,0.527320137489629,0.7944420873992363,0.1565962307252998,0.3185712100351843,0.6309985705533999,0.4672107674684994,0.641217870257038,0.5198544315459739,0.455229793977813,0.4037513576739911
0.1556004618937644,0.2728981874276899,0.5627592746236814,0.7831459482392872,0.1431182181610508,0.3438886339299373,0.6909332244231162,0.6626575028636884,0.7468635250917993,0.5741201400405381,0.4895800316957211,0.4287743336953797
0.1622401847575058,0.3012919398380255,0.6189403816522461,0.7644781501909207,0.1226727584237579,0.3845800826067003,0.6792934449663058,0.7079037800687286,0.8008720930232557,0.6198636447392667,0.5331616481774961,0.4702147213635224
0.1887413394919168,0.3306016197454686,0.636600687448145,0.7361582520152736,0.1403769274700171,0.4134924277191372,0.6192566877680212,0.6497709049255441,0.8131119951040391,0.6673576561636264,0.5970285261489698,0.542401203108029
0.245554272517321,0.3631411492479753,0.5999762948915491,0.6921934662706831,0.2141633352370074,0.4274896741624598,0.5555442107412701,0.6320160366552119,0.8669675642594858,0.7581536760641239,0.7118066561014263,0.6720277383240036
0.3453810623556582,0.4050327805630544,0.4980443285528031,0.6232498939329656,0.3620788121073672,0.427872112589873,0.4773330610577905,0.6367411225658648,0.9461444308445532,0.8800442233278055,0.8636291600633914,0.8433870832985211
0.4368937644341802,0.4336675665252604,0.3805855161787365,0.5654963937208316,0.509194745859509,0.4126510631788282,0.3940167449458852,0.6006586483390607,0.9696297429620562,0.9514925373134328,0.9641838351822504,0.9609825382237448
0.4860277136258661,0.4403200925568839,0.2960768045513808,0.5392978362324989,0.5985151342090235,0.3906226097598287,0.3032468858484786,0.5038659793814433,0.8985618115055078,0.9323751612308828,0.9730190174326464,0.9843763054557608
0.4615473441108546,0.4404647126880062,0.3466872110939907,0.5504348748408994,0.5498572244431754,0.4071439498240783,0.2882376965489074,0.411368843069874,0.7775397796817625,0.8209876543209876,0.8748019017432648,0.8977358175286156
0.3999422632794457,0.4210856151176244,0.4255066966931374,0.5893614764531183,0.4509423186750429,0.4171638366223038,0.3402082907902797,0.2969644902634593,0.5835373317013464,0.6107886493458633,0.6699683042789224,0.7058651516417412
0.3189953810623557,0.3413035094485152,0.3955197345027853,0.6704497242257106,0.3853797829811537,0.3441945846718678,0.4777414743720645,0.2637457044673539,0.4000917992656059,0.3832688409802837,0.4239302694136291,0.4570139527111705
0.1903002309468822,0.2449865021210952,0.4228991347635415,0.7825625795502757,0.2448886350656768,0.2765794707052165,0.6672452521952216,0.3005441008018327,0.2711138310893513,0.1833425465266261,0.1904120443740095,0.2111705238532876
0.0569284064665127,0.182944465869649,0.5441507644897475,0.8779168434450572,0.0544831524842946,0.2665595839069909,0.8103941188482744,0.3329037800687285,0.2128977968176254,0.0763313064308089,0.0633518225039619,0.0749436043111371
0.0068706697459584,0.145102198225993,0.5538698589546047,0.9217225286380992,0.0003426613363792,0.2396359186171026,0.848274453747192,0.2784936998854525,0.1834455324357405,0.0602082181684172,0.0434627575277337,0.0462026902832316
0.0147228637413394,0.1423062090242962,0.5308759037572596,0.9196542214679676,0.0191890348372358,0.2299984702462903,0.9012660812742496,0.4558991981672394,0.2987301101591187,0.152201953196978,0.1143423137876386,0.1001336786698972
0.0403579676674364,0.1827998457385268,0.5778120184899845,0.8856067034365718,0.0219303255282696,0.2772678598745602,0.9304676332448436,0.6327319587628866,0.4436199510403917,0.2647871752349364,0.2084786053882726,0.1806333026986381
0.0733833718244804,0.2212688006170458,0.604598791039469,0.8492787441663131,0.0416904625928041,0.3164295548416704,0.8875842352460689,0.6940148911798395,0.508032435740514,0.3393219089736503,0.2822107765451664,0.2485170022558275
0.0971709006928406,0.2254627844195912,0.5661965153490577,0.8360203648705982,0.0837235865219874,0.3074040079547193,0.7746579538492955,0.6189862542955327,0.4787331701346389,0.3630919476690621,0.3178288431061806,0.2849862143871668
0.1152424942263279,0.215580408792904,0.504681758919047,0.8332095884599066,0.1312392918332382,0.2796389781245219,0.703083520522769,0.6331615120274913,0.4979345165238678,0.3919753086419753,0.3442947702060221,0.3088812766312975
0.1393764434180139,0.2140377940609332,0.4514637904468412,0.8229210861264318,0.1806967447173044,0.261281933608689,0.6724525219522156,0.6742554410080183,0.5589045287637698,0.4366132301455685,0.3777733755942948,0.3372879939844598
0.1584872979214781,0.2204974932510605,0.4279957330804788,0.8106173101400085,0.2109651627641348,0.2588343276732446,0.6350827036961404,0.575028636884307,0.5755048959608323,0.4627326331306431,0.4030110935023772,0.3605982120477901
0.1644919168591224,0.2313440030852294,0.4423373236932559,0.8018667798048366,0.2099371787549972,0.2720666972617409,0.6087400449254645,0.4616265750286369,0.5683139534883721,0.4683526810392482,0.4115689381933439,0.3697050714345392
0.1605080831408776,0.2295121480910142,0.4458930899608865,0.804730589732711,0.20434037692747,0.2717607465198103,0.5850520726975699,0.3854524627720503,0.5537025703794369,0.4638382163257785,0.4110142630744849,0.3685771576572813
0.1593533487297921,0.2246914770536059,0.4364110465805381,0.8079126007636827,0.2077669902912622,0.2648768548263729,0.5653461302838473,0.3450744558991981,0.5400856793145655,0.4584945642159573,0.4072107765451664,0.3636895312891636
0.1612586605080831,0.2251735441573467,0.4338034846509422,0.8067988969028426,0.210850942318675,0.2644179287134771,0.5664692668981008,0.3356242840778923,0.5400091799265606,0.4605675327068362,0.4084786053882726,0.3653187400785361
0.1695727482678984,0.2312957963748554,0.4317885504326182,0.7995863385659736,0.2201027984009138,0.2686247514150222,0.5798448029405758,0.3480813287514318,0.5503365973072215,0.4682605491063203,0.414540412044374,0.3722950956637981
0.173729792147806,0.2348630929425376,0.4320256015171269,0.7957148918116249,0.2241005139920046,0.2715312834633624,0.590055135797427,0.3528064146620847,0.5541615667074663,0.470609913395983,0.4175515055467512,0.3747180215556855
0.1651847575057737,0.2298013883532587,0.4370036742918099,0.8023971149766652,0.2132495716733295,0.269083677527918,0.577292219726363,0.3258877434135166,0.5423806609547124,0.4626405011977151,0.4116877971473852,0.3688278051633386
0.1595842956120092,0.2271982259930582,0.4421002726087472,0.8064276622825626,0.2052541404911479,0.2687012391005048,0.5638145803553195,0.2981099656357388,0.5297582619339045,0.4555463423622628,0.40459587955626,0.3629793633553346
0.1647806004618938,0.2308137292711145,0.4405594405594405,0.8020258803563852,0.2110793832095945,0.2710723573504666,0.5655503369409842,0.2986827033218786,0.5305997552019583,0.4566519255573982,0.4051505546751189,0.3631464616927061
0.1719399538106235,0.2369359814886232,0.4409150171862036,0.7953966907085278,0.2180468303826385,0.276044056906838,0.5796405962834388,0.3165807560137457,0.5410801713586292,0.4636078864934587,0.4113708399366085,0.3684936084885956
0.1769630484988452,0.240262244504435,0.4387815574256252,0.7912600763682648,0.2239862935465448,0.2779562490439039,0.5878088625689197,0.3263172966781214,0.5466646266829865,0.4654505251520177,0.4133518225039619,0.3708329852117971
0.1733256351039261,0.2357790204396452,0.4352257911579945,0.7953966907085278,0.222158766419189,0.273290500229463,0.5774964263835001,0.3071305841924399,0.5351132190942472,0.4577575087525336,0.4086370839936609,0.3655276130002506
0.1668591224018476,0.2287408407250289,0.431077397179092,0.8022380144251167,0.217818389491719,0.2664066085360257,0.5619767204410864,0.2763459335624284,0.5209608323133414,0.4489589091579141,0.401743264659271,0.3575486673907594
0.1654157043879908,0.2268125723100655,0.4292995140452768,0.8039350869749682,0.2172472872644203,0.2642649533425119,0.563304063712477,0.2674684994272622,0.5165238678090576,0.4478993919292428,0.3996038034865293,0.3557523602640154
0.1668013856812933,0.2320188970304666,0.4392556595946426,0.8004879083580823,0.2137064534551685,0.271607771148845,0.5824994894833572,0.2888029782359679,0.5278457772337821,0.455085682697623,0.404041204437401,0.360264015373047
0.1674364896073903,0.2330794446586965,0.4405594405594405,0.7995863385659736,0.2137064534551685,0.2729080618020498,0.5919950990402287,0.2966781214203894,0.5327417380660955,0.4564676616915423,0.4057844690966719,0.360974183306876
0.1611431870669746,0.2278731199382954,0.4406779661016949,0.8053139584217225,0.2075385494003427,0.2687777267859874,0.5853583826832754,0.2783505154639175,0.5221848225214197,0.449189238990234,0.3998019017432646,0.355167516083215
0.1520785219399538,0.2228114153490165,0.446722768756667,0.8122613491726771,0.19565962307253,0.2667125592779562,0.5746375331835818,0.2585910652920962,0.5078794369645042,0.4415422885572139,0.3927099841521395,0.348567131757039
0.1539838337182448,0.2250289240262244,0.448382126348228,0.8101930420025456,0.1966876070816676,0.2690071898424354,0.5795384929548703,0.2633161512027491,0.5097154222766217,0.4429242675511333,0.3929477020602219,0.3485253571726961
0.1632217090069284,0.2320188970304666,0.4466042432144126,0.8020789138735681,0.2066247858366648,0.2739788893988067,0.5949560955687154,0.2879438717067583,0.5233323133414932,0.4513543394140409,0.3987321711568938,0.3542902498120144
0.1633949191685912,0.2321635171615889,0.4466042432144126,0.8019728468392023,0.2068532267275842,0.2740553770842894,0.6015928119256687,0.2956758304696448,0.5278457772337821,0.4525981205085683,0.3997226624405706,0.3550839669145292
0.1547344110854503,0.2243540300809873,0.4451819367073604,0.8102460755197284,0.1989720159908624,0.2674009484472999,0.5930161323259138,0.2780641466208476,0.5180538555691555,0.4446287083103004,0.3940174326465928,0.3482747096666388
0.1470554272517321,0.2163517161588893,0.4412705938129667,0.8181480695799744,0.1932609937178755,0.2598286675845189,0.5752501531549928,0.25,0.5048194614443084,0.4354155150175051,0.3854992076069731,0.3398362436293758
0.148094688221709,0.2139895873505592,0.4333293824819249,0.8189435723377174,0.1980582524271845,0.2553923818265259,0.5775985297120686,0.2478522336769759,0.5028304773561811,0.4344941956882255,0.3835974643423138,0.3369955718940596
0.156986143187067,0.2187620516775935,0.4268104776579353,0.8122613491726771,0.2100513992004569,0.2570751109071439,0.5913824790688176,0.2637457044673539,0.5115514075887393,0.4402524414962226,0.387797147385103,0.3407135099005764
0.1621824480369515,0.2209795603548013,0.4215953537987436,0.8086550700042426,0.2177041690462593,0.2571515985926266,0.5961813355115376,0.270475372279496,0.5152233782129743,0.4412658927584301,0.3890649762282092,0.3420502965995488
0.1576789838337182,0.2160624758966448,0.418750740784639,0.8134280865507001,0.2146202170188464,0.2523328744072204,0.5833163161119053,0.2482817869415808,0.5054314565483476,0.4333886124930901,0.3821315372424723,0.3356587851950873
0.1500577367205543,0.2099402236791361,0.4193433684959109,0.8203224437844717,0.2068532267275842,0.2476671255927795,0.573105983255054,0.2177835051546391,0.4879895960832313,0.4225631103740557,0.3730586370839937,0.3257999832901662
0.1407043879907621,0.209843810258388,0.4383074552566078,0.8246711921934662,0.1883495145631068,0.2537096527459079,0.5836226260976107,0.2147766323024054,0.4873011015911872,0.421964252810024,0.3714342313787638,0.3239201269947364
0.1446304849884526,0.2143270343231778,0.441389119355221,0.8203754773016546,0.1907481439177613,0.2582224261893835,0.6004696753114152,0.231815578465063,0.4978580171358629,0.4269393771881334,0.3751188589540412,0.3262177291335951
0.1453233256351039,0.2149055148476668,0.4411520682707123,0.8197390750954603,0.1916619074814392,0.2586813523022793,0.6053706350827037,0.2353951890034364,0.5001529987760098,0.4269393771881334,0.3747226624405705,0.3256746595371376
0.1384526558891455,0.2102776706517547,0.4438781557425625,0.8254666949512092,0.1834380354083381,0.2558513079394217,0.5929140289973452,0.2094788087056128,0.486000611995104,0.4170351943983785,0.3665213946117274,0.3183223326927897
0.1307736720554272,0.2044446586964905,0.4454189877918691,0.8322019516334324,0.175214163335237,0.2517209729233593,0.5762711864406779,0.1821305841924398,0.4687882496940024,0.4071310116086236,0.3577258320126783,0.3096332191494694
0.1318706697459584,0.2059872734284612,0.4469598198411758,0.8308230801866779,0.1754426042261565,0.2534037020039773,0.5799469062691444,0.1781214203894616,0.4673347613219094,0.4076838032061913,0.3561806656101426,0.3077951374383825
0.1393764434180139,0.2111935981488623,0.4442337323693255,0.8245120916419176,0.1842375785265563,0.2566926724797307,0.5921993056973657,0.1947308132875143,0.4780446756425948,0.4137184448129722,0.3607369255150555,0.3114295262762135
0.1392609699769053,0.2120613189355958,0.446722768756667,0.8240878235044548,0.1829811536264992,0.2581459385039009,0.5988360220543189,0.1994558991981672,0.4811046511627907,0.4143173023770039,0.3611331220285261,0.3122232433787284
0.131581986143187,0.2080601619745468,0.4526490458693848,0.8298154433602036,0.1724728726442033,0.2569221355361786,0.5866857259546661,0.1722508591065292,0.4692472460220317,0.4050580431177447,0.3531695721077654,0.3039101010944941
0.1222863741339492,0.2036251446201311,0.4608273082849354,0.8365507000424267,0.1593375214163335,0.256004283310387,0.5727996732693484,0.1390320733104238,0.4522643818849449,0.394555002763958,0.3436608557844691,0.2953880858885453
0.1229214780600462,0.2055534130350944,0.4642645490103118,0.8351718285956725,0.1583095374071959,0.2586813523022793,0.5738207065550337,0.1365979381443298,0.4488984088127294,0.3941404090657822,0.342393026941363,0.2939677500208872
0.1295034642032332,0.211627458542229,0.4655683299751096,0.8288078065337292,0.1641347801256425,0.2639590026005813,0.5854604860118439,0.1453321878579611,0.4563188494492043,0.398378477980468,0.3466323296354992,0.2978527863647756
0.1329676674364896,0.2159660624758966,0.4692426217849946,0.8248302927450148,0.1658480868075386,0.2685482637295395,0.5845415560547274,0.1420389461626575,0.4577723378212974,0.3987009397457158,0.3477812995245642,0.2998161918288913
0.1272517321016166,0.2141824141920555,0.4765912054047647,0.8284365719134492,0.1565962307252998,0.2694661159553312,0.5674903001837859,0.1139747995418098,0.4455324357405141,0.3914225170444076,0.3420364500792393,0.2946361433703734
0.1195727482678984,0.2103740840725029,0.4831101102287543,0.8340581247348324,0.1459737292975443,0.2685482637295395,0.5511537676128242,0.0808991981672394,0.4319155446756426,0.3819329279528284,0.3352218700475436,0.2876597877851115
0.1235565819861432,0.2117238719629772,0.4781320374540714,0.831512515910055,0.1522558537978298,0.2680128499311611,0.5526853175413519,0.0751718213058419,0.4312270501835984,0.3823935876174682,0.3349049128367671,0.2878268861224831
0.1296189376443418,0.2154839953721558,0.4749318478132037,0.826633432329232,0.1597944031981725,0.2700015297537096,0.5663671635695323,0.0939289805269187,0.4430079559363525,0.3898562741846324,0.3402535657686212,0.2938424262678586
0.1286951501154734,0.2149055148476668,0.4754059499822211,0.827375901569792,0.1586521987435751,0.2696955790117791,0.5730038799264855,0.1096792668957617,0.451499388004896,0.3928505620047909,0.3426703645007924,0.2970590692622608
0.1256928406466513,0.2095545699961435,0.4684129429892141,0.8316716164616038,0.1589948600799543,0.2631941257457549,0.5617725137839493,0.0985108820160366,0.446297429620563,0.3871383821632578,0.3379160063391442,0.2935500041774584
0.1235565819861432,0.2073370613189356,0.467346213108925,0.8338990241832839,0.1575099942889777,0.2610524705522411,0.5542168674698794,0.0876288659793814,0.4418604651162791,0.3834991708126037,0.3344690966719493,0.2905004595204277
0.1297344110854503,0.2112900115696105,0.464383074552566,0.8289138735680951,0.1649343232438606,0.2632706134312376,0.563712477026751,0.1040950744558992,0.4501223990208078,0.3883360972913212,0.3386291600633914,0.2948450162920878
0.1351039260969977,0.2200636328576938,0.4749318478132037,0.8215952481968604,0.1651627641347801,0.2736729386568762,0.5880130692260568,0.1434707903780069,0.4717717258261933,0.4011885019347706,0.3483755942947702,0.3049544657030662
0.1396651270207852,0.2239683763979946,0.4750503733554581,0.8173525668222316,0.1697315819531696,0.2767324460761817,0.6001633653257096,0.167955326460481,0.4886780905752753,0.4098028376635342,0.3544770206022187,0.3101762887459269
0.1361431870669746,0.2179425376012341,0.4675832641934336,0.8222846839202376,0.1698458023986293,0.2695426036408138,0.5966918521543803,0.1743986254295532,0.4947215422276621,0.4115533443891653,0.3561014263074485,0.3110117804327847
0.1304849884526559,0.2178461241804859,0.4789617162498519,0.8249363597793805,0.1587664191890349,0.2731375248584978,0.5942413722687359,0.1752577319587629,0.4966340269277845,0.4119679380873411,0.3566164817749604,0.3097585429024981
0.1333140877598152,0.2256074045507135,0.4922365769823396,0.8193678404751803,0.1551113649343233,0.2836163377696191,0.6119052481110884,0.197737686139748,0.5094859241126071,0.4186935691910816,0.3612123613312203,0.3152310134514162
0.1408775981524249,0.2319224836097185,0.492355102524594,0.8124204497242257,0.1625356938892062,0.2886645250114731,0.6484582397386154,0.2371134020618556,0.5327417380660955,0.4322830292979547,0.3720285261489698,0.3252569136937087
0.1425519630484988,0.2379001156961049,0.5036150290387579,0.8083368689011455,0.1587664191890349,0.2970781704145632,0.6637737390238921,0.254438717067583,0.5468941248470012,0.4397457158651189,0.3778129952456418,0.3316066505138274
0.1350461893764434,0.2363575009641342,0.5152305321796847,0.8126325837929571,0.1457452884066248,0.2996022640354903,0.6550949560955687,0.224942726231386,0.5410036719706243,0.4348627234199374,0.3748019017432646,0.3287659787785111
0.1263856812933025,0.2365503278056305,0.5333649401446011,0.8165570640644888,0.1283837806967447,0.305568303503136,0.6479477230957729,0.1902920962199312,0.5333537331701346,0.4314999078680671,0.3731378763866878,0.3264266020553095
0.1344110854503464,0.2449865021210952,0.537631859665758,0.8082308018667798,0.134323243860651,0.3135995104788128,0.6501939963242802,0.177119129438717,0.5376376988984088,0.4367514280449604,0.3782091917591125,0.3318572980198847
0.1497690531177829,0.2592074816814501,0.5410691003911342,0.7933283835383962,0.1478012564249,0.3259905155270001,0.658770675924035,0.1898625429553264,0.5540085679314566,0.451124009581721,0.3897781299524564,0.3446403208288077
0.160161662817552,0.2686559969147705,0.542965509067204,0.7833580823080186,0.1572815533980583,0.3340982101881597,0.6448846232387175,0.2003150057273768,0.5668604651162791,0.4626405011977151,0.4000792393026941,0.3560030077700726
0.1649538106235566,0.2725125337446973,0.5426099324404409,0.7790093338990242,0.1620788121073672,0.3370812299219825,0.5978149887686338,0.183991981672394,0.5662484700122399,0.4646674037221301,0.4041204437400951,0.360639986632133
0.1730369515011547,0.2738623216351716,0.529335071707953,0.7745545184556639,0.1765848086807538,0.3338687471317118,0.5477843577700633,0.1754009163802978,0.5632649938800489,0.4678920213746084,0.408161648177496,0.3647756704820787
0.1896651270207852,0.2771885846509834,0.5033779779542491,0.765114552397115,0.2054825813820674,0.328132170720514,0.5068409230140902,0.1965922107674685,0.5721389228886169,0.4779804680302193,0.4193343898573692,0.3755117386582003
0.2089491916859122,0.2798881604319321,0.4704278772075382,0.7547730165464573,0.240434037692747,0.3196420376319412,0.4954053502144169,0.2511454753722794,0.5952417380660955,0.4947484798231067,0.434270998415214,0.3899657448408388
0.2142609699769053,0.276995757809487,0.4524119947848761,0.7539244802715316,0.254368932038835,0.3115343429707817,0.500612619971411,0.3005441008018327,0.613984088127295,0.5051593882439654,0.4444928684627575,0.3998245467457598
0.2134526558891455,0.2718376397994601,0.441389119355221,0.757159524819686,0.2588235294117648,0.3038855744225179,0.4858076373289769,0.3095647193585338,0.6138310893512852,0.5055279159756771,0.4454041204437401,0.401620853872504
0.2137990762124711,0.2715483995372156,0.4399668128481688,0.7571064913025032,0.2599657338663621,0.3031971852531742,0.4781498876863385,0.3140034364261168,0.6124541003671969,0.5060807075732449,0.4463153724247227,0.4030829643245049
0.2221131639722864,0.2697165445430003,0.418395164157876,0.7543487484089945,0.2784694460308395,0.2947835398500841,0.4877476005717786,0.3495131729667812,0.6263769889840882,0.5159848903629998,0.4560221870047544,0.4131088645667976
0.2301963048498845,0.2761762437331276,0.4175654853620955,0.7470301230377598,0.2869217589948601,0.2996022640354903,0.5075556463140698,0.390750286368843,0.6451958384332925,0.5295282845034089,0.468026941362916,0.4252652686105773
0.2323903002309469,0.2760316236020054,0.4128244636719212,0.7461285532456512,0.2913763563677899,0.2979960226403549,0.5149070859710025,0.3983390607101947,0.6464963280293757,0.5327529021558873,0.471553090332805,0.428649009942351
0.2267898383371824,0.2684631700732742,0.4057129311366599,0.7528638099278744,0.2892061679040548,0.2897353526082301,0.5012252399428221,0.3731386025200458,0.62874847001224,0.5226644555002764,0.4654912836767037,0.423176539393433
0.2210161662817552,0.2609911299652911,0.3991940263126704,0.7595990666100976,0.2866933181039406,0.2816276579470705,0.4879518072289157,0.3536655211912943,0.6142900856793146,0.5148332412014005,0.4602614896988907,0.4184977859470298
0.2247113163972287,0.2622927111453914,0.3949271067915135,0.7572125583368688,0.2924043403769275,0.28132170720514,0.4947927302430058,0.361254295532646,0.6142900856793146,0.5179196609544868,0.4613312202852615,0.4204611914111454
0.2289260969976905,0.2666795217894331,0.3968235154675833,0.7528638099278744,0.2957167332952599,0.2853755545357197,0.5119460894425159,0.3831615120274914,0.6236230110159118,0.5245992260917635,0.4671156893819335,0.4265602807252067
0.2252309468822171,0.2642209795603548,0.3984828730591443,0.7559397539244802,0.2911479154768704,0.2839987761970323,0.5178680824994895,0.3888888888888889,0.6234700122399021,0.523585774829556,0.4675515055467512,0.4275210961650931
0.2191685912240185,0.2581951407635943,0.3961123622140571,0.7620386084005091,0.2863506567675614,0.2784151751567997,0.503982029814172,0.3641179839633447,0.6069461444308445,0.5128524046434495,0.460499207606973,0.4200852201520595
0.2179561200923787,0.2552063247204011,0.3912528149816285,0.7642129826050064,0.2874928612221588,0.2745143031971852,0.4917296303859505,0.3455040091638029,0.5951652386780906,0.5056200479086052,0.455229793977813,0.4141114545910268
0.2211316397228637,0.2582915541843424,0.3923195448619176,0.7610309715740348,0.2901199314677328,0.2773443475600428,0.4959158668572595,0.3519473081328751,0.5980722154222766,0.5074166206007003,0.4567353407290016,0.4157824379647422
0.2236143187066974,0.2629193983802545,0.3986013986013985,0.7573716588884174,0.289548829240434,0.283004436285758,0.5092914028997345,0.3745704467353952,0.6077876376988984,0.5128063386769854,0.4607369255150555,0.4207118389172027
0.2214780600461894,0.2591110682607019,0.3936233258267156,0.7604476028850232,0.2898914905768133,0.2784151751567997,0.5174596691852154,0.3813001145475372,0.608782129742962,0.513681592039801,0.4597068145800317,0.4199181218146879
0.2168013856812933,0.2496625530273814,0.380111414009719,0.767766228256258,0.2917190177041691,0.2665595839069909,0.5104145395139881,0.3621134020618556,0.5975367197062423,0.5066334991708127,0.4522583201267829,0.4124404712173113
0.2086027713625866,0.2449382954107211,0.3850894867844021,0.7741832838353839,0.2812107367218733,0.2643414410279944,0.5038799264856034,0.3462199312714776,0.586750305997552,0.4984798231066888,0.4459587955625991,0.405631213969421
0.2087759815242494,0.249421519475511,0.3958753111295484,0.7716376750106066,0.2761850371216448,0.2714547957778797,0.5069430263426588,0.3460767468499426,0.5856028151774786,0.4944720840243229,0.4428684627575278,0.4027487676497618
0.2077944572748268,0.255736598534516,0.413417091383193,0.7686147645311837,0.2667047401484866,0.2820865840599663,0.5201143557279967,0.3629725085910652,0.592640758873929,0.4967293163810578,0.4446513470681458,0.4044197510234773
0.2064665127020785,0.2551099112996529,0.4146023468057366,0.7695693678404751,0.2648772130211309,0.2819336086890011,0.5297120686134368,0.3767182130584192,0.5959302325581395,0.4982494932743689,0.4450079239302694,0.4043362018547915
0.1965935334872979,0.2450829155418434,0.4102169017423254,0.7795927025880356,0.2572244431753284,0.2726021110601193,0.5254237288135593,0.3652634593356242,0.5892747858017136,0.4935968306615073,0.4396988906497623,0.3978193666973013
0.1880484988452656,0.2386714230620902,0.4119947848761408,0.7870704285108188,0.2478583666476299,0.2680893376166437,0.518787012456606,0.3540950744558991,0.5821603427172583,0.4884374424175419,0.4340729001584786,0.3915114044615256
0.1893764434180139,0.2441669880447358,0.4227806092212872,0.7834111158252015,0.2439748715019989,0.2759675692213553,0.522973248927915,0.3595360824742268,0.5852968176254589,0.4892205638474296,0.4355388272583201,0.3927646419918122
0.1939376443418014,0.2495179328962591,0.4265734265734265,0.7783729316928298,0.2467161621930325,0.2813981948906226,0.5335919950990402,0.3805841924398625,0.5973837209302325,0.4944720840243229,0.4401347068145801,0.3982788871250731
0.1908775981524249,0.2498071731585036,0.4334479080241791,0.7796457361052185,0.240434037692747,0.283845800826067,0.5396160914845823,0.3939003436426116,0.6041921664626684,0.4990326147042566,0.4423137876386688,0.4003676163422174
0.1868360277136259,0.2443598148862321,0.4284698352494963,0.7844717861688586,0.2388349514563107,0.2778797613584213,0.5343067183990198,0.3838774341351661,0.6016676866585068,0.4977888336097291,0.4397385103011093,0.3975687191912441
0.1863741339491917,0.2391534901658311,0.4166172810240606,0.7875477301654645,0.2439748715019989,0.269925042068227,0.523585868899326,0.3661225658648339,0.5916462668298653,0.4924451814999079,0.4347068145800317,0.3921380232266688
0.1893187066974596,0.2427689934438874,0.4194618940381652,0.7842066185829444,0.2455739577384352,0.2737494263423589,0.5219522156422299,0.3674112256586483,0.5946297429620563,0.4931822369633315,0.4355388272583201,0.3931406132508981
0.1957852193995381,0.2506748939452372,0.4256252222353917,0.7768879932117098,0.2490005711022273,0.2820100963744837,0.5295078619562997,0.3865979381443298,0.6063341493268054,0.4990786806707205,0.4414421553090333,0.3996992229927312
0.1987875288683603,0.2503856536829927,0.418750740784639,0.775668222316504,0.2552826956025129,0.2795624904390393,0.5342046150704512,0.3921821305841924,0.6100826193390453,0.5028560899207666,0.4437400950871633,0.403417160999248
0.1874133949191686,0.2432992672580023,0.4246770178973569,0.7847899872719558,0.2411193603655054,0.2758145938503901,0.5276700020420665,0.3737113402061855,0.6005201958384332,0.4988022848719367,0.4381537242472266,0.3977775921129585
0.1777713625866051,0.2413227921326649,0.43972976176366,0.7903054730589733,0.224328954882924,0.2791035643261434,0.5197059424137227,0.3559564719358533,0.5931762545899633,0.494149622259075,0.4339540412044375,0.3936001336786698
0.1817551963048499,0.2496143463170073,0.4518193670736043,0.78394145099703,0.2225014277555682,0.2895823772372647,0.5248111088421482,0.3666953035509736,0.5986077111383109,0.4968675142804497,0.437757527733756,0.3976940429442727
0.1859122401847575,0.257423833397609,0.4624866658764964,0.7777365294866355,0.2214734437464306,0.2992963132935597,0.5382887482131917,0.3891752577319587,0.6122246022031823,0.5052975861433573,0.4457210776545166,0.4059236360598212
0.1862009237875289,0.2582433474739684,0.4639089723835486,0.7771531607976241,0.2211307824100514,0.3003671408903166,0.5419644680416581,0.3987686139747995,0.6189565483476132,0.5108715680854984,0.449960380348653,0.4100593199097669
0.1748845265588914,0.2505302738141149,0.4681758919047055,0.786593126856173,0.2078812107367219,0.2956249043903931,0.5334898917704717,0.3860252004581901,0.6126835985312118,0.509812050856827,0.4484944532488114,0.4076363940178795
0.1727482678983834,0.2479271114539144,0.4661609576863814,0.7889796351294017,0.2066247858366648,0.2929478353985008,0.5239942822136001,0.3722794959908361,0.605875152998776,0.5085222037958357,0.4467115689381933,0.4059236360598212
0.1803695150115473,0.2556883918241419,0.4695981984117577,0.7811837081035213,0.2125642490005711,0.3001376778338687,0.5285889319991831,0.3813001145475372,0.6108476132190943,0.5123456790123457,0.4501584786053883,0.4101846436627955
0.1872401847575058,0.2634014654839954,0.474339220101932,0.7738120492151039,0.2171330668189606,0.3077864463821324,0.54114764141311,0.4004868270332187,0.6215575275397797,0.5188870462502304,0.4561806656101426,0.4169939009106859
0.1846997690531178,0.2633532587736213,0.4795543439611236,0.7750318201103097,0.2119931467732724,0.3094691754627505,0.5479885644272003,0.40893470790378,0.6246940024479803,0.5230329832319882,0.4595087163232964,0.4202940930737739
0.1764434180138568,0.2564114924797532,0.4793172928766149,0.7826156130674585,0.2039977155910908,0.3038855744225179,0.5401266081274249,0.3911798396334479,0.6161260709914321,0.519624101713654,0.4566164817749604,0.4173698721697719
0.1741916859122402,0.2536637099884303,0.4774208842005452,0.7851612218922359,0.2026270702455739,0.301132017745143,0.5299162752705738,0.3711340206185566,0.6063341493268054,0.5135433941404091,0.4520998415213946,0.4133595120728549
0.1770785219399538,0.2584361743154647,0.4831101102287543,0.7811837081035213,0.2027412906910337,0.3067156187853755,0.5314478251991014,0.3689862542955326,0.6053396572827417,0.5138658559056569,0.4533280507131538,0.4143203275127412
0.183256351039261,0.2672580023139221,0.4921180514400853,0.7735468816291896,0.2045688178183895,0.3165825302126357,0.540535021441699,0.3808705612829324,0.6092411260709915,0.5187027823843744,0.4583201267828843,0.4201687693207452
0.1829099307159353,0.2680293096799074,0.4948441389119355,0.7732817140432753,0.2029697315819532,0.3181122839222884,0.5437002246273228,0.3802978235967926,0.6083996328029375,0.5198544315459739,0.4599841521394612,0.422800568134347
0.1751154734411085,0.2601234091785576,0.4911698471020505,0.7811837081035213,0.1970302684180468,0.3106164907449901,0.5340004084133143,0.3571019473081329,0.5951652386780906,0.5125299428782016,0.4538034865293185,0.4174534213384577
0.1726327944572748,0.2553509448515233,0.4846509422780609,0.7849490878235044,0.1977155910908053,0.3047269389628269,0.5246069021850113,0.3320446735395188,0.5813953488372093,0.5046987285793256,0.4475039619651347,0.4108948115966246
0.172459584295612,0.2590628615503278,0.4941329856584094,0.7829868476877385,0.1929183323814963,0.3107694661159553,0.5290994486420257,0.3364833906071019,0.5817778457772338,0.5049290584116455,0.4483359746434232,0.4119391762051967
0.1776558891454965,0.2651369070574624,0.4985184307218205,0.7772592278319898,0.1958880639634495,0.3169649686400489,0.5452317745558505,0.3539518900343643,0.5891982864137086,0.5085222037958357,0.4521790808240887,0.4156571142117136
0.1808314087759815,0.2638353258773621,0.488680810714709,0.7765167585914298,0.2038834951456311,0.3128346336239865,0.5570757606697978,0.3701317296678121,0.5943237454100367,0.5110558319513544,0.4543185419968304,0.4167432534046286
0.1778290993071593,0.2558330119552642,0.4750503733554581,0.7822974119643614,0.207424328954883,0.3020498699709347,0.5564631406983868,0.3631156930126002,0.5872858017135862,0.5075548185000922,0.4502377179080825,0.4129835408137689
0.1782332563510393,0.2550134978789047,0.4723242858836079,0.7825625795502757,0.209137635636779,0.3005201162612819,0.5587094139268939,0.3542382588774341,0.5806303549571603,0.5045144647134697,0.4467115689381933,0.4091820536385663
0.1833718244803695,0.2628711916698804,0.4810951760104303,0.7758803563852354,0.2100513992004569,0.3095456631482331,0.5716765366550949,0.3669816723940435,0.5873623011015912,0.5071862907683804,0.4497622820919176,0.4116885286991394
0.1875866050808314,0.2707288854608561,0.4917624748133222,0.769622401357658,0.2090234151913192,0.3192595992045281,0.5937308556258933,0.393184421534937,0.6003671970624236,0.5132669983416253,0.4561014263074485,0.4175787450914863
0.1855080831408776,0.2686077902043964,0.4908142704752873,0.7717437420449724,0.207424328954883,0.3172709193819795,0.6106800081682663,0.4102233676975944,0.6082466340269278,0.517551133222775,0.4586370839936609,0.4194586013869161
0.1814087759815242,0.2587736212880833,0.4750503733554581,0.7790623674162069,0.2109651627641348,0.3043445005354138,0.6137431080253216,0.4049255441008018,0.60296817625459,0.5150635710337204,0.4549524564183835,0.4150304954465703
0.1745958429561201,0.2472522175086772,0.4605902572004267,0.788502333474756,0.2111936036550542,0.2905767171485391,0.6216050643250969,0.399914089347079,0.5971542227662179,0.5089828634604754,0.4506339144215531,0.4100593199097669
0.1745381062355658,0.2554473582722715,0.4808581249259215,0.7840475180313958,0.2013706453455169,0.3035796236805874,0.6385542168674698,0.4019186712485681,0.5953947368421052,0.5074166206007003,0.4490887480190174,0.4085972094577658
0.1785796766743649,0.2625337446972619,0.4902216427640156,0.7782668646584642,0.2007995431182181,0.312299219825608,0.6610169491525423,0.4085051546391752,0.6038096695226438,0.5111940298507462,0.4532091917591125,0.4123569220486255
0.1741916859122402,0.2616660239105283,0.4970961242147682,0.7807594399660586,0.1932609937178755,0.3138289735352608,0.6730651419236267,0.3989117983963345,0.6009791921664627,0.5094435231251152,0.45229793977813,0.4130253153981117
0.1631639722863741,0.2541939838025453,0.5012445181936708,0.7899342384386933,0.1803540833809252,0.3092397124063025,0.6782724116806207,0.3622565864833906,0.5840728274173806,0.5001842638658559,0.4446117274167987,0.4064249310719358
0.1514434180138568,0.2474932510605476,0.5088301528979495,0.7990029698769622,0.1650485436893204,0.3063331803579623,0.6742903818664487,0.3188717067583047,0.5651009791921665,0.4900958172102451,0.4362519809825674,0.3976104937755869
0.1576789838337182,0.2562186656382569,0.5173639919402632,0.7913131098854476,0.1671045117075957,0.3160471164142573,0.6772513783949357,0.3071305841924399,0.5632649938800489,0.4904643449419569,0.4371236133122028,0.3985713092154733
0.166108545034642,0.2663420748168145,0.5250681521867963,0.7819261773440814,0.1716733295259851,0.3265259293253786,0.6710230753522564,0.3092783505154639,0.5680844553243574,0.4939192924267552,0.4419968304278922,0.4040437797643913
0.1731524249422633,0.2687524103355187,0.516652838686737,0.7773122613491726,0.1827527127355797,0.3257610524705522,0.6438635899530324,0.3028350515463917,0.5667074663402693,0.4954394693200664,0.4438985736925515,0.4067591277466789
0.1761547344110854,0.2642209795603548,0.499348109517601,0.7784259652100127,0.1940605368360936,0.3165060425271531,0.5928119256687768,0.2739117983963345,0.5530905752753978,0.4908789386401327,0.4392630744849445,0.4023727963906759
0.1796189376443418,0.2581951407635943,0.4773023586582909,0.780176071277047,0.2081096516276414,0.3046504512773443,0.5387992648560342,0.2531500572737686,0.5383261933904528,0.4853049566979915,0.4345483359746435,0.3984042108781017
0.1884526558891455,0.2576166602391053,0.4577456441863221,0.776410691557064,0.2262707024557396,0.2979195349548723,0.5126608127424954,0.2650343642611684,0.5380966952264382,0.486364473926663,0.4356180665610142,0.4006600384326176
0.1986720554272517,0.2587254145777092,0.4394927106791514,0.7711073398387781,0.245231296402056,0.2928713477130182,0.5218501123136614,0.3099942726231386,0.5503365973072215,0.4934125667956514,0.4405705229793978,0.4059236360598212
0.2016743648960739,0.2529406093328191,0.4191063174114021,0.7729104794229953,0.2580239862935466,0.2817041456325531,0.5221564222993669,0.3277491408934708,0.5523255813953488,0.4953473373871384,0.4410459587955626,0.4064249310719358
0.1970554272517321,0.2447454685692248,0.4084390186085102,0.7795396690708527,0.2585950885208453,0.2717607465198103,0.5114355727996732,0.3215922107674684,0.5428396572827417,0.4904182789754929,0.4361331220285261,0.4020385997159328
0.1924364896073903,0.2403586579251832,0.4070167121014578,0.7841005515485786,0.2547115933752142,0.2678598745601958,0.500816826628548,0.3118556701030928,0.5337362301101591,0.4861802100608071,0.4321711568938193,0.3984042108781017
0.1965357967667436,0.2452757423833397,0.4108095294535973,0.7795396690708527,0.2568817818389492,0.2729845494875325,0.5078619562997754,0.3205899198167239,0.5364137086903304,0.4879767827529022,0.4334786053882726,0.3999080959144456
0.2036374133949192,0.2505302738141149,0.4091501718620363,0.7733347475604582,0.2646487721302114,0.2765794707052165,0.5203185623851337,0.3337628865979381,0.5439106487148103,0.4917081260364843,0.4368462757527733,0.4038349068426769
0.1964203233256351,0.2480235248746626,0.4176840109043499,0.7780547305897326,0.2534551684751571,0.2773443475600428,0.528180518684909,0.3406357388316151,0.5444461444308445,0.4923991155334439,0.4376782884310618,0.4054641156320494
0.1903002309468822,0.2404068646355573,0.4116392082493778,0.7850551548578701,0.2502569960022844,0.2693131405843659,0.518991219113743,0.3190148911798396,0.531594247246022,0.4855813524967754,0.430784469096672,0.3982788871250731
0.1867205542725173,0.2385750096413421,0.4143652957212279,0.7877068307170131,0.2454597372929755,0.2687777267859874,0.5117418827853788,0.3014032073310423,0.523485312117503,0.4808826239174498,0.4267828843106181,0.3943938507811847
0.1905311778290993,0.2449382954107211,0.4223065070522698,0.78245651251591,0.2453455168475157,0.2764264953342512,0.5192975290994486,0.3056987399770905,0.5277692778457772,0.4830016583747927,0.4297939778129953,0.3973180716851867
0.1964780600461894,0.2527959892016969,0.4295365651297854,0.7754030547305897,0.2477441462021702,0.2849931161083066,0.531958341841944,0.3205899198167239,0.5370257037943696,0.4882531785516861,0.4353011093502377,0.4020385997159328
0.1937066974595843,0.2503856536829927,0.4291809885030224,0.7780016970725498,0.245231296402056,0.2829279486002753,0.5362466816418214,0.3241695303550973,0.535189718482252,0.4874700571217984,0.4352614896988906,0.4018715013785612
0.1859699769053118,0.2401658310836869,0.4198174706649283,0.7871764955451845,0.242147344374643,0.2717607465198103,0.5236879722278945,0.3016895761741122,0.5231028151774786,0.4796388428229224,0.4283676703645008,0.3942267524438132
0.1842956120092379,0.2376590821442345,0.4172099087353324,0.7893508697496817,0.2416904625928041,0.2690071898424354,0.5174596691852154,0.2899484536082474,0.5166768665850673,0.4748940482771329,0.4242472266244057,0.390968334865068
0.1868360277136259,0.2415638256845353,0.4215953537987436,0.7860097581671617,0.2420331239291833,0.2734434756004283,0.5234837655707575,0.2959621993127148,0.521266829865361,0.4763220932375162,0.4263074484944533,0.3932659370039268
0.1905311778290993,0.2467219436945622,0.4266919521156809,0.7815019092066186,0.2432895488292404,0.2791800520116261,0.5348172350418623,0.308991981672394,0.5289167686658507,0.480514096185738,0.4305071315372425,0.3975687191912441
0.1874133949191686,0.2465291168530659,0.4326182292283986,0.7829868476877385,0.2373500856653341,0.2810157564632094,0.5412497447416785,0.3107101947308133,0.5299877600979193,0.4821264050119772,0.4322107765451664,0.3975269446069011
0.1790993071593533,0.2397801774006942,0.4330923313974161,0.7905706406448875,0.2288977727013136,0.2757381061649074,0.5318562385133755,0.2945303550973654,0.52203182374541,0.4778883360972913,0.4274960380348653,0.392096248642326
0.1747690531177829,0.2365985345160046,0.4341590612777053,0.7942829868476877,0.2241005139920046,0.2735964509713935,0.5269552787420869,0.2835051546391752,0.5157588739290085,0.4738805970149254,0.423851030110935,0.3893391260756955
0.1782909930715935,0.2435885075202468,0.4441152068270713,0.7888205345778532,0.2227298686464877,0.2823925348018968,0.5374719215846436,0.2948167239404353,0.5228733170134638,0.4773816104661876,0.4274960380348653,0.3925557690700977
0.1857390300230947,0.2521693019668338,0.4499229583975346,0.7806533729316928,0.2272986864648772,0.2910356432614349,0.5490095977128854,0.3117124856815578,0.5327417380660955,0.482494932743689,0.4332012678288431,0.39794469045033
0.1795612009237875,0.2493733127651369,0.4557307099679981,0.7850551548578701,0.2185037121644775,0.2907296925195043,0.5510516642842557,0.3151489117983963,0.5349602203182374,0.4842454394693201,0.4345879556259905,0.3991143788119308
0.1747113163972286,0.2410817585807944,0.4453004622496148,0.7918434450572761,0.2187321530553969,0.2807098057212788,0.5389013681846028,0.2935280641466208,0.5240208078335373,0.4778422701308274,0.4282091917591125,0.3938090066003843
0.1740762124711316,0.2377554955649826,0.4384259807988621,0.7939647857445905,0.2213592233009709,0.2758910815358727,0.5285889319991831,0.279495990836197,0.5166768665850673,0.4741569928137092,0.4246434231378764,0.3914278552928398
0.1804272517321016,0.2411299652911685,0.4338034846509422,0.7891917691981332,0.2299257567104512,0.2770383968181122,0.5309373085562589,0.2850801832760595,0.5192013463892289,0.4754007739082366,0.4266244057052298,0.3936419082630128
0.1870669745958429,0.2452275356729656,0.4300106672988029,0.7838884174798473,0.238263849229012,0.2791035643261434,0.5360424749846844,0.2933848797250858,0.525015299877601,0.4776580062649714,0.4303090332805072,0.3963990308296433
0.1868360277136259,0.2439741612032394,0.4276401564537158,0.7846839202375901,0.2391776127926899,0.2773443475600428,0.5346130283847254,0.2938144329896907,0.5247858017135862,0.4784871936613231,0.4303882725832013,0.3976940429442727
0.1854503464203233,0.2383821827998457,0.4166172810240606,0.7883962664403903,0.243061107938321,0.2693896282698485,0.5230753522564835,0.2754868270332187,0.5145348837209303,0.4729592776856459,0.4262282091917591,0.3932241624195839
0.1860854503464203,0.2390570767450829,0.4168543321085694,0.787759864234196,0.2436322101656196,0.269925042068227,0.5151112926281396,0.2601660939289805,0.5075734394124847,0.4689515386032799,0.4237717908082409,0.3901746177625533
0.1867205542725173,0.2458542229078287,0.43238117814389,0.7837293169282986,0.2367789834380354,0.2803273672938657,0.5253216254849908,0.2670389461626574,0.5111689106487148,0.4709784411276949,0.426188589540412,0.3933077115882696
0.1868360277136259,0.2522175086772079,0.4479080241792106,0.7801230377598642,0.2293546544831525,0.2904237417775738,0.5370635082703695,0.2793528064146621,0.5178243574051408,0.4752165100423807,0.4300713153724247,0.3969003258417579
0.1842956120092379,0.2505302738141149,0.4488562285172454,0.7822443784471786,0.2263849229011993,0.2893529141808169,0.5377782315703492,0.2832187857961054,0.518359853121175,0.4756771697070205,0.4305863708399366,0.3974016208538725
0.1781177829099307,0.2413227921326649,0.4390186085101339,0.7901463725074247,0.2250142775556824,0.2789505889551782,0.5268531754135184,0.2660366552119129,0.5082619339045288,0.4697807259996315,0.4248811410459588,0.391344306124154
0.1803695150115473,0.2423833397608947,0.4368851487495555,0.7885553669919388,0.2283266704740149,0.2790270766406608,0.5208290790279763,0.2568728522336769,0.5023714810281518,0.4664639764142252,0.4218304278922345,0.3885454089731807
0.1848152424942263,0.2478306980331662,0.4411520682707123,0.7835171828595673,0.2306110793832096,0.2847636530518586,0.5268531754135184,0.2660366552119129,0.5063494492044064,0.4691818684355998,0.4250792393026942,0.3910936586180967
0.1909353348729792,0.2545314307751639,0.445063411165106,0.7769940602460755,0.2348372358652199,0.2913415940033654,0.5376761282417807,0.2793528064146621,0.5149173806609547,0.4741569928137092,0.4297543581616482,0.3961483833235859
0.1876443418013857,0.2498553798688777,0.4403223894749318,0.7810776410691557,0.233923472301542,0.2860639437050635,0.5361445783132529,0.2737686139747995,0.5135403916768666,0.4735120692832136,0.428526148969889,0.3955217645584427
0.1767898383371824,0.2386232163517161,0.4349887400734858,0.7922677131947391,0.2256996002284409,0.2754321554229769,0.5219522156422299,0.2507159221076747,0.5008414932680538,0.4660493827160494,0.4212361331220285,0.3883365360514663
0.1758083140877598,0.2389124566139606,0.437714827545336,0.7925328807806533,0.2234151913192462,0.2765794707052165,0.5156218092709822,0.2378293241695303,0.4939565483476132,0.462916896996499,0.4185419968304279,0.3866237780934079
0.1804272517321016,0.2458542229078287,0.4453004622496148,0.786593126856173,0.224328954882924,0.2845341899954107,0.5227690422707779,0.2468499427262314,0.4996175030599755,0.4659111848166575,0.4221870047543582,0.3900910685938675
0.1853926096997691,0.251735441573467,0.4495673817707716,0.7810776410691557,0.2271844660194175,0.2905767171485391,0.5349193383704308,0.2580183276059565,0.50734394124847,0.4696885940667035,0.4258716323296355,0.3936001336786698
0.1825635103926097,0.2497589664481296,0.4505155861088064,0.7834641493423843,0.2239862935465448,0.2892764264953342,0.5344088217275883,0.2504295532646048,0.5037484700122399,0.4682144831398563,0.4244849445324881,0.3920544740579831
0.1751732101616628,0.2422869263401465,0.4473153964679388,0.7909418752651676,0.2181610508280982,0.2823925348018968,0.518991219113743,0.2222222222222222,0.488984088127295,0.4607978625391561,0.4181061806656101,0.3854540897318071
0.1713625866050808,0.2392016968762051,0.4476709730947019,0.7944420873992363,0.2141633352370074,0.2800214165519351,0.5147028793138656,0.2114833906071019,0.4858476132190942,0.4582181684171734,0.4164025356576862,0.3839919792798061
0.1736720554272517,0.2432028538372541,0.4526490458693848,0.791154009333899,0.2140491147915477,0.2848401407373412,0.5263426587706759,0.2253722794959907,0.4931915544675642,0.4617191818684357,0.4194532488114104,0.3877934664550087
0.1772517321016166,0.2520246818357115,0.4669906364821619,0.7846308867204073,0.2107367218732153,0.2964662689307021,0.5283847253420461,0.2279495990836197,0.4929620563035495,0.4617652478348996,0.4192947702060222,0.3879605647923803
0.1733256351039261,0.2468665638256845,0.462368140334242,0.7892978362324989,0.2090234151913192,0.2908826678904696,0.5297120686134368,0.2243699885452462,0.4903610771113831,0.4606135986733002,0.418026941362916,0.3864566797560364
0.1640877598152425,0.2325009641342075,0.4458930899608865,0.8014425116673738,0.2078812107367219,0.274131864769772,0.518582805799469,0.2081901489117983,0.480798653610771,0.4549935507646951,0.4114500792393027,0.3798562954298605
0.1644919168591224,0.2270053991515619,0.4316700248903639,0.8043063215952482,0.2150770988006853,0.2651828055683035,0.5192975290994486,0.2093356242840779,0.4798041615667074,0.4539340335360236,0.4100633914421553,0.3773915949536302
0.1719976905311778,0.2336097184728114,0.4326182292283986,0.797199830292745,0.2220445459737293,0.270766406608536,0.537165611598938,0.2326746849942726,0.4923500611995103,0.4606135986733002,0.4152535657686212,0.3826969671651767
0.1772517321016166,0.2423351330505206,0.4431670024890364,0.789987271955876,0.2222729868646488,0.2810157564632094,0.5587094139268939,0.2588774341351661,0.5061199510403916,0.4676616915422886,0.4204437400950871,0.3884618598044949
0.1747690531177829,0.2406478981874277,0.4441152068270713,0.7920555791260077,0.2193032552826956,0.2800214165519351,0.5649377169695732,0.2678980526918671,0.5104804161566707,0.4684448129721761,0.4213549920760697,0.3889631548166095
0.1700346420323326,0.2352005399151562,0.4404409150171862,0.7972528638099278,0.2164477441462022,0.2745143031971852,0.5648356136410047,0.265893470790378,0.5082619339045288,0.466740372213009,0.4192155309033281,0.3859553847439218
0.1744803695150115,0.2383821827998457,0.4391371340523883,0.793434450572762,0.2213592233009709,0.2765794707052165,0.5734122932407596,0.2733390607101947,0.5133873929008568,0.4682605491063203,0.4201664025356577,0.3868326510151224
0.183891454965358,0.2492286926340146,0.4464857176721584,0.7831459482392872,0.2271844660194175,0.2875936974147162,0.5962834388401062,0.3035509736540664,0.5282282741738066,0.4745715865118851,0.4265055467511886,0.3925557690700977
0.1853348729792148,0.2538565368299267,0.4549010311722176,0.7799639372083156,0.2245573957738436,0.2940186629952577,0.6243618541964467,0.3266036655211912,0.5410801713586292,0.4795467108899944,0.431418383518225,0.3965661291670148
0.1755773672055427,0.247107597377555,0.4583382718975939,0.7881310988544761,0.2132495716733295,0.2897353526082301,0.6394731468245863,0.324742268041237,0.5402386780905752,0.4780725999631472,0.4293977812995246,0.394268527028156
0.164838337182448,0.2412263787119167,0.466042432144127,0.7962982605006363,0.1988577955454026,0.2875936974147162,0.6383500102103328,0.2948167239404353,0.5270807833537332,0.4705177814630552,0.421473851030111,0.3877516918706659
0.1639145496535797,0.2435885075202468,0.4736280668484057,0.7954497242257106,0.1944031981724729,0.2918770078017439,0.6419236267102307,0.2706185567010309,0.518359853121175,0.4660493827160494,0.4171949286846276,0.3836160080207202
0.1614896073903002,0.2467701504049364,0.4864288254118762,0.7948133220195163,0.1858366647629926,0.2985314364387333,0.662752705738207,0.2615979381443298,0.516906364749082,0.4660493827160494,0.4173137876386688,0.3841590776171776
0.1583140877598152,0.2479753181642885,0.4959108687922247,0.7956088247772591,0.1780696744717304,0.3025852837693131,0.6770471717377986,0.2530068728522336,0.5168298653610771,0.4654965911184817,0.4182250396196513,0.3858300609908932
0.1568706697459584,0.247734284612418,0.4982813796373119,0.7963512940178192,0.1754426042261565,0.3031206975676915,0.6750051051664283,0.2315292096219931,0.5108629130966952,0.4627326331306431,0.4162836767036451,0.3827805163338625
0.1584295612009238,0.2469147705360586,0.4930662557781201,0.7961391599490878,0.179554540262707,0.3007495793177298,0.6457014498672656,0.2031786941580756,0.5000764993880049,0.4584945642159573,0.4123613312202853,0.3787701562369454
0.1674364896073903,0.2530370227535673,0.4896290150527438,0.7886084005091217,0.1901770416904626,0.3044974759063791,0.6056769450684092,0.1891466208476517,0.4958690330477356,0.4597383453104846,0.4131933438985737,0.3806500125323753
0.1811778290993071,0.2626783648283841,0.4852435699893327,0.7769940602460755,0.2058252427184466,0.3107694661159553,0.5741270165407392,0.1991695303550973,0.5039779681762546,0.4660493827160494,0.4204041204437401,0.3885036343888378
0.1961316397228637,0.2666795217894331,0.4642645490103118,0.7679253288078065,0.2307252998286693,0.3071745448982714,0.5373698182560751,0.2061855670103092,0.5063494492044064,0.4672931638105768,0.4235340729001585,0.3921797978110118
0.2002886836027713,0.2612803702275356,0.4424558492355103,0.7689859991514637,0.2453455168475157,0.295854367446841,0.5077598529712068,0.2120561282932417,0.5022184822521419,0.4666482402800811,0.4218304278922345,0.3910101094494109
0.1948614318706698,0.2463362900115696,0.4168543321085694,0.7796987696224013,0.2523129640205597,0.2757381061649074,0.4952011435572799,0.2116265750286368,0.4929620563035495,0.4618573797678276,0.4159667194928684,0.384409725123235
0.1992494226327944,0.2438777477824913,0.4018015882422662,0.7790093338990242,0.2638492290119932,0.2689307021569527,0.4945885235858689,0.2192153493699885,0.4928855569155446,0.4611203243044039,0.4152535657686212,0.3826134179964909
0.2095842956120092,0.2527477824913228,0.4023942159535379,0.7694102672889266,0.2737864077669903,0.2761205445923206,0.5064325096998162,0.2471363115693012,0.505125458996328,0.4681223512069284,0.4209984152139461,0.3883783106358091
0.2172632794457275,0.2584361743154647,0.4006163328197227,0.7627810776410691,0.2823529411764706,0.2800979042374177,0.5126608127424954,0.270475372279496,0.5136933904528763,0.4733738713838217,0.4256339144215531,0.3930152894978694
0.2157621247113164,0.2554473582722715,0.3963494132985658,0.765061518879932,0.2829240434037693,0.2763500076487685,0.5123545027567898,0.268184421534937,0.5097154222766217,0.4714391007923346,0.4240887480190174,0.3918038265519258
0.2086605080831409,0.2473486309294254,0.3908972383548654,0.7728044123886295,0.2784694460308395,0.2681658253021263,0.5030630998570553,0.2478522336769759,0.4967870257037943,0.4639303482587065,0.4178684627575278,0.3850363438883782
0.2080831408775982,0.2436367142306209,0.3831930781083323,0.7751378871446755,0.2815533980582524,0.2627351996328591,0.4980600367571982,0.2396907216494845,0.4899020807833537,0.4601990049751244,0.4148177496038035,0.3817361517252903
0.2118360277136259,0.2487466255302738,0.3879340997985065,0.7705770046669494,0.2830382638492291,0.2683188006730916,0.5072493363283643,0.2484249713631156,0.496328029375765,0.4632854247282108,0.4181854199683043,0.3845350488762636
0.2160508083140878,0.255736598534516,0.3964679388408201,0.7647963512940178,0.2831524842946888,0.2765794707052165,0.5177659791709209,0.256729667812142,0.5031364749082008,0.4669246360788649,0.4216719492868463,0.3878352410393517
0.2072170900692841,0.2518800617045892,0.4050017778831338,0.7710012728044123,0.2702455739577384,0.2763500076487685,0.5163365325709618,0.2494272623138602,0.5002294981640146,0.4654505251520177,0.4201267828843106,0.3860807084969505
0.1966512702078522,0.2429618202853837,0.4048832523408794,0.7807594399660586,0.2598515134209024,0.2691601652134006,0.5058198897284051,0.2288087056128293,0.4875305997552019,0.4601068730421965,0.4143819334389857,0.3796891970924889
0.1986143187066975,0.241997686077902,0.3984828730591443,0.7803351718285956,0.2648772130211309,0.2664066085360257,0.5043904431284459,0.2237972508591065,0.4837056303549571,0.4575271789202138,0.412202852614897,0.3773498203692872
0.2075635103926097,0.2487466255302738,0.3967049899253289,0.7725392448027153,0.2745859508852085,0.2711488450359492,0.5152133959567081,0.2419816723940435,0.4936505507955936,0.462778699097107,0.4168779714738511,0.3817779263096332
0.2119515011547344,0.2558330119552642,0.4051203034253882,0.7666525243954179,0.274814391776128,0.2794860027535567,0.5249132121707167,0.2557273768613975,0.5021419828641371,0.4679380873410724,0.4211965134706815,0.3860389339126076
0.2083718244803695,0.2529888160431932,0.4054758800521512,0.7698345354263894,0.2711593375214164,0.2773443475600428,0.5199101490708596,0.245418098510882,0.4960220318237454,0.4646674037221301,0.4185023771790808,0.3838248809424346
0.2028290993071594,0.2465291168530659,0.4009719094464857,0.7759333899024182,0.267846944603084,0.270766406608536,0.5093935062283029,0.2229381443298969,0.484547123623011,0.4594158835452367,0.4126386687797148,0.3783106358091737
0.1982101616628175,0.2453721558040879,0.4076093398127297,0.7786911327959269,0.2600799543118218,0.2719902095762582,0.5107208494996937,0.218213058419244,0.480875152998776,0.4579417726183896,0.40986529318542,0.3765143286824296
0.1994226327944573,0.2491804859236406,0.4146023468057366,0.776039456936784,0.2579097658480868,0.2772678598745602,0.518378599142332,0.233963344788087,0.4894430844553243,0.4621337755666114,0.4134310618066561,0.379647422508146
0.2003464203233256,0.2528441959120709,0.4215953537987436,0.7735999151463725,0.2555111364934324,0.2823925348018968,0.5274657953849294,0.2507159221076747,0.4967870257037943,0.4655426570849457,0.4178684627575278,0.3821538975687191
0.1934757505773672,0.2483609718472811,0.4246770178973569,0.7792214679677555,0.2471730439748715,0.2798684411809699,0.5240963855421686,0.2471363115693012,0.4938035495716034,0.4642528100239543,0.4166006339144216,0.3810259837914613
0.1863741339491917,0.2405514847666795,0.4199359962071826,0.7867522274077217,0.2424900057110223,0.2721431849472235,0.5116397794568103,0.2266609392898052,0.4831701346389229,0.458955223880597,0.4112123613312203,0.3750522182304286
0.183487297921478,0.239683763979946,0.4238473391015764,0.7886084005091217,0.2376927470017133,0.2726785987456019,0.5092914028997345,0.2229381443298969,0.4817931456548347,0.4584945642159573,0.4099445324881141,0.3746762469713426
0.1912817551963049,0.2473486309294254,0.4268104776579353,0.7808124734832413,0.2439748715019989,0.2797919534954872,0.5196038390851542,0.2418384879725085,0.4927325581395348,0.4645292058227381,0.4151743264659271,0.3804411396106609
0.1969399538106235,0.2533744697261859,0.4298921417565485,0.7748727195587611,0.2480868075385494,0.285528529906685,0.5274657953849294,0.2538659793814433,0.5000764993880049,0.4693200663349917,0.4196513470681458,0.3846603726292923
0.1970554272517321,0.2526031623602005,0.4277586819959701,0.7752439541790411,0.2492290119931468,0.2842282392534802,0.5218501123136614,0.2457044673539518,0.4952570379436964,0.4672010318776488,0.4177496038034865,0.3818614754783189
0.1958429561200924,0.2469629772464327,0.4164987554818063,0.7789032668646584,0.2534551684751571,0.2761205445923206,0.5087808862568919,0.224942726231386,0.4850826193390453,0.4614888520361157,0.4125198098256735,0.3766396524354582
0.1989607390300231,0.2432992672580023,0.4009719094464857,0.7794866355536699,0.2639634494574529,0.268242312987609,0.5072493363283643,0.2268041237113401,0.483782129742962,0.461166390270868,0.4128367670364501,0.3770156236945442
0.2066974595842956,0.2526995757809487,0.4082019675240014,0.7707361052184981,0.2681896059394632,0.2779562490439039,0.513783949356749,0.2419816723940435,0.4880660954712362,0.4646213377556661,0.4165213946117274,0.3803993650263179
0.2070438799076212,0.2582915541843424,0.4213583027142349,0.7675540941875264,0.2621359223300971,0.2866758451889246,0.5195017357565856,0.2449885452462772,0.4937270501835984,0.4656808549843376,0.4191759112519809,0.3821956721530621
0.195554272517321,0.2526513690705746,0.4309588716368377,0.7759333899024182,0.2461450599657339,0.2852990668502371,0.5157239125995507,0.2282359679266895,0.4875305997552019,0.4610281923714759,0.4159270998415214,0.3783106358091737
0.1848729792147806,0.244263401465484,0.4322626526016356,0.7854263894781501,0.2349514563106796,0.2790270766406608,0.5058198897284051,0.2079037800687285,0.4765911872705018,0.4544407591671274,0.4102218700475436,0.3720444481577408
0.1855658198614319,0.244841881989973,0.4322626526016356,0.7847899872719558,0.235636778983438,0.2794860027535567,0.5049009597712885,0.2058991981672394,0.4759026927784577,0.4539340335360236,0.4100237717908083,0.3711671818865402
0.1939376443418014,0.2526995757809487,0.4345146379044684,0.7766228256257955,0.2428326670474015,0.2865228698179593,0.5146007759852971,0.224942726231386,0.4859241126070991,0.4604754007739082,0.4157290015847861,0.3759712590859721
0.1998267898383372,0.2577612803702275,0.4347516889889771,0.7711073398387781,0.2486579097658481,0.2905767171485391,0.5237900755564631,0.2369702176403207,0.4915850673194614,0.4638842822922425,0.419770206022187,0.3789790291586599
0.1989030023094688,0.2538565368299267,0.4269290032001896,0.7737059821807382,0.2515134209023415,0.2849166284228239,0.5180722891566264,0.2260882016036655,0.4882190942472459,0.4606135986733002,0.4179477020602218,0.3763890049294009
0.1900115473441108,0.2463362900115696,0.4268104776579353,0.7819261773440814,0.2427184466019418,0.2789505889551782,0.5111292628139678,0.2093356242840779,0.4798041615667074,0.4562373318592224,0.413946117274168,0.3730888127663129
0.192378752886836,0.2468183571153104,0.4231361858480503,0.780547305897327,0.2468303826384923,0.2781857121003518,0.5106187461711251,0.2016036655211912,0.4777386780905752,0.455131748664087,0.4120839936608558,0.3720444481577408
0.2039260969976905,0.2567007327419977,0.4238473391015764,0.7698345354263894,0.2579097658480868,0.2862169190760287,0.5219522156422299,0.222651775486827,0.488142594859241,0.4620416436336835,0.4187797147385103,0.3780599883031164
0.2093533487297922,0.2641245661396066,0.4308403460945834,0.7632583792957148,0.2599657338663621,0.2943246137371883,0.5303246885848478,0.2373997709049255,0.495563035495716,0.4672470978441128,0.4239698890649763,0.3835742334363773
0.2067551963048499,0.2645584265329734,0.4372407253763185,0.7642129826050064,0.2542547115933752,0.2967722196726327,0.5294057586277313,0.2366838487972508,0.4973990208078335,0.4674774276764327,0.4234944532488114,0.3822374467374049
0.1905889145496536,0.2659082144234477,0.4737465923906601,0.7708952057700467,0.2206739006282125,0.3096221508337157,0.540943434755973,0.2591638029782359,0.5122399020807833,0.4713009028929427,0.4228209191759113,0.3777675662127162
0.1759815242494226,0.272367913613575,0.5194974517008415,0.7740772168010182,0.1841233580810965,0.3295089490592015,0.5817847661833775,0.37471363115693,0.5715269277845777,0.4964989865487378,0.4338748019017433,0.3818614754783189
0.1789838337182448,0.2903972232934824,0.5577812018489985,0.7627810776410691,0.168703597944032,0.3562031512926418,0.6334490504390442,0.5581328751431843,0.6693696450428397,0.5453289110005528,0.4625198098256736,0.4013702063664466
0.1895496535796767,0.3225510991129965,0.6151475643001066,0.740188799321171,0.1514563106796116,0.4001835704451583,0.6438635899530324,0.6509163802978235,0.7423500611995104,0.59765984890363,0.5072107765451664,0.4421004261007603
0.2140877598152425,0.3481970690320093,0.6278297973213227,0.7148387781077641,0.1697315819531696,0.4246596297996023,0.5871962425975087,0.5987972508591065,0.7561199510403916,0.6421135065413673,0.566798732171157,0.5076447489347481
0.2599307159353349,0.3707096027767065,0.5890719450041484,0.6813746287653797,0.2336950314106225,0.4299372800979042,0.5085766795997549,0.5525486827033218,0.7899326805385557,0.7191818684355998,0.6673930269413629,0.6206449995822542
0.3527136258660508,0.4072020825298881,0.488325234087946,0.6186890114552396,0.3740719588806397,0.4264188465657029,0.4063712477026751,0.5246277205040092,0.8544981640146878,0.8368804127510597,0.8160063391442156,0.7873673656947113
0.4459584295612009,0.4386810644041651,0.3743036624392556,0.5585490029698769,0.5211878926327813,0.4146397430013768,0.3099857055340003,0.4898339060710194,0.8902233782129743,0.925879859959462,0.9334389857369256,0.9208789372545744
0.5126443418013857,0.4554569996143463,0.2786535498399904,0.5187208315655494,0.6332381496287837,0.3970475753403701,0.2180927098223402,0.4205326460481099,0.8458537331701347,0.934033536023586,0.9701664025356578,0.9713426351407805
0.5071593533487299,0.4574816814500579,0.2948915491288372,0.5201527365294867,0.6199885779554541,0.4039314670338075,0.1878701245660608,0.3512313860252004,0.7447980416156671,0.8454947484798233,0.8956022187004755,0.9069680006683932
0.4416859122401848,0.4362707288854608,0.3771482754533602,0.5618901145523971,0.5155910908052542,0.4135689154046199,0.2263630794363895,0.2366838487972508,0.5558445532435741,0.6416528468767275,0.6993264659270999,0.7231598295596958
0.3611431870669746,0.3541264944080216,0.3405238828967642,0.6440390326686466,0.4535693889206169,0.3366223038090867,0.3541964468041658,0.2003150057273768,0.3621481028151775,0.4065321540445918,0.4504754358161648,0.475478318990726
0.2524249422632795,0.2537601234091785,0.3169372999881474,0.7492044972422571,0.357395773843518,0.2494263423588802,0.5424749846845007,0.2468499427262314,0.221236230110159,0.1911737608255021,0.20526941362916,0.2206115799147798
0.1248845265588914,0.1835711531045121,0.406068507763423,0.8463619007212558,0.1882352941176471,0.2224261893835092,0.7157443332652643,0.3263172966781214,0.1686811505507956,0.0765616362631288,0.066283676703645,0.0737739159495363
0.0553695150115473,0.1431739298110297,0.4495673817707716,0.9005091217649555,0.0985722444317533,0.2044515832950894,0.7884419032060445,0.3117124856815578,0.1495563035495716,0.0580431177446103,0.0413629160063391,0.0422341047706575
0.0462471131639723,0.1243733127651369,0.422069455967761,0.9150403054730588,0.1027984009137636,0.1806639131099892,0.8541964468041657,0.4785223367697594,0.2531364749082007,0.1380136355260733,0.1015055467511886,0.0848859553847439
0.0501154734411085,0.1514654839953721,0.4808581249259215,0.8983877810776411,0.07824100513992,0.2211258987303044,0.9183173371451908,0.6546391752577319,0.3940483476132191,0.244149622259075,0.1873613312202852,0.1550254824964491
0.0734411085450346,0.1910913999228692,0.5302832760459879,0.8658782350445482,0.0775556824671616,0.2685482637295395,0.9255666734735551,0.736111111111111,0.4682527539779681,0.3202045328911001,0.2608161648177496,0.2213635224329518
0.0980369515011547,0.2090242961820285,0.5238828967642526,0.8447178616885872,0.1049685893774986,0.2806333180357962,0.8794159689605879,0.6806987399770905,0.456624847001224,0.3537405564768749,0.3044770206022187,0.2648926393182388
0.1085450346420323,0.2077227150019282,0.498992532890838,0.8405812473483241,0.1273557966876071,0.271607771148845,0.8590974065754543,0.6799828178694157,0.483782129742962,0.3872305140961858,0.3351030110935024,0.2921714428941432
0.1163972286374134,0.2067585807944465,0.4806210738414128,0.8375053033517182,0.1440319817247287,0.2649533425118556,0.8204002450479886,0.6562142038946163,0.5261627906976744,0.4221945826423438,0.361014263074485,0.3141030996741582
0.1252886836027713,0.2162553027381411,0.4857176721583501,0.8281714043275349,0.1503141062250143,0.274131864769772,0.7639371043496017,0.5010022909507446,0.5243268053855569,0.4381334070388797,0.3768225039619651,0.32918372462194
0.1401270207852194,0.2346220593906672,0.5005333649401447,0.8113067458633857,0.1578526556253569,0.2934067615113966,0.7251378394935675,0.3848797250859107,0.5199663402692778,0.4467016768011793,0.3888668779714739,0.3413819032500627
0.1514434180138568,0.2475414577709217,0.5089486784402039,0.7990029698769622,0.1649343232438606,0.306409668043445,0.6875638145803553,0.3119988545246276,0.5185893512851897,0.4513543394140409,0.3966323296354992,0.3488595538474392
0.1561200923787529,0.2487466255302738,0.5023112480739599,0.7961921934662707,0.1728155339805825,0.3051858650757228,0.6395752501531549,0.2651775486827032,0.5093329253365972,0.4496038326884098,0.3969889064976228,0.3494026234438967
0.1561200923787529,0.2386714230620902,0.4775394097427995,0.801707679253288,0.1848086807538549,0.2892764264953342,0.5814784561976719,0.2276632302405498,0.4917380660954712,0.4439837847798047,0.3923137876386687,0.3451416158409224
0.1622401847575058,0.2325491708445816,0.4499229583975346,0.8022380144251167,0.2041119360365505,0.2755086431084595,0.5428833979987747,0.2183562428407789,0.4831701346389229,0.4416344204901419,0.3909667194928685,0.3434706324672069
0.1710161662817552,0.2317296567682221,0.4298921417565485,0.7986847687738651,0.2223872073101085,0.2683952883585742,0.5468654278129467,0.2457044673539518,0.4916615667074663,0.4460106873042196,0.3956022187004755,0.3468961483833236
0.1723441108545035,0.2279213266486695,0.4179210619888585,0.8001697072549852,0.2295830953740719,0.2614349089796542,0.5522769042270778,0.2615979381443298,0.4971695226438188,0.4490049751243781,0.3979001584786054,0.3495697217812682
0.1657043879907621,0.2208831469340532,0.4141282446367191,0.8071170980059397,0.224785836664763,0.2546275049716995,0.54594649785583,0.2525773195876288,0.4905140758873929,0.4466556108347153,0.394809825673534,0.3462695296181802
0.1615473441108545,0.2151465483995372,0.4084390186085102,0.8121552821383113,0.2234151913192462,0.2482790270766406,0.5335919950990402,0.2402634593356243,0.4815636474908201,0.4427400036852773,0.3904912836767036,0.3421338457682346
0.164203233256351,0.2141342074816814,0.4006163328197227,0.8114658464149342,0.2298115362649915,0.2449900566008872,0.5329793751276292,0.2441294387170675,0.4811811505507956,0.4423254099871015,0.3902535657686212,0.3425098170273205
0.1696882217090069,0.219629772464327,0.4028683181225554,0.8059503606279168,0.2341519131924615,0.2500382438427413,0.5465591178272411,0.2597365406643757,0.4905140758873929,0.4474387322646029,0.3944928684627575,0.3465201771242376
0.1732101616628175,0.2229560354801388,0.4036979969183359,0.8025031820110309,0.2372358652198744,0.2529447758910815,0.5534000408413313,0.2650343642611684,0.4944155446756426,0.4477611940298507,0.3961568938193344,0.3465619517085804
0.167378752886836,0.2177497107597377,0.4028683181225554,0.8080186677980483,0.2318675042832667,0.2485849778185712,0.5486011843986114,0.252147766323024,0.4861536107711138,0.4420490141883177,0.3912044374009509,0.3417160999248057
0.1575635103926097,0.2090242961820285,0.4016830627000118,0.8173525668222316,0.2227298686464877,0.241242160012238,0.5377782315703492,0.2289518900343642,0.4739137086903304,0.4349548553528654,0.3847068145800317,0.3345308714178293
0.1591224018475751,0.2096991901272657,0.4001422306507052,0.8162918964785744,0.2250142775556824,0.241242160012238,0.5402287114559934,0.2266609392898052,0.472001223990208,0.4353694490510411,0.3845087163232963,0.3322332692789707
0.1647228637413395,0.2185210181257231,0.4103354272845798,0.8088141705557912,0.2255853797829812,0.251567997552394,0.554727384112722,0.2461340206185567,0.4804926560587515,0.4401142435968307,0.388312202852615,0.3365778260506308
0.1653579676674365,0.2218472811415349,0.4172099087353324,0.8067458633856597,0.2229583095374072,0.2564632094232828,0.5656524402695527,0.2565864833906071,0.4869186046511627,0.4426939377188134,0.3893819334389857,0.3395855961233185
0.16270207852194,0.2156768222136521,0.4074908142704753,0.8113597793805685,0.2250142775556824,0.2484320024476059,0.5613641004696753,0.2419816723940435,0.47796817625459,0.4370278238437443,0.3837559429477021,0.3341549001587434
0.1543302540415704,0.2059872734284612,0.4008533839042313,0.8204815443360204,0.219988577955454,0.2385650910203457,0.5531958341841944,0.2192153493699885,0.465422276621787,0.4294269393771882,0.3763866877971474,0.3267190241457097
0.1534064665127021,0.2062283069803316,0.4033424202915728,0.8207997454391175,0.217818389491719,0.23955943093162,0.5556463140698387,0.2156357388316151,0.464657282741738,0.4287359498802285,0.3746038034865293,0.325507561199766
0.1573903002309469,0.2114346317007327,0.4079649164394927,0.8161327959270258,0.2195316961736151,0.2451430319718525,0.568511333469471,0.2279495990836197,0.4724602203182374,0.4325594250967386,0.3788827258320127,0.32918372462194
0.151905311778291,0.2118684920940995,0.4202915728339457,0.818360203648706,0.2082238720731011,0.2495028300443628,0.5759648764549724,0.2306701030927835,0.4751376988984088,0.4320987654320988,0.3795958795562599,0.3301863146461692
0.1427251732101616,0.2048303123794832,0.421713879340998,0.8264743317776835,0.1984009137635637,0.2443781551170261,0.5725954666122115,0.2189289805269186,0.46687576499388,0.4264787175234937,0.3746434231378763,0.3245467457598797
0.1357390300230947,0.1988526802930968,0.4215953537987436,0.8329444208739923,0.1915476870359794,0.2396359186171026,0.5688176434551766,0.2047537227949599,0.4588433292533659,0.4204901418831768,0.368581616481775,0.317110869746846
0.1371824480369515,0.2015040493636714,0.4250325945241199,0.8308761137038608,0.19131924614506,0.2427719137218907,0.5738207065550337,0.2117697594501718,0.4607558139534883,0.4205362078496407,0.3683042789223455,0.3166931239034171
0.1419745958429561,0.2094581565753953,0.4348702145312315,0.8242999575731862,0.19131924614506,0.2522563867217378,0.5882172758831937,0.2306701030927835,0.47062423500612,0.4269854431545974,0.3728209191759112,0.3211630044281059
0.1422055427251732,0.2124951793289625,0.4416261704397298,0.822496817988969,0.1882352941176471,0.2569221355361786,0.5967939554829487,0.2373997709049255,0.4752906976744185,0.4285977519808366,0.3737321711568938,0.3219984961149637
0.136662817551963,0.2091689163131508,0.4449448856228518,0.8268455663979635,0.1812678469446031,0.2553158941410433,0.590667755768838,0.2200744558991981,0.4674112607099143,0.4229316381057675,0.3690570522979398,0.3174450664215891
0.1308891454965358,0.2027092171230235,0.4409150171862036,0.8331035214255409,0.177384351798972,0.2488909285605017,0.5819889728405145,0.2026059564719358,0.4571603427172583,0.4169891284319145,0.362202852614897,0.3115130754448993
0.1337759815242494,0.2028538372541458,0.4353443167002489,0.8316716164616038,0.1829811536264992,0.2472081994798837,0.5814784561976719,0.2014604810996564,0.4553243574051407,0.4160217431361711,0.3602614896988907,0.30833820703484
0.1428406466512702,0.2080601619745468,0.4295365651297854,0.8246711921934662,0.1947458595088521,0.2495028300443628,0.5909740657545436,0.2104810996563573,0.4593788249694002,0.4173115901971623,0.3613708399366086,0.3093407970590692
0.147459584295612,0.2057944465869649,0.4143652957212279,0.8237696224013576,0.2066247858366648,0.2427719137218907,0.5961813355115376,0.2106242840778923,0.4616738066095471,0.4176801179288742,0.3618858954041205,0.3102180633302698
0.1400692840646651,0.2032876976475125,0.4234917624748133,0.828542638947815,0.1949743003997716,0.2436897659476824,0.5829079027976312,0.1852806414662084,0.4474449204406364,0.4099871015293901,0.3549920760697306,0.3038265519258083
0.1335450346420323,0.2012148091014269,0.4317885504326182,0.832679253288078,0.1844660194174757,0.2447605935444393,0.5706555033694098,0.1595074455899198,0.4352050183598531,0.4015570296664825,0.3475832012678288,0.2961818029910602
0.1301385681293302,0.1979367527959891,0.430721820552329,0.836073398387781,0.1816105082809823,0.2417775738106165,0.5737186032264652,0.1512027491408934,0.431609547123623,0.3986548737792519,0.3435816164817749,0.2930904837496867
0.1341801385681293,0.2052641727728499,0.4404409150171862,0.8301336444633007,0.1809251856082239,0.2508031206975676,0.5843373493975903,0.1596506300114547,0.4381119951040391,0.4007739082365948,0.3450871632329636,0.2953463113042025
0.1331408775981524,0.2068067875048206,0.446367192129904,0.8298154433602036,0.1770416904625928,0.2539391158023558,0.5896467224831529,0.1554982817869415,0.438953488372093,0.3993458632762116,0.3455625990491284,0.2950956637981451
0.1224018475750577,0.1996239876590821,0.4507526371933151,0.8386720407297412,0.164363221016562,0.2496558054153281,0.5791300796405963,0.1327319587628865,0.4270195838433293,0.3917449788096554,0.3407290015847861,0.2888294761467123
0.1156466512702078,0.1956228306980331,0.4547825056299632,0.8439753924480271,0.1556824671616219,0.2477436132782622,0.5674903001837859,0.1116838487972508,0.4165391676866585,0.3858946010687304,0.3344690966719493,0.2831063580917369
0.1149538106235566,0.1958156575395295,0.4566789143060329,0.8441875265167587,0.1540833809251856,0.2485084901330885,0.568511333469471,0.1099656357388316,0.41546817625459,0.3862170628339783,0.3335974643423138,0.2828974851700225
0.1224018475750577,0.2043482452757423,0.4622496147919877,0.836073398387781,0.1587664191890349,0.2570751109071439,0.5805595262405554,0.1251431844215348,0.4241891064871481,0.3915607149437995,0.3378367670364501,0.2884117303032835
0.1260392609699769,0.2108561511762437,0.47102050491881,0.8308230801866779,0.1581953169617361,0.2651063178828208,0.5829079027976312,0.1262886597938144,0.4269430844553243,0.3930808918371108,0.3388668779714738,0.2899573899239702
0.1185334872979215,0.2068067875048206,0.476354154320256,0.8364976665252438,0.1481439177612792,0.2635765641731681,0.5692260567694507,0.1050973654066437,0.4162331701346389,0.3856642712364105,0.3334786053882726,0.2846520177124237
0.1112586605080831,0.2039143848823756,0.4841768401090435,0.8414297836232499,0.1371787549971445,0.263806027229616,0.5592199305697365,0.0823310423825887,0.4073592411260709,0.3803666850930533,0.3288827258320126,0.2799314896816777
0.1132794457274827,0.2059872734284612,0.4851250444470784,0.8393614764531183,0.1387778412335808,0.2657947070521646,0.5594241372268736,0.0766036655211912,0.4078182374541003,0.3816104661875806,0.3305467511885895,0.2813936001336787
0.1214780600461894,0.2143270343231778,0.4887993362569633,0.8310352142554094,0.1450599657338664,0.273519963285911,0.5673881968552174,0.0860538373424971,0.416156670746634,0.3866777224986181,0.336053882725832,0.2875762386164258
0.1239030023094688,0.2196779791747011,0.4970961242147682,0.8269516334323291,0.14346087949743,0.2804803426648309,0.5673881968552174,0.0841924398625429,0.4180691554467564,0.3877833056937535,0.3386291600633914,0.2908764307795137
0.1143764434180138,0.2141342074816814,0.5029038757852317,0.8343763258379295,0.1312392918332382,0.2779562490439039,0.5484990810700429,0.0595647193585337,0.405829253365973,0.3818868619863645,0.3344294770206023,0.2871584927729969
0.1117205542725173,0.2117720786733513,0.5025482991584687,0.8369219346627068,0.1287264420331239,0.2759675692213553,0.5364508882989585,0.0455326460481099,0.3991738066095471,0.3783397825686383,0.3309825673534073,0.2841507227003091
0.1133371824480369,0.2141342074816814,0.5050373355458101,0.8348536274925752,0.1291833238149629,0.2786446382132476,0.5368593016132325,0.0456758304696448,0.4031517747858017,0.3813340703887968,0.3324881141045959,0.2864483248391678
0.1184757505773672,0.219051291939838,0.5065781675951168,0.8298154433602036,0.1335237007424329,0.2830809239712406,0.5471717377986522,0.0637170675830469,0.415391676866585,0.3871844481297217,0.3383122028526149,0.2927145124906007
0.1207274826789838,0.2219919012726571,0.5091857295247125,0.8271637675010606,0.1344374643061108,0.2862169190760287,0.5440065346130284,0.0713058419243986,0.4222766217870257,0.3907775935139119,0.341877971473851,0.2961818029910602
0.1151270207852194,0.2158696490551484,0.5055114377148275,0.833050487908358,0.1307824100513992,0.2801743919229004,0.5352256483561364,0.0684421534936998,0.4215116279069767,0.390731527547448,0.3415610142630745,0.2955969588102598
0.1132217090069284,0.212157732356344,0.5004148393978902,0.8359673313534153,0.1313535122786979,0.2755851307939421,0.5341025117418827,0.0733104238258877,0.4238066095471236,0.3921595725078312,0.3420760697305863,0.2954298604728883
0.1177829099307159,0.2156768222136521,0.4997036861443641,0.8319898175647009,0.1361507709880068,0.2781092244148692,0.5420665713702266,0.0963631156930125,0.4372705018359852,0.4000829187396352,0.3480982567353408,0.3008187818531205
0.1259815242494226,0.2243540300809873,0.5042076567500297,0.8234514212982605,0.1420902341519132,0.2864463821324766,0.5619767204410864,0.1354524627720504,0.4589198286413709,0.4120140040538051,0.3572900158478606,0.3103016124989556
0.1290993071593533,0.2286444273042807,0.508356050728932,0.8196330080610945,0.1432324386065106,0.2911886186324002,0.5713702266693894,0.1630870561282932,0.4774326805385557,0.4221024507094159,0.3653724247226625,0.317486841005932
0.1252309468822171,0.2250289240262244,0.5074078463908972,0.8233983877810775,0.1398058252427185,0.2880526235276121,0.5675924035123544,0.1719644902634593,0.4870716034271726,0.4265708494564216,0.3690570522979398,0.3212047790124488
0.1221131639722863,0.2228114153490165,0.508356050728932,0.8260500636402205,0.1362649914334666,0.2865993575034419,0.5682050234837654,0.1868556701030927,0.4967105263157894,0.433572876358946,0.3734944532488114,0.3253822374467374
0.1292725173210162,0.2310065561126108,0.5138082256726324,0.8182541366143402,0.1407195888063963,0.2948600275355668,0.5866857259546661,0.2275200458190149,0.5188188494492044,0.4478993919292428,0.3853803486529318,0.3349068426769153
0.1363163972286374,0.2374662553027381,0.5152305321796847,0.8114658464149342,0.1470017133066819,0.3004436285757993,0.6106800081682663,0.2663230240549828,0.5449816401468788,0.4620416436336835,0.3973058637083994,0.3461024312808087
0.1364896073903002,0.2407925183185499,0.5230532179684722,0.8095566397963513,0.14346087949743,0.305568303503136,0.6267102307535225,0.286368843069874,0.5605875152998776,0.4726828818868619,0.4062599049128367,0.3557523602640154
0.1327367205542725,0.2432028538372541,0.5368021808699774,0.8099809079338142,0.133066818960594,0.3119932690836775,0.626812334082091,0.2793528064146621,0.5630354957160343,0.4758614335728764,0.4107765451664025,0.3595956220235609
0.1274826789838337,0.2407443116081759,0.5414246770178973,0.8136932541366143,0.125642490005711,0.3115343429707817,0.6236471308964672,0.2638888888888889,0.5611995104039167,0.4769209508015478,0.4128763866877971,0.3614337037346478
0.1293879907621247,0.2437813343617431,0.544980443285528,0.811147645311837,0.1258709308966305,0.315052776502983,0.6336532570961813,0.2617411225658648,0.5678549571603427,0.4841533075363922,0.4199286846275753,0.3682847355668811
0.1367205542725173,0.2520246818357115,0.5500770416024654,0.803245651251591,0.1305539691604797,0.3232369588496252,0.6419236267102307,0.2717640320733104,0.5821603427172583,0.4953473373871384,0.4317749603803487,0.379647422508146
0.1367205542725173,0.2552063247204011,0.5580182529335072,0.8014955451845566,0.1267846944603084,0.3283616337769618,0.6460077598529712,0.2711912943871707,0.5871328029375764,0.4992629445365764,0.4381537242472266,0.3857047372378644
0.1304272517321016,0.2496143463170073,0.5571885741377266,0.8074883326262197,0.1209594517418618,0.3236193972770384,0.6352869103532774,0.2534364261168384,0.5777233782129743,0.4938271604938272,0.4339540412044375,0.3816526025566045
0.1252886836027713,0.2451311222522175,0.5568329975109636,0.81231438268986,0.1160479725870931,0.3199479883738718,0.6229324075964876,0.2343928980526918,0.567625458996328,0.4878385848535103,0.428446909667195,0.3763890049294009
0.1303117782909931,0.2487466255302738,0.5552921654616569,0.8080186677980483,0.1217589948600799,0.3223191066238335,0.6229324075964876,0.2352520045819014,0.5694614443084455,0.4886217062833978,0.4295562599049129,0.3773915949536302
0.1427251732101616,0.2594967219436945,0.5561218442574375,0.7964043275350021,0.1336379211878926,0.3311151904543368,0.6241576475393098,0.2538659793814433,0.5796358629130968,0.4969596462133776,0.4387876386687797,0.3862895814186649
0.1489607390300231,0.2663902815271886,0.5603887637785943,0.7897221043699617,0.1377498572244432,0.3379990821477742,0.6098631815397182,0.268184421534937,0.5882802937576499,0.5071402248019163,0.4487717908082409,0.3959395104018715
0.1517321016166282,0.2623409178557655,0.5447433922010192,0.7906767076792532,0.1480296973158195,0.3297384121156494,0.5725954666122115,0.2587342497136311,0.5818543451652387,0.5084300718629077,0.4499207606973058,0.3981535633720444
0.1506928406466513,0.2547724643270343,0.5282683418276639,0.7953436571913449,0.1549971444888635,0.3183417469787364,0.5280784153563405,0.2501431844215349,0.5744339045287638,0.5072784227013084,0.4507527733755943,0.3988637313058735
0.1588337182448037,0.2510123409178558,0.5023112480739599,0.7936465846414934,0.1755568246716162,0.3070215695273061,0.4865223606289565,0.252147766323024,0.5684669522643819,0.5061728395061729,0.4520998415213946,0.4009106859386749
0.1723441108545035,0.2521210952564597,0.4774208842005452,0.7868582944420873,0.2007995431182181,0.2999082147774208,0.4849908107004287,0.2948167239404353,0.5781823745410036,0.5125299428782016,0.458161648177496,0.4075110702648508
0.1738452655889145,0.2443598148862321,0.4551380822567263,0.7904645736105218,0.2131353512278698,0.2865228698179593,0.4923422503573616,0.3284650630011455,0.5830018359853121,0.5143265155702967,0.4606973058637084,0.4091402790542234
0.1715357967667436,0.2328384111068261,0.4315514993481095,0.7978362324989393,0.222158766419189,0.2697720666972617,0.4856034306718398,0.3267468499427262,0.5744339045287638,0.5099963147226829,0.4568145800316958,0.4047957222825633
0.1709584295612009,0.227680293096799,0.420054521749437,0.800965210012728,0.2271844660194175,0.2619703227780327,0.48284664080049,0.3264604810996563,0.5682374541003672,0.5052975861433573,0.4528129952456418,0.4004511655109032
0.1718822170900693,0.2297531816428847,0.4232547113903046,0.7993742044972422,0.226499143346659,0.264647391769925,0.491627527057382,0.3416380297823597,0.572062423500612,0.5066795651372766,0.4543977812995246,0.4017879522098755
0.1804272517321016,0.2358754338603933,0.4207656750029631,0.7921086126431904,0.2362078812107367,0.2687012391005048,0.5053093730855626,0.3573883161512027,0.5756578947368421,0.5088907315275475,0.4568541996830428,0.4045868493608488
0.182852193995381,0.2373216351716159,0.4194618940381652,0.7901463725074247,0.2391776127926899,0.2693896282698485,0.5156218092709822,0.3628293241695303,0.5755048959608323,0.5090289294269394,0.4565768621236133,0.4045033001921631
0.1773672055427252,0.2278249132279213,0.4072537631859665,0.7978892660161221,0.2396344945745288,0.2579164754474529,0.50959771288544,0.345217640320733,0.5634179926560587,0.502211166390271,0.4501188589540412,0.39794469045033
0.1713625866050808,0.2176532973389896,0.3945715301647505,0.8062685617310139,0.2398629354654483,0.2457549334557136,0.5034715131713293,0.3307560137457044,0.551484088127295,0.4946102819237148,0.4429873217115689,0.3916367282145542
0.1726327944572748,0.2197261858850752,0.3969420410098376,0.8045184556639795,0.2399771559109081,0.248202539391158,0.5078619562997754,0.3320446735395188,0.5524785801713586,0.4932283029297954,0.4420760697305864,0.3906759127746679
0.1801963048498845,0.2294639413806401,0.4055944055944055,0.7957148918116249,0.2431753283837807,0.258757839987762,0.5203185623851337,0.3473654066437571,0.5608170134638922,0.4978809655426571,0.4454833597464342,0.3958977358175286
0.1814665127020785,0.2304280755881218,0.4053573545098969,0.7946011879507848,0.2445459737292976,0.2594462291571057,0.5309373085562589,0.3562428407789232,0.5645654834761322,0.4992168785701124,0.4459191759112519,0.3963990308296433
0.1751154734411085,0.2220401079830312,0.3976531942633638,0.8021319473907509,0.2420331239291833,0.2502677068991892,0.5274657953849294,0.3422107674684994,0.555921052631579,0.4929519071310116,0.4393819334389858,0.3903417160999248
0.1678406466512702,0.215580408792904,0.3967049899253289,0.8090263046245226,0.2352941176470588,0.2448370812299219,0.5222585256279354,0.3301832760595646,0.5465881272949816,0.4866408697254469,0.4334389857369255,0.3837413317737488
0.1721709006928407,0.2210759737755495,0.4012089605309944,0.8040411540093338,0.2374643061107939,0.2506501453266024,0.5269552787420869,0.3333333333333333,0.5494951040391677,0.4872857932559425,0.4332012678288431,0.38332358593032
0.1811778290993071,0.2306691091399923,0.4063055588479317,0.7946011879507848,0.2438606510565391,0.2599051552700015,0.540943434755973,0.3469358533791523,0.5572980416156671,0.490326147042565,0.4356973058637084,0.385537638900493
0.1745381062355658,0.2291747011183956,0.4163802299395519,0.7984726347051336,0.2324386065105654,0.2619703227780327,0.5452317745558505,0.3529495990836196,0.5578335373317014,0.4897272894785333,0.4356180665610142,0.384743921797978
0.164838337182448,0.2223293482452757,0.4194618940381652,0.8066928298684769,0.2213592233009709,0.2575340370200398,0.54114764141311,0.3409221076746849,0.5522490820073439,0.4851667587985996,0.4309033280507132,0.3795220987551173
0.1594110854503464,0.2170748168145006,0.4176840109043499,0.8120492151039457,0.2167904054825814,0.2527918005201162,0.5397181948131509,0.3336197021764032,0.5473531211750305,0.4819421411461213,0.4262282091917591,0.3746344723869997
0.1586605080831409,0.2185692248360972,0.4230176603057959,0.8116249469664828,0.213478012564249,0.2556983325684565,0.5490095977128854,0.3463631156930126,0.5548500611995104,0.4849364289662797,0.4285657686212362,0.376347230345058
0.1639722863741339,0.223630929425376,0.4244399668128482,0.8063746287653797,0.2180468303826385,0.2602111060119321,0.5635082703696139,0.3752863688430699,0.5715269277845777,0.4929058411645476,0.4359350237717908,0.3826969671651767
0.167378752886836,0.2339953721558041,0.443048476946782,0.7991090369113278,0.2125642490005711,0.2744378155117026,0.5668776802123748,0.3833046964490263,0.5774938800489596,0.4959922609176341,0.4381933438985737,0.3850363438883782
0.1632794457274827,0.2296085615117624,0.4405594405594405,0.8034047518031395,0.2095945174186179,0.2700780174391923,0.5584031039411884,0.3718499427262313,0.5725979192166463,0.4945642159572508,0.436053882725832,0.3819032500626619
0.1586605080831409,0.224787890474354,0.4381889297143534,0.808177768349597,0.2061679040548258,0.2655652439957167,0.5513579742699612,0.3625429553264604,0.5670899632802938,0.4924451814999079,0.4326862123613312,0.3779346645500877
0.1630484988452656,0.2294639413806401,0.4406779661016949,0.8035638523546882,0.2093660765276984,0.2700780174391923,0.5555442107412701,0.3669816723940435,0.5716034271725826,0.4943799520913949,0.4347068145800317,0.3792296766647171
0.1696882217090069,0.2341881989973004,0.4387815574256252,0.797942299533305,0.2167904054825814,0.2732140125439804,0.5660608535838269,0.384020618556701,0.5801713586291309,0.4982494932743689,0.4383122028526149,0.3831147130086055
0.1709006928406466,0.2347184728114153,0.4374777764608273,0.7970937632583792,0.2187321530553969,0.2732140125439804,0.5675924035123544,0.3926116838487972,0.5851438188494491,0.5029021558872305,0.4412044374009509,0.3866237780934079
0.1653002309468822,0.2285480138835325,0.4336849591086879,0.8030865507000424,0.2149628783552256,0.2670185100198868,0.554931590769859,0.3780068728522336,0.5797888616891065,0.499953934033536,0.4394215530903328,0.3848274709666638
0.161662817551963,0.2230042421905129,0.4276401564537158,0.807753500212134,0.2142775556824672,0.2606700321248278,0.5424749846845007,0.3592497136311569,0.5716034271725826,0.4951170075548186,0.4364500792393027,0.3819032500626619
0.1640877598152425,0.2277767065175472,0.4342775868199596,0.8040411540093338,0.213478012564249,0.2666360715924736,0.5458443945272615,0.3608247422680412,0.5738219094247246,0.4968214483139856,0.4375198098256735,0.383657782605063
0.1675519630484988,0.2365021210952564,0.4487377029749911,0.7976240984302078,0.2099371787549972,0.2782621997858345,0.5600367571982846,0.375,0.5821603427172583,0.5029021558872305,0.4434627575277338,0.3889631548166095
0.1650692840646651,0.2359718472811415,0.4526490458693848,0.7991090369113278,0.2055968018275271,0.2791035643261434,0.5658566469266898,0.3815864833906071,0.5865973072215422,0.5060807075732449,0.447107765451664,0.3920544740579831
0.155080831408776,0.2256556112610875,0.4476709730947019,0.8093445057276198,0.1980582524271845,0.2693131405843659,0.5571778639983663,0.3674112256586483,0.5777998776009792,0.5024875621890548,0.4433835182250396,0.3887125073105523
0.1530600461893764,0.2211241804859236,0.4406779661016949,0.8127916843445057,0.1995431182181611,0.2634235888022028,0.5442107412701653,0.3493699885452462,0.5687729498164015,0.4989865487377925,0.440095087163233,0.3854540897318071
0.1556004618937644,0.2252699575780949,0.4456560388763779,0.809291472210437,0.1996573386636208,0.2683188006730916,0.5491117010414539,0.3575315005727377,0.5734394124847001,0.5026718260549107,0.4438193343898574,0.3900910685938675
0.1678983833718245,0.2354897801774007,0.4455375133341235,0.7980483665676708,0.211764705882353,0.2764264953342512,0.5570757606697978,0.372709049255441,0.5812423500611995,0.508061544131196,0.4492076069730586,0.395354666221071
0.1694572748267898,0.2370806016197454,0.4462486665876496,0.7964573610521849,0.2130211307824101,0.2778797613584213,0.5577904839697774,0.3715635738831614,0.5798653610771114,0.5081536760641239,0.4491283676703645,0.3947698220402706
0.1644341801385681,0.2314404165059776,0.4426929003200189,0.8018667798048366,0.2097087378640777,0.2722961603181887,0.5475801511129262,0.3518041237113402,0.5687729498164015,0.5035470794177263,0.4448890649762282,0.3917620519675829
0.1562933025404157,0.2272946394138064,0.4492118051440085,0.8079126007636827,0.1985151342090234,0.2710723573504666,0.5433939146416173,0.3382016036655211,0.5604345165238678,0.5,0.4417591125198098,0.3895479989974099
0.1623556581986143,0.2334168916313151,0.4518193670736043,0.801707679253288,0.2033123929183324,0.2768089337616644,0.545742291198693,0.3386311569301259,0.5623470012239902,0.5005527915975678,0.4430665610142631,0.3914278552928398
0.1688221709006928,0.2422869263401465,0.460353206115918,0.7938587187102248,0.2055968018275271,0.2865228698179593,0.554931590769859,0.3480813287514318,0.5664014687882497,0.5029021558872305,0.4462757527733756,0.3954799899740997
0.1668591224018476,0.2405514847666795,0.4599976294891549,0.7957679253288078,0.2038834951456311,0.2850696037937892,0.5596283438840105,0.3440721649484536,0.5624235006119951,0.5014741109268472,0.4462757527733756,0.3958559612331857
0.1634526558891455,0.2359718472811415,0.4558492355102524,0.7998515061518879,0.2023986293546545,0.2800979042374177,0.549928527670002,0.3165807560137457,0.548500611995104,0.4940114243596831,0.4402139461172741,0.3898404210878101
0.1603348729792148,0.2312957963748554,0.4507526371933151,0.8038290199406024,0.2018275271273558,0.2747437662536331,0.541351848070247,0.2981099656357388,0.5370257037943696,0.4889441680486457,0.4353011093502377,0.384785696382321
0.163568129330254,0.2349112996529117,0.4530046224961479,0.8003818413237165,0.2039977155910908,0.278338687471317,0.5445170512558709,0.3009736540664375,0.5364137086903304,0.4881149806522941,0.4353011093502377,0.3861224830812933
0.1683602771362586,0.2424315464712688,0.4616569870807159,0.7940178192617734,0.2045688178183895,0.2870582836163378,0.5538084541556054,0.3085624284077892,0.5390911872705019,0.4891744978809655,0.4358954041204437,0.3876681427019801
0.1630484988452656,0.2385750096413421,0.4630792935877681,0.7985787017394993,0.1986293546544832,0.2845341899954107,0.5542168674698794,0.3004009163802978,0.5357252141982863,0.4882071125852221,0.4337559429477021,0.3853705405631214
0.1577367205542725,0.2286444273042807,0.4495673817707716,0.8064806957997454,0.1998857795545403,0.2722961603181887,0.5441086379415968,0.2829324169530354,0.5249388004895961,0.4829555924083288,0.428446909667195,0.3800651683515749
0.1534064665127021,0.2192923254917084,0.4354628422425032,0.8136402206194314,0.2022844089091947,0.2602875936974147,0.5419644680416581,0.2764891179839633,0.5193543451652387,0.478441127694859,0.4263470681458003,0.3779346645500877
0.1596420323325635,0.2212688006170458,0.4276401564537158,0.809662706830717,0.2122215876641919,0.259369741471623,0.5536042474984684,0.2926689576174112,0.5250917992656059,0.4800534365210982,0.428526148969889,0.3803575904419751
0.1651847575057737,0.2267643655996915,0.4296550906720398,0.8040941875265167,0.2167904054825814,0.2643414410279944,0.5687155401266081,0.3121420389461626,0.5338892288861689,0.4837847798046804,0.431418383518225,0.3837831063580917
0.1617205542725173,0.2268125723100655,0.4368851487495555,0.8056851930420025,0.2098229583095374,0.2667125592779562,0.5807637328976925,0.3245990836197021,0.5382496940024479,0.4852588907315276,0.4321315372424723,0.3841590776171776
0.1560623556581986,0.2210277670651754,0.4342775868199596,0.8114128128977512,0.2055968018275271,0.261281933608689,0.581886869511946,0.3164375715922107,0.5335832313341493,0.4814354155150175,0.4273771790808241,0.3797727462611747
0.1476905311778291,0.2145680678750482,0.4355813677847576,0.8188375053033516,0.1965733866362079,0.2565396971087655,0.5835205227690422,0.3168671248568155,0.532359241126071,0.4792703150912106,0.423256735340729,0.3759712590859721
0.1497113163972286,0.218472811415349,0.441033542728458,0.8157615613067458,0.1960022844089092,0.2614349089796542,0.6003675719828466,0.3412084765177549,0.5438341493268054,0.4840611756034642,0.4275752773375594,0.3803158158576322
0.1539838337182448,0.2232934824527574,0.4441152068270713,0.811147645311837,0.1987435750999429,0.2662536331650604,0.6206861343679804,0.3692726231386025,0.5562270501835985,0.4891744978809655,0.4329635499207607,0.3851616676414069
0.1536374133949191,0.2210277670651754,0.4392556595946426,0.8125795502757742,0.2006853226727585,0.2628881750038244,0.6379415968960588,0.3741408934707903,0.5588280293757649,0.4895430256126774,0.4324881141045959,0.3846603726292923
0.1401847575057737,0.2113382182799845,0.443048476946782,0.8240878235044548,0.1856082238720731,0.2563867217378002,0.6432509699816213,0.3526632302405498,0.5472766217870256,0.4829555924083288,0.4262678288431062,0.3784777341465452
0.1324480369515011,0.2060354801388353,0.4458930899608865,0.8305579126007637,0.1765848086807538,0.2530977512620468,0.6449867265672861,0.3267468499427262,0.538173194614443,0.4788557213930348,0.422662440570523,0.3748433453087141
0.1323903002309469,0.2062765136907057,0.4466042432144126,0.8304518455663978,0.1761279268989149,0.2535566773749426,0.6632632223810496,0.320446735395189,0.5374082007343941,0.4788096554265709,0.4230586370839936,0.3762219065920294
0.1359699769053118,0.2174604704974932,0.4667535853976531,0.8226559185405176,0.1699600228440891,0.2689307021569527,0.6768429650806616,0.3062714776632302,0.535266217870257,0.4768748848350839,0.4224643423137877,0.3757623861642576
0.1372401847575058,0.2210759737755495,0.473035439137134,0.8200572761985575,0.168246716162193,0.2738259140278415,0.6808249948948336,0.2856529209621993,0.5289167686658507,0.4734199373502856,0.4193343898573692,0.3738825298688277
0.137066974595843,0.2204492865406864,0.4718501837145905,0.8204815443360204,0.168703597944032,0.2729080618020498,0.6651010822952828,0.2563001145475372,0.5175948592411261,0.4689515386032799,0.4142630744849445,0.3683682847355668
0.1434757505773672,0.2248360971847281,0.4694796728695034,0.8151251591005515,0.1761279268989149,0.2756616184794248,0.6344700837247294,0.2376861397479954,0.5113219094247246,0.4663718444812972,0.4132329635499208,0.3669897234522516
0.1583718244803695,0.2334650983416892,0.4601161550314093,0.8035638523546882,0.1954311821816105,0.2794860027535567,0.6048601184398611,0.2414089347079037,0.5150703794369645,0.4713930348258707,0.418581616481775,0.3738407552844849
0.1709006928406466,0.2400212109525646,0.4505155861088064,0.794176919813322,0.2123358081096516,0.2815511702615879,0.5723912599550744,0.247709049255441,0.5186658506731946,0.4760456974387322,0.4241679873217116,0.3803993650263179
0.1789838337182448,0.2353451600462784,0.4224250325945241,0.793063215952482,0.233923472301542,0.26885421447147,0.5265468654278129,0.2409793814432989,0.512469400244798,0.4733738713838217,0.4228209191759113,0.3789790291586599
0.1730369515011547,0.2211723871962977,0.3996681284816878,0.8035638523546882,0.2390633923472302,0.2501912192137066,0.4986726567286093,0.2389747995418098,0.5007649938800489,0.4673852957435047,0.4164025356576862,0.3718773498203693
0.1745381062355658,0.2137003470883146,0.3783335308759038,0.8069579974543911,0.2507138777841234,0.2374177757381061,0.4944864202573004,0.2471363115693012,0.497016523867809,0.46489773355445,0.4130744849445324,0.368326510151224
0.1806581986143187,0.2174122637871192,0.3748962901505274,0.8021319473907509,0.2584808680753855,0.2392534801896894,0.505615683071268,0.2706185567010309,0.5070379436964504,0.4701953196978073,0.4184627575277337,0.3729634890132843
0.1890300230946882,0.2239201696876205,0.3737110347279838,0.7947072549851506,0.2672758423757853,0.2439957166896129,0.5118439861139473,0.2956758304696448,0.5176713586291309,0.4772894785332597,0.4264263074484944,0.380023393767232
0.1906466512702078,0.2215098341689163,0.3644660424321441,0.795290623674162,0.2733295259851514,0.2391769925042068,0.5100061261997141,0.3008304696449026,0.5189718482252142,0.4776580062649714,0.4284072900158479,0.3819867992313476
0.1834295612009238,0.2112900115696105,0.3541543202560152,0.8042532880780653,0.2711593375214164,0.2277038396818112,0.5038799264856034,0.2822164948453608,0.5068849449204407,0.4709323751612309,0.4224643423137877,0.3758877099172863
0.1825635103926097,0.2092653297338989,0.3509541306151476,0.8057382265591854,0.2718446601941748,0.2250267706899189,0.5034715131713293,0.2686139747995418,0.4994645042839657,0.4674774276764327,0.4187400950871632,0.3725039685855125
0.1871247113163972,0.2152429618202854,0.3562877800165935,0.8003288078065337,0.27390062821245,0.2315282239559431,0.5109250561568307,0.2830756013745704,0.5079559363525091,0.4717154965911185,0.421473851030111,0.3741331773748851
0.1844110854503464,0.2277767065175472,0.3925565959464264,0.7947072549851506,0.2536836093660766,0.2531742389475294,0.5361445783132529,0.3310423825887743,0.5386321909424725,0.486410539893127,0.4319334389857369,0.3806917871167181
0.1740184757505773,0.2363575009641342,0.4352257911579945,0.7947602885023334,0.2228440890919475,0.2737494263423589,0.5755564631406983,0.4481672394043527,0.604421664626683,0.5181960567532707,0.449405705229794,0.3910518840337538
0.1644919168591224,0.240840725028924,0.4655683299751096,0.7966694951209164,0.1987435750999429,0.2870582836163378,0.608637941596896,0.6033791523482245,0.6891064871481029,0.5620969227934403,0.4742076069730587,0.4060489598128498
0.1702655889145496,0.2652815271885846,0.5138082256726324,0.780547305897327,0.1812678469446031,0.3220896435673856,0.6120073514396569,0.6897193585337915,0.7607099143206854,0.6152570480928691,0.5186608557844692,0.444732224914362
0.2092378752886836,0.3051484766679522,0.5319426336375489,0.7407191344929995,0.2110793832095945,0.3594921217683953,0.5735143965693281,0.6808419243986253,0.8026315789473684,0.6747742767643267,0.5916798732171157,0.5231848943103016
0.2753464203233257,0.3483898958735056,0.5025482991584687,0.6866249469664828,0.2905768132495717,0.3843506195502524,0.5122523994282213,0.6779782359679267,0.8649785801713586,0.7680578588538788,0.7091917591125199,0.6546495112373631
0.3659353348729792,0.3843038951021982,0.4048832523408794,0.6252121340687314,0.4272986864648773,0.3813675998164295,0.4093322442311619,0.6404639175257733,0.9277080783353732,0.8820250598857565,0.8547543581616482,0.8195337956387334
0.442782909930716,0.4037794060933282,0.2950100746710916,0.5792320746711922,0.5562535693889207,0.3613278262199785,0.2976312027772105,0.5545532646048109,0.9376529987760098,0.9501566242859776,0.9515451664025356,0.932701144623611
0.5084872979214782,0.4114924797531817,0.1790920943463316,0.5448133220195164,0.6770988006853228,0.3300443628575799,0.1873596079232182,0.4348510882016036,0.8670440636474909,0.941680486456606,0.9725039619651348,0.9698387501044364
0.5216512702078522,0.4181450057848052,0.1683062700011852,0.535108188375053,0.6953740719588807,0.3318035796236805,0.1602001225239943,0.361254295532646,0.7676713586291309,0.8570573060622813,0.9029714738510302,0.912231598295597
0.4732678983833718,0.4089375241033551,0.2451108213820078,0.5624204497242257,0.6103940605368361,0.3493192595992045,0.2075760669797835,0.2807846506300114,0.6025856793145655,0.6670351943983786,0.716877971473851,0.738449327429192
0.3931293302540416,0.3246239876590822,0.2023231006281853,0.6455770046669494,0.5517989720159909,0.2686247514150222,0.3163161119052481,0.2323883161512027,0.4013157894736842,0.4268472452552055,0.4620047543581616,0.4822040270699307
0.2617205542725174,0.2229078287697647,0.2219983406424084,0.7618795078489605,0.4123358081096517,0.1942787211258987,0.4730447212579129,0.2518613974799542,0.2511474908200734,0.2098304772434125,0.2111331220285262,0.2170189656612916
0.1173210161662817,0.1685306594677979,0.3847339101576389,0.8580823080186677,0.1910908052541405,0.2036102187547805,0.6351848070247089,0.3284650630011455,0.2005813953488372,0.0930532522572323,0.0690966719492868,0.0656696465870164
0.0601616628175519,0.1447165445430004,0.4434040535735451,0.8974331777683495,0.1062250142775557,0.2036867064402631,0.7044108637941596,0.3195876288659793,0.1814565483476132,0.072185369449051,0.0439381933438986,0.0342969337455092
0.0574480369515011,0.1328576937909757,0.4199359962071826,0.90522910479423,0.1149057681324957,0.1867064402631176,0.7749642638350009,0.4719358533791523,0.2711903304773562,0.1451999262944537,0.1021790808240887,0.076781686022224
0.0672632794457275,0.1487659082144234,0.4390186085101339,0.8919707254985151,0.1153626499143346,0.2055224108918464,0.833469471104758,0.6394616265750286,0.400015299877601,0.2454855352865303,0.1866877971473851,0.1464616927061575
0.0886836027713626,0.174893945237177,0.4592864762356288,0.867787441663131,0.1267846944603084,0.2327520269236652,0.8262201347763937,0.6905784650630011,0.4577723378212974,0.3123733185922241,0.2512282091917591,0.2042359428523686
0.1173210161662817,0.1838603933667566,0.4224250325945241,0.849703012303776,0.1729297544260423,0.2279333027382591,0.7575045946497856,0.6082474226804123,0.4264075887392901,0.337847798046803,0.2879556259904913,0.24174951959228
0.1481524249422633,0.1896451986116467,0.3734739836434751,0.832308018667798,0.2270702455739578,0.2167661006577941,0.7257504594649785,0.5992268041237113,0.4380354957160343,0.3682052699465635,0.3202456418383518,0.27287158492773
0.1762124711316397,0.1996721943694562,0.3405238828967642,0.8139053882053457,0.2705882352941177,0.2140890316659018,0.7125791300796406,0.6656643757159221,0.508108935128519,0.4166206007002027,0.3602218700475436,0.3070014203358677
0.1837182448036952,0.2045892788276128,0.3370866421713879,0.8078065337293169,0.2797258709308967,0.2169190760287593,0.6574433326526444,0.5577033218785795,0.5211903304773562,0.4396075179657269,0.3806656101426308,0.326259503717938
0.1755196304849884,0.2000578480524489,0.342775868199597,0.8140644887568943,0.2688749286122216,0.215083371577176,0.6015928119256687,0.3873138602520045,0.4952570379436964,0.4370738898102082,0.3816957210776545,0.3273038683265101
0.1732101616628175,0.2011666023910528,0.3502429773616214,0.8144887568943572,0.2629354654483153,0.2184488297384121,0.5756585664692668,0.2925257731958763,0.4798806609547123,0.4340335360235858,0.3810618066561014,0.3267190241457097
0.1780600461893765,0.2085904357886618,0.3586582908616807,0.808177768349597,0.2637350085665335,0.2270154505124675,0.5779048396977742,0.2720504009163803,0.4822521419828641,0.4371660217431362,0.3855784469096672,0.3315648759294844
0.1848729792147806,0.2143270343231778,0.3586582908616807,0.8019198133220196,0.2704740148486579,0.2315282239559431,0.5850520726975699,0.2756300114547537,0.4886780905752753,0.44149622259075,0.3905705229793978,0.3379981619182889
0.182621247113164,0.2101812572310065,0.3530875903757259,0.8052078913873568,0.2709308966304969,0.226480036714089,0.5863794159689605,0.2714776632302405,0.4910495716034271,0.4424175419200295,0.3919968304278922,0.340170440304119
0.1739030023094688,0.2084458156575395,0.3668365532772312,0.8101930420025456,0.2556253569388921,0.2295395441333945,0.5714723299979578,0.2368270332187858,0.4739902080783353,0.4332964805601622,0.3836767036450079,0.3327763388754282
0.1742494226327945,0.2110971847281141,0.3725257793054403,0.808549002969877,0.2533409480296973,0.2335169037784916,0.5645293036552992,0.2220790378006873,0.4642747858017135,0.4285977519808366,0.3788034865293185,0.3278051633386247
0.1797344110854503,0.2171230235248747,0.3760815455730709,0.8027153160797623,0.256996002284409,0.2394064555606547,0.5699407800694303,0.2309564719358534,0.4719247246022032,0.4344481297217616,0.3834389857369256,0.3319408471885705
0.1837759815242494,0.2210759737755495,0.3773853265378689,0.7986847687738651,0.2603083952027413,0.242924889092856,0.5774964263835001,0.2416953035509736,0.4785036719706242,0.4383176709047355,0.3867274167987322,0.3349903918456011
0.1770207852193995,0.2159178557655225,0.3786891075026668,0.8046245226983453,0.2529982866933181,0.239329967875172,0.5773943230549315,0.2351088201603665,0.4740667074663403,0.4354155150175051,0.3833993660855784,0.3326927897067424
0.1670900692840647,0.2091207096027767,0.3823633993125518,0.8129507848960543,0.2414620217018846,0.2350466574881444,0.5662650602409638,0.2074742268041237,0.4602203182374541,0.4281831582826608,0.3760301109350237,0.3255493357841089
0.1678406466512702,0.2126880061704589,0.3894749318478132,0.8106173101400085,0.238720731010851,0.2402478201009637,0.559322033898305,0.1925830469644902,0.453641370869033,0.4256034641606782,0.3740491283676704,0.3227504386331356
0.1724018475750577,0.2192923254917084,0.3964679388408201,0.8048896902842596,0.2399771559109081,0.2476671255927795,0.563712477026751,0.1963058419243986,0.4546358629130967,0.4266629813893495,0.3753169572107765,0.3243796474225081
0.1815819861431871,0.228210566910914,0.3995496029394334,0.7957679253288078,0.2475157053112507,0.2557748202539391,0.5723912599550744,0.2093356242840779,0.4611383108935128,0.4292426755113323,0.3778526148969889,0.3271785445734815
0.1745958429561201,0.2256556112610875,0.407727865354984,0.8003818413237165,0.2366647629925757,0.2563867217378002,0.5680008168266285,0.1995990836197022,0.4548653610771113,0.4243596830661507,0.3732963549920761,0.3224997911270783
0.160161662817552,0.2141824141920555,0.4090316463197819,0.8133220195163343,0.2218161050828098,0.2477436132782622,0.5572799673269349,0.17024627720504,0.4375764993880049,0.4135802469135802,0.3634310618066561,0.3132676079873005
0.1584872979214781,0.2092171230235248,0.4002607561929595,0.816822231650403,0.224328954882924,0.2409362092703074,0.5548294874412905,0.1580756013745704,0.4306150550795594,0.4092961120324305,0.3597464342313787,0.3091319241373548
0.1654157043879908,0.2118202853837254,0.392438070404172,0.8122083156554942,0.2349514563106796,0.2404772831574116,0.5690218501123137,0.1808419243986254,0.4414014687882497,0.4155150175050673,0.364540412044374,0.3143119725958727
0.1694572748267898,0.212784419591207,0.3865117932914543,0.8098218073822656,0.2418046830382638,0.239329967875172,0.586277312640392,0.2069014891179839,0.4538708690330477,0.4201676801179289,0.3688985736925515,0.3196173448074191
0.1645496535796766,0.2081083686849209,0.3850894867844021,0.8146478574459057,0.2376927470017133,0.235123145173627,0.5930161323259138,0.2070446735395189,0.4506578947368421,0.4169891284319145,0.3637480190174326,0.3156905338791879
0.153810623556582,0.1970690320092556,0.3799928884674647,0.8256257955027577,0.2294688749286122,0.2247973076334709,0.5876046559117827,0.1905784650630011,0.4392594859241125,0.4113690805233094,0.3566561014263074,0.3076280391010109
0.1537528868360277,0.1969726185885075,0.3798743629252104,0.8257318625371234,0.2294688749286122,0.2246443322625057,0.5919950990402287,0.1948739977090492,0.4420899632802937,0.4127510595172287,0.3571315372424723,0.3060823794803242
0.1622401847575058,0.2055052063247203,0.3833116036505867,0.8171404327535001,0.2362078812107367,0.2325225638672173,0.6166020012252399,0.2229381443298969,0.4572368421052631,0.4191081628892574,0.3622820919175911,0.3109700058484418
0.1665127020785219,0.21104897801774,0.388408201967524,0.8121022486211286,0.2379211878926328,0.2385650910203457,0.6343679803961608,0.245418098510882,0.4669522643818849,0.4240372213009029,0.3653724247226625,0.3151892388670733
0.1632217090069284,0.2091207096027767,0.3903046106435937,0.8147008909630886,0.2338092518560822,0.2376472387945541,0.6398815601388604,0.2520045819014891,0.4664932680538555,0.4229316381057675,0.3620047543581616,0.3115130754448993
0.1554849884526559,0.2032394909371384,0.3917269171506459,0.8214891811624947,0.2254711593375214,0.233440416093009,0.6424341433530733,0.2465635738831615,0.4603733170134639,0.417956513727658,0.3556259904912837,0.3025733143955217
0.1486720554272517,0.1983224064789818,0.3936233258267156,0.8273228680526091,0.217818389491719,0.2301514456172556,0.6547886461098632,0.2411225658648339,0.4561658506731946,0.4142712364105398,0.3511093502377179,0.2972679421839752
0.1518475750577367,0.2046374855379868,0.4026312670380467,0.8223907509546032,0.2166761850371217,0.2380296772219672,0.6758219317949765,0.2464203894616265,0.4605263157894737,0.4164363368343468,0.3530507131537242,0.2988553763890049
0.1524826789838337,0.2113382182799845,0.4178025364466042,0.8184132371658888,0.2099371787549972,0.2482790270766406,0.6962425975086788,0.2504295532646048,0.4652692778457772,0.4184171733922978,0.3555863708399366,0.3027821873172361
0.1434757505773672,0.206421133821828,0.4242029157283394,0.8252545608824777,0.1979440319817247,0.2464433226250573,0.7035940371656115,0.2227949599083619,0.4540238678090575,0.4124746637184449,0.3497226624405705,0.2977692371960899
0.1299076212471132,0.1971172387196297,0.4291809885030224,0.8366037335596097,0.1820673900628212,0.2407067462138595,0.7000204206657137,0.1715349369988545,0.4317625458996327,0.3995301271420675,0.3378763866877972,0.2857799314896816
0.1247690531177829,0.1995275742383339,0.4456560388763779,0.8376644039032668,0.1690462592804112,0.2478965886492274,0.7007351439656931,0.1378865979381443,0.4184516523867809,0.3912382531785517,0.330784469096672,0.2783858300609909
0.1318706697459584,0.208156575395295,0.4522934692426217,0.8296033092914722,0.1729297544260423,0.2569221355361786,0.7017561772513783,0.1197021764032073,0.4143971848225214,0.3896720103187765,0.3301109350237717,0.2778009858801905
0.1449769053117783,0.2169784033937524,0.4470783453834301,0.8187844717861688,0.1883495145631068,0.2621997858344806,0.6903206044517051,0.1172680412371134,0.4148561811505508,0.3913303851114797,0.333122028526149,0.2817695713927646
0.1493071593533487,0.2175568839182414,0.4394927106791514,0.816450997030123,0.1963449457452884,0.2602111060119321,0.6521339595670819,0.0939289805269187,0.4059057527539779,0.3883821632577851,0.3322107765451664,0.2821873172361935
0.1472863741339492,0.2077227150019282,0.4195804195804195,0.8228150190920662,0.2038834951456311,0.2459843965121615,0.595466612211558,0.0514032073310423,0.3902998776009792,0.380919476690621,0.3256735340729002,0.2769237196089898
0.148094688221709,0.1997204010798303,0.3982458219746355,0.8267925328807806,0.2150770988006853,0.2327520269236652,0.5489074943843169,0.034077892325315,0.3772184822521419,0.3742859775198084,0.3206418383518225,0.2707410811262428
0.155715935334873,0.1991419205553413,0.3811781438900083,0.8236105218498091,0.2308395202741291,0.2267859874560195,0.5386971615274658,0.0559851088201603,0.3804314565483476,0.375069098949696,0.3213549920760697,0.2712423761383574
0.1616050808314088,0.1975028924026224,0.3650586701434159,0.8218604157827747,0.2444317532838378,0.2202845341899954,0.54114764141311,0.0701603665521191,0.3854039167686658,0.3758061544131196,0.3217511885895404,0.2713676998913861
0.1521362586605081,0.1912842267643656,0.3692070641223183,0.8296033092914722,0.2330097087378641,0.2166896129723114,0.5391055748417398,0.0714490263459336,0.3842564259485924,0.3745623733185922,0.319809825673534,0.2700309131924137
0.1453233256351039,0.184053220208253,0.365414246770179,0.8367098005939753,0.2280982295830954,0.2097292335933914,0.5331835817847661,0.0567010309278349,0.3751529987760098,0.3698175787728027,0.3156101426307449,0.265895229342468
0.1504618937644342,0.183474739683764,0.353443167002489,0.8346945269410266,0.2389491719017704,0.2054459232063637,0.5262405554421073,0.0511168384879724,0.3707925336597307,0.3694029850746269,0.3137480190174327,0.2646419918121814
0.157852193995381,0.1895969919012726,0.3533246414602347,0.8279062367416207,0.2462592804111936,0.2102646473917699,0.5344088217275883,0.0678694158075602,0.3802019583843329,0.3748848350838401,0.3181061806656101,0.270657531957557
0.1610854503464203,0.1965869649055148,0.3638734147208723,0.8225498515061518,0.2444317532838378,0.2192137065932385,0.541351848070247,0.0777491408934707,0.3863219094247245,0.3778330569375346,0.3219889064976228,0.274667892054474
0.1537528868360277,0.1931642884689549,0.3703923195448619,0.8278001697072549,0.2340376927470017,0.2186018051093774,0.5310394118848274,0.0584192439862543,0.3771419828641371,0.3735949880228487,0.3181458003169573,0.2708246302949285
0.1484988452655889,0.1850655611261087,0.3612658527912765,0.8346945269410266,0.2332381496287836,0.209193819795013,0.518582805799469,0.0406643757159221,0.3688800489596083,0.3697715128063387,0.314500792393027,0.2673573397944691
0.1506928406466513,0.1914288468954878,0.3725257793054403,0.8301866779804836,0.2299257567104512,0.2179134159400336,0.51439656932816,0.0333619702176402,0.3671970624235006,0.3700479086051226,0.3141838351822504,0.2671902414570975
0.155715935334873,0.2006363285769379,0.3849709612421477,0.8228150190920662,0.2290119931467733,0.2291571057059813,0.5212374923422504,0.0426689576174111,0.3749235006119951,0.3760825502119034,0.3182250396196514,0.2710752778009859
0.1583718244803695,0.2043482452757423,0.3885267275097783,0.8195799745439117,0.2299257567104512,0.2332874407220437,0.5307331018991218,0.0575601374570447,0.384562423500612,0.3825317855168602,0.3238114104595879,0.2767148466872755
0.1546766743648961,0.2011666023910528,0.3882896764252697,0.8229741196436148,0.2262707024557396,0.230686859415634,0.5247090055135797,0.0509736540664376,0.3825734394124847,0.3796296296296296,0.3224247226624405,0.2746261174701311
0.1471131639722864,0.1953817971461627,0.3894749318478132,0.8296563428086551,0.2182752712735579,0.226480036714089,0.5085766795997549,0.0312142038946163,0.373470012239902,0.3725815367606412,0.316838351822504,0.2688612248308129
0.1471131639722864,0.1950443501735441,0.388763778594287,0.8298684768773864,0.2186179326099372,0.2259446229157105,0.503982029814172,0.0332187857961054,0.373546511627907,0.3737792518887046,0.3165213946117274,0.2698638148550422
0.155080831408776,0.2014558426532973,0.3880526253407609,0.8226559185405176,0.2268418046830382,0.2308398347865993,0.5163365325709618,0.0647193585337915,0.3910648714810281,0.3854339414040906,0.3251188589540412,0.2783858300609909
0.1591801385681293,0.2077227150019282,0.3951641578760223,0.8173525668222316,0.2275271273557967,0.2381061649074499,0.522564835613641,0.0870561282932416,0.405140758873929,0.3947392666298139,0.3330031695721077,0.2865736485921965
0.1543302540415704,0.2067103740840725,0.4026312670380467,0.8201103097157403,0.2190748143917761,0.2397124063025852,0.514804982642434,0.0797537227949599,0.4049877600979192,0.3925281002395431,0.333122028526149,0.2872420419416827
0.1481524249422633,0.2054569996143463,0.4123503615029039,0.8236635553669919,0.2082238720731011,0.2418540614960991,0.4968347968143761,0.0571305841924398,0.3977203182374541,0.388750690989497,0.3295166402535657,0.2843595956220235
0.1465357967667437,0.2054569996143463,0.4154320256015171,0.8243529910903691,0.2052541404911479,0.2428484014073734,0.4939759036144578,0.0587056128293241,0.4039167686658507,0.3929887599041828,0.3322107765451664,0.2870749436043111
0.1576789838337182,0.2154357886617817,0.4172099087353324,0.8137993211709801,0.2154197601370645,0.2513385344959461,0.5105166428425566,0.1005154639175258,0.4309210526315789,0.4088354523677907,0.345364500792393,0.3000250647506057
0.1714780600461894,0.2268125723100655,0.4168543321085694,0.8011773440814595,0.229126213592233,0.2602111060119321,0.5214416989993873,0.1414662084765177,0.4573898408812729,0.4261562557582459,0.3606576862123613,0.31456262010193
0.1681293302540416,0.2296567682221365,0.430721820552329,0.8011243105642766,0.2191890348372359,0.2669420223344041,0.5150091892995711,0.1490549828178694,0.4633567931456548,0.4310853141698913,0.3660063391442155,0.319659119391762
0.1656466512702078,0.2260412649440802,0.4269290032001896,0.8043063215952482,0.2185037121644775,0.2628881750038244,0.4959158668572595,0.1400343642611684,0.4623623011015911,0.4329279528284503,0.36743264659271,0.3205781602473055
0.1678406466512702,0.2259930582337061,0.4224250325945241,0.8032986847687739,0.2228440890919475,0.2613584212941716,0.4897896671431488,0.1576460481099656,0.4731487148102815,0.4426018057858854,0.375594294770206,0.3303534129835408
0.1796189376443418,0.2342364057076745,0.418395164157876,0.7933814170555792,0.2364363221016562,0.2666360715924736,0.501021033285685,0.2028923253150057,0.498546511627907,0.4594619495117008,0.391877971473851,0.346018882112123
0.1896073903002309,0.2389124566139606,0.4093872229465449,0.786221892235893,0.2507138777841234,0.2674009484472999,0.5093935062283029,0.236254295532646,0.5174418604651163,0.4717615625575825,0.404080824088748,0.3589272286740747
0.193013856812933,0.2377072888546085,0.399431077397179,0.7852672889266016,0.2589377498572244,0.2632706134312376,0.4988768633857463,0.2401202749140893,0.5204253365973072,0.4755850377740925,0.4086767036450079,0.3648174450664215
0.188337182448037,0.2298495950636328,0.3897119829323219,0.7917373780229104,0.2589377498572244,0.2539391158023558,0.4789667143148866,0.2312428407789232,0.5133108935128519,0.4720840243228303,0.4074881141045959,0.3648592196507644
0.1943418013856813,0.2318742768993444,0.3823633993125518,0.7879189647857445,0.2684180468303827,0.2530977512620468,0.4767204410863793,0.2421248568155784,0.5164473684210527,0.4752165100423807,0.4114500792393027,0.369412649344139
0.2025981524249422,0.2410335518704204,0.3879340997985065,0.7790623674162069,0.27390062821245,0.2621997858344806,0.4930569736573412,0.2709049255441008,0.5311352509179926,0.4848903629998158,0.419770206022187,0.3784359595622024
0.2060623556581986,0.2459024296182028,0.3926751214886808,0.7747666525243954,0.2750428326670474,0.2676304115037479,0.5101082295282825,0.3004009163802978,0.5415391676866586,0.4904643449419569,0.424445324881141,0.3836160080207202
0.2021362586605081,0.2450829155418434,0.3988384496859073,0.7770470937632583,0.2681896059394632,0.2689307021569527,0.5101082295282825,0.2986827033218786,0.5383261933904528,0.4859498802284872,0.4210380348652932,0.3795220987551173
0.1953233256351039,0.2392981102969533,0.3986013986013985,0.7833580823080186,0.2615648201027984,0.2642649533425119,0.5033694098427608,0.28393470790378,0.5276927784577723,0.4781186659296112,0.4157686212361331,0.3737154315314562
0.1963048498845266,0.2361646741226378,0.3888823041365414,0.7846308867204073,0.2672758423757853,0.2586813523022793,0.5027567898713498,0.28393470790378,0.5225673194614443,0.4751243781094528,0.4137480190174327,0.373423009441056
0.2021362586605081,0.2393463170073274,0.3847339101576389,0.780176071277047,0.2750428326670474,0.2598286675845189,0.5199101490708596,0.3142898052691866,0.533047735618115,0.4816657453473374,0.4191362916006339,0.3792714512490601
0.2087759815242494,0.240840725028924,0.374777764608273,0.7763576580398812,0.2863506567675614,0.2578399877619703,0.5299162752705738,0.3330469644902634,0.5403151774785802,0.4858577482955593,0.4240491283676704,0.3841173030328348
0.2021939953810623,0.2365021210952564,0.3776223776223775,0.78171404327535,0.2784694460308395,0.2553158941410433,0.5282826220134775,0.3220217640320733,0.5332007343941249,0.4801455684540262,0.4202060221870048,0.3803575904419751
0.1967667436489607,0.2297531816428847,0.3720516771364229,0.7879719983029274,0.2757281553398058,0.2481260517056754,0.5208290790279763,0.308848797250859,0.5223378212974296,0.4719918923899023,0.4123217115689382,0.3723786448324839
0.1957274826789838,0.2286926340146548,0.3718146260519142,0.7890326686465846,0.274814391776128,0.2472081994798837,0.5243005921993057,0.3074169530355097,0.5195838433292533,0.4696885940667035,0.4101030110935024,0.3695797476815106
0.2012124711316397,0.235682607018897,0.3776223776223775,0.7826686465846414,0.2774414620217019,0.2546275049716995,0.5432918113130488,0.3321878579610538,0.5304467564259486,0.4757232356734844,0.4149366085578447,0.3732141365193416
0.2050230946882217,0.2425279598920169,0.3866303188337087,0.7771001272804412,0.2768703597944032,0.262964662689307,0.5585052072697569,0.3526632302405498,0.5413096695226438,0.4817118113138013,0.4195324881141046,0.3765143286824296
0.1978060046189377,0.2388642499035865,0.392438070404172,0.78245651251591,0.2669331810394061,0.2619703227780327,0.5540126608127425,0.3374856815578465,0.534577723378213,0.4767827529021559,0.415689381933439,0.3722115464951123
0.1885103926096998,0.2312957963748554,0.3929121725731895,0.7908888417479847,0.2575671045117076,0.2560807709958697,0.5392076781703083,0.3061282932416952,0.5172888616891065,0.4676616915422886,0.4090332805071315,0.3656947113376221
0.1898960739030023,0.2341881989973004,0.3971790920943463,0.7886614340263046,0.2568817818389492,0.2597521798990362,0.5394118848274453,0.3081328751431844,0.5159883720930233,0.4684908789386401,0.4092313787638669,0.3655276130002506
0.1967090069284065,0.2392499035865792,0.395756785587294,0.7827216801018243,0.2643061107938321,0.2633471011167201,0.554931590769859,0.3356242840778923,0.5296052631578948,0.4777962041643633,0.4166402535657686,0.3720862227420837
0.1989030023094688,0.2403586579251832,0.39374185136897,0.7811306745863386,0.267390062821245,0.2635765641731681,0.5700428833979988,0.3508018327605956,0.5407741738066095,0.4839690436705362,0.4216323296354992,0.3759712590859721
0.1928983833718245,0.235682607018897,0.3946900557070048,0.7864870598218073,0.2609937178754997,0.2601346183264494,0.5624872370839289,0.3387743413516609,0.5348072215422276,0.4799613045881702,0.4191759112519809,0.3726292923385412
0.1862586605080831,0.23052448900887,0.3956382600450396,0.7923737802291048,0.2540262707024558,0.2563867217378002,0.5464570144986726,0.3145761741122566,0.5213433292533659,0.4716233646581906,0.4133518225039619,0.3667808505305372
0.1878752886836028,0.2310547628229849,0.3935048002844613,0.7913131098854476,0.2566533409480298,0.2560807709958697,0.5489074943843169,0.3258877434135166,0.5244033047735618,0.4741109268472452,0.4164421553090333,0.3680758626451666
0.1927829099307159,0.232259930582337,0.3865117932914543,0.7883962664403903,0.2648772130211309,0.2547804803426648,0.5714723299979578,0.3645475372279496,0.5436046511627907,0.4859038142620233,0.4257527733755943,0.3763054557607151
0.1953233256351039,0.233368684920941,0.3840227569041128,0.786593126856173,0.2686464877213021,0.2548569680281474,0.5899530324688584,0.3927548682703322,0.5572215422276622,0.4944720840243229,0.4324881141045959,0.3831564875929484
0.1908198614318706,0.2304280755881218,0.3861562166646912,0.7903054730589733,0.263049685893775,0.253250726633012,0.5880130692260568,0.3855956471935853,0.5568390452876377,0.494195688225539,0.4321711568938193,0.3822792213217478
0.1833718244803695,0.2269089857308137,0.3926751214886808,0.795661858294442,0.2526556253569389,0.2525623374636683,0.5778027363692056,0.368127147766323,0.5490361077111383,0.4895430256126774,0.4284072900158479,0.3776422424596874
0.1830831408775981,0.228210566910914,0.3964679388408201,0.7950784896054306,0.2504854368932039,0.2547804803426648,0.5896467224831529,0.3805841924398625,0.5549265605875153,0.4925833793992998,0.4299920760697306,0.3792714512490601
0.1935912240184757,0.2354415734670266,0.3926751214886808,0.7862749257530759,0.2627070245573958,0.2592932537861404,0.6115989381253828,0.4201030927835051,0.5771113831089352,0.5047908605122536,0.4393423137876387,0.3885454089731807
0.1943995381062356,0.2383821827998457,0.3981272964323811,0.7842596521001273,0.26087949743004,0.2634235888022028,0.6408004900959772,0.4574742268041236,0.5957007343941249,0.5139119218721209,0.4466719492868463,0.3947280474559278
0.1842378752886836,0.2355379868877747,0.4121133104183951,0.7905176071277047,0.2440890919474586,0.2656417316811993,0.6515213395956707,0.4495990836197021,0.5935587515299877,0.5109637000184264,0.4443343898573692,0.3943938507811847
0.1736143187066974,0.233368684920941,0.4285883607917506,0.7966164616037335,0.2255853797829812,0.2692366528988832,0.6427404533387788,0.4162371134020618,0.5824663402692778,0.5036852773171181,0.4396988906497623,0.3900910685938675
0.1742494226327945,0.2391534901658311,0.4415076448974754,0.7931162494696647,0.2201027984009138,0.2779562490439039,0.6512150296099652,0.411225658648339,0.5850673194614443,0.5063571033720288,0.4422345483359747,0.3922633469796975
0.1777713625866051,0.2479753181642885,0.4559677610525068,0.786646160373356,0.2165619645916619,0.2896588649227474,0.6818460281805186,0.4285509736540664,0.5979192166462668,0.5154320987654322,0.4498811410459588,0.3996156738240454
0.1795034642032333,0.2491804859236406,0.4554936588834894,0.7851612218922359,0.2185037121644775,0.2905002294630564,0.6966510108229528,0.4219644902634593,0.6003671970624236,0.5186106504514465,0.4549524564183835,0.4055476648007352
0.1722863741339492,0.2466737369841882,0.4639089723835486,0.7898812049215104,0.2073101085094232,0.2911886186324002,0.6821523381662241,0.3765750286368842,0.5820838433292533,0.5095356550580431,0.4504754358161648,0.4014119809507895
0.1665704387990762,0.2486984188198997,0.4807395993836671,0.7914191769198133,0.193489434608795,0.2982254856968028,0.6530528895241984,0.3171534936998854,0.5527845777233782,0.4931361709968675,0.4377179080824089,0.3901746177625533
0.1725173210161663,0.2501446201311222,0.4720872347990991,0.7878659312685616,0.2035408338092519,0.2966192443016674,0.6329385337962017,0.3002577319587628,0.5466646266829865,0.4916159941035564,0.4359746434231379,0.3892138023226669
0.1853926096997691,0.2594485152333204,0.4685314685314685,0.7768349596945269,0.2180468303826385,0.3028147468257611,0.6238513375536042,0.3250286368843069,0.5591340269277846,0.5028560899207666,0.4461172741679874,0.3993232517336452
0.1982678983833718,0.2646548399537216,0.4549010311722176,0.7680313958421722,0.2373500856653341,0.3025852837693131,0.5861752093118234,0.3253150057273768,0.5615820073439413,0.5074626865671642,0.4517036450079239,0.4067591277466789
0.2036951501154734,0.256893559583494,0.4246770178973569,0.7698345354263894,0.2573386636207881,0.2865993575034419,0.5293036552991628,0.3078465063001145,0.5478121175030599,0.5,0.44770206022187,0.4039602305957055
0.1995958429561201,0.241419205553413,0.3950456323337679,0.7802291047942299,0.2675042832667048,0.2648003671408903,0.4936695936287522,0.2876575028636884,0.526468788249694,0.4877464529205823,0.4369255150554675,0.3935165845099841
0.1983833718244804,0.2318742768993444,0.3740666113547469,0.7860097581671617,0.2764134780125643,0.2504971699556371,0.4967326934858075,0.2992554410080183,0.5214963280293757,0.4854431545973835,0.4330031695721077,0.3908012365276965
0.2089491916859122,0.2335133050520632,0.3564063055588479,0.7802821383114128,0.2953740719588807,0.2460608841976442,0.5224627322850725,0.334049255441008,0.5375611995104039,0.4944720840243229,0.4392234548335975,0.399030829643245
0.21229792147806,0.23394716544543,0.3504800284461301,0.7784789987271955,0.3015419760137064,0.2445311304879914,0.5399224014702879,0.3615406643757158,0.5462056303549572,0.4998157361341441,0.4431854199683043,0.4041691035174199
0.2112009237875289,0.232259930582337,0.3488206708545692,0.7799109036911328,0.3011993146773273,0.2426189383509255,0.5296099652848683,0.3596792668957617,0.5387851897184822,0.4944260180578588,0.4393026941362916,0.4006600384326176
0.2121824480369515,0.2297049749325106,0.3404053573545098,0.7809185405176071,0.3062250142775558,0.2378767018510019,0.5159281192566878,0.3406357388316151,0.5256272949816402,0.4857195503961673,0.4317353407290016,0.3928899657448408
0.2142609699769053,0.2298978017740069,0.3366125400023704,0.779804836656767,0.3102227298686465,0.236805874254245,0.5115376761282417,0.3290378006872852,0.519048347613219,0.4807444260180579,0.4269017432646593,0.3872086222742083
0.2181293302540416,0.2335615117624373,0.337797795424914,0.776039456936784,0.3134209023415192,0.2400948447299984,0.5260363487849704,0.3487972508591065,0.5256272949816402,0.486502671826055,0.4307448494453249,0.3901328431782103
0.2200923787528868,0.2338025453143077,0.3343605546995377,0.7750318201103097,0.316961736150771,0.2391769925042068,0.5350214416989993,0.3595360824742268,0.5273102815177478,0.4880228487193661,0.4333201267828843,0.3930152894978694
0.2120669745958429,0.2279695333590435,0.3363754889178618,0.7818731438268985,0.3081667618503713,0.2351996328591096,0.5262405554421073,0.3323310423825887,0.5133108935128519,0.4781186659296112,0.4265451664025356,0.3885871835575236
0.2030600461893764,0.221943694562283,0.3400497807277468,0.7893508697496817,0.2974300399771559,0.2316047116414257,0.5071472329997958,0.2975372279495991,0.4960220318237454,0.4683066150727842,0.4190174326465927,0.382571643412148
0.2049076212471131,0.2231970690320092,0.3393386274742207,0.7878128977513789,0.299600228440891,0.232369588496252,0.5116397794568103,0.3041237113402061,0.4982405140758874,0.4701492537313433,0.4206814580031696,0.3837831063580917
0.208891454965358,0.2262340917855765,0.3386274742206945,0.78431268561731,0.303940605368361,0.2345112436897659,0.5285889319991831,0.3231672394043527,0.5067319461444308,0.4764602911369081,0.4246830427892235,0.3879605647923803
0.2102193995381062,0.2283551870420362,0.341116510608036,0.7825095460330929,0.3040548258138207,0.2370353373106929,0.5378803348989177,0.3283218785796105,0.5085679314565483,0.4769209508015478,0.4248019017432647,0.3878770156236945
0.207852193995381,0.228837254145777,0.3472798388052626,0.7833580823080186,0.298686464877213,0.2394064555606547,0.5195017357565856,0.3045532646048109,0.4916615667074663,0.4681223512069284,0.4175515055467512,0.3807335617010611
0.1983256351039261,0.2231006556112611,0.3526134882067085,0.7908888417479847,0.2866933181039406,0.2365764111977971,0.5053093730855626,0.274770904925544,0.4722307221542227,0.4563755297586143,0.4084786053882726,0.3719191244047121
0.1981524249422633,0.2219919012726571,0.3501244518193671,0.7915782774713619,0.2877213021130783,0.2348936821171791,0.5152133959567081,0.2743413516609393,0.4729192166462668,0.4563294637921504,0.4071315372424723,0.3709165343804829
0.203810623556582,0.2263787119166988,0.3492947730235866,0.786593126856173,0.2936607652769846,0.2381061649074499,0.5327751684704921,0.2991122565864834,0.4857711138310893,0.4663257785148333,0.413946117274168,0.3769320745258584
0.2043879907621247,0.2261376783648284,0.34775394097428,0.7864340263046244,0.2950314106225015,0.2374177757381061,0.5506432509699816,0.3165807560137457,0.49625152998776,0.4734199373502856,0.4196117274167987,0.3834071350990057
0.1998267898383372,0.2209795603548013,0.3443167002489036,0.7913661434026303,0.292175899486008,0.2322166131252868,0.5454359812129874,0.3075601374570447,0.4895195838433293,0.4687212087709601,0.4163629160063392,0.3821121229843763
0.1964780600461894,0.2220883146934053,0.3539172691715064,0.7923207467119219,0.2841804683038264,0.2361939727703839,0.5268531754135184,0.2822164948453608,0.4771266829865361,0.4603372028745163,0.4108161648177496,0.3772662712006016
0.2008660508083141,0.2279695333590435,0.3593694441152068,0.787017394993636,0.2860079954311822,0.2426189383509255,0.5279763120277721,0.2813573883161512,0.474984700122399,0.4596462133775567,0.4108161648177496,0.3775586932910018
0.210796766743649,0.2357308137292711,0.3580656631504089,0.7782138311412812,0.2964020559680183,0.2483555147621232,0.5421686746987951,0.3064146620847651,0.4872246022031823,0.4696425281002395,0.4179080824088748,0.3849110201353496
0.2147228637413395,0.2382375626687235,0.3561692544743392,0.7750318201103097,0.3011993146773273,0.2497322931008107,0.5489074943843169,0.3214490263459335,0.4951040391676867,0.4740187949143173,0.421473851030111,0.3875428189489515
0.2068129330254041,0.2351523332047821,0.3647030935166528,0.7803351718285956,0.2893203883495146,0.2500382438427413,0.54114764141311,0.3069873997709049,0.4869186046511627,0.4670167680117929,0.415689381933439,0.3813601804662043
0.2049076212471131,0.2301388353258773,0.3564063055588479,0.7839944845142129,0.2913763563677899,0.2433838152057518,0.5180722891566264,0.2720504009163803,0.468329253365973,0.4548553528653032,0.406418383518225,0.3716684768986548
0.206986143187067,0.2310547628229849,0.3543913713405238,0.7825095460330929,0.2943460879497431,0.2434603028912345,0.5190933224423115,0.2714776632302405,0.4673347613219094,0.4554542104293348,0.4068145800316957,0.3726710669228841
0.2153002309468822,0.2338989587350559,0.3443167002489036,0.7771531607976241,0.3074814391776128,0.2424659629799602,0.532162548499081,0.2993986254295532,0.4795746634026928,0.46489773355445,0.4139064976228209,0.3810259837914613
0.221189376443418,0.2358272271500192,0.3369681166291335,0.7733877810776411,0.3168475157053113,0.2416245984396512,0.541351848070247,0.3177262313860252,0.489672582619339,0.4711627049935508,0.420324881141046,0.3870832985211797
0.2134526558891455,0.232790204396452,0.3453834301291928,0.7785850657615613,0.3051970302684181,0.2419305491815817,0.5307331018991218,0.293098510882016,0.4777386780905752,0.4634236226276027,0.4156101426307448,0.3807753362854039
0.2025981524249422,0.2279213266486695,0.3556951523053218,0.7862749257530759,0.2894346087949743,0.2413951353832032,0.5155197059424137,0.2591638029782359,0.4612913096695226,0.4528284503408882,0.4083201267828843,0.3730470381819701
0.2028868360277136,0.2262340917855765,0.3509541306151476,0.7870704285108188,0.2919474585950886,0.2385650910203457,0.5174596691852154,0.2598797250859107,0.4615208078335373,0.4529666482402801,0.4084786053882726,0.3741331773748851
0.2034642032332563,0.2269571924411878,0.3515467583264193,0.7864340263046244,0.2922901199314677,0.239329967875172,0.5422707780273637,0.2916666666666667,0.4763616891064871,0.4617652478348996,0.4148573692551505,0.3814019550505472
0.2023672055427252,0.2270053991515619,0.353798743629252,0.7868582944420873,0.2901199314677328,0.2400948447299984,0.5534000408413313,0.3038373424971363,0.4827876376988984,0.4662797125483693,0.4187004754358162,0.3842008522015206
0.1986143187066975,0.2241612032394909,0.3547469479672869,0.7901994060246075,0.2858937749857225,0.2381061649074499,0.537165611598938,0.2815005727376861,0.4720777233782129,0.4585406301824212,0.4137083993660856,0.378185312056145
0.1951501154734411,0.2194851523332047,0.3502429773616214,0.7943360203648705,0.2846373500856654,0.2329814899801132,0.5176638758423524,0.2501431844215349,0.4574663402692778,0.4479915238621706,0.4051901743264659,0.3693708747597962
0.2007505773672055,0.2240165831083687,0.3498874007348583,0.7892448027153159,0.2904625928041119,0.2364234358268318,0.5220543189707983,0.26131156930126,0.4615973072215422,0.449281370923162,0.4066561014263075,0.3707912106274542
0.2118937644341801,0.2365985345160046,0.3579471376081545,0.7772592278319898,0.2975442604226157,0.249043903931467,0.5394118848274453,0.2849369988545246,0.4759026927784577,0.4592776856458448,0.4139064976228209,0.3787701562369454
0.2101039260969977,0.2390088700347088,0.3675477065307573,0.7767288926601611,0.2911479154768704,0.2540156034878384,0.5506432509699816,0.2982531500572737,0.4833231334149326,0.4642528100239543,0.4178288431061807,0.3824045450747765
0.2014434180138568,0.2312957963748554,0.3663624511082138,0.7849490878235044,0.2831524842946888,0.2475141502218142,0.5434960179701858,0.2857961053837342,0.4766676866585067,0.458863091947669,0.4146592709984152,0.3795220987551173
0.1953810623556582,0.2338025453143077,0.3848524356998933,0.7863809927874417,0.2683038263849229,0.2554688695120086,0.5258321421278334,0.254438717067583,0.4615973072215422,0.4498341625207297,0.4080031695721078,0.3717938006516835
0.1987875288683603,0.2394427304280756,0.3918454426929003,0.7816610097581671,0.2683038263849229,0.2621997858344806,0.5336940984276087,0.2575887743413517,0.4628212974296205,0.4514925373134329,0.4084786053882726,0.3726710669228841
0.2054849884526559,0.2452275356729656,0.3923195448619176,0.7754560882477726,0.2745859508852085,0.2669420223344041,0.5477843577700633,0.2770618556701031,0.4759026927784577,0.4597844112769486,0.4147781299524564,0.3796056479238031
0.2075057736720554,0.2473968376397994,0.3933862747422069,0.7732817140432753,0.2761850371216448,0.2690071898424354,0.5565652440269553,0.2893757159221077,0.4850826193390453,0.4643910079233462,0.4193740095087164,0.3830311638399198
0.2002309468822171,0.2418530659467798,0.3948085812492591,0.7796987696224013,0.2683038263849229,0.2651063178828208,0.5484990810700429,0.2700458190148911,0.4745257037943696,0.4568822553897181,0.4134310618066561,0.3764307795137438
0.1913394919168591,0.2363092942537601,0.3993125518549247,0.7868582944420873,0.2572244431753284,0.262123298148998,0.5357361649989789,0.2401202749140893,0.4578488372093023,0.4455500276395799,0.4043581616481775,0.3670732726209374
0.1914549653579677,0.2372734284612417,0.4015645371577575,0.786221892235893,0.2563106796116505,0.2636530518586507,0.5337962017561773,0.238545246277205,0.4549418604651162,0.443384927215773,0.4028129952456419,0.3654858384159077
0.1979792147806005,0.2416602391052834,0.3988384496859073,0.7808655070004242,0.2640776699029127,0.2662536331650604,0.549724321012865,0.2633161512027491,0.4675642594859241,0.4504790860512254,0.4077654516640254,0.3710000835491687
0.200635103926097,0.2419012726571539,0.3939789024534786,0.7794866355536699,0.2691033695031411,0.2648003671408903,0.5630998570553399,0.2857961053837342,0.4775091799265606,0.4564676616915423,0.4109746434231379,0.3743420502965995
0.1947459584295612,0.2338989587350559,0.3865117932914543,0.786593126856173,0.2668189605939463,0.2560807709958697,0.5595262405554421,0.2767754868270332,0.4726897184822521,0.4515846692463608,0.4072900158478606,0.3705405631213969
0.1915127020785219,0.2281141534901658,0.3789261585871755,0.7912600763682648,0.2672758423757853,0.249043903931467,0.5478864610986318,0.2573024054982817,0.4642747858017135,0.4448590381426203,0.4036053882725832,0.3662377809340797
0.1906466512702078,0.2302834554569996,0.3860376911224369,0.7904645736105218,0.2629354654483153,0.2530212635765642,0.5604451705125587,0.2696162657502863,0.4695532435740514,0.4475308641975309,0.4053882725832012,0.3680340880608237
0.1971709006928406,0.2376108754338604,0.3906601872703568,0.7834111158252015,0.2671616219303255,0.2603640813828973,0.5875025525832142,0.3094215349369988,0.488142594859241,0.4576193108531417,0.4127179080824089,0.3755535132425432
0.2014434180138568,0.2412745854222908,0.3910157638971198,0.7794866355536699,0.2712735579668761,0.2634235888022028,0.6068000816826629,0.3427835051546392,0.5053549571603427,0.4672010318776488,0.4196117274167987,0.3826969671651767
0.1997690531177829,0.2388642499035865,0.388408201967524,0.7815549427238014,0.2708166761850372,0.2606700321248278,0.6020012252399428,0.3371993127147766,0.5025244798041616,0.4658651188501935,0.4185419968304279,0.3814437296348901
0.1903579676674365,0.2329348245275742,0.3931492236576981,0.7891387356809504,0.2592804111936037,0.2574575493345571,0.5978149887686338,0.3197308132875143,0.4934975520195838,0.459001289847061,0.4130744849445324,0.3754281894895145
0.18729792147806,0.2336097184728114,0.4012089605309944,0.7901994060246075,0.2524271844660194,0.2605935444393452,0.6157851745966918,0.3281786941580756,0.49625152998776,0.4599226091763405,0.4126782884310618,0.375261091152143
0.1920323325635104,0.2389124566139606,0.404409150171862,0.7851081883750529,0.2555111364934324,0.2657947070521646,0.6472329997957933,0.3506586483390607,0.5082619339045288,0.4665100423806892,0.4173534072900158,0.3804829141950037
0.191743648960739,0.2436367142306209,0.4166172810240606,0.7826156130674585,0.2493432324386065,0.273519963285911,0.6656115989381253,0.3571019473081329,0.5150703794369645,0.4716694306246545,0.4212361331220285,0.3838666555267774
0.1817551963048499,0.2409371384496722,0.4303662439255659,0.7887144675434874,0.2327812678469446,0.2758145938503901,0.6597917092097202,0.3160080183276059,0.4982405140758874,0.4623180394324673,0.4139857369255151,0.3770156236945442
0.1695150115473441,0.2338025453143077,0.438070404172099,0.7982605006364021,0.2170188463735009,0.2726785987456019,0.6552991627527057,0.265893470790378,0.4782741738066095,0.4498341625207297,0.4044770206022187,0.3674074692956805
0.1684180138568129,0.2352005399151562,0.4436411046580538,0.7979953330504879,0.2132495716733295,0.2755086431084595,0.6663263222381048,0.2561569301260023,0.4767441860465116,0.4478533259627787,0.4033280507131537,0.3661960063497367
0.1771939953810623,0.2439741612032394,0.4473153964679388,0.7891387356809504,0.2202170188463735,0.2836928254551017,0.680518684909128,0.2666093928980526,0.4832466340269277,0.4542564953012714,0.4089144215530904,0.3710418581335116
0.1835450346420323,0.248843038951022,0.4462486665876496,0.7835171828595673,0.226956025128498,0.287211258987303,0.6722483152950786,0.2653207331042382,0.485235618115055,0.4577575087525336,0.4118462757527734,0.3745091486339711
0.1857390300230947,0.2480235248746626,0.4396112362214057,0.7829868476877385,0.2323243860651057,0.2843812146244454,0.626812334082091,0.2399770904925544,0.475673194614443,0.4526902524414963,0.4088748019017432,0.3721279973264265
0.1918013856812933,0.2481199382954107,0.4275216309114614,0.7801230377598642,0.2440890919474586,0.2806333180357962,0.5727996732693484,0.2110538373424971,0.4619033047735618,0.4456421595725078,0.4043977812995246,0.3681594118138524
0.1997113163972286,0.2448900887003471,0.4033424202915728,0.7782668646584642,0.2636207881210737,0.2702309928101575,0.527159485399224,0.2089060710194731,0.4570073439412485,0.4456421595725078,0.4039619651347068,0.3692037764224246
0.2132217090069284,0.243733127651369,0.3728813559322034,0.7726983453542638,0.2916047972587093,0.2594462291571057,0.5152133959567081,0.2471363115693012,0.4700887392900857,0.4545328911000553,0.4108161648177496,0.375637062411229
0.2149538106235566,0.2364057076745082,0.3511911816996563,0.7759333899024182,0.3038263849229012,0.2466727856815052,0.5180722891566264,0.2711912943871707,0.4752141982864136,0.4577575087525336,0.4128367670364501,0.3777675662127162
0.2047344110854503,0.2255591978403394,0.3455019556714472,0.786593126856173,0.296516276413478,0.2361939727703839,0.5076577496426383,0.2568728522336769,0.4650397796817626,0.4508015478164732,0.4078050713153724,0.3727128415072269
0.1976905311778291,0.2179425376012341,0.3413535616925447,0.7940178192617734,0.2914905768132496,0.2288511549640507,0.5033694098427608,0.2371134020618556,0.4544828641370869,0.4438455868804127,0.4024564183835182,0.3666137521931657
0.2032909930715935,0.2183763979946008,0.3308047884319071,0.7912070428510818,0.3021130782410052,0.2257916475447452,0.5026546865427813,0.2479954180985108,0.4576958384332925,0.4457342915054358,0.4044770206022187,0.3681594118138524
0.2151847575057737,0.2244022367913613,0.3212042195093042,0.78245651251591,0.3184466019417476,0.2274743766253633,0.5155197059424137,0.2789232531500573,0.4710832313341493,0.4540722314354155,0.4107369255150555,0.3743420502965995
0.2138568129330254,0.2231970690320092,0.3209671684247955,0.7836762834111158,0.3173043974871502,0.226480036714089,0.5212374923422504,0.2873711340206185,0.4752906976744185,0.4557306062281187,0.4120443740095087,0.3755952878268861
0.2021939953810623,0.2164963362900115,0.3285528031290743,0.7927450148493848,0.3021130782410052,0.2235735046657488,0.5101082295282825,0.2601660939289805,0.4597613219094247,0.4465174129353234,0.4046751188589541,0.3691620018380817
0.1949769053117783,0.2112900115696105,0.3303306862628897,0.7989499363597793,0.2941176470588236,0.2200550711335475,0.4931590769859097,0.2345360824742268,0.4453794369645042,0.4372581536760642,0.3963946117274168,0.3614754783189907
0.1975750577367205,0.2125915927497107,0.32843427758682,0.7970407297411964,0.2975442604226157,0.2204375095609606,0.4969369001429446,0.2332474226804123,0.4465269277845777,0.4378109452736319,0.3970285261489699,0.3627287158492773
0.2034642032332563,0.219629772464327,0.3335308759037572,0.7904115400933389,0.3009708737864078,0.2277038396818112,0.5162344292423933,0.2577319587628865,0.4601438188494491,0.4466095448682514,0.4039619651347068,0.3694961985128248
0.205715935334873,0.2188102583879676,0.3268934455375133,0.7898281714043275,0.3063392347230154,0.2248737953189536,0.5239942822136001,0.2684707903780068,0.465422276621787,0.4493735028560899,0.4062599049128367,0.3720444481577408
0.202540415704388,0.2137485537986887,0.3209671684247955,0.7940708527789563,0.306110793832096,0.2189842435367905,0.5109250561568307,0.2448453608247422,0.4541003671970624,0.4410355629261102,0.4001188589540412,0.3668643996992229
0.1981524249422633,0.219051291939838,0.3430129192841057,0.7931692829868476,0.2911479154768704,0.2302279333027382,0.4915254237288134,0.2162084765177548,0.4370410036719706,0.4294730053436521,0.3915610142630745,0.3593449745175035
0.2027713625866051,0.2222329348245275,0.3413535616925447,0.7892978362324989,0.296516276413478,0.2322931008107694,0.4996936900142944,0.2246563573883161,0.442625458996328,0.4338032061912659,0.3938589540412044,0.3612666053972763
0.208891454965358,0.2246914770536059,0.3347161313263008,0.7851612218922359,0.3057681324957167,0.2320636377543215,0.5222585256279354,0.2514318442153493,0.458766829865361,0.4428321356182053,0.3990095087163233,0.3669061742835659
0.2075635103926097,0.2230042421905129,0.3334123503615029,0.7866991938905388,0.3050828098229584,0.2303044209882208,0.5285889319991831,0.2587342497136311,0.4629742962056303,0.4448129721761563,0.400554675118859,0.36870248141031
0.1995958429561201,0.2201118395680678,0.3426573426573427,0.7919495120916419,0.2927470017133067,0.2309928101575646,0.5163365325709618,0.2376861397479954,0.4533353733170134,0.4376266814077759,0.395958795562599,0.3649845434037931
0.194284064665127,0.2179425376012341,0.3482280431432973,0.7955557912600764,0.2848657909765849,0.2310692978430472,0.5021441698999387,0.2144902634593356,0.4423959608323133,0.4304864566058596,0.391838351822504,0.3608488595538474
0.1953810623556582,0.2201600462784419,0.3514282327841649,0.7938587187102248,0.2842946887492862,0.2338993422059048,0.5099040228711456,0.2237972508591065,0.4491279069767441,0.4344481297217616,0.3943740095087163,0.3633135600300777
0.2007505773672055,0.2254627844195912,0.353443167002489,0.788502333474756,0.2886350656767562,0.238718066391311,0.5322646518276495,0.2535796105383734,0.4650397796817626,0.4449511700755482,0.4017828843106181,0.371250731055226
0.2015588914549654,0.2265715387581951,0.3545098968827782,0.7874946966482818,0.2889777270131354,0.2399418693590332,0.5327751684704921,0.2603092783505155,0.4698592411260709,0.4480375898286347,0.4043977812995246,0.3739660790375135
0.1926674364896074,0.2189548785190898,0.3540357947137608,0.7957679253288078,0.2804111936036551,0.2337463668349395,0.5149070859710025,0.2378293241695303,0.4563188494492043,0.4402985074626866,0.3983755942947702,0.3688695797476815
0.1903002309468822,0.2162553027381411,0.3522579115799454,0.7983665676707679,0.2789263278126785,0.2309928101575646,0.4992852767000204,0.2146334478808705,0.4451499388004895,0.4327436889625944,0.3922741679873217,0.363564207536135
0.1952655889145497,0.2196779791747011,0.3504800284461301,0.794176919813322,0.2846373500856654,0.2331344653510784,0.5101082295282825,0.2186426116838488,0.4492809057527539,0.433572876358946,0.3923137876386687,0.3638984042108781
0.202540415704388,0.2243058233706132,0.3469242621784995,0.7882901994060246,0.2936607652769846,0.2356585589720055,0.5252195221564223,0.2422680412371133,0.4613678090575275,0.44149622259075,0.3984944532488115,0.3695379730971677
0.2036374133949192,0.2241612032394909,0.344435225791158,0.7878659312685616,0.2958309537407196,0.2347407067462138,0.5239942822136001,0.2465635738831615,0.4633567931456548,0.4429703335175972,0.4001584786053883,0.3709165343804829
0.2027713625866051,0.2194851523332047,0.3345976057840464,0.7908358082308018,0.2997144488863507,0.2279333027382591,0.5035736164998978,0.2216494845360824,0.4513463892288861,0.4348166574534733,0.3946909667194929,0.3664884284401369
0.2024826789838337,0.2163517161588893,0.3274860732487851,0.7926919813322019,0.3029126213592233,0.223114578552853,0.4841739840718806,0.1974513172966781,0.4394889840881273,0.4278606965174129,0.390095087163233,0.3633553346144206
0.2021362586605081,0.2206421133821828,0.3387459997629489,0.7904645736105218,0.2970873786407767,0.2301514456172556,0.4910149070859709,0.2007445589919816,0.4416309669522644,0.429611203243044,0.391838351822504,0.3654440638315648
0.2000577367205543,0.2235827227150019,0.3502429773616214,0.7898281714043275,0.289548829240434,0.2361939727703839,0.5149070859710025,0.2236540664375715,0.4538708690330477,0.4361525704809287,0.3962757527733756,0.3704570139527112
0.198729792147806,0.2229560354801388,0.3515467583264193,0.790782774713619,0.2876070816676185,0.2361174850849013,0.5228711455993464,0.2325315005727376,0.4592258261933904,0.4388704625023034,0.3977416798732171,0.3718773498203693
0.1944572748267898,0.2195815657539529,0.3519023349531824,0.7946011879507848,0.2831524842946888,0.2335933914639743,0.5105166428425566,0.2106242840778923,0.4464504283965728,0.4320526994656348,0.3925515055467512,0.3667390759461943
0.1898960739030023,0.2171712302352487,0.3552210501363043,0.7980483665676708,0.2770988006853227,0.2327520269236652,0.4965284868286706,0.190864833906071,0.4378059975520195,0.4257416620600701,0.3875594294770206,0.3612248308129334
0.1928983833718245,0.2206421133821828,0.3577100865236458,0.7947072549851506,0.2789263278126785,0.2362704604558666,0.5026546865427813,0.200028636884307,0.4436964504283965,0.4286438179473006,0.3891838351822504,0.362812265017963
0.1977482678983834,0.2234381025838797,0.3545098968827782,0.7909418752651676,0.285208452312964,0.2374942634235888,0.5180722891566264,0.2225085910652921,0.455171358629131,0.4359683066150728,0.393066561014263,0.3681176372295096
0.1953810623556582,0.2203046664095642,0.3519023349531824,0.793805685193042,0.2840662478583667,0.2341288052623527,0.5208290790279763,0.2292382588774341,0.4590728274173806,0.437580615441312,0.3931458003169572,0.369412649344139
0.1892609699769053,0.216785576552256,0.3556951523053218,0.7985256682223165,0.2762992575671045,0.2325225638672173,0.505207269756994,0.2046105383734249,0.448515911872705,0.4312235120692832,0.3878763866877971,0.3647756704820787
0.185161662817552,0.2152911685306594,0.360436173995496,0.8012303775986422,0.2699029126213593,0.2329050022946305,0.4891770471717377,0.1786941580756013,0.4357405140758874,0.423899023401511,0.3827654516640253,0.3598044949452753
0.1856235565819861,0.2194369456228307,0.3696811662913358,0.7987378022910478,0.2659051970302685,0.2391769925042068,0.496222176842965,0.1852806414662084,0.4397184822521419,0.4269393771881334,0.3853011093502377,0.3615172529033336
0.1913972286374134,0.2241612032394909,0.3694441152068271,0.7934874840899447,0.2717304397487151,0.2428484014073734,0.5107208494996937,0.2110538373424971,0.4532588739290085,0.4357379767827529,0.3927892234548336,0.3682429609825382
0.188972286374134,0.2223775549556498,0.3700367429180988,0.7956088247772591,0.2689891490576814,0.2416245984396512,0.5173575658566469,0.2164948453608247,0.4561658506731946,0.4367514280449604,0.394809825673534,0.3700810426936252
0.1818706697459584,0.2161106826070189,0.3692070641223183,0.8022910479422996,0.2623643632210166,0.2364234358268318,0.5020420665713702,0.1847079037800687,0.4414014687882497,0.4281831582826608,0.388312202852615,0.3640655025482496
0.1752886836027714,0.2159178557655225,0.3823633993125518,0.8054200254560883,0.249571673329526,0.2404772831574116,0.487441290586073,0.1630870561282932,0.4313800489596083,0.4218260549106321,0.3829635499207607,0.3600551424513326
0.176270207852194,0.2218472811415349,0.3948085812492591,0.801707679253288,0.2445459737292976,0.2491968793024323,0.4944864202573004,0.1742554410080183,0.4366585067319461,0.4255573981942141,0.3854992076069731,0.3626033920962486
0.1820438799076212,0.2270053991515619,0.395756785587294,0.7962452269834535,0.2498001142204455,0.2535566773749426,0.5115376761282417,0.2023195876288659,0.4512698898408812,0.4353233830845771,0.392472266244057,0.3674074692956805
0.1747690531177829,0.2309583494022368,0.4202915728339457,0.7973589308442935,0.2308395202741291,0.264647391769925,0.5338983050847458,0.2532932416953035,0.4815636474908201,0.4480836557950986,0.3992868462757528,0.369788620603225
0.1586027713625866,0.231681450057848,0.4552566077989806,0.804412388629614,0.1979440319817247,0.2765029830197338,0.5629977537267714,0.3661225658648339,0.5385556915544676,0.470609913395983,0.407527733755943,0.369078452669396
0.1516743648960739,0.2386232163517161,0.4865473509541306,0.8037759864234195,0.1760137064534552,0.2921064708581918,0.5960792321829691,0.524770904925544,0.6238525091799265,0.5129906025428413,0.4291204437400951,0.3813601804662043
0.1666859122401847,0.2713073659853451,0.5360910276164513,0.7789032668646584,0.1669902912621359,0.3340217225026771,0.6087400449254645,0.6188430698739977,0.7009638922888618,0.5706191265892759,0.4786053882725832,0.4267691536469212
0.2015588914549654,0.3058715773235634,0.5494844138911935,0.7439011455239711,0.1949743003997716,0.3657641119779715,0.5878088625689197,0.6142611683848798,0.7405905752753978,0.6308273447576931,0.5517036450079239,0.506976355585262
0.2513279445727483,0.3362900115696104,0.5221050136304374,0.704285108188375,0.2574528840662479,0.381061649074499,0.5314478251991014,0.6026632302405498,0.7939871481028151,0.7174774276764327,0.6625198098256736,0.6307544489932325
0.3319284064665128,0.3660817585807944,0.4298921417565485,0.6508803563852353,0.3816105082809823,0.374942634235888,0.4245456401878701,0.5502577319587628,0.8457772337821298,0.8217707757508753,0.8012678288431062,0.7909182053638565
0.4146073903002309,0.3889317392981103,0.3163446722768757,0.6003394145099703,0.5181039406053685,0.3564326143490898,0.3163161119052481,0.4822451317296678,0.8586291309669523,0.8893956145199926,0.9015055467511888,0.9095162503133092
0.4825057736720554,0.4047435403008098,0.2159535379874363,0.5604582095884599,0.6335808109651628,0.3366223038090867,0.2328976924647743,0.4169530355097365,0.8152539779681762,0.8940943430993182,0.9339540412044376,0.9563455593616844
0.4868937644341801,0.4155418434246047,0.2334953182410809,0.552503182011031,0.6295830953740721,0.3507725256233746,0.234225035736165,0.3891752577319587,0.7365361077111382,0.8199742030587802,0.8692947702060223,0.901913275962904
0.4250577367205543,0.403104512148091,0.3298565840938722,0.5877174374204497,0.5219874357509995,0.3720361021875478,0.2838472534204614,0.2928121420389461,0.5608935128518971,0.6244702413856643,0.6804675118858954,0.7255409808672404
0.3374133949191686,0.319369456228307,0.3038994903401683,0.6740560033941451,0.4477441462021702,0.2972311457855285,0.3803348989177046,0.2069014891179839,0.3518206854345165,0.3834531048461397,0.4268225039619651,0.4722199014119809
0.2072170900692841,0.2217508677207867,0.3310418395164158,0.7875477301654645,0.3058823529411765,0.2285452042221202,0.541556054727384,0.2093356242840779,0.2001223990208078,0.1655150175050672,0.1740095087163233,0.2054891803826551
0.0774826789838337,0.1572020825298881,0.4386630318833709,0.8826368264743318,0.1257567104511707,0.2121003518433532,0.720441086379416,0.2942439862542955,0.1504742962056303,0.050718629076838,0.0303882725832012,0.049711755368034
0.0208429561200923,0.1174797531816428,0.4572715420173047,0.9304730589732711,0.0606510565391205,0.1865534648921523,0.8084541556054726,0.2806414662084764,0.1324204406364749,0.0306338676985443,0.0020206022187005,0.0149135266104102
0.0102193995381062,0.1027284998071731,0.4428114258622733,0.9434662706830717,0.0572244431753283,0.1701851001988679,0.8722687359607922,0.3993413516609393,0.2128212974296205,0.0983508384005896,0.0566164817749603,0.0536803408806082
0.0210161662817552,0.1242768993443887,0.4736280668484057,0.9266546457361052,0.0529982866933181,0.1972617408597216,0.9040228711455992,0.5336483390607102,0.3310128518971848,0.1938916528468767,0.1369651347068146,0.1187651432868242
0.0439376443418014,0.1611068260701889,0.5172454663980087,0.8958952057700466,0.0547115933752142,0.2405537708428943,0.8770675924035123,0.5776059564719358,0.3939718482252142,0.2656624285977519,0.2062995245641838,0.1807168518673239
0.0856235565819861,0.184053220208253,0.4879696574611828,0.8641281289775137,0.109994288977727,0.2492733669879149,0.7939554829487441,0.5349369988545246,0.3881578947368421,0.3064768748848351,0.2561410459587956,0.230428607235358
0.1247113163972286,0.1941284226764366,0.4324997036861444,0.840634280865507,0.1753283837806968,0.2394064555606547,0.7350418623647131,0.554410080183276,0.4137851897184822,0.3465542657084946,0.2957606973058637,0.2676497618848693
0.1504618937644342,0.1918627072888546,0.3740666113547469,0.8300275774289351,0.2290119931467733,0.2187547804803426,0.6722483152950786,0.604524627720504,0.4737607099143207,0.3908236594803759,0.331378763866878,0.2989389255576907
0.1560046189376444,0.1812572310065561,0.3366125400023704,0.8333686890114551,0.2525414049114792,0.1981795930855132,0.5800490095977129,0.4915521191294387,0.4729957160342717,0.4053344389165285,0.3458399366085579,0.3126409892221572
0.1566974595842956,0.1740262244504435,0.3172928766149104,0.8370280016970724,0.2624785836664763,0.1862475141502218,0.5294057586277313,0.3446449026345933,0.4497399020807833,0.4033996683250415,0.3483359746434231,0.3144790709332442
0.1624711316397228,0.1750867720786733,0.3081664098613251,0.8337929571489181,0.272644203312393,0.1841058589567079,0.5256279354706963,0.2826460481099656,0.447750917992656,0.4082826607702229,0.3553486529318542,0.320745258584677
0.1708429561200924,0.1797146162745854,0.3023586582908617,0.827375901569792,0.2837235865219875,0.1859415634082912,0.5372677149275066,0.2691867124856815,0.4560893512851897,0.4167587985995946,0.3635103011093502,0.3287659787785111
0.1725750577367205,0.1802448900887003,0.3001066729880289,0.8263152312261349,0.2864648772130212,0.1856356126663607,0.5343067183990198,0.2683276059564719,0.457313341493268,0.4203519439837848,0.3663629160063392,0.3308129334113125
0.1688221709006928,0.1739780177400694,0.2924025127414957,0.8314594823928723,0.2865790976584809,0.1782163071745449,0.5157239125995507,0.2398339060710194,0.4433904528763769,0.4132117191818685,0.3612916006339144,0.325507561199766
0.166108545034642,0.1719051291939838,0.2929951404527676,0.833845990666101,0.2836093660765277,0.1767630411503747,0.5042883397998774,0.2121993127147766,0.4307680538555691,0.4055187027823844,0.355824088748019,0.320035090650848
0.1714203233256351,0.1754242190512919,0.2906246296076805,0.8294972422571064,0.290005711022273,0.1787517209729233,0.5127629160710638,0.2172107674684994,0.4358170134638923,0.4096185737976783,0.3582805071315373,0.3227922132174785
0.1816974595842956,0.1820285383725414,0.2856465568329975,0.8211179465422146,0.3025699600228441,0.1824231298760899,0.5285889319991831,0.2352520045819014,0.4469094247246022,0.4169430624654505,0.3639857369255151,0.3278887125073105
0.1836027713625866,0.1854512148091014,0.290150527438663,0.818360203648706,0.3022272986864649,0.1865534648921523,0.5318562385133755,0.2358247422680412,0.4487454100367197,0.4175879859959462,0.3636687797147385,0.3280975854290249
0.1815819861431871,0.1826070188970304,0.2873059144245585,0.8208527789563004,0.3016561964591662,0.1834174697873642,0.517970185828058,0.2057560137457044,0.4340575275397796,0.4083747927031509,0.3565372424722662,0.3209123569220486
0.1854503464203233,0.185210181257231,0.2858836079175062,0.8176177344081459,0.306110793832096,0.1850237111824996,0.5078619562997754,0.1858533791523482,0.4248776009791921,0.4020176893311222,0.3519413629160063,0.3151056896983875
0.1930715935334873,0.1913324334747396,0.2851724546639801,0.810776410691557,0.3139920045688179,0.1896129723114578,0.5188891157851745,0.1974513172966781,0.4313035495716034,0.4059332964805602,0.3553090332805071,0.3170273205781602
0.2010969976905312,0.1956710374084072,0.2794832286357709,0.804730589732711,0.3247287264420331,0.1912192137065932,0.5370635082703695,0.2197880870561282,0.443313953488372,0.4126128616178368,0.3609350237717908,0.3231264098922216
0.1990762124711316,0.1928268414963363,0.2766386156216665,0.8072231650403054,0.3240434037692747,0.1880067309163224,0.540535021441699,0.2153493699885452,0.4420134638922888,0.4125207296849087,0.3604199683042789,0.3231264098922216
0.1916281755196305,0.1862707288854608,0.2759274623681403,0.8142235893084429,0.316961736150771,0.1826525929325378,0.5249132121707167,0.1854238258877434,0.4255660954712362,0.4020176893311222,0.3524564183835182,0.314186648842844
0.188568129330254,0.1858368684920941,0.2810240606850776,0.8158676283411115,0.3115933752141633,0.18387639590026,0.5158260159281193,0.1648052691867124,0.4143971848225214,0.3947853325962779,0.3463946117274168,0.3076698136853538
0.1903579676674365,0.1898862321635171,0.2873059144245585,0.8128447178616885,0.3103369503141063,0.189154046198562,0.5269552787420869,0.172537227949599,0.4191401468788249,0.3973650267182605,0.3470285261489699,0.3080875595287827
0.1941685912240185,0.1933089086000771,0.2878985421358302,0.8091854051760713,0.3137635636778984,0.1920605782469022,0.5486011843986114,0.2003150057273768,0.4309975520195838,0.404413119587249,0.3518225039619652,0.3123067925474141
0.1909930715935335,0.1912360200539915,0.2893208486428825,0.8117840475180313,0.3099942889777271,0.1909132629646626,0.554931590769859,0.2031786941580756,0.4335220318237454,0.4060254284134881,0.3519413629160063,0.312348567131757
0.1824480369515011,0.1882954107211724,0.2995140452767571,0.8172995333050488,0.296516276413478,0.1918311151904543,0.5430876046559118,0.1831328751431844,0.4213586291309669,0.3981942141146122,0.345324881141046,0.3064165761550672
0.1786951501154734,0.186367142306209,0.3025957093753703,0.8201103097157403,0.2913763563677899,0.1912957013920758,0.5347151317132939,0.1648052691867124,0.4127141982864137,0.3911461212456237,0.3404120443740095,0.3016124989556353
0.1842956120092379,0.1894523717701504,0.2985658409387223,0.8158145948239287,0.2988006853226728,0.1924430166743154,0.54114764141311,0.172680412371134,0.4175336597307221,0.3939561451999263,0.3417987321711568,0.3029492856546077
0.1931293302540416,0.1947551099112996,0.2935877681640393,0.8088672040729741,0.3099942889777271,0.1950435979807251,0.5561568307126812,0.1924398625429553,0.4270960832313342,0.4012345679012346,0.3464738510301109,0.307586264516668
0.1920900692840647,0.1935981488623216,0.2928766149105132,0.8099809079338142,0.3093089663049687,0.1938962826984855,0.5599346538697161,0.1971649484536082,0.431609547123623,0.4034918002579694,0.347107765451664,0.3076698136853538
0.1880484988452656,0.1873312765136907,0.2856465568329975,0.8152842596521,0.3087378640776699,0.186629952577635,0.5430876046559118,0.1693871706758304,0.4143206854345165,0.392666298138935,0.3372820919175911,0.2978110117804328
0.1877020785219399,0.1867527959892017,0.2851724546639801,0.8157615613067458,0.3087378640776699,0.1859415634082912,0.5331835817847661,0.1441867124856815,0.3994033047735618,0.3839598304772434,0.3303090332805072,0.2911688528699139
0.1967667436489607,0.1919109139992287,0.2791276520090079,0.8087611370386083,0.3205025699600229,0.1881597062872877,0.5375740249132122,0.152061855670103,0.4032282741738066,0.3860327989681223,0.3316957210776545,0.2926727379062578
0.2030600461893764,0.1939838025453143,0.2713049662202205,0.804730589732711,0.3305539691604797,0.1872418540614961,0.5523790075556463,0.1721076746849942,0.4156211750305997,0.3930808918371108,0.3373217115689382,0.2982287576238616
0.1984988452655889,0.1912842267643656,0.274149579234325,0.8083368689011455,0.3247287264420331,0.1860180510937739,0.5542168674698794,0.1638029782359679,0.4121022031823745,0.390593329648056,0.3346275752773376,0.2958476063163171
0.1867205542725173,0.1854994215194755,0.2839871992414365,0.8169282986847688,0.308280982295831,0.1846412727550864,0.5408413314274044,0.1285796105383734,0.3942778457772337,0.3788465081997421,0.3234548335974644,0.2854039602305957
0.1862009237875289,0.1860779020439645,0.286476235628778,0.816822231650403,0.3065676756139349,0.1858650757228086,0.5316520318562384,0.1056701030927834,0.3834149326805385,0.3697254468398747,0.3164421553090333,0.2790959979948199
0.192378752886836,0.1929232549170844,0.2906246296076805,0.8101930420025456,0.3106796116504855,0.1926724797307633,0.5441086379415968,0.1154066437571592,0.3896113831089351,0.3720748111295375,0.3183835182250396,0.2809758542902498
0.1999422632794457,0.1992383339760894,0.2906246296076805,0.8032986847687739,0.3181039406053684,0.1976441792871348,0.5595262405554421,0.1378865979381443,0.4011627906976744,0.3790768380320619,0.3228209191759113,0.2856128331523101
0.1989607390300231,0.1960566910913999,0.284816878037217,0.805473058973271,0.3200456881781839,0.1932843812146244,0.5613641004696753,0.1351660939289805,0.4013922888616891,0.3786161783674222,0.3213946117274168,0.2848191160497953
0.1916281755196305,0.1903682992672579,0.2858836079175062,0.81194314806958,0.3122786978869218,0.1890775585130794,0.5450275678987134,0.1052405498281787,0.3863984088127294,0.3682974018794915,0.3128367670364501,0.2766312975185896
0.1887413394919168,0.1897898187427689,0.2902690529809174,0.8135871871022486,0.3072529982866934,0.189995410738871,0.5299162752705738,0.0797537227949599,0.3731640146878825,0.3608347153123272,0.3075277337559429,0.2712841507227003
0.1928406466512702,0.1970690320092556,0.2998696219035202,0.8077004666949512,0.3066818960593947,0.1988679822548569,0.541760261384521,0.0879152348224513,0.381578947368421,0.3660862354892205,0.3125594294770206,0.2760882279221321
0.1997690531177829,0.2038661781720015,0.3023586582908617,0.8008061094611795,0.3123929183323815,0.2051399724644332,0.5594241372268736,0.1049541809851088,0.392671358629131,0.3737792518887046,0.3178288431061806,0.2823961901579079
0.194284064665127,0.2016004627844196,0.3080478843190707,0.8045714891811625,0.3041690462592804,0.2051399724644332,0.5608535838268327,0.0995131729667812,0.3917533659730722,0.3727658006264971,0.3167194928684628,0.2809758542902498
0.18729792147806,0.1983224064789818,0.3143297380585516,0.8095566397963513,0.2942318675042833,0.2045280709805721,0.5472738411272208,0.068012600229095,0.3780599755201958,0.3633683434678459,0.3101822503961965,0.2746261174701311
0.1831408775981524,0.1995275742383339,0.3258267156572241,0.8108294442087399,0.2846373500856654,0.209193819795013,0.53634878497039,0.0393757159221076,0.3663555691554467,0.3553067993366501,0.3043977812995246,0.2692789706742418
0.1907621247113164,0.2095545699961435,0.3348346568685552,0.8018137462876538,0.287835522558538,0.2201315588190301,0.5437002246273228,0.0446735395189003,0.3727050183598531,0.3580246913580247,0.3071315372424723,0.2721614169939009
0.1978060046189377,0.2160142691862707,0.3362569633756074,0.7950254560882478,0.2940034266133638,0.2257151598592626,0.5531958341841944,0.0587056128293241,0.3834149326805385,0.3649345863276212,0.313351822503962,0.2778845350488762
0.194284064665127,0.2141824141920555,0.3389830508474576,0.7976240984302078,0.2893203883495146,0.2251032583754015,0.5470696344700837,0.0512600229095074,0.3821909424724602,0.3649806522940851,0.3128763866877971,0.2790542234104771
0.1868360277136259,0.2076745082915542,0.3381533720516771,0.8046245226983453,0.2823529411764706,0.2196726327061343,0.5247090055135797,0.0189003436426117,0.3653610771113831,0.3563663165653216,0.3068938193343898,0.2738324003676163
0.1845265588914549,0.2069514076359429,0.341116510608036,0.8061094611794654,0.2785836664762993,0.2200550711335475,0.5076577496426383,0.0,0.3548806609547123,0.3503316749585407,0.3034469096671949,0.2713259253070432
0.1887413394919168,0.2105187042036251,0.3413535616925447,0.8021849809079338,0.2825813820673901,0.2229616031818877,0.5171533591995099,0.018327605956472,0.3655140758873929,0.3564584484982495,0.3089144215530903,0.2773832400367616
0.1972286374133949,0.2139413806401851,0.3323456204812137,0.7964043275350021,0.2953740719588807,0.2227321401254398,0.5389013681846028,0.0582760595647193,0.3867044063647491,0.3683434678459554,0.3179080824088748,0.2861976773331105
0.1964203233256351,0.2099884303895102,0.3242858836079175,0.7989499363597793,0.2984580239862936,0.2170720513997246,0.5452317745558505,0.0743127147766323,0.3946603427172583,0.3722130090289294,0.3209587955625991,0.2898320661709416
0.1903002309468822,0.206999614346317,0.3295010074671092,0.8034047518031395,0.2898914905768133,0.2163071745448982,0.5349193383704308,0.0608533791523482,0.3885403916768666,0.3682052699465635,0.3171553090332805,0.2866571977608823
0.1916281755196305,0.211627458542229,0.3381533720516771,0.8002757742893508,0.2870359794403198,0.2228086278109224,0.5301204819277108,0.063573883161512,0.3880813953488372,0.3673760825502119,0.3171156893819334,0.2859470298270532
0.1974018475750577,0.2199672194369456,0.3468057366362451,0.793063215952482,0.2886350656767562,0.2322166131252868,0.5431897079844803,0.0920675830469645,0.405829253365973,0.377049935507647,0.3248415213946117,0.2929233854123151
0.2073325635103926,0.2268125723100655,0.3432499703686144,0.7846839202375901,0.3001713306681897,0.2364999235123145,0.5668776802123748,0.1357388316151202,0.4319920440636475,0.3914685830108716,0.3357765451664025,0.303575904419751
0.209122401847575,0.227632086386425,0.3415906127770534,0.7834111158252015,0.3026841804683038,0.2365764111977971,0.5775985297120686,0.1662371134020618,0.4465269277845777,0.400497512437811,0.3414421553090333,0.3091736987216977
0.1994803695150115,0.221943694562283,0.3473983643475168,0.7909949087823503,0.2903483723586522,0.2339758298913875,0.5743312231978762,0.1639461626575028,0.4463739290085679,0.398378477980468,0.3400158478605388,0.306876096582839
0.1978637413394919,0.2209795603548013,0.3482280431432973,0.7922677131947391,0.2884066247858367,0.233440416093009,0.5815805595262404,0.1673825887743413,0.45218788249694,0.3996222590749954,0.3417987321711568,0.3089648257999832
0.2052540415704388,0.2352487466255302,0.3681403342420292,0.7810246075519728,0.2860079954311822,0.2512620468104635,0.5936287522973248,0.1824169530355097,0.4666462668298653,0.4080062649714391,0.3484152139461173,0.3150221405297017
0.2074480369515011,0.2445044350173544,0.3866303188337087,0.7749257530759439,0.2793832095945174,0.2645709040844424,0.6153767612824177,0.2036082474226804,0.4861536107711138,0.4221485166758799,0.360499207606973,0.3256328849527947
0.2037528868360277,0.2435403008098727,0.3917269171506459,0.7771531607976241,0.2732153055396916,0.2654122686247514,0.6219113743108025,0.1917239404352806,0.4895195838433293,0.425925925925926,0.363391442155309,0.3286406550254825
0.1960739030023094,0.2413227921326649,0.4021571648690293,0.7819261773440814,0.2605368360936608,0.2670185100198868,0.6078211149683479,0.1502004581901489,0.4790391676866585,0.4212271973466003,0.3616877971473851,0.3267607987300526
0.2023672055427252,0.2504338603933668,0.4115206827071234,0.7740241832838354,0.2622501427755569,0.2772678598745602,0.5914845823973861,0.1231386025200457,0.4762086903304773,0.4221024507094159,0.3646196513470681,0.3303951875678836
0.2150692840646651,0.2639799460084844,0.4186322152423847,0.7607127704709377,0.2713877784123358,0.2903472540920911,0.5861752093118234,0.1327319587628865,0.4915085679314565,0.4341256679565137,0.3758320126782884,0.3421338457682346
0.2327944572748268,0.2766101041264944,0.413417091383193,0.7455982180738226,0.2914905768132496,0.2986844118096986,0.5735143965693281,0.165807560137457,0.5138463892288861,0.4530127142067441,0.3925118858954041,0.3589690032584176
0.2398960739030023,0.2783937524103355,0.4032238947493184,0.7414085702163766,0.3033695031410622,0.2967722196726327,0.5374719215846436,0.1756872852233677,0.5232558139534883,0.4636539524599226,0.4033280507131537,0.369412649344139
0.2389145496535797,0.2693308908600077,0.3830745525660779,0.7468179889690284,0.3121644774414621,0.2830809239712406,0.4772309577292219,0.1563573883161512,0.5117809057527539,0.4626405011977151,0.4037638668779715,0.3693708747597962
0.2438221709006928,0.2635942923254917,0.358776816403935,0.747719558761137,0.328726442033124,0.2706899189230534,0.4350622830304267,0.1619415807560137,0.5087209302325582,0.4631472268288189,0.4061014263074485,0.3722115464951123
0.2566974595842956,0.2646548399537216,0.3350717079530638,0.7412494696648281,0.3528269560251285,0.2638825149150987,0.4407800694302634,0.2187857961053837,0.5285342717258262,0.4730053436521098,0.4157290015847861,0.3819032500626619
0.2676674364896074,0.265474354030081,0.3144482636008059,0.7357339838778107,0.3737292975442605,0.2579164754474529,0.4564018787012456,0.2766323024054983,0.5520960832313342,0.4858577482955593,0.4268225039619651,0.3936001336786698
0.2662240184757506,0.2607018897030466,0.3056773734739836,0.739022061943148,0.3764705882352942,0.2512620468104635,0.4612007351439657,0.3001145475372279,0.5596695226438188,0.4919384558688042,0.4326069730586371,0.3985295346311304
0.2629330254041571,0.2553509448515233,0.2992769941922484,0.7434768773865083,0.3763563677898344,0.2449135689154046,0.4479273024300592,0.2928121420389461,0.5504130966952264,0.4877003869541183,0.4294770206022187,0.3954799899740997
0.2650692840646652,0.2562186656382569,0.2969064833471613,0.7420449724225711,0.3795545402627071,0.2448370812299219,0.4407800694302634,0.2932416953035509,0.5454406364749081,0.4852588907315276,0.4295958795562599,0.3953128916367282
0.2728060046189376,0.2618106440416506,0.2947730235865828,0.7353627492575308,0.3882352941176471,0.2486614655040538,0.4578313253012048,0.3185853379152348,0.5554620563035496,0.4913856642712364,0.4356576862123614,0.401620853872504
0.2776558891454965,0.2624373312765137,0.286476235628778,0.7328171404327535,0.3970302684180469,0.2464433226250573,0.4761078211149683,0.3426403207331042,0.5634179926560587,0.4971899760456975,0.4408874801901744,0.4070097752527362
0.273094688221709,0.2539529502506749,0.2749792580301055,0.7396054306321594,0.3980582524271845,0.235964509713936,0.4795793342862977,0.3402061855670102,0.558063035495716,0.4951630735212825,0.438985736925515,0.4047539476982204
0.2644919168591224,0.2472040107983031,0.2760459879103947,0.7472422571064913,0.3890348372358653,0.2309928101575646,0.4704921380437002,0.3174398625429553,0.5424571603427173,0.4851667587985996,0.430784469096672,0.3969838750104437
0.2631062355658199,0.2473486309294254,0.2792461775512622,0.7477725922783198,0.3860651056539121,0.2321401254398042,0.4645701449867265,0.3041237113402061,0.5321297429620563,0.4783950617283951,0.4252773375594295,0.3918456011362686
0.2675519630484989,0.2539047435403008,0.2862391845442692,0.7421510394569367,0.3872073101085095,0.2396359186171026,0.478456197672044,0.3197308132875143,0.5373317013463892,0.4806062281186659,0.4268225039619651,0.3943520761968418
0.2706120092378753,0.2545314307751639,0.2814981628540951,0.7404009333899023,0.3924614505996573,0.2385650910203457,0.496222176842965,0.3406357388316151,0.5449816401468788,0.4857195503961673,0.4302694136291601,0.3982788871250731
0.2633949191685912,0.2458542229078287,0.2749792580301055,0.7485150615188799,0.3884637350085666,0.2296160318188772,0.4969369001429446,0.3393470790378007,0.5413096695226438,0.482494932743689,0.4270998415213946,0.3948115966246136
0.255715935334873,0.2392499035865792,0.2745051558610881,0.7556745863385659,0.3810394060536837,0.2241854061496099,0.4886665305288952,0.3154352806414662,0.5267747858017136,0.4721300902892942,0.4187004754358162,0.3866237780934079
0.2579099307159354,0.2430100269957578,0.2792461775512622,0.7525986423419601,0.3809251856082239,0.2286981795930855,0.4864202573003879,0.3059851088201603,0.5201958384332925,0.466786438179473,0.4141838351822504,0.3824045450747765
0.2635681293302541,0.2498071731585036,0.2842242503259452,0.746234620280017,0.3842375785265563,0.2357350466574881,0.4996936900142944,0.320446735395189,0.5269277845777234,0.4698728579325595,0.4154120443740095,0.3833653605146629
0.2656466512702078,0.2503856536829927,0.2814981628540951,0.7449618158676283,0.3875499714448887,0.2352761205445923,0.5174596691852154,0.3393470790378007,0.5355722154222766,0.4739266629813894,0.4178288431061807,0.3862895814186649
0.2568706697459584,0.2429618202853837,0.2812611117695863,0.7530759439966058,0.3789834380354084,0.2293100810769466,0.5230753522564835,0.3413516609392898,0.5348837209302325,0.4725907499539341,0.4158874801901743,0.3839919792798061
0.2458429561200924,0.2370323949093713,0.2893208486428825,0.7614022061943148,0.3642490005711022,0.2272449135689154,0.513783949356749,0.3215922107674684,0.5226438188494492,0.46489773355445,0.4090332805071315,0.3763890049294009
0.2469976905311778,0.2400212109525646,0.2942989214175655,0.7592278319898176,0.3628783552255854,0.2311457855285299,0.5122523994282213,0.3165807560137457,0.5198898408812729,0.4619034457342915,0.406418383518225,0.3724204194168267
0.2513279445727483,0.2503856536829927,0.3108924973331753,0.7515379719983029,0.3592233009708738,0.2447605935444393,0.5303246885848478,0.3469358533791523,0.5346542227662179,0.4701492537313433,0.4125198098256735,0.3787701562369454
0.2558314087759815,0.2573756266872349,0.3187151831219628,0.7456512515910054,0.3599086236436323,0.2527918005201162,0.5480906677557688,0.3801546391752577,0.5507955936352509,0.4787635894601069,0.4191759112519809,0.3861224830812933
0.2508083140877599,0.2543868106440416,0.321796847220576,0.7495757318625371,0.3533980582524272,0.2514915098669114,0.549724321012865,0.3837342497136311,0.5526315789473685,0.4798691726552423,0.4187004754358162,0.3854540897318071
0.2446304849884527,0.2497589664481296,0.3232191537276283,0.7549851506151888,0.3466590519703028,0.248202539391158,0.5345109250561568,0.3636884306987399,0.5432221542227662,0.4748019163442049,0.4133122028526149,0.3802322666889464
0.2434180138568129,0.2521210952564597,0.3313974161431788,0.7542426813746287,0.3415191319246145,0.2527153128346336,0.5274657953849294,0.3565292096219931,0.5412331701346389,0.4731896075179657,0.4120443740095087,0.3791461274960314
0.2493071593533488,0.256315079059005,0.3296195330093635,0.7492044972422571,0.348258138206739,0.2554688695120086,0.5389013681846028,0.3729954180985109,0.550719094247246,0.4780265339966833,0.4166402535657686,0.3832818113459771
0.2567551963048499,0.2589664481295796,0.3208486428825412,0.744325413661434,0.3597944031981725,0.2547804803426648,0.5467633244843781,0.3881729667812141,0.559593023255814,0.4851206928321356,0.4230190174326466,0.3898404210878101
0.2530600461893764,0.2553027381411492,0.3195448619177432,0.7480377598642342,0.3567104511707596,0.2514150221814288,0.5435981212987543,0.3820160366552119,0.5582925336597307,0.4869172655242307,0.4234152139461173,0.3918873757206116
0.2469399538106236,0.250578480524489,0.3203745407135237,0.7534471786168858,0.3503141062250143,0.2479730763347101,0.5247090055135797,0.3563860252004581,0.5468941248470012,0.4795006449235305,0.4187400950871632,0.3867908764307795
0.2425519630484988,0.2523621288083301,0.3336494014460116,0.7544548154433602,0.339577384351799,0.2536331650604252,0.514804982642434,0.3397766323024054,0.5405446756425949,0.474433388612493,0.4160855784469097,0.3824463196591193
0.2451501154734411,0.2607500964134207,0.3490577219390778,0.7486741620704285,0.3346659051970303,0.2653357809392688,0.5261384521135388,0.3543814432989691,0.5490361077111383,0.4804219642528101,0.4224643423137877,0.3880023393767232
0.2487875288683603,0.2647512533744697,0.3514282327841649,0.7448027153160798,0.3371787549971445,0.2692366528988832,0.5383908515417603,0.3781500572737686,0.5625764993880049,0.4901418831767091,0.4295562599049129,0.3956470883114713
0.2454965357967668,0.2627265715387582,0.3533246414602347,0.7474013576580398,0.333066818960594,0.268242312987609,0.5381866448846232,0.3797250859106529,0.5634944920440637,0.4932283029297954,0.4303486529318542,0.3966496783357005
0.2396073903002309,0.2583397608947165,0.3543913713405238,0.7525456088247772,0.3266704740148487,0.2651063178828208,0.5224627322850725,0.3586769759450172,0.5540850673194615,0.4873318592224065,0.4258716323296355,0.3923468961483833
0.2420900692840647,0.2619070574623988,0.3580656631504089,0.7494166313109885,0.3273557966876071,0.269083677527918,0.5162344292423933,0.3503722794959908,0.5518665850673194,0.4857656163626314,0.4251980982567354,0.3918873757206116
0.2502309468822171,0.2685595834940223,0.3577100865236458,0.7420449724225711,0.3355796687607082,0.2742848401407373,0.5252195221564223,0.3638316151202749,0.5605875152998776,0.4928597751980837,0.4305071315372425,0.3987384075528448
0.2545034642032333,0.2710181257231007,0.35510252459405,0.7387038608400509,0.3410622501427756,0.2753556677374942,0.5364508882989585,0.3848797250859107,0.5701499388004896,0.5003685277317118,0.4358954041204437,0.4053805664633637
0.2506928406466513,0.2662938681064404,0.3513097072419106,0.7430526092490454,0.3391205025699601,0.2704604558666055,0.5314478251991014,0.3767182130584192,0.5657129742962056,0.4995393403353602,0.4345483359746435,0.4046703985295347
0.2464203233256351,0.2635942923254917,0.353443167002489,0.7465528213831142,0.3338663620788121,0.2690071898424354,0.5184807024709005,0.3515177548682703,0.554467564259486,0.4920766537681961,0.4294374009508716,0.4002840671735316
0.2485565819861432,0.2688006170458927,0.3619770060448027,0.7426813746287654,0.3319246145059966,0.2758145938503901,0.5094956095568715,0.3350515463917525,0.547047123623011,0.4876082550211904,0.4277733755942948,0.3987384075528448
0.2576789838337183,0.2764654839953722,0.3619770060448027,0.7343020789138736,0.3409480296973158,0.2819336086890011,0.518378599142332,0.3485108820160366,0.5518665850673194,0.4916620600700203,0.4324088748019017,0.4039184560113626
0.2613163972286375,0.2779116853065946,0.3580656631504089,0.7318095036062792,0.3464306110793833,0.2817806333180358,0.531958341841944,0.36340206185567,0.5596695226438188,0.4975585037774093,0.4374801901743265,0.409265602807252
0.25635103926097,0.2692826841496336,0.3470427877207538,0.7388629613915995,0.3467732724157624,0.2713783080923971,0.5314478251991014,0.3525200458190149,0.5547735618115055,0.4955776672194583,0.4367274167987321,0.4088478569638232
0.2508660508083141,0.2690898573081373,0.3578286120659002,0.7414616037335596,0.3361507709880069,0.2747437662536331,0.5151112926281396,0.3238831615120275,0.5400091799265606,0.4877925188870463,0.4302694136291601,0.402331021806333
0.2490762124711316,0.2739105283455457,0.3733554581012208,0.7396584641493424,0.3268989149057681,0.2835398500841364,0.5055135797426995,0.3018327605956472,0.527922276621787,0.4807444260180579,0.4258716323296355,0.3971509733478152
0.2571016166281755,0.2787311993829541,0.3687329619533009,0.7332944420873992,0.3370645345516848,0.2859109683340982,0.514804982642434,0.3078465063001145,0.5321297429620563,0.482540998710153,0.4282091917591125,0.4004511655109032
0.2594688221709007,0.2780080987273428,0.3620955315870569,0.732605006364022,0.3425471159337522,0.2832338993422059,0.5269552787420869,0.3175830469644902,0.5358017135862913,0.4848442970333518,0.4305071315372425,0.4027905422341048
0.2505196304849885,0.2675954492865406,0.3548654735095413,0.742416207042851,0.3372929754426043,0.2726021110601193,0.5257300387992648,0.3105670103092783,0.5296817625458996,0.4810668877833057,0.4267828843106181,0.3991561533962737
0.2452655889145496,0.2578576937909757,0.3417091383193078,0.7502121340687314,0.3383209594517419,0.2606700321248278,0.5152133959567081,0.2936712485681557,0.5172888616891065,0.4735120692832136,0.4198890649762282,0.3922633469796975
0.2478060046189377,0.2583879676050906,0.337797795424914,0.7487802291047941,0.3427755568246717,0.2598286675845189,0.5169491525423728,0.2916666666666667,0.5128518971848225,0.4699649898654874,0.4175118858954041,0.3894226752443813
0.2524826789838337,0.2651369070574624,0.3447908024179211,0.7428935086974967,0.3440319817247287,0.2674009484472999,0.5362466816418214,0.315864833906071,0.5237148102815177,0.4749401142435968,0.422662440570523,0.3936001336786698
0.2553117782909931,0.2656671808715773,0.3402868318122555,0.7413025031820111,0.3489434608794975,0.2664066085360257,0.5548294874412905,0.3354810996563573,0.5322827417380661,0.4795006449235305,0.4259112519809826,0.3969421004261007
0.2506928406466513,0.2610393366756652,0.3383904231361858,0.7459694526941026,0.3454026270702456,0.2620468104635153,0.5607514804982643,0.3384879725085911,0.5338892288861689,0.4795006449235305,0.4253565768621237,0.3966079037513577
0.2458429561200924,0.2555919784033937,0.3349531824108095,0.7512197708952058,0.342204454597373,0.2566926724797307,0.5565652440269553,0.3266036655211912,0.5266217870257038,0.4741109268472452,0.4205625990491283,0.3910518840337538
0.2470554272517321,0.2570863864249904,0.336138437833353,0.7498408994484514,0.3428897772701314,0.2582224261893835,0.5616704104553808,0.327176403207331,0.5258567931456548,0.4716233646581906,0.4188985736925515,0.3899239702564959
0.2520785219399538,0.2630158118010027,0.3404053573545098,0.7442193466270682,0.3457452884066248,0.2643414410279944,0.5899530324688584,0.3516609392898053,0.5364902080783354,0.4763681592039801,0.4227812995245642,0.3940596541064416
0.2509237875288684,0.2630640185113768,0.3430129192841057,0.7447496817988969,0.3433466590519703,0.2651828055683035,0.6207882376965489,0.3760022909507445,0.5474296205630355,0.4820803390455132,0.4263470681458003,0.3980282396190158
0.2427251732101617,0.2575684535287312,0.3462131089249733,0.7515379719983029,0.3337521416333524,0.2618173474070674,0.6293649172963038,0.3628293241695303,0.5416921664626683,0.4791321171918187,0.423217115689382,0.3949786949619851
0.2371824480369515,0.2558812186656383,0.3533246414602347,0.7549851506151888,0.3248429468874929,0.2628116873183417,0.6240555442107412,0.3245990836197021,0.5266982864137086,0.4710705730606229,0.4154120443740095,0.3879187902080374
0.2346997690531178,0.2584361743154647,0.3648216190589072,0.7547730165464573,0.3167332952598516,0.2685482637295395,0.6331427404533387,0.2969644902634593,0.5147643818849449,0.4635157545605307,0.4099841521394611,0.3823209959060907
0.2358545034642032,0.2641727728499807,0.3765556477420884,0.7510606703436572,0.3122786978869218,0.276885421447147,0.6547886461098632,0.2918098510882015,0.5138463892288861,0.4635618205269947,0.4116877971473852,0.3842426267858634
0.2397228637413395,0.2693790975703818,0.381415194974517,0.7464467543487484,0.3137635636778984,0.2825455101728621,0.6693894220951603,0.2885166093928981,0.5173653610771114,0.4663257785148333,0.4148177496038035,0.3875010443646085
0.2387413394919168,0.2676436559969147,0.3791632096716842,0.7478256257955027,0.3138777841233581,0.2804803426648309,0.653563406167041,0.2697594501718213,0.5108629130966952,0.4642067440574903,0.4134310618066561,0.385119893057064
0.2398960739030023,0.2658600077130736,0.3725257793054403,0.7483029274501485,0.3182181610508282,0.276885421447147,0.6124157647539309,0.2345360824742268,0.4966340269277845,0.4573429150543578,0.4080031695721078,0.3809006600384326
0.2491916859122402,0.2708252988816043,0.365414246770179,0.7412494696648281,0.330896630496859,0.278568150527765,0.5686134367980396,0.2176403207331042,0.4891370869033048,0.4543025612677354,0.406418383518225,0.3797727462611747
0.2640300230946882,0.2754531430775164,0.3465686855517364,0.7319155706406448,0.3545402627070246,0.2761205445923206,0.5340004084133143,0.2260882016036655,0.4909730722154222,0.4579878385848535,0.4105784469096672,0.3843679505388921
0.2736720554272517,0.2712591592749711,0.3163446722768757,0.7297942299533305,0.3787549971444889,0.2630411503747896,0.510210332856851,0.2458476517754868,0.4959455324357405,0.4624562373318592,0.414500792393027,0.3880023393767232
0.2712471131639723,0.2581951407635943,0.2890837975583739,0.7380674586338566,0.3894917190177042,0.2439192290041303,0.5037778231570349,0.2568728522336769,0.4926560587515299,0.4601068730421965,0.411608557844691,0.38549586431615
0.2710161662817552,0.248843038951022,0.2666824700723006,0.7433708103521425,0.4,0.2293100810769466,0.4901980804574228,0.254438717067583,0.4841646266829865,0.4537958356366317,0.406418383518225,0.3798980700142033
0.2699769053117783,0.2483609718472811,0.2677491999525897,0.7441132795927026,0.3984009137635637,0.2292335933914639,0.4853992240147028,0.2550114547537228,0.4807221542227662,0.4499262944536576,0.4042789223454833,0.3786866070682597
0.2774249422632794,0.2562186656382569,0.2717790683892379,0.7363173525668222,0.4038834951456311,0.2367293865687624,0.4937716969573207,0.2796391752577319,0.4893665850673194,0.4558688041275106,0.4090332805071315,0.384743921797978
0.2827944572748268,0.2574720401079831,0.2637193315159417,0.7331883750530335,0.4131353512278699,0.2351996328591096,0.5096998162140085,0.299828178694158,0.4981640146878825,0.4616731159019716,0.4136687797147385,0.3893809006600384
0.2738452655889146,0.2483609718472811,0.2596894630792936,0.7423101400084854,0.4061679040548259,0.2266330120850543,0.5111292628139678,0.2913802978235967,0.4912025703794369,0.4590934217799889,0.4108954041204438,0.3861224830812933
0.2629330254041571,0.2412745854222908,0.2646675358539765,0.7512197708952058,0.3930325528269561,0.2226556524399572,0.5001021033285684,0.2721935853379152,0.4796511627906976,0.4522295927768565,0.4052694136291601,0.3810677583758041
0.2644919168591224,0.2413709988430389,0.2617043972976176,0.7504242681374628,0.3960022844089092,0.2217378002141655,0.4925464570144987,0.2597365406643757,0.4731487148102815,0.4457803574718998,0.4016244057052298,0.3774333695379731
0.2700346420323326,0.2484091785576552,0.2676306744103354,0.7440072125583368,0.3986293546544832,0.2292335933914639,0.5032673065141924,0.2746277205040091,0.4802631578947368,0.449189238990234,0.4050316957210776,0.3809842092071183
0.2703810623556582,0.2512533744697262,0.2739125281498162,0.7423101400084854,0.3958880639634495,0.2335169037784916,0.5140902593424544,0.2843642611683848,0.4863066095471236,0.4543025612677354,0.4086370839936609,0.3841590776171776
0.2631062355658199,0.2449382954107211,0.2734384259807988,0.7491514637250741,0.3889206167904055,0.2283157411656723,0.5096998162140085,0.2739117983963345,0.4804161566707466,0.4515386032798968,0.4068541996830428,0.3816526025566045
0.2561200923787529,0.2371288083301195,0.2683418276638615,0.7566291896478574,0.3844660194174757,0.2205139972464433,0.4967326934858075,0.2491408934707903,0.4669522643818849,0.4439837847798047,0.400554675118859,0.3743838248809424
0.2571016166281755,0.2383339760894716,0.2695270830864051,0.7555154857870173,0.3849229011993147,0.2218142878996481,0.4936695936287522,0.2405498281786941,0.4628212974296205,0.4397917818315828,0.3974247226624406,0.3712089564708831
0.2645496535796767,0.2473968376397994,0.2764015645371577,0.7470831565549427,0.3889206167904055,0.2312987608994951,0.505003063099857,0.2574455899198167,0.4716952264381884,0.4456882255389718,0.4028129952456419,0.3753028657364859
0.2691685912240185,0.2507713073659853,0.2752163091146142,0.7431056427662283,0.3940605368360937,0.2335933914639743,0.5153154992852766,0.2707617411225658,0.4805691554467564,0.4519531969780726,0.4074881141045959,0.3797727462611747
0.2611431870669746,0.2447454685692248,0.2768756667061752,0.7501060670343657,0.3853797829811537,0.2293100810769466,0.5086787829283235,0.2547250859106529,0.4726132190942472,0.4482679196609545,0.4039619651347068,0.3758459353329434
0.2521362586605081,0.2387678364828384,0.2807870096005688,0.757530759439966,0.3745288406624786,0.2258681352302279,0.4969369001429446,0.2273768613974799,0.4601438188494491,0.4398839137645108,0.3962361331220285,0.3692873255911104
0.2491916859122402,0.240840725028924,0.2916913594879696,0.7577428935086975,0.3664191890348373,0.2309928101575646,0.4961200735143965,0.220360824742268,0.4561658506731946,0.4370278238437443,0.3935419968304279,0.3670732726209374
0.2513856812933026,0.2458060161974546,0.2995140452767571,0.7540305473058972,0.3647058823529412,0.2374177757381061,0.5096998162140085,0.2409793814432989,0.4659577723378213,0.4427860696517414,0.3974247226624406,0.371250731055226
0.2543302540415704,0.2486020053991516,0.3003437240725376,0.75111370386084,0.3673329525985151,0.2399418693590332,0.5224627322850725,0.2615979381443298,0.4775091799265606,0.4497880965542657,0.4023375594294771,0.3761383574233436
0.2483833718244804,0.2424797531816429,0.2974991110584331,0.7572655918540517,0.3627641347801257,0.2341288052623527,0.518378599142332,0.2528636884306987,0.4741432068543452,0.4478993919292428,0.4007131537242472,0.3732976856880273
0.2420900692840647,0.2379483224064789,0.2992769941922484,0.7626219770895205,0.355682467161622,0.2311457855285299,0.505411476414131,0.231815578465063,0.4638922888616891,0.4421411461212456,0.3952852614896989,0.3675327930487091
0.2434757505773672,0.2395873505591978,0.3004622496147919,0.7610840050912177,0.3564820102798401,0.2328285146091479,0.5,0.2279495990836197,0.4615208078335373,0.4401603095632946,0.3945721077654517,0.3669479488679087
0.2511547344110855,0.2437813343617431,0.2950100746710916,0.7552503182011031,0.3667618503712165,0.2343582683188006,0.514192362671023,0.2510022909507445,0.4734547123623011,0.4468859406670352,0.4024167987321712,0.3744673740496281
0.253810623556582,0.2487948322406479,0.3020030816640986,0.7512728044123885,0.3659623072529984,0.2406302585283769,0.5175617725137839,0.2628865979381443,0.4791156670746634,0.4502948221853695,0.4042393026941363,0.3766814270198012
0.2518475750577367,0.2432510605476282,0.2922839871992415,0.7552503182011031,0.368703597944032,0.2331344653510784,0.5068409230140902,0.2455612829324169,0.471312729498164,0.4471162704993551,0.3996038034865293,0.3727963906759127
0.2464780600461894,0.2355861935981488,0.284461301410454,0.7619325413661433,0.3671045117075956,0.2244913568915404,0.4923422503573616,0.2252290950744559,0.4606028151774786,0.4427860696517414,0.3949286846275753,0.3688278051633386
0.2480369515011547,0.2375144620131122,0.2858836079175062,0.7601294017819261,0.3680182752712736,0.226480036714089,0.4907085971002654,0.2278064146620847,0.4606793145654834,0.4429703335175972,0.3952060221870047,0.369078452669396
0.2553117782909931,0.2450829155418434,0.2896764252696456,0.7525986423419601,0.3733866362078812,0.2337463668349395,0.5029609965284868,0.2478522336769759,0.4709302325581395,0.4488207112585222,0.400554675118859,0.3746344723869997
0.2603348729792148,0.25,0.291454308403461,0.7476134917267713,0.3774985722444318,0.2381826525929325,0.5076577496426383,0.2545819014891179,0.4739137086903304,0.449235304956698,0.402892234548336,0.3769320745258584
0.2559468822170901,0.2447936752795989,0.2876614910513216,0.7524925753075944,0.3749857224443176,0.2328285146091479,0.4933632836430466,0.2313860252004582,0.4638922888616891,0.4427400036852773,0.3980586370839937,0.372336870248141
0.2437644341801386,0.2367431546471268,0.2928766149105132,0.7625159100551548,0.3603655054254712,0.228162765794707,0.4813150908719624,0.2077605956471935,0.4507343941248469,0.4359683066150728,0.391838351822504,0.3660289080123653
0.2395496535796767,0.2378519089857308,0.3042550669669313,0.7638417479847264,0.3507709880068532,0.2326755392381826,0.4876454972432101,0.2038946162657502,0.4504283965728274,0.4360604385480008,0.3916798732171157,0.3652351909098504
0.2437644341801386,0.2425279598920169,0.3070996799810359,0.7593338990241832,0.353512278697887,0.2373412880526235,0.5047988564427199,0.2273768613974799,0.4658047735618115,0.4436613230145569,0.3984152139461173,0.3717520260673406
0.2461316397228637,0.2460470497493251,0.3108924973331753,0.7563109885447602,0.3540833809251857,0.2413186476977206,0.5131713293853379,0.2371134020618556,0.4712362301101591,0.4470241385664272,0.4024167987321712,0.3753028657364859
0.2407621247113164,0.2435885075202468,0.3158705701078582,0.7601294017819261,0.3464306110793833,0.2409362092703074,0.5019399632428017,0.2197880870561282,0.4618268053855568,0.4408512990602543,0.398217115689382,0.3711671818865402
0.2341224018475751,0.2380929425376012,0.3159890956501126,0.766228256257955,0.3398058252427185,0.2366528988832798,0.4931590769859097,0.1990263459335624,0.4520348837209302,0.4350930532522573,0.3933042789223455,0.3655693875845935
0.2380484988452656,0.2381893559583494,0.3081664098613251,0.7643720831565549,0.3473443746430611,0.2342052929478354,0.4978558301000612,0.2027491408934708,0.4541768665850673,0.437488483508384,0.3941362916006339,0.3651516417411646
0.2450346420323326,0.2456613960663324,0.3121962782979732,0.7570004242681374,0.3523700742432896,0.2413951353832032,0.5153154992852766,0.2299541809851088,0.4677937576499387,0.4451354339414041,0.4007131537242472,0.3711671818865402
0.244919168591224,0.2494697261858851,0.321796847220576,0.7549851506151888,0.3475728155339806,0.2475906379072969,0.5215438023279558,0.2425544100801832,0.4752906976744185,0.4476690620969228,0.4034072900158479,0.3748015707243713
0.2378175519630485,0.244841881989973,0.3249970368614436,0.7607658039881204,0.3390062821245003,0.2449135689154046,0.5094956095568715,0.2179266895761741,0.4649632802937576,0.439515386032799,0.3975832012678288,0.3697050714345392
0.2298498845265589,0.2389606633243347,0.3268934455375133,0.7677131947390751,0.3303255282695603,0.2408597215848248,0.4971411068000816,0.1912943871706758,0.4526468788249694,0.4327897549290584,0.3916402535657686,0.363940178795221
0.2284642032332564,0.2385750096413421,0.3286713286713287,0.7685086974968179,0.3280411193603656,0.2410891846412727,0.500612619971411,0.197594501718213,0.4544828641370869,0.4343559977888336,0.3921949286846276,0.3653605146628791
0.2338337182448037,0.244263401465484,0.3317529927699419,0.7629401781926176,0.3319246145059966,0.2465962979960226,0.5125587094139269,0.2129152348224513,0.4623623011015911,0.4391929242675512,0.3967908082408874,0.3700392681092823
0.2306581986143187,0.2444080215966062,0.3385089486784402,0.764319049639372,0.3255282695602513,0.2489674162459844,0.5152133959567081,0.2104810996563573,0.4609088127294981,0.4392389902340151,0.3983755942947702,0.3710418581335116
0.2234411085450346,0.241419205553413,0.346094583382719,0.7693042002545608,0.3146773272415762,0.2489674162459844,0.5020420665713702,0.1868556701030927,0.4490514075887393,0.4312695780357472,0.3927892234548336,0.3649427688194502
0.2163972286374134,0.2343810258387967,0.3431314448263601,0.776410691557064,0.3090805254140492,0.2424659629799602,0.4884623238717582,0.1639461626575028,0.4358935128518971,0.4226091763405196,0.3864500792393027,0.3577575403124739
0.2163394919168591,0.232211723871963,0.3380348465094228,0.7776304624522699,0.3114791547687037,0.2391005048187242,0.4919338370430876,0.1660939289805269,0.4362760097919216,0.4230698360051594,0.3863312202852614,0.3574233436377308
0.2228637413394919,0.2369841881989973,0.3363754889178618,0.7719558761137038,0.3187892632781268,0.2423894752944775,0.5073514396569329,0.1869988545246277,0.4456854345165238,0.4294730053436521,0.3915213946117274,0.3626451666805915
0.2240184757505774,0.2369359814886232,0.3338864525305203,0.7714785744590581,0.3210736721873216,0.2415481107541686,0.5142944659995915,0.1954467353951889,0.4507343941248469,0.4309471162704994,0.392472266244057,0.3632717854457348
0.2191108545034642,0.2294639413806401,0.3255896645727154,0.7778425965210012,0.3202741290691034,0.2329050022946305,0.5059219930569736,0.1869988545246277,0.4447674418604651,0.425879859959462,0.3888272583201268,0.3592196507644749
0.219919168591224,0.2240647898187427,0.3106554462486666,0.7804412388629614,0.328269560251285,0.2238029677221967,0.5017357565856646,0.1796964490263459,0.4394124847001224,0.4217339229777041,0.3842709984152139,0.3553763890049294
0.2221709006928406,0.2253181642884689,0.30911461419936,0.7786911327959269,0.3312392918332382,0.2243383815205751,0.5130692260567694,0.1968785796105383,0.4468329253365973,0.4254192002948222,0.3863312202852614,0.3569220486256161
0.229445727482679,0.232211723871963,0.311129548417684,0.7715846414934238,0.3375214163335238,0.2303809086737035,0.5343067183990198,0.2269473081328751,0.4623623011015911,0.4334807444260181,0.393026941362916,0.3634388837831063
0.2337182448036951,0.2361646741226378,0.3121962782979732,0.7674480271531607,0.3411764705882353,0.2338993422059048,0.549928527670002,0.2464203894616265,0.4736077111383109,0.4386861986364474,0.3974643423137876,0.3679923134764809
0.2300230946882217,0.232259930582337,0.3100628185373948,0.7712664403903267,0.3385494003426614,0.230074957931773,0.5470696344700837,0.2404066437571592,0.4709302325581395,0.4350469872857933,0.3938589540412044,0.36465034672905
0.2232101616628176,0.2307173158503663,0.3202560151712694,0.775296987696224,0.3268989149057681,0.2321401254398042,0.550336940984276,0.2392611683848797,0.4702417380660954,0.4346323935876175,0.391838351822504,0.3621856462528198
0.2307736720554273,0.2364057076745082,0.3188337086642171,0.7686677980483665,0.3350085665334095,0.2361939727703839,0.5708597100265468,0.2621706758304696,0.4816401468788249,0.4404827713285424,0.3946909667194929,0.3645667975603642
0.2397228637413395,0.2445526417277284,0.3203745407135237,0.7600763682647433,0.3431182181610508,0.2432308398347866,0.6053706350827037,0.2951030927835051,0.4986230110159119,0.4487285793255943,0.401188589540412,0.3702899156153396
0.2393187066974596,0.2486020053991516,0.3311603650586701,0.7580080610946117,0.3376356367789835,0.249885268471776,0.6242597508678782,0.2981099656357388,0.5018359853121175,0.4495577667219458,0.4036053882725832,0.3714178293925975
0.2318129330254042,0.2472522175086772,0.3433684959108688,0.7621977089520576,0.3242718446601942,0.2527918005201162,0.617418827853788,0.2604524627720503,0.4868421052631578,0.4396996498986549,0.3969492868462758,0.3643161500543069
0.222459584295612,0.2416120323949094,0.3485836197700604,0.769622401357658,0.3125071387778413,0.2499617561572586,0.6154788646109863,0.2170675830469644,0.4692472460220317,0.429749401142436,0.3886687797147385,0.3557941348483582
0.2202078521939954,0.2406478981874277,0.3509541306151476,0.7711603733559609,0.3091947458595089,0.2499617561572586,0.630794363896263,0.2017468499427262,0.4658047735618115,0.4295190713101161,0.3875990491283677,0.3550004177458434
0.2265588914549654,0.2488912456613961,0.3580656631504089,0.7637356809503606,0.3120502569960023,0.258757839987762,0.6502960996528486,0.2057560137457044,0.4723072215422276,0.4345863276211535,0.3923930269413629,0.3603475645417328
0.2314665127020785,0.2562668723486309,0.3661254000237051,0.7574246924056003,0.3129640205596802,0.2672479730763347,0.6448846232387175,0.2024627720504009,0.4733017135862913,0.4360604385480008,0.3940966719492869,0.3620603224997911
