Lead I,Lead II,Lead III,aVR,aVL,aVF,V1,V2,V3,V4,V5,V6
0.1965965069413345,0.1739270472662855,0.4391132224861442,0.8585403198366792,0.3035371830385681,0.2477686137159643,0.8805115535532626,0.8827277514481306,0.8514069264069264,0.7347813176091291,0.1373550480228711,0.1232797140303842
0.183982683982684,0.1574200821322167,0.4334125098970705,0.874447090847227,0.2965054336245472,0.2342108236357473,0.8821682894928063,0.8844918378093733,0.8537518037518037,0.7341874178085098,0.1316693970640198,0.1159517426273458
0.1862964621585311,0.1596746920041871,0.4327790973871734,0.8719802653963934,0.2983166418069465,0.235566602643769,0.886440924284261,0.8909162717219589,0.8634559884559885,0.7424595936028509,0.1332755131540907,0.1163538873994638
0.1908493805045529,0.1663579998389564,0.4364212193190815,0.8658557332425997,0.3003409333049222,0.241441645011863,0.8942304897543961,0.8997630331753556,0.8753968253968253,0.7525983116277097,0.1351064854967717,0.1185880250223413
0.1889087923570682,0.1736854819228601,0.454948535233571,0.8631337189520245,0.2927764756019603,0.2533047113320528,0.8995785496294143,0.9071090047393364,0.8856421356421357,0.7611674373223605,0.1336931033375092,0.1171581769436997
0.1770413494551425,0.1715919156131733,0.4760095011876485,0.8709595100374278,0.2772213935648839,0.2592927352841486,0.901002761226566,0.908504476040021,0.8882395382395383,0.7599796377211218,0.1254376666345443,0.1081769436997319
0.1637557844454396,0.1652306949029712,0.491686460807601,0.8818475671997278,0.2625186447901129,0.2604225511241668,0.9019037930533352,0.9103212216956292,0.8904040404040403,0.7562041318457557,0.1171822299315794,0.1000893655049151
0.1686072548141513,0.1745712215154199,0.4999208234362629,0.8741919020074855,0.2631578947368421,0.2699130041803186,0.9078040982415346,0.9184307530279092,0.900974025974026,0.7621855512662793,0.1153833799106999,0.0988382484361036
0.1765188834154351,0.1853611401884209,0.5041963578780682,0.8639843484178292,0.2673130193905817,0.279064512484465,0.916087777939253,0.9284623486045288,0.9157287157287156,0.7760149323378442,0.116764639748161,0.1003574620196604
0.1728616211374831,0.1867300104678315,0.5146476642913699,0.8653453555631168,0.2612401448966545,0.2836967574285391,0.9229763115826188,0.9379410215903108,0.9295093795093796,0.7861960717770332,0.1175034531495936,0.0998212689901697
0.1582325720256754,0.1765842660439648,0.5257323832145685,0.8790404899625723,0.2470701044108246,0.2805332730764885,0.9279174538584508,0.9427593470247498,0.9364357864357864,0.788189878250541,0.1113680896855224,0.0929401251117068
0.1472607851918196,0.1675658265560834,0.5312747426761679,0.8900986730180334,0.2373748135520988,0.276126991300418,0.931143729109141,0.9464454976303316,0.942135642135642,0.7894200992661097,0.1033053869133661,0.0851206434316353
0.1443499029705926,0.1703840888960463,0.5429928741092637,0.8902687989111944,0.2313019390581717,0.2823409784205175,0.9370730998401396,0.9527909426013692,0.9504329004329004,0.7937470835277649,0.0973627573801034,0.080071492403932
0.1455441110613524,0.1872131411546823,0.5735550277117974,0.8806566859476013,0.2219262731728105,0.3050502768048808,0.9473623019909896,0.9632964718272776,0.9652236652236652,0.8062189793407714,0.0967524332658764,0.0793565683646112
0.1438274369308852,0.1992914083259521,0.6011084718923199,0.8752977203130318,0.2113786490517792,0.3233532934131736,0.9541055079203604,0.9715376513954712,0.9769119769119768,0.8122428201756247,0.0934438341203302,0.0758713136729222
0.1280788177339901,0.1887430549963765,0.6136183689627871,0.889843484178292,0.1960366503302791,0.3204157722291266,0.9562272925446884,0.9738283307003686,0.978102453102453,0.8074916217706699,0.0820082875590247,0.0631814119749776
0.1117330944917151,0.1798856590707786,0.630720506730008,0.9037938074174888,0.1785638184530151,0.3203027906451248,0.9577387007702368,0.975144813059505,0.9797619047619048,0.8035888516523141,0.0709260865375349,0.0512957998212689
0.1142707866845798,0.1872131411546823,0.6399049881235156,0.8984348417829194,0.1772853185595568,0.3287764094452604,0.9616044179625054,0.9794628751974724,0.9866883116883116,0.8066007720697409,0.065882882014712,0.0484807864164432
0.1151664427526496,0.1965536677671309,0.6563737133808394,0.8930758761483498,0.1723844023012998,0.3410914021014574,0.9673593954367098,0.9852817272248552,0.9945526695526696,0.8133033555338736,0.0624779159037615,0.0486595174262734
0.1085236602477981,0.1960705370802802,0.6695170229612035,0.8970738346376319,0.163221819731515,0.3454976838775279,0.9718064234849586,0.988493944181148,0.9987012987012986,0.8140245195774827,0.0578201792425556,0.0448614834673815
0.0991192715330646,0.1935743618648844,0.684560570071259,0.9037087444709084,0.1513956957170253,0.3491130945655857,0.9708763261153904,0.9871774618220116,0.9966450216450216,0.8068977219700506,0.049436253252385,0.0363270777479892
0.086505448574414,0.1876157500603913,0.6994457640538401,0.914086423953726,0.1374387385467717,0.3502429104056039,0.968086034006685,0.985202738283307,0.9956349206349204,0.8045221227675732,0.0442645594423564,0.0293565683646112
0.0858337065233617,0.1910781866494887,0.7078384798099763,0.9126403538618576,0.1341359471553377,0.3556660264376907,0.9696265077750328,0.9847024749868352,0.9964285714285712,0.805540236711492,0.0421444862034627,0.0281948168007149
0.1009852216748768,0.2080682824704083,0.7091053048297705,0.8950323239197007,0.1445770296185808,0.3679810190938877,0.9725330620549338,0.9874934175882042,1.0,0.8090612141008782,0.0461597764286402,0.0354781054512958
0.1005373936408419,0.2107255012480876,0.7151227236737926,0.893841442667574,0.1422331131472405,0.3720483561179527,0.9735503560528992,0.9869141653501844,0.9992424242424244,0.8076188860136598,0.0468664675082715,0.0369526362823949
0.0921779370055232,0.2034785409453257,0.7187648456057009,0.902517863218782,0.1349882804176433,0.3682069822618913,0.9670106089231216,0.9794365455502896,0.9917748917748916,0.8020192593221058,0.0436542353281295,0.033065236818588
0.090162710852366,0.2021901924470569,0.7205067300079178,0.904304185096972,0.1329639889196676,0.3679810190938877,0.9590757157389914,0.9705371248025276,0.9811688311688312,0.7922623340262165,0.0396068227811506,0.0292672028596961
0.0915061949544708,0.2104839359046622,0.7341250989707048,0.8992004083021437,0.1293415725548689,0.3786012879900575,0.9537567214067724,0.9655081621906266,0.976118326118326,0.7914563271539474,0.0414056728020301,0.0320822162645218
0.1049410359755187,0.2266688139141637,0.7372921615201902,0.882953385505274,0.1378649051779245,0.3911422438142582,0.950414183984886,0.9611901000526591,0.9724747474747476,0.7924320196835363,0.0482477273457325,0.0422698838248436
0.1106135244066278,0.2288429020049923,0.729532858273951,0.8785301122830896,0.1445770296185808,0.3898994463902383,0.9466356634210144,0.9540021063717746,0.9644660894660896,0.7920078055402368,0.0579165462079599,0.0543342269883824
0.1172563069114793,0.2239310733553426,0.7057798891528109,0.877339231030963,0.157255486895376,0.3780363800700485,0.9337014968754542,0.9403633491311216,0.9466450216450216,0.7822084588300176,0.0628312614435771,0.0582216264521894
0.1212121212121212,0.219743940735969,0.6891528107680127,0.877339231030963,0.1656722778606435,0.3691108349339057,0.918703676791164,0.9241179568193786,0.9258658008658008,0.7677003351291732,0.0681635668626128,0.0629133154602323
0.1287505597850425,0.226990901038731,0.6874109263657958,0.8691731881592378,0.1716386106967824,0.373630098293978,0.9077169016131376,0.911690363349131,0.9097402597402596,0.7639248292538074,0.0804342937907552,0.0765415549597855
0.1502463054187192,0.2332715999677913,0.6541567695961996,0.8536917318815924,0.198167483486043,0.3661733137498587,0.898968173230635,0.90144813059505,0.8969336219336219,0.7637551435964876,0.096495454691465,0.0956657730116175
0.1646514405135095,0.2354456880586199,0.6278701504354711,0.8442497448111603,0.2172384402301299,0.3582646028697322,0.8909460834181079,0.8909426013691416,0.8823232323232323,0.7580706740762738,0.1084449584015932,0.1096067917783735
0.1621137483206448,0.2273129881632981,0.6174188440221696,0.8500340251786322,0.2190496484125293,0.3487741498135804,0.876413312018602,0.8742496050552921,0.8590909090909091,0.7435201289610998,0.1143554656130545,0.1139857015192136
0.1668905806836841,0.2232063773250664,0.5990498812351545,0.8494385845525689,0.2286383976134668,0.3393966783414304,0.8624327859322772,0.8581621906266456,0.8371572871572871,0.731217918805413,0.1206193183643313,0.1194369973190348
0.1805493357217495,0.2287623802238505,0.5811559778305623,0.8388057162300103,0.2443000213083315,0.3369110834933905,0.8522598459526232,0.8454713006845709,0.8199494949494949,0.7211216221948841,0.1297099354341331,0.1283735478105451
0.2036871174802209,0.2375392543683066,0.5491686460807601,0.8209424974481117,0.2716812273598977,0.3316009490453055,0.8466211306496149,0.8377303844128489,0.8082251082251082,0.7162431595469394,0.1449037936462047,0.1467381590705987
0.2198089267054784,0.237378210806023,0.5146476642913699,0.8118407621640015,0.2948007670999361,0.3191729748051067,0.8400813835198372,0.8295155344918378,0.796969696969697,0.710219318712086,0.1582345571937939,0.1609472743521001
0.2130168681892819,0.2244947258233351,0.5037212984956453,0.8224736304865602,0.2936288088642659,0.3062930742289006,0.8291527394274087,0.8175882043180621,0.7785714285714286,0.6969838374411403,0.1617037679483473,0.162153708668454
0.2139871622630243,0.2182140268942748,0.4894695170229612,0.8252807077237156,0.2990624334114639,0.2968026211727488,0.8194448481325389,0.8061874670879411,0.7606421356421356,0.683493827684215,0.1635668626128296,0.162645218945487
0.2206299447678757,0.2220790723890812,0.482818685669042,0.8194964273562437,0.3060941828254847,0.2971415659247542,0.8153175410550793,0.7993944181147973,0.7516594516594516,0.6773851440207017,0.1696058591114966,0.1695263628239499
0.2280191073294521,0.2274740317255818,0.4779097387173396,0.8123511398434842,0.3130193905817174,0.2991752344367868,0.8181078331637843,0.8006582411795682,0.7535714285714286,0.6815000212107072,0.1760945681153833,0.1768543342269883
0.2286908493805045,0.2268298574764474,0.4750593824228029,0.8123511398434842,0.3144044321329639,0.2977064738447633,0.819735503560529,0.8020537124802527,0.7554112554112554,0.6837059347558648,0.1780219074234685,0.1794012511170688
0.2196596506941334,0.2162009823657299,0.4734758511480603,0.8230690711126235,0.3085446409546132,0.2896847813806349,0.8163929661386427,0.7987888362295945,0.7509018759018758,0.6786577864506003,0.1740708618418939,0.1741286863270777
0.2178683385579937,0.2116112408406474,0.4679334916864608,0.8265566519224227,0.3090773492435542,0.2844876285165518,0.812614445574771,0.795734597156398,0.7458874458874458,0.6727612098587367,0.1715331984195817,0.1704647006255585
0.2358560979250634,0.2195828971736855,0.4456057007125892,0.8120959510037429,0.3294268058810995,0.2821150152525138,0.8101148088940561,0.7951816745655608,0.7429292929292929,0.671700674500488,0.1772830940220359,0.1780607685433422
0.2486938349007314,0.2228037684193574,0.4245447347585115,0.8030792786662131,0.3457276795226933,0.2768048808044288,0.8103473332364481,0.7954713006845708,0.7418109668109668,0.6749247019895644,0.1871767691368732,0.1900804289544236
0.2490670249290938,0.2199855060793945,0.4182106096595408,0.80435522286492,0.3480715959940336,0.272624562196362,0.8100566778084581,0.7933122696155872,0.7365079365079364,0.6707249819708989,0.1921878513378947,0.1962913315460232
0.2414539483505,0.2100008052178114,0.4148851939825811,0.8139673358285131,0.3437033880247176,0.2644898881482318,0.8017729981107398,0.7849394418114797,0.7238816738816739,0.6582530861578926,0.18846166200893,0.1906166219839142
0.2412300343334826,0.2047668894435945,0.4050673000791767,0.8168594760122492,0.3468996377583635,0.2572590667721161,0.7955820374945501,0.7788046340179042,0.7152958152958153,0.6507869172358207,0.1854742860813979,0.1854781054512958
0.2460068666965218,0.2069409775344231,0.3990498812351545,0.8129465804695475,0.3523332623055614,0.2566941588521071,0.7965412004069176,0.7794365455502895,0.7155122655122655,0.6504051245068512,0.1877549709292987,0.1854334226988382
0.2530228392297358,0.211772284402931,0.3938242280285037,0.8064817965294319,0.3591519284040059,0.2581629194441306,0.8013951460543526,0.7834913112164297,0.720923520923521,0.6561320154413949,0.1950788603000225,0.1936550491510277
0.2527989252127183,0.2082293260326918,0.3873317498020586,0.8084382443007827,0.3611762199019816,0.2533047113320528,0.8014823426827496,0.784044233807267,0.7224386724386723,0.6565986509990244,0.1976165237223346,0.1986595174262734
0.2448872966114345,0.197358885578549,0.3825811559778305,0.8187308608370194,0.357021095248242,0.2440402214439046,0.7980235430896672,0.7815955766192733,0.7168109668109667,0.6492173249056125,0.1939224567151714,0.1959338695263628
0.2389162561576354,0.1850390530638537,0.371021377672209,0.8285981626403539,0.3567014702748775,0.2312733024517003,0.79529138206656,0.7783043707214323,0.7117243867243866,0.645017604886947,0.190838713822235,0.1919571045576407
0.2473503507986266,0.1860858362186971,0.3553444180522566,0.8232391970057843,0.3679948860004262,0.2264150943396226,0.7964540037785206,0.7800684570826751,0.7142857142857143,0.6490476392482926,0.1936012334971572,0.1962466487935656
0.2572772055530676,0.192124969804332,0.346159936658749,0.8143926505614154,0.3781163434903047,0.227318947011637,0.8017148670251417,0.785492364402317,0.722077922077922,0.6564289653417046,0.1985801933763772,0.2028150134048257
0.2562322734736528,0.1889846203398019,0.3422011084718923,0.8166893501190882,0.3787555934370338,0.223816517907581,0.8038075861066706,0.7883359662980516,0.7251803751803753,0.6585500360582023,0.1989656612379942,0.2031724754244861
0.2489177489177489,0.1846364441581447,0.3491686460807602,0.8231541340592039,0.371191135734072,0.2231386284035702,0.7999128033716029,0.7851500789889415,0.7195165945165946,0.6516777669367497,0.1934727442099515,0.1965147453083109
0.2460068666965218,0.1834286174410177,0.3531274742676168,0.8254508336168767,0.3677818026848498,0.223816517907581,0.7952623165237611,0.7812796208530806,0.7145743145743145,0.6481992109616935,0.1886543959397385,0.1902591599642537
0.251530079116286,0.1903534906192125,0.3548693586698337,0.8185607349438585,0.371191135734072,0.2292396339396678,0.8002615898851911,0.7857556608741443,0.7205266955266956,0.654095787553557,0.1896823102373839,0.1893655049151028
0.264069264069264,0.2006602786053627,0.348535233570863,0.8060564817965294,0.3822714681440443,0.2342108236357473,0.8058421741026014,0.7908636124275934,0.7267316017316017,0.6599923641454206,0.1931836433137387,0.1934763181411975
0.261009105836692,0.1998550607939447,0.3534441805225652,0.8081830554610412,0.378329426805881,0.2353406394757654,0.804737683476239,0.7916008425487098,0.728932178932179,0.6643617698214058,0.1945970254730012,0.1946380697050938
0.2496641289744738,0.1905950559626379,0.3593032462391133,0.8195814903028241,0.3683145109737907,0.2309343576996949,0.8011626217119605,0.7883096366508688,0.7236291486291486,0.6587197217155221,0.1900035334553981,0.190035746201966
0.2477981788326616,0.1868910540301151,0.3561361836896279,0.8225586934331406,0.3679948860004262,0.227318947011637,0.7998546722860049,0.7852553975776725,0.7185425685425686,0.6512111313791202,0.1864700780572419,0.1869079535299374
0.2586206896551724,0.1947016668008696,0.3483768804433887,0.8122660768969038,0.3784359684636693,0.2299175234436787,0.8002615898851911,0.7859136387572406,0.7214646464646464,0.6528231451236585,0.1887186405833413,0.1890080428954423
0.2665323182564562,0.2033174973830421,0.348535233570863,0.803249404559374,0.3839761346686554,0.2360185289797763,0.8036913239354745,0.7902580305423907,0.729076479076479,0.6626224918338778,0.1952394719090296,0.1945040214477212
0.2674279743245261,0.2000161043562283,0.3401425178147268,0.8044402858115006,0.3874920093756658,0.2307083945316913,0.8056677808458073,0.7923907319641917,0.7306637806637807,0.665973783565944,0.1964601201374835,0.1962466487935656
0.2598895357516047,0.1912392302117723,0.3390340459224069,0.81337189520245,0.3824845514596207,0.2242684442435882,0.8016276703967447,0.7895208004212744,0.726190476190476,0.6585076146438723,0.190838713822235,0.1925826630920464
0.2536199432751156,0.1855221837507045,0.3409342834520981,0.819921742089146,0.3772640102279991,0.220878996723534,0.7975875599476819,0.7848867825171143,0.7189393939393939,0.6498536461205617,0.185024573576178,0.1854334226988382
0.2593670697118972,0.1901924470569289,0.337925574030087,0.8142225246682546,0.3823780098018325,0.2231386284035702,0.7995349513152158,0.7862559241706161,0.7196608946608947,0.6517201883510797,0.1874337477112845,0.1882484361036639
0.2699656665173906,0.1975199291408326,0.3298495645288994,0.80435522286492,0.3927125506072874,0.2253982600836063,0.8023543089667199,0.7898894154818326,0.7248196248196247,0.6579561362575829,0.1929266647393273,0.1938337801608579
0.2742200328407225,0.1979225380465416,0.3216152019002375,0.8017182715209255,0.3984658001278499,0.222686702067563,0.8040401104490625,0.7908899420747761,0.7255772005772005,0.6578288720145931,0.1933121326009444,0.1956657730116175
0.2651888341543513,0.1864079233432643,0.3181314330958037,0.8128615175229671,0.3932452588962284,0.2134222121794147,0.8006394419415782,0.7865455502896261,0.7183621933621933,0.649599117634582,0.1876907262856959,0.1878909740840036
0.2570532915360501,0.1788388759159352,0.3203483768804434,0.821537938074175,0.3866396761133603,0.2089029488193424,0.7962505449789276,0.7831226961558715,0.7145382395382396,0.6454418190302466,0.1848639619671709,0.1851653261840929
0.2639946260635916,0.189709316370078,0.3271575613618369,0.8118407621640015,0.3893032175580652,0.2189583097955033,0.7968899869205057,0.7844391785150079,0.7151875901875901,0.648750689347983,0.1874016253894831,0.1892314566577301
0.2745932228690849,0.2000966261373702,0.3250989707046715,0.8002722014290575,0.3976134668655444,0.2255112416676082,0.7987792472024415,0.7870194839389153,0.7182539682539683,0.6519322954227295,0.1912884263274549,0.193923145665773
0.2766084490222421,0.2012239310733553,0.323040380047506,0.7985709424974482,0.3997443000213083,0.2255112416676082,0.8011916872547595,0.7884412848867826,0.7184343434343433,0.6491324820769525,0.1907744691786322,0.1934316353887399
0.2682489923869234,0.189709316370078,0.3181314330958037,0.8093739367131677,0.3954826337097805,0.2156818438594508,0.7958145618369423,0.7842548709847288,0.7134920634920635,0.6415814703262207,0.1852815521505894,0.186148346738159
0.2657113001940588,0.1856027055318463,0.3154394299287411,0.813031643416128,0.3945237587896867,0.2118404700033894,0.7923557622438598,0.7804107424960506,0.708080808080808,0.6369575361642558,0.1825511547974687,0.1818141197497765
0.2660844902224212,0.1944601014574442,0.3320665083135392,0.8081830554610412,0.389196675900277,0.2239294994915828,0.7943031536113937,0.7818852027382833,0.7099567099567099,0.6406481992109617,0.1846712280363624,0.184361036639857
0.2771309150619495,0.2072630646589902,0.3338083927157561,0.7950833616876489,0.3965480502876625,0.2335329341317365,0.7970643801772999,0.7848341232227488,0.713997113997114,0.645950876002206,0.1892004754103626,0.1898123324396783
0.277205553067622,0.20814880425155,0.3353919239904988,0.7945729840081661,0.3960153419987214,0.2347757315557563,0.7985757884028485,0.7853080568720379,0.713924963924964,0.6457387689305563,0.1907744691786322,0.1920017873100983
0.2658605762054038,0.194540623238586,0.3326999208234362,0.8081830554610412,0.3887705092691242,0.2242684442435882,0.7944775468681877,0.7814375987361769,0.7079365079365079,0.6401391422390023,0.1865664450226462,0.1884271671134942
0.2602627257799671,0.1859247926564136,0.3274742676167854,0.8160088465464445,0.3865331344555721,0.2163597333634617,0.7904955675047232,0.7781990521327014,0.7034992784992785,0.6363636363636364,0.1848960842889724,0.1866845397676497
0.2715330646365129,0.1965536677671309,0.3246239113222486,0.8039299081320178,0.3955891753675687,0.2227996836515647,0.7916581892166836,0.7802527646129542,0.7050505050505049,0.6365333220209562,0.185634897690405,0.1885612153708668
0.2852664576802508,0.2104034141235204,0.3227236737925574,0.7887887036406942,0.4060302578308118,0.2318382103717093,0.7953495131521582,0.7820695102685624,0.7081168831168831,0.6393755567810631,0.1872088914586746,0.1908847184986595
0.2757874309598447,0.2075851517835575,0.33729216152019,0.7956788023137121,0.3944172171318985,0.23500169472376,0.7959017584653393,0.7823591363875725,0.7076118326118326,0.639460399609723,0.1863415887700363,0.1890974084003574
0.2615315718763994,0.1940574925517352,0.3409342834520981,0.8109901326981968,0.3829107180907735,0.2268670206756298,0.7922976311582619,0.7784623486045287,0.7019480519480519,0.6329275018029101,0.1821656869358517,0.1836014298480786
0.2621286759217793,0.1901924470569289,0.3320665083135392,0.8126913916298061,0.3863200511399957,0.2209919783075358,0.7886644383083854,0.7760400210637177,0.6990259740259741,0.6286005175412549,0.1792746779737239,0.1810098302055406
0.2663084042394387,0.1991303647636686,0.340775930324624,0.8055461041170466,0.3864265927977839,0.2303694497796858,0.7909896817323063,0.7772248551869405,0.6989898989898989,0.629364102999194,0.1814589958562204,0.1857015192135835
0.2763098969995521,0.208954022062968,0.3387173396674585,0.7946580469547465,0.3943106754741103,0.2364704553157835,0.7950007266385699,0.7813586097946288,0.7043650793650793,0.6352606795910576,0.1871125244932704,0.1924932975871313
0.2791461412151067,0.2033174973830421,0.3217735550277118,0.796019054100034,0.4019816748348604,0.2265280759236244,0.7954076442377561,0.7812006319115323,0.7047619047619048,0.6344122513044586,0.1881404387909158,0.1936550491510277
0.2687714584266308,0.1901119252757871,0.3178147268408551,0.808863559033685,0.3959088003409333,0.2159078070274545,0.7924720244150559,0.7783307003686151,0.6997835497835497,0.6289823102702244,0.184028781600334,0.1878016085790884
0.2649649201373339,0.1859247926564136,0.3176563737133808,0.8132868322558694,0.3932452588962284,0.2128573042594057,0.7893329457927626,0.775724065297525,0.6984126984126984,0.625800704195478,0.1819087083614403,0.1851653261840929
0.2719062546648753,0.192124969804332,0.3151227236737925,0.8060564817965294,0.3989985084167909,0.2162467517794599,0.7897398633919488,0.7763823064770932,0.7003246753246752,0.6288974674415646,0.1833542128425042,0.1878909740840036
0.2769816390506046,0.2008213221676463,0.3216152019002375,0.7985709424974482,0.4004900916258257,0.2247203705795955,0.7942740880685947,0.7807266982622433,0.7047619047619048,0.6340728799898189,0.1881404387909158,0.1930294906166219
0.2751156889087923,0.1984056687333923,0.3206650831353919,0.8008676420551208,0.3994246750479437,0.222686702067563,0.7931986629850313,0.780647709320695,0.7038239538239538,0.6325032876596106,0.1871767691368732,0.1924486148346738
0.267875802358561,0.1888235767775183,0.317181314330958,0.8100544402858115,0.3954826337097805,0.2147779911874364,0.7894201424211597,0.776119010005266,0.6982323232323232,0.6267339753107369,0.1825511547974687,0.1880697050938337
0.2624272279444693,0.1844754005958611,0.3201900237529692,0.8154984688669616,0.3905817174515235,0.2127443226754038,0.7874146199680279,0.7733807266982622,0.6948773448773449,0.6227887837780512,0.1800777360187594,0.187444146559428
0.2691446484549932,0.1943795796763024,0.3254156769596199,0.8064817965294319,0.3936714255273812,0.2215568862275448,0.7889260281935765,0.7750394944707741,0.6964285714285714,0.6260976540957877,0.1824226655102631,0.190437890974084
0.2797432452604866,0.2029148884773331,0.3197149643705463,0.7958489282068731,0.4031536330705306,0.2255112416676082,0.7922104345298648,0.778436018957346,0.7013347763347763,0.6307215882577526,0.1862130994828306,0.1928507596067918
0.2722048066875653,0.1963121024237056,0.3228820269200317,0.8036747192922763,0.3966545919454506,0.2220088125635521,0.792413893329458,0.7790679304897314,0.7023088023088022,0.6302125312857931,0.1851209405415823,0.1915996425379803
0.2600388117629497,0.182542877848458,0.3214568487727632,0.8178802313712148,0.3884508842957596,0.2118404700033894,0.7887807004795815,0.7759347024749869,0.6962481962481962,0.6226615195350614,0.1798528797661495,0.1865058087578195
0.2622779519331243,0.1785973105725099,0.3091053048297704,0.8187308608370194,0.3942041338163222,0.2047226302112755,0.7862229327132684,0.7725645076355977,0.6915945165945165,0.6180375853730964,0.17782917349266,0.1844504021447721
0.267129422301836,0.1866494886866897,0.3144893111638955,0.8116706362708405,0.3958022586831451,0.2121794147553948,0.7873564888824299,0.7738546603475513,0.6930014430014431,0.6200313918466042,0.180431081558575,0.1857908847184986
0.2784743991640543,0.2010628875110717,0.3187648456057007,0.797635250085063,0.4025143831238014,0.223816517907581,0.7923557622438598,0.7782253817798841,0.7007215007215007,0.6288126246129047,0.1851851851851852,0.1911974977658623
0.2748917748917748,0.1992108865448103,0.3225653206650831,0.8006124532153794,0.3986788834434264,0.2239294994915828,0.792501089957855,0.7786466561348078,0.7022727272727273,0.6305094811861028,0.1857312646558093,0.1927613941018766
0.2620540379161069,0.1865689669055479,0.3252573238321458,0.8145627764545764,0.3885574259535478,0.2160207886114563,0.7885191105943903,0.7746972090573986,0.6955627705627705,0.6231705765070208,0.1813305065690148,0.1863717605004468
0.2564561874906702,0.1835091392221595,0.3309580364212193,0.8194113644096631,0.3826976347751971,0.2159078070274545,0.7859613428280773,0.7713796735123749,0.6908730158730159,0.6186314851737157,0.1787928431467026,0.1824843610366398
0.2615315718763994,0.1880988807472421,0.3293745051464767,0.8141374617216741,0.3868527594289366,0.2186193650434978,0.787385554425229,0.7735387045813585,0.6943001443001442,0.6227039409493913,0.1828723780154829,0.1881143878462913
0.2725779967159277,0.1956679281745712,0.3205067300079176,0.8038448451854373,0.3977200085233326,0.2206530335555304,0.7919779101874728,0.7776987888362297,0.6993145743145742,0.6283884104696051,0.1870482798496675,0.193923145665773
0.2722794446932378,0.1954263628311458,0.3208234362628662,0.8041000340251787,0.397400383549968,0.2206530335555304,0.7915128615026886,0.7783570300157977,0.7013708513708513,0.6295337886565139,0.1872088914586746,0.1932082216264521
0.2574264815644125,0.1822207907238908,0.3265241488519398,0.8195814903028241,0.384828467930961,0.2134222121794147,0.7878506031100131,0.773117430226435,0.6952380952380952,0.6224069910490816,0.1808486717419935,0.1850759606791778
0.2533213912524257,0.1771479185119574,0.3250989707046715,0.8245151412044914,0.3824845514596207,0.2093548751553497,0.7860194739136753,0.7714849921011059,0.6918831168831169,0.6190556993170153,0.1786001092158941,0.1818588025022341
0.2628750559785042,0.1838312263467268,0.3181314330958037,0.815583531813542,0.3915405923716172,0.2116145068353858,0.7874727510536259,0.7734860452869932,0.6942279942279942,0.6203707631612438,0.1822299315794545,0.185254691689008
0.270786684579788,0.1938159272083098,0.3208234362628662,0.8058012929567882,0.3963349669720861,0.2195232177155123,0.7903793053335271,0.7764349657714587,0.6985930735930735,0.6246977474228992,0.1875622369984902,0.1920017873100983
0.2636214360352291,0.192124969804332,0.332541567695962,0.8107349438584552,0.3872789260600895,0.2225737204835612,0.7905246330475222,0.7765402843601895,0.6974025974025975,0.6243159546939295,0.1870482798496675,0.1928060768543342
0.2551873413942379,0.1834286174410177,0.3334916864608077,0.8201769309288874,0.380992968250586,0.216811659699469,0.7860776049992734,0.7723802001053186,0.6929292929292928,0.6202434989182539,0.1822941762230573,0.1864164432529043
0.2533213912524257,0.178919397697077,0.3285827395091052,0.8236645117386867,0.3812060515661624,0.2118404700033894,0.7841302136317396,0.770115850447604,0.6906926406926407,0.6164255716285582,0.1788892101121069,0.1813226094727435
0.25824749962681,0.1839117481278686,0.3279493269992082,0.8182204831575366,0.3850415512465374,0.2151169359394418,0.7861648016276704,0.7714323328067404,0.6915945165945165,0.6168922071861876,0.1801419806623622,0.1836014298480786
0.2616808478877444,0.1928496658346083,0.3382422802850356,0.8115005103776796,0.3839761346686554,0.2250593153316009,0.7883737828803953,0.7745392311743022,0.6961760461760461,0.623000890849701,0.1838681699913269,0.1893208221626452
0.2598895357516047,0.1914807955551976,0.3391923990498812,0.8132017693092889,0.3823780098018325,0.2244944074115918,0.7891004214503706,0.7754870984728804,0.6967532467532468,0.6216009841768125,0.1833863351643056,0.1897676496872207
0.2521271831616659,0.1776310491988082,0.3287410926365796,0.8249404559373937,0.3803537183038568,0.2110495989153767,0.7863682604272635,0.7725645076355977,0.6918109668109668,0.61477113646969,0.1795959011917381,0.186148346738159
0.2483952828780415,0.1706256542394718,0.3227236737925574,0.8308097992514462,0.3797144683571276,0.2039317591232629,0.7830257230053771,0.7693786203264876,0.6875541125541125,0.6113774233232937,0.1774115833092416,0.1836461126005361
0.2546648753545305,0.1756180046702632,0.3193982581155977,0.8246002041510718,0.3853611762199019,0.206191390803299,0.7868333091120476,0.7728541337546077,0.6925685425685425,0.6196071777033046,0.1821014422922489,0.1884271671134942
0.2612330198537095,0.1856832273129881,0.3250989707046715,0.815583531813542,0.3880247176646068,0.2153428991074455,0.7894782735067577,0.7760663507109005,0.6972943722943722,0.6253340686378485,0.186630689666249,0.1923145665773011
0.2595909837289147,0.1842338352524358,0.3257323832145685,0.8172847907451515,0.3866396761133603,0.2145520280194328,0.7890422903647726,0.7748815165876777,0.6959595959595959,0.6235947906503203,0.1854742860813979,0.1917783735478105
0.2496641289744738,0.1779531363233755,0.3344418052256532,0.8262164001361008,0.3767313019390582,0.2131962490114111,0.7834326406045633,0.7712216956292786,0.6908730158730159,0.6185042209307259,0.1817480967524332,0.1854781054512958
0.2461561427078668,0.1776310491988082,0.3412509897070467,0.8284280367471929,0.3719369273385894,0.2154558806914472,0.7818631012934166,0.768852027382833,0.6883477633477634,0.6139651295974209,0.1794031672609296,0.1818141197497765
0.251380803104941,0.1850390530638537,0.3447347585114806,0.821537938074175,0.3743873854677178,0.2218958309795503,0.7842464758029356,0.7709583991574512,0.6913419913419914,0.6171043142578374,0.1811056503164048,0.1857462019660411
0.2635467980295566,0.1909976648683469,0.3306413301662707,0.8114154474310992,0.3878116343490305,0.2211049598915377,0.7886353727655864,0.7749605055292259,0.6963924963924965,0.6224918338777415,0.1858918762648164,0.1924039320822162
0.2607851918196746,0.1876962718415331,0.3300079176563737,0.8147329023477373,0.3861069678244193,0.218506383459496,0.7908443540183112,0.7759873617693522,0.6980158730158731,0.6241462690366097,0.1882689280781214,0.1955764075067024
0.2472010747872816,0.1785167887913681,0.340775930324624,0.8273222184416469,0.3727892606008949,0.2159078070274545,0.7890713559075716,0.7732754081095313,0.69505772005772,0.6200738132609342,0.184028781600334,0.1916890080428954
0.2450365726227795,0.1842338352524358,0.3567695961995249,0.825535896563457,0.3658640528446622,0.22562422325161,0.7893620113355617,0.7724065297525013,0.6934704184704185,0.6200738132609342,0.1814589958562204,0.1870866845397676
0.2528735632183908,0.2033980191641838,0.3776722090261283,0.8109050697516162,0.3644790112934157,0.2465258162919443,0.7944484813253888,0.7753817798841496,0.6986291486291486,0.6272006108683664,0.1843178824965468,0.1889633601429848
0.2660098522167488,0.220549158547387,0.3835312747426763,0.7944028581150052,0.3718303856808012,0.2606485142921703,0.799970934457201,0.7812532912058978,0.7065295815295816,0.635006151105078,0.1896180655937811,0.195308310991957
0.2655620241827138,0.2232868991062082,0.3898653998416468,0.7932119768628786,0.3693799275516727,0.2648288329002373,0.802412440052318,0.7836229594523434,0.7095959595959596,0.6381453357654945,0.1915775272236677,0.197899910634495
0.2577250335871025,0.2182140268942748,0.3965162311955661,0.8003572643756381,0.3616023865331344,0.2636990170602191,0.7995640168580148,0.7799631384939442,0.7038600288600289,0.6315275951300217,0.1867591789534547,0.1924486148346738
0.2566054635020152,0.2186166357999839,0.3996832937450515,0.8007825791085404,0.3596846366929469,0.2650547960682408,0.7991570992588287,0.7769088994207477,0.6997113997113997,0.6261824969244475,0.1832578458771,0.1886505808757819
0.2688460964323033,0.2283597713181415,0.3930324623911322,0.7886185777475332,0.370658427445131,0.2695740594283131,0.8011626217119605,0.7798051606108477,0.7044011544011545,0.6320790735163111,0.1886543959397385,0.1949955317247542
0.2813106433796088,0.2422900394556728,0.3938242280285037,0.7742429397754338,0.3792883017259748,0.2795164388204723,0.8035169306786805,0.783938915218536,0.7125901875901876,0.6418784202265304,0.1957855513796537,0.2041554959785523
0.2851918196745783,0.2552540462195024,0.4112430720506731,0.7651412044913236,0.3761985936501171,0.2948819342447181,0.799941868914402,0.7837546076882569,0.7151875901875901,0.6465871972171553,0.1998329639266326,0.2088918677390527
0.2801164352888491,0.2591190917143087,0.4294536817102138,0.7659918339571282,0.3663967611336032,0.3040334425488645,0.787385554425229,0.7764612954186414,0.7091630591630592,0.6428541127561194,0.1975844014005332,0.2067024128686327
0.2778026571130019,0.269425879700459,0.4546318289786224,0.7619088125212657,0.3562753036437247,0.3203027906451248,0.7738119459380903,0.768957345971564,0.7026695526695526,0.638569549908794,0.1964922424592849,0.2063002680965147
0.293700552321242,0.2915693695144536,0.4644497228820269,0.7410683906090508,0.3643724696356275,0.3392836967574285,0.7691614590902485,0.7673512374934176,0.7022366522366522,0.6399270351673525,0.2008287559024766,0.2126899016979446
0.2995969547693686,0.2984942426926484,0.4657165479018211,0.7340932289894522,0.3682079693160025,0.3445938312055135,0.7690742624618514,0.7682991047919957,0.7032106782106782,0.6410724133542612,0.2037197648646044,0.2169347631814119
0.2924317062248096,0.2738545776632579,0.4321456848772764,0.7511908812521266,0.3742808438099296,0.3154445825330471,0.7627670396744659,0.7637704054765666,0.6944444444444444,0.6297458957281636,0.1974880344351289,0.210455764075067
0.277205553067622,0.2523552620983976,0.422486144101346,0.7712657366451174,0.3667163861069678,0.2968026211727488,0.7548030809475367,0.7566877303844128,0.6830086580086581,0.6180375853730964,0.1899714111335967,0.2017426273458445
0.2766084490222421,0.2535630888155246,0.42596991290578,0.7709254848587955,0.3651182612401449,0.2989492712687831,0.7491353001017294,0.7525803054239073,0.678138528138528,0.612862172824842,0.1878192155729016,0.2002680965147453
0.2912374981340498,0.2754650132860939,0.4381631037212986,0.7510207553589657,0.3715107607074365,0.3187210484690995,0.7492515622729254,0.75347551342812,0.6805555555555555,0.6142620794977305,0.1921557290160932,0.2077747989276139
0.309299895506792,0.2877043240196473,0.4239113222486145,0.7342633548826133,0.389196675900277,0.3221104959891537,0.7536695247783752,0.7589520800421274,0.6887085137085137,0.6241038476222798,0.1997687192830297,0.2183646112600536
0.3191521122555605,0.2782832756260568,0.3843230403800476,0.7335828513099694,0.4095461325378223,0.3014348661168229,0.7570411277430606,0.763533438651922,0.6937590187590188,0.6305519026004327,0.2038803764736115,0.2228328865058087
0.3143752798925212,0.2540462195023754,0.3467933491686461,0.7491493705341953,0.418708715107607,0.2710428200203366,0.755704112774306,0.7610847814639284,0.6880952380952381,0.622958469435371,0.2003469210754553,0.2198391420911528
0.3228093745335124,0.2397133424591351,0.3007125890736342,0.7518713848247703,0.4402301299808225,0.2446051293639136,0.7560238337450952,0.7603475513428121,0.6865800865800865,0.6198192847749544,0.1987729273071857,0.2193476318141197
0.3331840573219883,0.2395522988968516,0.2783847980997624,0.7460871044572985,0.4551459620711698,0.2364704553157835,0.7631448917308531,0.7676408636124276,0.6952741702741702,0.6286005175412549,0.2048119238058527,0.2261394101876675
0.3271383788625168,0.2400354295837024,0.2921615201900238,0.7492344334807758,0.4461964628169614,0.2417805897638685,0.7719808167417526,0.774565560821485,0.7034992784992785,0.6373817503075554,0.2112042658443352,0.2319928507596068
0.319376026272578,0.2240921169176262,0.2772763262074426,0.7621640013610071,0.4456637545280204,0.2252852784996045,0.7736084871384973,0.7751974723538705,0.7035714285714285,0.6360242650489968,0.2092126818926472,0.2272564789991063
0.3043737871324078,0.1992914083259521,0.260332541567696,0.7837699897924465,0.4406562966119752,0.2017851090272285,0.7713995058857724,0.7720642443391258,0.6969696969696969,0.6259279684384678,0.1990620282033985,0.2125111706881143
0.2856396477086132,0.1870520975923988,0.2760095011876485,0.8009527050017013,0.4220115064990411,0.1987346062591797,0.7732306350821101,0.7708004212743549,0.6926767676767676,0.6203707631612438,0.1909672031094407,0.199597855227882
0.2705627705627705,0.1832675738787342,0.3005542359461599,0.8115005103776796,0.4030470914127423,0.2049485933792792,0.777735794215957,0.7707214323328068,0.6924603174603174,0.6184617995163959,0.1886222736179371,0.1948614834673816
0.2630989699955217,0.1808519204444802,0.3116389548693587,0.81702960190541,0.3939910505007458,0.2072082250593153,0.7828513297485831,0.7737756714060031,0.6954184704184704,0.6207949773045434,0.1887828852269442,0.1940571939231456
0.2542916853261681,0.1738465254851437,0.3167062549485352,0.8257910854031983,0.385893884508843,0.2040447407072647,0.7838104926609504,0.7743022643496578,0.6942640692640693,0.6176557926441268,0.1838681699913269,0.1897229669347631
0.2439916405433647,0.1607214751590305,0.3125890736342043,0.8385505273902689,0.3800340933304922,0.1933114902270929,0.7793343990699025,0.7694576092680359,0.6874458874458874,0.6087897170491665,0.175612733288362,0.1799374441465594
0.2392894461859978,0.154118689105403,0.3095803642121932,0.8447601224906431,0.3776901768591519,0.1876624110270026,0.7798285132974858,0.7681147972617166,0.6853896103896104,0.6076867602765876,0.1738138832674825,0.1755585344057194
0.2430213464696223,0.1590305177550527,0.3113222486144101,0.8399965974821368,0.3797144683571276,0.1917297480510677,0.7834907716901612,0.7703001579778831,0.6897907647907647,0.6136257582827812,0.177443705631043,0.1801161751563896
0.2522018211673384,0.1660359127143892,0.3056215360253365,0.8310649880911877,0.388131259322395,0.1946672692351147,0.7862229327132684,0.7740126382306477,0.6947330447330448,0.6216009841768125,0.1833863351643056,0.1869973190348525
0.2590685176892073,0.16651904340124,0.2920031670625495,0.8268969037087446,0.3977200085233326,0.1900350242910405,0.7859904083708763,0.776013691416535,0.6960678210678211,0.6216434055911424,0.1861167325174263,0.1903038427167113
0.2458575906851769,0.1554875593848136,0.2984956452889944,0.8402517863218782,0.3861069678244193,0.1847248898429556,0.7820665600930097,0.7729857819905213,0.6911255411255411,0.6144741865693802,0.1824869101538659,0.1867292225201072
0.2418271383788625,0.1560512118528061,0.3079968329374505,0.8422082340932291,0.3800340933304922,0.1884532821150152,0.7811945938090393,0.770221169036335,0.6878427128427128,0.6115895303949435,0.1789213324339083,0.1823503127792671
0.2521271831616659,0.1688541750543522,0.3113222486144101,0.8296189179993195,0.3862135094822075,0.1986216246751779,0.7834617061473623,0.7736703528172723,0.6924963924963925,0.6173164213294872,0.1815874851434261,0.1862823949955317
0.2574264815644125,0.1697399146469119,0.301821060965954,0.8261313371895204,0.3931387172384402,0.1959100666591345,0.7859904083708763,0.7770932069510268,0.6967893217893217,0.6206252916472236,0.1854421637595965,0.1919571045576407
0.2491416629347663,0.1608019969401723,0.3016627078384798,0.8355733242599525,0.3873854677178777,0.1894701163710315,0.7855834907716902,0.7764612954186414,0.6970779220779221,0.6206252916472236,0.1855385307250008,0.1919571045576407
0.2407075682937751,0.150897817859731,0.3002375296912114,0.8456107519564479,0.3818453015128915,0.182126313410914,0.7786368260427263,0.7711953659820958,0.6932178932178932,0.6196920205319646,0.1829045003372843,0.186148346738159
0.248022092849679,0.155729124728239,0.294061757719715,0.8388907791765907,0.3890901342424888,0.1832561292509321,0.7730853073681151,0.7718009478672986,0.7011904761904761,0.6309761167437323,0.1851530628633837,0.1858355674709562
0.2685475444096133,0.1679684354617924,0.2747426761678543,0.8206873086083702,0.4102919241423396,0.1849508530109592,0.775381485249237,0.7835439705107952,0.7287518037518037,0.6613922708183091,0.1950146156564196,0.1935656836461126
0.2925063442304821,0.1781947016668008,0.2438638163103721,0.8017182715209255,0.4376731301939057,0.1811094791548977,0.7685801482342682,0.788678251711427,0.7513347763347764,0.703643999490943,0.2116539783495551,0.2068811438784629
0.3088520674727571,0.1993719301070939,0.2509897070467142,0.7812181013950324,0.447048796079267,0.1985086430911761,0.7409969481180061,0.7611637704054766,0.7454184704184704,0.7537436898146185,0.2440654010471876,0.2325737265415549
0.3236303925959098,0.2430147354859489,0.3056215360253365,0.7496597482136782,0.4391647134029405,0.248559484803977,0.6900741171341375,0.6873617693522907,0.6909451659451659,0.7905654774530184,0.2866595997558703,0.2670241286863271
0.3575160471712196,0.327482083903696,0.3996832937450515,0.6857774753317455,0.4317067973577669,0.3414303468534629,0.6143002470571137,0.5834123222748815,0.6103174603174603,0.8373987188732874,0.356718383604767,0.3250670241286863
0.432004776832363,0.4520492793300588,0.4866191607284245,0.5774923443348078,0.4555721287023226,0.4598350468873572,0.520970789129487,0.486940494997367,0.540945165945166,0.9122725151656558,0.4635893482380906,0.4198391420911528
0.5067174205105239,0.5770996054432724,0.5741884402216945,0.4689520244981286,0.4794374600468782,0.5788046548412608,0.429734050283389,0.395839915745129,0.4505411255411255,0.94506426844271,0.5727088753975138,0.5252904378909741
0.5919540229885057,0.7060954988324342,0.6468725257323833,0.3521605988431439,0.515874707010441,0.6952886679471246,0.3111757012062199,0.2856240126382307,0.3288239538239538,0.9493912527043652,0.6965083036201857,0.6473637176050044
0.6912972085385878,0.8237378210806023,0.6674584323040381,0.2334127254168084,0.5797997016833581,0.7851090272285616,0.1895364045923557,0.182885729331227,0.2154761904761905,0.957875535570356,0.8375895409720214,0.7822609472743521
0.7953425884460368,0.8951606409533778,0.5873317498020587,0.1364409663150731,0.6811208182399319,0.8065755281889051,0.1153611393692776,0.139942074776198,0.1577922077922077,0.9494336741186952,0.9411519064597988,0.8915549597855229
0.8720704582773549,0.8909735083340042,0.4161520190023753,0.094930248383804,0.7934157255486896,0.742627951643882,0.1179770382211886,0.170300157977883,0.1625180375180374,0.8886437873838715,0.9598792200700268,0.9398123324396782
0.8602030153754292,0.827522344794267,0.3163895486935867,0.1352500850629465,0.8184530151289153,0.6625240085866003,0.1688417381194593,0.2098736176935229,0.1284271284271284,0.680821278581428,0.861199447496065,0.9052278820375336
0.8007911628601284,0.7395925597874224,0.2696753760886777,0.2154644436883294,0.7918176006818666,0.5842277708733475,0.2304316233105652,0.2475250131648236,0.0807359307359307,0.4212446442964409,0.7100639234203848,0.8287310098302055
0.7366771159874608,0.6414365085755698,0.2125098970704671,0.3039299081320177,0.765288727892606,0.4949723195119195,0.3021363173957273,0.3024749868351764,0.078066378066378,0.224791074534425,0.5751180495326202,0.7458445040214476
0.6890580683684132,0.5856349142443031,0.2039588281868566,0.36049676760803,0.7341785638184529,0.4527172070952434,0.3722714721697427,0.3669299631384939,0.1216810966810967,0.133924405039664,0.4693071215187434,0.6722073279714031
0.6209135691894313,0.5694500362348015,0.3167062549485352,0.4078768288533516,0.6476667376944385,0.4815275110157044,0.4476965557331783,0.4345444971037387,0.2034992784992784,0.1614983243541339,0.3936911759982011,0.6031724754244862
0.5287356321839081,0.5385296722763508,0.4514647664291371,0.4766927526369513,0.5365437886213509,0.5079652016721273,0.5247783752361576,0.5025013164823591,0.2985209235209235,0.2399355194502185,0.3374771128457164,0.529088471849866
0.4195402298850574,0.4642885900636121,0.5371338083927159,0.5781728479074516,0.4296825058597912,0.486385719127782,0.6044179625054498,0.5772511848341232,0.4059523809523809,0.3393288932253001,0.2821303523818701,0.4359249329758713
0.3201224063293029,0.3753120219019245,0.5730799683293746,0.6818645797890438,0.3466865544427871,0.4367868037509886,0.6757738700770237,0.6517904160084255,0.5143939393939394,0.4423705086327578,0.2366130223892583,0.3407953529937444
0.2636960740409016,0.2885095418310653,0.5220902612826605,0.7598673018033345,0.3235670147027487,0.3576996949497232,0.7313762534515332,0.7122696155871511,0.601082251082251,0.5216561320154415,0.1985159487327744,0.2619302949061662
0.2450365726227795,0.2323053385940897,0.4511480601741884,0.8001871384824771,0.33411463882378,0.2929612473166873,0.7731725039965122,0.7570036861506055,0.6628066378066377,0.5748525855852035,0.1733320484404612,0.2085790884718498
0.2339155097775787,0.1952653192688622,0.4020585906571656,0.8260462742429399,0.3426379714468357,0.2494633374759913,0.7994186891440197,0.7839915745129016,0.7004329004329004,0.6079837101768973,0.1653657126337091,0.1871760500446827
0.222495894909688,0.1664385216200982,0.3694378463974664,0.8478223885675401,0.345514596207117,0.2176025307874816,0.8110158407208254,0.7968931016324381,0.7182178932178932,0.6233402621643406,0.1603867527544891,0.1759606791778373
0.2080161218092252,0.1431677268701184,0.3543942992874109,0.8683225586934332,0.3401875133177072,0.1960230482431363,0.8154338032262752,0.8030279094260137,0.725937950937951,0.6292792601705341,0.1533840866017795,0.1625558534405719
0.2113748320644872,0.1436508575569691,0.3480601741884403,0.8661959850289214,0.3447688046025996,0.1939893797311039,0.8203458799593083,0.8087677725118483,0.7354256854256854,0.636745429092606,0.1507821785358646,0.1562109025915996
0.2198835647111509,0.1487237297689024,0.3401425178147268,0.8586253827832597,0.3535052205412315,0.1947802508191164,0.8290655427990118,0.8180621379673513,0.7474747474747474,0.6480295253043737,0.1535446982107866,0.1566130473637176
0.2225705329153605,0.1500926000483131,0.3371338083927158,0.856328683225587,0.3563818453015128,0.1946672692351147,0.8361866007847697,0.8243812532912058,0.7560966810966812,0.6561744368557249,0.1564357071729144,0.1596067917783735
0.222346618898343,0.1430872050889765,0.3238321456848773,0.8602415787682887,0.3607500532708289,0.185063834594961,0.8363609940415637,0.8259610321221696,0.7599567099567099,0.6588894073728419,0.1562108509203045,0.1586237712243074
0.2098820719510374,0.1302842418874305,0.3250989707046715,0.8741068390609051,0.3514809290432559,0.1764772342108236,0.8343264060456329,0.8251448130595049,0.7595959595959596,0.6577016077716031,0.1526131508785455,0.153083109919571
0.2071204657411553,0.1241645865206538,0.318923198733175,0.8788703640694115,0.3514809290432559,0.1699243023387187,0.8360703386135736,0.8261716692996313,0.7613997113997113,0.6603741568743903,0.1498185088818219,0.1490169794459338
0.219137184654426,0.1404299863112972,0.3254156769596199,0.8633889077917659,0.3579799701683358,0.1837080555869392,0.8405464322046213,0.8320168509741969,0.7698051948051948,0.6703431892419294,0.153801676785198,0.1533065236818588
0.2248843110912076,0.1528303406071342,0.3376088677751386,0.853606668935012,0.3578734285105476,0.196813919331149,0.8448190669960761,0.8363085834649816,0.7763708513708513,0.6767064013914226,0.1567569303909286,0.1563002680965147
0.2225705329153605,0.1470327723649247,0.3311163895486936,0.8579448792106159,0.3585126784572768,0.1903739690430459,0.8440052317977038,0.8352290679304898,0.7769119769119769,0.6754337589615238,0.1540265330378079,0.152680965147453
0.2100313479623824,0.1338272002576697,0.3317498020585906,0.8721503912895543,0.349350095887492,0.1813354423229014,0.8414183984885918,0.8315955766192733,0.7718253968253969,0.6677130615534723,0.1488869615495808,0.1462019660411081
0.2086132258546051,0.1318946775102665,0.330799683293745,0.8739367131677442,0.3486043042829746,0.1796407185628742,0.8407208254614155,0.8319378620326487,0.772150072150072,0.6686887540830612,0.1477626802865311,0.1445040214477211
0.2201074787281684,0.1417988565907078,0.326049089469517,0.8621980265396393,0.3584061367994886,0.1849508530109592,0.8448771980816742,0.8365982095839914,0.7796897546897547,0.6783184151359608,0.1526452732003469,0.1499106344950849
0.2274220032840722,0.1473548594894919,0.3214568487727632,0.85505273902688,0.3652248028979331,0.1870975031069935,0.8499055369859032,0.8417324907846234,0.7858946608946608,0.6845119416281339,0.1563393402075102,0.1545576407506702
0.2209284967905657,0.1441339882438199,0.3288994457640538,0.8604117046614495,0.3579799701683358,0.1875494294430007,0.8492660950443249,0.8417061611374407,0.7856782106782106,0.683536249098545,0.1535446982107866,0.1515638963360143
0.2101059859680549,0.1346324180690876,0.3331749802058591,0.8716400136100715,0.3489239292563392,0.1823522765789176,0.8459235576224385,0.8390205371248025,0.783080808080808,0.6796334789801893,0.1462529311618643,0.1436103663985701
0.2077922077922077,0.1350350269747966,0.3388756927949327,0.8727458319156176,0.3453015128915406,0.1847248898429556,0.8460107542508356,0.8382569773565034,0.7836580086580086,0.6784881007932805,0.1439080016703607,0.1402591599642538
0.2160023884161815,0.1428456397455512,0.336658749010293,0.8638992854712488,0.3519070956744087,0.1894701163710315,0.8514460107542507,0.8429963138493943,0.7907287157287157,0.6845967844567938,0.1476663133211268,0.1438337801608579
0.216226302433199,0.1423625090587003,0.3353919239904988,0.8640694113644097,0.3525463456211378,0.1886792452830189,0.856910332800465,0.8486835176408636,0.7980158730158731,0.6928265388368049,0.1513282580064887,0.1482573726541555
0.212718316166592,0.1396247684998792,0.3374505146476643,0.8674719292276285,0.349350095887492,0.1874364478589989,0.8555151867461125,0.8492101105845181,0.7994588744588744,0.6949051881389726,0.1496257749510134,0.1465594280607685
0.2019704433497537,0.1316531121668411,0.3445764053840063,0.8778496087104457,0.3392286383976134,0.1843859450909502,0.854236302862956,0.8477619799894681,0.7985930735930735,0.6924023246935054,0.1445504481063891,0.139633601429848
0.1974175250037319,0.1284322409211692,0.347901821060966,0.8821027560394693,0.3348604304282974,0.1833691108349339,0.8540909751489609,0.8477356503422854,0.8002886002886002,0.6936325457090741,0.1416915614660627,0.1344504021447721
0.2087625018659501,0.1430872050889765,0.352652414885194,0.8678972439605309,0.3413594715533773,0.1953451587391255,0.8601947391367534,0.8541074249605056,0.8088023088023087,0.7029652568616638,0.1449359159680061,0.137444146559428
0.2126436781609195,0.1487237297689024,0.3555027711797308,0.8627934671657026,0.3431706797357767,0.2002033668512032,0.8654846679261735,0.8607161664033701,0.8186147186147186,0.7115343825563145,0.1485014936879637,0.1419571045576407
0.2037617554858934,0.1371285932844834,0.3515439429928741,0.8739367131677442,0.3381632218197314,0.1907129137950514,0.8666472896381341,0.8615850447604003,0.8203463203463203,0.7095829974971366,0.1447110597153962,0.1385612153708668
0.1950291088222122,0.1259360657057734,0.3480601741884403,0.8848247703300443,0.3330492222458981,0.1816743870749067,0.8641767185002179,0.8599789362822537,0.8192640692640693,0.7063165485937302,0.1390254087565449,0.1326184092940125
0.1973428869980594,0.1325388517594009,0.3561361836896279,0.8799761823749576,0.3319838056680161,0.1891311716190261,0.8666472896381341,0.8633491311216429,0.824025974025974,0.7115768039706445,0.1385435739295236,0.1314119749776586
0.2065233616957754,0.1461470327723649,0.3634204275534442,0.867556992174209,0.3361389303217558,0.2013331826912213,0.8724313326551373,0.8708004212743549,0.8336940836940836,0.7205277223942648,0.1397642221579775,0.1329311885612153
0.2065233616957754,0.1562122554150898,0.3832145684877277,0.8622830894862199,0.3294268058810995,0.2154558806914472,0.8781863101293417,0.8770668773038441,0.8428932178932178,0.7280363127306666,0.1402781793068002,0.134361036639857
0.1992088371398716,0.1544407762299702,0.395249406175772,0.867386866281048,0.3201576816535265,0.218506383459496,0.8793779973841012,0.8798841495523959,0.8476551226551227,0.7285029482882961,0.1353955863929845,0.129579982126899
0.1876399462606359,0.1395442467187374,0.3906571654790183,0.8818475671997278,0.3135520988706584,0.2064173539713027,0.8793489318413021,0.8805950500263298,0.8492784992784993,0.7271030416154075,0.1294529568597218,0.1211796246648793
0.1915211225556053,0.1404299863112972,0.384006334125099,0.8792106158557332,0.3184530151289154,0.2046096486272737,0.8820229617788112,0.8848077935755659,0.8559163059163059,0.7305815975904638,0.1282001863094664,0.1188114387846291
0.1954769368562471,0.1499315564860294,0.3942992874109264,0.871895202449813,0.3179203068399744,0.21500395435544,0.8894928062781572,0.8933122696155872,0.8666666666666666,0.741314215415942,0.1310911952715942,0.1222966934763181
0.2003284072249589,0.1548433851356792,0.3935075217735551,0.8665362368152434,0.321542723204773,0.2181674387074907,0.8958872256939399,0.90115850447604,0.8774170274170273,0.7507317693971917,0.1321191095692396,0.1241286863270777
0.1884609643230332,0.1498510347048876,0.4090261282660333,0.8758931609390951,0.3079053910078841,0.2202011072195232,0.8990844354018311,0.9051606108478146,0.8852453102453102,0.7548890680015272,0.127172272011821,0.1185880250223413
0.1786833855799373,0.1401884209678718,0.4107680126682502,0.8866110922082342,0.3003409333049222,0.2139871200994237,0.8996948118006104,0.9073986308583464,0.8876984126984127,0.7525983116277097,0.119366547814076,0.1090705987488829
0.1818928198238543,0.1462275545535067,0.4158353127474268,0.8815923783599865,0.3008736415938632,0.2200881256355213,0.90353146345008,0.9122432859399684,0.895995670995671,0.7572646672040046,0.1156082361633098,0.1045576407506702
0.1882370503060158,0.1598357355664707,0.4291369754552652,0.8707893841442668,0.3009801832516514,0.2343238052197492,0.9126289783461704,0.921669299631385,0.9097041847041848,0.7700335129173207,0.116764639748161,0.1063449508489723
0.186744290192566,0.1649891295595458,0.4422802850356295,0.8689179993194965,0.2955465587044534,0.242684442435883,0.9206801337014968,0.9314902580305424,0.9226911976911976,0.7809358164001188,0.116154315633934,0.1066130473637176
0.1733094491715181,0.1561317336339479,0.4536817102137768,0.8812521265736646,0.2821223098231408,0.2404248107558468,0.9253306205493388,0.9365718799368088,0.9295815295815296,0.7819963517583677,0.1092158941248273,0.1002234137622877
0.1589043140767278,0.152910862388276,0.4775930324623912,0.8912044913235795,0.263690603025783,0.246751779459948,0.92588286586252,0.9384676145339652,0.9332251082251082,0.7811479234717686,0.1010889467090681,0.0901251117068811
0.1561427078668458,0.1576616474756421,0.4929532858273951,0.8902687989111944,0.256552311953974,0.255564343012089,0.930678680424357,0.9436282253817798,0.9406204906204906,0.7860688075340432,0.0963027207606565,0.0847631814119749
0.1626362143603522,0.1719945245188823,0.5073634204275536,0.8789554270159919,0.2564457702961857,0.2707038752683313,0.940648161604418,0.9542127435492364,0.9544011544011544,0.7969286896025115,0.0960778645080466,0.0866398570151921
0.1636065084340946,0.1815766164747564,0.524148851939826,0.8733412725416809,0.2514383123801406,0.2834707942605355,0.9471007121057984,0.962006319115324,0.9663059163059162,0.8032070589233445,0.0930904885805146,0.0843163538873994
0.148081803254217,0.1693373057412029,0.5328582739509106,0.8886526029261654,0.237481355209887,0.277934696644447,0.9495712832437144,0.9633228014744604,0.9678932178932178,0.7987103890043694,0.0830040795348687,0.0736818588025022
0.1294969398417674,0.1604799098156051,0.5550277117973081,0.9038788703640694,0.2167057319411889,0.2797424019884758,0.9493968899869204,0.9620326487625066,0.9678932178932178,0.7939591905994147,0.071472166008159,0.0620643431635388
0.1262128675921779,0.1671632176503744,0.57513855898654,0.9022626743790406,0.2076496910291924,0.2914924867246638,0.9526231652376108,0.9657977883096366,0.9728715728715728,0.7948924617146735,0.0665253284507404,0.0571045576407506
0.1324078220629944,0.1790804412593606,0.5852731591448932,0.8924804355222865,0.2086085659492861,0.3034685346288555,0.9575643075134428,0.9723012111637704,0.980050505050505,0.8016798880074661,0.0703478847451093,0.0614834673815907
0.1344230482161516,0.1814960946936146,0.5859065716547902,0.890013610071453,0.2098870658427445,0.3053892215568862,0.960238337450952,0.974460242232754,0.9834054834054832,0.804691808424893,0.0718897561915775,0.0645218945487042
0.118898343036274,0.1697399146469119,0.5957244655581949,0.905069751616196,0.1953974003835499,0.3006439950288103,0.9597442232233688,0.9725118483412322,0.9807359307359308,0.7980740677894202,0.064276765924641,0.0575067024128686
0.1084490222421256,0.1626539979064337,0.6039588281868569,0.9147669275263696,0.1852759428936714,0.2986103265167777,0.9572155209998546,0.9691943127962084,0.9754329004329004,0.7901836847240488,0.0550897818894349,0.0479445933869526
0.1071801761456933,0.165713825589822,0.6126682501979415,0.9138312351139845,0.1814404432132964,0.3039204609648627,0.9569829966574626,0.9692996313849396,0.9770562770562772,0.7901412633097189,0.0508817577334489,0.0439678284182305
0.1115838184803702,0.1827844431918834,0.6370546318289788,0.902347737325621,0.176326443639463,0.3245960908371935,0.9614009591629122,0.9733280674038968,0.9838023088023088,0.7969711110168414,0.0510102470206546,0.0466934763181412
0.1122555605314225,0.192124969804332,0.653840063341251,0.8969887716910515,0.1712124440656296,0.3371370466613942,0.9625054497892748,0.974275934702475,0.9854256854256852,0.7987103890043694,0.0501750666538177,0.0470509383378016
0.1081504702194357,0.1895482728077945,0.6574821852731593,0.900731541340592,0.1669507777541018,0.3366851203253869,0.9598604853945648,0.9703264876250658,0.9804834054834056,0.7923471768548764,0.046448877324853,0.0434763181411975
0.1027765338110165,0.1864079233432643,0.6627078384798101,0.9054950663490984,0.1614106115491156,0.3362331939893797,0.9532626071791892,0.9630858346498156,0.9722222222222222,0.7819539303440377,0.0406668594005974,0.0384718498659517
0.1015076877145842,0.1934133183026008,0.6791765637371339,0.902517863218782,0.1549115704240358,0.3470794260535532,0.950239790728092,0.9595839915745128,0.969011544011544,0.7801722309421796,0.0407632263660017,0.0402144772117962
0.1115091804746977,0.207343586440132,0.6853523357086303,0.8894181694453897,0.1600255699978691,0.3590554739577448,0.9492806278157244,0.9577935755660876,0.9683621933621932,0.7839053154032156,0.0473483023352927,0.0489276139410187
0.122107777280191,0.2141074160560431,0.6761678543151228,0.8798060564817966,0.1706797357766886,0.3605242345497683,0.9449498619386716,0.9533701948393892,0.9652958152958152,0.7845840580324948,0.0540297452699881,0.0575513851653261
0.1150918047469771,0.2027538449150495,0.6687252573238323,0.8897584212317116,0.1682292776475602,0.3499039656535984,0.9366661822409532,0.9429963138493944,0.9515151515151514,0.7765664107241336,0.0556679836818605,0.0602323503127792
0.1102403343782654,0.194943232144295,0.6636579572446557,0.8966485199047296,0.1664180694651608,0.3426731442774827,0.9250399651213488,0.9303317535545024,0.9361832611832612,0.7670640139142241,0.057081365841123,0.0603217158176943
0.1206150171667413,0.2008213221676463,0.653206650831354,0.8877169105137803,0.1773918602173449,0.3430120890294882,0.9143147798285132,0.9189836756187466,0.9214285714285716,0.7599796377211218,0.0637628087758183,0.0672475424486148
0.1388266905508284,0.2157983734600209,0.6440221694378465,0.8694283769989793,0.1934796505433624,0.3502429104056039,0.9078912948699316,0.9106635071090048,0.9116522366522368,0.7603614304500913,0.0778323857248401,0.0827524575513851
0.1520376175548589,0.2250583782913278,0.6342042755344418,0.8569241238516503,0.2061581078201577,0.3532934131736527,0.9004505159133847,0.9014218009478674,0.9,0.7599372163067918,0.0919662073174649,0.0990616621983914
0.1545753097477235,0.2200660278605363,0.6190023752969122,0.8581150051037768,0.2130833155763903,0.3443678680375099,0.8870222351402411,0.8862559241706162,0.8797979797979798,0.7495015483816231,0.1006071118820468,0.1080428954423592
0.154649947753396,0.2112891537160801,0.6015835312747427,0.8627934671657026,0.2189431067547411,0.331939893797311,0.8715303008283679,0.8675882043180622,0.8538961038961038,0.7333389895219108,0.1052969708650541,0.1119749776586237
0.1706224809673085,0.2175698526451405,0.5800475059382424,0.8502892140183737,0.2376944385254634,0.3286634278612586,0.8610085743351257,0.8561611374407583,0.8367965367965368,0.72489712807025,0.1158330924159198,0.122207327971403
0.1868189281982385,0.2265077703518802,0.5631037212984957,0.8364239537257571,0.2548476454293629,0.3288893910292622,0.8540328440633629,0.8482885729331227,0.8257215007215006,0.7210367793662241,0.1299669140085445,0.1381143878462913
0.1939841767427974,0.2292455109107013,0.5534441805225654,0.8308097992514462,0.2632644363946303,0.3274206304372387,0.8471733759627962,0.8383096366508689,0.8122294372294372,0.7152674670173504,0.1416915614660627,0.1518319928507596
0.2006269592476489,0.2239310733553426,0.5290577988915282,0.829874106839061,0.27626251864479,0.3149926561970399,0.8364772562127598,0.8263296471827278,0.7944444444444444,0.7026258855470241,0.1479554142173396,0.1579088471849866
0.203090013434841,0.213382720025767,0.502929532858274,0.8340421912215039,0.2868101427658214,0.2981584001807705,0.8251126289783461,0.8137440758293839,0.7758658008658009,0.6888389258897892,0.1513603803282901,0.1607685433422699
0.2105538140020898,0.2108865448103712,0.4821852731591449,0.8310649880911877,0.2990624334114639,0.2890068918766241,0.8192413893329458,0.8061874670879411,0.7630952380952382,0.6815848640393671,0.1582024348719925,0.1677390527256479
0.2280937453351246,0.2219985506079394,0.466825019794141,0.8152432800272202,0.3167483486043043,0.2913795051406621,0.8177009155645981,0.8032385466034755,0.7587662337662338,0.6809485428244179,0.1690919019626738,0.1798480786416443
0.2348858038513211,0.226990901038731,0.4623911322248614,0.808693433140524,0.3230343064138078,0.2933001920686928,0.8167708181950297,0.80115850447604,0.7546536796536796,0.6802698001951385,0.1786001092158941,0.1910187667560321
0.2295118674429019,0.2157178516788791,0.4514647664291371,0.8177951684246344,0.3229277647560196,0.281437125748503,0.8104635954076442,0.7937862032648761,0.7428210678210678,0.6710643532855386,0.179820757444348,0.1915549597855227
0.2265263472160023,0.2039616716321765,0.4345209817893903,0.8256209595100374,0.3265501811208182,0.2672014461642751,0.8033134718790874,0.7852290679304897,0.73008658008658,0.6601196283884105,0.1783752529632842,0.1885612153708668
0.2393640841916703,0.2107255012480876,0.4207442596991291,0.8148179652943179,0.3402940549754953,0.2669754829962716,0.800058131085598,0.7820431806213797,0.7245670995670995,0.6565986509990244,0.1809129163855963,0.1902144772117962
0.2497387669801463,0.2218375070456558,0.4205859065716549,0.8029942157196326,0.347751971020669,0.2747712122923963,0.8020636535387298,0.7839652448657188,0.7252525252525253,0.6582106647435626,0.1867270566316533,0.1968722073279714
0.2519779071503209,0.2217569852645141,0.4158353127474268,0.8018033344675061,0.3509482207543149,0.2729635069483674,0.8040691759918617,0.7853343865192206,0.7262626262626263,0.6589318287871718,0.1906781022132279,0.2014745308310992
0.2427974324526048,0.2080682824704083,0.408234362628662,0.8142225246682546,0.3470061794161517,0.2606485142921703,0.8002034587995931,0.781621906266456,0.7208513708513709,0.653247359266958,0.1893610870193697,0.1992850759606791
0.2334676817435438,0.1944601014574442,0.4012668250197941,0.8267267778155836,0.3426379714468357,0.2486724663879787,0.7955820374945501,0.7758557135334386,0.7131673881673882,0.6445509693293175,0.1848639619671709,0.1923592493297587
0.241603224361845,0.2003381914807955,0.3955661124307206,0.8189860496767608,0.350415512465374,0.2508191164840131,0.7956982996657462,0.7761716692996313,0.7124819624819625,0.6437873838713783,0.1850888182197809,0.1926720285969615
0.248320644872369,0.2111281101537966,0.4025336500395883,0.8094589996597483,0.3527594289367142,0.2607614958761721,0.8000871966283971,0.7804370721432333,0.7182178932178932,0.650532388749841,0.1897786772027882,0.199597855227882
0.2495894909688013,0.2124164586520653,0.402375296912114,0.8080979925144608,0.3538248455145962,0.2616653485481866,0.8012207527975584,0.7828593996840442,0.7207070707070706,0.6549442158401562,0.1929587870611288,0.2026362823949955
0.2464546947305568,0.2031564538207585,0.3908155186064926,0.8147329023477373,0.3554229703814191,0.2510450796520166,0.7980816741752652,0.7805160610847814,0.7178210678210677,0.6511687099647903,0.1912884263274549,0.199597855227882
0.2398119122257053,0.189709316370078,0.3783056215360254,0.8256209595100374,0.3548902620924781,0.2371483448197943,0.7952623165237611,0.7769615587151132,0.713095238095238,0.6447206549866373,0.1864058334136391,0.1925379803395889
0.2354829078967009,0.1906755777437797,0.3893903404592241,0.8275774072813883,0.3480715959940336,0.2417805897638685,0.7962796105217265,0.7785413375460768,0.713924963924964,0.6464175115598355,0.186855545918859,0.1927167113494191
0.2465293327362293,0.2023512360093405,0.3890736342042755,0.8150731541340593,0.3560622203281482,0.2499152638119986,0.8004069175991863,0.7836229594523434,0.7206709956709957,0.6541382089678871,0.191673894189072,0.1972743521000894
0.2498880429914912,0.2019486271036315,0.3809976247030879,0.81337189520245,0.3611762199019816,0.2466387978759462,0.8027321610231071,0.7857556608741443,0.7255050505050504,0.6595681500021211,0.1938903343933699,0.2000446827524575
0.2434691745036572,0.1947016668008696,0.3805225653206651,0.8209424974481117,0.3567014702748775,0.241441645011863,0.7987501816596425,0.7833333333333333,0.7222222222222222,0.6560471726127349,0.1902605120298095,0.1951295799821269
0.2360800119420809,0.1865689669055479,0.3802058590657166,0.8293637291595781,0.3515874707010441,0.2356795842277708,0.7953495131521582,0.7792785676671932,0.7167027417027416,0.6498536461205617,0.1846712280363624,0.1873994638069705
0.2404090162710852,0.1916418391174813,0.3809976247030879,0.82425995236475,0.3543575538035372,0.2394079764998305,0.7960470861793344,0.7803844128488678,0.7175685425685425,0.649599117634582,0.1845748610709582,0.1868185880250223
0.2484699208837139,0.201787583541348,0.384006334125099,0.814307587614835,0.3591519284040059,0.2476556321319625,0.799941868914402,0.7849394418114797,0.7234487734487733,0.6557502227124253,0.1879798271819087,0.1920911528150134
0.2491416629347663,0.2013849746356389,0.3816310372129849,0.8141374617216741,0.3604304282974642,0.2465258162919443,0.8021799157099259,0.7872037914691944,0.725937950937951,0.6587197217155221,0.1893289646975683,0.1934763181411975
0.2460068666965218,0.191319751992914,0.3684877276326208,0.8211976862878531,0.3626678031110164,0.2347757315557563,0.800058131085598,0.7845971563981042,0.7227994227994228,0.6548169515971664,0.1868234235970576,0.1892314566577301
0.2428720704582773,0.1819792253804654,0.3567695961995249,0.8279176590677102,0.3642659279778393,0.2240424810755847,0.795320447609359,0.7806740389678778,0.7177128427128426,0.6493870105629322,0.1830972342680929,0.1845397676496872
0.244961934617107,0.1839117481278686,0.3561361836896279,0.8257910854031983,0.3659705945024504,0.2251722969156027,0.7947391367533789,0.7809636650868879,0.7172438672438672,0.649556696220252,0.1824226655102631,0.1851206434316354
0.2491416629347663,0.194138014332877,0.3673792557403009,0.8179652943177952,0.3652248028979331,0.2363574737317817,0.7989245749164365,0.7845971563981042,0.7212481962481962,0.6540533661392272,0.185859753943015,0.1898123324396783
0.254739513360203,0.2008213221676463,0.3686460807600951,0.8112453215379382,0.3688472192627317,0.241441645011863,0.800116262171196,0.7850447604002107,0.7228715728715729,0.6573198150426336,0.1880440718255115,0.1934316353887399
0.2480967308553515,0.1912392302117723,0.363895486935867,0.820091867982307,0.3656509695290859,0.2330810077957293,0.7974131666908879,0.7822801474460241,0.7183982683982684,0.6518898740083995,0.1847354726799653,0.1886952636282395
0.241901776384535,0.1852806184072792,0.3653206650831354,0.8267267778155836,0.3607500532708289,0.2293526155236696,0.7934021217846243,0.7786993154291733,0.7137806637806638,0.645908454587876,0.1812662619254119,0.1829311885612153
0.2452604866397969,0.1899508817135035,0.3673792557403009,0.8223885675399796,0.36245471979544,0.2334199525477347,0.7927917453858451,0.7775934702474987,0.7118686868686869,0.6451448691299368,0.1808165494201921,0.1829311885612153
0.2528735632183908,0.2030759320396167,0.376880443388757,0.8110751956447773,0.3646920946089921,0.2459609083719353,0.7961052172649324,0.7813059505002633,0.717099567099567,0.6500657531922115,0.1849924512543767,0.1885165326184093
0.2500373190028362,0.2005797568242209,0.3781472684085512,0.8140523987750936,0.3622416364798636,0.2447181109479155,0.7972969045196918,0.7826750921537651,0.7183621933621933,0.6482840537903534,0.1864700780572419,0.1907953529937444
0.2422749664128974,0.1888235767775183,0.3714964370546318,0.8246852670976523,0.3589388450884295,0.2340978420517455,0.795029792181369,0.779015271195366,0.713023088023088,0.6403088278963222,0.1829366226590858,0.1862823949955317
0.2407822062994476,0.183750704565585,0.3646872525732384,0.8281728479074516,0.3602173449818879,0.2281098180996497,0.7903793053335271,0.7750658241179568,0.7075757575757575,0.6336910872608493,0.1787928431467026,0.1798927613941018
0.2433945364979847,0.1864884451244061,0.3645288994457641,0.8252807077237156,0.3621350948220754,0.2300305050276805,0.7906990263043162,0.7749605055292259,0.7067099567099566,0.6335638230178594,0.1787928431467026,0.1795352993744414
0.2474996268099716,0.1970367984539818,0.3765637371338084,0.8173698536917319,0.3609631365864053,0.2416676081798666,0.7946519401249819,0.778436018957346,0.7117965367965366,0.6392907139524032,0.1835148244515113,0.1862377122430741
0.2520525451559934,0.200177147918512,0.3730799683293744,0.8131167063627085,0.3653313445557212,0.242684442435883,0.7960761517221333,0.7803317535545023,0.7137085137085136,0.6414966274975609,0.1866949343098519,0.1906166219839142
0.2440662785490371,0.1896287945889363,0.3691211401425178,0.8232391970057843,0.3610696782441934,0.2337588972997401,0.7915709925882866,0.7769088994207477,0.7075396825396826,0.6355576294913673,0.1836111914169156,0.1872207327971403
0.2408568443051201,0.1860858362186971,0.3692794932699921,0.826981966655325,0.358619220115065,0.2313862840357022,0.7882575207091992,0.7737756714060031,0.7022005772005772,0.6300852670428033,0.1803347145931708,0.1827971403038427
0.2452604866397969,0.1909976648683469,0.3694378463974664,0.8218781898604969,0.3618154698487108,0.2348887131397582,0.787530882139224,0.772722485518694,0.7011183261183261,0.6288126246129047,0.1791461886865182,0.1806523681858802
0.2528735632183908,0.2002576696996537,0.3714964370546318,0.8126063286832256,0.3665033027913914,0.2421195345158738,0.7907862229327133,0.775434439178515,0.7049422799422799,0.635006151105078,0.1820693199704474,0.1842716711349419
0.2489923869234214,0.2024317577904823,0.384006334125099,0.8136270840421913,0.3594715533773706,0.2481075584679697,0.7941868914401976,0.7784886782517114,0.708080808080808,0.6383150214228143,0.1850888182197809,0.1881590705987489
0.2395879982086878,0.1918834044609066,0.3830562153602534,0.8246002041510718,0.3530790539100788,0.240311829171845,0.7909896817323063,0.7740652975250131,0.7023809523809524,0.6310185381580623,0.1811377726382063,0.183467381590706
0.2393640841916703,0.1828649649730252,0.3659540775930324,0.8294487921061585,0.3587257617728532,0.2279968365156479,0.7868914401976457,0.7704581358609794,0.6966810966810966,0.6244856403512494,0.1781182743888728,0.179177837354781
0.2425735184355874,0.1854416619695628,0.3642121931908155,0.8263014630826813,0.3616023865331344,0.229126652355666,0.7868623746548467,0.7708530805687203,0.6966810966810966,0.6256310185381581,0.1805595708457807,0.1837354781054513
0.2506344230482161,0.1947016668008696,0.3653206650831354,0.8168594760122492,0.3669294694225442,0.2360185289797763,0.7910187472751053,0.7757767245918905,0.7015151515151515,0.6308488525007424,0.1862773441264335,0.192225201072386
0.2495148529631288,0.1951847974877204,0.3686460807600951,0.8171997277985711,0.3651182612401449,0.2376002711558015,0.7930824008138352,0.777567140600316,0.7047979797979798,0.6342001442328088,0.1883974173653272,0.1940571939231456
0.2433945364979847,0.1895482728077945,0.3707046714172605,0.8236645117386867,0.3600042616663115,0.2343238052197492,0.7891585525359686,0.7737230121116376,0.6998556998556998,0.627539982183006,0.1832578458771,0.1871760500446827
0.2399611882370503,0.180932442225622,0.3608867775138559,0.8302143586253828,0.3608565949286171,0.2247203705795955,0.7854381630576951,0.7697998946814113,0.6937590187590188,0.620285920332584,0.1786001092158941,0.1804289544235925
0.2438423645320196,0.1814155729124728,0.3536025336500396,0.8276624702279687,0.3660771361602386,0.2225737204835612,0.7858160151140823,0.7701948393891522,0.6934704184704185,0.6204556059899038,0.1791783110083196,0.1808310991957104
0.2506344230482161,0.1922054915854739,0.3604117181314332,0.8181354202109562,0.3686341359471553,0.2325160998757202,0.7888969626507776,0.7737230121116376,0.6985569985569985,0.6272006108683664,0.1841893932093411,0.1872207327971403
0.2519779071503209,0.1954263628311458,0.3640538400633412,0.8156685947601225,0.3684210526315789,0.2360185289797763,0.7897689289347478,0.7752501316482359,0.6997835497835497,0.6277945106689857,0.1856670200122065,0.1906613047363717
0.2484699208837139,0.1892261856832273,0.3593032462391133,0.8209424974481117,0.3674621777114851,0.2300305050276805,0.7871820956256358,0.7725908372827804,0.6969336219336218,0.6235523692359903,0.1832257235552986,0.1869973190348525
0.2442901925660546,0.1791609630405025,0.3482185273159144,0.8286832255869344,0.3682079693160025,0.2190712913795051,0.7841011480889405,0.7690626645602948,0.6923160173160172,0.6180375853730964,0.1796280235135395,0.1816800714924039
0.2500373190028362,0.183348095659876,0.3442596991290578,0.8231541340592039,0.3736415938632004,0.2205400519715286,0.785176573172504,0.7697735650342284,0.6930735930735931,0.6204131845755738,0.1812983842472134,0.1833333333333333
0.2522018211673384,0.1947016668008696,0.3619952494061758,0.815923783599864,0.3692733858938845,0.2348887131397582,0.7896817323063509,0.7738283307003686,0.6992063492063492,0.6271157680397065,0.1856027753686036,0.1895442359249329
0.2509329750709061,0.1951042757065786,0.3654790182106097,0.8164341612793469,0.3671425527381206,0.2363574737317817,0.7913384682458945,0.7751711427066877,0.7006854256854256,0.6283459890552752,0.1867270566316533,0.1920464700625558
0.2452604866397969,0.1847974877204284,0.3572446555819478,0.8251105818305547,0.3658640528446622,0.226189131171619,0.7864263915128615,0.7714849921011059,0.6950937950937951,0.6225766767064015,0.1825190324756673,0.1861930294906166
0.2392148081803254,0.1781141798856591,0.3569279493269992,0.8320857434501531,0.3617089281909226,0.221443904643543,0.782880395291382,0.7670616113744075,0.6893217893217893,0.6160013574852586,0.1773473386656387,0.1791331546023235
0.2422749664128974,0.1826233996295998,0.359144893111639,0.8280027220142906,0.3630939697421692,0.2252852784996045,0.782444412149397,0.7683517640863612,0.6906926406926407,0.6179951639587664,0.1786001092158941,0.18047363717605
0.2495894909688013,0.1927691440534664,0.3637371338083927,0.8183906090506975,0.3667163861069678,0.2340978420517455,0.7872983577968319,0.7723802001053186,0.6960678210678211,0.6241038476222798,0.1835469467733128,0.1863717605004468
0.2495148529631288,0.1952653192688622,0.3688044338875694,0.8171146648519906,0.3650117195823567,0.2376002711558015,0.7896526667635518,0.7738283307003686,0.6978715728715729,0.6268188181393968,0.1859561209084192,0.1894548704200178
0.2405582922824302,0.1822207907238908,0.3623119556611243,0.8291936032664172,0.3607500532708289,0.226189131171619,0.7861938671704694,0.7704318062137967,0.6927849927849927,0.6217706698341323,0.1821978092576531,0.1848078641644325
0.2361546499477534,0.1740075690474273,0.3553444180522566,0.8359986389928548,0.3600042616663115,0.217941475539487,0.7830838540909751,0.7672459189046866,0.6885281385281384,0.6163407287998982,0.1784716199286884,0.1797140303842717
0.2410061203164651,0.1819792253804654,0.3605700712589073,0.8290234773732562,0.3617089281909226,0.2253982600836063,0.7842174102601366,0.7677198525539758,0.6887806637806637,0.6166376787002079,0.1798850020879509,0.1808310991957104
0.2516047171219585,0.194540623238586,0.3629453681710213,0.8163490983327663,0.3684210526315789,0.23500169472376,0.7873564888824299,0.7715903106898367,0.694047619047619,0.6234675264073305,0.185024573576178,0.1876675603217158
0.251679355127631,0.1947016668008696,0.3631037212984956,0.8161789724396054,0.3684210526315789,0.2352276578917636,0.7885772416799884,0.7735650342285413,0.6961038961038961,0.6254613328808384,0.1866628119880505,0.1903485254691689
0.238543066129273,0.1839117481278686,0.3697545526524149,0.8293637291595781,0.3568080119326656,0.2300305050276805,0.7847987211161168,0.7686150605581885,0.6906204906204906,0.6179527425444366,0.1814589958562204,0.1835120643431635
0.2316763696074041,0.1779531363233755,0.3726049089469517,0.8364239537257571,0.3510547624121031,0.2268670206756298,0.7818921668362157,0.7644549763033176,0.6858225108225108,0.6116319518092733,0.177443705631043,0.1781054512957998
0.2365278399761158,0.1818181818181818,0.3699129057798891,0.8316604287172509,0.3554229703814191,0.2286747260196588,0.782793198662985,0.7655081621906267,0.6876262626262627,0.6133712297968015,0.1792746779737239,0.1803395889186773
0.2470517987759367,0.191319751992914,0.3664291369754553,0.8206873086083702,0.3640528446622629,0.2340978420517455,0.7876762098532191,0.7703264876250658,0.6929292929292928,0.6195647562889748,0.1840609039221355,0.1868632707774798
0.2468278847589192,0.1943795796763024,0.372763262074426,0.8191561755699218,0.3618154698487108,0.2383911422438142,0.7895364045923557,0.7730647709320695,0.6960317460317459,0.6224069910490816,0.185249429828788,0.1897229669347631
0.2410807583221376,0.1866494886866897,0.3695961995249406,0.8265566519224227,0.3587257617728532,0.2319511919557112,0.7859032117424792,0.768957345971564,0.6913419913419914,0.6182072710304162,0.1817802190742347,0.1847631814119749
0.2374234960441857,0.1802077461953458,0.3646872525732384,0.8320006805035727,0.3577668868527594,0.22562422325161,0.7826769364917889,0.7653238546603476,0.686976911976912,0.6133288083824715,0.1781503967106742,0.1804289544235925
0.241304672339155,0.1836701827844432,0.3634204275534442,0.8280027220142906,0.3609631365864053,0.2275449101796407,0.7846533934021218,0.767509215376514,0.6884559884559884,0.6151953506129895,0.179435289582731,0.1821715817694369
0.2474249888042991,0.1917223608986231,0.366270783847981,0.8201769309288874,0.3643724696356275,0.2343238052197492,0.7885191105943903,0.771090047393365,0.6928210678210678,0.6194799134603148,0.1839002923131284,0.1877122430741733
0.2454844006568144,0.1914807955551976,0.3699129057798891,0.8214528751275944,0.3618154698487108,0.2353406394757654,0.7903211742479291,0.7722485518694049,0.6952741702741702,0.622067619734442,0.1868876682406604,0.1906613047363717
0.2408568443051201,0.1856832273129881,0.3683293745051465,0.827152092548486,0.3590453867462177,0.2307083945316913,0.7871820956256358,0.7692996313849395,0.6902236652236652,0.6179103211301066,0.1841251485657383,0.1861036639857015
0.2348858038513211,0.178919397697077,0.3676959619952495,0.8341272541680845,0.3549968037502663,0.2257372048356118,0.7837523615753524,0.7651395471300685,0.6840909090909091,0.6106562592796845,0.1786001092158941,0.1800714924039321
0.2435438125093297,0.1889040985586601,0.3689627870150435,0.8239197005784281,0.3606435116130407,0.2333069709637328,0.7838976892893474,0.7663243812532912,0.6861832611832611,0.612904594239172,0.1796922681571424,0.1814119749776586
0.2510076130765785,0.1963926242048474,0.3680126682501979,0.8156685947601225,0.3663967611336032,0.2381651790758106,0.7885481761371893,0.7703001579778831,0.6922077922077922,0.6197344419462946,0.1844463717837525,0.1881143878462913
0.2467532467532467,0.193735405427168,0.3716547901821062,0.8195814903028241,0.3621350948220754,0.2376002711558015,0.7897398633919488,0.7720642443391258,0.6946969696969697,0.6218979340771222,0.1865985673444476,0.1905272564789991
0.2363039259590983,0.184153313471294,0.3749802058590658,0.8305546104117048,0.3535052205412315,0.232064173539713,0.7868333091120476,0.7689310163243813,0.6902958152958152,0.6174861069868071,0.1833220905207028,0.1848972296693476
0.2304821615166442,0.1802077461953458,0.3797307996832937,0.8359986389928548,0.347751971020669,0.2310473392836967,0.7840720825461416,0.7648762506582412,0.6861471861471861,0.612819751410512,0.1797886351225466,0.179177837354781
0.2407075682937751,0.1917223608986231,0.3805225653206651,0.8240898264715891,0.3547837204346899,0.2392949949158287,0.7861357360848714,0.7669299631384939,0.69004329004329,0.6171043142578374,0.1826796440846744,0.1835120643431635
0.2488431109120764,0.2060552379418632,0.3912905779889153,0.8118407621640015,0.3569145535904538,0.253191729748051,0.7923848277866589,0.7722222222222223,0.6960678210678211,0.6252492258091885,0.1882046834345186,0.1915102770330652
0.247723540826989,0.2145100249617521,0.4104513064133018,0.8080129295678803,0.3497762625186447,0.2659586487402553,0.7991570992588287,0.7765402843601895,0.7022005772005772,0.6305519026004327,0.1918987504416819,0.1950848972296693
0.244961934617107,0.2158788952411627,0.4190023752969121,0.808863559033685,0.3448753462603878,0.2700259857643204,0.7989827060020346,0.775618746708794,0.7,0.6280914605692954,0.1882689280781214,0.1897676496872207
0.2431706224809673,0.2154762863354538,0.4221694378463975,0.8100544402858115,0.3425314297890475,0.2709298384363348,0.797558494404883,0.7731437598736177,0.6972582972582972,0.6246553260085691,0.184639105714561,0.1844057193923146
0.2497387669801463,0.2271519446010145,0.4310372129849565,0.8001871384824771,0.3442360963136586,0.2822279968365156,0.8014532771399505,0.7759610321221696,0.7020562770562769,0.629406524413524,0.1885259066525328,0.188337801608579
0.2627257799671592,0.2429342137048071,0.4345209817893903,0.7844504933650903,0.3523332623055614,0.2945429894927126,0.8060456329021944,0.7807266982622433,0.7082611832611833,0.6382726000084843,0.1937618451061643,0.1957998212689901
0.2655620241827138,0.2472823898864642,0.4368962787015044,0.7805375978223886,0.3536117621990198,0.2983843633487741,0.8066850748437727,0.7814112690889942,0.7104978354978355,0.6403936707249821,0.1959461629886608,0.1992403932082216
0.2637707120465741,0.2468797809807553,0.4400633412509898,0.7818135420210958,0.3511613040698913,0.2992882160207886,0.80264496439471,0.7790679304897314,0.7084776334776335,0.6377635430365248,0.1948540040474125,0.1981680071492403
0.2632482460068667,0.2526773492229648,0.4525732383214569,0.7790064647839401,0.3466865544427871,0.3077618348209241,0.7955820374945501,0.7753291205897841,0.7052308802308802,0.635897000806007,0.1937618451061643,0.1971403038427167
0.2719062546648753,0.2687011836701827,0.4658749010292954,0.7656515821708065,0.34828467930961,0.3238052197491809,0.7876180787676209,0.773222748815166,0.7053751803751803,0.639460399609723,0.1963637531720793,0.20218945487042
0.2842215256008359,0.2902004992350431,0.4818685669041965,0.7472779857094252,0.3516940123588323,0.3445938312055135,0.7808458072954513,0.772432859399684,0.708080808080808,0.645908454587876,0.203077318428576,0.2119749776586237
0.2886998059411852,0.29543441500926,0.4826603325415678,0.7419190200748556,0.3546771787769017,0.3485481866455767,0.7755849440488302,0.7707477619799895,0.7074314574314573,0.6469689899461248,0.2065144068613279,0.216130473637176
0.2786236751753993,0.2818262339962959,0.4774346793349169,0.7548485879550868,0.3492435542297037,0.3371370466613942,0.7668943467519256,0.7634544497103739,0.6981601731601731,0.6369575361642558,0.2013105907294979,0.2098748882931188
0.2716077026421853,0.2666881391416378,0.4623911322248614,0.7668424634229329,0.3492435542297037,0.3212066433171393,0.7570701932858596,0.7557661927330174,0.6851370851370852,0.6226615195350614,0.1941794352895827,0.2027703306523681
0.2789222271980892,0.2663660520170706,0.4462391132224862,0.762844504933651,0.3600042616663115,0.3151056377810416,0.7522743787240227,0.7522380200105319,0.6805194805194804,0.617443685572477,0.193055154026533,0.203976764968722
0.2890729959695476,0.2801352765923182,0.4519398258115598,0.7498298741068391,0.3652248028979331,0.3268557225172297,0.7509954948408661,0.7523433385992627,0.6807359307359307,0.6189708564883554,0.1971346888953133,0.2107238605898123
0.2916106881624123,0.2886705853933489,0.4631828978622329,0.7438754678462062,0.3633070530577456,0.3367981019093887,0.7499782008429008,0.7529225908372827,0.6813492063492064,0.6198617061892845,0.2001220648228454,0.2155942806076854
0.2945215703836393,0.2898784121104759,0.4595407759303246,0.7415787682885335,0.3666098444491796,0.3363461755733815,0.7489318413021363,0.7512374934175882,0.6790043290043289,0.617443685572477,0.1986444380199801,0.2149687220732797
0.2986266606956262,0.2871406715516547,0.4452889944576406,0.7406430758761484,0.3742808438099296,0.3294542989492712,0.7486993169597442,0.7495787256450764,0.6764069264069263,0.6152377720273194,0.1968455879991005,0.2138963360142984
0.3102701895805344,0.2757871004106611,0.398258115597783,0.7400476352500851,0.3984658001278499,0.3045983504688735,0.7534079348931841,0.753001579778831,0.6795815295815295,0.6180375853730964,0.1995438630304198,0.2175603217158176
0.3178832661591282,0.2748208390369595,0.3802058590657166,0.7362198026539639,0.409972299168975,0.2975934922607615,0.7612846969917164,0.7591890468667719,0.6868326118326118,0.6244007975225895,0.2043943336224342,0.222609472743521
0.3113151216599492,0.2704726628553023,0.3855898653998417,0.7422592718611775,0.4034732580438951,0.2963506948367416,0.7646562999564017,0.7615323854660347,0.6884920634920635,0.6260976540957877,0.2055186148854839,0.2226988382484361
0.3013882669055083,0.2575086560914728,0.3811559778305622,0.7547635250085063,0.397933091838909,0.2857304259405716,0.763057695102456,0.7599789362822539,0.6873015873015872,0.6241038476222798,0.2023385050271433,0.2172922252010724
0.2917599641737572,0.2392302117722843,0.365637371338084,0.7699047294998299,0.3962284253142979,0.2674274093322788,0.7649178898415928,0.7609004739336493,0.6868686868686869,0.6224918338777415,0.1987408049853843,0.211349419124218
0.2948947604120017,0.2236089862307754,0.3282660332541568,0.776284450493365,0.411037715746857,0.2431363687718901,0.7690161313762535,0.7651922064244339,0.6901154401154401,0.6237220548933102,0.1980019915839517,0.2089812332439678
0.2913867741453949,0.2143489813994686,0.3174980205859066,0.7832596121129637,0.4122096739825271,0.2327420630437238,0.777590466501962,0.7725118483412322,0.6992063492063492,0.6300004242141434,0.199479618386817,0.2088471849865951
0.2674279743245261,0.1952653192688622,0.330799683293745,0.8069071112623342,0.3905817174515235,0.2240424810755847,0.7812236593518385,0.7718272775144813,0.6965367965367965,0.6243159546939295,0.1929266647393273,0.2007596067917784
0.2398865502313778,0.1740075690474273,0.3472684085510688,0.833872065328343,0.3653313445557212,0.21500395435544,0.7785786949571283,0.7663770405476567,0.6873376623376624,0.613795443940101,0.1824226655102631,0.186550491510277
0.2305567995223167,0.1634592157178516,0.3464766429136975,0.8447601224906431,0.3590453867462177,0.2073212066433171,0.7772126144455748,0.7644549763033176,0.6832611832611831,0.6074746532049379,0.176833381516816,0.1781501340482573
0.2343633378116136,0.1657943473709638,0.3429928741092636,0.8413576046274244,0.3628808864265928,0.2077731329793243,0.7790146780991135,0.7663770405476567,0.6847402597402598,0.6084927671488568,0.1766085252642061,0.1796693476318141
0.2468278847589192,0.1778726145422337,0.3403008709422011,0.8279176590677102,0.3726827189431068,0.2152299175234437,0.7837232960325534,0.7709583991574512,0.6911616161616161,0.6163407287998982,0.1821978092576531,0.1867292225201072
0.2457829526795044,0.1780336581045173,0.3428345209817894,0.8284280367471929,0.3710845940762838,0.2163597333634617,0.7848568522017149,0.7723538704581359,0.6924242424242424,0.6183769566877361,0.1836111914169156,0.1884718498659517
0.2354082698910284,0.1653917384652548,0.3398258115597783,0.840932289894522,0.3646920946089921,0.2063043723873008,0.7818340357506177,0.7685097419694575,0.687049062049062,0.6117167946379333,0.1791783110083196,0.1820375335120643
0.2317510076130765,0.1608825187213141,0.3388756927949327,0.8454406260632868,0.3623481781376518,0.2028019432832448,0.7791600058131085,0.7654818325434438,0.6831529581529581,0.6066262249183388,0.1747133082779223,0.1764075067024128
0.2387669801462905,0.168934696835494,0.3398258115597783,0.8371895202449814,0.3670360110803324,0.2087899672353406,0.7807586106670542,0.7669299631384939,0.6857864357864357,0.6096805667500955,0.1775400725964472,0.1789097408400357
0.2466039707419017,0.1773089620742411,0.3396674584323041,0.828257910854032,0.3727892606008949,0.2146650096034346,0.7850021799157099,0.7726698262243286,0.6932900432900432,0.6181648496160863,0.1832899681989014,0.1859249329758713
0.241603224361845,0.1740075690474273,0.343784639746635,0.8328513099693774,0.3677818026848498,0.213874138515422,0.7870658334544398,0.7736703528172723,0.6944805194805195,0.6202010775039241,0.1848318396453696,0.1876228775692582
0.2347365278399761,0.1648280859972622,0.3403008709422011,0.8416978564137463,0.3640528446622629,0.206191390803299,0.7847696555733179,0.7703791469194313,0.6900793650793651,0.6149408221270097,0.1809450387073977,0.1820375335120643
0.2347365278399761,0.1638618246235607,0.3384006334125099,0.8421231711466485,0.3646920946089921,0.2048356117952773,0.7824734776921959,0.7682991047919957,0.6870851370851371,0.611886480295253,0.1784716199286884,0.1785522788203753
0.2431706224809673,0.1730413076737257,0.3385589865399842,0.8325110581830556,0.370658427445131,0.2112755620833803,0.782444412149397,0.7694576092680359,0.6910173160173161,0.6163407287998982,0.1826153994410716,0.1824843610366398
0.2505597850425436,0.1851195748449955,0.3466349960411718,0.8218781898604969,0.3732154272320477,0.222686702067563,0.7835779683185583,0.7728541337546077,0.699062049062049,0.6268612395537267,0.1897786772027882,0.1900804289544236
0.2501865950141812,0.1814960946936146,0.3403008709422011,0.8240047635250085,0.3751331770722352,0.2178284939554852,0.7814271181514315,0.7752238020010532,0.7095959595959596,0.6400118779960124,0.19344062188815,0.1917336907953529
0.2485445588893864,0.1693373057412029,0.3198733174980206,0.8314052398775094,0.3807798849350096,0.2020110721952322,0.7760790582764133,0.7764612954186414,0.7174603174603174,0.6479022610613839,0.1912241816838521,0.1860589812332439
0.2469025227645917,0.1649086077784041,0.3146476642913698,0.8346376318475672,0.3814191348817387,0.1970398824991526,0.772765586397326,0.7749341758820432,0.7163059163059162,0.6466296186314853,0.1882046834345186,0.1816800714924039
0.2553366174055829,0.1720750463000241,0.3110055423594615,0.8261313371895204,0.3885574259535478,0.2007682747712122,0.7734631594245023,0.7775934702474987,0.722979797979798,0.6556653798837654,0.1920272397288876,0.1859249329758713
0.2792207792207792,0.1850390530638537,0.2856690419635788,0.8056311670636271,0.4142339654805028,0.2008812563552141,0.7686964104054643,0.782490784623486,0.745021645021645,0.6960081449115514,0.20927692653625,0.2003127792672028
0.3038513210927004,0.2055721072550124,0.2737925574030087,0.78079278666213,0.4357553803537183,0.210936617331375,0.7475366952477838,0.7662190626645603,0.7549783549783549,0.7542951682009078,0.2430053644277408,0.2256032171581769
0.3157934020002986,0.2456719542636283,0.3273159144893112,0.7528070772371556,0.4262731728105689,0.2582759010281323,0.7012934166545559,0.70202738283307,0.7161976911976912,0.8011708310355068,0.2873341685137002,0.259159964253798
0.3429616360650843,0.3275626056848378,0.430720506730008,0.6940285811500511,0.4108246324312806,0.3526155236696419,0.6291818049702078,0.6,0.6433261183261183,0.8539006490476394,0.3545983103658732,0.3148346738159071
0.4147633975220182,0.4485868427409615,0.5163895486935868,0.5891459680163321,0.4333049222245898,0.4679697209354874,0.5373056241825316,0.4981832543443918,0.5749278499278498,0.9300895091842364,0.4593170794385018,0.4082216264521894
0.4954470816539781,0.5731540381673244,0.5901821060965955,0.4774583191561756,0.4660132111655657,0.5817421760253078,0.4447318703676791,0.4041337546076882,0.4862554112554113,0.968820260467484,0.5688863191031448,0.5146112600536192
0.5835199283475145,0.7049681938964489,0.6625494853523358,0.3576046274242939,0.5045812912848924,0.7000338944752006,0.3304170905391658,0.2962875197472354,0.3712842712842712,0.9813769991091504,0.6919148116025826,0.6362377122430742
0.6898044484251381,0.82631451807714,0.6758511480601742,0.2329023477373257,0.5759642020029831,0.7899672353406395,0.2062200261589884,0.1921800947867298,0.2626623376623377,0.9965214440249438,0.8333815168160355,0.7725201072386059
0.7884012539184954,0.9014413398824382,0.6142517814726842,0.1371214698877169,0.6670573194118901,0.8205852446051292,0.1195756430751344,0.1325961032122169,0.1816378066378066,0.9655962329784076,0.9283351000610324,0.8761394101876676
0.864308105687416,0.903856993316692,0.4579572446555821,0.0925484858795509,0.7738120605156616,0.7665800474522652,0.1101584072082545,0.1511058451816745,0.1639610389610389,0.878123276630043,0.9342456072724936,0.9150134048257372
0.8504254366323333,0.8363797407198648,0.3547110055423594,0.1361007145287513,0.7986362667803111,0.6824087673709184,0.1608196483069321,0.1887572406529752,0.1187229437229436,0.6510414457218004,0.8270855417429572,0.8750670241286863
0.7901925660546351,0.7566631773894839,0.3257323832145685,0.2125723035045933,0.7653952695503942,0.6160885775618574,0.2238918761807876,0.2252238020010531,0.0614357864357864,0.3840410639290714,0.6809610998682984,0.8038427167113493
0.7267502612330199,0.6653514775746839,0.2809184481393507,0.2969547465124191,0.7351374387385468,0.5360976160885775,0.2953349803807586,0.2779884149552395,0.0542568542568543,0.1952233487464472,0.5561337573479811,0.7287756925826632
0.6750261233019853,0.6085836218697157,0.2788598574821853,0.356328683225587,0.6990198167483486,0.4955372274319285,0.3644819066996076,0.3441548183254344,0.1019841269841269,0.1185254316378908,0.4605056053451543,0.6616175156389634
0.6141215106732348,0.597713181415573,0.3866983372921615,0.3968186457978905,0.6192201150649903,0.526381199864422,0.4392384827786659,0.4143233280674039,0.1879509379509379,0.1571289186781487,0.3920208152645273,0.5985701519213584
0.5250037319002836,0.5695305580159433,0.5201900237529691,0.462487240558013,0.5106541657788195,0.5542876511128686,0.5194012498183403,0.4875987361769353,0.2901875901875902,0.2454078818987825,0.3400147762680287,0.5275245755138517
0.4107329452157038,0.4946453015540704,0.6153602533650041,0.567199727798571,0.3971873002343916,0.5356456897525703,0.6038947827350675,0.5686413902053712,0.4046897546897547,0.3484070758919102,0.285406829205615,0.4327971403038427
0.3070607553366173,0.4004348176181658,0.650197941409343,0.6759952364749915,0.3114212657148945,0.4819794373517115,0.6769946228745822,0.6450500263296471,0.512049062049062,0.4470792856233827,0.2386046063409463,0.3367292225201072
0.2495148529631288,0.3084789435542314,0.5914489311163896,0.7574004763525009,0.2901129341572555,0.3964523782623432,0.7323644819066996,0.7055292259083729,0.5959235209235209,0.5214864463581216,0.1991262728470013,0.2571939231456658
0.2279444693237796,0.2428536919236654,0.5081551860649248,0.8042701599183396,0.3026848497762625,0.320754716981132,0.7740444702804825,0.7511848341232228,0.6577922077922078,0.5742162643702542,0.1736532716584755,0.2028150134048257
0.2230183609493954,0.2032369756019003,0.4406967537608868,0.8280877849608712,0.3218623481781377,0.2688961699243023,0.8002906554279902,0.7802527646129542,0.6968253968253968,0.6088321384634965,0.1683209662394398,0.1823503127792671
0.2184654426033736,0.17771157097995,0.4001583531274743,0.8440796189179993,0.3323034306413808,0.2365834368997853,0.8137189362011334,0.7953396524486571,0.7168470418470418,0.6263946039960973,0.1654620795991134,0.1723413762287756
0.2021197193610986,0.1514614703277236,0.3832145684877277,0.8673018033344676,0.3263370978052418,0.212066433171393,0.8193576515041419,0.8012111637704055,0.7249639249639249,0.6309336953294024,0.1597764286402621,0.1603663985701519
0.1926406926406926,0.14010789918673,0.3809976247030879,0.8787002381762504,0.3203707649691029,0.203253869619252,0.8229036477256212,0.8057135334386519,0.730988455988456,0.6356848937343572,0.1555041598406732,0.1520554066130473
0.2009255112703388,0.143328770432402,0.3697545526524149,0.8722354542361347,0.3300660558278286,0.2015591458592249,0.8307513442813544,0.8138493944181148,0.742099567099567,0.6457387689305563,0.1570460312871414,0.1535746201966041
0.2073443797581728,0.1467912070214993,0.3629453681710213,0.8667914256549847,0.3368847219262731,0.2015591458592249,0.8367388460979509,0.8214849921011058,0.7529942279942279,0.6546048445255165,0.1606437313289004,0.1573726541554959
0.202642185400806,0.1363233754730654,0.3523357086302454,0.8749574685267099,0.3370978052418495,0.1903739690430459,0.8391222206074699,0.8245918904686677,0.7586219336219335,0.6592287786874815,0.1607722206161061,0.1561215370866845
0.1921928646066577,0.1202190192447057,0.3428345209817894,0.8894181694453897,0.3328361389303217,0.1757993447068127,0.8370876326115391,0.8228804634017903,0.7572510822510822,0.6565986509990244,0.1558575053804889,0.1496425379803395
0.1879384982833258,0.1159513648441903,0.3433095803642121,0.894181694453896,0.3296398891966758,0.1729748051067676,0.837000435983142,0.8231700895208004,0.7574675324675325,0.6563017010987147,0.1528701294529568,0.1462019660411081
0.1937602627257799,0.1222320637732506,0.3434679334916865,0.8875467846206194,0.3337950138504155,0.1773810868828381,0.8404883011190234,0.8271458662453923,0.7645382395382395,0.6640223985067664,0.1561144839549002,0.1497319034852547
0.2034632034632034,0.1323778081971173,0.3426761678543151,0.8765736645117388,0.3409333049222245,0.1841599819229465,0.844470280482488,0.8312006319115324,0.7709235209235209,0.6714461460145081,0.1599370402492692,0.1544235924932975
0.2013733393043738,0.1310894596988485,0.3447347585114806,0.878445049336509,0.3388024717664606,0.1840470003389447,0.8456910332800465,0.8329120589784098,0.7734848484848486,0.6745004878462649,0.1597764286402621,0.1530384271671135
0.1920435885953127,0.1225541508978178,0.3477434679334917,0.8883123511398436,0.3310249307479224,0.179188792226867,0.8435692486557186,0.8308846761453397,0.7712842712842712,0.6706825605565689,0.1551508143008576,0.1468722073279714
0.1831616659202866,0.1198969321201385,0.3612034837688044,0.8947771350799593,0.3201576816535265,0.182126313410914,0.842086905972969,0.8288572933122696,0.7696248196248195,0.6676282187248123,0.1511355240756802,0.1416443252904378
0.1883116883116883,0.1294790240760125,0.3692794932699921,0.8867812181013951,0.3212230982314084,0.1916167664670658,0.8455747711088505,0.8328067403896787,0.775,0.672591524201417,0.1541871446468151,0.143923145665773
0.2042842215256008,0.1436508575569691,0.3632620744259699,0.8701939435182034,0.3345408054549328,0.1995254773471924,0.849382357215521,0.8375460768825698,0.7823593073593074,0.6803546430237986,0.1588448813080209,0.1495531724754245
0.202791461412151,0.1426040744021257,0.3643705463182898,0.8716400136100715,0.3331557639036863,0.1991865325951869,0.8507775032698736,0.8387572406529753,0.7858585858585858,0.6834089848555551,0.1588770036298223,0.1489276139410187
0.1882370503060158,0.1308478943554231,0.3721298495645289,0.8861007145287513,0.3201576816535265,0.1936504349790984,0.8486266531027467,0.8363349131121643,0.7817099567099567,0.6778517795783312,0.1531592303491696,0.1415996425379803
0.1852515300791162,0.1269828488606168,0.3708630245447348,0.889843484178292,0.3184530151289154,0.1904869506270477,0.8474640313907862,0.8359136387572406,0.7816378066378066,0.6759852373478131,0.1498185088818219,0.137444146559428
0.1936856247201074,0.13608181012964,0.3708630245447348,0.8802313712146989,0.3245258896228425,0.196813919331149,0.851940124981834,0.8404423380726698,0.7895382395382394,0.684427098799474,0.1531592303491696,0.1415102770330652
0.2001044932079415,0.1438924229003945,0.3726049089469517,0.8724055801292957,0.3284679309610057,0.2029149248672466,0.8572591193140532,0.8460242232754082,0.7968614718614718,0.692656853179485,0.1561144839549002,0.1443699731903485
0.1952530228392297,0.1390611160318866,0.3735550277117973,0.8777645457638653,0.3247389729384189,0.1999774036831996,0.8583345443976166,0.8474723538704582,0.7997474747474748,0.6958384592542317,0.1565963187819215,0.1428060768543342
0.1844305120167189,0.1277075448908929,0.3740300870942201,0.8899285471248723,0.3168548902620924,0.1920686928030731,0.85676500508647,0.84565560821485,0.7974747474747474,0.6924871675221652,0.1521634383733256,0.1376675603217158
0.1795044036423346,0.1229567598035268,0.3751385589865399,0.8952875127594421,0.3129128489239292,0.1891311716190261,0.8553407934893185,0.8452343338599262,0.7981601731601731,0.6924023246935054,0.1499148758472262,0.135656836461126
0.1880877742946708,0.1333440695708189,0.3773555027711798,0.8849098332766246,0.318239931813339,0.1972658456671562,0.8614445574771109,0.8515007898894155,0.8067821067821068,0.7007169219021763,0.1528380071311554,0.1382037533512064
0.193013882669055,0.1414767694661406,0.3828978622327791,0.8777645457638653,0.3199445983379501,0.2049485933792792,0.8682168289492807,0.8584518167456556,0.8159451659451659,0.7096678403257966,0.1555684044842761,0.1420911528150134
0.1869682042095835,0.1340687656010951,0.3811559778305622,0.8850799591697858,0.3162156403153633,0.1991865325951869,0.8673157971225113,0.8593470247498683,0.8177489177489178,0.7096678403257966,0.1515209919372972,0.1381143878462913
0.1733094491715181,0.1236009340526612,0.3895486935866984,0.8984348417829194,0.3036437246963562,0.1947802508191164,0.8668216828949281,0.8582938388625593,0.8162337662337662,0.7060620201077504,0.1451286498988146,0.1303395889186774
0.1677115987460815,0.1170786697801755,0.3885985748218528,0.905069751616196,0.2999147666737694,0.1898090611230369,0.8681005667780846,0.860057925223802,0.8195526695526696,0.7069528698086794,0.1413703382480486,0.1258266309204647
0.1728616211374831,0.122071020210967,0.3874901029295329,0.8995406600884657,0.3039633496697208,0.1929725454750875,0.873884609795088,0.867219589257504,0.8294372294372293,0.7158613668179699,0.1439401239921621,0.1305183199285076
0.1821913718465442,0.1327804171028263,0.3887569279493271,0.888567539979585,0.3102493074792243,0.2009942379392159,0.8795523906408953,0.8749341758820433,0.84004329004329,0.7254486064565393,0.1475378240339211,0.1350759606791778
0.1780862815345574,0.1293179805137289,0.3906571654790183,0.892735624362028,0.3067334327722139,0.1991865325951869,0.8825752070919924,0.8781727224855187,0.8456709956709957,0.7292241123319053,0.1456747293694388,0.1320822162645219
0.1680101507687714,0.1201384974635639,0.3939825811559778,0.9032834297380062,0.2983166418069465,0.1939893797311039,0.8825752070919924,0.8795418641390205,0.8466450216450216,0.7269757773724177,0.1382223507115094,0.1218945487042001
0.1624869383490073,0.119252757871004,0.4039588281868568,0.9069411364409664,0.2910718090773492,0.1969269009151509,0.8828658625199826,0.8815429173249077,0.8507575757575757,0.7280787341449964,0.1329542899360765,0.1147899910634495
0.1702492909389461,0.1300426765440051,0.4087094220110847,0.89673358285131,0.2950138504155124,0.206191390803299,0.8887080366225839,0.8882833070036861,0.8599206349206349,0.7361812242820176,0.1335324917285021,0.1163092046470062
0.180325421704732,0.1427651179644094,0.4123515439429929,0.8843143926505614,0.3009801832516514,0.2163597333634617,0.8957709635227438,0.8981832543443917,0.8711038961038962,0.7441988715903789,0.1347852622787575,0.1185433422698838
0.1749514852963128,0.1436508575569691,0.4254948535233571,0.8868662810479755,0.2927764756019603,0.2216698678115467,0.901002761226566,0.9041864139020536,0.8806277056277056,0.7504348194968821,0.1334361247630978,0.116130473637176
0.1615166442752649,0.1339077220388115,0.4348376880443389,0.8997107859816265,0.2799914766673769,0.2181674387074907,0.9024560383665166,0.9063981042654028,0.8839105339105339,0.7494591269672931,0.1262086023577784,0.1080428954423592
0.1557695178384833,0.1289958933891618,0.4373713380839273,0.9055801292956788,0.2750905604091199,0.2156818438594508,0.9044906263624471,0.909768299104792,0.889033189033189,0.750562083739872,0.1196877710320901,0.1016085790884718
0.1585311240483654,0.1380143328770432,0.4492478226444973,0.8992854712487242,0.272959727253356,0.226189131171619,0.9132393547449498,0.9198788836229592,0.9015873015873016,0.7619734441946295,0.1208441746169413,0.1041108132260947
0.1665173906553216,0.1495289475803204,0.4551068883610451,0.8886526029261654,0.2766886852759428,0.2363574737317817,0.9225403284406336,0.9306477093206952,0.9168831168831169,0.7748695541509354,0.1227072692814236,0.1059874888293118
0.1565905359008807,0.1442950318061035,0.4657165479018211,0.8969887716910515,0.2661410611549115,0.2364704553157835,0.9263769800901032,0.936361242759347,0.9258297258297258,0.7789844313409411,0.1177283094022036,0.1011170688114388
0.1382295865054485,0.1326998953216845,0.4818685669041965,0.9135760462742428,0.2474962710419774,0.2340978420517455,0.928266240372039,0.9398630858346498,0.9295093795093796,0.776311882238154,0.1078988789309691,0.0890974084003574
0.1308404239438722,0.1343103309445205,0.5008709422011085,0.9169785641374618,0.2358832303430641,0.242006552931872,0.933323644819067,0.9447604002106372,0.9355699855699856,0.7788147456836212,0.1008319681346567,0.0814119749776586
0.134945514255859,0.1468717288026411,0.5167062549485353,0.907961891799932,0.2335393138717238,0.2564681956841035,0.9412876035459962,0.95376513954713,0.948088023088023,0.7883595639078608,0.0991294850791815,0.0818588025022341
0.1344230482161516,0.1558096465093808,0.535391923990499,0.903623681524328,0.2268271894310675,0.2693480962603095,0.9496584798721116,0.9630068457082674,0.9606782106782108,0.7962499469732321,0.0981015707815361,0.0822162645218945
0.1244961934617107,0.1525887752637088,0.5501187648456058,0.9109390949302484,0.2147879821010014,0.2723985990283583,0.9541345734631592,0.9670352817272247,0.9656565656565655,0.7954439401009631,0.091516494812245,0.0760500446827524
0.1082251082251082,0.1439729446815363,0.5675376088677753,0.9247192922762846,0.1973151502237374,0.272624562196362,0.9536404592355764,0.9670616113744076,0.9655483405483404,0.7895897849234293,0.0804021714689537,0.0640750670241287
0.1035975518734139,0.1479990337386263,0.5854315122723674,0.9252296699557672,0.1880460259961645,0.2817760705005084,0.955616916145909,0.9688256977356504,0.9669552669552668,0.788189878250541,0.0727249365584144,0.0569258266309204
0.1098671443499029,0.1634592157178516,0.6025336500395884,0.9134909833276624,0.1867675261027061,0.2987233081007795,0.9604417962505448,0.9743022643496576,0.9746753246753246,0.7942561404997244,0.0721788570877903,0.0590705987488829
0.1085236602477981,0.1745712215154199,0.6272367379255741,0.9083872065328344,0.1773918602173449,0.3153316009490453,0.9673884609795088,0.9798051606108478,0.9847763347763347,0.8021889449794257,0.0733995053162442,0.0621983914209115
0.1006866696521869,0.171752959175457,0.6381631037212985,0.9143416127934672,0.1682292776475602,0.317252287877076,0.967882575207092,0.9788572933122696,0.9812049062049062,0.7971407966741612,0.0662362275545276,0.0567917783735478
0.0892670547842961,0.1646670424349786,0.6487727632620744,0.924634229329704,0.1564031536330705,0.3161224720370579,0.9636390059584362,0.9745918904686676,0.9764069264069264,0.789971577652399,0.0579807908515627,0.0488829311885612
0.0854605164949992,0.1652306949029712,0.6577988915281078,0.9265056141544744,0.1507564457702961,0.3197378827251158,0.9615172213341084,0.9721695629278568,0.9735209235209236,0.7858142790480636,0.0541261122353923,0.0453083109919571
0.0929243170622481,0.1808519204444802,0.6726840855106889,0.9140013610071454,0.1509695290858725,0.336007230821376,0.9636680715012352,0.9737493417588204,0.9778499278499276,0.7904806346243584,0.057081365841123,0.0496872207327971
0.099641737572772,0.1938159272083098,0.6839271575613619,0.9032834297380062,0.1520349456637545,0.3491130945655857,0.9647144310419996,0.9749078462348604,0.9806998556998556,0.7945530904000341,0.0607111882046834,0.0556300268096514
0.1025526197939991,0.194138014332877,0.6783847980997626,0.9014971078598164,0.1559769870019177,0.3473053892215569,0.9597732887661676,0.969536598209584,0.9742063492063492,0.7896746277520893,0.0605505765956763,0.0559428060768543
0.0934467831019555,0.1851195748449955,0.6799683293745052,0.9114494726097312,0.1489452375878968,0.3415433284374647,0.9511408225548612,0.9596629805160612,0.9637806637806636,0.7802570737708396,0.0580450354951655,0.0524128686327077
0.0888938647559337,0.1862468797809807,0.6918448139350754,0.9134909833276624,0.1417004048582996,0.3465145181335442,0.9449789274814708,0.9518957345971564,0.9554834054834054,0.776311882238154,0.0607111882046834,0.0549151027703306
0.1070309001343484,0.1990498429825268,0.6785431512272367,0.8963082681184077,0.1590666950777754,0.3508078183256128,0.9400668507484377,0.946024223275408,0.9495310245310244,0.7770330462817632,0.068870257942244,0.0651474530831099
0.1194954470816539,0.209759239874386,0.673317498020586,0.8835488261313373,0.1698274025143831,0.3564568975257032,0.9341084144746404,0.9385202738283306,0.9416666666666668,0.777117889110423,0.0792457678841026,0.0768543342269883
0.1237498134049858,0.2114501972783637,0.6674584323040381,0.8803164341612795,0.1748348604304283,0.3555530448536889,0.9224240662694376,0.925908372827804,0.9263347763347762,0.769736563017011,0.0857344768879894,0.0836461126005362
0.129123749813405,0.2096787180932442,0.652573238321457,0.8781898604967676,0.1835712763690603,0.349000112981584,0.9077750326987356,0.9098736176935228,0.9051226551226552,0.7581555169049337,0.0901352349747839,0.0882931188561215
0.1385281385281385,0.2150736774297447,0.6432304038004752,0.8699387546784622,0.1934796505433624,0.3494520393175912,0.8946955384391803,0.8947340705634544,0.8866161616161616,0.7491621770669834,0.0982621823905432,0.0965594280607685
0.1571130019405881,0.2303728158466865,0.6340459224069676,0.8512249064307589,0.2098870658427445,0.3569088238617105,0.8869931695974422,0.8849394418114798,0.8743867243867243,0.7470411063504858,0.1132311843500048,0.1131367292225201
0.174055829228243,0.2391496899911426,0.6152019002375299,0.8370193943518204,0.228212230982314,0.3563439159417015,0.8798139805260863,0.8750394944707741,0.8615440115440115,0.7449624570483181,0.127557739873438,0.1299821268990169
0.1816689058068368,0.2350430791529108,0.5908155186064925,0.8348077577407282,0.241849563179203,0.344819794373517,0.8669088795233251,0.8600842548709847,0.841125541125541,0.7323208755779919,0.1367447239086441,0.1380697050938337
0.1830123899089416,0.2266688139141637,0.5716547901821062,0.8384654644436883,0.2493074792243767,0.3320528753813129,0.8527539601802063,0.8436808846761454,0.8186147186147186,0.7168370593475587,0.1422055186148855,0.1420017873100983
0.1945066427825048,0.2284402930992833,0.5507521773555029,0.8309799251446071,0.2645429362880886,0.3258388882612134,0.8433076587705275,0.8319905213270142,0.800036075036075,0.7059771772790906,0.1499148758472262,0.1496872207327971
0.2089117778772951,0.2344794266849182,0.5322248614410136,0.8195814903028241,0.2810568932452588,0.3234662749971754,0.8391222206074699,0.8248551869404951,0.7893939393939393,0.7008441861451662,0.1609007099033118,0.1624218051831993
0.2216748768472906,0.238988646428859,0.5138558986539985,0.8098843143926506,0.2963988919667589,0.3200768274771212,0.8350239790728091,0.8190100052659294,0.7812770562770562,0.6976201586560896,0.1708586296617519,0.1745755138516532
0.2230183609493954,0.2313390772203881,0.4959619952494062,0.8132017693092889,0.3033240997229916,0.3083267427409332,0.8269146926318849,0.8104791995787256,0.7673881673881673,0.68816018326051,0.1758054672191706,0.1801608579088471
0.2183161665920286,0.2191802882679764,0.4820269200316706,0.8223035045933992,0.3047091412742382,0.2948819342447181,0.8177009155645981,0.7984202211690363,0.7500721500721501,0.6739490094599754,0.1757412225755677,0.1779714030384271
0.2218241528586356,0.2182945486754167,0.4728424386381631,0.8207723715549506,0.3102493074792243,0.2909275788046548,0.8119750036331929,0.7913112164296998,0.7395743145743146,0.666016204980274,0.1782146413542771,0.1794012511170688
0.2329452157038363,0.2250583782913278,0.4625494853523357,0.8108200068050359,0.3216492648625612,0.2920573946446729,0.8109286440924284,0.790810953133228,0.7374098124098124,0.666016204980274,0.1865022003790434,0.1882931188561215
0.2427974324526048,0.2298091633786939,0.4509897070467142,0.8027390268798913,0.3326230556147453,0.2911535419726584,0.8102020055224531,0.7887572406529751,0.7342352092352091,0.6653374623509949,0.1936012334971572,0.1962466487935656
0.238393790117928,0.2211933327965214,0.4433887569279494,0.8097992514460702,0.3319838056680161,0.2824539600045193,0.807498910042145,0.7848077935755661,0.7287518037518037,0.659652992830781,0.1949182486910153,0.1971849865951742
0.2288401253918495,0.2063773250664305,0.4345209817893903,0.8230690711126235,0.3281483059876411,0.2688961699243023,0.8014532771399505,0.7785413375460768,0.7192279942279942,0.6497688032919018,0.1918987504416819,0.1934763181411975
0.2307807135393342,0.2056526290361542,0.4289786223277911,0.8223885675399796,0.331344555721287,0.2664105750762625,0.7980235430896672,0.7751711427066877,0.7143939393939394,0.6448054978152973,0.1909672031094407,0.1915996425379803
0.2412300343334826,0.2145905467428939,0.4245447347585115,0.8116706362708405,0.3404005966332836,0.2710428200203366,0.8002034587995931,0.7774091627172196,0.7165945165945166,0.6484113180333433,0.1967492210336963,0.1983914209115281
0.2480967308553515,0.2178114179885659,0.4163103721298496,0.8060564817965294,0.3479650543362454,0.2704779121003276,0.802296177881122,0.7799368088467614,0.719083694083694,0.6518050311797396,0.2021778934181362,0.205272564789991
0.2432452604866397,0.2103228923423786,0.4117181314330958,0.8127764545763867,0.3461538461538461,0.2634730538922155,0.8010463595407644,0.7788046340179042,0.7164502164502163,0.6490476392482926,0.2003147987536539,0.2029937444146559
0.232124197641439,0.1978420162653998,0.4107680126682502,0.825706022456618,0.3384828467930961,0.254434527172071,0.7964249382357216,0.774565560821485,0.7103896103896103,0.6425995842701396,0.1949503710128168,0.1954423592493297
0.2317510076130765,0.1971173202351235,0.4101346001583532,0.8263014630826813,0.3384828467930961,0.2536436560840583,0.795146054352565,0.7734597156398104,0.7092352092352092,0.6417087345692106,0.1932157656355401,0.193521000893655
0.2427227944469323,0.20814880425155,0.4085510688836105,0.8142225246682546,0.3467930961005753,0.260874477460174,0.7995640168580148,0.7780937335439705,0.7144300144300143,0.6463326687311756,0.1974237897915261,0.1991063449508489
0.2464546947305568,0.211369675497222,0.4068091844813936,0.8103946920721335,0.3500958874920093,0.2624562196361993,0.8028774887371022,0.7819641916798314,0.7197691197691197,0.6527383022949986,0.2015675693039093,0.2039320822162645
0.2451858486341244,0.2054110636927289,0.3979414093428346,0.814307587614835,0.352120178989985,0.2551124166760818,0.8007266385699753,0.7805423907319642,0.7186868686868686,0.6519322954227295,0.2001541871446468,0.2016979445933869
0.2331691297208538,0.1905950559626379,0.3942992874109264,0.8289384144266758,0.3447688046025996,0.2434753135238955,0.7968899869205057,0.7766719325961032,0.7126984126984126,0.6446782335723074,0.1942436799331856,0.1945040214477212
0.2331691297208538,0.1906755777437797,0.3944576405384007,0.8289384144266758,0.3446622629448114,0.2435882951078973,0.7965993314925156,0.7761716692996313,0.7123737373737373,0.643193484070759,0.1930230317047316,0.1940125111706881
0.2425735184355874,0.1998550607939447,0.3925574030087095,0.8187308608370194,0.3520136373321968,0.2493503558919896,0.8008138351983722,0.7800947867298578,0.7172799422799423,0.6499384889492217,0.1971025665735119,0.1996425379803395
0.2474996268099716,0.2026733231339077,0.3878068091844814,0.8143926505614154,0.3572341785638184,0.2495763190599932,0.8037785205638716,0.7840968931016324,0.7224025974025974,0.6563865439273746,0.2000578201792425,0.2029937444146559
0.2420510523958799,0.1951847974877204,0.3843230403800476,0.8214528751275944,0.3544640954613254,0.2431363687718901,0.8028484231943032,0.7826487625065823,0.7205988455988456,0.6535018877529377,0.1970061996081076,0.1984361036639857
0.232273473652784,0.1843948788147194,0.3841646872525733,0.8326811840762164,0.3475388877050927,0.235566602643769,0.7983432640604563,0.7781200631911532,0.7158008658008659,0.6464599329741654,0.1921557290160932,0.1913762287756926
0.2325720256754739,0.1885014896529511,0.3912905779889153,0.8303844845185437,0.3453015128915406,0.240876737091854,0.79735503560529,0.7779620853080569,0.7152236652236652,0.6465447758028253,0.1905496129260223,0.1905719392314566
0.2401851022540677,0.2012239310733553,0.4003167062549485,0.8193263014630827,0.347751971020669,0.2530787481640492,0.8013079494259555,0.7808056872037915,0.718073593073593,0.6515505026937599,0.1933121326009444,0.1938337801608579
0.244812658605762,0.204525324100169,0.396991290577989,0.8149880911874787,0.3522267206477733,0.2542085640040673,0.8033716029646853,0.782596103212217,0.7214285714285714,0.6548593730114962,0.1954964504834409,0.1967828418230563
0.2456336766681593,0.1966341895482728,0.3797307996832937,0.818645797890439,0.3585126784572768,0.2425714608518811,0.8015986048539456,0.7815429173249079,0.7193362193362193,0.652398930980359,0.1937297227843628,0.195308310991957
0.2357068219137184,0.1860858362186971,0.379889152810768,0.829874106839061,0.3514809290432559,0.2352276578917636,0.79735503560529,0.777172195892575,0.7138888888888889,0.6452721333729267,0.18823680575632,0.1894548704200178
0.2331691297208538,0.1854416619695628,0.3841646872525733,0.8316604287172509,0.3481781376518219,0.2362444921477798,0.7961924138933294,0.776119010005266,0.7113997113997114,0.6419632630551902,0.1870804021714689,0.1885612153708668
0.2396626362143603,0.1918834044609066,0.3828978622327791,0.8246002041510718,0.353185595567867,0.240311829171845,0.7993896236012208,0.7786203264876251,0.714105339105339,0.6447630764009673,0.1901641450644052,0.1929848078641644
0.244812658605762,0.19695627667284,0.3821060965954078,0.8189860496767608,0.3572341785638184,0.2435882951078973,0.8022089812527249,0.7807266982622433,0.7176046176046176,0.6491324820769525,0.1938903343933699,0.1969615728328865
0.2411553963278101,0.1887430549963765,0.3738717339667459,0.825365770670296,0.3573407202216067,0.2348887131397582,0.7998546722860049,0.7788836229594523,0.7142857142857143,0.6454842404445764,0.1913526709710578,0.1937444146559427
0.2339155097775787,0.179322006602786,0.370387965162312,0.8344675059544062,0.3533986788834434,0.2269800022596317,0.7947100712105799,0.774670879410216,0.7077200577200576,0.6381877571798245,0.1865664450226462,0.1882484361036639
0.2313778175847141,0.1808519204444802,0.3787806809184482,0.8350629465804695,0.3487108459407628,0.2311603208676985,0.7941868914401976,0.7729067930489731,0.7053030303030302,0.6353455224197175,0.1838681699913269,0.1860142984807864
0.2378713240782206,0.1880183589661003,0.3790973871733967,0.8275774072813883,0.353185595567867,0.2362444921477798,0.7963668071501235,0.7751184834123223,0.7078643578643579,0.637636278793535,0.1867913012752561,0.1895442359249329
0.2460815047021943,0.1970367984539818,0.3795724465558195,0.8181354202109562,0.3589388450884295,0.2427974240198847,0.7995349513152158,0.778909952606635,0.7126984126984126,0.6425995842701396,0.1913205486492563,0.195710455764075
0.2429467084639498,0.1918028826797649,0.3759303246239114,0.8227288193263015,0.3579799701683358,0.2378262343238052,0.7954367097805551,0.7761453396524487,0.7082611832611833,0.6379332286938447,0.1893610870193697,0.1927613941018766
0.2324227496641289,0.1789999194782189,0.3730799683293744,0.8354882613133721,0.3513743873854676,0.2277708733476443,0.7908152884755123,0.7704844655081622,0.7000360750360749,0.6287702031985747,0.1828402556936815,0.1845397676496872
0.2307807135393342,0.1810934857879056,0.3806809184481394,0.835318135420211,0.3476454293628809,0.2319511919557112,0.7906990263043162,0.7697472353870458,0.6989177489177488,0.6281338819836254,0.182647521762873,0.1844504021447721
0.2365278399761158,0.1880183589661003,0.3819477434679335,0.8284280367471929,0.3512678457276795,0.2372613264037961,0.7937509082982125,0.773117430226435,0.7023088023088022,0.6316548593730116,0.1864379557354405,0.1898123324396783
0.2422003284072249,0.1902729688380706,0.3745051464766429,0.8239197005784281,0.3578734285105476,0.236131510563778,0.7956401685801483,0.775724065297525,0.7042929292929292,0.63309718746023,0.1888150075487456,0.1936103663985701
0.238543066129273,0.1842338352524358,0.3705463182897863,0.8291936032664172,0.3565949286170893,0.2305954129476895,0.7938671704694085,0.7735387045813585,0.7012987012987012,0.6294489458278539,0.1877228486074973,0.1907953529937444
0.2295865054485744,0.1749738304211288,0.3711797307996833,0.8392310309629126,0.3499893458342211,0.2242684442435882,0.7897107978491499,0.7692469720905739,0.6949134199134198,0.6226615195350614,0.1834827021297099,0.1855674709562109
0.231825645618749,0.1752153957645543,0.366904196357878,0.8377849608710446,0.3530790539100788,0.2229126652355665,0.7893329457927626,0.7687467087941022,0.6936868686868687,0.6215585627624826,0.1832899681989014,0.1853887399463807
0.2394387221973428,0.1838312263467268,0.3676959619952495,0.8289384144266758,0.3581930534839121,0.2292396339396678,0.7933439906990264,0.7724065297525013,0.6987734487734488,0.6271581894540365,0.1879798271819087,0.1911974977658623
0.2443648305717271,0.1885014896529511,0.3664291369754553,0.8236645117386867,0.3621350948220754,0.232064173539713,0.7960470861793344,0.7754081095313323,0.7027777777777778,0.6319942306876513,0.1922199736596961,0.1964253798033959
0.238543066129273,0.1819792253804654,0.3659540775930324,0.8303844845185437,0.3581930534839121,0.227318947011637,0.7937509082982125,0.7728804634017904,0.6983766233766234,0.6267339753107369,0.1887828852269442,0.192225201072386
0.2290640394088669,0.1703035671149045,0.3632620744259699,0.8419530452534877,0.3522267206477733,0.2181674387074907,0.7895073390495568,0.7685360716166403,0.6919191919191918,0.6190132779026853,0.1831614789116957,0.1865951742627346
0.2301089714882818,0.1757790482325469,0.3716547901821062,0.8384654644436883,0.3502024291497975,0.2250593153316009,0.7890132248219736,0.7678251711427067,0.6914862914862915,0.6188011708310356,0.1832257235552986,0.186550491510277
0.2404090162710852,0.1879378371849585,0.3737133808392716,0.8262164001361008,0.3568080119326656,0.2343238052197492,0.792413893329458,0.7717219589257504,0.6961038961038961,0.625715861366818,0.18823680575632,0.1919571045576407
0.2441409165547096,0.1903534906192125,0.3705463182897863,0.8228138822728821,0.3605369699552525,0.2348887131397582,0.795087923266967,0.7744602422327541,0.7005050505050505,0.6288126246129047,0.1920272397288876,0.1964700625558534
0.2366771159874608,0.1795635719462114,0.3653206650831354,0.8327662470227969,0.357021095248242,0.2253982600836063,0.7928789420142421,0.7724855186940495,0.6975829725829725,0.6240190047936198,0.188847129870547,0.1927613941018766
0.2279444693237796,0.167324261212658,0.3596199524940617,0.8441646818645799,0.3527594289367142,0.2147779911874364,0.7879668652812092,0.7678251711427067,0.6906926406926407,0.6167649429431978,0.1829687449808872,0.1857462019660411
0.228765487386177,0.1686126097109268,0.3604117181314332,0.8430588635590337,0.3530790539100788,0.2159078070274545,0.787559947682023,0.7668773038441284,0.6893578643578644,0.6154923005132992,0.182262053901256,0.1849419124218052
0.2343633378116136,0.1784362670102262,0.3678543151227236,0.8346376318475672,0.3545706371191136,0.2255112416676082,0.7918907135590757,0.7705107951553449,0.6947330447330448,0.6214737199338227,0.1870161575278661,0.190929401251117
0.2433945364979847,0.1823013125050326,0.3562945368171022,0.8274923443348079,0.3649051779245685,0.2240424810755847,0.7933730562418253,0.7736176935229068,0.6983044733044732,0.6250795401518687,0.1908708361440365,0.1945487042001787
0.2356321839080459,0.1736049601417183,0.355661124307205,0.8365090166723375,0.3595780950351587,0.2177155123714834,0.7908443540183112,0.7710110584518167,0.6944444444444444,0.6204131845755738,0.1879798271819087,0.1908847184986595
0.2238393790117928,0.1638618246235607,0.3615201900237531,0.8483327662470228,0.3491370125719156,0.2129702858434075,0.7888097660223805,0.7678778304370721,0.6897907647907647,0.6142620794977305,0.1827438887282772,0.1845397676496872
0.2247350350798626,0.1674047829937998,0.3665874901029296,0.8460360666893502,0.3480715959940336,0.217376567619478,0.787908734195611,0.7670616113744075,0.6887445887445888,0.6131591227251517,0.1820693199704474,0.1835120643431635
0.2369010300044782,0.1791609630405025,0.363895486935867,0.8328513099693774,0.3576603451949712,0.2246073889955937,0.7898851911059439,0.7695629278567667,0.6918470418470418,0.6179527425444366,0.1857312646558093,0.1884271671134942
0.2401851022540677,0.1840727916901521,0.3667458432304039,0.8283429738006125,0.3590453867462177,0.229126652355666,0.7930533352710362,0.7724855186940495,0.6954545454545454,0.6223221482204218,0.1891683530885612,0.192627345844504
0.232124197641439,0.1740075690474273,0.3637371338083927,0.8382953385505274,0.3543575538035372,0.220878996723534,0.7910768783607034,0.7697735650342284,0.6917027417027417,0.6187587494167056,0.1864058334136391,0.1889633601429848
0.2286908493805045,0.1655527820275384,0.3545526524148851,0.8446750595440626,0.3549968037502663,0.2117274884193876,0.7856125563144891,0.764612954186414,0.6853174603174603,0.612013744538243,0.1808165494201921,0.1827524575513851
0.2296611434542469,0.1694983493034866,0.3602533650039589,0.8420381082000681,0.353718303856808,0.2165856965314653,0.7859032117424792,0.7655344918378094,0.6853896103896104,0.6122258516098927,0.1812662619254119,0.1832439678284182
0.2363039259590983,0.1759400917948305,0.3588281868566904,0.8348928206873087,0.3589388450884295,0.2205400519715286,0.7891294869931695,0.769141653501843,0.6908008658008657,0.6191405421456752,0.1849282066107738,0.1883824843610366
0.2389908941633079,0.1768258313873903,0.3548693586698337,0.8329363729159579,0.3621350948220754,0.219749180883516,0.7922685656154629,0.7713796735123749,0.6944444444444444,0.6237220548933102,0.1873052584240789,0.1921805183199285
0.2337662337662338,0.1674853047749416,0.3475851148060174,0.8408472269479416,0.3609631365864053,0.2105976725793695,0.7894492079639587,0.7685360716166403,0.6897907647907647,0.6180375853730964,0.1836754360605184,0.1878909740840036
0.2233169129720853,0.1566953861019405,0.348535233570863,0.8525008506294658,0.353185595567867,0.2033668512032538,0.7852928353437,0.7649025803054239,0.6841991341991341,0.6097229881644254,0.1782467636760785,0.1821268990169794
0.2238393790117928,0.1613656494081649,0.3566112430720506,0.8496937733923103,0.3507351374387385,0.2094678567393515,0.7854090975148961,0.7643496577145866,0.6852092352092352,0.6109532091799942,0.1784716199286884,0.1824843610366398
0.2363785639647708,0.1770673967308157,0.3608867775138559,0.8342973800612454,0.3582995951417003,0.2220088125635521,0.79000145327714,0.7691153238546604,0.6905844155844155,0.6185466423450559,0.1838039253477241,0.1896782841823056
0.2387669801462905,0.1757790482325469,0.3532858273950911,0.8336168764886016,0.3625612614532282,0.2183934018754942,0.792588286586252,0.7711163770405477,0.6933261183261182,0.622025198320112,0.1867270566316533,0.1920464700625558
0.2336169577548887,0.1693373057412029,0.3515439429928741,0.8399115345355564,0.3594715533773706,0.2133092305954129,0.7896526667635518,0.7685097419694575,0.69004329004329,0.6185042209307259,0.1843821271401497,0.1883824843610366
0.2272727272727272,0.1628150414687173,0.3521773555027712,0.8469717591017354,0.3547837204346899,0.2089029488193424,0.7853800319720972,0.7641653501843075,0.6839105339105338,0.6100623594790651,0.1787285985030998,0.1812332439678284
0.2275712792954172,0.1658748691521056,0.3577197149643705,0.8451854372235456,0.3530790539100788,0.2130832674274093,0.7854381630576951,0.763928383359663,0.6832611832611831,0.6087048742205066,0.1779255404580643,0.1811438784629133
0.2375727720555306,0.1790804412593606,0.3623119556611243,0.8325110581830556,0.3587257617728532,0.2240424810755847,0.7895364045923557,0.7677461822011584,0.6882395382395382,0.6154074576846392,0.182647521762873,0.1879356568364611
0.2440662785490371,0.1839922699090103,0.3580364212193191,0.8262164001361008,0.3646920946089921,0.2259631680036153,0.792530155500654,0.7709583991574512,0.6932178932178932,0.6198192847749544,0.1865664450226462,0.1922698838248436
0.2360053739364084,0.1759400917948305,0.3593032462391133,0.8350629465804695,0.358619220115065,0.2207660151395322,0.7900595843627379,0.7692469720905739,0.6900793650793651,0.6157044075849489,0.1840609039221355,0.1886505808757819
0.2282430213464696,0.1684515661486432,0.3612034837688044,0.843484178291936,0.3523332623055614,0.2161337701954581,0.7858450806568813,0.7636650868878356,0.6825036075036075,0.6076867602765876,0.1780861520670714,0.1812332439678284
0.2290640394088669,0.1741686126097109,0.3707046714172605,0.8399965974821368,0.3497762625186447,0.2234775731555756,0.7869205057404447,0.7648762506582412,0.684054834054834,0.6096381453357655,0.1793068002955253,0.1819034852546917
0.2403343782654127,0.1859247926564136,0.3699129057798891,0.8273222184416469,0.358086511826124,0.231499265619704,0.7904083708763261,0.7681674565560821,0.6898989898989899,0.6164679930428881,0.1844784941055539,0.1890080428954423
0.2465293327362293,0.1915613173363395,0.3680126682501979,0.8208574345015313,0.3632005113999573,0.2347757315557563,0.7931114663566342,0.7718009478672986,0.6938672438672439,0.6207525558902135,0.1889113745141498,0.1944593386952636
0.2397372742200328,0.1827844431918834,0.3651623119556611,0.8292786662129977,0.3592584700617942,0.2276578917636425,0.789972387734341,0.767983149025803,0.6897907647907647,0.6158316718279387,0.186245221804632,0.1905272564789991
0.2317510076130765,0.1713503502697479,0.3593032462391133,0.8399115345355564,0.3555295120392073,0.2174895492034798,0.7869205057404447,0.7637704054765666,0.6848124098124098,0.6096381453357655,0.1819729530050432,0.184361036639857
0.2373488580385132,0.1730413076737257,0.3510688836104513,0.8358285130996939,0.3623481781376518,0.2156818438594508,0.7869205057404447,0.7639810426540284,0.6839466089466089,0.6087472956348365,0.1814911181780219,0.1849419124218052
0.2454844006568144,0.1854416619695628,0.3580364212193191,0.8246852670976523,0.365757511186874,0.2268670206756298,0.7914837959598895,0.769141653501843,0.6904401154401154,0.6157892504136089,0.1870482798496675,0.1913762287756926
0.2445887445887445,0.1876962718415331,0.3643705463182898,0.8239197005784281,0.3629874280843809,0.2308213761156931,0.7936055805842174,0.770589784096893,0.6924963924963925,0.6187163280023756,0.1890398638013555,0.1926720285969615
0.238393790117928,0.1785973105725099,0.3596199524940617,0.8322558693433142,0.3602173449818879,0.222686702067563,0.7915709925882866,0.7678515007898894,0.6895021645021645,0.6142620794977305,0.1857312646558093,0.1878909740840036
0.2317510076130765,0.1716724373943151,0.3600950118764845,0.8397414086423954,0.3553164287236309,0.217941475539487,0.787792472024415,0.7646392838335966,0.6851010101010101,0.6086200313918466,0.181041405672802,0.1823503127792671
0.2348858038513211,0.1743296561719945,0.3585114806017418,0.8365940796189181,0.358086511826124,0.2192972545475087,0.787792472024415,0.765376513954713,0.6858946608946609,0.6099775166504052,0.1816838521088304,0.183065236818588
0.2429467084639498,0.1868910540301151,0.366270783847981,0.825365770670296,0.3611762199019816,0.2309343576996949,0.7921232379014679,0.7695102685624012,0.6917027417027417,0.6176133712297969,0.1863094664482348,0.1890527256478999
0.2479474548440065,0.1952653192688622,0.3721298495645289,0.8180503572643757,0.3627743447688046,0.2388430685798215,0.7956111030373492,0.7720642443391258,0.6953463203463203,0.6217282484198023,0.1895859432719797,0.1930294906166219
0.2431706224809673,0.19293018761575,0.3776722090261283,0.8220483157536577,0.357553803537183,0.2391820133318268,0.7950007266385699,0.770589784096893,0.6937950937950937,0.6197344419462946,0.1885580289743342,0.1907953529937444
0.2354829078967009,0.1917223608986231,0.3916072842438639,0.8270670296019054,0.3473258043895162,0.243249350355892,0.7938381049266096,0.769141653501843,0.6912337662337662,0.6171467356721674,0.1866949343098519,0.1877569258266309
0.2423496044185699,0.2074241082212738,0.4079176563737134,0.8148179652943179,0.3467930961005753,0.2601965879561631,0.7984013951460543,0.7733807266982622,0.6963564213564214,0.6233402621643406,0.1901641450644052,0.1921358355674709
0.2567547395133602,0.2247362911667606,0.4114014251781474,0.7974651241919021,0.3558491370125719,0.2735284148683765,0.8064525505013806,0.7798051606108477,0.7046536796536796,0.6319093878589913,0.1960104076322636,0.2002234137622877
0.2600388117629497,0.2279571624124325,0.4107680126682502,0.7938924804355224,0.3584061367994886,0.275562083380409,0.8106089231216392,0.7833596629805161,0.7097041847041846,0.6369575361642558,0.2001220648228454,0.2050044682752457
0.2565308254963427,0.2190997664868347,0.4007917656373714,0.8005273902687989,0.3592584700617942,0.2658456671562535,0.8097950879232669,0.7814902580305424,0.7067099567099566,0.6337335086751793,0.1991583951688028,0.2021447721179624
0.2491416629347663,0.2140268942749013,0.4064924782264449,0.8075025518883975,0.3520136373321968,0.2642639249802281,0.8082546141549194,0.7794102159031069,0.7039321789321789,0.6314003308870318,0.1961067745976679,0.1987935656836461
0.2562322734736528,0.2250583782913278,0.4133016627078386,0.7975501871384825,0.3548902620924781,0.2744322675403909,0.8077895654701351,0.7803844128488678,0.7055194805194805,0.6339031943324991,0.1969098326427034,0.2005361930294906
0.2725779967159277,0.2463966502939045,0.4204275534441806,0.7770500170125895,0.3640528446622629,0.2919444130606711,0.8092137770672867,0.7844391785150079,0.7135281385281386,0.6439146481143682,0.2041052327262214,0.2093833780160857
0.280265711300194,0.2601658748691521,0.4311955661124307,0.765396393331065,0.3659705945024504,0.3053892215568862,0.8025868333091121,0.7834649815692469,0.7166666666666667,0.6509566028931405,0.2083132568822074,0.2144772117962466
0.2763098969995521,0.2663660520170706,0.4516231195566113,0.7643756379720995,0.3562753036437247,0.3170263247090724,0.7894782735067577,0.775434439178515,0.7088744588744589,0.6464599329741654,0.2068677524011435,0.2129133154602323
0.2724287207045828,0.2679764876399066,0.4631828978622329,0.7656515821708065,0.3496697208608566,0.3223364591571574,0.7767475657607905,0.7690626645602948,0.7018759018759019,0.6402664064819922,0.2048761684494555,0.2101429848078642
0.2813106433796088,0.2732909251952654,0.4547901821060967,0.7578257910854033,0.3588323034306414,0.32312733024517,0.7721552099985467,0.766640337019484,0.6999278499278498,0.6392482925380732,0.2061931836433137,0.2129133154602323
0.2902672040603075,0.2757065786295193,0.4405384006334125,0.751446070091868,0.3700191774984018,0.3196249011411139,0.770411277430606,0.7665876777251185,0.6989177489177488,0.6373817503075554,0.2070604863319521,0.2175156389633601
0.2882519779071503,0.2674933569530558,0.4286619160728425,0.756890098673018,0.3725761772853185,0.3096825217489549,0.7660223804679552,0.7624275934702475,0.6927849927849927,0.6308912739150724,0.2046513121968456,0.2172475424486148
0.2786983131810718,0.2541267412835172,0.4226444972288203,0.7694794147669276,0.3677818026848498,0.2981584001807705,0.7588431913965994,0.7552659294365455,0.6830086580086581,0.621176770033513,0.1996081076740226,0.2126899016979446
0.2755635169428272,0.2499396086641436,0.4210609659540776,0.7734773732562097,0.3660771361602386,0.2946559710767145,0.7509373637552681,0.7489731437598736,0.674134199134199,0.610147202307725,0.1952073495872281,0.2088918677390527
0.2828780414987311,0.2623399629599806,0.4297703879651623,0.7627594419870705,0.3683145109737907,0.3064060558129025,0.7526522307804098,0.7499736703528173,0.6767316017316017,0.6136257582827812,0.1994153737432141,0.2159070598748882
0.3004179728317659,0.2815846686528706,0.4305621536025337,0.7425995236474991,0.3805668016194331,0.320189809061123,0.7586978636826043,0.7551079515534492,0.6831529581529581,0.622110041148772,0.2077350550897818,0.2270330652368186
0.3125839677563815,0.2763507528786537,0.3944576405384007,0.7384314392650563,0.4013424248881312,0.3036944977968591,0.7639005958436275,0.7598736176935229,0.6881313131313131,0.6277520892546558,0.2125534033599948,0.2317247542448614
0.3096730855351545,0.252194218536114,0.3531274742676168,0.7528070772371556,0.4131685489026209,0.2719466726923511,0.763203022816451,0.7591890468667719,0.6855699855699855,0.6231705765070208,0.2088593363528315,0.2264075067024129
0.3035527690700104,0.236975601900314,0.3361836896278701,0.7643756379720995,0.4145535904538674,0.2552253982600836,0.7621857288184857,0.7568193786203264,0.6817099567099567,0.6168922071861876,0.2033985416465902,0.2194816800714923
0.2976563666218839,0.2382639503985828,0.3513855898653998,0.7670125893160941,0.4052844662262945,0.2615523669641848,0.7673593954367097,0.760057925223802,0.6852453102453102,0.6201162346752641,0.2053901255982782,0.2198391420911528
0.2985520226899537,0.238988646428859,0.3507521773555028,0.7661619598502893,0.4060302578308118,0.2618913117161903,0.7741607324516786,0.7667719852553976,0.6931096681096681,0.6296186314851737,0.2106581863737111,0.224798927613941
0.3013882669055083,0.221354376358805,0.3100554235946159,0.7738176250425316,0.4217984231834647,0.23500169472376,0.7796541200406917,0.7714849921011059,0.6981962481962481,0.6328850803885803,0.2118145899585622,0.2246201966041108
0.2854157336915958,0.1915613173363395,0.2853523357086303,0.7986560054440286,0.418708715107607,0.2052875381312845,0.7803226275250691,0.7722485518694049,0.6954545454545454,0.6265218682390872,0.2041373550480228,0.2132260947274352
0.2574264815644125,0.1675658265560834,0.2975455265241488,0.8272371554950665,0.3946303004474749,0.1927465823070839,0.780148234268275,0.7694576092680359,0.6897907647907647,0.6169770500148476,0.1935369888535543,0.1971849865951742
0.2439170025376922,0.1593526048796199,0.3098970704671416,0.8393160939094931,0.3808864265927977,0.1913908032990622,0.7821537567214069,0.7669036334913112,0.6857864357864357,0.6122258516098927,0.1884295396871285,0.1892314566577301
0.2451858486341244,0.1645865206538368,0.3176563737133808,0.8358285130996939,0.3790752184103984,0.1979437351711671,0.7885481761371893,0.7714323328067404,0.6905844155844155,0.6167225215288679,0.1912563040056535,0.192627345844504
0.2401104642483953,0.1583863435059183,0.3163895486935867,0.8419530452534877,0.3758789686767526,0.1930855270590893,0.7908734195611103,0.7729857819905213,0.6915945165945165,0.6171467356721674,0.1912563040056535,0.1936103663985701
0.2345126138229586,0.149287382236895,0.3102137767220903,0.8500340251786322,0.3739612188365651,0.1844989266749519,0.7889260281935765,0.770115850447604,0.6873015873015872,0.612013744538243,0.1862130994828306,0.1870866845397676
0.2280937453351246,0.1423625090587003,0.3102137767220903,0.8573494385845526,0.3693799275516727,0.1796407185628742,0.7861066705420723,0.7680621379673512,0.683982683982684,0.6064141178466891,0.1803989592367736,0.1796693476318141
0.2294372294372294,0.1472743377083501,0.3170229612034838,0.8539469207213338,0.3681014276582143,0.1855157609309682,0.7880540619096061,0.7696155871511321,0.6856421356421357,0.6072625461332881,0.1801741029841636,0.1797587131367292
0.2371249440214957,0.1567759078830823,0.3192399049881235,0.8445899965974822,0.3728958022586831,0.1929725454750875,0.7923848277866589,0.7734860452869932,0.6909090909090908,0.6140499724260807,0.1857955092994121,0.1861930294906166
0.2411553963278101,0.1590305177550527,0.3152810768012668,0.8411024157876831,0.3770509269124227,0.1931985086430912,0.7941868914401976,0.776013691416535,0.6938311688311688,0.6176133712297969,0.189842921846391,0.1908847184986595
0.2346618898343036,0.1488042515500443,0.3089469517022961,0.8501190881252126,0.374493927125506,0.1837080555869392,0.7913965993314925,0.7732490784623486,0.6905844155844155,0.6133288083824715,0.1871125244932704,0.1871313672922251
0.2266756232273473,0.1423625090587003,0.3132224861441013,0.8581150051037768,0.367355636053697,0.1806575528188905,0.7873274233396308,0.7692733017377568,0.6864357864357864,0.6088745598778263,0.1839645369567312,0.1830205540661304
0.232273473652784,0.150495208954022,0.3173396674584323,0.8506294658046956,0.3700191774984018,0.1878883741950062,0.7891004214503706,0.7704844655081622,0.6881313131313131,0.6112925804946338,0.1856670200122065,0.1849419124218052
0.2408568443051201,0.1587084306304855,0.3152810768012668,0.8413576046274244,0.3768378435968463,0.1928595638910857,0.7941287603545997,0.7754870984728804,0.69505772005772,0.6184617995163959,0.1912241816838521,0.1912868632707774
0.2390655321689804,0.1572590385699331,0.3162311955661124,0.8431439265056143,0.3752397187300234,0.1921816743870749,0.7959889550937364,0.7771985255397578,0.6999639249639249,0.6236796334789803,0.1943400468985898,0.1948614834673816
0.238393790117928,0.1491263386746115,0.3016627078384798,0.8478223885675401,0.3797144683571276,0.1813354423229014,0.7891585525359686,0.7725645076355977,0.6975468975468975,0.622110041148772,0.192669686164916,0.1919571045576407
0.2363039259590983,0.1469522505837829,0.301821060965954,0.8502041510717933,0.3781163434903047,0.1798666817308779,0.7822409533498038,0.7716166403370195,0.7015512265512265,0.6280066177406355,0.1930872763483344,0.1910634495084897
0.2470517987759367,0.1488042515500443,0.2826603325415677,0.8431439265056143,0.3921798423183464,0.1743305841147892,0.780380758610667,0.7795418641390205,0.7218614718614719,0.6503202816781912,0.1986765603417815,0.1949508489722967
0.2760113449768622,0.1647475642161204,0.2525732383214568,0.8182204831575366,0.423076923076923,0.1747825104507965,0.775526812963232,0.7868351764086361,0.7491702741702742,0.6932507529801044,0.2159262471491439,0.2087131367292225
0.3044484251380803,0.1922054915854739,0.2460807600950119,0.7874276964954067,0.4455572128702322,0.1917297480510677,0.753262607179189,0.7655081621906267,0.7557720057720058,0.7489924914096636,0.248755260030195,0.2337801608579088
0.3186296462158531,0.2311780336581045,0.2927949326999208,0.7588465464443689,0.4399105050074579,0.2356795842277708,0.7057113791600058,0.6945760926803581,0.7133116883116882,0.7902685275527087,0.2902572997976294,0.2654155495978552
0.3425884460367219,0.3034060713422981,0.384006334125099,0.7069581490302824,0.4262731728105689,0.3189470116371031,0.6291527394274088,0.5848867825171142,0.6344516594516594,0.8327747847113224,0.3546304326876746,0.3184539767649687
0.4116286012837737,0.4128351719140028,0.4527315914489312,0.6099013269819668,0.4524824206264649,0.4201785109027228,0.5319284987647144,0.4779620853080568,0.5607142857142857,0.9002672549102787,0.4558157463621471,0.4083556747095621
0.4935064935064935,0.5374828891215073,0.524148851939826,0.4973630486560054,0.486895376092052,0.5331600949045305,0.4379886644383083,0.3821484992101105,0.4696248196248196,0.93577397870445,0.5664771449680384,0.515638963360143
0.5866547245857591,0.6655125211369677,0.5783056215360254,0.3766587274583191,0.5351587470701044,0.6423003050502767,0.318616480162767,0.2654818325434439,0.344011544011544,0.9382344207355874,0.6900517169381003,0.6393208221626453
0.6951783848335572,0.785892583943957,0.5847980997624703,0.2512759441987071,0.6103771574685701,0.729070161563665,0.1897398633919488,0.1544233807266982,0.23001443001443,0.948712510075086,0.8334778837814397,0.7771224307417337
0.8049708911777879,0.8598115790321282,0.4972288202692004,0.1496257230350459,0.7183038568080119,0.749632809851994,0.1029501525940997,0.0969194312796208,0.1561688311688311,0.9277987528104188,0.9348559313867206,0.8852100089365506
0.8823705030601583,0.8602947097189789,0.3339667458432304,0.1053079278666212,0.8284679309610057,0.6917862388430686,0.0946374073535823,0.1211163770405476,0.1464646464646465,0.8520341068171213,0.945681153833799,0.927703306523682
0.8765487386177042,0.8006280698929061,0.2288202692003167,0.1400986730180332,0.8595780950351588,0.6124731668737995,0.1462868769074262,0.1659031068983676,0.1107503607503607,0.6382301785941544,0.839163534740291,0.8903932082216265
0.8143006418868489,0.7232466382156374,0.208867775138559,0.2164001361007144,0.8218623481781376,0.5510111851768161,0.2141549193431187,0.2098209583991574,0.0622294372294372,0.3808170364399949,0.6834345186470078,0.8136729222520107
0.748320644872369,0.6307271116837104,0.1667458432304038,0.3029091527730521,0.7890475175793734,0.4710202237035362,0.2879813980526085,0.2653765139547129,0.052994227994228,0.1930174352012895,0.5543991519707044,0.7368185880250224
0.6939095387371249,0.5718656896690555,0.1665874901029295,0.3650051037767948,0.7501598124866823,0.4297819455428764,0.3600639441941577,0.3342548709847287,0.0975108225108225,0.1141560259619055,0.4597989142655231,0.6713583556747096
0.6277056277056278,0.558096465093808,0.2799683293745051,0.4100034025178632,0.6648199445983379,0.4605129363913682,0.434762389187618,0.4041337546076882,0.179004329004329,0.1472023077249395,0.3922777938389387,0.6084003574620196
0.5333631885356023,0.5332152347209921,0.4311955661124307,0.4768628785301123,0.5466652461112295,0.497005988023952,0.5148670251416946,0.4759083728278041,0.2763708513708514,0.2297119585966996,0.3401111432334329,0.5389186773905272
0.4218540080609046,0.4632418069087688,0.530166270783848,0.5774072813882273,0.4337310888557426,0.4832222347757315,0.5985467228600494,0.5560821484992101,0.3865440115440115,0.3291053323717813,0.2882335935241399,0.4502680965147452
0.3133303478131065,0.376278283275626,0.5893903404592242,0.6851820347056822,0.3363520136373322,0.4433397356230934,0.6745240517366662,0.6358609794628751,0.499062049062049,0.4326984261655284,0.2449005814140246,0.3558087578194817
0.247723540826989,0.2853691923665352,0.5498020585906572,0.7705852330724737,0.3028979330918389,0.3654954242458478,0.7325098096206947,0.6991837809373355,0.5849206349206348,0.5078691723582065,0.2039446211172143,0.270017873100983
0.2161516644275265,0.2128995893389161,0.4744259699129058,0.8268969037087446,0.305668016194332,0.2876511128686024,0.7762534515332074,0.7479989468141127,0.6504689754689754,0.5630170109871464,0.1745205743471138,0.2072832886505808
0.2080161218092252,0.1715919156131733,0.4102929532858275,0.8533514800952705,0.3214361815469848,0.2359055473957745,0.8055224531318123,0.7809373354397051,0.69505772005772,0.6008144911551351,0.1675179081944043,0.1836461126005361
0.2003284072249589,0.1408325952170061,0.3661124307205067,0.8739367131677442,0.330811847432346,0.1985086430911761,0.8215956982996657,0.7978936282253817,0.7168109668109667,0.6184617995163959,0.1655584465645176,0.1734584450402145
0.1921928646066577,0.1177228440293099,0.337925574030087,0.8907791765906772,0.3345408054549328,0.1721839340187549,0.8262461851475076,0.8047130068457082,0.725937950937951,0.6240190047936198,0.1607400982943047,0.1629133154602323
0.1836094939543215,0.106047185763749,0.3331749802058591,0.9018373596461382,0.3299595141700405,0.1623545362105976,0.8301700334253742,0.8087151132174829,0.731998556998557,0.6283884104696051,0.1559538723458931,0.1539320822162645
0.183982683982684,0.1101537966019808,0.3404592240696754,0.899455597141885,0.3277221393564883,0.1677776522426844,0.8377270745531172,0.8167719852553976,0.7437229437229437,0.6394179781953931,0.1564357071729144,0.1514745308310992
0.193312434691745,0.1170786697801755,0.334283452098179,0.8904389248043553,0.3365650969529086,0.1704892102587278,0.8439180351693067,0.8243285939968406,0.7544011544011544,0.6504051245068512,0.1591661045260351,0.1520107238605898
0.1922675026123302,0.1124084064739511,0.3273159144893112,0.8935862538278327,0.3381632218197314,0.1647271494746356,0.8474349658479872,0.8287519747235387,0.7606421356421356,0.6556229584694354,0.159390960778645,0.1514298480786416
0.1886848783400507,0.1017795313632337,0.3140142517814726,0.9011568560734944,0.340080971659919,0.1525251384024404,0.8455166400232524,0.8277251184834123,0.7601010101010102,0.6528655665379884,0.1561144839549002,0.1475871313672922
0.1868189281982385,0.1003301393026813,0.3151227236737925,0.9030282408982648,0.3383763051353079,0.1518472488984295,0.8448190669960761,0.8279357556608742,0.760966810966811,0.6519747168370594,0.1545083678648292,0.1445487042001787
0.186893566203911,0.1044367501409131,0.3231987331749802,0.9008166042871726,0.335712763690603,0.1576093096825217,0.8479290800755704,0.8302527646129542,0.7667388167388167,0.6576591863572733,0.1564678294947158,0.1473637176050044
0.196372592924317,0.1145824945647797,0.3228820269200317,0.8900986730180334,0.3425314297890475,0.1647271494746356,0.8530446156081966,0.8366245392311742,0.7752164502164502,0.6671191617528529,0.161221933121326,0.1528150134048257
0.1993581131512165,0.1181254529350189,0.3235154394299287,0.8864409663150732,0.344449179629235,0.1674387074906789,0.8554570556605146,0.8393364928909952,0.7799062049062049,0.672549102787087,0.161832257235553,0.1519660411081322
0.1919689505896402,0.1106369272888316,0.3244655581947743,0.8946070091867984,0.3388024717664606,0.1624675177945994,0.8526958290946084,0.8364928909952607,0.7767676767676767,0.6693250752980106,0.1566926857473258,0.1449508489722966
0.1858486341244962,0.1042757065786295,0.3249406175771971,0.9014971078598164,0.3343277221393565,0.1581742176025307,0.8508065688126726,0.8349131121642971,0.7753968253968253,0.6664404191235735,0.1533519642799782,0.1394995531724754
0.1917450365726228,0.108865448103712,0.3214568487727632,0.8957128274923444,0.3396548050287662,0.1602078861145633,0.8540619096061619,0.8377830437072143,0.7804473304473304,0.6706401391422391,0.1549259580482477,0.1425826630920464
0.2011494252873563,0.1206216281504147,0.3246239113222486,0.8841442667574005,0.3453015128915406,0.1695853575867134,0.8592065106815869,0.8436282253817798,0.7885642135642135,0.6783608365502906,0.159005492917028,0.1495084897229669
0.1956262128675922,0.1175618004670263,0.330166270783848,0.888907791765907,0.339548263370978,0.1693593944187097,0.8612992297631159,0.8449447077409163,0.7903318903318903,0.6802698001951385,0.158395168802801,0.1489722966934763
0.1861471861471861,0.1085433609791448,0.3326999208234362,0.8990302824089828,0.3319838056680161,0.1639362783866229,0.8608923121639297,0.8431542917324907,0.7894300144300144,0.6785305222076105,0.1535768205325881,0.1422698838248436
0.1810718017614569,0.0998470086158305,0.3263657957244656,0.906515821708064,0.3304922224589814,0.1555756411704892,0.8581601511408226,0.8420221169036335,0.7869408369408369,0.675306494718534,0.1481160258263467,0.1355674709562109
0.1842812360053739,0.1061277075448908,0.3320665083135392,0.901412044913236,0.330811847432346,0.1620155914585922,0.8604272634791454,0.8460242232754082,0.7927489177489178,0.6791668434225598,0.1492724294111978,0.1370420017873101
0.1901776384535005,0.1165150173121829,0.3398258115597783,0.8925654984688671,0.3324099722991689,0.1720709524347531,0.8666472896381341,0.8523433385992627,0.8022366522366522,0.6882026046748398,0.1547332241174392,0.1449508489722966
0.190252276459173,0.1147435381270633,0.3361836896278701,0.8934161279346717,0.3336884721926273,0.1694723760027116,0.8699898270600203,0.8547130068457082,0.8058080808080808,0.6934204386374242,0.1558575053804889,0.1466934763181412
0.1792058516196447,0.1040341412352041,0.3385589865399842,0.905410003402518,0.3250585979117835,0.1629194441306067,0.866560093009737,0.8521327014218009,0.8039682539682539,0.6907903109489671,0.1510391571102759,0.1394548704200178
0.1687565308254963,0.0992028343666961,0.3510688836104513,0.9139162980605648,0.313339015555082,0.1639362783866229,0.864467373928208,0.8510005265929437,0.8024170274170274,0.6883722903321597,0.1468953775978927,0.1332886505808757
0.1729362591431557,0.108462839198003,0.3605700712589073,0.906685947601225,0.3131259322395056,0.1738786577787821,0.8687981398052609,0.8552922590837283,0.8088023088023087,0.6950324523819624,0.1488548392277794,0.1342269883824843
0.1836094939543215,0.1221515419921088,0.3648456057007125,0.8933310649880913,0.3193053483912209,0.1849508530109592,0.876733032989391,0.8645076355976831,0.8206709956709956,0.7063589700080601,0.1530307410619639,0.139142091152815
0.1805493357217495,0.1187696271841532,0.3648456057007125,0.8969037087444709,0.3170679735776688,0.1825782397469212,0.879087341956111,0.8679568193786203,0.8257215007215006,0.7099647902261063,0.1520670714079214,0.1388293118856121
0.1721898790864308,0.1052419679523311,0.3558194774346793,0.9087274583191562,0.3141913488173876,0.1699243023387187,0.8770818195029793,0.8673775671406003,0.8249278499278498,0.7066983413226998,0.1462850534836658,0.1311438784629133
0.1724884311091207,0.1035510105483533,0.3518606492478227,0.9094930248383803,0.3156829320264223,0.1672127443226754,0.8768492951605871,0.8684044233807267,0.8252886002886003,0.7052135918211514,0.1414988275352542,0.1247542448614834
0.1748768472906404,0.1128110153796602,0.3648456057007125,0.9031983667914256,0.3131259322395056,0.1783979211388544,0.8819066996076151,0.8738546603475512,0.8339466089466089,0.7124676536715735,0.1419164177186727,0.1252457551385165
0.1780116435288849,0.12086319349384,0.3740300870942201,0.8972439605307929,0.3121670573194118,0.1873234662749972,0.8886789710797849,0.8822538177988414,0.8455627705627705,0.7221821575531329,0.1440364909575664,0.1296246648793565
0.1799522316763696,0.1199774539012803,0.3683293745051465,0.8965634569581492,0.3155763903686341,0.1846119082589537,0.891585525359686,0.8863085834649815,0.8508658008658008,0.7259576634284988,0.1428158427291124,0.12828418230563
0.1758471413643827,0.1170786697801755,0.3713380839271575,0.9003912895542703,0.3116343490304709,0.1837080555869392,0.8924865571864554,0.8877567140600315,0.8529581529581528,0.7251940779705596,0.1367126015868426,0.1211796246648793
0.1692043588595312,0.1164344955310411,0.3843230403800476,0.9045593739367132,0.3024717664606861,0.1878883741950062,0.8930388024996367,0.8899157451290152,0.8573232323232324,0.7274424129300472,0.1318942533166297,0.1140750670241286
0.1670398566950291,0.1225541508978178,0.4006334125098971,0.902517863218782,0.2954400170466652,0.1980567167551689,0.8982124691178608,0.8964454976303318,0.8658369408369408,0.7335086751792306,0.1314766631332112,0.1133601429848078
0.1697268248992386,0.1296400676382962,0.4090261282660333,0.8973290234773733,0.2944811421265715,0.2059654276352954,0.906118296759192,0.9065034228541338,0.8787157287157287,0.7445806643193484,0.1336609810157078,0.1172475424486148
0.167487684729064,0.1279491102343184,0.4104513064133018,0.899455597141885,0.2924568506285958,0.2052875381312845,0.9115535532626072,0.9127435492364404,0.8875180375180374,0.7508590336401817,0.1322475988564453,0.1157730116175156
0.1600985221674877,0.1167565826556083,0.4042755344418053,0.9095780877849609,0.2892606008949499,0.1952321771551237,0.9138787966865282,0.915771458662454,0.8921356421356421,0.7523437831417301,0.1262086023577784,0.1081322609472743
0.1509926854754441,0.1069329253563089,0.404117181314331,0.9199557672677782,0.28276155976987,0.1883403005310134,0.916029646853655,0.919720905739863,0.897041847041847,0.7534043184999788,0.1196877710320901,0.1016979445933869
0.1571876399462606,0.1162734519687575,0.4093428345209819,0.9114494726097312,0.2854251012145749,0.1967009377471472,0.9229472460398198,0.9290679304897314,0.9109668109668108,0.7626521868239089,0.1182101442292248,0.1013404825737265
0.1593521421107628,0.1296400676382962,0.4310372129849565,0.9031983667914256,0.2796718516940123,0.2137611569314202,0.9328004650486847,0.9402053712480252,0.9253968253968254,0.7737665973783566,0.1190132022742603,0.1024575513851653
0.1556948798328108,0.1355181576616474,0.4503562945368172,0.90217761143246,0.2706158107820158,0.2248333521635973,0.93881703240808,0.9487098472880464,0.9349927849927848,0.7796631739702202,0.1158330924159198,0.0983467381590705
0.1412151067323481,0.1250503261132136,0.4604908946951703,0.915957808778496,0.2568719369273385,0.2211049598915377,0.9396889986920506,0.9497630331753556,0.937049062049062,0.775251346879905,0.105136359256047,0.0850312779267202
0.1310643379608896,0.1233593687092358,0.4787015043547111,0.9226777815583532,0.2435542297038141,0.2264150943396226,0.942886208399942,0.9538441284886784,0.9432178932178932,0.7766512535527935,0.097330635058302,0.0757819481680071
0.135094790267204,0.1379338110959014,0.498812351543943,0.9126403538618576,0.2396121883656509,0.243814258275901,0.9500072663856998,0.9630068457082674,0.9557720057720056,0.7867475501633225,0.0967524332658764,0.0776139410187667
0.1376324824600686,0.1493679040180368,0.515914489311164,0.9051548145627764,0.2356701470274877,0.257936956276127,0.9578549629414328,0.9724065297525012,0.9674603174603176,0.7954015186866331,0.0963027207606565,0.0791331546023235
0.1292730258247499,0.1463080763346485,0.5276326207442598,0.9115345355563116,0.2257617728531855,0.2599706247881595,0.9636390059584362,0.9775408109531332,0.9757575757575756,0.8003224027489078,0.0917734733866564,0.0746201966041108
0.1157635467980295,0.1333440695708189,0.530799683293745,0.926080299421572,0.215107607074366,0.2519489323240311,0.9641912512716176,0.9776197998946812,0.9757936507936508,0.7951045687863234,0.0813015964793935,0.063047363717605
0.1041200179131213,0.1312505032611321,0.5513855898653999,0.9338210275603948,0.1998721500106541,0.2578239746921251,0.9658770527539602,0.9793575566087416,0.9775252525252524,0.7922623340262165,0.0729819151328258,0.0537086684539767
0.1065830721003134,0.1437313793381109,0.5707046714172606,0.9258251105818306,0.1950777754101854,0.2735284148683765,0.970207818631013,0.984149552395998,0.9845238095238096,0.7967590039451916,0.0715042883299604,0.0540661304736371
0.1120316465144051,0.1555680811659553,0.5822644497228822,0.916468186457979,0.1950777754101854,0.2859563891085753,0.9745967155936636,0.9886782517114272,0.9913419913419912,0.801849573664786,0.071697022260769,0.0585790884718498
0.1053888640095536,0.1558096465093808,0.5969912905779889,0.9201258931609392,0.1853824845514596,0.2913795051406621,0.9758174683912222,0.9889942074776198,0.9924963924963924,0.8016798880074661,0.0679708329318043,0.0573726541554959
0.0949395432154052,0.1506562525163056,0.6091844813935076,0.928802313712147,0.1737694438525463,0.2921703762286747,0.972474930969336,0.9842812006319116,0.9867965367965368,0.7919653841259068,0.0576595676335485,0.0459338695263628
0.090013434841021,0.1560512118528061,0.6300870942201109,0.928802313712147,0.163221819731515,0.3033555530448536,0.97000435983142,0.9817008952080042,0.9838744588744588,0.7858567004623935,0.0499180880794063,0.0375335120643431
0.0982982534706672,0.1725581769868749,0.6451306413301664,0.9152773052058524,0.1641806946516087,0.3203027906451248,0.9723586687981398,0.9827277514481304,0.9866883116883116,0.7883595639078608,0.0503999229064276,0.0398123324396783
0.1067323481116584,0.184958531282712,0.6516231195566112,0.90396393331065,0.1679096526741956,0.3313749858773019,0.9732015695393113,0.9844128488678252,0.99004329004329,0.7931956051414755,0.0564067970832931,0.0490616621983914
0.1051649499925362,0.1834286174410177,0.6519398258115598,0.9056651922422594,0.1667376944385254,0.3303581516212857,0.9693067868042436,0.9800947867298578,0.986075036075036,0.7931107623128156,0.0609360444572933,0.0558534405719392
0.1000149276011344,0.1722360898623078,0.6406967537608869,0.9145117386866282,0.1668442360963136,0.3184950853010959,0.960470861793344,0.9688783570300156,0.9738455988455988,0.7844143723751751,0.0590087051492081,0.053976764968722
0.1003134796238244,0.1728802641114421,0.6413301662707839,0.9140013610071454,0.1668442360963136,0.3191729748051067,0.952710361866008,0.9606108478146392,0.9628787878787878,0.7790692741696009,0.0589765828274067,0.0541554959785522
0.1110613524406627,0.1845559223770029,0.6414885193982581,0.9016672337529772,0.1744086937992755,0.3274206304372387,0.9473623019909896,0.9541337546076882,0.9566378066378066,0.7796631739702202,0.0640840319938325,0.0613941018766756
0.1268846096432303,0.2004992350430791,0.6391132224861442,0.8842293297039809,0.1865544427871297,0.3377019545814032,0.9418979799447754,0.9472880463401788,0.9488455988455988,0.7808509735714589,0.0745559089010953,0.0717158176943699
0.1359158083296014,0.2064578468475723,0.6318289786223279,0.8759782238856755,0.1955039420413381,0.3392836967574285,0.9314634500799304,0.934728804634018,0.9346320346320346,0.7746574470792857,0.0822010214898332,0.0801608579088471
0.1347216002388416,0.1987277558579595,0.6193190815518608,0.8807417488941818,0.1988067334327722,0.3294542989492712,0.9178026449643948,0.918957345971564,0.9154040404040404,0.7614643872226702,0.0868587581510391,0.0850312779267202
0.1409911927153306,0.2000161043562283,0.6083927157561362,0.8764886015651583,0.206903899424675,0.3265167777652242,0.9049556750472316,0.9031068983675618,0.8943001443001443,0.7491197556526537,0.09411840287816,0.0922698838248436
0.1609941782355575,0.2154762863354538,0.5965162311955662,0.8569241238516503,0.2252290645642446,0.333069709637329,0.896323208835925,0.8921274354923643,0.8796176046176046,0.7441140287617191,0.1080273682181748,0.10875781948168
0.1801015076877146,0.2273129881632981,0.5790973871733968,0.8397414086423954,0.2447261879394843,0.3352163597333634,0.8887080366225839,0.8831490258030543,0.8685064935064934,0.74322317906079,0.1260801130705727,0.1295352993744414
0.190103000447828,0.2235284644496336,0.5504354711005542,0.8360837019394354,0.261453228212231,0.3222234775731555,0.8779828513297485,0.8705634544497103,0.8522366522366521,0.7365205955966573,0.1392823873309562,0.1433869526362824
0.1943573667711598,0.211772284402931,0.5182897862232779,0.8398264715889759,0.2754101853824846,0.302564681956841,0.8646998982706002,0.8549499736703529,0.8282467532467532,0.7204428795656047,0.1449359159680061,0.148302055406613
0.2031646514405135,0.2075046300024156,0.491053048297704,0.8371044572984008,0.2907521841039846,0.2899107445486386,0.8528702223514024,0.8402580305423907,0.8093434343434343,0.7083951978958979,0.1507821785358646,0.1531277926720286
0.215927750410509,0.2125775022143489,0.4741092636579573,0.827152092548486,0.3055614745365437,0.2874251497005988,0.846969917163203,0.8320695102685624,0.7980880230880231,0.7047045348491919,0.1613504224085316,0.1645665773011617
0.2360800119420809,0.2238505515742008,0.4535233570863025,0.8097141884994896,0.326976347751971,0.287877076036606,0.8452259845952623,0.8285413375460767,0.7907647907647908,0.7044500063632122,0.1744242073817095,0.1797587131367292
0.2372742200328407,0.2186971575811256,0.4408551068883611,0.8117556992174209,0.3320903473258044,0.2798553835724776,0.8383083854090976,0.8187203791469194,0.7770923520923521,0.6948203453103127,0.1793710449391282,0.184361036639857
0.2319002836244215,0.2095981963121024,0.434362628661916,0.8195814903028241,0.3303856808011932,0.2711558016043385,0.8281645109722424,0.8071616640337019,0.7604256854256854,0.680694014338438,0.1779897851016671,0.1808310991957104
0.2362292879534259,0.2071020210967066,0.4202692003167063,0.8184756719972781,0.3381632218197314,0.26437690656423,0.8210434529864845,0.7986045286993154,0.7474386724386725,0.6695796037839902,0.1782146413542771,0.179579982126899
0.2454097626511419,0.2149931556486029,0.4164687252573239,0.8091187478734264,0.346047304496058,0.2685572251722969,0.819822700188926,0.7973143759873618,0.7443362193362193,0.6682645399397616,0.1853779191159937,0.1875335120643431
0.2533960292580982,0.2236895080119172,0.4164687252573239,0.7999319496427356,0.3516940123588323,0.2746582307083945,0.8209853219008865,0.796998420221169,0.742099567099567,0.6675433758961524,0.1927981754521217,0.1975871313672922
0.2551873413942379,0.2203881149851034,0.4063341250989708,0.8006975161619598,0.3563818453015128,0.2686702067562986,0.8182822264205784,0.7943127962085308,0.7377705627705627,0.6634709201204768,0.1949824933346182,0.1991510277033065
0.2549634273772204,0.2102423705612368,0.3866983372921615,0.80614154474311,0.3628808864265928,0.2545475087560727,0.8116262171196047,0.7868878357030016,0.7273448773448773,0.6525686166376787,0.1932157656355401,0.1964700625558534
0.2523510971786833,0.2071825428778484,0.3862232779097387,0.8092888737665873,0.3611762199019816,0.2522878770760366,0.8085452695829095,0.7819905213270142,0.7203823953823953,0.6442115980146779,0.1923484629469018,0.1952189454870419
0.2563815494849977,0.2133021982446252,0.3897070467141727,0.8036747192922763,0.3628808864265928,0.2578239746921251,0.8105217264932423,0.7838335966298051,0.7218253968253967,0.6467568828744751,0.1959461629886608,0.1986595174262734
0.2648902821316614,0.2186166357999839,0.3821060965954078,0.796019054100034,0.3715107607074365,0.2588408089481415,0.8125272489463741,0.7861506055818852,0.7261544011544011,0.6528231451236585,0.2020494041309306,0.2057193923145666
0.2620540379161069,0.2099202834366696,0.371021377672209,0.8023137121469888,0.3732154272320477,0.2486724663879787,0.8129922976311583,0.7868615060558188,0.7253246753246753,0.652356509566029,0.2021136487745334,0.2054512957998212
0.2562322734736528,0.1980835816088252,0.3602533650039589,0.8118407621640015,0.3726827189431068,0.2365834368997853,0.8090684493532917,0.7830700368615061,0.719011544011544,0.6456539261018963,0.1975201567569304,0.1992403932082216
0.2542916853261681,0.1979225380465416,0.3640538400633412,0.813031643416128,0.3700191774984018,0.2378262343238052,0.8061909606161894,0.7800421274354924,0.7159090909090909,0.6433207483137489,0.1950146156564196,0.1975424486148346
0.2617554858934169,0.2067799339721394,0.3654790182106097,0.8041000340251787,0.3748135520988706,0.2446051293639136,0.8087487283825026,0.7825434439178515,0.7192640692640693,0.6460357188308659,0.1971989335389162,0.2017426273458445
0.2657113001940588,0.2110475883726548,0.3654790182106097,0.7995916978564138,0.3776901768591519,0.2475426505479606,0.8137480017439326,0.7874670879410216,0.7253246753246753,0.652398930980359,0.2014390800167036,0.20656836461126
0.2632482460068667,0.2046058458813109,0.3580364212193191,0.80435522286492,0.3784359684636693,0.240311829171845,0.8143583781427118,0.7880200105318589,0.7255772005772005,0.652398930980359,0.2003147987536539,0.2039320822162645
0.2556351694282728,0.1950237539254368,0.3553444180522566,0.8137972099353521,0.3738546771787769,0.2327420630437238,0.8103473332364481,0.7850974196945761,0.7225468975468976,0.6475628897467443,0.1941473129677813,0.1946380697050938
0.2534706672637707,0.1874547064981077,0.3450514647664291,0.8189860496767608,0.3758789686767526,0.2237035363235792,0.8087777939253015,0.7833596629805161,0.7193362193362193,0.6430662198277691,0.1905817352478237,0.1907506702412868
0.2616808478877444,0.1935743618648844,0.3396674584323041,0.8110751956447773,0.3835499680375026,0.2260761495876172,0.8117424792908008,0.7870984728804634,0.72492784992785,0.6484537394476733,0.1953358388744338,0.1981680071492403
0.2701149425287356,0.2002576696996537,0.334916864608076,0.8028240898264717,0.3911144257404645,0.229126652355666,0.8151140822554862,0.7922854133754608,0.7318542568542568,0.6571925507996437,0.2006038996498667,0.2062555853440572
0.2659352142110763,0.1987277558579595,0.3409342834520981,0.805971418849949,0.3861069678244193,0.2301434866116823,0.8150850167126871,0.791390205371248,0.7314574314574314,0.6572349722139736,0.2001541871446468,0.2050938337801608
0.2584714136438274,0.1942990578951606,0.3480601741884403,0.8126063286832256,0.378329426805881,0.2295785786916732,0.8115390204912076,0.7876777251184833,0.7259018759018759,0.6528231451236585,0.1950788603000225,0.19781054512958
0.2575757575757575,0.1926886222723247,0.3464766429136975,0.8139673358285131,0.3782228851480929,0.2278838549316461,0.8097369568376689,0.7859136387572406,0.7237734487734487,0.6507020744071608,0.1926375638431146,0.1946380697050938
0.2616808478877444,0.1986472340768178,0.3498020585906572,0.8084382443007827,0.3800340933304922,0.2333069709637328,0.8129051010027613,0.7891521853607162,0.7284992784992784,0.6527807237093285,0.1942758022549869,0.1968275245755138
0.2653381101656963,0.2057331508172961,0.3558194774346793,0.8025689009867302,0.3806733432772213,0.2404248107558468,0.8170033425374219,0.792153765139547,0.731926406926407,0.6557502227124253,0.1956891844142494,0.198302055406613
0.2680997163755784,0.2033980191641838,0.3453681710213777,0.8022286492004084,0.3862135094822075,0.23500169472376,0.8154338032262752,0.7917851500789889,0.7313492063492063,0.6544351588681967,0.1942115576113841,0.1956657730116175
0.2576503955814301,0.1900314034946453,0.3410926365795724,0.8152432800272202,0.3801406349882804,0.2241554626595865,0.8105217264932423,0.787124802527646,0.7247835497835498,0.6474356255037543,0.1890398638013555,0.1890080428954423
0.2522018211673384,0.1856027055318463,0.3439429928741093,0.8206873086083702,0.3752397187300234,0.2220088125635521,0.8084871384973114,0.7847814639283833,0.7205988455988456,0.6435752767997286,0.1864058334136391,0.1847184986595174
0.2607851918196746,0.1998550607939447,0.3539192399049881,0.8083531813542023,0.3780098018325165,0.235566602643769,0.8101438744368551,0.7868615060558188,0.7238816738816739,0.6478598396470538,0.1891683530885612,0.1884271671134942
0.2667562322734736,0.211772284402931,0.3645288994457641,0.7986560054440286,0.3787555934370338,0.2476556321319625,0.8130504287167563,0.7899157451290153,0.7274891774891774,0.6529928307809783,0.1929587870611288,0.1947721179624665
0.2663084042394387,0.2084708913761172,0.3589865399841647,0.8006124532153794,0.3802471766460686,0.2434753135238955,0.8117134137480017,0.7890468667719852,0.7243145743145742,0.6487931107623128,0.1917060165108734,0.1932975871313673
0.2571279295417226,0.1962315806425638,0.3545526524148851,0.8122660768969038,0.3752397187300234,0.2333069709637328,0.8066560093009737,0.7844128488678251,0.7176406926406926,0.6402664064819922,0.185859753943015,0.1850759606791778
0.25794894760412,0.1959900152991384,0.3523357086302454,0.8120108880571623,0.3765182186234817,0.2322901367077166,0.8022380467955239,0.7809636650868879,0.713997113997114,0.6371696432359055,0.1828723780154829,0.1825290437890974
0.2642931780862815,0.2067799339721394,0.3600950118764845,0.8026539639333107,0.3784359684636693,0.242684442435883,0.8058421741026014,0.7836229594523434,0.7172438672438672,0.6398846137530226,0.187626481642093,0.1890527256478999
0.270786684579788,0.213785328931476,0.3599366587490103,0.7952534875808098,0.3831238014063498,0.2475426505479606,0.8106670542072374,0.7877567140600317,0.7209595959595959,0.6425571628558097,0.1937297227843628,0.1978552278820375
0.2689207344379758,0.1997745390128029,0.3365003958828187,0.8037597822388567,0.3897293841892179,0.2292396339396678,0.8092428426100857,0.7861506055818852,0.7181818181818181,0.6406906206252917,0.1945327808293983,0.1995531724754245
0.2580235856097925,0.1796440937273533,0.3201900237529692,0.8206022456617897,0.3873854677178777,0.2093548751553497,0.8058421741026014,0.782490784623486,0.7128066378066378,0.6339456157468291,0.1906459798914265,0.1943699731903485
0.2588446036721898,0.1775505274176665,0.3141726049089469,0.8211976862878531,0.3900490091625825,0.2057394644672918,0.8031681441650923,0.7799894681411268,0.7093795093795093,0.6301276884571332,0.1873695030676817,0.1906613047363717
0.2630243319898492,0.1892261856832273,0.3282660332541568,0.8126063286832256,0.3883443426379714,0.2189583097955033,0.8046504868478418,0.7816482359136387,0.7125901875901876,0.6321214949306411,0.1885259066525328,0.190437890974084
0.2630243319898492,0.1978420162653998,0.3452098178939033,0.8080979925144608,0.3825910931174089,0.2310473392836967,0.8085452695829095,0.783938915218536,0.7160533910533909,0.6361091078776567,0.191063570074845,0.1934316353887399
0.2593670697118972,0.1918834044609066,0.3410926365795724,0.8132868322558694,0.3814191348817387,0.2253982600836063,0.807411713413748,0.7829647182727751,0.714069264069264,0.633988037161159,0.1912884263274549,0.1924039320822162
0.2482460068666965,0.1806908768821966,0.3428345209817894,0.825535896563457,0.3728958022586831,0.2181674387074907,0.8031390786222933,0.778251711427067,0.7075396825396826,0.6264370254104272,0.1860203655520221,0.1857015192135835
0.251679355127631,0.1831065303164506,0.3403008709422011,0.8223885675399796,0.376092051992329,0.2189583097955033,0.8006975730271764,0.7764086361242759,0.7049062049062049,0.62397658337929,0.1833542128425042,0.1829311885612153
0.2644424540976265,0.1951847974877204,0.3369754552652415,0.808693433140524,0.3863200511399957,0.2263021127556208,0.8020345879959307,0.7794365455502895,0.7065656565656565,0.6263521825817673,0.1849282066107738,0.1857015192135835
0.2672040603075086,0.2038811498510347,0.3483768804433887,0.8025689009867302,0.3845088429575964,0.2363574737317817,0.8059293707309985,0.7818588730911006,0.7103896103896103,0.6305094811861028,0.1868876682406604,0.1896336014298481
0.2644424540976265,0.2038811498510347,0.3540775930324624,0.8041000340251787,0.3805668016194331,0.238504123827816,0.8042726347914547,0.7809373354397051,0.7091269841269842,0.6302973741144531,0.1864700780572419,0.1890080428954423
0.251679355127631,0.1916418391174813,0.3570863024544735,0.8178802313712148,0.3704453441295546,0.2309343576996949,0.7997093445720098,0.7773038441284886,0.7051226551226552,0.6242735332795997,0.1837075583823199,0.1844504021447721
0.2542170473204956,0.1909976648683469,0.3504354711005542,0.8167744130656686,0.374493927125506,0.2281098180996497,0.7986339194884464,0.7755660874144287,0.7029581529581529,0.6200738132609342,0.1835469467733128,0.1850759606791778
0.2657113001940588,0.2000966261373702,0.3439429928741093,0.8053759782238858,0.3849350095887491,0.2321771551237148,0.8014532771399505,0.7784623486045287,0.7064935064935065,0.623000890849701,0.1897144325591853,0.1932082216264521
0.2702642185400806,0.2033980191641838,0.340775930324624,0.8010377679482817,0.389196675900277,0.2334199525477347,0.8052899287894202,0.7820431806213797,0.7103535353535353,0.6268612395537267,0.1944042915421927,0.1993744414655942
0.2664576802507837,0.1962315806425638,0.3347585114806017,0.8069921742089146,0.3885574259535478,0.226189131171619,0.8057840430170033,0.781042654028436,0.7086580086580087,0.6249946973232088,0.192669686164916,0.1977658623771224
0.2551873413942379,0.1773894838553829,0.3214568487727632,0.8233242599523648,0.3850415512465374,0.2082250593153315,0.8008138351983722,0.7760400210637177,0.7026334776334776,0.6177830568871167,0.1866628119880505,0.1901697944593387
0.2506344230482161,0.1690152186166358,0.314806017418844,0.8303844845185437,0.3839761346686554,0.1999774036831996,0.7985757884028485,0.7737756714060031,0.6996753246753246,0.6141348152547406,0.1840609039221355,0.1859696157283288
0.2569786535303776,0.1818181818181818,0.326682501979414,0.8200068050357264,0.3845088429575964,0.2131962490114111,0.8015114082255487,0.7775408109531332,0.7034632034632035,0.6200313918466042,0.185249429828788,0.1879803395889186
0.2597402597402597,0.1880988807472421,0.3330166270783848,0.8151582170806397,0.38429575964202,0.2198621624675177,0.805086469989827,0.7803844128488678,0.708080808080808,0.6240190047936198,0.1878192155729016,0.1912868632707774
0.2482460068666965,0.1786778323536516,0.3388756927949327,0.8266417148690032,0.3741743021521415,0.2153428991074455,0.8043307658770528,0.7794365455502895,0.7058802308802309,0.621261612862173,0.1866628119880505,0.1889186773905272
0.2426481564412599,0.1725581769868749,0.3388756927949327,0.8331064988091189,0.3702322608139782,0.2110495989153767,0.7985176573172503,0.7751184834123223,0.7005772005772005,0.6176982140584568,0.1829687449808872,0.1829311885612153
0.2415285863561725,0.1740075690474273,0.3439429928741093,0.8329363729159579,0.3676752610270616,0.213874138515422,0.7953785786949571,0.7726434965771458,0.695995670995671,0.6127349085818521,0.1791140663647168,0.1791331546023235
0.2512315270935961,0.1869715758112569,0.3486935866983373,0.8206022456617897,0.3730023439164713,0.2247203705795955,0.7984013951460543,0.7760400210637177,0.7001443001443002,0.6152801934416494,0.1823905431884616,0.1853887399463807
0.2555605314226004,0.1968757548916982,0.3593032462391133,0.8128615175229671,0.3725761772853185,0.2353406394757654,0.8031100130794943,0.7799894681411268,0.7059884559884559,0.6217282484198023,0.1881083164691143,0.1933869526362824
0.257799671592775,0.1920444480231903,0.3448931116389549,0.8141374617216741,0.3789686767526103,0.2268670206756298,0.802296177881122,0.7792785676671932,0.7045093795093795,0.6197344419462946,0.1885580289743342,0.1946380697050938
0.2501865950141812,0.1762621789193977,0.3300079176563737,0.8268118407621641,0.3785425101214574,0.2104846909953677,0.797325970062491,0.7740126382306477,0.6975468975468975,0.6130742798964918,0.1829687449808872,0.1882037533512064
0.2466039707419017,0.1773089620742411,0.3396674584323041,0.8283429738006125,0.3726827189431068,0.2146650096034346,0.7967155936637117,0.7726961558715113,0.6965007215007215,0.6127349085818521,0.181426873534419,0.1840929401251117
0.2507090610538886,0.1886625332152346,0.3532858273950911,0.8200068050357264,0.3710845940762838,0.2274319285956388,0.7994768202296179,0.775724065297525,0.7001443001443002,0.6165528358715481,0.1849603289325752,0.1878016085790884
0.2599641737572772,0.1938159272083098,0.3439429928741093,0.8120108880571623,0.3808864265927977,0.2277708733476443,0.802383374509519,0.7786729857819905,0.7050505050505049,0.6203283417469139,0.1874979923548874,0.1916890080428954
0.2548141513658755,0.1856027055318463,0.3385589865399842,0.8192412385165023,0.3789686767526103,0.2200881256355213,0.8026158988519111,0.7788572933122696,0.7042568542568542,0.6195647562889748,0.1859239985866178,0.1898123324396783
0.2442155545603821,0.1695788710846284,0.3295328582739508,0.8337870023817625,0.3743873854677178,0.20562648288329,0.7982560674320593,0.7739599789362822,0.6962121212121212,0.6106138378653545,0.1797565128007452,0.1831546023235031
0.2396626362143603,0.1647475642161204,0.3296912114014251,0.8388907791765907,0.3710845940762838,0.2023500169472376,0.7958436273797413,0.7720115850447604,0.6938672438672439,0.6081958172485471,0.1788892101121069,0.1825737265415549
0.2460068666965218,0.1751348739834125,0.336658749010293,0.8297890438924804,0.3733219688898359,0.212066433171393,0.7982851329748584,0.775434439178515,0.698051948051948,0.61468629364103,0.1826153994410716,0.1878909740840036
0.2577250335871025,0.1856027055318463,0.3323832145684878,0.8175399795848929,0.3831238014063498,0.2178284939554852,0.8029356198227001,0.7791469194312797,0.7033549783549783,0.6217706698341323,0.1876586039638945,0.1931635388739946
0.2521271831616659,0.1806103551010548,0.3344418052256532,0.8234093228989452,0.3784359684636693,0.2151169359394418,0.8013370149687545,0.777567140600316,0.7016233766233766,0.6188435922453654,0.1863415887700363,0.1902144772117962
0.2430213464696223,0.1704646106771881,0.3338083927157561,0.8339571282749235,0.3721500106541657,0.2077731329793243,0.7965121348641185,0.7730384412848869,0.6959595959595959,0.6114198447376236,0.1815232404998233,0.1836014298480786
0.241304672339155,0.1686126097109268,0.3338083927157561,0.8359135760462743,0.3709780524184956,0.2064173539713027,0.7948263333817759,0.7720115850447604,0.6943362193362193,0.6077716031052476,0.1809450387073977,0.1812779267202859
0.2491416629347663,0.178919397697077,0.3374505146476643,0.8260462742429399,0.3753462603878116,0.21500395435544,0.800058131085598,0.7764876250658241,0.7,0.6136681796971112,0.1860203655520221,0.1876675603217158
0.2501119570085087,0.1823818342861743,0.342042755344418,0.8235794487921062,0.3743873854677178,0.2190712913795051,0.8018020636535388,0.7792522380200105,0.7031385281385282,0.6186739065880458,0.1882689280781214,0.1924932975871313
0.2448872966114345,0.1744906997342781,0.337925574030087,0.8308097992514462,0.3721500106541657,0.212066433171393,0.7994477546868187,0.7757767245918905,0.6988455988455988,0.6153226148559793,0.185249429828788,0.1893655049151028
0.2395133602030153,0.1670826958692326,0.3346001583531275,0.8377849608710446,0.3693799275516727,0.20562648288329,0.7958145618369423,0.7716429699842022,0.6926046176046176,0.6083230814915369,0.180045613696958,0.1821715817694369
0.2410807583221376,0.1703035671149045,0.3376088677751386,0.8351480095270502,0.3694864692094609,0.2090159304033442,0.7948263333817759,0.7713270142180094,0.6928571428571428,0.6072625461332881,0.1798528797661495,0.1807417336907953
0.2488431109120764,0.1796440937273533,0.3395091053048298,0.8257910854031983,0.3743873854677178,0.2162467517794599,0.7979363464612702,0.7740916271721958,0.6962121212121212,0.6115895303949435,0.183643313738717,0.186148346738159
0.2507090610538886,0.1842338352524358,0.3447347585114806,0.8223035045933992,0.3739612188365651,0.2213309230595412,0.8006685074843772,0.7769878883622959,0.7003968253968255,0.6175709498154669,0.1892325977321641,0.1916443252904379
0.2492163009404388,0.1785973105725099,0.336658749010293,0.8261313371895204,0.3756658853611762,0.214439046435431,0.800145327713995,0.776119010005266,0.6988095238095238,0.6148559792983499,0.1873052584240789,0.1898123324396783
0.2390655321689804,0.165713825589822,0.3328582739509105,0.8387206532834298,0.369593010867249,0.2040447407072647,0.7945938090393838,0.7713796735123749,0.6921356421356422,0.6064565392610191,0.1807844270983906,0.1825737265415549
0.2307807135393342,0.1595941702230453,0.3385589865399842,0.846716570261994,0.3618154698487108,0.2017851090272285,0.7940415637262026,0.770115850447604,0.6906565656565655,0.60556568956009,0.1774758279528444,0.1786863270777479
0.2380206000895656,0.1769063531685321,0.3570863024544735,0.8334467505954406,0.3607500532708289,0.2206530335555304,0.7979654120040692,0.7736176935229068,0.6963203463203462,0.6127349085818521,0.1810735279946034,0.1831099195710455
0.2461561427078668,0.1836701827844432,0.3532858273950911,0.8251956447771351,0.3677818026848498,0.2240424810755847,0.7996802790292109,0.7761979989468141,0.6994588744588744,0.615619564756289,0.184253637852944,0.187444146559428
0.2476489028213166,0.1770673967308157,0.3369754552652415,0.8278325961211298,0.3743873854677178,0.2135351937634165,0.7968318558349077,0.7743022643496578,0.6965007215007215,0.6112077376659738,0.1820050753268446,0.1851653261840929
0.2393640841916703,0.1665995651823818,0.3338083927157561,0.838040149710786,0.369593010867249,0.205061574963281,0.792675483214649,0.7700368615060559,0.6909812409812409,0.6044627327875112,0.1772509717002345,0.1791331546023235
0.2397372742200328,0.167324261212658,0.3346001583531275,0.8375297720313033,0.3694864692094609,0.2058524460512936,0.7917744513878796,0.7693522906793049,0.6897907647907647,0.6030628261146227,0.1762873020461919,0.1776586237712243
0.2430213464696223,0.1762621789193977,0.3452098178939033,0.8308948621980266,0.3683145109737907,0.2159078070274545,0.7963958726929226,0.7728541337546077,0.6946969696969697,0.6095533025071057,0.1807523047765892,0.1836461126005361
0.2360800119420809,0.1757790482325469,0.3589865399841647,0.8351480095270502,0.3587257617728532,0.2205400519715286,0.8018601947391367,0.775618746708794,0.6977994227994228,0.6141772366690706,0.1834184574861071,0.1871760500446827
0.2345126138229586,0.1703840888960463,0.3517022961203483,0.8388907791765907,0.3600042616663115,0.2141001016834255,0.8009010318267694,0.7749341758820432,0.6970779220779221,0.6132863869681415,0.1821014422922489,0.1838248436103663
0.2308553515450067,0.1676463483372252,0.3540775930324624,0.84237835998639,0.3567014702748775,0.2129702858434075,0.8011335561691614,0.7730647709320695,0.6953102453102452,0.6112925804946338,0.180045613696958,0.1802502234137623
0.2339155097775787,0.1774700056365247,0.366904196357878,0.8354882613133721,0.3544640954613254,0.2244944074115918,0.8036622583926755,0.7750658241179568,0.6970779220779221,0.6140075510117508,0.1817802190742347,0.1817247542448614
0.2486191968950589,0.1993719301070939,0.3786223277909739,0.8154984688669616,0.3610696782441934,0.2440402214439046,0.8093300392384828,0.7802790942601369,0.7056637806637807,0.6228312051923811,0.1879155825383058,0.1901697944593387
0.2548141513658755,0.2155568081165955,0.3973079968329375,0.803419530452535,0.3591519284040059,0.2621172748841938,0.8144455747711088,0.7857293312269615,0.713059163059163,0.6333092945318798,0.1950788603000225,0.1992403932082216
0.2492909389461113,0.2104034141235204,0.3990498812351545,0.8092888737665873,0.3546771787769017,0.259066772116145,0.8152594099694812,0.7843075302790943,0.7098124098124098,0.6303397955287829,0.1930872763483344,0.1975424486148346
0.2348858038513211,0.1993719301070939,0.4079176563737134,0.8233242599523648,0.3413594715533773,0.2545475087560727,0.8136898706583345,0.7815955766192733,0.7047258297258296,0.6224918338777415,0.1871767691368732,0.191331546023235
0.2388416181519629,0.2017070617602061,0.404117181314331,0.8198366791425656,0.345514596207117,0.2547734719240763,0.8132248219735503,0.7819641916798314,0.7063492063492063,0.6251219615661987,0.1868234235970576,0.1898123324396783
0.2549634273772204,0.2195828971736855,0.4050673000791767,0.8012078938414428,0.3567014702748775,0.2676533725002825,0.8174393256794071,0.786176935229068,0.713997113997114,0.6341153014041488,0.1930872763483344,0.1957551385165326
0.2647410061203164,0.2368145583380304,0.4182106096595408,0.786577067029602,0.3592584700617942,0.28437464693255,0.8165382938526378,0.7881253291205897,0.7176767676767677,0.641326941840241,0.1992868844560084,0.203083109919571
0.2613822958650544,0.2422900394556728,0.4359461599366588,0.7855563116706363,0.3509482207543149,0.2945429894927126,0.8071791890713559,0.7839652448657188,0.7165945165945166,0.6430662198277691,0.2014390800167036,0.2062555853440572
0.257799671592775,0.2449472582333521,0.4489311163895487,0.7861517522966996,0.3440230129980822,0.3010959213648175,0.7922976311582619,0.775144813059505,0.7071428571428572,0.6344970941331185,0.1971668112171148,0.2039320822162645
0.2668308702791461,0.2577502214348981,0.454948535233571,0.7743280027220143,0.3483912209673982,0.3121681165969946,0.7837814271181514,0.7715376513954713,0.7040764790764791,0.6317821236160014,0.1969740772863062,0.2053172475424486
0.2758620689655172,0.2713584024478621,0.4625494853523357,0.7619088125212657,0.3523332623055614,0.3244831092531917,0.7824734776921959,0.7727488151658768,0.7055555555555555,0.6355576294913673,0.1999293308920369,0.2086684539767649
0.2798925212718316,0.2665270955793543,0.4444972288202693,0.7621640013610071,0.3612827615597698,0.3146537114450344,0.7783461706147362,0.7697472353870458,0.7010461760461759,0.6305943240147627,0.1987408049853843,0.2085790884718498
0.2676518883415435,0.2462356067316209,0.4304038004750594,0.7799421571963253,0.3572341785638184,0.2953338605807253,0.7718064234849585,0.7632174828857293,0.6899350649350648,0.6181224282017563,0.1927018084867174,0.2027703306523681
0.2604120017913121,0.2389081246477172,0.4315122723673792,0.7879380741748895,0.3516940123588323,0.2907016156366512,0.7591629123673885,0.7538967877830437,0.677994227994228,0.6067110677469987,0.1880440718255115,0.1992403932082216
0.2660844902224212,0.2429342137048071,0.4273950910530483,0.7825791085403199,0.3571276369060302,0.2919444130606711,0.7564016858014824,0.7517114270668773,0.6770923520923521,0.6070928604759683,0.1910956923966464,0.204781054512958
0.2871324078220629,0.2600048313068685,0.4161520190023753,0.7614834977883634,0.3758789686767526,0.2999661055247994,0.7609359104781281,0.7576092680358083,0.6842352092352092,0.61468629364103,0.197263178182519,0.2134941912421805
0.299970144797731,0.2717610113535711,0.4121931908155187,0.7480435522286493,0.3864265927977839,0.3068579821489097,0.7670106089231217,0.7628751974723539,0.6897186147186147,0.6193950706316549,0.2011821014422922,0.219615728328865
0.2956411404687267,0.2525163056606812,0.3835312747426763,0.7606328683225588,0.393032175580652,0.2831318495085301,0.7677663130358959,0.7616903633491311,0.686976911976912,0.6169770500148476,0.1992868844560084,0.2164432529043789
0.2919838781907747,0.2306143811901119,0.3482185273159144,0.7743280027220143,0.4021947581504367,0.2551124166760818,0.7665455602383374,0.7591890468667719,0.6821789321789321,0.6104017307937047,0.1954643281616395,0.2110813226094727
0.2895208240035826,0.223770029793059,0.3401425178147268,0.779346716570262,0.4032601747283187,0.2474296689639588,0.7707600639441942,0.7612427593470248,0.6827561327561328,0.6102320451363848,0.1961710192412707,0.2112153708668454
0.2893715479922377,0.2281182059747162,0.3488519398258116,0.7771350799591699,0.4001704666524611,0.2535306745000565,0.7785205638715303,0.7675355450236967,0.6926046176046176,0.6212191914478429,0.2028845844977675,0.2190348525469169
0.2933273622928795,0.224172638698768,0.3326999208234362,0.7768798911194283,0.4084807159599403,0.2450570556999208,0.7841011480889405,0.7734860452869932,0.7005050505050505,0.6273702965256862,0.2067392631139378,0.2229222520107238
0.2842961636065084,0.1968757548916982,0.2981789390340459,0.7964443688329365,0.4135947155337737,0.2136481753474183,0.7858741461996803,0.7753554502369668,0.7003968253968255,0.6241886904509397,0.2033342970029873,0.2168007149240393
0.2648156441259889,0.1631371285932845,0.2733174980205859,0.8254508336168767,0.4080545493287875,0.1811094791548977,0.7873564888824299,0.7743285939968404,0.6969696969696969,0.6162983073855682,0.194050946002377,0.2031277926720285
0.2456336766681593,0.1490458168934697,0.2861441013460016,0.8437393671316775,0.3900490091625825,0.1756863631228109,0.7891876180787676,0.7729857819905213,0.6938311688311688,0.611038052008654,0.1877549709292987,0.1923145665773011
0.2375727720555306,0.1500926000483131,0.305304829770388,0.8478223885675401,0.3779032601747283,0.1832561292509321,0.7944484813253888,0.7746445497630332,0.6956709956709956,0.6125652229245324,0.187851337894703,0.1911528150134048
0.2333184057321988,0.1514614703277236,0.3170229612034838,0.8495236474991493,0.3708715107607074,0.1884532821150152,0.7966865281209126,0.7766456029489205,0.6971500721500722,0.6131167013108217,0.1865022003790434,0.1899910634495085
0.2259292431706225,0.1429261615266929,0.3157561361836897,0.8582000680503574,0.3659705945024504,0.1820133318269122,0.794913530010173,0.7740126382306477,0.6918470418470418,0.6058626394603996,0.1793710449391282,0.1819928507596068
0.2163009404388714,0.1347129398502295,0.3200316706254949,0.8680673698536918,0.3577668868527594,0.1777200316348435,0.7911640749891004,0.7703264876250658,0.6858946608946609,0.5983540491239978,0.1731714368314542,0.1743074173369079
0.216077026421854,0.141718334809566,0.3344418052256532,0.864494726097312,0.3526528872789261,0.1877753926110044,0.7911931405318995,0.7712216956292786,0.6866522366522366,0.5995418487252365,0.1734605377276669,0.174396782841823
0.2288401253918495,0.1534745148562686,0.3304829770387966,0.8509697175910174,0.3630939697421692,0.1946672692351147,0.7958145618369423,0.7751184834123223,0.6927128427128427,0.6064141178466891,0.1792746779737239,0.1813226094727435
0.2313778175847141,0.15130042676544,0.3208234362628662,0.850714528751276,0.3682079693160025,0.1896960795390351,0.7998546722860049,0.7790416008425487,0.6979797979797979,0.6133288083824715,0.1829366226590858,0.1865058087578195
0.2301089714882818,0.139705290281021,0.3007125890736342,0.8576046274242941,0.3740677604943533,0.1743305841147892,0.7986920505740445,0.777751448130595,0.6955627705627705,0.6090866669494761,0.1805916931675821,0.1855227882037533
0.2145096283027317,0.1270633706417586,0.3089469517022961,0.8730860837019395,0.3602173449818879,0.1684555417466952,0.794942595552972,0.7743812532912059,0.6891053391053391,0.6006023840834853,0.1735247823712697,0.1770330652368185
0.2182415285863561,0.1357597230050728,0.3182897862232778,0.8664511738686629,0.3596846366929469,0.1778330132188453,0.7955820374945501,0.7742496050552922,0.6897546897546898,0.6029779832859627,0.1733641707622627,0.1751563896336014
0.2305567995223167,0.1474353812706337,0.3149643705463184,0.8531813542021097,0.369593010867249,0.1849508530109592,0.800029065542799,0.7786466561348078,0.6968253968253968,0.611971323123913,0.1794031672609296,0.1818141197497765
0.2346618898343036,0.1477574683952009,0.3068883610451306,0.850714528751276,0.3752397187300234,0.1822392949949157,0.8011626217119605,0.7813059505002633,0.7002164502164502,0.6149832435413397,0.1839324146349298,0.1870866845397676
0.2276459173010896,0.1405910298735808,0.307680126682502,0.8584552568900987,0.3699126358406137,0.1774940684668399,0.7984595262316524,0.7785676671932595,0.6974386724386724,0.611886480295253,0.18303298962449,0.1858355674709562
0.2219734288699806,0.1302842418874305,0.2994457640538401,0.867216740387887,0.3686341359471553,0.1673257259066772,0.7937218427554135,0.7748025276461294,0.6954545454545454,0.611038052008654,0.181426873534419,0.1825290437890974
0.2264517092103299,0.1336661566953861,0.2965954077593032,0.8628785301122832,0.3727892606008949,0.1686815049146989,0.7907862229327133,0.7767509215376514,0.7032106782106782,0.6215161413481526,0.1860846101956249,0.185656836461126
0.2483952828780415,0.1480795555197681,0.2783847980997624,0.8427186117727118,0.3946303004474749,0.1722969156027567,0.7891585525359686,0.7857293312269615,0.7262626262626263,0.6487931107623128,0.1950788603000225,0.1933422698838248
0.2642931780862815,0.1517835574522908,0.2517814726840855,0.8317454916638313,0.4149797570850202,0.1654050389786464,0.785118442086906,0.792259083728278,0.7524170274170274,0.6911721036779367,0.2106581863737111,0.2040214477211796
0.2843708016121809,0.1612851276270231,0.2280285035629454,0.8152432800272202,0.437246963562753,0.1635973336346176,0.7608487138497312,0.7719852553975777,0.7549783549783549,0.7408900012726425,0.238122771513925,0.223011617515639
0.2992984027466785,0.2031564538207585,0.278701504354711,0.7846206192582511,0.4308544640954613,0.2110495989153767,0.713791600058131,0.7051342812006319,0.7125901875901876,0.7852628006617741,0.2805563586136006,0.2561215370866845
0.328855052992984,0.2961591110395362,0.3988915281076802,0.7186117727118069,0.411570424035798,0.3191729748051067,0.6441214939689,0.605134281200632,0.6428210678210678,0.84418614516608,0.3489126594070219,0.3123324396782841
0.4023734885803851,0.4266849182703922,0.4994457640538401,0.6078598162640354,0.4301086724909439,0.4466162015591458,0.553262607179189,0.5058188520273829,0.5761183261183261,0.9237262970347432,0.4550769329607144,0.4063896336014297
0.4780564263322884,0.5444077622997021,0.5705463182897863,0.5025518883974142,0.4602599616450032,0.554626595864874,0.4573753814852492,0.4103738809899947,0.4854978354978355,0.9563907860688076,0.5628794449262793,0.5125111706881145
0.5593372145096283,0.6653514775746839,0.6359461599366589,0.3923103096291255,0.4962710419774131,0.6627499717546039,0.3427118151431478,0.3002632964718273,0.3656565656565657,0.9609298774021128,0.6845587999100575,0.630875781948168
0.6646514405135094,0.7856510186005313,0.6490894695170231,0.2687138482477033,0.5670147027487747,0.7517794599480285,0.2194448481325388,0.1953659820958399,0.2567821067821068,0.9778560217197642,0.8300729176704892,0.7689901697944593
0.7710105985968055,0.8634350591835092,0.5764053840063342,0.1670636270840422,0.6673769443852546,0.7804767822844876,0.1402121784624327,0.1418641390205371,0.1836580086580086,0.9575785856700464,0.932221900999004,0.8803395889186774
0.8513210927004031,0.8674611482405993,0.4139350752177356,0.1191731881592378,0.7793522267206477,0.7253417692916053,0.1339630867606452,0.1655344918378094,0.1737734487734487,0.8825351037203581,0.944910218110565,0.9267649687220734
0.83863263173608,0.7977292857718012,0.3037212984956453,0.1632357944879211,0.807372682718943,0.6371031521861936,0.1812527248946373,0.2022116903633491,0.1297258297258298,0.659737835659441,0.8400950820725323,0.8885165326184092
0.7657859381997313,0.7114099363877928,0.2883610451306413,0.2503402517863218,0.7604943532921372,0.571008925545136,0.2409533498038075,0.234807793575566,0.069011544011544,0.3887922623340262,0.6852976133114901,0.8077301161751563
0.699731303179579,0.6198566712295677,0.2486144101346001,0.3363388907791765,0.7267206477732793,0.4927126878318834,0.3119023397761952,0.286361242759347,0.0585497835497835,0.1937385992448988,0.5542706626834988,0.7280607685433422
0.6605463502015226,0.5698526451405106,0.2334125098970704,0.3850799591697856,0.7039207330066055,0.4521522991752344,0.3834617061473622,0.3548973143759873,0.1075036075036075,0.1128409621176769,0.4555908901095372,0.6601429848078642
0.6036721898790864,0.5568886383766809,0.3285827395091052,0.4243790404899626,0.6312593223950564,0.477008247655632,0.4577532335416364,0.4263559768299104,0.1939033189033188,0.1480931574258685,0.3851145160772221,0.5962913315460232
0.5150768771458426,0.5295112327884692,0.46270783847981,0.4892820687308609,0.5230129980822502,0.5055925884080894,0.5361139369277721,0.4977356503422853,0.2942640692640693,0.233869257201035,0.3300247341877871,0.5223413762287756
0.3998357963875205,0.4530155407037604,0.556769596199525,0.5953555631167065,0.4091199659066695,0.4855948480397695,0.614823426827496,0.5742496050552922,0.4024891774891774,0.3312264030882789,0.2731039799556711,0.4263181411974978
0.300119420809076,0.3619454062323858,0.5892319873317499,0.7002381762504254,0.326976347751971,0.4332843746469325,0.6869350385118442,0.6510005265929437,0.5116161616161616,0.4310015695923302,0.2276187722848607,0.3311438784629133
0.2474249888042991,0.2700700539495934,0.5203483768804434,0.7788363388907793,0.3125932239505646,0.3441419048695062,0.7471588431913966,0.7147446024223275,0.6005411255411256,0.5123234208628517,0.1935048665317529,0.2565683646112601
0.2254814151365875,0.2075851517835575,0.4438638163103721,0.8243450153113304,0.322608139782655,0.2730764885323691,0.7886063072227875,0.7614270668773039,0.6648989898989899,0.5703983370805583,0.1707943850181491,0.2059428060768543
0.2118972981041946,0.1647475642161204,0.3885985748218528,0.854712487240558,0.3315576390368634,0.223251609987572,0.8136317395727365,0.787809373354397,0.7011544011544012,0.6004751198404955,0.1631171501076098,0.1819928507596068
0.209210329899985,0.1414767694661406,0.348535233570863,0.8685777475331746,0.3430641380779884,0.1926336007230821,0.8257230053771254,0.8006845708267509,0.7184343434343433,0.6130742798964918,0.158620025055411,0.1684986595174262
0.1975668010150768,0.1230372815846686,0.3369754552652415,0.8849098332766246,0.3386959301086725,0.1755733815388091,0.8329312599912804,0.8085834649815692,0.7305916305916306,0.6232129979213508,0.1538337991069994,0.1576854334226988
0.196820420958352,0.1157903212819067,0.3243072050673001,0.8891629806056482,0.3424248881312593,0.1659699468986554,0.8385699752942886,0.8147446024223275,0.7396825396825397,0.6314851737156918,0.15181009283351,0.153485254691689
0.206299447678758,0.1222320637732506,0.3168646080760096,0.8804014971078599,0.3516940123588323,0.1678906338266862,0.8461270164220317,0.8227751448130595,0.7508297258297258,0.6434904339710686,0.156018116989496,0.1563896336014298
0.2074936557695178,0.1253724132377808,0.3206650831353919,0.8780197346036067,0.3511613040698913,0.1715060445147441,0.8507484377270745,0.8299631384939442,0.7617965367965368,0.6549017944258262,0.158395168802801,0.1568364611260053
0.199731303179579,0.1205411063692729,0.3276326207442597,0.8849948962232053,0.3432772213935648,0.1704892102587278,0.8489754396163348,0.8283570300157976,0.7608225108225108,0.6522292453230392,0.1534483312453824,0.1500893655049151
0.190401552470518,0.1091070134471374,0.3247822644497229,0.8963933310649882,0.3376305135307905,0.1614506835385832,0.8484522598459526,0.8276987888362296,0.7606060606060605,0.6481567895473636,0.1480196588609424,0.143118856121537
0.1916703985669502,0.1069329253563089,0.3178147268408551,0.8968186457978905,0.3408267632644364,0.1574963280985199,0.8510972242406627,0.830173775671406,0.7638888888888888,0.6503627030925212,0.1469274999196942,0.1402591599642538
0.2042095835199283,0.1184475400595861,0.3138558986539985,0.8835488261313373,0.3511613040698913,0.1641622415546266,0.8567940706292689,0.8362032648762507,0.7716810966810966,0.6612650065753193,0.1527737624875526,0.1487935656836461
0.2066726377071204,0.12086319349384,0.3133808392715756,0.8809118747873428,0.3530790539100788,0.1656310021466501,0.8595552971951751,0.8388362295945234,0.77507215007215,0.6659313621516142,0.1559538723458931,0.153485254691689
0.1986117330944917,0.1115226668813914,0.3121140142517814,0.8903538618577749,0.347751971020669,0.158626143938538,0.8566487429152739,0.8356240126382307,0.771031746031746,0.6611801637466593,0.1523561723041341,0.1490616621983914
0.1909986565158979,0.1041146630163459,0.3136975455265242,0.8986900306226608,0.3417856381845301,0.1541068805784657,0.8528120912658044,0.831911532385466,0.7662698412698412,0.6559623297840751,0.147987536539141,0.143118856121537
0.1954769368562471,0.1087849263225702,0.3133808392715756,0.8935862538278327,0.3450884295759641,0.1571573833465145,0.8540619096061619,0.8334913112164296,0.7707431457431457,0.6593560429304713,0.1494972856638078,0.1442359249329758
0.206597999701448,0.1157903212819067,0.3035629453681711,0.8836338890779177,0.3562753036437247,0.158626143938538,0.8589158552535968,0.8386782517114271,0.7779220779220779,0.6637254486064567,0.1542513892904179,0.1508489722966934
0.2089117778772951,0.1223125855543925,0.3114806017418844,0.8787853011228309,0.3553164287236309,0.1660829284826573,0.8612410986775177,0.841969457609268,0.7832611832611833,0.6689432825690409,0.1568854196781343,0.1534405719392314
0.1998059411852515,0.1149851034704888,0.3163895486935867,0.8878870364069411,0.3471127210739399,0.1626934809626031,0.8595552971951751,0.8403370194839389,0.7828282828282828,0.6683918041827515,0.1537695544633966,0.1489276139410187
0.1909986565158979,0.1024237056123681,0.3103721298495645,0.8995406600884657,0.342851054762412,0.1517342673144277,0.8561546286876908,0.8364139020537124,0.778138528138528,0.6630891273915073,0.1492724294111978,0.1428507596067917
0.1942827287654873,0.1050004026089056,0.3084718923198733,0.8963082681184077,0.3458342211804815,0.1528640831544458,0.8578694957128324,0.8386255924170616,0.7814935064935065,0.6666101047808934,0.1494651633420063,0.1426720285969615
0.2054784296163606,0.1227957162412432,0.3197149643705463,0.8804865600544403,0.3500958874920093,0.1693593944187097,0.862025868333091,0.8442601369141652,0.7897186147186147,0.6768336656344124,0.1556647714496803,0.1501787310098302
0.2083146738319152,0.12488928255093,0.3178147268408551,0.8778496087104457,0.3527594289367142,0.1700372839227206,0.8652521435837813,0.8475250131648236,0.7937229437229437,0.6811182284817378,0.1579454562975811,0.152680965147453
0.1989849231228541,0.1154682341573395,0.3190815518606493,0.8881422252466826,0.3457276795226933,0.1639362783866229,0.8660078476965557,0.8486835176408636,0.7932900432900433,0.6773851440207017,0.1531271080273682,0.1458891867739052
0.1977160770264218,0.1146630163459215,0.3200316706254949,0.8892480435522288,0.344449179629235,0.1637103152186194,0.861880540619096,0.8443127962085307,0.790945165945166,0.672506681372757,0.1468632552760913,0.1383378016085791
0.196671144947007,0.1198969321201385,0.332541567695962,0.8870364069411365,0.339548263370978,0.1718449892667494,0.8647289638133993,0.8470510795155345,0.7953102453102453,0.6764942943197727,0.1464777874144743,0.1372654155495978
0.2043588595312733,0.1281906755777437,0.3326999208234362,0.8782749234433482,0.3448753462603878,0.1777200316348435,0.871646562999564,0.8538177988414954,0.8056277056277056,0.6869723836592713,0.1518743374771128,0.1429401251117068
0.2068965517241379,0.1290764151703036,0.3292161520190024,0.8764035386185778,0.3479650543362454,0.1770421421308326,0.8743496584798721,0.8574512901527119,0.8090909090909091,0.6900691469053579,0.1531271080273682,0.1459338695263628
0.19346171070309,0.1194943232144295,0.3387173396674585,0.8890779176590677,0.335180055401662,0.1737656761947802,0.8736811509954948,0.8565034228541336,0.8079365079365078,0.6888389258897892,0.1471844784941055,0.1395442359249329
0.1855500821018062,0.1113616233191078,0.3395091053048298,0.8979244641034365,0.3292137225655231,0.1683425601626934,0.8727801191687256,0.8556872037914692,0.8077922077922078,0.6876087048742205,0.1420127846840769,0.1323949955317247
0.193013882669055,0.1181254529350189,0.3369754552652415,0.8900986730180334,0.3353931387172384,0.1721839340187549,0.874262461851475,0.8582938388625593,0.8119769119769119,0.6907054681203071,0.1412097266390414,0.1311885612153708
0.202940737423496,0.128110153796602,0.3355502771179731,0.8791255529091528,0.3429575964202002,0.1787368658908597,0.8801627670396744,0.8658504476040021,0.8241702741702742,0.702795571204344,0.1472487231377083,0.1386952636282395
0.1989849231228541,0.1258555439246316,0.3395091053048298,0.8826131337189521,0.3388024717664606,0.1785109027228561,0.8847551228019184,0.8711163770405476,0.8306998556998556,0.7066134984940398,0.1493366740548007,0.1423145665773011
0.1906254664875354,0.1166760608744665,0.3391923990498812,0.8922252466825451,0.3329426805881099,0.1719579708507513,0.8836215666327568,0.8708794102159031,0.8307359307359307,0.7039409493912527,0.1448395490026019,0.1385612153708668
0.183385579937304,0.1102343183831226,0.342042755344418,0.899795848928207,0.3268698060941828,0.1684555417466952,0.8829239936055806,0.8704054765666139,0.8318542568542568,0.7029228354473338,0.139186020365552,0.1307417336907953
0.1846544260337363,0.1142604074402126,0.3471100554235947,0.8969037087444709,0.3260174728318772,0.1730877866907694,0.8873128905682314,0.8749868351764086,0.8367604617604617,0.707334662537649,0.1371623140920625,0.1284629133154602
0.1951783848335572,0.1296400676382962,0.3551860649247823,0.882783259612113,0.330811847432346,0.1867585583549881,0.8927190815288476,0.8825697735650343,0.8484848484848484,0.7188732872353965,0.1390896534001477,0.1314119749776586
0.1891327063740856,0.1296400676382962,0.3680126682501979,0.8861857774753318,0.3221819731515022,0.1912778217150604,0.8982415346606598,0.8885729331226961,0.8567460317460317,0.7234123785687016,0.1366804792650413,0.1290437890974084
0.1789819376026272,0.1162734519687575,0.3631037212984956,0.8991153453555631,0.3165352652887278,0.1802056264828832,0.8970789129486993,0.8886255924170616,0.8573232323232324,0.7202307724939551,0.1299026693649417,0.1201966041108132
0.1721898790864308,0.1163539737498993,0.3776722090261283,0.9029431779516842,0.3068399744300021,0.1855157609309682,0.8976892893474786,0.8908636124275934,0.8609307359307359,0.7223094217961228,0.1262728470013812,0.1128686327077748
0.1747275712792954,0.1243256300829374,0.3881235154394299,0.8972439605307929,0.305135307905391,0.1947802508191164,0.9019037930533352,0.8968931016324381,0.87005772005772,0.7296483264752048,0.1262407246795798,0.1124218051831992
0.1816689058068368,0.1307673725742814,0.3859065716547902,0.889843484178292,0.3107820157681653,0.1985086430911761,0.9097514896090684,0.9048973143759872,0.881962481962482,0.7402536800576932,0.1291317336417076,0.1167560321715817
0.1795790416480071,0.1330219824462517,0.3946159936658749,0.8899285471248723,0.3064138077988493,0.2031408880352502,0.9157099258828658,0.9133228014744602,0.892893217893218,0.7503499766682222,0.1312518068806013,0.1207327971403038
0.1726377071204657,0.1242451083017956,0.3920823436262866,0.8985199047294998,0.3023652248028979,0.1961360298271382,0.9169016131376252,0.9161137440758294,0.8975468975468974,0.7491197556526537,0.124955831807523,0.1155942806076854
0.1616659202866099,0.1169981479990337,0.4012668250197941,0.9085573324259952,0.2913914340507138,0.1943283244831092,0.9173666618224096,0.9187467087941024,0.9005772005772005,0.7486106986806941,0.1171179852879766,0.1062109025915996
0.1634572324227496,0.1274659795474676,0.4182106096595408,0.9020074855392992,0.2870232260813978,0.2076601513953225,0.9238192123237902,0.926197998946814,0.9104978354978356,0.7557799177024562,0.1127493495229835,0.1019660411081322
0.1711449470070159,0.1426845961832676,0.4316706254948536,0.8895882953385507,0.2878755593437034,0.2231386284035702,0.9324807440778956,0.9362822538177988,0.9252886002886002,0.7685063420014424,0.1129742057755934,0.103485254691689
0.1656963725929243,0.1434092922135437,0.4446555819477434,0.8923103096291256,0.2796718516940123,0.2283357812676533,0.9416363900595844,0.9449447077409162,0.9374458874458874,0.776311882238154,0.1096977289518486,0.1008042895442359
0.1580832960143305,0.1376117239713342,0.4494061757719715,0.8997107859816265,0.2726401022799914,0.2259631680036153,0.943118732742334,0.948630858346498,0.9415945165945164,0.7765664107241336,0.1022453502939192,0.0941912421805183
0.1493506493506493,0.1339882438199532,0.4608076009501188,0.9066008846546446,0.2626251864479011,0.2274319285956388,0.945414910623456,0.9506582411795682,0.9452741702741704,0.7755058753658848,0.0952748064630111,0.0872654155495978
0.1506941334527541,0.1426845961832676,0.4750593824228029,0.901241919020075,0.2586831451097379,0.2387300869958196,0.9516058712396454,0.9578988941548182,0.9542568542568542,0.7806388664998092,0.0924159198226848,0.0836907953529937
0.1542021197193611,0.149287382236895,0.4807600950118766,0.8957128274923444,0.2593223950564671,0.2453960004519263,0.9592501089957854,0.9668509741969455,0.96504329004329,0.7891231493658,0.091516494812245,0.0831099195710455
0.1485296312882519,0.1500926000483131,0.4942201108471893,0.8985199047294998,0.2506925207756232,0.2507061349000113,0.9649469553843918,0.9717482885729332,0.9726190476190476,0.7922623340262165,0.0867623911856349,0.0792225201072386
0.1336020301537543,0.1453418149609469,0.516547901821061,0.9095780877849609,0.23258043895163,0.2553383798440853,0.965441069611975,0.9717746182201158,0.9736652236652236,0.7888261994654903,0.0767402267835919,0.0690348525469169
0.1210628452007762,0.1454223367420887,0.5431512272367379,0.91663831235114,0.2146814404432132,0.264941814484239,0.9652666763551808,0.9707477619799896,0.9722222222222222,0.7833538370169263,0.0647264784298609,0.0565236818588025
0.1200179131213614,0.1571785167887913,0.5688044338875694,0.911024157876829,0.2053057745578521,0.2822279968365156,0.968056968463886,0.9727751448130596,0.9762626262626262,0.7847961651041446,0.0598438855160451,0.0528150134048257
0.1307657859381997,0.1741686126097109,0.579255740300871,0.8959680163320859,0.2094608992115917,0.2979324370127669,0.9732887661677084,0.9786466561348078,0.9848845598845598,0.792771390998176,0.0623494266165558,0.0565236818588025
0.1264367816091954,0.1777920927610918,0.5955661124307207,0.8964783940115686,0.2009375665885361,0.3062930742289006,0.9757884028484232,0.9802264349657714,0.9867604617604618,0.7931956051414755,0.0616106132151231,0.0572386058981233
0.1141215106732348,0.168129479024076,0.602850356294537,0.908642395372576,0.1896441508629874,0.3021127556208338,0.9739572736520854,0.9767509215376512,0.9815656565656564,0.7852203792474441,0.0549291702804278,0.0514745308310991
0.1086729362591431,0.1630566068121426,0.6042755344418053,0.9144266757400475,0.1852759428936714,0.299062252852785,0.970207818631013,0.9725118483412322,0.9771284271284272,0.778008738811352,0.0503999229064276,0.0475871313672922
0.112628750559785,0.1704646106771881,0.6104513064133017,0.9082170806396732,0.1860217344981888,0.3064060558129025,0.9693649178898416,0.9720379146919432,0.9763708513708512,0.778051160225682,0.0509781246988532,0.0483914209115281
0.1259889535751604,0.1875352282792495,0.6156769596199525,0.8916298060564819,0.193799275516727,0.3203027906451248,0.9695974422322338,0.9717482885729332,0.9776695526695526,0.7825054087303273,0.0534194211557611,0.0523681858802502
0.1303925959098373,0.1984861905145342,0.6278701504354711,0.8833787002381763,0.1928404005966332,0.3322788385493164,0.9666618224095336,0.9680358083201686,0.9753968253968254,0.7815721376150682,0.0553146381420448,0.0568811438784629
0.1207642931780862,0.1960705370802802,0.6435471100554236,0.8900986730180334,0.180694651608779,0.3362331939893797,0.9586687981398052,0.9590047393364928,0.9648629148629148,0.7744453400076359,0.0523593845363142,0.0554066130473637
0.1219585012688461,0.2004992350430791,0.6497228820269201,0.8870364069411365,0.1795226933731088,0.3415433284374647,0.948292399360558,0.9473143759873616,0.9515873015873016,0.7663852712849447,0.05226301757091,0.0548257372654155
0.1358411703239289,0.2120138497463564,0.6429136975455266,0.8730860837019395,0.1916684423609631,0.347192407637555,0.9417817177735794,0.9408372827804108,0.944011544011544,0.7635006151105079,0.0601008640904564,0.0636282394995531
0.154500671742051,0.2248973347290442,0.6286619160728426,0.8556481796529433,0.2097805241849563,0.3511467630776184,0.93852637698009,0.9358346498156924,0.9387806637806636,0.7641793577397871,0.0718576338697761,0.077882037533512
0.1590535900880728,0.2249778565101859,0.6191607284243865,0.8530112283089487,0.2162795653100362,0.347757315557564,0.9303589594535676,0.9260400210637176,0.926118326118326,0.7608704874220508,0.081719186662812,0.0892314566577301
0.1615912822809374,0.220549158547387,0.6050673000791765,0.8539469207213338,0.2227786064351161,0.3397356230934357,0.9156517947972678,0.9095313322801474,0.905988455988456,0.7503075552538921,0.0874369599434647,0.095710455764075
0.1685326168084788,0.2232868991062082,0.5955661124307207,0.8485028921401837,0.2309823140848071,0.3381538809174104,0.9008574335125707,0.8933122696155872,0.8848124098124097,0.7388113519704749,0.0945359930615785,0.1015638963360142
0.1818181818181818,0.2380223850551574,0.5963578780680919,0.8331064988091189,0.2401448966545919,0.3487741498135804,0.8905391658189217,0.8807530279094261,0.8680375180375179,0.7327875111356212,0.1058751726574797,0.1126005361930295
0.2041349455142558,0.2561397858120621,0.5847980997624703,0.8108200068050359,0.2599616450031962,0.3573607501977177,0.8844063362883301,0.8718536071616639,0.8551587301587301,0.7307512832477835,0.1211332755131541,0.1288650580875782
0.2119719361098671,0.2521136967549722,0.560253365003959,0.8085233072473631,0.2738120605156616,0.3458366286295334,0.8759482633338177,0.8613217482885729,0.8397907647907648,0.7243880710982905,0.1321833542128425,0.1405719392314566
0.2089117778772951,0.2356067316209034,0.5342834520981791,0.8189860496767608,0.2804176432985297,0.3250480171732007,0.8633338177590467,0.8469720905739864,0.8191919191919191,0.7108556399270353,0.1380617391025023,0.1449955317247542
0.2178683385579937,0.2291649891295596,0.5024544734758513,0.8172847907451515,0.2974643085446409,0.3091176138289459,0.8522889114954222,0.8357556608741443,0.8015151515151515,0.6988079582573283,0.145610484725836,0.1512511170688114
0.2340647857889237,0.237378210806023,0.4844022169437847,0.8037597822388567,0.3150436820796931,0.308439724324935,0.8472024415055951,0.8276724591890469,0.789069264069264,0.6931659101514446,0.1550865696572548,0.1622877569258266
0.2460068666965218,0.2473629116676061,0.4785431512272368,0.79168084382443,0.3255913062007244,0.3132979324370127,0.8439761662549048,0.8235387045813586,0.7825757575757576,0.6921053747931957,0.1660081590697375,0.1741733690795353
0.2538438572921331,0.2470408245430389,0.4612826603325415,0.7873426335488263,0.3369912635840613,0.3069709637329115,0.8391803516930678,0.817983149025803,0.7730158730158729,0.6853179485004031,0.1741351064854967,0.1835567470956211
0.2492909389461113,0.2302922940655447,0.4381631037212986,0.7988261313371896,0.3414660132111655,0.2869732233645916,0.8305478854817614,0.8077935755660874,0.7576479076479076,0.6706401391422391,0.175227265426745,0.1846291331546023
0.2486938349007314,0.2238505515742008,0.4267616785431513,0.8025689009867302,0.3448753462603878,0.2783866229804541,0.8225548612120331,0.7987098472880464,0.7441919191919192,0.6601620498027405,0.1763194243679933,0.1860589812332439
0.2610837438423645,0.2310975118769627,0.4145684877276327,0.79168084382443,0.3578734285105476,0.2791774940684668,0.8206946664728964,0.7966034755134281,0.7406926406926407,0.6589318287871718,0.1834184574861071,0.193521000893655
0.2736229287953425,0.2402769949271277,0.4061757719714965,0.779686968356584,0.3696995525250373,0.2825669415885211,0.8224676645836361,0.7965771458662454,0.7395021645021644,0.6606711067747,0.1912241816838521,0.20218945487042
0.2724287207045828,0.2403575167082695,0.408867775138559,0.7802824089826472,0.3678883443426379,0.2835837758445373,0.822206074698445,0.7952343338599263,0.7348484848484848,0.6585500360582023,0.1937297227843628,0.2041108132260947
0.2601134497686222,0.2274740317255818,0.4096595407759303,0.7940626063286832,0.3588323034306414,0.2747712122923963,0.8167417526522308,0.7903106898367562,0.727020202020202,0.648750689347983,0.1903568789952137,0.1991510277033065
0.261009105836692,0.2211933327965214,0.3954077593032463,0.7968696835658388,0.3642659279778393,0.2653937408202463,0.8117134137480017,0.7856503422854134,0.7191558441558442,0.6402239850676622,0.1872731361022774,0.1949508489722967
0.2682489923869234,0.2265077703518802,0.390498812351544,0.7899795848928207,0.3710845940762838,0.267314427748277,0.8111611684348206,0.7855713533438652,0.7189393939393939,0.6410299919399314,0.1890077414795541,0.1978552278820375
0.2750410509031198,0.2334326435300748,0.3897070467141727,0.782408982647159,0.3761985936501171,0.2719466726923511,0.8153466065978782,0.7898367561874671,0.7248556998556998,0.6493021677342724,0.1955606951270437,0.2054512957998212
0.2784743991640543,0.2314195990015299,0.3783056215360254,0.7815583531813542,0.3824845514596207,0.2664105750762625,0.8167998837378289,0.7917324907846235,0.7266955266955266,0.652356509566029,0.1988371719507886,0.2090705987488829
0.2733990147783251,0.2208712456719542,0.3684877276326208,0.7899795848928207,0.3821649264862561,0.255564343012089,0.8134282807731434,0.7892311743022643,0.7218614718614719,0.647732575404064,0.1954643281616395,0.2049597855227882
0.2692192864606658,0.2134632418069087,0.3629453681710213,0.7963593058863561,0.380992968250586,0.2483335216359733,0.8097950879232669,0.7859662980516061,0.7178571428571429,0.6433207483137489,0.1923805852687032,0.2016979445933869
0.2732497387669801,0.2188582011434093,0.3648456057007125,0.7911704661449473,0.383230343064138,0.2528527849960456,0.8116262171196047,0.7869141653501843,0.7201298701298701,0.6451872905442668,0.1945327808293983,0.2037086684539767
0.2795939692491416,0.2263467267895966,0.366270783847981,0.7835998638992855,0.3872789260600895,0.258501864196136,0.8167708181950297,0.7921274354923644,0.7268759018759019,0.6525261952233489,0.1985159487327744,0.20875781948168
0.2823555754590237,0.2291649891295596,0.365637371338084,0.7805375978223886,0.3895163008736416,0.260309569540165,0.8192123237901467,0.7945497630331754,0.7300505050505051,0.6572773936283036,0.1993511290996113,0.2095174262734584
0.2707120465741155,0.2198244625171108,0.3721298495645289,0.7921061585573326,0.3790752184103984,0.2560162693480962,0.8145327713995059,0.7907319641916798,0.7257215007215007,0.6520171382513894,0.1929909093829301,0.2002234137622877
0.2660098522167488,0.2156373298977373,0.3738717339667459,0.7970398094589997,0.375026635414447,0.2537566376680601,0.8115390204912076,0.7882833070036862,0.7222222222222222,0.646841725703135,0.1881725611127172,0.1932975871313673
0.2704134945514255,0.2190192447056929,0.3711797307996833,0.7927015991833959,0.3790752184103984,0.2552253982600836,0.812498183403575,0.7893891521853608,0.7244588744588744,0.6489203750053028,0.1895859432719797,0.1956210902591599
0.2819823854306613,0.224575247604477,0.3577197149643705,0.7831745491663832,0.39196675900277,0.2542085640040673,0.8164801627670396,0.7944444444444444,0.7318903318903318,0.6562592796843847,0.1958497960232565,0.2035746201966041
0.2797432452604866,0.220951767453096,0.3551860649247823,0.7863218781898605,0.3911144257404645,0.2508191164840131,0.8184856852201715,0.7961032122169562,0.7343434343434343,0.6587197217155221,0.1972953005043204,0.2065236818588025
0.2657113001940588,0.2058941943795797,0.3551860649247823,0.8023137121469888,0.3812060515661624,0.2401988475878431,0.8152303444266821,0.7919431279620853,0.7295454545454546,0.6536291519959276,0.192059362050689,0.1996872207327971
0.2571279295417226,0.1990498429825268,0.3600950118764845,0.8108200068050359,0.3733219688898359,0.2372613264037961,0.8099694811800611,0.7874670879410216,0.7251803751803753,0.6471810970177746,0.1864379557354405,0.1929401251117068
0.2651141961486789,0.2039616716321765,0.352652414885194,0.8036747192922763,0.3816322181973151,0.237939215907807,0.8115099549484086,0.7893891521853608,0.7262626262626263,0.6491749034912825,0.1881404387909158,0.1951742627345844
0.2763845350052246,0.2166035912714389,0.3537608867775139,0.790575025518884,0.3893032175580652,0.2472037057959552,0.8159569829966574,0.794391785150079,0.7316738816738817,0.6566834938276843,0.1927339308085188,0.2006702412868632
0.2725033587102552,0.2170062001771479,0.3629453681710213,0.7926165362368153,0.3833368847219263,0.2508191164840131,0.8161023107106525,0.7944707740916271,0.7313852813852814,0.6566834938276843,0.1912884263274549,0.1994191242180518
0.2566801015076877,0.2057331508172961,0.3741884402216943,0.8075025518883975,0.3683145109737907,0.2469777426279516,0.8116262171196047,0.7894418114797261,0.7245310245310246,0.6492173249056125,0.1856670200122065,0.1918677390527256
0.2554858934169279,0.2033980191641838,0.3721298495645289,0.8094589996597483,0.3682079693160025,0.2446051293639136,0.8079639587269293,0.7859136387572406,0.719119769119769,0.6423026343698299,0.1824869101538659,0.1876675603217158
0.267875802358561,0.2141074160560431,0.366904196357878,0.7967846206192584,0.3787555934370338,0.2501412269800022,0.8083127452405173,0.7867035281727225,0.7205266955266956,0.6433631697280788,0.1847675950017667,0.1910634495084897
0.2750410509031198,0.2226427248570738,0.3684877276326208,0.7881082000680504,0.3833368847219263,0.2566941588521071,0.8105798575788403,0.7901527119536598,0.725108225108225,0.6494294319772622,0.1898750441681924,0.1966934763181411
0.2732497387669801,0.2182140268942748,0.3637371338083927,0.7915107179312693,0.3836565096952908,0.2519489323240311,0.8119750036331929,0.7909162717219589,0.7248917748917749,0.6496839604632418,0.1909350807876393,0.1974530831099195
0.2631736080011942,0.2079072389081246,0.3646872525732384,0.8027390268798913,0.376092051992329,0.2450570556999208,0.8079639587269293,0.7865982095839915,0.7187590187590187,0.6432359054850889,0.1863415887700363,0.1912868632707774
0.2540677713091506,0.2033980191641838,0.3751385589865399,0.8102245661789725,0.3661836778180268,0.24562196361993,0.8036331928498766,0.7814639283833597,0.7127344877344877,0.6353031010053876,0.1807201824547878,0.185254691689008
0.2581728616211375,0.2112086319349384,0.3817893903404592,0.8037597822388567,0.366822927764756,0.2534176929160546,0.804941142275832,0.7831226961558715,0.7131673881673882,0.6353455224197175,0.1821656869358517,0.1878016085790884
0.2710852366024779,0.2208712456719542,0.3733966745843231,0.7913405920381084,0.3788621350948221,0.2572590667721161,0.8081383519837233,0.7865192206424434,0.7187229437229437,0.6417511559835405,0.1880440718255115,0.1962913315460232
0.2655620241827138,0.2125775022143489,0.3686460807600951,0.7989111942837701,0.3765182186234817,0.249689300643995,0.8079639587269293,0.7857030015797788,0.7174242424242424,0.6397149280957027,0.1880761941473129,0.1981680071492403
0.2559337214509628,0.1982446251711087,0.3612034837688044,0.8119258251105819,0.3721500106541657,0.2370353632357925,0.8044470280482487,0.7813849394418114,0.711002886002886,0.6310609595723922,0.1833542128425042,0.192225201072386
0.2554858934169279,0.1923665351477574,0.3504354711005542,0.8152432800272202,0.3754528020455998,0.229126652355666,0.8021508501671268,0.7786203264876251,0.7067821067821068,0.624740168837229,0.1803347145931708,0.1877122430741733
0.2604866397969846,0.1954263628311458,0.3458432304038005,0.8108200068050359,0.3805668016194331,0.2295785786916732,0.8034006685074844,0.7801737756714059,0.7085137085137085,0.6268188181393968,0.1821014422922489,0.1893208221626452
0.2705627705627705,0.2091955874063934,0.3515439429928741,0.797805375978224,0.3857873428510547,0.2412156818438595,0.8073826478709489,0.7833596629805161,0.7128427128427128,0.632206337759301,0.1870482798496675,0.1949508489722967
0.2710852366024779,0.2111281101537966,0.3542359461599367,0.796529431779517,0.3852546345621138,0.2435882951078973,0.8067141403865717,0.7828067403896788,0.711002886002886,0.6314003308870318,0.1880119495037101,0.1958445040214477
0.2605612778026571,0.2058136725984378,0.3661124307205067,0.8052909152773052,0.3737481355209887,0.2441532030279065,0.8027321610231071,0.7796208530805686,0.7064935064935065,0.6270309252110465,0.1841251485657383,0.1921358355674709
0.2525003731900283,0.1998550607939447,0.3714964370546318,0.813031643416128,0.3661836778180268,0.2418935713478703,0.8006394419415782,0.7777251184834123,0.7032106782106782,0.6232978407500107,0.1811377726382063,0.1893208221626452
0.2654127481713688,0.210967066591513,0.3659540775930324,0.7998468866961552,0.3772640102279991,0.2476556321319625,0.8022671123383229,0.779884149552396,0.7056998556998556,0.6277096678403259,0.1848318396453696,0.1931188561215371
0.2815345573966263,0.2228842902004992,0.3551860649247823,0.7842803674719292,0.392499467291711,0.2521748954920348,0.8046504868478418,0.7828857293312269,0.7097041847041846,0.63318203028889,0.1899392888117953,0.1999106344950849
0.2760859829825347,0.2170867219582897,0.3551860649247823,0.7904899625723035,0.3885574259535478,0.2481075584679697,0.8046504868478418,0.7827277514481306,0.7086940836940836,0.6305094811861028,0.1885901512961356,0.1989276139410187
0.2641439020749365,0.2063773250664305,0.3596199524940617,0.8029942157196326,0.3785425101214574,0.2421195345158738,0.8012207527975584,0.7785413375460768,0.7029581529581529,0.6232129979213508,0.1828402556936815,0.1910634495084897
0.2564561874906702,0.2037201062887511,0.3707046714172605,0.8087784960871044,0.3692733858938845,0.2442661846119082,0.7981979363464612,0.7755134281200632,0.6996392496392496,0.6192253849743351,0.1789534547557097,0.1853440571939231
0.2655620241827138,0.2127385457766326,0.3691211401425178,0.7988261313371896,0.3764116769656935,0.2500282453960005,0.800145327713995,0.7771458662453923,0.7016955266955266,0.6218130912484623,0.1820050753268446,0.1884718498659517
0.2749664128974473,0.2215959417022304,0.3665874901029296,0.7887036406941136,0.3838695930108672,0.2553383798440853,0.8032553407934893,0.7810953133228015,0.7064213564213563,0.6291095745132144,0.1873052584240789,0.1944593386952636
0.2753396029258098,0.2203881149851034,0.3634204275534442,0.7892140183735965,0.3852546345621138,0.2533047113320528,0.8033134718790874,0.7814112690889942,0.7072510822510822,0.6300852670428033,0.187626481642093,0.1958445040214477
0.2590685176892073,0.2039616716321765,0.365637371338084,0.8071623001020757,0.3728958022586831,0.2425714608518811,0.8004650486847842,0.7772511848341231,0.7014790764790765,0.6204556059899038,0.1819729530050432,0.1895442359249329
0.254440961337513,0.1965536677671309,0.3610451306413302,0.8137121469887717,0.3710845940762838,0.2357925658117727,0.7964540037785206,0.7741442864665613,0.6978715728715729,0.6143893437407204,0.1792104333301211,0.1861036639857015
0.2652634721600239,0.2075851517835575,0.3596199524940617,0.8017182715209255,0.379394843383763,0.2430233871878883,0.8002325243423921,0.7768299104791996,0.7012987012987012,0.619352649217325,0.1838039253477241,0.1912868632707774
