Lead I,Lead II,Lead III,aVR,aVL,aVF,V1,V2,V3,V4,V5,V6
0.0882656217776861,0.8273922988943957,0.9364009971030116,0.5174578698094504,0.0567176870748299,0.9323396567299008,0.6501260806916427,0.3920259442960703,0.2636288419697852,0.1764361078546307,0.0981190456803191,0.0402347024308466
0.0965147453083109,0.8409264201296226,0.9405780502593816,0.5052318537283842,0.0574829931972789,0.941553748870822,0.6633645533141211,0.3986550934757726,0.2689915116599761,0.1810328870241254,0.1043481801156257,0.047060232307508
0.0875438234687564,0.836160884483416,0.943070807788183,0.5127216653816499,0.0522959183673469,0.9410117434507678,0.6629142651296831,0.3980827928271652,0.2690527993135783,0.1800148084161165,0.102556795049263,0.0440067057837384
0.0652711899360692,0.8193861990087685,0.9457656807922924,0.5343099460292983,0.0413265306122449,0.9347786811201444,0.6572406340057637,0.3921690194582221,0.2637207734501884,0.1750169679768002,0.0959612409412914,0.0351454915578972
0.0641369354506083,0.8115707205489896,0.940982281209998,0.5394867276131732,0.0438775510204081,0.9279132791327912,0.654178674351585,0.3873998473864938,0.2607176784236816,0.1718701795520454,0.0919306245419754,0.0309543767213507
0.0812538667766549,0.8172893633244377,0.9338408677491074,0.5269302786650512,0.0554421768707483,0.9258355916892502,0.6579610951008646,0.3896890499809233,0.2620047191493274,0.1738446350342445,0.0948212686263333,0.0364028260088612
0.0881625077335533,0.8221502096835683,0.9327629185474634,0.5205419099019716,0.0590136054421768,0.9273712737127372,0.6660662824207493,0.392836703548264,0.2632611160481721,0.1757573887826248,0.0982818988681703,0.041432163812717
0.0815632089090534,0.8117613419748378,0.92973118641784,0.5300143187575723,0.0582482993197279,0.920505871725384,0.6602125360230547,0.3906905761159863,0.2605951031164772,0.1734435737644228,0.0960833808321798,0.0395760986708178
0.0737265415549597,0.7932710636675562,0.9217813110557164,0.5448837977750853,0.0599489795918367,0.9064137308039748,0.6422910662824208,0.381390690576116,0.2545889130634634,0.1681372246560128,0.0892435469424313,0.0325110765177823
0.0696019797896473,0.7810712924132672,0.9158525904466752,0.554135918052649,0.0620748299319727,0.8966576332429992,0.6287824207492796,0.3749523082792828,0.2505132840989183,0.1640340593570679,0.0859050565914827,0.0280205963357681
0.0833161476593111,0.7856462066336255,0.9101933571380448,0.544112787751955,0.0712585034013605,0.8949412827461607,0.6327449567723343,0.3786722624952308,0.2532405846842154,0.16634787437527,0.0900170995847243,0.0339480301760268
0.0954836048669828,0.7904117422798321,0.9055447012059556,0.5348606674743914,0.0792517006802721,0.8941282746160796,0.6403097982708934,0.3864460129721481,0.2572549259951583,0.1705127414080336,0.0949026952202589,0.042689498263681
0.0878531656011548,0.7823103316812808,0.9048709829549282,0.5436722105958806,0.0765306122448979,0.889792231255646,0.6327449567723343,0.3836798931705455,0.255477584040695,0.1688467945949281,0.092948456966045,0.0404143216381271
0.0791915858939987,0.7769729317575296,0.9066900222327022,0.5513823108271836,0.0717687074829932,0.8885275519421861,0.6186059077809799,0.3765738267836703,0.251769680997763,0.1649904362312581,0.0872485953912547,0.0314333612740989
0.0833161476593111,0.7848837209302325,0.90958701071212,0.5445533649080294,0.0716836734693877,0.8942186088527552,0.6135626801152738,0.3754292254864556,0.2506665032329238,0.164558524094527,0.0859457698884455,0.0287989462339839
0.0957929469993813,0.7984178421654594,0.9110691908643804,0.530124463046591,0.0758503401360544,0.9016260162601626,0.6276116714697406,0.3833937428462419,0.2555388716942972,0.1698957240698463,0.0922970442146405,0.0380193988743863
0.1055887811919983,0.7998475028593213,0.9056120730310584,0.5240665271505672,0.0833333333333333,0.8986449864498646,0.6392291066282422,0.390309042350248,0.2604725278092729,0.1747393101746159,0.097752626007654,0.0464016285474793
0.1012579913384203,0.791650781547846,0.9026477127265378,0.5311157616477585,0.0834183673469387,0.8927732610659439,0.6402197406340058,0.3890213658908814,0.2600128704072564,0.1747701610415253,0.0973454930380262,0.0466411208238534
0.0905341307486079,0.7844071673656119,0.9045341238294146,0.5410287476594338,0.0778061224489795,0.8906052393857272,0.6303134005763689,0.3824876001526135,0.2559678852695125,0.1707286974763991,0.0915234915723475,0.0395162256017243
0.0874407094246236,0.7904117422798321,0.9108670753890724,0.5391562947461174,0.0725340136054421,0.8976513098464318,0.6274315561959655,0.3793399465852728,0.2542824747954524,0.168661689393472,0.0886735607849523,0.0356843491797389
0.0968240874407094,0.8044224170796798,0.9145725257697233,0.5260491243529023,0.0740646258503401,0.9068654019873532,0.6353566282420751,0.3833460511255246,0.2559372414427114,0.1700499784043932,0.0922563309176777,0.0395162256017243
0.1032171581769437,0.8131910026687,0.9165936805228052,0.517568014098469,0.0754251700680272,0.9122854561878952,0.6434618155619597,0.3887352155665776,0.2600435142340576,0.1739371876349725,0.097386206334989,0.0458028978565441
0.0969272014848422,0.8037552420892109,0.9140335511689012,0.5264897015089767,0.0744047619047619,0.9061427280939476,0.6422910662824208,0.3859214040442579,0.2582048846259921,0.1722095390880484,0.0951876882989984,0.0444856903364866
0.0846566302330377,0.7904117422798321,0.9126187428417436,0.5406983147923781,0.0703231292517006,0.898825654923216,0.6283321325648416,0.3786245707745136,0.2519535439585695,0.1666563830443635,0.0876557283608826,0.0337684109687462
0.0850690864095689,0.7901258101410598,0.9121471400660244,0.5406983147923781,0.0707482993197279,0.8983739837398373,0.6143731988472623,0.3725200305227013,0.2489504489320626,0.1632010859505152,0.0840322449311945,0.0293378038558256
0.0995050525881625,0.8097598170034311,0.9165936805228052,0.5216433527921577,0.0738945578231292,0.9106594399277326,0.6202269452449568,0.3764307516215185,0.2523519137069837,0.1676436107854631,0.0907092256330917,0.0391569871871632
0.1089915446483811,0.8192908882958445,0.91720002694873,0.5109593567573522,0.0774659863945578,0.915627822944896,0.6267110951008645,0.3791968714231209,0.2554162963870928,0.171407416548405,0.0961240941291425,0.046820740031134
0.1005361930294906,0.813953488372093,0.9188843225762986,0.5185593126996365,0.0728741496598639,0.9142728093947606,0.6250900576368876,0.3763353681800839,0.254466337756259,0.1698340223360276,0.0939662893901148,0.0432283558855226
0.0844504021447721,0.8062333206252383,0.924004581284107,0.5316664830928516,0.0630102040816326,0.9140018066847336,0.6196865994236311,0.3732354063334605,0.2520148316121717,0.1661010674399951,0.0881035746274733,0.0331098072087175
0.0791915858939987,0.8094738848646588,0.92973118641784,0.5325476374050006,0.0572278911564625,0.9194218608852754,0.6226585014409223,0.3742369324685234,0.2523212698801826,0.1658851113716295,0.0867600358277013,0.0304753921686025
0.0876469375128892,0.8277735417460922,0.9370747153540387,0.5174578698094504,0.0561224489795918,0.9329719963866304,0.6405799711815562,0.3834414345669591,0.257837158704379,0.1709446535447646,0.0928263170751567,0.0361034606633936
0.094864920602186,0.839782691574533,0.9408475375597924,0.5067738737746448,0.0566326530612244,0.9411924119241192,0.6621037463976945,0.3935997710797405,0.2647013759078234,0.1770222743259085,0.0997882908557935,0.0435875943000838
0.0880593936894204,0.8249142203583683,0.9347840733005456,0.518999889855711,0.0576530612244898,0.930081300813008,0.6694884726224783,0.3954120564669973,0.2656819783654583,0.1769297217251805,0.0991775914013516,0.0427493713327745
0.0780573314085378,0.8036599313762867,0.9262952233376004,0.5365128318096706,0.0589285714285714,0.9143631436314364,0.6644452449567724,0.3918351774132011,0.2619740753225263,0.1724871968902326,0.0936812963113753,0.034427014728775
0.0753763662610847,0.7977506671749904,0.9238698376339014,0.5413591805264897,0.0593537414965986,0.9098464317976512,0.6576909221902019,0.388305990080122,0.2613305549597033,0.171746776084408,0.09258203729338,0.0339480301760268
0.0846566302330377,0.7989897064430043,0.9186822071009902,0.5357418217865403,0.0664115646258503,0.9070460704607046,0.6656159942363112,0.39483975581839,0.2641804308522049,0.1749552662429814,0.0964498005048448,0.0408933061908753
0.0935244380284594,0.8029927563858177,0.9157178467964696,0.528692587289349,0.071938775510204,0.9068654019873532,0.6720100864553314,0.4001812285387257,0.2657739098458616,0.1772690812611835,0.0999511440436446,0.0477188360675368
0.0881625077335533,0.7976553564620664,0.9154483594960588,0.5346403788963542,0.0699829931972789,0.9041553748870824,0.6612932276657061,0.3943151468904998,0.2625256642049459,0.1751095205775282,0.0974676329289145,0.044066578852832
0.0749639100845535,0.7820243995425086,0.91302297379236,0.550721445093072,0.0660714285714285,0.8951219512195123,0.6461635446685879,0.3844906524227394,0.256151748230319,0.1694946628000247,0.0903835192573894,0.0338881571069333
0.0736234275108269,0.776496378192909,0.9099912416627366,0.554686639497742,0.0674319727891156,0.8905149051490514,0.6385086455331412,0.380389164441053,0.2540679680078448,0.1678287159869192,0.0876557283608826,0.0314932343431924
0.0892967622190142,0.7868852459016393,0.9070942531833188,0.5402577376363035,0.0756802721088435,0.8934959349593496,0.6405799711815562,0.3857783288821061,0.2576839395703735,0.1718701795520454,0.0920120511359009,0.0389773679798826
0.1010517632501546,0.7935569958063285,0.904129892878798,0.530124463046591,0.0823979591836734,0.8946702800361337,0.644542507204611,0.3911198016024418,0.2607789660772838,0.1751403714444376,0.0971012132562494,0.0463417554783858
0.0945555784697875,0.7859321387723981,0.9029845718520516,0.5379447075669126,0.0804421768707483,0.8903342366757001,0.6351765129682998,0.388115223197253,0.2594919253516379,0.1735361263651509,0.0961648074261053,0.0445455634055801
0.0859971128067642,0.7723980175371711,0.8990096341709897,0.550391012226016,0.0794217687074829,0.8812104787714543,0.6173451008645533,0.3789107210988173,0.2535163791254252,0.1678287159869192,0.0899356729907988,0.0350856184888037
0.087750051557022,0.7741136103698055,0.8990770059960924,0.548408415023681,0.0801020408163265,0.8821138211382114,0.6159041786743515,0.3764784433422358,0.2511874482885423,0.1659468131054483,0.0873707352821431,0.0335289186923721
0.0957929469993813,0.7964163171940526,0.909654382537223,0.5313360502257958,0.0767857142857142,0.8997289972899729,0.6216678674351586,0.3780522701259061,0.2538534612202372,0.1686925402603813,0.091604918166273,0.0390372410489761
0.09538049082285,0.8314906595501335,0.9346493296503402,0.5111796453353894,0.0607993197278911,0.9330623306233062,0.6279719020172911,0.3774799694772987,0.2576532957435724,0.1739371876349725,0.0979154791955052,0.042928990540055
0.0730047432460301,0.8652306519252764,0.9731860136091086,0.5036898336821235,0.0272108843537414,0.9749774164408312,0.6238292507204611,0.365747806180847,0.2565194741519321,0.1764361078546307,0.0983226121651331,0.0365824452161417
0.0480511445658898,0.8800991231414411,1.0,0.5084260381099239,0.0,1.0,0.6174351585014409,0.3484834032811904,0.2516164618637576,0.1765595113222682,0.0949026952202589,0.0248473236738115
0.0591874613322334,0.8770491803278687,0.9905005726605134,0.5042405551272165,0.0106292517006802,0.992140921409214,0.6404899135446687,0.3672262495230828,0.2738332362945485,0.2021965817239464,0.1170914420649784,0.0393964794635373
0.1377603629614353,0.8883911551658407,0.9471804891194502,0.4556669236700077,0.0703231292517006,0.9684733514001806,0.7015489913544669,0.4488744753910721,0.3509024606992921,0.2854630715123095,0.1989251689601824,0.1195066459106693
0.2553103732728397,0.8848646587876476,0.8678838509735228,0.3949774204207511,0.1688775510204081,0.9136404697380308,0.7585554755043228,0.5623330789774895,0.467808659945454,0.4160856420065404,0.3229785848057975,0.2430247874506047
0.4026603423386264,0.8602744948532215,0.754227582025197,0.3305430113448618,0.301360544217687,0.8257452574525745,0.744956772334294,0.6695440671499429,0.6036527441546902,0.5689208366755106,0.4644165784545233,0.387318883965992
0.5614559703031553,0.8562714449104079,0.6477127265377618,0.2480449388699195,0.4340136054421768,0.7524841915085818,0.6757024495677234,0.7690766882869134,0.7425612110440353,0.7202751897328316,0.6034932008794072,0.5338881571069334
0.7210765106207465,0.9009721692718262,0.5749511554268005,0.1369093512501376,0.5457482993197278,0.7249322493224933,0.5837536023054756,0.8347004959938954,0.8270768853614441,0.8119948170543594,0.7058871427408191,0.6605795713088253
0.8718292431429161,0.9351887152115896,0.5006400323384761,0.0366780482431985,0.65484693877551,0.6913279132791328,0.4805475504322767,0.8633632201449829,0.8554837128060554,0.8335287221570926,0.761623646282876,0.763142138666028
0.9383378016085792,0.8936332443766679,0.4278110894024118,0.0251128978962439,0.7282312925170068,0.6227642276422765,0.3865273775216138,0.8364650896604349,0.8331750068948612,0.7893502807428888,0.7424476834134028,0.7858340318524728
0.8163538873994638,0.7718261532596263,0.4214107660176514,0.1605903733891396,0.6819727891156461,0.5607949412827462,0.3007024495677233,0.655618084700496,0.652499004075629,0.6124205590177084,0.5879814347365849,0.6526763261884804
0.5710455764075066,0.6930041936713686,0.525971838577107,0.3372618129749972,0.514795918367347,0.5934959349593496,0.1555295389048991,0.3355112552460892,0.3329145343670518,0.3294564077250571,0.3341340281736014,0.4059394084540773
0.3251185811507527,0.7253145253526495,0.7094926901569762,0.4498292763520211,0.2976190476190476,0.7318879855465221,0.076278818443804,0.0898988935520794,0.0698066374528851,0.0762941938668476,0.0874114485791059,0.1497425458028978
0.2238605898123324,0.7790697674418604,0.8136495317658156,0.4728494327569115,0.1901360544217687,0.8271906052393857,0.0805115273775216,0.0362933994658527,0.0,0.0,0.0,0.0474793437911627
0.2148896679727779,0.8152878383530309,0.845112174088796,0.4567683665601938,0.1665816326530612,0.8654019873532068,0.1785842939481268,0.1248092331171309,0.0670180492139858,0.0466773616338619,0.0248351111473006,0.0519099509040833
0.2060218601773561,0.8219595882577202,0.8556221788048237,0.4576495208723427,0.1562925170068027,0.875609756097561,0.2154178674351585,0.1589088134299885,0.0934943155701284,0.0654346887147529,0.0361941209999185,0.053825889115076
0.1942668591462157,0.810331681280976,0.8550832042040017,0.4706465469765392,0.1517857142857142,0.8697380307136405,0.2030799711815562,0.152088897367417,0.0892961112983789,0.0610847164805331,0.0302499796433515,0.0452640402347024
0.1925139203959579,0.8142394205108654,0.8589907700599609,0.4693248155083159,0.1485544217687074,0.8741644083107497,0.2118155619596541,0.1578119038534911,0.0942297674133545,0.0648793731103844,0.0319192248188258,0.0453837863728894
0.1774592699525675,0.8448341593595119,0.8905207842080443,0.4596321180746778,0.1225340136054421,0.9098464317976512,0.3305115273775216,0.2357401755055322,0.1519627371066099,0.1067748503732955,0.063187036886247,0.0606514189917375
0.1415755825943493,0.8483606557377049,0.9163915650474972,0.4768146271615816,0.0913265306122449,0.9288166214995482,0.4885626801152738,0.3344143456695918,0.2199001011246285,0.1501203183809465,0.0872078820942919,0.0581966231589031
0.1196122911940606,0.8194815097216928,0.9103281007882504,0.5052318537283842,0.0861394557823129,0.9111111111111112,0.5769092219020173,0.3865890881342999,0.2537615297398339,0.169093601530203,0.0945769888445566,0.051191474074961
0.1037327283976077,0.7906023637056805,0.900222327022839,0.5304548959136468,0.085969387755102,0.8906052393857272,0.6055475504322767,0.3981781762685998,0.2616982808813164,0.170636144875671,0.0921749043237521,0.0435277212309903
0.0938337801608579,0.7762104460541364,0.896584248467291,0.5440026434629364,0.0841836734693877,0.8813911472448058,0.6294128242074929,0.398893552079359,0.2629240339533601,0.1681063737891035,0.0883071411122872,0.0377799065980122
0.0912559290575376,0.7744948532215021,0.8970558512430102,0.5463156735323274,0.0828231292517006,0.8809394760614273,0.6628242074927955,0.4064288439526898,0.2667851561302976,0.1698340223360276,0.0901799527725755,0.0402945754999401
0.0883687358218189,0.7741136103698055,0.8987401468705787,0.5480779821566251,0.0806122448979591,0.8818428184281842,0.6843479827089337,0.4111980160244182,0.2698188949836056,0.1710063552785833,0.0911163586027196,0.0420308945036522
0.0764075067024128,0.7624857033930613,0.8982685440948595,0.5612952968388589,0.0759353741496598,0.8759710930442638,0.6809257925072046,0.4060950019076689,0.2659884166334692,0.1661627691738137,0.0849686507613386,0.0328104418632499
0.0639307073623427,0.7450438429279451,0.8940914909384895,0.5780372287696883,0.0733843537414966,0.8649503161698284,0.6668768011527378,0.3977012590614269,0.2591241994300248,0.158727710248658,0.0751567461933067,0.0193390013172075
0.0620746545679521,0.7364658787647731,0.889240719531092,0.5839850203766934,0.075765306122449,0.8576332429990966,0.6580511527377522,0.3946489889355208,0.2568872000735452,0.1558894304929968,0.0714925494666558,0.0144294096515387
0.0680552691276551,0.7406595501334349,0.8882975139796536,0.578367661636744,0.0788265306122449,0.8589882565492322,0.6681376080691643,0.4004673788630294,0.2598902951000521,0.1578947368421053,0.0732432212360556,0.0190995090408334
0.0714580325840379,0.7441860465116278,0.8885670012800646,0.5745126115210927,0.080017006802721,0.8607949412827461,0.6759726224783862,0.404282716520412,0.2614837740937088,0.1585117541802924,0.0745867600358276,0.0220931624955095
0.0614559703031552,0.7384674037361799,0.8910597588088661,0.5831038660645446,0.0743197278911564,0.8598012646793134,0.6661563400576369,0.3997996947729875,0.2588790488156161,0.1549639044857161,0.0697011644002931,0.0155071248952221
0.0554753557434522,0.7337018680899732,0.891598733409688,0.5890516576715497,0.0715136054421768,0.8579042457091238,0.6561599423631125,0.3922167111789393,0.254466337756259,0.1505830813845869,0.0640827294194283,0.0073643874985031
0.0617653124355537,0.7400876858558901,0.8919355925352018,0.5820024231743584,0.0738945578231292,0.861156278229449,0.655349423631124,0.3930274704311332,0.2538534612202372,0.1501511692478559,0.0642455826072795,0.0080229912585319
0.0774386471437409,0.7580060998856271,0.8944283500640032,0.5632778940411939,0.0787414965986394,0.8713640469738031,0.6648054755043228,0.3977489507821442,0.2584500352404009,0.1554883692231752,0.071248269684879,0.0161058555861573
0.0792946999381315,0.765821578345406,0.8986727750454759,0.5577706795902633,0.0768707482993197,0.8778681120144536,0.6743515850144093,0.4002766119801603,0.261545061747311,0.1590979206515703,0.0755231658659718,0.0220931624955095
0.0683646112600536,0.7551467784979032,0.8982685440948595,0.5697764070932921,0.0726190476190476,0.8725383920505873,0.666606628242075,0.3940766882869134,0.2573162136487605,0.1552415622879003,0.0709225633091767,0.0169440785534666
0.0598061455970303,0.7489515821578345,0.8995486087718115,0.5779270844806697,0.06828231292517,0.8704607046070459,0.6476945244956773,0.3849675696299123,0.2516471056905587,0.1498118097118529,0.0646120022799446,0.0081427373967189
0.0615590843472881,0.7521921463972551,0.9006939297985581,0.5751734772552043,0.06828231292517,0.8727190605239386,0.6487752161383286,0.3830599008012209,0.250084270523703,0.1480533102980194,0.0625356241348424,0.0056879415638845
0.0697050938337801,0.7620091498284407,0.902310853601024,0.5651503469545104,0.070578231292517,0.8785004516711835,0.664985590778098,0.3914536436474627,0.2540066803542427,0.1516011599925958,0.06644410064327,0.0124535983714525
0.0732109713342957,0.766488753335875,0.9032540591524624,0.5606344311047472,0.0715136054421768,0.8812104787714543,0.6802953890489913,0.4001812285387257,0.2587871173352128,0.1543777380144382,0.0694161713215536,0.0164052209316249
0.061043514126624,0.7547655356462066,0.902849828201846,0.5738517457869808,0.0667517006802721,0.8754290876242096,0.681286023054755,0.3997520030522701,0.2584193914135997,0.1521873264638736,0.0666069538311212,0.0122739791641719
0.0508352237574757,0.7456157072054899,0.903051943677154,0.584645886110805,0.0623299319727891,0.8712737127371274,0.6769632564841499,0.3951259061426936,0.255477584040695,0.1490096871722095,0.061843498086475,0.0051490839420428
0.0530006186842647,0.7452344643537934,0.9013676480495856,0.5837647317986562,0.0642857142857143,0.8699186991869918,0.6814661383285303,0.3969381915299504,0.2562130358839212,0.1490405380391189,0.0621692044621773,0.0050293378038558
0.0659929882449989,0.7531452535264964,0.8984706595701678,0.5721995814517017,0.0715136054421768,0.8717253839205058,0.6947946685878963,0.405951926745517,0.2611466919988968,0.1531745542049732,0.0677062128491165,0.0117351215423302
0.0716642606723035,0.7540983606557377,0.8954389274405444,0.5685648199140875,0.075765306122449,0.8700993676603432,0.7086635446685878,0.4152995040061045,0.2662948549014801,0.1575553773061023,0.0723068154059115,0.0164052209316249
0.0590843472881006,0.7405642394205108,0.8940914909384895,0.5832140103535631,0.0714285714285714,0.8627822944896116,0.7094740634005764,0.4142502861503243,0.2650384580026354,0.1550873079533535,0.0686833319762234,0.0102382948149922
0.0420705300061868,0.7296035074342355,0.8974600821936266,0.5985240665271505,0.0622448979591836,0.8598915989159891,0.703620317002882,0.4093380389164441,0.261545061747311,0.1508915900536805,0.0625356241348424,0.0020356843491797
0.0410393895648587,0.7363705680518489,0.9029845718520516,0.5952197378565921,0.0584183673469387,0.8667570009033423,0.701278818443804,0.4107210988172454,0.2620660068029296,0.1500586166471278,0.0615177917107727,0.0004789845527481
0.0538255310373272,0.7504765535646206,0.9045341238294146,0.5802401145500605,0.0626700680272109,0.8745257452574526,0.7149675792507205,0.4202117512399848,0.2676431832807281,0.1543160362806195,0.0660369676736421,0.008262483534906
0.0657867601567333,0.7563858177659168,0.9008960452738664,0.5704372728274039,0.0698979591836734,0.8748870822041553,0.7266750720461095,0.4288916444105303,0.2722704011276929,0.157617079039921,0.0701897239638465,0.015267632618848
0.0581563208909053,0.7425657643919176,0.8961126456915718,0.5824430003304328,0.069812925170068,0.8651309846431796,0.7242435158501442,0.4273655093475773,0.2713510863236601,0.1550873079533535,0.0669733735037863,0.0092803257094958
0.0497009692720148,0.7298894395730079,0.8926766826113319,0.5943385835444431,0.0684523809523809,0.8568202348690154,0.7169488472622478,0.4240747806180847,0.2675206079735238,0.1497809588449435,0.0600521130201123,0.000239492276374
0.0504227675809445,0.7297941288600838,0.89213770801051,0.5940081506773873,0.069047619047619,0.8564588979223126,0.7205511527377522,0.4280808851583366,0.2682254159899488,0.1488554328376627,0.0587492875173031,0.0
0.0625902247886162,0.7400876858558901,0.8914639897594826,0.581561846018284,0.0745748299319728,0.8608852755194218,0.7393731988472623,0.4383346051125525,0.273005852970919,0.1524032825322392,0.0636755964498004,0.0076637528439707
0.0666116725097958,0.7408501715592831,0.8893754631812977,0.5790285273708558,0.0775510204081632,0.8598012646793134,0.753692363112392,0.4464898893552079,0.2773266325498728,0.1549947553526254,0.067217653285563,0.01377080589151
0.0592905753763662,0.7275066717499046,0.8846594354241056,0.5905936777178102,0.0774659863945578,0.8503161698283651,0.7511707492795389,0.4480637161388783,0.2773266325498728,0.1530820016042451,0.0654669815161631,0.0110765177823015
0.0540317591255929,0.7128288219595881,0.8777875092636258,0.6019385394867275,0.0795918367346938,0.8387533875338753,0.7369416426512968,0.4443914536436474,0.2730364967977201,0.1475288455605602,0.0599706864261867,0.0054484492875104
0.0609404000824912,0.7090163934426229,0.8705787239776325,0.600396519440467,0.0870748299319728,0.8320686540198736,0.734149855907781,0.444820679130103,0.2715349492844666,0.145276732276177,0.0588307141112287,0.0058076877020716
0.0802227263353268,0.7214067861227601,0.8667385299467762,0.5829937217755259,0.0973639455782313,0.8354110207768743,0.7476585014409223,0.4537867226249523,0.276376673919039,0.1491022397729376,0.0646120022799446,0.015267632618848
0.086100226850897,0.7269348074723598,0.8668059017718789,0.5766053530124463,0.0997448979591836,0.8381210478771455,0.7577449567723343,0.4614173979397177,0.2812796862072136,0.1513543530573209,0.0673397931764514,0.0209555741827326
0.0783666735409362,0.7201677468547464,0.8670753890722899,0.584645886110805,0.0964285714285714,0.8350496838301715,0.7476585014409223,0.457268218237314,0.2783072350075077,0.146479916085642,0.0624949108378796,0.0163453478625314
0.0730047432460301,0.7151162790697674,0.8670080172471871,0.5903733891397731,0.0943027210884353,0.8326106594399277,0.7310878962536024,0.4507821442197635,0.273342935065731,0.1402788918368606,0.055695790245094,0.0087414680876541
0.0807382965559909,0.7205489897064429,0.8657953243953378,0.5831038660645446,0.0982142857142857,0.8344173441734416,0.7291066282420751,0.4533098054177795,0.2734042227193332,0.1393533658295798,0.0547186711179871,0.008382229673093
0.0954836048669828,0.7311284788410216,0.8636394259920501,0.5692256856481991,0.1056122448979591,0.837940379403794,0.7425252161383287,0.4653281190385349,0.2803910152299819,0.1448139692725365,0.0615177917107727,0.0193390013172075
0.1050732109713342,0.7417079679756003,0.8648521188438995,0.5579909681683005,0.108843537414966,0.8437217705510389,0.7496397694524496,0.4762018313620755,0.288511629332271,0.1521256247300549,0.0703525771516977,0.0306550113758831
0.103010930088678,0.7434235608082348,0.8674796200229064,0.5579909681683005,0.1063775510204081,0.846341463414634,0.7459474063400577,0.4782525753529187,0.2920663132411976,0.1552415622879003,0.0732025079390929,0.0324512034486887
0.0984739121468343,0.7398017537171178,0.8678164791484201,0.5626170283070823,0.1042517006802721,0.8448057813911471,0.733249279538905,0.4755818389927508,0.2939662305028652,0.1570617634355526,0.0735689276117579,0.0298766614776673
0.1089915446483811,0.753717117804041,0.8707808394529407,0.548959136468774,0.1067176870748299,0.8533875338753388,0.7264949567723343,0.4766310568485311,0.2977354211993994,0.1631085333497871,0.0789837961078088,0.0358639683870195
0.123221282738709,0.7836446816622188,0.8826382806710233,0.5239563828615486,0.1051020408163265,0.875609756097561,0.7302773775216139,0.4824494467760397,0.3059786106088928,0.1749552662429814,0.0931927367478218,0.0521494431804574
0.1315735203134667,0.807472359893252,0.893956747288284,0.5057825751734772,0.101360544217687,0.8944896115627824,0.7360410662824207,0.4855494086226631,0.3124138142371219,0.1852594557907077,0.1061395651819884,0.0658005029337803
0.1254897917096308,0.8061380099123141,0.8970558512430102,0.509857913867166,0.096938775510204,0.8958446251129177,0.7236131123919309,0.4772510492178557,0.3119848006619067,0.1890849632874684,0.1104551746600439,0.0672374565920249
0.1162095277376778,0.7939382386580252,0.894495721889106,0.5218636413701949,0.0947278911564625,0.8883468834688346,0.7065021613832853,0.4643742846241893,0.3072043636809365,0.1887456037514654,0.109478055532937,0.0623278649263561
0.1178593524438028,0.796035074342356,0.8949673246648252,0.5197708998788413,0.0950680272108843,0.8897018970189702,0.7000180115273776,0.4556466997329264,0.3041706248276284,0.1913987783056704,0.112368699617295,0.0645431684828164
0.1242524231800371,0.8069004956157072,0.898403287745065,0.5099680581561845,0.095578231292517,0.8971093044263775,0.7037103746397695,0.4536436474628004,0.303343241503999,0.1947923736657,0.1170100154710528,0.0698718716321398
0.1208496597236543,0.8094738848646588,0.9024455972512296,0.5104086353122591,0.0915816326530612,0.9010840108401084,0.7038004322766572,0.4493990843189622,0.3014739680691325,0.1960881100758931,0.1189235404283038,0.0722667943958807
0.1070323778098577,0.7980365993137628,0.9033214309775652,0.5242868157286044,0.0853741496598639,0.8962059620596206,0.6893912103746398,0.4362838611217092,0.2938130113688598,0.1917998395754921,0.1137529517140297,0.0646629146210034
0.0944524644256547,0.7855508959207015,0.902849828201846,0.5382751404339685,0.0804421768707483,0.890063233965673,0.6752521613832854,0.4225963372758489,0.2845892195017314,0.1858764731288949,0.105447439133621,0.0535265237696084
0.0906372447927407,0.7875524208921083,0.9066900222327022,0.5391562947461174,0.0765306122448979,0.8934959349593496,0.6740814121037465,0.4176840900419687,0.2812490423804125,0.184087122848152,0.1042667535217001,0.0503532511076517
0.0985770261909672,0.7968928707586732,0.9081048305598598,0.529573741601498,0.0788265306122449,0.8989159891598916,0.6787644092219021,0.4198302174742465,0.28342475408329,0.1876041216758191,0.1098037619086393,0.0569392887079391
0.1020829036914827,0.8017537171178041,0.9092501515866064,0.5248375371736975,0.0795918367346938,0.9019873532068656,0.6823667146974064,0.4196871423120946,0.2848956577697423,0.1904424014314802,0.1131829655565507,0.0617291342354209
0.0959991750876469,0.796035074342356,0.9092501515866064,0.5314461945148143,0.077125850340136,0.8992773261065944,0.6748919308357348,0.4166348721861885,0.282107069530843,0.1883445424816437,0.1109030209266346,0.0581966231589031
0.0843472881006393,0.7842165459397636,0.9084416896853736,0.5444432206190108,0.0727891156462584,0.8931345980126468,0.6688580691642652,0.4122949256009157,0.2780927282199001,0.1843647806503363,0.1047960263822164,0.0493952820021554
0.0883687358218189,0.7836446816622188,0.9054099575557502,0.542680911994713,0.076360544217687,0.8908762420957542,0.669128242074928,0.4120564669973293,0.277694358471486,0.1840562719812427,0.1040224737399234,0.0493952820021554
0.1058981233243967,0.7942241707967975,0.9015023916997912,0.5271505672430884,0.0860544217687075,0.8932249322493225,0.6767831412103746,0.4171594811140786,0.2812796862072136,0.187511569075091,0.1093559156420486,0.0575978924679679
0.1148690451639513,0.796035074342356,0.8967863639425991,0.5213129199251018,0.0927721088435374,0.89096657633243,0.6788544668587896,0.4181610072491416,0.281769987436031,0.1883445424816437,0.1117172868658904,0.0610106574062986
0.1077541761187873,0.7887914601601219,0.8963821329919828,0.529243308734442,0.0900510204081632,0.8872628726287264,0.664985590778098,0.4106257153758108,0.277725002298287,0.1851669031899796,0.1082973699210161,0.0572386540534067
0.0940400082491235,0.7779260388867708,0.8976621976689347,0.5429012005727503,0.0835884353741496,0.8829268292682927,0.650756484149856,0.4017073636016787,0.2716881684184721,0.1798914049484791,0.1025975083462258,0.0502933780385582
0.0946586925139204,0.776591688905833,0.89631476116688,0.5433417777288247,0.0846938775510204,0.8813911472448058,0.6494956772334294,0.3996566196108355,0.2699108264640089,0.1782254581353736,0.1003175637163097,0.0485570590348461
0.1052794390595999,0.7850743423560809,0.8953715556154416,0.5327679259830378,0.089625850340136,0.8847335140018068,0.6612031700288185,0.4060473101869515,0.2725461955689026,0.1820201147652249,0.104673886491328,0.0553825889115076
0.1121880800164982,0.7897445672893633,0.894226234588695,0.5263795572199581,0.0931972789115646,0.8861788617886178,0.6694884726224783,0.4126287676459366,0.2756412220758129,0.1853828592583452,0.108704502890644,0.0619686265117949
0.1051763250154671,0.7817384674037362,0.893148285387051,0.5347505231853729,0.0910714285714286,0.8817524841915085,0.6648955331412104,0.4091472720335749,0.2745993319645757,0.1831615968408712,0.1055695790245093,0.0578373847443419
0.0941431222932563,0.7702058711399161,0.89213770801051,0.5473069721334948,0.0870748299319728,0.8755194218608852,0.6547190201729107,0.4016119801602442,0.2700946894248154,0.1789041772073795,0.0999104307466818,0.04981439348581
0.0942462363373891,0.7700152497140679,0.8919355925352018,0.5473069721334948,0.0872448979591836,0.875338753387534,0.6568804034582133,0.4025181228538726,0.2706156344804339,0.1789041772073795,0.0997068642618679,0.0496347742785295
0.1057950092802639,0.7817384674037362,0.8926093107862292,0.5344200903183169,0.0915816326530612,0.8813911472448058,0.6694884726224783,0.4093857306371614,0.2752734961541997,0.184087122848152,0.1055288657275466,0.0574781463297808
0.1100226850897092,0.7869805566145635,0.8936198881627703,0.5291331644454235,0.0926870748299319,0.8845528455284554,0.6751621037463977,0.4135349103395651,0.2789201115435296,0.1884987968161905,0.1116358602719648,0.0646030415519099
0.1014642194266859,0.77582920320244,0.891329246109277,0.5401475933472849,0.0906462585034013,0.877687443541102,0.6636347262247839,0.4105303319343762,0.2776637146446848,0.187172209539088,0.1096816220177509,0.0606514189917375
0.091049700969272,0.765059092642013,0.8905207842080443,0.5519330322722766,0.0869047619047619,0.8720867208672086,0.6527377521613833,0.406619610835559,0.2750589893665921,0.1848275436539767,0.1045924598974025,0.0541851275296371
0.0969272014848422,0.7720167746854747,0.891598733409688,0.5447736534860668,0.0886054421768707,0.8760614272809395,0.6492255043227666,0.4064288439526898,0.2762234547850336,0.1864317887332634,0.1054881524305838,0.0561609388097233
0.1115693957517013,0.7874571101791841,0.8929461699117428,0.5280317215552373,0.0937925170068027,0.8842818428184281,0.6581412103746398,0.4132964517359786,0.2804523028835841,0.1909051644351206,0.1117172868658904,0.0644832954137229
0.1120849659723654,0.7922226458253907,0.8959779020413663,0.5249476814627161,0.0920918367346938,0.8885275519421861,0.6638148414985591,0.4151564288439527,0.2830570281616768,0.1931264268525946,0.1157071899682436,0.0693928870793916
0.1015673334708187,0.780975981700343,0.8948999528397223,0.5371736975437823,0.0884353741496598,0.88256549232159,0.6567903458213257,0.4102918733307898,0.2801765084423743,0.190596655766027,0.1130608256656623,0.064722787690097
0.0868220251598267,0.765154403354937,0.893417772687462,0.554135918052649,0.0832482993197279,0.8739837398373983,0.6488652737752162,0.4040919496375429,0.2757331535562161,0.1866168939347195,0.1067502646364302,0.0556819542569752
0.0862033408950299,0.7626763248189096,0.8920703361854072,0.5558982266769468,0.0839285714285714,0.871996386630533,0.6498559077809799,0.4040442579168256,0.2748751264057855,0.1854137101252545,0.1047145997882908,0.0519698239731768
0.0957929469993813,0.7696340068623713,0.8906555278582496,0.5467562506884017,0.0886904761904762,0.8742547425474254,0.6653458213256485,0.4101011064479207,0.2783072350075077,0.1882211390140063,0.108704502890644,0.057957130882529
0.0980614559703031,0.7761151353412123,0.8937546318129758,0.5417997576825642,0.0877551020408163,0.879494128274616,0.6712896253602305,0.4134872186188478,0.2809119602856005,0.1908126118343926,0.1111880140053741,0.0617291342354209
0.0890905341307486,0.7762104460541364,0.899683352422017,0.5465359621103645,0.0802721088435374,0.8834688346883469,0.6626440922190202,0.4074303700877528,0.2782459473539055,0.188622200283828,0.1078902369513883,0.0565201772242845
0.0750670241286863,0.7721120853983987,0.905948932156572,0.5563388038330213,0.070578231292517,0.8857271906052395,0.649585734870317,0.3990843189622282,0.2734961541997364,0.1843647806503363,0.1024346551583747,0.0481379475511914
0.0762012786141472,0.7790697674418604,0.910125985312942,0.5518228879832581,0.0683673469387755,0.891869918699187,0.6509365994236311,0.3991320106829455,0.2735574418533386,0.1847349910532486,0.1035746274733327,0.048197820620285
0.0889874200866158,0.7900304994281357,0.9095196388870174,0.5386055733010242,0.0740646258503401,0.8965672990063234,0.6642651296829971,0.4057611598626479,0.2773266325498728,0.189054112420559,0.1096816220177509,0.0569392887079391
0.0977521138379047,0.790888295844453,0.904399380179209,0.5334287917171494,0.0808673469387755,0.8935862691960252,0.6731808357348703,0.4118180083937428,0.2804829467103852,0.1922626025791325,0.1139158049018809,0.0646629146210034
0.0863064549391627,0.7728745711017917,0.8991443778211952,0.5499504350699416,0.0795068027210884,0.8814814814814814,0.6635446685878963,0.4060950019076689,0.2768056874942543,0.1884370950823718,0.1098444752056021,0.0589150999880253
0.0799133842029284,0.7578154784597789,0.8926766826113319,0.5620663068619892,0.0808673469387755,0.8700993676603432,0.6459834293948128,0.3971766501335368,0.2708914289216438,0.1820201147652249,0.1036967673642211,0.0505328703149323
0.0880593936894204,0.7601982462828821,0.8890386040557838,0.5563388038330213,0.0865646258503401,0.8687443541102078,0.6455331412103746,0.3965089660434948,0.2697576073300034,0.1810328870241254,0.1030046413158537,0.052448808525925
0.1021860177356155,0.7667746854746472,0.8844573199487974,0.544993942064104,0.0952380952380952,0.8688346883468835,0.6558897694524496,0.4018981304845479,0.2724542640884994,0.1835626581106929,0.106587411448579,0.0584361154352772
0.1017735615590843,0.7627716355318338,0.8818971905948932,0.547527260711532,0.0967687074829932,0.8651309846431796,0.6625540345821326,0.4033765738267836,0.272301044954494,0.1834701055099648,0.106790977933393,0.0596335768171476
0.0873375953804908,0.7482844071673656,0.8810887286936603,0.5636083269082498,0.0913265306122449,0.8578139114724481,0.6499459654178675,0.3935520793590233,0.2651916771366409,0.1773307829950022,0.1003175637163097,0.0517303316968027
0.0807382965559909,0.7419939001143727,0.8809539850434549,0.5707677056944597,0.0886054421768707,0.8547425474254743,0.6331051873198847,0.3828214421976345,0.2589096926424172,0.1709138026778552,0.0934777298265613,0.0431086097473356
0.0865126830274283,0.7534311856652688,0.8852657818500302,0.5610750082608216,0.0883503401360544,0.8629629629629628,0.6367975504322767,0.3843952689813049,0.2600435142340576,0.171746776084408,0.0944548489536682,0.044186324991019
0.1013611053825531,0.7716355318337781,0.8884322576298592,0.542680911994713,0.0924319727891156,0.8737127371273713,0.6497658501440923,0.3933136207554369,0.2654981154046518,0.1771765286604553,0.1014982493282305,0.0540055083223566
0.1040420705300061,0.7834540602363707,0.8950346964899278,0.5343099460292983,0.0893707482993197,0.8838301716350497,0.6613832853025937,0.3982735597100343,0.2692366622743848,0.1808477818226692,0.1053252992427326,0.0592144653334929
0.0898123324396782,0.778783835303088,0.901030788924072,0.5446635091970481,0.0797619047619047,0.8856368563685637,0.6569704610951009,0.3932182373140023,0.2664174302086845,0.1782563090022829,0.1014982493282305,0.0528080469404861
0.0806351825118581,0.7671559283263438,0.8988075186956813,0.5562286595440026,0.0773809523809524,0.8785907859078591,0.6509365994236311,0.3856352537199543,0.2616982808813164,0.173289319429876,0.0953912547838123,0.0444258172673931
0.0824912353062487,0.7636294319481509,0.8951020683150306,0.5573301024341887,0.0804421768707483,0.8744354110207769,0.6549891930835735,0.3887352155665776,0.2631998283945699,0.1748010119084346,0.0968162201775099,0.047060232307508
0.0900185605279439,0.7692527640106747,0.8941588627635921,0.5500605793589602,0.0841836734693877,0.8765130984643179,0.6745317002881845,0.398559710034338,0.2690527993135783,0.1801690627506633,0.1034117742854816,0.0550832235660399
0.0968240874407094,0.7741136103698055,0.893148285387051,0.543562066306862,0.0875850340136054,0.8780487804878049,0.678314121037464,0.4028519648988935,0.2718413875524776,0.1828530881717776,0.1078088103574627,0.0604717997844569
0.0901216745720767,0.7672512390392681,0.8926766826113319,0.5511620222491463,0.0851190476190476,0.8745257452574526,0.6497658501440923,0.3909290347195727,0.2658658413262648,0.1781946072684642,0.1034117742854816,0.0543647467369177
0.0857908847184986,0.7707777354174609,0.8979316849693457,0.5513823108271836,0.080017006802721,0.8797651309846433,0.6258105187319886,0.382058374666158,0.2612386234793001,0.1741222928364287,0.0984854653529842,0.0478385822057238
0.0850690864095689,0.7780213495996949,0.903590918277976,0.5476374050005507,0.0761054421768707,0.8869918699186992,0.6237391930835735,0.3824399084318962,0.2609628290380903,0.1730116616276917,0.0970197866623239,0.0461621362711052
0.0947618065580531,0.7922226458253907,0.907296368658627,0.5341998017402798,0.0778061224489795,0.8961156278229448,0.6304935158501441,0.3857306371613888,0.2637207734501884,0.176713765656815,0.1010504030616399,0.0522093162495509
0.0941431222932563,0.7999428135722455,0.9130903456174628,0.530124463046591,0.0738945578231292,0.9037037037037036,0.6367074927953891,0.3885921404044258,0.2657432660190604,0.1789658789411982,0.1032489210976304,0.0549634774278529
0.0809445246442565,0.7930804422417079,0.916930539648319,0.5411388919484524,0.0660714285714285,0.9030713640469736,0.6267110951008645,0.3852537199542159,0.263567554316183,0.1766212130560869,0.0999918573406074,0.0502933780385582
0.0726954011136316,0.7824056423942051,0.9147746412450312,0.5517127436942394,0.0640306122448979,0.8964769647696476,0.6140129682997119,0.3784338038916444,0.2600128704072564,0.1736595298327883,0.0945769888445566,0.0432283558855226
0.0789853578057331,0.7828821959588258,0.9110018190392776,0.5480779821566251,0.0689625850340136,0.8942186088527552,0.6175252161383286,0.3806753147653567,0.2608096099040848,0.1744616523724317,0.0959205276443286,0.0446054364746736
0.0906372447927407,0.7942241707967975,0.911406049989894,0.5353012446304659,0.0735544217687075,0.8998193315266487,0.6338256484149857,0.3913582602060283,0.2668464437838997,0.1797680014808416,0.1032489210976304,0.0542450005987306
0.0930088678077954,0.7987037743042317,0.91302297379236,0.5314461945148143,0.073469387755102,0.9030713640469736,0.647064121037464,0.3979397176650134,0.2720558943400852,0.1841796754488801,0.108134516733165,0.0595138306789606
0.0816663229531862,0.7851696530690049,0.910934447214175,0.5453243749311598,0.0701530612244898,0.8953026196928636,0.6375180115273776,0.3936951545211751,0.2696043881959979,0.1815882026284939,0.104103900333849,0.0546641120823853
0.0734171994225613,0.7711589782691575,0.9063531631071884,0.5577706795902633,0.0696428571428571,0.8855465221318879,0.6316642651296831,0.388115223197253,0.2655287592314528,0.1773616338619115,0.0991775914013516,0.0471799784456951
0.0783666735409362,0.7700152497140679,0.902310853601024,0.5558982266769468,0.0741496598639455,0.8822944896115628,0.6385987031700289,0.3908813429988554,0.2661722795942757,0.1787807737397421,0.1001139972314957,0.0501736319003712
0.0903279026603423,0.7784979031643156,0.90049181432325,0.5445533649080294,0.0802721088435374,0.8850948509485096,0.6512067723342939,0.3980351011064479,0.2705849906536328,0.1833467020423274,0.1056917189153977,0.0583762423661836
0.0988863683233656,0.7785932138772398,0.8950346964899278,0.5399273047692477,0.0872448979591836,0.8814814814814814,0.658321325648415,0.4020412056466997,0.2725461955689026,0.1856605170605294,0.1087859294845696,0.0626272302718237
0.089915446483811,0.7576248570339307,0.8860068719261605,0.5568895252781143,0.0892006802721088,0.8654923215898825,0.6472442363112392,0.3954120564669973,0.267612539453927,0.1799839575492071,0.1025160817523002,0.0544246198060112
0.0793978139822643,0.7372283644681661,0.8784612275146533,0.5742923229430553,0.089625850340136,0.8507678410117434,0.6365273775216138,0.3872090805036246,0.2613918426133055,0.1736903806996977,0.0943734223597426,0.044186324991019
0.0862033408950299,0.7390392680137247,0.8752947517348245,0.5695561185152549,0.0944727891156462,0.8495031616982835,0.6340057636887608,0.3864937046928653,0.2601660895412619,0.1729808107607824,0.0931927367478218,0.0445455634055801
0.102495359868014,0.7524780785360274,0.8741494307080779,0.5531446194514814,0.1018707482993197,0.855103884372177,0.6421109510086456,0.3921690194582221,0.2634449790089787,0.1772690812611835,0.0989333116195749,0.0534666507005149
0.1060012373685296,0.758673274876096,0.8762379572862629,0.5476374050005507,0.1020408163265306,0.8594399277326107,0.6492255043227666,0.3959843571156048,0.2665093616890878,0.1800456592830258,0.1022310886735607,0.0583163692970901
0.1016704475149515,0.7520968356843308,0.8744189180084888,0.553805485185593,0.1014455782312925,0.855103884372177,0.6448126801152738,0.3911198016024418,0.2633836913553765,0.1767446165237243,0.0980783323833563,0.0517303316968027
0.0919777273664673,0.7470453678993519,0.8771811628377013,0.561846018283952,0.0956632653061224,0.8545618789521229,0.6311239193083574,0.3853967951163679,0.2607176784236816,0.1740914419695193,0.0940070026870775,0.0456232786492635
0.09538049082285,0.7588638963019443,0.8833119989220507,0.5531446194514814,0.0931972789115646,0.8643179765130985,0.6392291066282422,0.3878767645936666,0.2632611160481721,0.1760041957178997,0.0967347935835843,0.0495150281403424
0.1048669828830686,0.7743995425085779,0.8881627703294482,0.5391562947461174,0.094047619047619,0.8748870822041553,0.6528278097982709,0.3920736360167875,0.2661109919406735,0.1791818350095638,0.1018646690008956,0.0573584001915938
0.1009486492060218,0.7803088067098742,0.8948999528397223,0.537834563277894,0.0881802721088435,0.8822041553748872,0.6594020172910664,0.39536436474628,0.2680415530291423,0.1805084222866662,0.1047960263822164,0.05933421147168
0.0825943493503815,0.7630575676706062,0.8946978373644142,0.5575503910122259,0.08078231292517,0.8738934056007227,0.6540886167146975,0.3890213658908814,0.2633530475285753,0.1753254766458937,0.098526178649947,0.0492156627948748
0.0668179005980614,0.7459969500571864,0.8928787980866402,0.5759444872783346,0.0754251700680272,0.8645889792231255,0.6551693083573488,0.3833460511255246,0.2582048846259921,0.1703893379403961,0.0908720788209429,0.0380792719434798
0.064343163538874,0.7482844071673656,0.8960452738664689,0.5759444872783346,0.0723639455782313,0.867750677506775,0.6611131123919309,0.3843475772605875,0.2579903778383844,0.1703893379403961,0.0900170995847243,0.0375404143216381
0.0755825943493503,0.7591498284407168,0.8964495048170854,0.5636083269082498,0.0767857142857142,0.8731707317073172,0.6712896253602305,0.3909290347195727,0.2624337327245426,0.1747701610415253,0.0963276606139565,0.04556340558017
0.0800164982470612,0.76153259626382,0.8952368119652361,0.5598634210816169,0.0793367346938775,0.8735320686540199,0.6735410662824207,0.3944105303319344,0.2639352802377961,0.1763127043869933,0.098729745134761,0.0495150281403424
0.0714580325840379,0.7601982462828821,0.8999528397224281,0.5651503469545104,0.0728741496598639,0.8760614272809395,0.6604827089337176,0.3888305990080122,0.2617902123617198,0.1741531437033381,0.0963276606139565,0.0452041671656089
0.0697050938337801,0.7704918032786885,0.9083069460351682,0.5601938539486727,0.0668367346938775,0.8865401987353206,0.6373378962536024,0.3827260587561999,0.2586338982012074,0.1727648546924169,0.0941698558749287,0.0408933061908753
0.0739327696432254,0.7852649637819291,0.9159873340968808,0.5493997136248485,0.0636904761904761,0.8986449864498646,0.6338256484149857,0.3839660434948493,0.2599822265804554,0.1746467575738878,0.0960833808321798,0.042928990540055
0.0844504021447721,0.7994662600076249,0.9190864380516068,0.5356316774975217,0.0660714285714285,0.907497741644083,0.6398595100864554,0.389307516215185,0.2641191431986027,0.1785956685382859,0.1017018158130445,0.0517902047658963
0.086100226850897,0.8040411742279832,0.9213097082799973,0.532107060248926,0.065391156462585,0.9111111111111112,0.6392291066282422,0.3909767264402899,0.265927128979867,0.1804158696859382,0.1042260402247373,0.0558017003951622
0.0745514539080222,0.7921273351124666,0.9203665027285588,0.5451040863531225,0.0612244897959183,0.9048780487804878,0.6284221902017292,0.3845383441434567,0.2616676370545154,0.1758807922502623,0.0982818988681703,0.0476589629984433
0.0642400494947411,0.7857415173465497,0.9225897729569492,0.5543562066306862,0.0555272108843537,0.903342366757001,0.6151837175792508,0.3753815337657383,0.2569791315539484,0.170636144875671,0.0914420649784219,0.040055083223566
0.0697050938337801,0.7906976744186047,0.9225897729569492,0.5485185593126997,0.0578231292517006,0.9056910569105692,0.6157240634005764,0.3762399847386494,0.2572242821683572,0.1707286974763991,0.0920120511359009,0.0409531792599688
0.0847597442771705,0.7913648494090736,0.9132250892676682,0.5401475933472849,0.0698979591836734,0.8997289972899729,0.6315742074927955,0.3851106447920641,0.2617595685349186,0.1751095205775282,0.0982818988681703,0.0493952820021554
0.0892967622190142,0.7825009531071292,0.9039951492285926,0.5427910562837317,0.0776360544217687,0.8893405600722674,0.6403097982708934,0.3904521175123998,0.2646400882542212,0.1776701425310051,0.1018239557039328,0.0529876661477667
0.0782635594968034,0.7642012962256958,0.8982685440948595,0.5592025553475052,0.0767006802721088,0.8768744354110208,0.6343659942363112,0.3852537199542159,0.2619434314957252,0.1752329240451657,0.0988925983226121,0.0475990899293497
0.0734171994225613,0.7501906214258482,0.8915313615845853,0.5698865513823108,0.0789965986394557,0.8656729900632341,0.6335554755043228,0.3830599008012209,0.260196733368063,0.1727648546924169,0.0949026952202589,0.0439468327146449
0.0809445246442565,0.754288982081586,0.8895102068315031,0.5636083269082498,0.0833333333333333,0.8663053297199639,0.6388688760806917,0.38711369706219,0.2626175956853492,0.1752020731782563,0.0976304861167657,0.0472398515147886
0.0919777273664673,0.7644872283644681,0.8895102068315031,0.5518228879832581,0.0879251700680272,0.8710930442637759,0.6518371757925072,0.394172071728348,0.2660190604602703,0.1784414142037391,0.1036967673642211,0.0560411926715363
0.0936275520725922,0.7647731605032404,0.8886343731051675,0.550721445093072,0.0891156462585034,0.8706413730803976,0.6561599423631125,0.3975104921785578,0.2683479912971532,0.1803850188190288,0.106587411448579,0.0596934498862411
0.082285007217983,0.7522874571101792,0.8872195647780098,0.5640489040643242,0.0853741496598639,0.8637759710930444,0.6467038904899136,0.3914059519267455,0.2643030061594092,0.1764669587215401,0.1016203892191189,0.0526883008022991
0.0777479892761393,0.742184521540221,0.8830425116216398,0.5723097257407204,0.0860544217687075,0.8561878952122854,0.6350864553314122,0.3848721861884777,0.2601660895412619,0.1729191090269637,0.0965719403957332,0.0452640402347024
0.0836254897917096,0.7383720930232557,0.8765074445866738,0.5713184271395527,0.0926020408163265,0.8500451671183379,0.6385086455331412,0.3876859977107974,0.2605951031164772,0.1731659159622385,0.0962055207230681,0.045683151718357
0.0919777273664673,0.7398970644300419,0.8721282759549956,0.5660315012666592,0.0988945578231292,0.8477868112014454,0.6531880403458213,0.3946012972148035,0.2637820611037906,0.1757573887826248,0.0986890318377982,0.0509519817985869
0.0918746133223345,0.7410407929851314,0.8729367378562285,0.5653706355325475,0.0982993197278911,0.8488708220415536,0.6569704610951009,0.3941243800076306,0.263567554316183,0.1748010119084346,0.0983633254620959,0.0507723625913064
0.0777479892761393,0.7345596645062904,0.8776527656134204,0.5767154973014649,0.0895408163265306,0.8489611562782294,0.6432817002881844,0.3850152613506295,0.2590322679496215,0.1705127414080336,0.0928670303721195,0.0437073404382708
0.0736234275108269,0.7319862752573388,0.878528599339756,0.5803502588390791,0.0872448979591836,0.8483288166214995,0.6352665706051873,0.3801030141167494,0.2561823920571201,0.1681680755229222,0.0892435469424313,0.038678002634415
0.0816663229531862,0.7435188715211588,0.881425587819174,0.5693358299372178,0.0886904761904762,0.8557362240289068,0.6419308357348703,0.3847768027470431,0.2595838568320412,0.171407416548405,0.0933963032326357,0.044306071129206
0.0912559290575376,0.7655356462066336,0.8907228996833524,0.5514924551162023,0.0868197278911564,0.8724480578139114,0.6627341498559078,0.3961751239984739,0.2677351147611314,0.179459492811748,0.1030046413158537,0.0557418273260687
0.0900185605279439,0.7747807853602745,0.8980664286195513,0.5468663949774204,0.0816326530612245,0.8817524841915085,0.6685878962536024,0.3978443342235788,0.2700027579444121,0.1811562904917628,0.1058545721032489,0.0584959885043707
0.0752732522169519,0.7673465497521922,0.9024455972512296,0.5589822667694679,0.0728741496598639,0.8811201445347786,0.6592219020172911,0.3909290347195727,0.2662948549014801,0.1774233355957302,0.1016611025160817,0.0508322356603999
0.0691895236131161,0.7611513534121235,0.902041366300613,0.5658112126886221,0.070578231292517,0.8779584462511292,0.6502161383285303,0.3844906524227394,0.2612692673061011,0.1731967668291479,0.0959612409412914,0.0438869596455514
0.0736234275108269,0.7678231033168128,0.9038604055783872,0.5596431325035797,0.0712585034013605,0.8822944896115628,0.6589517291066282,0.3864937046928653,0.2617902123617198,0.1745233541062504,0.0974676329289145,0.0454436594419829
0.078469787585069,0.7788791460160122,0.9085090615104764,0.5506113008040533,0.0703231292517006,0.8906052393857272,0.6754322766570605,0.3952212895841282,0.2672141697055128,0.1792435367433825,0.1028417881280025,0.0517902047658963
0.078469787585069,0.7813572245520396,0.9102607289631476,0.54928956933583,0.0692176870748299,0.8929539295392954,0.675792507204611,0.3971766501335368,0.2685624980847608,0.1809711852903067,0.1046331731943652,0.0549036043587594
0.0702206640544442,0.7766869996187571,0.9123492555413324,0.5563388038330213,0.0645408163265306,0.8922312556458898,0.6516570605187321,0.3895936665394888,0.2642723623326081,0.1777626951317332,0.100439703607198,0.0499940126930906
0.0678490410393895,0.7760198246282881,0.9134272047429766,0.5579909681683005,0.0628401360544217,0.8925925925925927,0.6350864553314122,0.3841568103777184,0.261545061747311,0.1746776084407972,0.0973047797410634,0.0456232786492635
0.0777479892761393,0.7825962638200534,0.9116081654652024,0.5488489921797555,0.0681122448979591,0.8944896115627824,0.6322046109510087,0.384586035864174,0.262556308031747,0.1763127043869933,0.099096164807426,0.048197820620285
0.0889874200866158,0.7890773922988943,0.90884592063599,0.5391562947461174,0.0744047619047619,0.8956639566395664,0.6381484149855908,0.3902136589088135,0.2659884166334692,0.1804775714197569,0.1040224737399234,0.0545443659441983
0.0870282532480923,0.7926038886770872,0.9126187428417436,0.5381649961449498,0.0712585034013605,0.8999096657633243,0.6413004322766571,0.3941243800076306,0.2681028406827445,0.1826988338372308,0.1068316912303558,0.0585558615734642
0.0720767168488348,0.7880289744567289,0.9191538098767096,0.5488489921797555,0.060969387755102,0.9020776874435412,0.6326548991354467,0.3882582983594048,0.2652223209634419,0.1792126858764731,0.1030860679097793,0.0516704586277092
0.0625902247886162,0.7807853602744949,0.9201643872532508,0.558101112457319,0.0563775510204081,0.8993676603432701,0.6284221902017292,0.3841568103777184,0.2639965678913983,0.1778552477324613,0.1008061232798632,0.04556340558017
0.0714580325840379,0.7842165459397636,0.9168631678232164,0.551272166538165,0.0621598639455782,0.898825654923216,0.6283321325648416,0.3849675696299123,0.2640578555450005,0.1786573702721046,0.1015389626251933,0.047060232307508
0.085584656630233,0.7937476172321768,0.9143704102944148,0.5382751404339685,0.0695578231292517,0.9016260162601626,0.635806916426513,0.390309042350248,0.2659577728066681,0.1809094835564879,0.1048367396791792,0.053945635253263
0.0828005774386471,0.7922226458253907,0.915111500370545,0.5406983147923781,0.0679421768707483,0.9014453477868112,0.6364373198847263,0.3904998092331171,0.2648852388686299,0.1796137471462948,0.1039817604429606,0.0535265237696084
0.0717673747164363,0.769443385436523,0.906218419456983,0.5596431325035797,0.0689625850340136,0.884643179765131,0.6249099423631124,0.3826783670354826,0.2604112401556706,0.1739988893687913,0.0969383600683983,0.0453837863728894
0.0706331202309754,0.750095310712924,0.8932830290372566,0.5715387157175901,0.0767006802721088,0.8668473351400181,0.6161743515850144,0.3783861121709271,0.2577452272239757,0.1706669957425804,0.0933148766387101,0.0408334331217818
0.083934831924108,0.7475219214639726,0.8828403961463316,0.5659213569776406,0.0887755102040816,0.8586269196025293,0.6210374639769453,0.3811522319725296,0.258848404988815,0.1723329425556858,0.095839101050403,0.0452640402347024
0.0965147453083109,0.751429660693862,0.8773159064879067,0.5568895252781143,0.0974489795918367,0.8567299006323396,0.6356268011527378,0.389641358260206,0.2635062666625808,0.1773307829950022,0.1011318296555655,0.0541252544605436
0.0954836048669828,0.7483797178802898,0.8758337263356464,0.5592025553475052,0.0979591836734694,0.8542908762420958,0.6448126801152738,0.395173597863411,0.2659577728066681,0.1800148084161165,0.1042667535217001,0.05933421147168
0.0835223757475768,0.7355127716355316,0.8745536616586943,0.5730807357638507,0.0937925170068027,0.8473351400180668,0.6371577809798271,0.3890213658908814,0.2628014586461558,0.1767446165237243,0.1008468365768259,0.0534067776314213
0.0781604454526706,0.7250285932138771,0.8706460958027353,0.5820024231743584,0.094047619047619,0.8397470641373079,0.6318443804034583,0.3844906524227394,0.2592161309104281,0.1723637934225952,0.0957169611595146,0.0461022632020117
0.0854815425861002,0.7274113610369805,0.8674796200229064,0.5767154973014649,0.0990646258503401,0.8387533875338753,0.6379682997118156,0.38711369706219,0.259859651273251,0.1726106003578701,0.0950248351111473,0.0466411208238534
0.094864920602186,0.7393252001524969,0.8698376339015023,0.5648199140874545,0.1014455782312925,0.8459801264679313,0.6536383285302594,0.3935520793590233,0.2633224037017743,0.1762510026531746,0.0995847243709795,0.0532870314932343
0.0918746133223345,0.7460922607701105,0.8765748164117766,0.5625068840180636,0.0960034013605442,0.8537488708220417,0.6569704610951009,0.3942197634490653,0.264578800600619,0.1782563090022829,0.1014575360312677,0.0561609388097233
0.0787791297174675,0.7359893252001525,0.877989624738934,0.5752836215442229,0.0897108843537414,0.8498644986449865,0.6476044668587897,0.3875429225486456,0.2609015413844882,0.174399950638613,0.0967755068805471,0.0478385822057238
0.0714580325840379,0.727125428898208,0.8765748164117766,0.5843154532437492,0.0875850340136054,0.8447154471544716,0.639949567723343,0.3818676077832888,0.2575920080899703,0.1706978466094897,0.0920527644328637,0.0408933061908753
0.081769436997319,0.7371330537552421,0.8768443037121875,0.5730807357638507,0.0916666666666666,0.8496838301716352,0.6499459654178675,0.3853014116749332,0.2596451444856434,0.1732276176960572,0.0957576744564774,0.0465213746856663
0.0895029903072798,0.7585779641631719,0.886882705652496,0.5564489481220398,0.0885204081632653,0.8664859981933153,0.669128242074928,0.3968904998092332,0.2680721968559433,0.1812488430924909,0.1051624460548815,0.0585558615734642
0.087750051557022,0.7675371711780404,0.8944283500640032,0.5522634651393324,0.0829931972789115,0.8758807588075881,0.6767831412103746,0.4012781381152232,0.2720865381668863,0.1850126488554328,0.1088673560784952,0.0625673572027302
0.0683646112600536,0.7566717499046893,0.8994138651216061,0.5688952527811432,0.071938775510204,0.8740740740740741,0.6720100864553314,0.3946966806562381,0.2675512518003248,0.1794903436786573,0.1022718019705235,0.0540055083223566
0.0568158383171788,0.7504765535646206,0.9025803409014348,0.5785879502147814,0.0651360544217687,0.8732610659439928,0.6692182997118156,0.3902136589088135,0.2646400882542212,0.1757573887826248,0.0966533669896587,0.0451442940965153
0.0617653124355537,0.7610560426991994,0.9068247658829076,0.5698865513823108,0.0644557823129251,0.8811201445347786,0.6725504322766571,0.3912151850438763,0.2656819783654583,0.1774541864626396,0.0984447520560214,0.0451442940965153
0.0729016292018972,0.77582920320244,0.9099912416627366,0.5554576495208723,0.0670918367346938,0.8902439024390243,0.680385446685879,0.3978443342235788,0.2695737443691968,0.1809711852903067,0.1043888934125885,0.0540055083223566
0.0786760156733347,0.7789744567289364,0.9084416896853736,0.5505011565150346,0.0704931972789115,0.8906955736224029,0.6726404899135447,0.4003719954215948,0.2713510863236601,0.1830690442401432,0.1075238172787232,0.0583762423661836
0.0739327696432254,0.7776401067479985,0.9105975880886612,0.553805485185593,0.0670918367346938,0.8914182475158084,0.6479646974063401,0.3927890118275467,0.268286703643551,0.1815573517615845,0.1052031593518443,0.0557418273260687
0.0713549185399051,0.7767823103316813,0.9116081654652024,0.5556779380989095,0.0654761904761905,0.8917795844625112,0.6294128242074929,0.3852060282334987,0.2650384580026354,0.1790892824088357,0.1024346551583747,0.0516704586277092
0.0772324190554753,0.7839306138009913,0.9128882301421544,0.548408415023681,0.0670918367346938,0.8959349593495934,0.62914265129683,0.3876383059900801,0.2670303067447063,0.1812796939594003,0.1063024183698395,0.0550233504969464
0.0865126830274283,0.7947007243614181,0.9144377821195177,0.5371736975437823,0.0698979591836734,0.9021680216802168,0.6377881844380404,0.394172071728348,0.2715043054576656,0.1857222187943481,0.1113508671932252,0.0616692611663273
0.0838317178799752,0.7919367136866183,0.9141682948191066,0.5402577376363035,0.0689625850340136,0.9006323396567298,0.6418407780979827,0.395030522701259,0.2714736616308644,0.1859998765965324,0.1115544336780392,0.0620284995808885
0.0688801814807176,0.7759245139153641,0.912753486491949,0.5574402467232074,0.0636904761904761,0.8921409214092141,0.6292327089337176,0.3866844715757345,0.2661109919406735,0.1807860800888505,0.1048367396791792,0.0530475392168602
0.0639307073623427,0.7713495996950057,0.9126861146668463,0.5628373168851195,0.0616496598639455,0.8898825654923216,0.6210374639769453,0.3814383822968333,0.2621272944565317,0.1776392916640958,0.1002361371223841,0.0463417554783858
0.0722829449371004,0.7767823103316813,0.9110691908643804,0.5551272166538164,0.066156462585034,0.8914182475158084,0.6232889048991355,0.3833460511255246,0.2631078969141667,0.1788424754735608,0.1020682354857096,0.0504131241767453
0.0824912353062487,0.78021349599695,0.9068247658829076,0.5477475492895694,0.0730442176870748,0.8901535682023487,0.6284221902017292,0.387447539107211,0.2657126221922594,0.1814339482939471,0.1055288657275466,0.0574182732606873
0.0825943493503815,0.7634388105223028,0.8948325810146196,0.5574402467232074,0.0806122448979591,0.8741644083107497,0.6358969740634006,0.3901182754673788,0.2669690190911041,0.1821743690997717,0.1069538311212442,0.0595737037480541
0.0720767168488348,0.7303659931376285,0.8783938556895505,0.582112567463377,0.086734693877551,0.8475158084914183,0.6296829971181557,0.3869706219000381,0.2629546777801612,0.1778243968655519,0.101213256249491,0.0519099509040833
0.0659929882449989,0.7111132291269537,0.8687596846998585,0.5965414693248154,0.0902210884353741,0.8318879855465221,0.625450288184438,0.3843475772605875,0.2601048018876597,0.1743382489047942,0.0977119127106912,0.0453837863728894
0.0769230769230769,0.7115897826915744,0.8619551303644816,0.5903733891397731,0.0990646258503401,0.8275519421860884,0.6353566282420751,0.387781381152232,0.2623418012441393,0.1760041957178997,0.0995847243709795,0.0490360435875943
0.0871313672922252,0.7130194433854364,0.8562958970558512,0.584095164665712,0.1068027210884353,0.8244805781391147,0.650756484149856,0.3948874475391072,0.2662948549014801,0.1799839575492071,0.1051624460548815,0.0597533229553347
0.0901216745720767,0.7131147540983606,0.8544768577780771,0.5824430003304328,0.1091836734693877,0.8232158988256549,0.6548090778097982,0.3967474246470812,0.2673980326663194,0.18177330782995,0.106587411448579,0.0623877379954496
0.0843472881006393,0.7059664506290506,0.8531294212760224,0.5897125234056614,0.1076530612244898,0.8189701897018972,0.644092219020173,0.3903567340709653,0.2635369104893819,0.1783488616030111,0.1020682354857096,0.0558017003951622
0.0812538667766549,0.7045367899351886,0.8541399986525635,0.5921356977640709,0.10578231292517,0.8189701897018972,0.63742795389049,0.3849675696299123,0.2609934728648914,0.1754488801135312,0.0982004722742447,0.0514309663513351
0.0928026397195298,0.7185474647350361,0.8564306407060567,0.5779270844806697,0.1090986394557823,0.8271906052393857,0.644542507204611,0.3894028996566196,0.2643030061594092,0.179120133275745,0.1019053822978584,0.0559214465333493
0.1003299649412249,0.7329393823865802,0.8617530148891733,0.5654807798215662,0.108843537414966,0.8375790424570911,0.6612031700288185,0.3979874093857307,0.2692060184475837,0.1833775529092368,0.1075238172787232,0.0630463417554783
0.0950711486904516,0.7304613038505527,0.8634373105167419,0.5697764070932921,0.1056122448979591,0.8374887082204155,0.6693083573487032,0.3990366272415109,0.269635032022799,0.1830690442401432,0.1071981109030209,0.0622679918572626
0.0781604454526706,0.7193099504384292,0.8666037862965708,0.5853067518449169,0.0965986394557823,0.8343270099367661,0.6626440922190202,0.3927890118275467,0.2647013759078234,0.1785956685382859,0.1005211302011236,0.0529876661477667
0.0689832955248504,0.7185474647350361,0.8720609041298929,0.5905936777178102,0.0893707482993197,0.8375790424570911,0.6620136887608069,0.3892121327737505,0.2636594857965863,0.177145677793546,0.0975897728198029,0.0480780744820979
0.0735203134666941,0.7354174609226076,0.8810213568685575,0.578367661636744,0.0856292517006802,0.8515808491418247,0.673721181556196,0.3936474628004578,0.2651610333098397,0.1795211945455667,0.1003989903102353,0.0529277930786732
0.0780573314085378,0.7566717499046893,0.893148285387051,0.5637184711972684,0.0798469387755102,0.869828364950316,0.6857889048991355,0.4008489126287677,0.2709527165752459,0.1852594557907077,0.1082566566240534,0.0626871033409172
0.074654567952155,0.7649637819290888,0.9011655325742772,0.5607445753937659,0.0733843537414966,0.8791327913279133,0.6851585014409223,0.4011350629530713,0.2723623326080961,0.1864626396001727,0.1103737480661183,0.064722787690097
0.0574345225819756,0.7503812428516966,0.902041366300613,0.578367661636744,0.0657312925170068,0.8728093947606144,0.6664265129682998,0.3918828691339183,0.266938375264303,0.1818967112975874,0.10353391417637,0.0543647467369177
0.0523819344194679,0.7441860465116278,0.901030788924072,0.584645886110805,0.0642857142857143,0.8691960252935863,0.6415706051873199,0.3821060663868753,0.2620047191493274,0.177577589930277,0.0986890318377982,0.046940486169321
0.0671272427304598,0.7562905070529927,0.8999528397224281,0.5697764070932921,0.0710034013605442,0.8742547425474254,0.6349963976945245,0.3840137352155666,0.263873992584194,0.180230764484482,0.1029639280188909,0.0543048736678242
0.0826974633945143,0.7682996568814334,0.8982685440948595,0.5545764952087233,0.0784863945578231,0.8787714543812105,0.6434618155619597,0.3924551697825257,0.2688382925259707,0.1853211575245264,0.1098037619086393,0.0643036762064423
0.0828005774386471,0.7666793747617232,0.8970558512430102,0.5553475052318537,0.0793367346938775,0.8772357723577237,0.6423811239193085,0.3928843952689813,0.2695737443691968,0.1864626396001727,0.1105366012539695,0.064842533828284
0.0705300061868426,0.7548608463591306,0.8967189921174964,0.5687851084921247,0.0744897959183673,0.8713640469738031,0.6346361671469741,0.3878767645936666,0.2662335672478779,0.1828222373048683,0.1060988518850256,0.0571787809843132
0.0628995669210146,0.7480937857415173,0.8969211075928045,0.5768256415904834,0.0711734693877551,0.8682926829268292,0.6251801152737753,0.3836798931705455,0.2640578555450005,0.1796137471462948,0.1024346551583747,0.0519099509040833
0.0749639100845535,0.7529546321006481,0.8924745671360236,0.5674633770239013,0.0789965986394557,0.8675700090334236,0.6301332853025937,0.3873521556657764,0.2654674715778507,0.1818350095637687,0.1055695790245093,0.0569991617770326
0.0895029903072798,0.7565764391917651,0.8855352691504412,0.5576605353012446,0.0893707482993197,0.8646793134598013,0.6410302593659943,0.3966043494849294,0.2707994974412405,0.1864934904670821,0.1124094129142577,0.0658005029337803
0.0896061043514126,0.750095310712924,0.880886613218352,0.5614054411278775,0.0923469387755102,0.858446251129178,0.646613832853026,0.3997043113315529,0.2726994147029081,0.1880977355463688,0.113712238417067,0.0672374565920249
0.0791915858939987,0.7352268394967593,0.8771137910125985,0.5755039101222601,0.090391156462585,0.8489611562782294,0.6395893371757926,0.3949351392598245,0.2693592375815892,0.1847349910532486,0.1081752300301278,0.0602921805771763
0.0777479892761393,0.7267441860465115,0.8721956477800983,0.5811212688622094,0.0929421768707483,0.841553748870822,0.6344560518731989,0.3920736360167875,0.2666319369962922,0.1818967112975874,0.1047553130852536,0.0550233504969464
0.0859971128067642,0.7301753717117804,0.8692312874755778,0.5748430443881484,0.0982142857142857,0.8411924119241193,0.645443083573487,0.3968428080885158,0.2691447307939815,0.1837477633121491,0.1082973699210161,0.0578972578134355
0.0977521138379047,0.7380861608844833,0.8670753890722899,0.5639387597753056,0.1044217687074829,0.8435411020776874,0.661563400576369,0.4065242273941243,0.2744767566573714,0.1892700684889245,0.1149336373259506,0.0680158064902407
0.0962054031759125,0.7261723217689667,0.8596644883109884,0.5716488600066086,0.1085034013605442,0.8328816621499547,0.6657060518731989,0.4093857306371614,0.2757331535562161,0.1895785771580181,0.1148114974350622,0.0696922524248593
0.0812538667766549,0.7028211971025542,0.8529273058007141,0.5931269963652385,0.106547619047619,0.8173441734417345,0.6528278097982709,0.3997520030522701,0.2687770048723685,0.1831307459739619,0.1058952854002117,0.0570590348461262
0.0690864095689832,0.6950057186427754,0.8553526915044127,0.6041414252670998,0.0999999999999999,0.8152664859981933,0.6468840057636888,0.3924551697825257,0.2641804308522049,0.1787807737397421,0.100643270092012,0.0504729972458388
0.080119612291194,0.7102554327106366,0.8589233982348582,0.5893820905386056,0.1022959183673469,0.8249322493224933,0.6524675792507205,0.3944582220526517,0.2670915943983085,0.1815265008946751,0.1044296067095513,0.0558017003951622
0.0919777273664673,0.7296988181471596,0.8649194906690021,0.5718691485846458,0.1034013605442176,0.8381210478771455,0.6633645533141211,0.4008966043494849,0.2729752091441179,0.1867094465354477,0.1120022799446299,0.0663992336247156
0.0859971128067642,0.7389439573008005,0.8753621235599272,0.5697764070932921,0.0943877551020408,0.8495031616982835,0.6667867435158502,0.397558183899275,0.2723623326080961,0.1864626396001727,0.1124501262112205,0.0656807567955933
0.0639307073623427,0.748570339306138,0.896584248467291,0.5759444872783346,0.0718537414965986,0.8682926829268292,0.6622838616714698,0.3856352537199543,0.2664480740354856,0.1822977725674092,0.105243872648807,0.0532271584241408
0.0372241699319447,0.7810712924132672,0.9370073435289362,0.5714285714285714,0.0353741496598639,0.910840108401084,0.6637247838616714,0.370469286531858,0.2593387062176325,0.1776084407971864,0.097182639850175,0.0380193988743863
0.0297999587543823,0.8072817384674037,0.9603853668395876,0.5601938539486727,0.017517006802721,0.9389340560072268,0.6904719020172911,0.3729492560091568,0.2661109919406735,0.1860307274634417,0.1021089487826724,0.0376601604598251
0.0592905753763662,0.8265345024780785,0.9546587617058544,0.5334287917171494,0.0332482993197279,0.9441734417344172,0.7463976945244958,0.4183040824112934,0.3061318297428983,0.2299315110754612,0.1432700920120511,0.0754999401269309
0.1315735203134667,0.8419748379717881,0.9184127198005794,0.485846458861108,0.085969387755102,0.9271906052393858,0.7875540345821326,0.4963754292254865,0.3892685318542579,0.3248287776886531,0.2339793176451428,0.1594419829960483
0.240977521138379,0.8428326343881052,0.8475375597924948,0.4269192642361493,0.1757653061224489,0.8800361336946704,0.7703530259365996,0.5742083174360931,0.4956026108540435,0.4560375146541618,0.3578291670059441,0.2754161178301999
0.3871932357187048,0.8537933663743804,0.7597520716836218,0.3424385945588721,0.2914965986394557,0.8264679313459802,0.7014589337175793,0.6572872949256009,0.626543682775105,0.613747146294811,0.5054962950899764,0.4211471680038318
0.5623839967003506,0.9084064048799084,0.6838240247928316,0.2174248265227448,0.4116496598639455,0.8013550135501355,0.6121217579250721,0.7428462418924074,0.7561364263169186,0.7694206207194424,0.6565426268219201,0.5833433121781822
0.7315941431222932,0.9793175752954631,0.6234588695007748,0.0860226897235378,0.5195578231292516,0.7944896115627824,0.4892831412103747,0.7883441434566959,0.8308767198847793,0.8660763867464677,0.770092012051136,0.7265596934498861
0.870282532480924,1.0,0.5474634507848817,0.0,0.6246598639455782,0.7533875338753387,0.3247478386167147,0.7817626859977108,0.8539821652928019,0.8974825692601962,0.8321390766224248,0.8315171835708298
0.8665704268921427,0.9299466260007624,0.5003031732129622,0.042515695561185,0.652891156462585,0.6885275519421861,0.21875,0.69768218237314,0.7882511568044618,0.8238415499475535,0.776972559237847,0.804454556340558
0.7101464219426685,0.7979412886008387,0.509263625951627,0.2023350589271946,0.5827380952380952,0.6319783197831979,0.1079791066282421,0.4655665776421213,0.5569515521098276,0.6093046214598631,0.589894959693836,0.6373488205005389
0.4892761394101876,0.7538124285169653,0.6223809202991308,0.3457429232294304,0.4202380952380952,0.6869918699186992,0.0187319884726224,0.1931037771842808,0.2493794625072779,0.3130437465292775,0.3262763618597834,0.3891150760387977
0.3035677459269952,0.7769729317575296,0.7601563026342383,0.4315453243749311,0.2568027210884354,0.7902439024390243,0.0,0.0373903090423502,0.0353016884748567,0.0731165545751835,0.0966940802866215,0.1634534786253143
0.2440709424623633,0.7574342356080823,0.7851512497473556,0.4746117413812093,0.2164965986394557,0.7978319783197831,0.0826729106628242,0.0836035864173979,0.0381822081941592,0.0422656876658234,0.0470238579920201,0.0995090408334331
0.2109713342957311,0.7440907357987038,0.797345550090952,0.4999449278554906,0.1951530612244897,0.7996386630532971,0.2439661383285302,0.2102727966425029,0.136150522477247,0.1094280249275004,0.0834622587737154,0.1044186324991019
0.1595174262734584,0.7315097216927181,0.8220036380785556,0.5347505231853729,0.1583333333333333,0.8102077687443541,0.4050792507204611,0.3125238458603586,0.2101553642018815,0.1571234651693712,0.1043481801156257,0.0929230032331457
0.133017116931326,0.7195958825772016,0.8310314626423229,0.5557880823879282,0.1417517006802721,0.8105691056910569,0.5263868876080692,0.3773845860358641,0.2547421321974688,0.1808477818226692,0.1123279863203322,0.0793318165489162
0.1311610641369354,0.7051086542127334,0.8219362662534527,0.5651503469545104,0.1466836734693877,0.7976513098464318,0.5980727665706053,0.4101487981686379,0.2754573591150063,0.1917998395754921,0.118312840973862,0.0825050892108729
0.1171375541348731,0.6938619900876858,0.8231489591053022,0.5791386716598744,0.1401360544217687,0.7931345980126467,0.6339157060518732,0.4145841281953453,0.2774492078570772,0.1889307089529216,0.1145672176532855,0.0769368937851754
0.0898123324396782,0.6722264582539077,0.8257090884592063,0.6062341667584534,0.1272108843537414,0.7846431797651309,0.6508465417867435,0.4090995803128577,0.2720865381668863,0.1798914049484791,0.1026789349401514,0.0614297688899532
0.0716642606723035,0.6583110941669843,0.8277302432122886,0.6239673972904505,0.1185374149659864,0.7793134598012647,0.664085014409222,0.4062857687905379,0.26657064934269,0.1718701795520454,0.0919306245419754,0.0461621362711052
0.068673953392452,0.6611704155547082,0.8317051808933504,0.6239673972904505,0.1147959183673469,0.7833785004516711,0.6825468299711815,0.4092426554750095,0.2665400055158888,0.1694946628000247,0.0889585538636918,0.0422105137109328
0.0726954011136316,0.6716545939763628,0.8364885804756451,0.6157065756140543,0.1134353741496598,0.7915989159891599,0.69992795389049,0.4138687523845861,0.2692060184475837,0.1707286974763991,0.089691393209022,0.044306071129206
0.0600123736852959,0.6644109797941288,0.8396550562554739,0.6267210045159158,0.1062074829931972,0.7902439024390243,0.7074927953890491,0.4125333842045021,0.267581895627126,0.1674585055840069,0.0857422034036316,0.0376601604598251
0.0405238193441946,0.6466831871902401,0.8398571717307821,0.6473179865623967,0.0980442176870748,0.7819331526648601,0.6983969740634006,0.4040919496375429,0.2612999111329023,0.1599000431912137,0.0759302988355996,0.0243084660519698
0.0354712311816869,0.6422035836828058,0.8399919153809876,0.6526049124352902,0.0958333333333333,0.7799457994579945,0.6905619596541788,0.4003719954215948,0.2593080623908314,0.1570617634355526,0.0716554026545069,0.0201173512154233
0.0490822850072179,0.6644109797941288,0.8467964697163646,0.6324485075448838,0.0971938775510204,0.7950316169828365,0.6983069164265131,0.4061903853491034,0.2636901296233874,0.1611032270006787,0.0766631381809299,0.0265836426775236
0.0597030315528975,0.6870949294700723,0.8558916661052348,0.6137239784117193,0.0958333333333333,0.8118337850045168,0.7075828530259366,0.4133918351774132,0.2695737443691968,0.1666255321774542,0.0843986646038595,0.0347862531433361
0.0546504433903897,0.6930041936713686,0.8633699386916391,0.612952968388589,0.0890306122448979,0.8196928635953025,0.7080331412103746,0.4146318199160625,0.2708607850948427,0.1674276547170975,0.0856200635127432,0.0360435875943
0.0418643019179212,0.6865230651925276,0.8672101327224955,0.6236369644233946,0.0812925170068027,0.8192411924119242,0.6955151296829971,0.4087657382678367,0.2678270462415346,0.1637872524217931,0.0801644817197296,0.0279607232666746
0.0373272839760775,0.684712161646969,0.8688270565249612,0.6270514373829716,0.0784013605442176,0.8194218608852755,0.6899315561959655,0.4063334605112552,0.2668157999570986,0.1622755599432344,0.0778031104958879,0.0238893545683151
0.0437203547123118,0.6945291650781547,0.8715219295290709,0.6179094613944266,0.0793367346938775,0.825925925925926,0.7022694524495678,0.4131533765738268,0.271320442496859,0.1653297957672611,0.0811008875498737,0.0279607232666746
0.0483604866982883,0.6960541364849407,0.8696355184261941,0.6146051327238682,0.0824829931972788,0.825293586269196,0.7213616714697406,0.423788630293781,0.2768363313210554,0.1697723206022089,0.086230762967185,0.034427014728775
0.046298205815632,0.6850934044986655,0.8632351950414336,0.622094944377134,0.0856292517006802,0.8158988256549232,0.7191102305475505,0.4238363220144983,0.2761621671314314,0.1681063737891035,0.0842765247129712,0.0337085378996527
0.0374303980202103,0.6693671368661837,0.857912820858317,0.6358629805044608,0.0852891156462584,0.804878048780488,0.7047910662824207,0.4162056466997329,0.2708914289216438,0.1630468316159684,0.0776402573080368,0.0247275775356244
0.0347494328727572,0.6643156690812047,0.856093781580543,0.6402687520652054,0.0853741496598639,0.8011743450767841,0.6971361671469741,0.4121041587180465,0.268286703643551,0.1610106743999507,0.0735282143147951,0.0201173512154233
0.0423798721385852,0.6687952725886389,0.8543421141278716,0.6335499504350699,0.089625850340136,0.8021680216802167,0.704971181556196,0.4172548645555131,0.2709527165752459,0.1635095946196088,0.0763374318052275,0.025026942881092
0.0511445658898741,0.6702249332825009,0.849558714545577,0.6280427359841392,0.0962585034013605,0.7996386630532971,0.7164085014409223,0.4246470812666921,0.274354181350167,0.1669648917134571,0.0808158944711342,0.0316129804813794
0.0470200041245617,0.661646969119329,0.84619012329044,0.635202114770349,0.0966836734693877,0.7933152664859981,0.7137968299711817,0.4258393742846242,0.2745686881377747,0.1668414882458197,0.0803680482045436,0.0313734882050053
0.0363992575788822,0.6496378192908883,0.8446405713130768,0.6477585637184712,0.09328231292517,0.7866305329719965,0.7055115273775218,0.4207840518885922,0.2719333190328808,0.1630468316159684,0.0754417392720462,0.0247275775356244
0.0300061868426479,0.6434426229508196,0.8444384558377687,0.6548077982156625,0.0908163265306122,0.7834688346883469,0.7065021613832853,0.4194486837085082,0.2707075659608372,0.1614117356697723,0.072795374969465,0.019279128248114
0.0418643019179212,0.647255051467785,0.839385568955063,0.6463266879612292,0.0988095238095238,0.7819331526648601,0.719200288184438,0.4287485692483785,0.2754573591150063,0.1637872524217931,0.0760931520234508,0.0228715123937253
0.0509383378016085,0.6520205871139915,0.8368254396011587,0.6387267320189447,0.1041666666666666,0.7824751580849142,0.7356808357348703,0.4393838229683327,0.2809732479392027,0.1672734003825507,0.0803680482045436,0.0306550113758831
0.0456795215508352,0.6410598551277163,0.8325136427945833,0.6478687080074897,0.1047619047619047,0.7743450767841011,0.747028097982709,0.4443437619229302,0.2831796034688812,0.1673968038501882,0.080286621610618,0.0307747575140701
0.0334089502990307,0.6246664125047654,0.8289429360641379,0.6638396299151889,0.1019557823129251,0.7642276422764227,0.7488292507204611,0.4425791682563907,0.2807280973247939,0.1634478928857901,0.0750346063024183,0.0228715123937253
0.0307279851515776,0.6240945482272207,0.8302903725661928,0.6656019385394867,0.0999999999999999,0.7648599819331525,0.7532420749279539,0.4425314765356734,0.2802071522691754,0.1617510952057753,0.0715739760605813,0.0186205244880852
0.0375335120643431,0.6357224552039649,0.8340631947719462,0.6552483753717369,0.1004251700680272,0.7728997289972901,0.7672910662824208,0.4491129339946586,0.2838844114853063,0.1640032084901586,0.0736096409087207,0.0224524009100706
0.0444421530212414,0.6422988943957301,0.8341979384221518,0.6477585637184712,0.1031462585034013,0.7761517615176151,0.7807997118155621,0.4554082411293399,0.2877761774890449,0.1660702165730857,0.0761338653204136,0.0268231349538977
0.0439265828005774,0.6359130766298131,0.8300882570908845,0.6517237581231413,0.1055272108843537,0.7703703703703705,0.7823306916426513,0.4560759252193819,0.2875616707014372,0.1646819275621645,0.0741796270661998,0.0255658005029337
0.0362961435347494,0.6241898589401448,0.8267196658357475,0.6626280427359841,0.1045068027210884,0.7625112917795845,0.7714337175792508,0.4504959938954598,0.2837005485244997,0.1601777009933979,0.0678690660369676,0.0182612860735241
0.0347494328727572,0.6240945482272207,0.8276628713871859,0.6633990527591144,0.1033163265306122,0.7630532971996387,0.7654899135446687,0.448349866463182,0.2815861244752244,0.1573394212377368,0.065304128328312,0.0146689019279128
0.0428954423592493,0.6344834159359511,0.8296840261402681,0.6530454895913647,0.1054421768707483,0.7693766937669377,0.7725144092219021,0.4522605875619992,0.2835166855636932,0.1589128154501141,0.067787639443042,0.0203568434917973
0.0494947411837492,0.6385817765916888,0.8283365896382133,0.647207842273378,0.1089285714285714,0.7704607046070461,0.786563400576369,0.4600343380389164,0.2868875065118132,0.1603628061948541,0.0708818500122139,0.0256256735720273
0.0447514951536399,0.6340068623713304,0.8280671023378023,0.6523846238572529,0.1072278911564625,0.7681120144534779,0.7918768011527378,0.4630389164441053,0.2873778077406306,0.1578330351082865,0.0683983388974839,0.0226918931864447
0.0287688183130542,0.6241898589401448,0.8316378090682477,0.6665932371406542,0.0983843537414966,0.7657633242999097,0.7863832853025937,0.4596051125524609,0.2844053565409248,0.1524341333991485,0.0620877778682517,0.0138306789606035
0.0256753969890699,0.6162790697674417,0.8279997305126995,0.6727613173256967,0.0993197278911564,0.759620596205962,0.7876440922190202,0.4608927890118275,0.2823828639720528,0.1490405380391189,0.0574057487175311,0.0086815950185606
0.0401113631676634,0.6227601982462828,0.8232163309304049,0.6614164555567793,0.1083333333333333,0.7594399277326106,0.8023234870317003,0.4726726440289966,0.2879600404498514,0.1529585981366076,0.0609070922563309,0.015267632618848
0.0538255310373272,0.631528783835303,0.8204540861011924,0.6489701508976758,0.1157312925170068,0.7617886178861788,0.8200648414985591,0.4871232354063335,0.296264517512947,0.1589436663170235,0.0678283527400048,0.0257454197102143
0.0538255310373272,0.6234273732367517,0.8147274809674594,0.6537063553254763,0.1193877551020408,0.7541102077687445,0.8251080691642652,0.4947062190003815,0.2995434069806637,0.1599925957919418,0.0688868984610373,0.0288588193030774
0.0414518457413899,0.6029355699580632,0.8083271575826989,0.6721004515915849,0.11828231292517,0.7401084010840108,0.8141210374639769,0.4933708508202976,0.2979192841602059,0.1562287900289998,0.063187036886247,0.0217937971500419
0.0396989069911321,0.5877811666031261,0.7987603584181094,0.6817931490252229,0.1236394557823129,0.7264679313459802,0.8125900576368876,0.4973769553605494,0.2992063248858518,0.1552107114209909,0.0617620714925494,0.018141539935337
0.059393689420499,0.5923560808234845,0.7891261874284173,0.668685978632008,0.1377551020408163,0.7222222222222222,0.8225864553314122,0.5092998855398703,0.3062850488769038,0.1609798235330413,0.0681947724126699,0.0281403424739552
0.0790884718498659,0.6011246664125047,0.7824563767432459,0.6530454895913647,0.1500850340136054,0.7219512195121951,0.8287103746397695,0.5222720335749714,0.315478196917231,0.167551058184735,0.0769481312596693,0.0426296251945874
0.0813569808207878,0.5953107129241326,0.7768645152597183,0.6551382310827184,0.1545918367346938,0.7154471544715447,0.826098703170029,0.5268981304845479,0.3192167437869641,0.1703276362065774,0.0811823141437993,0.0485570590348461
0.0773355330996081,0.5844452916507815,0.7718116283770128,0.6636193413371516,0.1561224489795918,0.7068654019873533,0.8088976945244958,0.5234643265929035,0.3197070450157816,0.1710989078793114,0.0809380343620226,0.0459825170638246
0.0846566302330377,0.587018680899733,0.7688472680724919,0.6582222711752396,0.160969387755102,0.7060523938572719,0.7947586455331412,0.5226058756199924,0.3228020715226918,0.1754797309804405,0.0854164970279293,0.0491557897257813
0.1050732109713342,0.6031261913839115,0.7669608569696152,0.6379557219958144,0.1705782312925169,0.7124661246612466,0.7933177233429396,0.5279950400610455,0.3294824257653296,0.1859073239958043,0.0978747658985424,0.0652017722428451
0.1207465456795215,0.6204727411361036,0.7689146398975948,0.6196717700187245,0.1758503401360544,0.7220415537488708,0.797550432276657,0.5339565051507059,0.3371433824656023,0.1980625655580922,0.1128979724778112,0.08262483534906
0.123736852959373,0.6318147159740753,0.7750454759819444,0.6114109483423283,0.1732142857142857,0.7315266485998194,0.7880043227665707,0.5277088897367417,0.3380933410964361,0.2042944406737829,0.1205927856037781,0.0900490959166566
0.1142503608991544,0.6347693480747235,0.7832648386444789,0.6148254213019055,0.1641156462585034,0.7383920505871726,0.7636887608069165,0.5110167874856925,0.3325468084454387,0.2034306164003209,0.1207149254946665,0.0859178541492036
0.1115693957517013,0.6441097979412885,0.7916863167823216,0.6108602268972353,0.1577380952380952,0.7484191508581753,0.7485590778097984,0.4976631056848531,0.3282566726932859,0.2048497562781514,0.1227098770458431,0.0863369656328583
0.1198185192823262,0.6677468547464734,0.8028700397493769,0.5927965634981825,0.1539965986394557,0.7672086720867209,0.7463976945244958,0.4944200686760778,0.3294824257653296,0.21166779786512,0.1324403550199495,0.0983714525206562
0.1244586512683027,0.6907167365611894,0.8160749174695141,0.5770459301685207,0.1476190476190476,0.7869015356820235,0.7466678674351586,0.4907954979015643,0.330309809088959,0.2184858394520886,0.1413972803517628,0.1078912705065261
0.1176531243555372,0.697579107891727,0.8254396011587953,0.5767154973014649,0.1389455782312925,0.7963866305329721,0.7364913544668588,0.4812094620373903,0.325590659761591,0.2194422163262788,0.1430665255272371,0.1077715243683391
0.1060012373685296,0.6921463972550514,0.8292124233645489,0.586077761868047,0.1317176870748299,0.7963866305329721,0.7170389048991356,0.4659958031285768,0.3173474703520976,0.2144443758869624,0.1374888038433352,0.0986109447970303
0.1043514126624046,0.6931948150972168,0.8310314626423229,0.5862980504460843,0.1299319727891156,0.7981029810298103,0.7011887608069165,0.4559328500572301,0.3125057457175252,0.2124082186709446,0.1347610129468284,0.0929230032331457
0.1113631676634357,0.7030118185284024,0.8333894765209189,0.5769357858795021,0.1312925170068027,0.8043360433604335,0.7065021613832853,0.4555513162914918,0.3131492660803481,0.21552415622879,0.1389544825339956,0.0988504370734043
0.1190967209733965,0.7095882577201676,0.8329178737451997,0.5690053970701618,0.1347789115646258,0.8071364046973803,0.7081231988472623,0.4561713086608165,0.3138234302699721,0.2179613747146295,0.1432700920120511,0.1064543168482816
0.1138379047226232,0.7051086542127334,0.8332547328707135,0.574402467232074,0.1323979591836734,0.8052393857271906,0.6983969740634006,0.4498283098054178,0.3101155272270401,0.2160794718331585,0.1420079798062047,0.1032211711172314
0.0988863683233656,0.6910979794128859,0.8331199892205079,0.5904835334287917,0.126360544217687,0.7985546522131889,0.6833573487031701,0.4392407478061809,0.3025465020071707,0.2102486579872894,0.135412425698233,0.0943599568913902
0.092699525675397,0.7003431185665268,0.8436299939365356,0.5883907919374379,0.1170918367346938,0.809936766034327,0.6715597982708934,0.4294639450591377,0.2966628872613612,0.2048806071450608,0.129061151372038,0.0865165848401389
0.0972365436172406,0.7121616469691192,0.849019739944755,0.5791386716598744,0.1156462585034013,0.8191508581752484,0.680835734870317,0.4301793208698969,0.2972451199705819,0.2061763435552539,0.1309746763292891,0.0890911268111603
0.1009486492060218,0.7182615325962638,0.8509735228727346,0.5737416014979623,0.1159013605442176,0.8233062330623306,0.6907420749279539,0.4342808088515834,0.2988998866178408,0.2088912198432776,0.1342724533832749,0.0935217339240809
0.0888843060424829,0.7058711399161265,0.8501650609715017,0.5872893490472518,0.1113945578231292,0.8169828364950316,0.6904719020172911,0.4328023655093475,0.2967241749149634,0.2072252730301721,0.1317889422685449,0.0909471919530595
0.0733140853784285,0.6888105223027068,0.8481439062184194,0.6054631567353232,0.1062925170068027,0.8074977416440831,0.6868695965417868,0.4272224341854254,0.2921888885484019,0.2022274325908558,0.1246641153000569,0.081487247036283
0.0673334708187255,0.6808997331300037,0.8465269824159536,0.6132834012556448,0.1048469387755102,0.8026196928635954,0.6892110951008646,0.4260301411674933,0.2904115465939387,0.1995742580366508,0.1204706457128898,0.0751407017123697
0.0750670241286863,0.688333968738086,0.8466617260661591,0.6048022910012115,0.1079081632653061,0.806323396567299,0.7000180115273776,0.4313239221671118,0.2934452854472467,0.2025359412599494,0.1238091360638384,0.0804694048616932
0.0832130336151783,0.6915745329775066,0.8436973657616385,0.5986342108161692,0.1131802721088435,0.8057813911472449,0.7092939481268011,0.4397176650133537,0.2985934483498299,0.2066391065588943,0.1296718508264799,0.0886720153275056
0.0804289544235924,0.6824247045367898,0.8390487098295493,0.6053530124463047,0.1149659863945578,0.7983739837398375,0.704971181556196,0.4403853491033956,0.299267612539454,0.2070710186956254,0.1304046901718101,0.0890312537420668
0.0693957517013817,0.6676515440335493,0.8357474903995149,0.6197819143077431,0.1124999999999999,0.7891598915989161,0.6910122478386168,0.4332315909958031,0.2944565317316827,0.2027518973283149,0.125234101457536,0.0805891509998802
0.0657867601567333,0.6648875333587494,0.836219093175234,0.6233065315563387,0.1107142857142857,0.7881662149954833,0.6852485590778099,0.4302270125906143,0.2928017650844237,0.2012710557166656,0.1230355834215454,0.0754400670578373
0.075788822437616,0.6752764010674799,0.8370949269015696,0.6119616697874215,0.1142857142857142,0.7936766034327009,0.6947046109510088,0.4375238458603587,0.2971225446633776,0.205497624483248,0.1280433189479684,0.0825649622799664
0.0866157970715611,0.6879527258863894,0.8389139661793438,0.5988544993942064,0.1176020408163265,0.8009033423667569,0.704971181556196,0.4440099198779092,0.301994913124751,0.2104337631887456,0.1341503134923866,0.0905879535384983
0.0814600948649205,0.6843309187952725,0.8397224280805766,0.6037008481110254,0.1149659863945578,0.7997289972899729,0.705421469740634,0.4431991606257154,0.3026690773143751,0.2121305608687604,0.1345167331650517,0.0906478266075919
0.068673953392452,0.6749904689287075,0.8414740955332479,0.6159268641920916,0.1085884353741496,0.7964769647696477,0.6981268011527378,0.437762304463945,0.2994514755002605,0.2090454741778244,0.130608256656624,0.0834630583163693
0.0649618478036708,0.6727983225314524,0.8423499292595836,0.6191210485736315,0.1064625850340136,0.7960252935862693,0.6977665706051873,0.4360930942388402,0.2981031471210125,0.2075029308323564,0.1288982981841869,0.0801700395162256
0.0733140853784285,0.6849980937857414,0.8455164050394124,0.6076660425156954,0.1079081632653061,0.8038843721770552,0.7136167146974064,0.4427222434185426,0.3024239266999663,0.2112050348614796,0.1337838938197215,0.0865165848401389
0.0785729016292019,0.6931948150972168,0.8478744189180084,0.6001762308624298,0.1085884353741496,0.8093947606142727,0.7285662824207493,0.4491606257153758,0.3065301994913125,0.2153390510273339,0.138303069782591,0.093880972338642
0.0743452258197566,0.6879527258863894,0.84693121336657,0.6054631567353232,0.1074829931972788,0.8062330623306232,0.7279358789625361,0.4467283479587943,0.3042319124812306,0.2133645955451348,0.1362674049344515,0.0907076996766854
0.0615590843472881,0.6747045367899351,0.8459206359900289,0.6198920585967618,0.1028061224489795,0.79936766034327,0.7184798270893373,0.4407668828691339,0.3003401464774921,0.2087369655087308,0.1302825502809217,0.082864327625434
0.0656836461126005,0.6737514296606938,0.8425520447348919,0.6182398942614825,0.1066326530612245,0.7966576332429991,0.7171289625360231,0.4396222815719191,0.2995740508074648,0.2080582464367249,0.1284097386206334,0.0807088971380673
0.0812538667766549,0.6866183759054516,0.8414067237081453,0.6024892609318206,0.113860544217687,0.8018970189701896,0.7234329971181557,0.4439145364364746,0.301994913124751,0.2122231134694885,0.1344760198680889,0.0895701113639085
0.0951742627345844,0.6997712542889819,0.8416762110085563,0.5873994933362705,0.1193877551020408,0.8084010840108401,0.7259546109510088,0.4475391072109881,0.3050592958048602,0.2168507435058925,0.1409087207882094,0.0980720871751886
0.0929057537636626,0.7025352649637818,0.8451795459138989,0.5870690604692146,0.1162414965986394,0.8120144534778682,0.7174891930835735,0.4430560854635635,0.3036190359452089,0.2161720244338866,0.1412751404608745,0.0986708178661238
0.0780573314085378,0.6891917651544033,0.845381661389207,0.6027095495098579,0.1099489795918367,0.8057813911472449,0.6996577809798271,0.4303700877527661,0.295927435418135,0.2098167458505584,0.1337838938197215,0.0886121422584121
0.072489173025366,0.6773732367518108,0.8406656336320151,0.6125123912325146,0.1107142857142857,0.797018970189702,0.692092939481268,0.4229301793208699,0.2909631354763583,0.2048189054112421,0.1277990391661916,0.0819063585199377
0.0805320684677253,0.6833778116660312,0.8395876844303712,0.6048022910012115,0.114625850340136,0.7991869918699188,0.6951548991354467,0.4243132392216711,0.2922808200288052,0.2051891158141544,0.1300789837961078,0.0850796311818943
0.0852753144978346,0.6982462828821959,0.8470659570167757,0.5935675735213128,0.1119047619047619,0.8112014453477868,0.6971361671469741,0.4257916825639069,0.2934759292740477,0.2063614487567101,0.1328474879895773,0.0907076996766854
0.0752732522169519,0.6927182615325962,0.8496260863706798,0.6021588280647648,0.1061224489795918,0.8103884372177055,0.6887608069164266,0.4208794353300267,0.2894922317899059,0.2036465724686864,0.1288575848872241,0.0865764579092324
0.0612497422148896,0.6776591688905832,0.8482112780435223,0.6183500385505012,0.1012755102040816,0.8022583559168925,0.6708393371757926,0.4100534147272034,0.2822602886648485,0.1977849077559079,0.12120348505822,0.077236259130643
0.062693338832749,0.6780404117422797,0.8475375597924948,0.6173587399493335,0.1022959183673469,0.8019873532068654,0.6653458213256485,0.4070011446012972,0.2799313578279656,0.1957796014067995,0.1193306733979317,0.0749610825050892
0.0735203134666941,0.683282500953107,0.8441689685373577,0.6085471968278444,0.108843537414966,0.8022583559168925,0.6787644092219021,0.41520412056467,0.2842827812337205,0.2000987227741099,0.1241348424395407,0.0810681355526284
0.0788822437616003,0.6858558902020586,0.8424173010846864,0.6041414252670998,0.1121598639455782,0.8022583559168925,0.6905619596541788,0.4241701640595193,0.2895841632703092,0.2047880545443327,0.1297532774204055,0.0880134115674769
0.0732109713342957,0.6802325581395348,0.8422151856093781,0.6104196497411609,0.1100340136054421,0.7994579945799458,0.6902017291066282,0.424790156428844,0.2898906015383201,0.204386993274511,0.1289390114811497,0.0865764579092324
0.0649618478036708,0.6699390011437284,0.8402614026813987,0.6208833571979292,0.1078231292517006,0.7932249322493226,0.6788544668587896,0.4193056085463564,0.2867955750314099,0.2008391435799346,0.1253562413484243,0.079990420308945
0.0692926376572489,0.6691765154403354,0.8369601832513642,0.6189007599955942,0.111734693877551,0.790695573622403,0.6717399135446687,0.4175887066005341,0.2860294793613827,0.2002221262417474,0.1242569823304291,0.0784935935816069
0.0813569808207878,0.6775638581776591,0.8350064003233847,0.6076660425156954,0.1179421768707483,0.7934056007226739,0.6802053314121038,0.4216901945822205,0.2887261361198787,0.2025359412599494,0.1277583258692289,0.0846006466291462
0.0864095689832955,0.6798513152878383,0.8333221046958161,0.6035907038220067,0.1210884353741496,0.7933152664859981,0.6920028818443804,0.4255532239603204,0.2900438206723256,0.2044795458752391,0.1304861167657356,0.0898694767093761
0.0767168488348113,0.6682234083110941,0.8314356935929393,0.6155964313250357,0.11828231292517,0.7865401987353207,0.6921829971181557,0.4233117130866081,0.2880519719302546,0.2017955204541248,0.1279618923540428,0.0861573464255777
0.0609404000824912,0.6550705299275638,0.8324462709694804,0.6315673532327348,0.1111394557823129,0.7809394760614273,0.6847082132564842,0.4179225486455551,0.2835779732172954,0.1971678904177208,0.1216513313248106,0.0761585438869596
0.0546504433903897,0.6598360655737704,0.8399245435558849,0.6322282189668464,0.1037414965986394,0.788256549232159,0.6863292507204611,0.4171117893933613,0.2830876719884779,0.1965817239464429,0.119656379773634,0.0723865405340677
0.063208909053413,0.6785169653069003,0.8475375597924948,0.6168080185042405,0.1025510204081632,0.8021680216802167,0.7016390489913545,0.424122472338802,0.2886035608126743,0.2012710557166656,0.125804087615015,0.0805891509998802
0.0758919364817488,0.6913839115516583,0.8483460216937276,0.6025994052208393,0.1072278911564625,0.8088527551942186,0.7101945244956773,0.4293685616177032,0.2923421076824074,0.205158264947245,0.1317075156746193,0.0871153155310741
0.0725922870694988,0.6856652687762104,0.8464596105908508,0.6076660425156954,0.1070578231292517,0.804878048780488,0.705421469740634,0.4270316673025562,0.2905954095547452,0.2043252915406923,0.1299161306082566,0.086995569392887
0.0625902247886162,0.6745139153640868,0.845112174088796,0.6194514814406873,0.1038265306122449,0.7986449864498645,0.6923631123919309,0.4197348340328118,0.2859069040541783,0.1998827667057444,0.1236462828759872,0.0782541013052329
0.0615590843472881,0.6752764010674799,0.8463248669406455,0.6195616257297059,0.1026360544217687,0.7999096657633243,0.6840778097982709,0.4166348721861885,0.2846505071553336,0.1984019250940951,0.1211627717612572,0.0751407017123697
0.0739327696432254,0.6836637438048035,0.8441015967122548,0.6081066196717699,0.1090986394557823,0.8023486901535682,0.6980367435158502,0.4222624952308279,0.2875310268746361,0.2006540383784784,0.1248676817848709,0.0810681355526284
0.0830068055269127,0.6872855508959206,0.8408003772822206,0.6011675294635973,0.1148809523809523,0.8018970189701896,0.7115453890489915,0.4296070202212896,0.2917292311463855,0.2045720984759672,0.1300789837961078,0.0883127769129445
0.0797071561146628,0.6840449866565002,0.8406656336320151,0.6048022910012115,0.1136054421768707,0.800271002710027,0.7051512968299712,0.4271270507439909,0.2907179848619495,0.2033072129326834,0.1285725918084846,0.0869356963237935
0.070839348319241,0.6764201296225695,0.8410024927575287,0.6139442669897566,0.1097789115646258,0.7968383017163504,0.6926332853025937,0.4193533002670736,0.2853553151717586,0.1987412846300981,0.1223841706701408,0.0801700395162256
0.0722829449371004,0.6771826153259626,0.8406656336320151,0.6127326798105517,0.1105442176870748,0.7969286359530262,0.684528097982709,0.4148702785196489,0.2832715349492845,0.1966434256802616,0.1205113590098525,0.0785534666507005
0.0813569808207878,0.6867136866183757,0.8414740955332479,0.6023791166428021,0.1137755102040816,0.8020776874435411,0.6880403458213257,0.4165871804654711,0.2839150553121073,0.1979391620904547,0.1236462828759872,0.0833433121781822
0.086100226850897,0.6920510865421272,0.8421478137842755,0.5967617579028527,0.115391156462585,0.8049683830171634,0.6933537463976945,0.418733307897749,0.2842214935801183,0.1990189424322823,0.1260890806937545,0.0866962040474194
0.0756857083934832,0.6829965688143346,0.842484672909789,0.6075558982266769,0.1107993197278911,0.8009033423667569,0.6899315561959655,0.4132010682945441,0.2812490423804125,0.1956870488060715,0.1222213174822897,0.08262483534906
0.0586718911115694,0.6701296225695768,0.844573199487974,0.624077541579469,0.1024659863945578,0.7962059620596205,0.6789445244956772,0.4036627241510874,0.2748444825789845,0.1889924106867403,0.1149336373259506,0.07310501736319
0.05722829449371,0.6685093404498665,0.8443710840126658,0.6258398502037669,0.1020408163265306,0.7953026196928635,0.6738112391930836,0.4015165967188097,0.2727300585297092,0.1876658234096378,0.1133051054474391,0.0698718716321398
0.0691895236131161,0.6758482653450247,0.8417435828336589,0.6151558541689612,0.1086734693877551,0.797018970189702,0.6826368876080692,0.4063334605112552,0.2757637973830172,0.1910902696365768,0.1172950085497923,0.0753801939887438
0.0753763662610847,0.6758482653450247,0.8377686451525972,0.6118515254984029,0.1136904761904761,0.7943992773261066,0.6881304034582133,0.4118657001144601,0.2779088652590936,0.1934657863885975,0.120226365931113,0.080110166447132
0.0706331202309754,0.6579298513152878,0.8281344741629051,0.6247384073135808,0.1178571428571428,0.7794037940379404,0.6766030259365995,0.4065242273941243,0.2748751264057855,0.1899796384278398,0.1165214559074993,0.0760986708178661
0.0582594349350381,0.6362943194815096,0.8209256888769116,0.643793369313801,0.1172619047619047,0.7644083107497742,0.6620136887608069,0.3996089278901183,0.2697882511568045,0.1851669031899796,0.1100073283934532,0.066339360555622
0.0573314085378428,0.6363896301944337,0.8216667789530417,0.6442339464698755,0.1164115646258503,0.7649503161698283,0.659942363112392,0.4003243037008775,0.2697269635032023,0.1856913679274388,0.1104551746600439,0.0658005029337803
0.0725922870694988,0.6537361799466259,0.8238226773563295,0.6261702830708228,0.121343537414966,0.7745257452574525,0.6709293948126802,0.4080980541777947,0.2752734961541997,0.190596655766027,0.1168064489862388,0.0745419710214345
0.0812538667766549,0.6672703011818528,0.8277976150373914,0.6137239784117193,0.1223639455782313,0.7836495031616981,0.6829070605187321,0.4155856543304083,0.2805748781907884,0.195903004874437,0.1226691637488803,0.0831636929709016
0.0701175500103114,0.6594548227220739,0.8294819106649599,0.6241876858684877,0.1167517006802721,0.7811201445347787,0.6853386167146975,0.4143933613124761,0.2801458646155732,0.1952859875362498,0.120429932415927,0.0804694048616932
0.0557846978758506,0.643823865802516,0.8278649868624941,0.6408194735102984,0.1118197278911564,0.7725383920505873,0.6811959654178674,0.4087657382678367,0.2764686053994423,0.1907817609674832,0.1150964905138017,0.0721470482576936
0.0548566714786553,0.6418223408311093,0.8270565249612611,0.6424716378455777,0.1119897959183673,0.771093044263776,0.6877701729106629,0.4111503243037008,0.2776024269910827,0.1909668661689394,0.1150150639198762,0.0705304753921686
0.0676428129511239,0.6535455585207777,0.8269891531361584,0.6288137460072695,0.1172619047619047,0.7766034327009937,0.7066822766570605,0.4228824876001526,0.2844360003677259,0.1974763990868143,0.123117010015471,0.0802897856544126
0.0758919364817488,0.6651734654975219,0.8298187697904736,0.617799317105408,0.1189625850340136,0.784010840108401,0.72289265129683,0.4313716138878291,0.289185793521895,0.2024742395261307,0.1289390114811497,0.0861573464255777
0.0635182511858115,0.6584064048799084,0.8331873610456106,0.6282630245621764,0.1116496598639455,0.783107497741644,0.7219020172910664,0.4286054940862266,0.2876536021818405,0.2004997840439316,0.1253562413484243,0.081487247036283
0.0506289956692101,0.6507815478459777,0.8361517213501313,0.6394977420420751,0.1045068027210884,0.7813911472448057,0.7081231988472623,0.4200686760778329,0.2824747954524562,0.1957796014067995,0.118312840973862,0.0725661597413483
0.0508352237574757,0.6575486084635912,0.8408003772822206,0.635532547637405,0.1017006802721088,0.7878048780487804,0.7042507204610952,0.4171594811140786,0.2817393436092299,0.194360461528969,0.1166435957983877,0.0693330140102981
0.0623839967003505,0.671082729698818,0.8428215320353029,0.6215442229320409,0.1051870748299319,0.7954832881662149,0.7146974063400577,0.4218809614650896,0.2852020960377532,0.1979391620904547,0.1211220584642944,0.0756196862651179
0.0661992163332645,0.6722264582539077,0.8411372364077342,0.6187906157065756,0.1078231292517006,0.7949412827461607,0.7225324207492796,0.4251239984738649,0.2869181503386143,0.2007157401122971,0.1241755557365035,0.0814273739671895
0.0574345225819756,0.6575486084635912,0.8364212086505423,0.6320079303888093,0.1071428571428571,0.7848238482384824,0.7145172910662825,0.4190194582220526,0.2815248368216223,0.1962423644104399,0.1189642537252666,0.0760387977487726
0.0460919777273664,0.6402973694243232,0.8317051808933504,0.6480889965855271,0.1054421768707483,0.77353206865402,0.6973162824207493,0.4083842045020985,0.274354181350167,0.1897019806256556,0.1107401677387834,0.0656208837264998
0.0467106619921633,0.645158215783454,0.8347369130229738,0.6448948122039873,0.1037414965986394,0.7778681120144535,0.6909221902017292,0.4053796260969096,0.2737719486409463,0.1895785771580181,0.1106994544418206,0.0659801221410609
0.0653743039802021,0.6597407548608463,0.832850501920097,0.6265007159378786,0.1126700680272108,0.7834688346883469,0.6991174351585014,0.4132487600152614,0.278736248582723,0.1946072684642439,0.1174985750346062,0.0753203209196503
0.0762012786141472,0.6635531833778117,0.828403961463316,0.6185703271285383,0.1198979591836734,0.7822944896115629,0.7051512968299712,0.4187809996184662,0.2819232065700365,0.1977540568889986,0.1225877371549548,0.0840617890073045
0.0734171994225613,0.6531643156690811,0.8229468436299939,0.6259499944927855,0.1222789115646258,0.7737127371273712,0.6948847262247839,0.41520412056467,0.2802684399227776,0.1955327944715247,0.1196970930705968,0.0813076278290025
0.0642400494947411,0.6437285550895919,0.8222731253789666,0.6364137019495539,0.1188775510204081,0.7688346883468836,0.676693083573487,0.4063334605112552,0.2754267152882052,0.1908434627013019,0.1139158049018809,0.073224763501377
0.0628995669210146,0.6474456728936331,0.8257764602843091,0.6348716819032934,0.116156462585034,0.7728997289972901,0.6730007204610952,0.4036627241510874,0.2737719486409463,0.1896094280249275,0.1135493852292158,0.0724464136031613
0.0710455764075067,0.6623141441097978,0.8309640908172202,0.6219848000881154,0.1162414965986394,0.7834688346883469,0.6837175792507205,0.4095764975200305,0.2771427695890663,0.1938668476584192,0.1190456803191922,0.0800502933780385
0.0778511033202722,0.6754670224933281,0.8357474903995149,0.6107500826082167,0.1159863945578231,0.7928635953026197,0.687950288184438,0.4121995421594812,0.2792265498115405,0.1961498118097119,0.1234427163911733,0.0860376002873907
0.0690864095689832,0.6686999618757147,0.8367580677760561,0.6193413371516686,0.111734693877551,0.7903342366757001,0.677863832853026,0.4071442197634491,0.2764379615726412,0.1934966372555069,0.1209184919794804,0.0812477547599089
0.0582594349350381,0.6589782691574532,0.8369601832513642,0.630686198920586,0.1071428571428571,0.7859078590785907,0.6663364553314122,0.3996566196108355,0.2717494560720743,0.189054112420559,0.1142007979806204,0.0716081906358519
0.0576407506702412,0.6585970263057567,0.8370949269015696,0.6313470646546977,0.1068027210884353,0.7858175248419151,0.6648054755043228,0.4002766119801603,0.2721478258204885,0.1890232615536496,0.1128165458838856,0.0698119985630463
0.0674365848628583,0.6613610369805565,0.8326483864447887,0.6244079744465248,0.1136054421768707,0.7841011743450768,0.678314121037464,0.4091949637542922,0.2769895504550608,0.1932806811871414,0.1173357218467551,0.0769368937851754
0.0731078572901629,0.6672703011818528,0.8331199892205079,0.6180196056834453,0.1157312925170068,0.7871725383920506,0.6880403458213257,0.4153948874475391,0.2813103300340147,0.1972604430184488,0.1223841706701408,0.0833433121781822
0.0674365848628583,0.6620282119710255,0.8331199892205079,0.624077541579469,0.1133503401360544,0.7847335140018067,0.6832672910662825,0.4130579931323922,0.279716851040358,0.1959955574751651,0.1208777786825177,0.0811280086217219
0.0580532068467725,0.6541174227983224,0.8337263356464327,0.6336600947240885,0.1090986394557823,0.7813911472448057,0.6721902017291067,0.4065719191148417,0.2755799344222107,0.192046646510767,0.1155850500773552,0.0727457789486289
0.0609404000824912,0.6598360655737704,0.8358148622246176,0.6288137460072695,0.1089285714285714,0.7855465221318879,0.6767831412103746,0.4076211369706219,0.2761928109582325,0.1926328129820448,0.1169285888771272,0.0736438749850317
0.0760981645700144,0.6730842546702248,0.8352085157986929,0.6130631126776076,0.1155612244897959,0.7914182475158085,0.6914625360230547,0.4166825639069058,0.2814635491680201,0.1973529956191769,0.1229948701245826,0.0821458507963118
0.0802227263353268,0.678993518871521,0.8366906959509532,0.6074457539376583,0.1163265306122449,0.7952122854561879,0.7053314121037465,0.4245516978252575,0.2872552324334263,0.2025667921268588,0.1282468854327823,0.0893306190875344
0.0704268921427098,0.6698436904308043,0.8366906959509532,0.6179094613944266,0.1123299319727891,0.7907859078590785,0.7043407780979828,0.4221194200686761,0.2863665614561946,0.2011785031159376,0.1260076540998289,0.0856783618728296
0.0594968034646318,0.6583110941669843,0.835680118574412,0.6304659103425487,0.1084183673469387,0.7846431797651309,0.6949747838616716,0.4158718046547119,0.2822296448380474,0.1964583204788055,0.1206334989007409,0.0771165129924559
0.0622808826562177,0.6610751048417841,0.8357474903995149,0.6273818702500275,0.1095238095238095,0.7860885275519421,0.6945244956772335,0.4164441053033193,0.2823828639720528,0.1967359782809897,0.1198192329614852,0.077236259130643
0.0755825943493503,0.6769919939001143,0.8383749915785219,0.6110805154752725,0.1133503401360544,0.7953929539295393,0.705421469740634,0.4238840137352155,0.2874697392210339,0.2015795643857592,0.1254376679423499,0.0847802658364267
0.0765106207465456,0.6826153259626381,0.8417435828336589,0.6073356096486396,0.1116496598639455,0.800271002710027,0.7168587896253603,0.4295593285005723,0.2912695737443692,0.2050348614796076,0.1301604103900333,0.0895102382948149
0.0646525056712724,0.670320243995425,0.8408003772822206,0.6207732129089106,0.107312925170068,0.7937669376693767,0.7154178674351586,0.4255055322396032,0.2888793552538841,0.2017955204541248,0.1261297939907173,0.0844809004909591
0.0538255310373272,0.6518299656881432,0.8347369130229738,0.6372948562617028,0.1067176870748299,0.7809394760614273,0.7069524495677233,0.4191148416634872,0.2845279318481292,0.1973529956191769,0.1191271069131178,0.0754999401269309
0.0554753557434522,0.6467784979031642,0.8301556289159873,0.6392774534640379,0.1102891156462584,0.7755194218608852,0.7051512968299712,0.4181610072491416,0.2830263843348757,0.1965508730795335,0.1180685611920853,0.0747215902287151
0.0669210146421942,0.6576439191765153,0.8302903725661928,0.6269412930939531,0.1148809523809523,0.7807588075880758,0.7105547550432276,0.4199732926363984,0.2843440688873226,0.1983710742271858,0.1216920446217734,0.0810082624835349
0.0718704887605691,0.6700343118566526,0.8358822340497204,0.6170283070822777,0.1134353741496598,0.7903342366757001,0.7088436599423631,0.4160625715375811,0.2825054392792572,0.198216819892639,0.1226284504519175,0.0844809004909591
0.0551660136110538,0.6661265726267631,0.8439668530620494,0.6282630245621764,0.1014455782312925,0.7939476061427281,0.6893011527377523,0.4016596718809614,0.2742928936965649,0.1916764361078546,0.1159107564530575,0.074482097952341
0.0279439059599917,0.6771826153259626,0.8695681466010914,0.6364137019495539,0.0740646258503401,0.8163504968383017,0.6692182997118156,0.3806276230446394,0.2646400882542212,0.1851360523230703,0.1071573976060581,0.0586756077116512
0.0075273252216951,0.7103507434235606,0.9064205349322914,0.6281528802731577,0.0423469387755102,0.8568202348690154,0.659942363112392,0.3603109500190767,0.2556614470015015,0.1823286234343185,0.10178324240697,0.0461621362711052
0.0121674572076716,0.7211208539839877,0.9110018190392776,0.6194514814406873,0.0414115646258503,0.8649503161698284,0.6893912103746398,0.3731400228920259,0.269297949927987,0.1991114950330104,0.1158293298591319,0.0558017003951622
0.0587750051557022,0.7319862752573388,0.8882975139796536,0.5882806476484194,0.0749999999999999,0.8548328816621499,0.7521613832853027,0.4391453643647463,0.3296662887261362,0.2639600172764855,0.1783242406970116,0.1145970542450005
0.1486904516395133,0.7324628288219595,0.8298861416155763,0.5400374490582662,0.1488945578231292,0.8159891598915988,0.797370317002882,0.5312380770698207,0.4289522875616707,0.3760412167581909,0.2844638058790001,0.213567237456592
0.2836667354093627,0.7246473503621805,0.7361045610725594,0.472408855600837,0.2636904761904761,0.7494128274616079,0.7760266570605188,0.6238553987027852,0.5523549780896639,0.520978589498365,0.4196726650924191,0.3449287510477787
0.4615384615384615,0.7465688143347312,0.6353836825439602,0.3646877409406321,0.4006802721088435,0.6922312556458897,0.7129863112391932,0.7296833269744373,0.7006098121533418,0.6869562534707226,0.5754010259750835,0.5050892108729492
0.645597030315529,0.793842927945101,0.5485413999865256,0.2391232514594118,0.5313775510204081,0.6563685636856369,0.644542507204611,0.8204406714994277,0.816933778690283,0.8162213858209416,0.70780066769807,0.6584241408214584
0.810888843060425,0.8298703774304231,0.4660109142356666,0.1300804053309835,0.6516156462585033,0.6181571815718158,0.5277377521613834,0.8604540251812286,0.865841326264824,0.8690072191028568,0.7868251771028417,0.7809244401868038
0.9103938956485872,0.8075676706061762,0.3852320959374789,0.0897675955501706,0.7436224489795917,0.5533875338753388,0.3838256484149856,0.8389927508584509,0.8599883553458156,0.848892453877954,0.794845696604511,0.8354089330619087
0.8453289338007837,0.6971978650400303,0.3496597722832311,0.188236589932812,0.7392006802721087,0.4772357723577235,0.2859329971181556,0.7052651659671881,0.737045322219839,0.7147528845560561,0.6788128002605651,0.7444018680397556
0.6597236543617241,0.593499809378574,0.3976958835814861,0.3473950875647097,0.632312925170068,0.4603432700993676,0.1555295389048991,0.4204025181228538,0.4533141298685381,0.4633800209785895,0.4590831365523979,0.5416117830199976
0.4156527118993607,0.6083682805947388,0.5676749983157043,0.4691045269302786,0.4244897959183673,0.5813008130081301,0.0714157060518732,0.1409290347195727,0.1490515735605062,0.1764361078546307,0.1950166924517547,0.2823613938450484
0.2637657248917303,0.644491040792985,0.6924476184059826,0.5293534530234607,0.283078231292517,0.6821138211382114,0.0708753602305476,0.0408718046547119,0.0099285998835534,0.0266551490096872,0.0429118149987785,0.121422584121662
0.2301505465044338,0.6460160121997712,0.7154887825911204,0.5464258178213459,0.2546768707482993,0.6982836495031617,0.1825468299711815,0.1359214040442579,0.0725032942113811,0.0616400320849016,0.0525608663789593,0.1059154592264399
0.1881831305423798,0.6524971406786122,0.7474903995149229,0.5651503469545104,0.2171768707482992,0.722854561878952,0.3539265129682997,0.264975200305227,0.1706248276284742,0.1294810884185846,0.0945362755475938,0.1152556580050293
0.136316766343576,0.6659359512009149,0.7908778548810886,0.5850864632668796,0.1684523809523809,0.7582655826558264,0.5019812680115274,0.3570679130103014,0.2385009039928906,0.1731350650953292,0.115625763374318,0.1037001556699796
0.1173437822231387,0.6626953869614944,0.8009836286465001,0.5970921907699085,0.1541666666666666,0.7635049683830173,0.6042867435158502,0.4126287676459366,0.2766524683602488,0.1950083297340655,0.1247862551909453,0.0985510717279367
0.1112600536193029,0.6493518871521158,0.7955265108131778,0.6079964753827514,0.1551020408163265,0.75356820234869,0.6647154178674353,0.4337561999236932,0.2909631354763583,0.2027210464614056,0.1291425779659636,0.0999281523170877
0.0883687358218189,0.6330537552420891,0.7989624738934178,0.6296949003194184,0.1435374149659864,0.7481481481481482,0.6902017291066282,0.4334700495993895,0.29016639597953,0.1985870302955513,0.122547023857992,0.0899293497784696
0.0658898742008661,0.6168509340449865,0.8021963214983494,0.6510628923890296,0.1322278911564625,0.7426377597109304,0.694164265129683,0.4260301411674933,0.2842214935801183,0.1901955944962053,0.1115137203810764,0.0727457789486289
0.0605279439059599,0.6160884483415935,0.80516068180287,0.6542570767705694,0.1281462585034013,0.7442637759710931,0.7006484149855908,0.4236932468523465,0.2816474121288266,0.1859998765965324,0.1059767119941372,0.0646030415519099
0.0674365848628583,0.6304803659931376,0.8108872869366031,0.642361493556559,0.1273809523809523,0.7548328816621499,0.7171289625360231,0.4312762304463945,0.2849263015965434,0.1873881656074536,0.107360964090872,0.0672973296611184
0.0618684264796865,0.6250476553564619,0.8106851714612948,0.6484194294525828,0.1251700680272109,0.7522131887985547,0.7318083573487032,0.4350915681037772,0.2863359176293936,0.1870488060714506,0.1068316912303558,0.0659202490719674
0.046298205815632,0.6053183377811665,0.8069123492555413,0.6681352571869149,0.1211734693877551,0.7402890695573623,0.7300972622478387,0.4306085463563525,0.282444151625655,0.1826988338372308,0.0999511440436446,0.0573584001915938
0.0340276345638275,0.5890202058711398,0.8034090143501987,0.6841061790946139,0.1183673469387755,0.7301716350496839,0.7207312680115274,0.4239317054559329,0.2771121257622652,0.1763127043869933,0.0917270580571614,0.0452041671656089
0.0333058362548979,0.5849218452154021,0.8009162568213972,0.6868597863200793,0.1195578231292517,0.7266485998193315,0.7276657060518733,0.4257439908431896,0.2768669751478565,0.1743073980378849,0.090261379366501,0.0428691174709615
0.0452670653743039,0.592737323675181,0.7986256147679041,0.6759555017072365,0.1259353741496598,0.7288166214995482,0.7415345821325648,0.4317531476535673,0.280421659056783,0.1775158881964583,0.0941291425779659,0.0487965513112202
0.0468137760362961,0.5930232558139534,0.797817152866671,0.6749642031060689,0.127125850340136,0.7283649503161699,0.7506304034582133,0.4361884776802747,0.2833634664296878,0.179459492811748,0.0966533669896587,0.0520296970422703
0.0361930294906166,0.581204727411361,0.7964023445395135,0.6874105077651723,0.1236394557823129,0.7217705510388438,0.74585734870317,0.4310854635635254,0.2806974534979928,0.176374406120812,0.0932741633417474,0.0475990899293497
0.0289750464013198,0.5783454060236369,0.7990298457185204,0.692917722216103,0.1189625850340136,0.7222222222222222,0.7298270893371759,0.4233594048073255,0.2758863726902216,0.1724563460233233,0.0879000081426593,0.0402347024308466
0.0304186430191792,0.5873046130385055,0.8044869635518426,0.6869699306090978,0.116156462585034,0.730081300813008,0.7192903458213257,0.4220240366272415,0.275365427634603,0.1724563460233233,0.0879814347365849,0.0413722907436235
0.0464013198597649,0.6024590163934426,0.8047564508522537,0.6697874215221941,0.1225340136054421,0.7374887082204157,0.7246037463976945,0.428843952689813,0.280758741151595,0.1777318442648238,0.0950248351111473,0.0531672853550473
0.0570220664054444,0.6095120091498283,0.802802667924274,0.6599845797995374,0.1282312925170068,0.7394760614272808,0.7327089337175794,0.4366653948874476,0.2864584929365979,0.1835009563768742,0.1018646690008956,0.0615495150281403
0.0519694782429366,0.5959778879146015,0.7966044600148218,0.6704482872563058,0.130017006802721,0.7289972899728998,0.7320785302593661,0.4382869133918352,0.2867342873778078,0.1824211760350466,0.1001954238254213,0.0575978924679679
0.0426892142709837,0.5781547845977887,0.790002021154753,0.6857583434298932,0.1303571428571428,0.7160794941282747,0.7279358789625361,0.4353300267073636,0.2841602059265161,0.1782871598691923,0.0941291425779659,0.0478385822057238
0.0472262322128273,0.5777735417460922,0.7868355453749241,0.6835554576495209,0.1341836734693877,0.713821138211382,0.7303674351585014,0.4371423120946204,0.2848650139429411,0.1777318442648238,0.0932741633417474,0.0464615016165728
0.0533099608166632,0.5910217308425466,0.7920905477329381,0.672651173036678,0.1334183673469387,0.7235772357723577,0.7464877521613833,0.445488363220145,0.2893696564827016,0.182112667365953,0.0984040387590587,0.053945635253263
0.0561971540523819,0.599885627144491,0.7964697163646163,0.6659323714065425,0.1318877551020408,0.730713640469738,0.7590057636887608,0.45154521175124,0.2922808200288052,0.185537113592892,0.1023532285644491,0.0603520536462699
0.0461950917714992,0.5917842165459397,0.7974129219160546,0.676065645996255,0.127125850340136,0.727461607949413,0.7548631123919309,0.4489221671117894,0.2895535194435081,0.1826062812365027,0.0975897728198029,0.0541851275296371
0.0362961435347494,0.5838734273732367,0.7981540119921848,0.6858684877189117,0.1226190476190476,0.7242095754290876,0.7465778097982709,0.442293017932087,0.2855698219593663,0.1776701425310051,0.0917270580571614,0.0446054364746736
0.0363992575788822,0.5891155165840639,0.8017920905477328,0.6827844476263906,0.1203231292517006,0.7291779584462511,0.7491894812680115,0.4428176268599771,0.2857843287469739,0.176806318257543,0.0904242325543522,0.0435875943000838
0.0465044339038977,0.6004574914220357,0.803341642525096,0.6707787201233616,0.1235544217687075,0.7355916892502259,0.76657060518732,0.4516405951926746,0.2906873410351485,0.1802924662183007,0.0941698558749287,0.0490360435875943
0.0506289956692101,0.6059855127716355,0.8044869635518426,0.6653816499614494,0.1244897959183673,0.7390243902439025,0.7826008645533141,0.457935902327356,0.2946710385192903,0.1829456407725057,0.0967755068805471,0.0528080469404861
0.0367085997112806,0.5957872664887532,0.8063733746547194,0.6788192532217204,0.117517006802721,0.7354110207768744,0.7794488472622478,0.4543113315528424,0.2920356694143965,0.1792126858764731,0.0907906522270173,0.0461621362711052
0.025572282944937,0.5835874952344643,0.8050933099777672,0.6918162793259169,0.1137755102040816,0.7288166214995482,0.7717939481268011,0.4506867607783288,0.2874084515674318,0.173289319429876,0.0843579513068968,0.0381391450125733
0.0312435553722417,0.591974837971788,0.807249208381055,0.6838858905165767,0.1147108843537414,0.7342366757000903,0.774135446685879,0.4550743990843189,0.2897067385775136,0.1748010119084346,0.0869636023125152,0.040055083223566
0.0458857496391008,0.6118947769729316,0.8117631206629388,0.6646106399383191,0.1179421768707483,0.7467028003613368,0.7830511527377522,0.4627527661198016,0.2954371341893176,0.1793052384772012,0.0933148766387101,0.0486169321039396
0.0460919777273664,0.6168509340449865,0.8151317119180758,0.6616367441348167,0.1159013605442176,0.751219512195122,0.78953530259366,0.4654711942006868,0.2967854625685656,0.1793977910779293,0.0932334500447846,0.0489162974494072
0.0315528975046401,0.6005528021349599,0.8130431853398907,0.6788192532217204,0.1112244897959183,0.7421860885275521,0.7847622478386167,0.4610835558946967,0.2917292311463855,0.172949959893873,0.0847650842765247,0.038678002634415
0.0191792122087028,0.5836828059473884,0.8092703631341371,0.6951206079964753,0.1085034013605442,0.731616982836495,0.7785482708933718,0.4556943914536437,0.286489136763399,0.1654531992348985,0.0756453057568601,0.0283199616812357
0.0216539492678902,0.5844452916507815,0.8082597857575962,0.6933582993721775,0.110204081632653,0.7313459801264679,0.7760266570605188,0.4555036245707745,0.2859988355345815,0.1637564015548837,0.0737724940965719,0.0266435157466171
0.0358836873582181,0.593499809378574,0.8052954254530754,0.6805815618460183,0.1178571428571428,0.7336043360433604,0.7887247838616716,0.4645173597863411,0.2902583274599332,0.1671808477818226,0.0783730966533669,0.0341276493833073
0.0411425036089915,0.5934044986656499,0.8017920905477328,0.6777178103315342,0.1222789115646258,0.7312556458897922,0.7979106628242075,0.473578786722625,0.2934146416204456,0.1687542419942,0.0800016285318785,0.0377200335289186
0.0308310991957104,0.57910789172703,0.7984234992925958,0.6915959907478797,0.1201530612244898,0.7222222222222222,0.796199567723343,0.4741987790919496,0.291177642263966,0.1641883136916147,0.0749124664115299,0.0321518381032211
0.0203134666941637,0.5688143347312238,0.7980192683419793,0.7030509968058156,0.1160714285714285,0.7170731707317074,0.7913364553314122,0.472577260587562,0.2887567799466797,0.1591904732522984,0.0690090383519257,0.0243084660519698
0.0269127655186636,0.5746282882195958,0.797817152866671,0.6962220508866616,0.1189625850340136,0.7196928635953026,0.7979106628242075,0.4778233498664632,0.2910244231299605,0.1589745171839329,0.0695790245094047,0.0261046581247754
0.0450608372860383,0.5894967594357604,0.7964697163646163,0.6779380989095715,0.1272959183673469,0.7258355916892503,0.8159221902017292,0.4898893552079358,0.2980112156406092,0.1635095946196088,0.0750753195993811,0.0361633337324871
0.0514539080222726,0.597026305756767,0.7976150373913629,0.6701178543892498,0.1291666666666666,0.7301716350496839,0.822856628242075,0.4969477298740938,0.3014739680691325,0.16489788363053,0.0784952365442553,0.0412525446054364
0.0448546091977727,0.5880670987418986,0.7955938826382807,0.678929397510739,0.1277210884353741,0.7244805781391147,0.8162824207492795,0.496470812666921,0.2996966261146692,0.1622755599432344,0.0756453057568601,0.0390372410489761
0.043617240668179,0.5796797560045748,0.7904736239304723,0.6844366119616697,0.1304421768707483,0.7170731707317074,0.8038544668587897,0.4956123616940099,0.2990531057518463,0.1599000431912137,0.0726325217816138,0.0355047299724583
0.0566096102289131,0.5885436523065192,0.788182981876979,0.6723207401696222,0.1372448979591836,0.7197831978319783,0.8060158501440923,0.5024799694772988,0.3042932001348328,0.162923428148331,0.0769481312596693,0.0399952101544725
0.0723860589812332,0.5981700343118566,0.7847470187967391,0.6583324154642581,0.1459183673469387,0.7220415537488708,0.8215057636887608,0.5171213277375047,0.3144363068059939,0.1712531622138582,0.0865564693428873,0.0529876661477667
0.0793978139822643,0.5948341593595119,0.7778077208111568,0.6565701068399602,0.1531462585034013,0.7158084914182475,0.8265489913544669,0.5276611980160244,0.3210247295682285,0.1777935459986425,0.093152023450859,0.0619686265117949
0.0802227263353268,0.5855890202058711,0.7707336791753687,0.6614164555567793,0.1579931972789115,0.7066847335140019,0.8140309798270894,0.5269935139259825,0.3225875647350841,0.1804775714197569,0.0954726813777379,0.0631062148245719
0.0831099195710455,0.5855890202058711,0.7688472680724919,0.6598744355105187,0.1603741496598639,0.705420054200542,0.7938580691642652,0.5220812666921022,0.3230472221371005,0.1839328685136052,0.098526178649947,0.0655011375883127
0.0976489997937719,0.6023637056805184,0.771205281951088,0.6424716378455777,0.1648809523809523,0.7149954832881662,0.7864733429394812,0.522367417016406,0.3281647412128827,0.1927562164496822,0.1088266427815324,0.0766974015088013
0.1182718086203341,0.6260007624857034,0.7744391295560197,0.6176891728163895,0.171343537414966,0.7283649503161699,0.7937680115273776,0.5264212132773751,0.33567247877915,0.2044486950083297,0.1223027440762152,0.0928032570949587
0.123736852959373,0.6367708730461303,0.7784814390621841,0.6085471968278444,0.1710884353741496,0.73613369467028,0.7920569164265131,0.5231304845478826,0.3385223546716514,0.2129326834084038,0.1339060337106098,0.1040593940845407
0.1145597030315529,0.6288600838734273,0.7788856700128005,0.6181297499724638,0.1670068027210884,0.7327009936766035,0.7753962536023055,0.5116367798550172,0.3346305886679129,0.2148145862898747,0.135412425698233,0.1040593940845407
0.1035265003093421,0.6189477697293174,0.7790204136630061,0.6296949003194184,0.1623299319727891,0.7280939476061429,0.7538724783861672,0.4954215948111408,0.3273067140624521,0.2133337446782255,0.1336210406318703,0.0997485331098072
0.1061043514126624,0.6233320625238276,0.7805025938152664,0.6258398502037669,0.1625,0.7310749774164408,0.7454971181556197,0.4871709271270507,0.3239358931143322,0.2145677793545999,0.1354938522921586,0.100526883008023
0.1176531243555372,0.6357224552039649,0.7817152866671158,0.6125123912325146,0.1664965986394557,0.7377597109304427,0.7505403458213257,0.4863601678748569,0.3242729752091441,0.2185475411859073,0.142130119697093,0.1080110166447132
0.1126005361930295,0.6409645444147921,0.7887219564778009,0.6121819583654586,0.1600340136054421,0.7449864498644987,0.7483789625360231,0.4804940862266311,0.3215150307970459,0.2194422163262788,0.1440436446543441,0.1104658124775476
0.0974427717055063,0.6375333587495233,0.7962002290642053,0.6222050886661525,0.1490646258503401,0.7484191508581753,0.7266750720461095,0.46365890881343,0.3118315815279012,0.2145677793545999,0.1380587900008142,0.1024428212190156
0.0829036914827799,0.6341974837971788,0.803341642525096,0.6318977860997907,0.1385204081632653,0.7515808491418249,0.7056916426512968,0.4463945059137734,0.3019336254711488,0.2079965447029061,0.1297125641234427,0.0918452879894623
0.0797071561146628,0.6412504765535645,0.8104156841608838,0.6294746117413812,0.1327380952380952,0.7597109304426378,0.7004682997118157,0.4400991987790919,0.2973064076241841,0.2055593262170667,0.1264555003664196,0.0874146808765417
0.0853784285419674,0.6531643156690811,0.8151317119180758,0.6195616257297059,0.1321428571428571,0.7684733514001807,0.7125360230547552,0.4422453262113697,0.2986547360034321,0.2074412290985377,0.129264717856852,0.0905280804694048
0.0838317178799752,0.65659550133435,0.8185676749983156,0.6184601828395196,0.1293367346938775,0.7724480578139115,0.7239733429394812,0.4446776039679512,0.3003401464774921,0.2096316406491022,0.1317889422685449,0.0932822416477068
0.0706331202309754,0.6542127335112466,0.8255069729838981,0.6268311488049344,0.1194727891156462,0.7759710930442638,0.7185698847262249,0.4405284242655475,0.2975515582385928,0.2071944221632628,0.128694731699373,0.0878936654292899
0.0627964528768818,0.6563095691955775,0.8321094118439669,0.629805044608437,0.1120748299319727,0.7813008130081301,0.7101044668587896,0.4342331171308661,0.2945178193852849,0.2040784846054174,0.124460548815243,0.081367500898096
0.0661992163332645,0.670987418985894,0.8402614026813987,0.6195616257297059,0.1083333333333333,0.7937669376693767,0.7111851585014409,0.434566959175887,0.2963258051665492,0.2055593262170667,0.1262926471785685,0.0828044545563405
0.0791915858939987,0.6893823865802515,0.8447753149632823,0.6019385394867275,0.1108843537414965,0.8055103884372177,0.7200108069164266,0.4399561236169401,0.3004627217846965,0.2092614302461899,0.1315853757837309,0.0905280804694048
0.0849659723654361,0.6970072436141822,0.8463922387657481,0.5944487278334618,0.1122448979591836,0.8102077687443541,0.7247838616714698,0.4442006867607784,0.3032206661967946,0.2121922626025791,0.1356974187769725,0.0967548796551311
0.0772324190554753,0.6852840259245139,0.8432257629859192,0.6053530124463047,0.110969387755102,0.8025293586269195,0.7201008645533141,0.4421499427699352,0.3016271872031379,0.2106188683902018,0.1334581874440192,0.0926835109567716
0.0711486904516395,0.6713686618375905,0.837297042376878,0.6166978742152219,0.1122448979591836,0.7919602529358627,0.7105547550432276,0.4370946203739031,0.2980725032942114,0.2070710186956254,0.1285725918084846,0.0851993773200814
0.0745514539080222,0.6719405261151352,0.8354780030991038,0.6146051327238682,0.1147959183673469,0.79096657633243,0.7126260806916427,0.4382392216711179,0.2985321606962277,0.2076880360338125,0.129834704014331,0.086995569392887
0.0906372447927407,0.6819481509721692,0.8319746681937613,0.6001762308624298,0.1236394557823129,0.7934056007226739,0.7230727665706052,0.4462514307516215,0.303312597677198,0.212778429073857,0.1370409575767445,0.0987905640043108
0.0984739121468343,0.6816622188333967,0.8267196658357475,0.5961008921687411,0.1301870748299319,0.789792231255646,0.7257744956772335,0.4491129339946586,0.3056721723408819,0.2154933053618807,0.1404608745216187,0.1053167285355047
0.0888843060424829,0.6690812047274113,0.8240921646567405,0.6085471968278444,0.127891156462585,0.7820234869015357,0.7185698847262249,0.4439622281571919,0.3020562007783532,0.2125933238724008,0.1362674049344515,0.0993294216261525
0.0789853578057331,0.6530690049561569,0.8192413932493432,0.6230862429783015,0.1268707482993197,0.7711833785004516,0.7128061959654179,0.4399561236169401,0.2982257224282169,0.2081816499043623,0.1306896832505496,0.0907675727457789
0.0798102701587956,0.6494471978650399,0.816142289294617,0.6247384073135808,0.1291666666666666,0.7673893405600721,0.7189301152737753,0.4427222434185426,0.2996659822878681,0.2086752637749121,0.1304861167657356,0.0906478266075919
0.0944524644256547,0.6622188333968737,0.815603314693795,0.609538495429012,0.1355442176870748,0.7730803974706414,0.7306376080691643,0.450877527661198,0.3046302822296449,0.2139507620164127,0.1378145102190375,0.0996886600407136
0.0985770261909672,0.6657453297750666,0.8154011992184867,0.6053530124463047,0.1373299319727891,0.7746160794941283,0.736221181556196,0.4550267073636017,0.3073882266417431,0.2169432961066206,0.1418451266183535,0.1052568554664112
0.0873375953804908,0.6545939763629431,0.8148622246176649,0.617799317105408,0.133078231292517,0.7689250225835591,0.7271253602305475,0.4493037008775277,0.3038641865596176,0.2138273585487752,0.137325950655484,0.0986708178661238
0.0759950505258816,0.6423942051086541,0.8135821599407128,0.6309064874986231,0.1291666666666666,0.7623306233062331,0.7171289625360231,0.441625333842045,0.2991756810590507,0.2093231319800086,0.1302418369839589,0.0896898575020955
0.0773355330996081,0.6429660693861989,0.8131779289900963,0.629805044608437,0.130017006802721,0.7623306233062331,0.719200288184438,0.4415776421213277,0.2985628045230288,0.2093848337138273,0.130038270499145,0.0899293497784696
0.087234481336358,0.650876858558902,0.8123020952637606,0.6200022028857803,0.1346088435374149,0.7654923215898825,0.7264949567723343,0.4453452880579931,0.3011062421475194,0.212007157401123,0.1349238661346795,0.0977128487606274
0.082285007217983,0.6468738086160883,0.8127063262143772,0.6249586958916179,0.132312925170068,0.76386630532972,0.7300972622478387,0.4456791301030141,0.3007385162259063,0.2118837539334855,0.1350052927286051,0.0979523410370015
0.0704268921427098,0.6290507052992755,0.8078555548069797,0.6415904835334287,0.1305272108843537,0.752122854561879,0.7175792507204611,0.4400515070583747,0.2963870928201514,0.2075337816992657,0.1295089976386287,0.0889115076038797
0.0620746545679521,0.6134197483797178,0.802263693323452,0.6550280867936996,0.1306122448979591,0.7410117434507678,0.704971181556196,0.4323254483021747,0.2912389299175681,0.2017646695872154,0.1228727302336943,0.0799305472398515
0.0657867601567333,0.6168509340449865,0.802263693323452,0.6510628923890296,0.1321428571428571,0.7426377597109304,0.7043407780979828,0.4300839374284625,0.2901051083259278,0.2009008453137533,0.1221806041853269,0.0808286432762543
0.0707362342751082,0.6309569195577582,0.8089335040086236,0.6402687520652054,0.130017006802721,0.7537488708220417,0.7152377521613833,0.4339946585272797,0.293567860754451,0.2045412476090578,0.1270254865238987,0.0875344270147287
0.0716642606723035,0.6392489515821578,0.8142558781917402,0.6349818261923119,0.1269557823129251,0.7612466124661247,0.7236131123919309,0.4353300267073636,0.2944565317316827,0.2062380452890726,0.128694731699373,0.0900490959166566
0.0617653124355537,0.6330537552420891,0.8163444047699252,0.6439035136028196,0.1215986394557823,0.7597109304426378,0.7158681556195965,0.4299408622663105,0.2907792725155517,0.2035848707348676,0.1241348424395407,0.0835828044545563
0.0545473293462569,0.6263820053373998,0.8163444047699252,0.6515034695451041,0.1186224489795918,0.756639566395664,0.7048811239193085,0.4232163296451736,0.2867649312046089,0.2002838279755661,0.1196156664766712,0.0774158783379236
0.0650649618478036,0.6357224552039649,0.816142289294617,0.6404890406432426,0.1231292517006802,0.7608852755194219,0.7034402017291067,0.4244086226631057,0.2879293966230503,0.2018572221879435,0.1215291914339223,0.0813076278290025
0.0797071561146628,0.6533549370949294,0.8189719059489321,0.6225355215332085,0.1272959183673469,0.7711833785004516,0.7115453890489915,0.4317531476535673,0.2932920663132412,0.2067625100265317,0.1289797247781125,0.0923242725422105
0.0854815425861002,0.6603126191383911,0.8201172269756788,0.6153761427469986,0.1289965986394557,0.7752484191508581,0.7123559077809799,0.4339946585272797,0.2947016823460914,0.2089837724440057,0.1326439215047634,0.0963357681714764
0.074138997731491,0.6572626763248188,0.82530485750859,0.6233065315563387,0.1210034013605442,0.7772357723577237,0.702899855907781,0.4281285768790538,0.2909631354763583,0.2061454926883445,0.1287354449963358,0.0895102382948149
0.0667147865539286,0.6553564620663362,0.8288755642390352,0.6283731688511951,0.1157312925170068,0.7787714543812105,0.6947946685878963,0.4233594048073255,0.2881132595838569,0.2037699759363238,0.1246641153000569,0.0829840737636211
0.0723860589812332,0.6630766298131909,0.8306272316917065,0.6208833571979292,0.116921768707483,0.7835591689250226,0.6993876080691643,0.4266024418161008,0.2907792725155517,0.2053433701487012,0.1267812067421219,0.0850197581128008
0.0812538667766549,0.6721311475409836,0.8312335781176312,0.6108602268972353,0.1202380952380952,0.788256549232159,0.7128061959654179,0.4342331171308661,0.2947629699996936,0.2098167458505584,0.1328882012865401,0.0926835109567716
0.085584656630233,0.6727983225314524,0.8288081924139326,0.6082167639607886,0.1235544217687075,0.7869918699186993,0.7170389048991356,0.436570011446013,0.296264517512947,0.2116986487320294,0.134842439540754,0.0960962758951023
0.0778511033202722,0.655261151353412,0.8215320353028364,0.6224253772441899,0.1249999999999999,0.7737127371273712,0.7071325648414986,0.4304177794734835,0.2926179021236172,0.2067316591596224,0.1294682843416659,0.0889713806729732
0.0705300061868426,0.6403926801372474,0.8158054301691032,0.6348716819032934,0.1255952380952381,0.7628726287262874,0.6930835734870318,0.4233594048073255,0.2876536021818405,0.2017029678533967,0.1230355834215454,0.0821458507963118
0.0792946999381315,0.6518299656881432,0.8181634440476991,0.6236369644233946,0.1277210884353741,0.7699186991869919,0.6952449567723343,0.4254101487981687,0.289155149695094,0.2036774233355957,0.1261705072876801,0.0868758232547
0.0918746133223345,0.6701296225695768,0.8228794718048911,0.6063443110474721,0.1298469387755102,0.7817524841915086,0.7093840057636889,0.4344238840137352,0.2955290656697208,0.209353982846918,0.1333360475531308,0.0969344988624116
0.0913590431016704,0.6691765154403354,0.8225426126793774,0.6071153210706024,0.1299319727891156,0.781029810298103,0.7176693083573488,0.4368561617703167,0.2967241749149634,0.210896526192386,0.1355345655891214,0.0998682792479942
0.0789853578057331,0.6503049942813571,0.8172876103213635,0.6246282630245621,0.1280612244897959,0.7685636856368564,0.7110951008645534,0.4305608546356353,0.2920663132411976,0.2062997470228914,0.1293868577477404,0.0920847802658364
0.0711486904516395,0.6429660693861989,0.8171528666711582,0.6331093732789954,0.1249999999999999,0.7649503161698283,0.7014589337175793,0.4240270888973674,0.2875616707014372,0.2020114765224903,0.1245826887061314,0.085618488803736
0.0776448752320066,0.6541174227983224,0.8208583170518089,0.6231963872673202,0.1253401360544217,0.7727190605239385,0.7038004322766572,0.423788630293781,0.2872245886066252,0.2022274325908558,0.1255598078332383,0.0868758232547
0.0852753144978346,0.6661265726267631,0.8243616519571515,0.6121819583654586,0.1261904761904762,0.7808491418247515,0.7159582132564842,0.4296070202212896,0.2911469984371648,0.2069167643610786,0.1301604103900333,0.0932822416477068
0.0852753144978346,0.6619329012581013,0.8213972916526309,0.6146051327238682,0.1280612244897959,0.7768744354110207,0.7208213256484151,0.4322300648607402,0.2918518064535899,0.2079039921021781,0.1315853757837309,0.0953777990659801
0.0712518044957723,0.6429660693861989,0.8172202384962607,0.6329992289899768,0.1249999999999999,0.7650406504065042,0.7079430835734871,0.4252193819152995,0.2866423558974045,0.202844449929043,0.1256412344271639,0.0881930307747575
0.0639307073623427,0.6309569195577582,0.8134474162905073,0.6439035136028196,0.1243197278911564,0.7568202348690154,0.6915525936599424,0.416730255627623,0.2811877547268103,0.197106188683902,0.1189235404283038,0.0796311818943839
0.0668179005980614,0.6342927945101028,0.8139190190662264,0.640378896354224,0.1251700680272109,0.7587172538392051,0.6926332853025937,0.4153948874475391,0.2798700701743634,0.1951625840686123,0.1168471622832016,0.0780146090288588
0.0705300061868426,0.6520205871139915,0.823957421006535,0.6282630245621764,0.1204081632653061,0.773803071364047,0.7028097982708934,0.4179702403662724,0.2817086997824288,0.1969827852162646,0.1194528132888201,0.0825649622799664
0.0676428129511239,0.6642203583682804,0.8345347975476655,0.6226456658222271,0.1125850340136054,0.7867208672086721,0.7015489913544669,0.4165871804654711,0.2815861244752244,0.1976615042882705,0.1206334989007409,0.0837025505927433
0.0541348731697257,0.6574532977506671,0.8386444788789329,0.6338803833021257,0.1043367346938775,0.7862691960252935,0.6887608069164266,0.4095288057993133,0.2783378788343088,0.194360461528969,0.1163586027196482,0.0763381630942402
0.0478449164776242,0.6537361799466259,0.840126659031193,0.6392774534640379,0.1008503401360544,0.7855465221318879,0.680385446685879,0.4060950019076689,0.2760089479974259,0.1919849447769482,0.1122872730233694,0.0700514908394204
0.0582594349350381,0.6657453297750666,0.8417435828336589,0.6268311488049344,0.1041666666666666,0.7922312556458898,0.6861491354466859,0.4098626478443342,0.2788588238899274,0.1949774788671562,0.1159514697500203,0.0747215902287151
0.074654567952155,0.6828059473884864,0.8430910193357138,0.6082167639607886,0.1100340136054421,0.8012646793134598,0.6991174351585014,0.4182563906905761,0.2842827812337205,0.1998210649719257,0.1220991775914013,0.0843611543527721
0.0754794803052175,0.6872855508959206,0.8457185205147207,0.6051327238682673,0.1086734693877551,0.805149051490515,0.6994776657060519,0.419925600915681,0.2862439861489902,0.2020114765224903,0.1248676817848709,0.0873548078074482
0.0646525056712724,0.6759435760579489,0.8447753149632823,0.6174688842383522,0.1048469387755102,0.7991869918699188,0.6859690201729107,0.4132487600152614,0.2819232065700365,0.1984327759610045,0.1199413728523735,0.0808286432762543
0.0601154877294287,0.6687952725886389,0.8426867883850974,0.624077541579469,0.1043367346938775,0.7943089430894308,0.6739913544668589,0.4071442197634491,0.2778475776054914,0.1944530141296971,0.1152186304046901,0.0745419710214345
0.0658898742008661,0.6791841402973693,0.8462574951155426,0.6150457098799427,0.1044217687074829,0.8016260162601626,0.6802953890489913,0.4103395650515071,0.279747494867159,0.1961189609428025,0.1174578617376435,0.0768770207160819
0.0805320684677253,0.694815097216927,0.847739675267803,0.5981936336600947,0.1095238095238095,0.8100271002710027,0.6952449567723343,0.4194963754292256,0.2854166028253608,0.2021348799901277,0.1243791222213174,0.0874745539456352
0.0873375953804908,0.6934807472359892,0.8423499292595836,0.5952197378565921,0.1157312925170068,0.8058717253839205,0.7045208933717579,0.4235024799694773,0.2877148898354427,0.2043561424076017,0.1267812067421219,0.0922643994731169
0.0753763662610847,0.6798513152878383,0.8405308899818096,0.609538495429012,0.1119897959183673,0.7981029810298103,0.6964157060518733,0.4181133155284243,0.2843134250605216,0.200869994446844,0.1224248839671036,0.0857382349419231
0.0677459269952567,0.6691765154403354,0.8380381324530081,0.6197819143077431,0.1103741496598639,0.7914182475158085,0.6844380403458213,0.4124380007630676,0.2804523028835841,0.1965817239464429,0.1177835681133458,0.0789725781343551
0.0762012786141472,0.6701296225695768,0.8331199892205079,0.6147152770128869,0.1170068027210884,0.7885275519421862,0.6922730547550433,0.4169210225104922,0.2822602886648485,0.1978466094897266,0.1194935265857829,0.0805292779307867
0.0835223757475768,0.6713686618375905,0.8292124233645489,0.610089216874105,0.1224489795918367,0.7865401987353207,0.7082132564841499,0.4250763067531476,0.2870100818190176,0.2025976429937681,0.1246641153000569,0.0874745539456352
0.0793978139822643,0.6610751048417841,0.8246311392575625,0.6182398942614825,0.1236394557823129,0.7785907859078591,0.7159582132564842,0.4272224341854254,0.2885422731590721,0.2036774233355957,0.1253562413484243,0.0883127769129445
0.0709424623633739,0.6477316050324056,0.8207235734016033,0.6304659103425487,0.1226190476190476,0.7696476964769647,0.706592219020173,0.421260969095765,0.2844360003677259,0.1999753193064725,0.1211220584642944,0.0819063585199377
0.0619715405238193,0.6355318337781165,0.8180287003974938,0.642361493556559,0.1205782312925169,0.7620596205962059,0.6947946685878963,0.4140118275467379,0.2788894677167285,0.1951934349355217,0.1153000569986157,0.0740031133995928
0.0640338214064755,0.6418223408311093,0.8210604325271171,0.63751514483974,0.1195578231292517,0.7670280036133695,0.6997478386167147,0.4154902708889737,0.2797781386939601,0.1953476892700685,0.1153000569986157,0.0749610825050892
0.0752732522169519,0.6582157834540602,0.82530485750859,0.622094944377134,0.1215136054421768,0.7776874435411021,0.7111851585014409,0.4215948111407859,0.2847117948089358,0.2003146788424755,0.1224248839671036,0.0833433121781822
0.0769230769230769,0.6641250476553564,0.828403961463316,0.617799317105408,0.1202380952380952,0.7825654923215899,0.7139769452449568,0.424122472338802,0.287163300953023,0.2027210464614056,0.1258448009119778,0.0878936654292899
0.0673334708187255,0.6575486084635912,0.8300208852657818,0.6267210045159158,0.1153061224489795,0.7805781391147244,0.7006484149855908,0.4163487218618848,0.2831796034688812,0.1991731967668291,0.1214884781369595,0.0818464854508442
0.0611466281707568,0.6493518871521158,0.8282692178131105,0.6347615376142747,0.113860544217687,0.7754290876242096,0.6881304034582133,0.4108164822586799,0.2797781386939601,0.195563645338434,0.1170914420649784,0.0763381630942402
0.067024128686327,0.6511627906976742,0.8257090884592063,0.6305760546315673,0.1178571428571428,0.7746160794941283,0.6924531700288185,0.4149656619610836,0.2815248368216223,0.1973221447522675,0.1202670792280758,0.0808286432762543
0.0846566302330377,0.6610751048417841,0.8211951761773225,0.6154862870360172,0.1279761904761905,0.7763324299909666,0.7027197406340058,0.4233117130866081,0.2863052738025925,0.202412537792312,0.1270254865238987,0.0904682074003113
0.0858939987626314,0.6610751048417841,0.8203867142760898,0.6148254213019055,0.1289965986394557,0.7757904245709124,0.7056015850144093,0.4259347577260588,0.2878068213158459,0.2037699759363238,0.1291425779659636,0.0930427493713327
0.0738296555990926,0.6484940907357987,0.8194435087246513,0.6284833131402137,0.1246598639455782,0.7691056910569106,0.695335014409222,0.4190671499427699,0.2834860417368921,0.1996359597704696,0.1238498493608012,0.0853191234582684
0.063208909053413,0.6437285550895919,0.8229468436299939,0.636964423394647,0.1180272108843537,0.7692863595302619,0.6856087896253603,0.4120564669973293,0.2791652621579383,0.1956870488060715,0.1192085335070433,0.0782541013052329
0.0672303567745927,0.6547845977887914,0.8281344741629051,0.6283731688511951,0.1164115646258503,0.7779584462511292,0.6875000000000001,0.412342617321633,0.279716851040358,0.196674276547171,0.1201042260402247,0.0792120704107292
0.0782635594968034,0.6671749904689286,0.8296840261402681,0.6153761427469986,0.1199829931972789,0.784914182475158,0.7002881844380404,0.4208794353300267,0.285140808384151,0.2017646695872154,0.1257633743180522,0.086756077116513
0.0789853578057331,0.6706061761341974,0.8316378090682477,0.612952968388589,0.119047619047619,0.7878048780487804,0.7074027377521616,0.4254578405188859,0.2876842460086416,0.204726352810514,0.1286540184024102,0.0898694767093761
0.0689832955248504,0.6629813191002667,0.8327831300949943,0.6226456658222271,0.1142006802721088,0.784914182475158,0.700378242074928,0.419257916825639,0.2842214935801183,0.2011785031159376,0.1237277094699128,0.082864327625434
0.0611466281707568,0.6610751048417841,0.8365559523007478,0.6279325916951205,0.1085884353741496,0.7866305329719965,0.6890309798270894,0.4122472338801984,0.2804523028835841,0.1975689516875424,0.1185978340526015,0.0754999401269309
0.0697050938337801,0.6734654975219214,0.8397224280805766,0.6162572970591474,0.1101190476190476,0.794579945799458,0.6893912103746398,0.4137733689431514,0.282413507798854,0.1987412846300981,0.1204706457128898,0.0780146090288588
0.0816663229531862,0.6881433473122378,0.8422825574344809,0.6013878180416344,0.1134353741496598,0.8032520325203253,0.7000180115273776,0.4207363601678748,0.2874697392210339,0.2035231690010489,0.1269440599299731,0.0875344270147287
0.0824912353062487,0.6872855508959206,0.8411372364077342,0.6013878180416344,0.1145408163265306,0.8020776874435411,0.7062319884726225,0.4249332315909958,0.2895535194435081,0.2054667736163386,0.1295089976386287,0.0914860495749012
0.0739327696432254,0.6716545939763628,0.835680118574412,0.6150457098799427,0.1143707482993197,0.7910569105691058,0.6968659942363112,0.419257916825639,0.2861826984953881,0.2012093539828469,0.1241755557365035,0.0839420428691174
0.0674365848628583,0.6627906976744186,0.8335915919962271,0.6236369644233946,0.113095238095238,0.7853658536585366,0.6885806916426513,0.4143456695917589,0.2828425213740692,0.1973838464860862,0.1190456803191922,0.0779547359597653
0.0732109713342957,0.6676515440335493,0.8333221046958161,0.617799317105408,0.1155612244897959,0.7875338753387534,0.6976765129682998,0.4176840900419687,0.2845279318481292,0.1991731967668291,0.1214070515430339,0.0811878816908154
0.0830068055269127,0.6742279832253144,0.8315704372431448,0.6087674854058817,0.1207482993197279,0.7894308943089431,0.711635446685879,0.4259347577260588,0.2890938620414918,0.2038933794039612,0.1268626333360475,0.0885522691893186
0.0799133842029284,0.6692718261532595,0.8300882570908845,0.6132834012556448,0.1204081632653061,0.7860885275519421,0.7137968299711817,0.4267455169782526,0.2894922317899059,0.2044178441414204,0.1280840322449312,0.0887917614656927
0.0649618478036708,0.652306519252764,0.8278649868624941,0.6310166317876418,0.1156462585034013,0.7766034327009937,0.7030799711815562,0.4193533002670736,0.2848956577697423,0.1996359597704696,0.1226691637488803,0.0803496587235061
0.0579500928026397,0.6443004193671368,0.8267870376608503,0.6393875977530564,0.1134353741496598,0.7720867208672086,0.6943443804034583,0.4141072109881724,0.2809119602856005,0.1959647066082557,0.1172135819558667,0.0740629864686863
0.0645493916271396,0.6490659550133434,0.8258438321094118,0.6331093732789954,0.1167517006802721,0.7737127371273712,0.7016390489913545,0.4169210225104922,0.2823828639720528,0.1969210834824458,0.1176614282224574,0.0764579092324272
0.0726954011136316,0.655928326343881,0.8253722293336926,0.6247384073135808,0.1204081632653061,0.7766937669376693,0.7164085014409223,0.4238840137352155,0.2866117120706034,0.2009316961806627,0.1231577233124338,0.0835229313854628
0.0710455764075067,0.6496378192908883,0.8220036380785556,0.629254323163344,0.1218537414965986,0.771364046973803,0.7193804034582133,0.4241701640595193,0.2852327398645543,0.2004997840439316,0.1233205765002849,0.0834630583163693
0.0592905753763662,0.6290507052992755,0.8151317119180758,0.6474281308514153,0.121343537414966,0.7570912375790424,0.7080331412103746,0.4165394887447539,0.2799007140011645,0.1945764175973345,0.1167250223923133,0.0753801939887438
0.053413074860796,0.617136866183759,0.8105504278110894,0.6574512611521093,0.1218537414965986,0.7483288166214995,0.6918227665706052,0.4088611217092713,0.2751509208469954,0.1893317702227433,0.1115137203810764,0.0692132678721111
0.061043514126624,0.6233320625238276,0.8099440813851647,0.6498513052098248,0.1253401360544217,0.7508581752484191,0.6927233429394813,0.4107210988172454,0.2759476603438237,0.1910285679027581,0.1133051054474391,0.0719075559813195
0.0709424623633739,0.6371521158978268,0.813245300815199,0.6366339905275911,0.1272959183673469,0.759620596205962,0.6994776657060519,0.4156333460511255,0.279747494867159,0.1956561979391621,0.1182314143799364,0.0789127050652616
0.0693957517013817,0.6432520015249713,0.8185676749983156,0.6338803833021257,0.1233843537414965,0.7660343270099368,0.6955151296829971,0.4163487218618848,0.2817086997824288,0.197445548219905,0.1194935265857829,0.0821458507963118
0.0553722416993194,0.6363896301944337,0.8228794718048911,0.6453353893600616,0.1147959183673469,0.7657633242999097,0.6794848703170029,0.4073826783670355,0.2780927282199001,0.1941753563275128,0.1149743506229134,0.0752604478505568
0.0500103114044132,0.63515059092642,0.8255069729838981,0.6489701508976758,0.110969387755102,0.7669376693766938,0.6669668587896255,0.4016119801602442,0.274017099255355,0.1910285679027581,0.1111473007084113,0.0690336486648305
0.0628995669210146,0.6485894014487228,0.8266522940106447,0.6343209604582002,0.1155612244897959,0.7740740740740741,0.6732708933717579,0.4063334605112552,0.2779395090858947,0.1954093910038872,0.1161143229378715,0.075859178541492
0.0838317178799752,0.6689858940144872,0.8272586404365694,0.6113008040533098,0.1238095238095238,0.7841011743450768,0.6895713256484151,0.4166348721861885,0.2858456164005761,0.2027210464614056,0.1260483673967918,0.0892707460184409
0.0848628583213033,0.6726077011056042,0.8292124233645489,0.608657341116863,0.1229591836734693,0.7871725383920506,0.6934438040345822,0.4196871423120946,0.2882971225446634,0.2047880545443327,0.1305268300626984,0.0927433840258651
0.0727985151577644,0.6638391155165839,0.8308967189921175,0.6202224914638176,0.116921768707483,0.7841011743450768,0.6830871757925072,0.4144410530331934,0.2848650139429411,0.2016104152526686,0.1257633743180522,0.0851993773200814
0.0692926376572489,0.661742279832253,0.8317051808933504,0.6233065315563387,0.1149659863945578,0.7836495031616981,0.6793047550432277,0.4125333842045021,0.2833634664296878,0.2000061701733819,0.1218141845126618,0.0793916896180098
0.0786760156733347,0.6735608082348454,0.8339958229468436,0.6114109483423283,0.1174319727891156,0.7907859078590785,0.6892110951008646,0.4179702403662724,0.2869794379922165,0.203615721601777,0.1251526748636104,0.0835828044545563
0.0898123324396782,0.6906214258482652,0.8387792225291383,0.5955501707236479,0.119047619047619,0.8020776874435411,0.7050612391930835,0.4278901182754674,0.294579107038887,0.2097550441167397,0.1331324810683169,0.0934618608549874
0.0901216745720767,0.6949104079298511,0.8416088391834534,0.5930168520762198,0.1173469387755102,0.8059620596205962,0.7097442363112393,0.4313239221671118,0.297275763797383,0.2125933238724008,0.1362266916374888,0.0968746257933181
0.0781604454526706,0.6817575295463209,0.8400592872060905,0.6070051767815838,0.1133503401360544,0.7987353206865401,0.6952449567723343,0.4242178557802365,0.2926485459504183,0.2077805886345406,0.130038270499145,0.0889713806729732
0.0700144359661785,0.6715592832634387,0.8381728761032137,0.6171384513712963,0.1112244897959183,0.7926829268292683,0.6855187319884727,0.4190671499427699,0.288848711427083,0.2037699759363238,0.1249491083787965,0.0819662315890312
0.07630439265828,0.6784216545939763,0.8389139661793438,0.6098689282960678,0.1133503401360544,0.7963866305329721,0.6932636887608069,0.4228824876001526,0.2910550669567616,0.205929536619979,0.1278804657601172,0.0852592503891749
0.0879562796452877,0.6916698436904307,0.8406656336320151,0.5959907478797224,0.1170068027210884,0.8037940379403794,0.7038904899135447,0.4277470431133156,0.2941807372904728,0.2091380267785525,0.132725348098689,0.0944797030295772
0.0843472881006393,0.6884292794510102,0.8407330054571178,0.5998457979953739,0.1154761904761904,0.8023486901535682,0.7056015850144093,0.42731781762686,0.2936597922348543,0.2088603689763682,0.1312189561110658,0.0944198299604837
0.0674365848628583,0.6714639725505146,0.8397897999056795,0.6186804714175569,0.1091836734693877,0.7936766034327009,0.6938040345821326,0.4187809996184662,0.2878068213158459,0.2033997655334115,0.1243791222213174,0.0850197581128008
0.0598061455970303,0.6631719405261151,0.8389139661793438,0.6274920145390461,0.106547619047619,0.7891598915989161,0.6837175792507205,0.4114364746280046,0.2831796034688812,0.1985253285617326,0.1186792606465271,0.0775356244761106
0.0668179005980614,0.6716545939763628,0.8403287745065013,0.6187906157065756,0.1085034013605442,0.7941282746160795,0.6912824207492796,0.4158718046547119,0.2852633836913554,0.2004689331770223,0.1216513313248106,0.0808286432762543
0.0778511033202722,0.681090354555852,0.8397897999056795,0.6074457539376583,0.1134353741496598,0.798193315266486,0.7051512968299712,0.4224055703929797,0.2895841632703092,0.2049731597457889,0.1272290530087126,0.089749730571189
0.0755825943493503,0.6757529546321006,0.8375665296772888,0.6117413812093843,0.1139455782312925,0.7942186088527553,0.7105547550432276,0.424122472338802,0.2898293138847179,0.2050657123465169,0.1274733327904893,0.0902885881930307
0.0602186017735615,0.6571673656118947,0.8344000538974601,0.6307963432096045,0.1095238095238095,0.7832881662149955,0.701999279538905,0.4170640976726441,0.284803726289339,0.1999136175726538,0.1215699047308851,0.0813076278290025
0.0519694782429366,0.6449675943576056,0.8311662062925285,0.6421412049785219,0.1082482993197279,0.7753387533875339,0.6947046109510088,0.412342617321633,0.2807893849783961,0.1958413031406183,0.1170100154710528,0.0745419710214345
0.0620746545679521,0.6514487228364467,0.8291450515394461,0.6329992289899768,0.1136904761904761,0.7770551038843722,0.7042507204610952,0.4160148798168638,0.2833328226028866,0.1980625655580922,0.1207963520885921,0.0787929589270746
0.0727985151577644,0.6618375905451772,0.8294819106649599,0.6213239343540038,0.1178571428571428,0.7822041553748871,0.7208213256484151,0.4223101869515452,0.2878987527962492,0.2017029678533967,0.1249491083787965,0.0860376002873907
0.0652711899360692,0.6546892870758673,0.8293471670147544,0.6294746117413812,0.1148809523809523,0.7787714543812105,0.7232528818443804,0.4226917207172835,0.2874390953942328,0.2011168013821188,0.1237277094699128,0.085378996527362
0.0535161889049288,0.6401067479984749,0.8267196658357475,0.6442339464698755,0.1116496598639455,0.7700993676603433,0.7048811239193085,0.4145841281953453,0.282107069530843,0.1963040661442587,0.1175800016285318,0.0765776553706143
0.0531037327283976,0.6385817765916888,0.8259112039345146,0.645225245071043,0.1119897959183673,0.7688346883468836,0.6898414985590778,0.4101011064479207,0.2792878374651427,0.1945147158635158,0.1153814835925413,0.0737037480541252
0.0650649618478036,0.6498284407167365,0.8259785757596173,0.6324485075448838,0.1168367346938775,0.7741644083107498,0.6903818443804035,0.4146795116367799,0.2824747954524562,0.1983402233602764,0.1205927856037781,0.0802299125853191
0.0774386471437409,0.6593595120091497,0.8246985110826651,0.6202224914638176,0.1227891156462584,0.7778681120144535,0.6985770893371759,0.4219763449065243,0.2873165200870284,0.2031221077312273,0.1269033466330103,0.089629984433002
0.0754794803052175,0.6541174227983224,0.8223404972040692,0.6242978301575063,0.123469387755102,0.773803071364047,0.6972262247838616,0.4226917207172835,0.2879600404498514,0.202844449929043,0.1277990391661916,0.0913064303676206
0.0628995669210146,0.645158215783454,0.8241595364818434,0.6361934133715167,0.1171768707482993,0.7707317073170732,0.685428674351585,0.4162056466997329,0.283792480004903,0.1988646880977355,0.1228320169367315,0.0839420428691174
0.057743864714374,0.6453488372093023,0.8276628713871859,0.6388368763079634,0.1128401360544217,0.7731707317073171,0.6762427953890491,0.4105303319343762,0.2805748781907884,0.1958104522737089,0.1185978340526015,0.0766974015088013
0.0692926376572489,0.6598360655737704,0.8303577443912955,0.6242978301575063,0.1158163265306122,0.7818428184281843,0.6820965417867436,0.4136779855017169,0.2833021787760856,0.1984636268279139,0.12120348505822,0.0815471201053766
0.0853784285419674,0.6781357224552038,0.8327831300949943,0.605242868157286,0.1209183673469387,0.792140921409214,0.6917327089337176,0.4207363601678748,0.2882358348910612,0.2031221077312273,0.1277583258692289,0.0916057957130882
0.0858939987626314,0.6799466260007624,0.8337263356464327,0.603810992400044,0.1205782312925169,0.7936766034327009,0.6911023054755044,0.4211178939336131,0.2890938620414918,0.2041401863392361,0.1283690253236707,0.0925637648185846
0.0748607960404207,0.6686999618757147,0.8330526173954051,0.6162572970591474,0.1164965986394557,0.7878048780487804,0.6833573487031701,0.4155856543304083,0.2848650139429411,0.1997285123711976,0.1225063105610292,0.0835229313854628
0.0653743039802021,0.661646969119329,0.8341979384221518,0.6253992730476925,0.1118197278911564,0.7852755194218608,0.682006484149856,0.4124856924837848,0.282107069530843,0.1971370395508114,0.1185164074586759,0.0764579092324272
0.071973602804702,0.6705108654212732,0.8361517213501313,0.6168080185042405,0.1132653061224489,0.7907859078590785,0.6929935158501441,0.4175887066005341,0.2863052738025925,0.2012710557166656,0.1234020030942105,0.0820261046581247
0.0795009280263971,0.6799466260007624,0.8379033888028027,0.6073356096486396,0.1153061224489795,0.7964769647696477,0.7120857348703171,0.4287008775276612,0.2924646829896118,0.2075954834330845,0.1306489699535868,0.0911866842294336
0.0755825943493503,0.6780404117422797,0.839116081654652,0.6104196497411609,0.1129251700680272,0.7963866305329721,0.7154178674351586,0.4300362457077452,0.2923421076824074,0.2070093169618066,0.1308932497353635,0.0920847802658364
0.061043514126624,0.6615516584064048,0.8369601832513642,0.6277123031170834,0.1083333333333333,0.7870822041553749,0.705421469740634,0.4221194200686761,0.2872245886066252,0.2013636083173937,0.1238091360638384,0.0834031852472757
0.0519694782429366,0.6530690049561569,0.8368928114262615,0.63751514483974,0.1045918367346938,0.7830171635049684,0.6971361671469741,0.4147748950782144,0.2816474121288266,0.196674276547171,0.1179057080042341,0.0749610825050892
0.0597030315528975,0.6608844834159359,0.8373644142019806,0.6288137460072695,0.1074829931972788,0.7870822041553749,0.7032600864553314,0.4172548645555131,0.2830570281616768,0.1983710742271858,0.1196156664766712,0.0787929589270746
0.0714580325840379,0.6720358368280593,0.8375665296772888,0.6161471527701289,0.1121598639455782,0.7925022583559168,0.7154178674351586,0.4240270888973674,0.2875310268746361,0.2037082742025051,0.1260076540998289,0.088252903843851
0.0683646112600536,0.6667937476172321,0.8358822340497204,0.6208833571979292,0.1119897959183673,0.7887985546522132,0.7160482708933718,0.4235024799694773,0.2871939447798241,0.2036774233355957,0.1254783812393127,0.0877739192911028
0.0507321097133429,0.645920701486847,0.8326483864447887,0.642361493556559,0.1067176870748299,0.776784101174345,0.7065021613832853,0.4164441053033193,0.281769987436031,0.1979391620904547,0.1186792606465271,0.0781942282361393
0.0460919777273664,0.6374380480365992,0.8296840261402681,0.6496310166317876,0.1067176870748299,0.7708220415537488,0.7015489913544669,0.4134872186188478,0.2795329880795514,0.1953168384031591,0.1164400293135737,0.0734642557777511
0.0564033821406475,0.6455394586351505,0.8287408205888297,0.6394977420420751,0.1115646258503401,0.7739837398373983,0.7128061959654179,0.4194009919877909,0.2832715349492845,0.1989263898315543,0.1212441983551827,0.0796311818943839
0.0655805320684677,0.65383149065955,0.8285387051135215,0.629805044608437,0.1154761904761904,0.7777777777777778,0.7241534582132565,0.4256009156810378,0.2869487941654154,0.2019806256555809,0.1246641153000569,0.0851395042509879
0.0656836461126005,0.6544033549370948,0.8288755642390352,0.6293644674523625,0.1153061224489795,0.7783197831978319,0.7307276657060519,0.4260778328882106,0.2872858762602274,0.2023508360584932,0.1247455418939825,0.0859178541492036
0.0525881625077335,0.643823865802516,0.8299535134406791,0.6424716378455777,0.1092687074829932,0.7739837398373983,0.7260446685878963,0.4195440671499428,0.2835473293904943,0.1982476707595483,0.1197378063675596,0.0777152436833912
0.0451639513301711,0.6356271444910406,0.8290776797143434,0.6511730366780482,0.1067176870748299,0.7695573622402889,0.7143371757925072,0.4131056848531095,0.279747494867159,0.1942679089282409,0.1151779171077273,0.0712489522212908
0.0563002680965147,0.6466831871902401,0.8295492824900625,0.638947020596982,0.1110544217687075,0.7750677506775069,0.7047910662824207,0.4135349103395651,0.2813716176876168,0.1961498118097119,0.1183535542708248,0.0760986708178661
0.0713549185399051,0.6669843690430803,0.8340631947719462,0.6191210485736315,0.1143707482993197,0.7877145438121048,0.6905619596541788,0.4150133536818009,0.2842521374069194,0.2003763805762942,0.1245419754091686,0.0841815351454915
0.071973602804702,0.6811856652687761,0.8436299939365356,0.610639938319198,0.1085884353741496,0.8009033423667569,0.6728206051873199,0.4077642121327737,0.2818619189164343,0.2006231875115691,0.1246234020030942,0.0844809004909591
0.0506289956692101,0.6912886008387342,0.864717375193694,0.6161471527701289,0.0864795918367346,0.8197831978319783,0.6570605187319886,0.3915490270888974,0.2753041399810008,0.1965508730795335,0.1176614282224574,0.0702311100467009
0.0287688183130542,0.7225505146778497,0.9011655325742772,0.6097587840070492,0.0544217687074829,0.859078590785908,0.6571505763688761,0.377527661198016,0.2719333190328808,0.1971678904177208,0.1149336373259506,0.0593940845407735
0.0335120643431635,0.7429470072436142,0.912483999191538,0.5954400264346292,0.0493197278911564,0.8762420957542909,0.6860590778097982,0.3911198016024418,0.2870713694726197,0.2137348059480471,0.1287354449963358,0.06885402945755
0.0777479892761393,0.7624857033930613,0.8973927103685237,0.5605242868157285,0.0770408163265306,0.8754290876242096,0.7440561959654179,0.4539774895078214,0.3426592712897987,0.2732769790831122,0.1869554596531226,0.1230391569871871
0.1672509795834192,0.7723980175371711,0.8458532641649262,0.5069941623526819,0.1464285714285714,0.8456187895212285,0.7934077809798271,0.5445440671499429,0.437134189317562,0.3812241623989634,0.2907336536112694,0.2226080708897138
0.2895442359249329,0.7560045749142205,0.7544296975005053,0.4511510078202445,0.2545918367346939,0.7765130984643179,0.7765670028818444,0.6276230446394506,0.5502711978671898,0.5192817918183501,0.4212604836739679,0.348640881331577
0.4549391627139617,0.7634388105223028,0.651620292393721,0.3585196607555898,0.3876700680272109,0.7111111111111111,0.7068623919308358,0.7163296451735979,0.686881377746453,0.6801999136175727,0.572021822327172,0.5022153035564603
0.6398226438440915,0.8151925276401067,0.5674055110152934,0.2298711311818481,0.5170068027210885,0.679223125564589,0.6247298270893372,0.7951163677985501,0.802439248613367,0.8178564817671377,0.7111798713459815,0.6593821099269547
0.8111981851928234,0.8748570339306139,0.4976083002088526,0.1038660645445533,0.6318027210884353,0.6607046070460705,0.5060338616714698,0.8264021365890881,0.8528176998743604,0.8796199173196768,0.8006676980701897,0.7915818464854508
0.92699525675397,0.8760960731986275,0.4228255743448089,0.0413041083819804,0.7267006802721088,0.6111111111111112,0.3538364553314121,0.8007916825639069,0.8509790702662949,0.8685444560992164,0.822327172054393,0.8630702909831157
0.8745102082903692,0.7790697674418604,0.3885333153675133,0.1253442009031831,0.7267006802721088,0.5420957542908762,0.2611671469740634,0.680847004959939,0.7440627585572888,0.747547356080706,0.7185489780962462,0.7858340318524728
0.6848834811301299,0.6527830728173846,0.4231624334703227,0.2997026104196497,0.6267006802721088,0.5055103884372177,0.150486311239193,0.4161102632582983,0.4789630129010511,0.5054914543098662,0.501913524957251,0.5846605196982396
0.4392658280057743,0.6423942051086541,0.5762312201037526,0.4368322502478246,0.4287414965986393,0.6031616982836495,0.0724963976945245,0.1438859214040442,0.1767842368154935,0.2153082001604245,0.2340607442390684,0.3205005388576218
0.2761394101876675,0.6781357224552038,0.7081452536549214,0.5033594008150677,0.2783163265306122,0.7085817524841915,0.0674531700288184,0.0297596337275849,0.019918487420709,0.0417412229283643,0.0569986157479032,0.1323793557657765
0.2390183542998556,0.6764201296225695,0.7311190460149566,0.5240665271505672,0.248469387755102,0.7231255645889793,0.1690381844380403,0.114412438000763,0.0686728158612447,0.06219534768927,0.0541079716635452,0.1065740629864686
0.2003505877500515,0.6808044224170796,0.7595499562083137,0.5422403348386385,0.2145408163265306,0.7443541102077689,0.3360050432276657,0.2487123235406333,0.1682958967915913,0.1320108595051521,0.0978340526015796,0.1180098191833313
0.1470406269333883,0.689668318719024,0.8006467695209862,0.5655909241105849,0.1666666666666666,0.7760614272809394,0.4893731988472622,0.3488649370469286,0.2383170410320841,0.1776392916640958,0.1208777786825177,0.1085498742665549
0.1255929057537636,0.6862371330537551,0.812234723438658,0.5790285273708558,0.1505102040816326,0.7822041553748871,0.5965417867435159,0.4094334223578787,0.2788281800631263,0.2006540383784784,0.1309746763292891,0.1025026942881092
0.123221282738709,0.6705108654212732,0.8026679242740685,0.5893820905386056,0.1556122448979591,0.7682926829268292,0.6594020172910664,0.4342808088515834,0.2947629699996936,0.2080273955698155,0.1350052927286051,0.104777870913663
0.1035265003093421,0.6542127335112466,0.8040153607761235,0.6093182068509747,0.1465986394557823,0.7615176151761518,0.6902917867435159,0.4354731018695154,0.2945178193852849,0.2034923181341396,0.1291425779659636,0.096635133516944
0.07630439265828,0.6322912695386961,0.8063060028296166,0.6365238462385725,0.1339285714285714,0.7526648599819331,0.701278818443804,0.4277470431133156,0.2886954922930775,0.1944221632627877,0.1168878755801644,0.079870674170758
0.0706331202309754,0.6265726267632481,0.8060365155292056,0.6428020707126335,0.1318027210884353,0.7497741644083108,0.6995677233429395,0.4232163296451736,0.2857536849201729,0.1910285679027581,0.1121244198355182,0.0738234941923123
0.0811507527325221,0.6373427373236751,0.806710233780233,0.6310166317876418,0.1357142857142857,0.7552845528455285,0.7087536023054756,0.4283670354826402,0.2887874237734809,0.1941445054606034,0.1158293298591319,0.0794515626871033
0.0845535161889049,0.6429660693861989,0.8084619012329044,0.6259499944927855,0.135969387755102,0.7591689250225836,0.7291066282420751,0.4354254101487982,0.2914227928783747,0.196334917011168,0.1178649947072713,0.0816069931744701
0.0693957517013817,0.6320053373999236,0.8106177996361921,0.640378896354224,0.1284013605442177,0.7553748870822041,0.7400036023054756,0.4359500190766883,0.2887261361198787,0.1920774973776763,0.1117987134598159,0.0723266674649742
0.0432047844916477,0.6100838734273731,0.812234723438658,0.6670338142967287,0.1165816326530612,0.7461607949412827,0.7368515850144093,0.4288916444105303,0.2820457818772409,0.1830998951070525,0.09929973129224,0.0559813196024428
0.0283563621365229,0.5961685093404498,0.8120999797884524,0.6830047362044278,0.1105442176870748,0.7393857271906052,0.7361311239193085,0.424790156428844,0.2773266325498728,0.1772690812611835,0.0915642048693103,0.0456232786492635
0.0324809239018354,0.5973122378955393,0.8102135686855756,0.6801409846899438,0.1133503401360544,0.7387533875338754,0.7432456772334294,0.427508584509729,0.2776637146446848,0.1771148269266367,0.0918491979480498,0.0465812477547599
0.0413487316972571,0.6043652306519253,0.8094051067843427,0.6713294415684546,0.1176020408163265,0.7415537488708221,0.7401837175792508,0.4295593285005723,0.2799007140011645,0.1793360893441106,0.0949434085172217,0.0507124895222129
0.0353681171375541,0.6043652306519253,0.8133126726403017,0.6745236259499944,0.1125850340136054,0.7440831074977416,0.7250540345821327,0.4252193819152995,0.2781233720467012,0.1773616338619115,0.09258203729338,0.0487366782421266
0.0216539492678902,0.5943576057948913,0.8151990837431785,0.6876307963432096,0.10578231292517,0.740650406504065,0.69578530259366,0.4134872186188478,0.2719333190328808,0.171746776084408,0.0851315039491898,0.0382588911507603
0.0199010105176325,0.5925467022493328,0.815064340092973,0.6896133935455445,0.1051870748299319,0.7396567299006325,0.6827269452449568,0.4096718809614651,0.2698188949836056,0.1699574258036651,0.0823222864587574,0.0343072685905879
0.0353681171375541,0.61208539839878,0.818769790473624,0.6701178543892498,0.1091836734693877,0.7514905149051491,0.694164265129683,0.4182086989698588,0.2750896331933932,0.1744616523724317,0.0890399804576174,0.0417914022272781
0.041967415962054,0.6261913839115515,0.8244290237822542,0.6584425597532767,0.1083333333333333,0.7618789521228546,0.7137968299711817,0.4270793590232736,0.2808813164587994,0.1788733263404702,0.09506554840811,0.0489761705185007
0.0368117137554134,0.6265726267632481,0.8280671023378023,0.6609758784007048,0.1039115646258503,0.7645889792231255,0.7219920749279539,0.428843952689813,0.2818312750896332,0.1795828962793854,0.0938848627961892,0.0481379475511914
0.0208290369148278,0.614277544796035,0.8298187697904736,0.6765062231523296,0.096173469387755,0.7598915989159891,0.71460734870317,0.4233117130866081,0.2781233720467012,0.1754488801135312,0.0865971826398501,0.0386181295653215
0.0149515363992575,0.61208539839878,0.8321094118439669,0.6810221390020926,0.0923469387755102,0.7604336043360433,0.713256484149856,0.4214994276993514,0.2771121257622652,0.1727957055593262,0.082403713052683,0.0334690456232786
0.0247473705918746,0.6261913839115515,0.8357474903995149,0.6675845357418217,0.094047619047619,0.7694670280036133,0.7272154178674353,0.4287962609690958,0.2813409738608158,0.1760041957178997,0.0874521618760687,0.0393366063944437
0.0382553103732728,0.6413457872664886,0.8375665296772888,0.6516136138341226,0.0985544217687075,0.7778681120144535,0.7424351585014409,0.4385253719954216,0.2869794379922165,0.1809711852903067,0.0943734223597426,0.0475990899293497
0.0376366261084759,0.6422035836828058,0.83857710705383,0.6513933252560854,0.0976190476190476,0.7790424570912375,0.7425252161383287,0.4389069057611599,0.2870407256458187,0.1805392731535756,0.0944548489536682,0.0462220093401987
0.0214477211796246,0.6320053373999236,0.8419456983089671,0.6660425156955612,0.0887755102040816,0.7764227642276423,0.7330691642651297,0.4303700877527661,0.2819232065700365,0.1757265379157155,0.0872893086882175,0.0355047299724583
0.0134048257372654,0.630099123141441,0.8458532641649262,0.6713294415684546,0.083078231292517,0.7781391147244806,0.7321685878962536,0.427985501716902,0.2798087825207612,0.1731350650953292,0.083543685367641,0.0303556460304155
0.0252629408125386,0.6418223408311093,0.8463922387657481,0.6583324154642581,0.0875850340136054,0.7841011743450768,0.7465778097982709,0.4363792445631438,0.2837311923513008,0.1770222743259085,0.0878592948456965,0.037300922045264
0.0338214064755619,0.6470644300419366,0.8445058276628713,0.6506223152329551,0.0922619047619047,0.7852755194218608,0.7638688760806917,0.4464898893552079,0.2899212453651212,0.1814647991608564,0.0938034362022636,0.0459226439947311
0.0302124149309135,0.6399161265726266,0.8418109546587617,0.6567903954179976,0.092517006802721,0.780126467931346,0.7682817002881845,0.4493037008775277,0.2915453681855791,0.1818041586968594,0.0930298835599706,0.0456232786492635
0.0206228088265621,0.6265726267632481,0.8386444788789329,0.6695671329441567,0.0905612244897959,0.7716350496838302,0.7623378962536024,0.4456791301030141,0.2879906842766525,0.1769914234589992,0.0866378959368129,0.037300922045264
0.0201072386058981,0.6219977125428897,0.8357474903995149,0.6725410287476594,0.0921768707482993,0.767479674796748,0.7656700288184438,0.4456314383822969,0.2869487941654154,0.1750478188437095,0.0839915316342317,0.0337684109687462
0.0316560115487729,0.6303850552802134,0.8341305665970491,0.6614164555567793,0.0979591836734694,0.7704607046070461,0.7785482708933718,0.4539297977871042,0.2924340391628107,0.1783488616030111,0.0885107075971012,0.0399952101544725
0.0406269333883274,0.6375333587495233,0.8333894765209189,0.6526049124352902,0.102125850340136,0.7732610659439928,0.7952989913544669,0.46365890881343,0.297612845892195,0.1814030974270377,0.0932334500447846,0.0458028978565441
0.0363992575788822,0.6298131910026686,0.8306272316917065,0.6593237140654257,0.102125850340136,0.7678410117434509,0.8048451008645534,0.4681896222815719,0.298256366255018,0.1809403344233973,0.0922156176207149,0.0449048018201413
0.0271189936069292,0.61208539839878,0.8241595364818434,0.6745236259499944,0.1023809523809523,0.755103884372177,0.8005223342939481,0.4670927127050744,0.2954064903625165,0.1764669587215401,0.0850500773552642,0.0352652376960843
0.0270158795627964,0.6028402592451391,0.8176244694468773,0.679810551822888,0.1064625850340136,0.7462511291779585,0.800342219020173,0.4686665394887447,0.2945484632120859,0.1738754859011538,0.0806937545802458,0.0301760268231349
0.0356774592699525,0.605604269919939,0.8139863908913292,0.6736424716378455,0.1123299319727891,0.74516711833785,0.8180835734870318,0.4781095001907669,0.2985628045230288,0.175603134448078,0.0831772656949759,0.0361034606633936
0.0444421530212414,0.6104651162790697,0.811695748837836,0.6661526599845797,0.1174319727891156,0.7458897922312557,0.8389769452449568,0.4886970621900038,0.3034351729844023,0.1778860985993706,0.0860271964823711,0.0420308945036522
0.0367085997112806,0.5993137628669462,0.8088661321835208,0.6767265117303668,0.1159863945578231,0.7387533875338754,0.8406880403458213,0.4902708889736742,0.3023013513927619,0.1747084593077066,0.0817930135982411,0.0362830798706741
0.0221695194885543,0.5806328631338162,0.80516068180287,0.6952307522854939,0.1123299319727891,0.727461607949413,0.8264589337175793,0.4844048073254483,0.2973676952777863,0.1680446720552847,0.0739760605813858,0.0250868159501856
0.0187667560321715,0.5762485703393061,0.8042848480765344,0.6996365238462385,0.1114795918367346,0.7247515808491417,0.8203350144092221,0.4816863792445632,0.293904942849263,0.1634478928857901,0.0688868984610373,0.0202969704227038
0.0273252216951948,0.581967213114754,0.8027352960991712,0.6917061350368983,0.1159863945578231,0.7263775971093044,0.8327629682997119,0.4896508966043494,0.2967241749149634,0.1642500154254335,0.0703118638547349,0.023649862291941
0.0385646525056712,0.5889248951582157,0.8003099103954726,0.6817931490252229,0.1221938775510204,0.7280939476061429,0.8424891930835736,0.4995230827928272,0.3020562007783532,0.1676436107854631,0.0743017669570881,0.0310142497904442
0.0393895648587337,0.5874952344643537,0.7987603584181094,0.6821235818922788,0.123469387755102,0.7263775971093044,0.8241174351585014,0.4985215566577642,0.301994913124751,0.1658851113716295,0.0731210813451673,0.0314932343431924
0.0279439059599917,0.5715783454060236,0.794987536212356,0.6974336380658662,0.1210884353741496,0.7163504968383017,0.8052953890489915,0.4924647081266692,0.2977354211993994,0.1596532362559388,0.0654669815161631,0.0217339240809483
0.0293875025778511,0.5670987418985893,0.7908778548810886,0.6993060909791826,0.1243197278911564,0.711472448057814,0.8026837175792508,0.4943246852346433,0.2972144761437809,0.1574011229715555,0.0622099177591401,0.01802179379715
0.0416580738296555,0.5794891345787265,0.7915515731321161,0.6855380548518559,0.1289965986394557,0.7177055103884373,0.8160122478386167,0.5053414727203358,0.3027610087947783,0.1611032270006787,0.0677062128491165,0.0250868159501856
0.0549597855227882,0.5915935951200914,0.7914168294819107,0.6714395858574732,0.1345238095238095,0.7233965672990065,0.828800432276657,0.5165967188096147,0.3087978426745932,0.1656074535694453,0.0737724940965719,0.0344868877978685
0.0589812332439678,0.589878002287457,0.7875766354510543,0.6703381429672871,0.1386054421768707,0.7199638663053297,0.8309618155619596,0.521699732926364,0.3124751018907241,0.1670574443141853,0.0757674456477485,0.0381391450125733
0.0549597855227882,0.5827296988181471,0.7851512497473556,0.676616367441348,0.1384353741496598,0.7149954832881662,0.8185338616714698,0.5211274322777566,0.3121686636227132,0.1655457518356266,0.0730396547512417,0.0350257454197102
0.0618684264796865,0.5894014487228364,0.7854207370477666,0.6690164114990637,0.141156462585034,0.7183378500451671,0.8097982708933719,0.5222720335749714,0.3140072932307787,0.1677361633861911,0.0738946339874603,0.0379595258052927
0.0789853578057331,0.6118947769729316,0.7901367648049584,0.6468774094063222,0.1452380952380952,0.7321589882565493,0.8165525936599425,0.5314765356734071,0.3226182085618852,0.1770839760597273,0.0858643432945199,0.052448808525925
0.0980614559703031,0.6302897445672893,0.7907431112308833,0.6260601387818041,0.1527210884353741,0.7412827461607949,0.8229466858789626,0.5412056466997329,0.3322097263506267,0.1882519898809156,0.099869717449719,0.0692132678721111
0.1007424211177562,0.6350552802134959,0.7922926632082463,0.6218746557990968,0.152891156462585,0.7446251129177959,0.8128602305475504,0.5378672262495231,0.3351208898967303,0.1940828037267847,0.1063838449637651,0.0775954975452041
0.09538049082285,0.6326725123903926,0.7941117024860203,0.6261702830708228,0.1494897959183673,0.7447154471544715,0.7922370317002881,0.5251812285387257,0.3317807127754114,0.195903004874437,0.1085823629997557,0.0782541013052329
0.1004330789853578,0.6423942051086541,0.7976824092164656,0.617799317105408,0.1493197278911564,0.7516711833785005,0.7715237752161384,0.5132106066386876,0.328961480709711,0.1993583019682853,0.114282224574546,0.0817267393126571
0.1175500103114044,0.6682234083110941,0.8047564508522537,0.5937878620993501,0.1519557823129251,0.768654019873532,0.7663904899135447,0.5100152613506296,0.3319952195630191,0.2085518603072746,0.1268219200390847,0.0961561489641959
0.129201897298412,0.6901448722836446,0.8125715825641716,0.5748430443881484,0.1517857142857142,0.784281842818428,0.7675612391930836,0.5088706600534147,0.3360708485275641,0.2184858394520886,0.1392801889096979,0.1104658124775476
0.127552072592287,0.6910026686999617,0.814323250016843,0.5752836215442229,0.15,0.7858175248419151,0.757835014409222,0.4998569248378481,0.3339870683050899,0.2229900660208552,0.1439622180604185,0.1149562926595617
0.1185811507527325,0.683282500953107,0.8147274809674594,0.5844255975327679,0.1460884353741496,0.7824751580849142,0.7387427953890491,0.485358641739794,0.3273373578892533,0.221601777009934,0.1426186792606465,0.1098670817866123
0.1117756238399669,0.6866183759054516,0.821599407127939,0.5861879061570657,0.1388605442176871,0.7887082204155375,0.7269452449567724,0.474580312857688,0.3228020715226918,0.2207996544702906,0.1422522595879814,0.1071727936774039
0.116106413693545,0.7018680899733128,0.8294819106649599,0.5750633329661857,0.1357142857142857,0.8011743450767841,0.7300972622478387,0.4711465089660435,0.3226182085618852,0.224254951564139,0.1465678690660369,0.1117231469285115
0.119406063105795,0.7120663362561951,0.8346021693727683,0.5673532327348827,0.133843537414966,0.8094850948509485,0.7365814121037465,0.4701926745516979,0.3221585511598689,0.2258591966434257,0.1493363732595065,0.115794515626871
0.1064136935450608,0.7039649256576439,0.8373644142019806,0.5790285273708558,0.1267006802721088,0.8074977416440831,0.7308177233429396,0.4604158718046547,0.315815279012043,0.2224347504164867,0.1453464701571533,0.1092084780265836
0.0892967622190142,0.6834731223789553,0.8339958229468436,0.5999559422843925,0.1218537414965986,0.7954832881662149,0.7164985590778098,0.4482067913010301,0.3075720896025495,0.216295427901524,0.1378552235160003,0.0975332295533469
0.0862033408950299,0.6735608082348454,0.8290103078892407,0.6073356096486396,0.1236394557823129,0.7874435411020776,0.7078530259365995,0.4435806943914536,0.3044157754420372,0.2135188498796816,0.1345574464620144,0.0939408454077355
0.0950711486904516,0.6817575295463209,0.8290103078892407,0.5978632007930388,0.1273809523809523,0.7913279132791329,0.7167687319884727,0.4474437237695536,0.30702050072013,0.2162337261677053,0.138669489455256,0.0998084061789007
0.103010930088678,0.6898589401448721,0.8295492824900625,0.5890516576715497,0.1302721088435374,0.7954832881662149,0.7267651296829972,0.4536913391835178,0.3108816228970674,0.2200283827975566,0.1432293787150883,0.1053167285355047
0.0951742627345844,0.6811856652687761,0.8285387051135215,0.5981936336600947,0.1276360544217687,0.7907859078590785,0.72289265129683,0.4531667302556276,0.3101768148806423,0.218948602455729,0.1419672665092419,0.1028020596335768
0.0812538667766549,0.6610751048417841,0.8234184464057132,0.617248595660315,0.1251700680272109,0.7777777777777778,0.7088436599423631,0.4446299122472339,0.3044464192688383,0.2137039550811378,0.1347610129468284,0.0911866842294336
0.0799133842029284,0.6544033549370948,0.8195108805497541,0.6217645115100782,0.127125850340136,0.7719963866305329,0.698757204610951,0.4395745898512019,0.3011062421475194,0.2107114209909298,0.1308932497353635,0.0860974733564842
0.0876469375128892,0.6631719405261151,0.8207235734016033,0.6126225355215332,0.1295068027210884,0.7769647696476966,0.7053314121037465,0.4437714612743228,0.3043851316152361,0.213981612883322,0.1343945932741633,0.0917854149203688
0.0947618065580531,0.6735608082348454,0.8234858182308158,0.6028196937988765,0.1306972789115646,0.7837398373983739,0.7146974063400577,0.4495898512018314,0.3086139797137867,0.2176220151786265,0.1394023288005862,0.0998084061789007
0.0840379459682408,0.670987418985894,0.8286734487637268,0.610089216874105,0.1230442176870748,0.7859981933152665,0.7098342939481268,0.44768218237314,0.3068059939325223,0.2160486209662492,0.137325950655484,0.0957969105496347
0.0704268921427098,0.6640297369424323,0.8325810146196861,0.6213239343540038,0.1149659863945578,0.7853658536585366,0.7009185878962536,0.4411007249141549,0.3022400637391598,0.2112667365952983,0.1316260890806937,0.0855586157346425
0.0700144359661785,0.6699390011437284,0.8369601832513642,0.6181297499724638,0.1119897959183673,0.7910569105691058,0.7005583573487032,0.4393838229683327,0.302331995219563,0.210464614055655,0.1304861167657356,0.0828044545563405
0.0772324190554753,0.6855699580632862,0.8433605066361247,0.605242868157286,0.110969387755102,0.802710027100271,0.7121757925072046,0.4450591377336894,0.3065301994913125,0.2146911828222373,0.1348017262437912,0.0899293497784696
0.0821818931738502,0.6952916507815478,0.8470659570167757,0.5969820464808899,0.1106292517006802,0.8098464317976514,0.7267651296829972,0.4507821442197635,0.3109735543774706,0.2194730671931881,0.1407051543033954,0.097892467967908
0.0770261909672097,0.6926229508196721,0.8485481371690358,0.6012776737526159,0.1075680272108843,0.8095754290876244,0.72703530259366,0.4500190766882869,0.3099010204394325,0.2191337076571852,0.1397280351762885,0.0956771644114477
0.0678490410393895,0.6849027830728173,0.849019739944755,0.610639938319198,0.1034863945578231,0.8062330623306232,0.7164985590778098,0.4434376192293018,0.3059173229552906,0.2155858579626088,0.1348831528377167,0.0881930307747575
0.0716642606723035,0.6860465116279069,0.8473354443171865,0.6078863310937327,0.1061224489795918,0.8056007226738933,0.714427233429395,0.443628386112171,0.3062544050501027,0.2155550070956994,0.13463887305594,0.0875943000838223
0.0845535161889049,0.7022493328250095,0.8504345482719126,0.5916951206079964,0.1095238095238095,0.8154471544715447,0.7252341498559077,0.4497806180847005,0.3102993901878467,0.2196890232615536,0.1405015878185815,0.096515387378757
0.0919777273664673,0.7151162790697674,0.8546116014282825,0.5803502588390791,0.1099489795918367,0.8242999096657634,0.7405439481268011,0.4561713086608165,0.3146508135936016,0.2241932498303202,0.1463235892842602,0.1043587594300083
0.0888843060424829,0.7080632863133816,0.851647241123762,0.5859676175790285,0.1105442176870748,0.8189701897018972,0.7419848703170029,0.454406714994277,0.3129347592927405,0.2221262417473931,0.1438400781695301,0.100526883008023
0.0769230769230769,0.6930995043842927,0.8488849962945496,0.6010573851745787,0.107312925170068,0.8100271002710027,0.7352305475504323,0.4464421976344907,0.3069285692397267,0.2160486209662492,0.1363488315283771,0.089749730571189
0.0790884718498659,0.6927182615325962,0.847200700666981,0.6001762308624298,0.1092687074829932,0.8086720867208672,0.7320785302593661,0.4442960702022129,0.3046609260564459,0.2144752267538718,0.1339467470075726,0.0875344270147287
0.0954836048669828,0.7051086542127334,0.8453142895641043,0.5842053089547307,0.1172619047619047,0.813279132791328,0.7357708933717579,0.4498283098054178,0.3084301167529801,0.2188560498550009,0.1405830144125071,0.0969943719315052
0.1011548772942874,0.7104460541364849,0.8453142895641043,0.5780372287696883,0.1195578231292517,0.8158988256549232,0.7355907780979828,0.451879053796261,0.3109122667238684,0.2218794348121182,0.1454278967510789,0.1032810441863249
0.0957929469993813,0.7010102935569956,0.8422151856093781,0.586408194735103,0.1193027210884353,0.8093044263775971,0.7259546109510088,0.4472052651659671,0.3086752673673889,0.220151786265194,0.1436365116847162,0.1010657406298646
0.0813569808207878,0.6855699580632862,0.8406656336320151,0.6030399823769137,0.1143707482993197,0.8009033423667569,0.7124459654178674,0.4381915299504006,0.3028529402751816,0.2151539458258777,0.1364709714192655,0.0920847802658364
0.0768199628789441,0.6827106366755623,0.8416088391834534,0.6071153210706024,0.1119047619047619,0.8001806684733513,0.7038004322766572,0.4337561999236932,0.2998498452486747,0.2124699204047634,0.1341503134923866,0.0892108729493473
0.0867189111156939,0.6938619900876858,0.843023647510611,0.5953298821456108,0.1150510204081632,0.8065040650406504,0.7020893371757926,0.435234643265929,0.3018110501639445,0.2146911828222373,0.1370816708737073,0.0936414800622679
0.0941431222932563,0.7006290507052991,0.8428889038604055,0.5875096376252891,0.1181972789115646,0.8095754290876244,0.702449567723343,0.4374284624189241,0.3036803235988111,0.2173135065095329,0.1403794479276931,0.0997485331098072
0.0871313672922252,0.6941479222264582,0.8429562756855082,0.5949994492785549,0.1152210884353741,0.8065040650406504,0.6923631123919309,0.4334700495993895,0.3020562007783532,0.2163879805022521,0.1398908883641397,0.0977128487606274
0.0790884718498659,0.6849027830728173,0.8416088391834534,0.6045820024231743,0.1128401360544217,0.8012646793134598,0.6760626801152738,0.4261732163296452,0.2975515582385928,0.2128709816745851,0.134842439540754,0.0901089689857502
0.0810476386883893,0.687571483034693,0.8422825574344809,0.6020486837757462,0.1131802721088435,0.8029810298102982,0.6721902017291067,0.4248378481495612,0.2968773940489688,0.212439069537854,0.1345981597589772,0.0890312537420668
0.0928026397195298,0.6978650400304993,0.8418783264838644,0.58982266769468,0.11828231292517,0.8075880758807588,0.6821865994236311,0.4299885539870278,0.2991756810590507,0.2151230949589684,0.1384659229704421,0.0954376721350736
0.0957929469993813,0.7029165078154783,0.8434952502863302,0.5853067518449169,0.1185374149659864,0.8110207768744354,0.694164265129683,0.4339469668065624,0.3009530230135139,0.2173752082433517,0.1406237277094699,0.0989701832115914
0.0819756650855846,0.6877621044605413,0.8418109546587617,0.6013878180416344,0.113860544217687,0.802710027100271,0.6917327089337176,0.4306085463563525,0.2980112156406092,0.2139507620164127,0.1365116847162283,0.0930427493713327
0.0669210146421942,0.671082729698818,0.8399245435558849,0.6191210485736315,0.108843537414966,0.7935862691960254,0.6825468299711815,0.4232640213658909,0.2931082033524347,0.2082742025050904,0.1300789837961078,0.0834630583163693
0.0656836461126005,0.6706061761341974,0.8402614026813987,0.6201123471747989,0.108078231292517,0.7935862691960254,0.684978386167147,0.4203548264021366,0.2904421904207397,0.206700808292713,0.1278397524631544,0.0808286432762543
0.0755825943493503,0.683949675943576,0.8432931348110221,0.6071153210706024,0.1102891156462584,0.8019873532068654,0.6945244956772335,0.4250763067531476,0.2935985045812521,0.2100018510520145,0.1319110821594332,0.0871751886001676
0.0821818931738502,0.6910979794128859,0.8439668530620494,0.5994052208392995,0.1125850340136054,0.8057813911472449,0.7075828530259366,0.4310377718428081,0.2967241749149634,0.212007157401123,0.1362266916374888,0.0931026224404263
0.0726954011136316,0.6809950438429279,0.843023647510611,0.6103095054521422,0.1092687074829932,0.8003613369467028,0.7056916426512968,0.4265547500953834,0.2935065731008489,0.2091997285123712,0.1328067746926146,0.0894503652257214
0.0619715405238193,0.6750857796416316,0.8459206359900289,0.6194514814406873,0.1029761904761904,0.7995483288166216,0.6981268011527378,0.4213086608164823,0.2900438206723256,0.2047880545443327,0.1269847732269359,0.0810681355526284
0.0608372860383584,0.6816622188333967,0.8512430101731456,0.6162572970591474,0.0991496598639455,0.8062330623306232,0.7009185878962536,0.4197348340328118,0.2895841632703092,0.2041710372061455,0.1262519338816057,0.0791521973416357
0.0737265415549597,0.6982462828821959,0.8546116014282825,0.5998457979953739,0.1023809523809523,0.8162601626016259,0.714877521613833,0.4282239603204884,0.2944565317316827,0.2095699389152835,0.1318296555655077,0.0880732846365704
0.0823881212621159,0.7090163934426229,0.8565653843562622,0.5889415133825311,0.1047619047619047,0.8226738934056008,0.7287463976945245,0.4359977107974056,0.2989305304446419,0.2141667180847782,0.1376109437342235,0.0963357681714764
0.0749639100845535,0.7013915364086922,0.8560264097554402,0.5973124793479457,0.1020408163265306,0.8187895212285455,0.7243335734870318,0.4332315909958031,0.2972144761437809,0.2122848152033072,0.135412425698233,0.0927433840258651
0.0631057950092802,0.6892870758673274,0.8552179478542073,0.610639938319198,0.0976190476190476,0.8124661246612467,0.7119056195965419,0.4257439908431896,0.2926485459504183,0.2073486764978096,0.1297532774204055,0.0837624236618369
0.0639307073623427,0.6905261151353411,0.8554874351546182,0.6094283511399934,0.0977891156462584,0.813279132791328,0.7096541786743517,0.4238363220144983,0.2910857107835627,0.2054667736163386,0.1275547593844149,0.081487247036283
0.0777479892761393,0.7064430041936713,0.8577780772081116,0.5929067077872012,0.1020408163265306,0.8223125564588979,0.7170389048991356,0.4278901182754674,0.2936291484080532,0.208243351638181,0.1314225225958798,0.0885522691893186
0.0864095689832955,0.713495996950057,0.8571043589570841,0.5842053089547307,0.1060374149659864,0.8252032520325204,0.7220821325648417,0.4298931705455933,0.2957129286305274,0.2098784475843771,0.1351681459164563,0.0945994491677643
0.0803258403794596,0.7072054898970643,0.8565653843562622,0.5911443991629033,0.1038265306122449,0.8218608852755195,0.7203710374639769,0.4276039679511637,0.2937823675420587,0.2075646325661751,0.132521781613875,0.0914860495749012
0.0721798308929676,0.6988181471597407,0.8560264097554402,0.6002863751514483,0.1008503401360544,0.8175248419150857,0.7093840057636889,0.4218809614650896,0.2901051083259278,0.2038933794039612,0.1277990391661916,0.0838222967309304
0.0753763662610847,0.703393061380099,0.8571043589570841,0.5958806035907038,0.1014455782312925,0.8204155374887082,0.7065021613832853,0.4213563525371995,0.2902583274599332,0.2044795458752391,0.1280433189479684,0.0834031852472757
0.0852753144978346,0.711971025543271,0.8567674998315704,0.5857473290009912,0.10578231292517,0.8242999096657634,0.7129863112391932,0.4264593666539489,0.2924646829896118,0.2072252730301721,0.1317075156746193,0.0894503652257214
0.0928026397195298,0.7186427754479603,0.8565653843562622,0.577816940191651,0.1090136054421768,0.8272809394760614,0.7145172910662825,0.4281285768790538,0.2939662305028652,0.2099401493181958,0.1353717124012702,0.0949586875823254
0.0886780779542173,0.7070148684712161,0.8509735228727346,0.5867386276021588,0.1107993197278911,0.81806684733514,0.7025396253602306,0.4218332697443724,0.2909937793031594,0.2073486764978096,0.1318703688624704,0.0904682074003113
0.0791915858939987,0.6920510865421272,0.8466617260661591,0.6005066637294856,0.1096088435374149,0.8080397470641373,0.6784041786743517,0.411674933231591,0.2846811509821347,0.2013327574504843,0.1246641153000569,0.0810681355526284
0.07960404207053,0.691860465116279,0.8462574951155426,0.6002863751514483,0.1100340136054421,0.8076784101174346,0.667056916426513,0.4080026707363601,0.2819844942236387,0.1991114950330104,0.1220584642944385,0.0777751167524847
0.0873375953804908,0.6994853221502096,0.8465943542410564,0.5918052648970151,0.1130102040816326,0.8115627822944895,0.6767831412103746,0.4151087371232353,0.2860294793613827,0.2019497747886716,0.1262519338816057,0.0834031852472757
0.0913590431016704,0.7003431185665268,0.8445058276628713,0.5891618019605683,0.1159863945578231,0.8104787714543813,0.6893912103746398,0.4215471194200686,0.289859957711519,0.2052508175479731,0.1301196970930705,0.0884325230511316
0.0849659723654361,0.689668318719024,0.841204608232837,0.5987443551051878,0.1154761904761904,0.8032520325203253,0.6846181556195966,0.420927127050744,0.2890632182146907,0.2044795458752391,0.1294275710447031,0.0866363309783259
0.0736234275108269,0.680423179565383,0.8420804419591726,0.6101993611631237,0.110204081632653,0.7994579945799458,0.6739012968299712,0.4146795116367799,0.285447246652162,0.2011785031159376,0.1249083950818337,0.079990420308945
0.0678490410393895,0.6849980937857414,0.8490871117698578,0.6105297940301795,0.1034863945578231,0.806323396567299,0.6726404899135447,0.4100534147272034,0.2826893022400638,0.1993583019682853,0.1230355834215454,0.0760387977487726
0.0720767168488348,0.7107319862752572,0.8645152597183857,0.5934574292322943,0.0954081632653061,0.8289069557362241,0.6804755043227666,0.4088134299885539,0.2833634664296878,0.2022582834577652,0.1264962136633824,0.0791521973416357
0.059393689420499,0.7488562714449104,0.899683352422017,0.5782575173477255,0.0680272108843537,0.8704607046070459,0.6882204610951009,0.4005150705837467,0.2830263843348757,0.2049731597457889,0.1282061721358195,0.0781343551670458
0.023406888018148,0.77306519252764,0.9403759347840732,0.5834342989316004,0.0275510204081632,0.9092140921409212,0.6873198847262249,0.3805799313239222,0.2751509208469954,0.2023508360584932,0.1226691637488803,0.0654412645192192
0.0085584656630232,0.7619138391155166,0.94226234588695,0.5978632007930388,0.0201530612244898,0.9052393857271904,0.6983069164265131,0.3832983594048073,0.2822602886648485,0.2133954464120442,0.1296311375295171,0.062208118788169
0.0569189523613116,0.7645825390773924,0.912483999191538,0.5704372728274039,0.0589285714285714,0.8865401987353206,0.7468479827089338,0.4454406714994277,0.340422271933319,0.2762695131733202,0.1892354042830388,0.1162136271105256
0.1734378222313879,0.7644872283644681,0.8362864650003369,0.5083158938209054,0.1550170068027211,0.8354110207768743,0.8131304034582134,0.5515070583746662,0.4466644194527013,0.3937187634972543,0.3028662161061802,0.2294336007663752
0.3303773974015261,0.7582920320243995,0.7294347503873879,0.4280207071263354,0.2871598639455782,0.7608852755194219,0.8147514409221902,0.6589565051507059,0.5795054086354305,0.5467082125007713,0.4491490920934777,0.3785774158783379
0.5045370179418437,0.7621044605413649,0.6182712389678636,0.332745897125234,0.4291666666666666,0.6880758807588075,0.7610770893371759,0.7697443723769554,0.7305181871112065,0.7133337446782255,0.6053660125396955,0.541432163812717
0.6720973396576613,0.7886008387342737,0.5275887623795729,0.2279986782685317,0.5554421768707481,0.6398373983739837,0.6837175792507205,0.8565433040824113,0.8429810314712102,0.8333436169556365,0.7261216513313248,0.6824931145970542
0.8343988451227058,0.818337781166603,0.4424981472748097,0.1241326137239783,0.6761054421768706,0.5969286359530263,0.5517831412103748,0.8817722243418543,0.8733490638310913,0.8601221694329612,0.7847080856607768,0.7870913663034367
0.9259641163126416,0.8066145634769347,0.3743852320959374,0.0820574953188676,0.7568027210884353,0.5457091237579041,0.4236311239193083,0.8490080122090806,0.8508871387858917,0.8137533164681927,0.7680156339060337,0.8182852353011614
0.8371829243142918,0.7093976362943194,0.3636057400794987,0.1855931269963651,0.7270408163265305,0.4924119241192412,0.3480727665706052,0.7027375047691722,0.7133576441025956,0.6644042697599802,0.6356567054800097,0.7105137109328223
0.6178593524438029,0.6165650019062142,0.4414201980731658,0.3563167749752175,0.5874999999999999,0.5006323396567299,0.2101945244956772,0.3996566196108355,0.4215364814758067,0.4116431171715926,0.4103900333849034,0.4947910429888636
0.3528562590224788,0.6412504765535645,0.6318803476386176,0.4836435730807357,0.3579931972789115,0.6399277326106595,0.1016750720461095,0.1104063334605113,0.123372046701192,0.1380576294193867,0.1506391987623157,0.2264998203807927
0.2243761600329964,0.6919557758292031,0.7517348244963956,0.522965084260381,0.2294217687074829,0.7443541102077689,0.0932096541786743,0.0281381152231972,0.0144638862501149,0.0253902634664034,0.0301685530494259,0.0887917614656927
0.2173644050319653,0.7294128860083873,0.7827932358687597,0.5051217094393655,0.2068877551020408,0.7829268292682928,0.2384726224783862,0.1567626859977108,0.1024423129960469,0.0843771209971,0.0653448416252748,0.0992096754879655
0.1931326046607547,0.7520015249714068,0.8145927373172539,0.505011565150347,0.1768707482993197,0.8149051490514906,0.4239913544668588,0.2982163296451736,0.2049765574724971,0.1567224038995496,0.1151372038107645,0.1205843611543527
0.1413693545060837,0.7399923751429659,0.8399245435558849,0.5395968719021919,0.1395408163265306,0.826196928635953,0.5440381844380403,0.3780522701259061,0.260196733368063,0.1903806996976615,0.127717612572266,0.1059753322955334
0.1171375541348731,0.7052992756385816,0.8312335781176312,0.5725300143187575,0.1350340136054421,0.8039747064137308,0.599963976945245,0.411674933231591,0.2833021787760856,0.2002529771086568,0.1271069131178242,0.0912465572985271
0.1127036502371623,0.6906214258482652,0.8237553055312268,0.5833241546425817,0.1379251700680272,0.7920505871725384,0.633735590778098,0.4211655856543304,0.2892777250022983,0.2010859505152095,0.1253562413484243,0.086756077116513
0.115590843472881,0.6977697293175752,0.8269217813110558,0.5777067959026324,0.1370748299319727,0.7975609756097561,0.664985590778098,0.4276993513925982,0.293230778659639,0.2026593447275869,0.1271069131178242,0.0901688420548437
0.1069292637657248,0.6935760579489133,0.8296166543151653,0.5847560303998237,0.1318877551020408,0.797289972899729,0.6867795389048992,0.4309900801220908,0.2940275181564674,0.2021348799901277,0.1260890806937545,0.0885522691893186
0.0897092183955454,0.6718452154022111,0.8255069729838981,0.6064544553364908,0.1273809523809523,0.784281842818428,0.6898414985590778,0.4287485692483785,0.289859957711519,0.1965200222126242,0.1173764351437179,0.077236259130643
0.0720767168488348,0.6526877621044604,0.8234858182308158,0.6269412930939531,0.121343537414966,0.7738934056007226,0.6838076368876082,0.4220717283479588,0.2833634664296878,0.1882211390140063,0.1068316912303558,0.0626871033409172
0.0635182511858115,0.6491612657262675,0.8265175503604392,0.6336600947240885,0.1159013605442176,0.7741644083107498,0.6850684438040346,0.4179225486455551,0.2808813164587994,0.1838094650459678,0.1028010748310398,0.0571189079152197
0.0680552691276551,0.661742279832253,0.8325136427945833,0.6239673972904505,0.1139455782312925,0.7841915085817526,0.7034402017291067,0.4246947729874094,0.2847730824625379,0.1869562534707225,0.1052845859457698,0.0596335768171476
0.0709424623633739,0.6691765154403354,0.8358822340497204,0.6181297499724638,0.1130102040816326,0.7899728997289972,0.7168587896253603,0.4321823731400229,0.2884196978518678,0.1902572962300241,0.1082566566240534,0.0632858340318524
0.0554753557434522,0.6537361799466259,0.8350737721484874,0.6353122590593677,0.1072278911564625,0.7821138211382113,0.716228386167147,0.4309900801220908,0.2871020132994208,0.1879126303449127,0.1048367396791792,0.0570590348461262
0.0395957929469993,0.6377239801753716,0.8340631947719462,0.652935345302346,0.1012755102040816,0.773803071364047,0.7129863112391932,0.4266978252575353,0.284129562099715,0.1843956315172457,0.0995440110740167,0.048437312896659
0.0393895648587337,0.6391536408692337,0.8353432594488984,0.6522744795682344,0.1003401360544217,0.7753387533875339,0.7187500000000001,0.4271270507439909,0.284803726289339,0.184087122848152,0.0977933393046168,0.0454436594419829
0.0439265828005774,0.649542508577964,0.8396550562554739,0.6439035136028196,0.0994897959183673,0.7831978319783198,0.7361311239193085,0.4353300267073636,0.2892164373486962,0.1882211390140063,0.1027196482371142,0.0526883008022991
0.0429985564033821,0.6499237514296605,0.8405308899818096,0.6441238021808569,0.0985544217687075,0.784010840108401,0.7475684438040345,0.4406714994276994,0.2918518064535899,0.1900721910285679,0.1057324322123605,0.0569991617770326
0.031037327283976,0.6341974837971788,0.8372296705517752,0.6596541469324815,0.0957482993197279,0.7743450767841011,0.7427053314121038,0.4358069439145364,0.2878068213158459,0.1853211575245264,0.0998290041527562,0.0493952820021554
0.0225819756650855,0.6218070911170415,0.8339958229468436,0.6713294415684546,0.0943027210884353,0.7663053297199639,0.73532060518732,0.429845478824876,0.28342475408329,0.1803541679521194,0.0930705968569334,0.0409531792599688
0.0207259228706949,0.6222836446816622,0.8355453749242067,0.6719903073025663,0.092517006802721,0.7675700090334238,0.7385626801152738,0.428510110644792,0.2816780559556277,0.1784414142037391,0.0903428059604266,0.0379595258052927
0.0300061868426479,0.6319100266869995,0.8363538368254395,0.6615265998457979,0.0958333333333333,0.7726287262872629,0.7500000000000001,0.4328500572300648,0.2849263015965434,0.1809403344233973,0.0935591564204869,0.0435277212309903
0.0355743452258197,0.6368661837590543,0.836219093175234,0.6556889525278115,0.0982142857142857,0.7748870822041553,0.7552233429394812,0.4357115604731019,0.2875310268746361,0.1835318072437836,0.0973454930380262,0.048437312896659
0.0269127655186636,0.6256195196340067,0.8338610792966381,0.6667033814296728,0.096173469387755,0.7680216802168021,0.7477485590778098,0.4327069820679131,0.2847117948089358,0.1804158696859382,0.0932741633417474,0.042809244401868
0.0173231594143122,0.6189477697293174,0.8354106312740012,0.6757352131291993,0.0912414965986394,0.7658536585365853,0.7368515850144093,0.4265070583746662,0.2803603714031808,0.1763127043869933,0.0873300219851803,0.0343671416596814
0.0218601773561559,0.6283835303088067,0.839116081654652,0.667804824319859,0.0908163265306122,0.7728093947606143,0.7320785302593661,0.4254578405188859,0.280758741151595,0.1753871783797125,0.0869228890155524,0.0336486648305592
0.032687151990101,0.6443004193671368,0.8432931348110221,0.652935345302346,0.0926020408163265,0.7831978319783198,0.7425252161383287,0.4326115986264784,0.2855391781325652,0.1795828962793854,0.09258203729338,0.0419111483654652
0.0380490822850072,0.6561189477697292,0.8481439062184194,0.6431325035796893,0.0917517006802721,0.7920505871725384,0.7532420749279539,0.438096146508966,0.2890325743878896,0.1830073425063244,0.0968569334744727,0.0465213746856663
0.0303155289750464,0.6512581014105985,0.8497608300208852,0.650071593787862,0.0874999999999999,0.7907859078590785,0.7453170028818444,0.4356638687523846,0.2868262188582111,0.1805084222866662,0.093722009608338,0.0423302598491198
0.0211383790472262,0.640869233701868,0.8483460216937276,0.6610860226897236,0.0846088435374149,0.784914182475158,0.7318984149855908,0.4288916444105303,0.282413507798854,0.1756339853149873,0.0874114485791059,0.0348461262124296
0.0243349144153433,0.6439191765154403,0.8485481371690358,0.6575614054411278,0.0858843537414966,0.786449864498645,0.7306376080691643,0.430513162914918,0.2827505898936659,0.1760967483186278,0.0865157560459246,0.0342473955214944
0.0423798721385852,0.654498665650019,0.8441689685373577,0.641810772111466,0.0960884353741496,0.7885275519421862,0.742885446685879,0.441959175887066,0.2893696564827016,0.182112667365953,0.0938441494992264,0.044306071129206
0.0546504433903897,0.6575486084635912,0.838307619753419,0.6335499504350699,0.1048469387755102,0.7860885275519421,0.7558537463976945,0.4521175123998474,0.2945178193852849,0.1859073239958043,0.0988925983226121,0.0514908394204286
0.0494947411837492,0.6446816622188333,0.8325810146196861,0.6436832250247824,0.1062925170068027,0.7761517615176151,0.7568443804034583,0.4534051888592141,0.2945484632120859,0.1838403159128772,0.0962055207230681,0.048197820620285
0.0417611878737884,0.630099123141441,0.8273260122616721,0.6562396739729045,0.1064625850340136,0.7656729900632341,0.7542327089337176,0.4524990461655856,0.2928630527380259,0.1799839575492071,0.0910756453057568,0.0417914022272781
0.0450608372860383,0.6338162409454822,0.8277976150373914,0.6522744795682344,0.1074829931972788,0.7678410117434509,0.7646793948126802,0.4588420450209844,0.2948549014800969,0.1794286419448386,0.0906685123361289,0.0419710214345587
0.0619715405238193,0.6457300800609987,0.8251701138583843,0.6364137019495539,0.116156462585034,0.7716350496838302,0.7826008645533141,0.4714326592903473,0.3016271872031379,0.1837477633121491,0.0965719403957332,0.0504131241767453
0.0754794803052175,0.6512581014105985,0.8202519706258843,0.6260601387818041,0.1247448979591836,0.7710027100271003,0.7904358789625361,0.4784433422357879,0.3045077069224405,0.1853211575245264,0.0999104307466818,0.0556819542569752
0.0691895236131161,0.6439191765154403,0.8191740214242403,0.6335499504350699,0.1228741496598639,0.766847335140018,0.785842939481268,0.4780141167493323,0.3028529402751816,0.1822052199666811,0.0962869473169937,0.051191474074961
0.0560940400082491,0.6325772016774684,0.8197129960250623,0.6470976979843595,0.1170918367346938,0.7617886178861788,0.7840417867435159,0.4757249141549027,0.3009530230135139,0.1774541864626396,0.0891621203485058,0.0420308945036522
0.0600123736852959,0.6328631338162408,0.8172876103213635,0.6448948122039873,0.1202380952380952,0.7603432700993678,0.7951188760806917,0.4831171308660816,0.3034658168112034,0.1774541864626396,0.0885921341910267,0.0407735600526883
0.0688801814807176,0.6406786122760197,0.8171528666711582,0.6356426919264236,0.1240646258503401,0.76386630532972,0.8165525936599425,0.4985692483784815,0.3108816228970674,0.1822052199666811,0.0948212686263333,0.048437312896659
0.0754794803052175,0.6418223408311093,0.8136495317658156,0.6314572089437162,0.1289115646258503,0.7621499548328816,0.8331231988472624,0.5093475772605875,0.3163668678944627,0.1851052014561609,0.0988518850256493,0.0543647467369177
0.0698082078779129,0.6290507052992755,0.8082597857575962,0.6419209164004847,0.130017006802721,0.752393857271906,0.8303314121037465,0.5092998855398703,0.3156927037048387,0.1819892638983155,0.0954726813777379,0.0515507124895222
0.0584656630233037,0.6125619519634006,0.8040153607761235,0.6574512611521093,0.1279761904761905,0.7417344173441734,0.8160122478386167,0.504530713468142,0.3123218827567187,0.1764978095884494,0.0898135330999104,0.0453837863728894
0.0613528562590224,0.6078917270301181,0.7988277302432122,0.6586628483313139,0.1324829931972788,0.7360433604336043,0.8156520172910664,0.5066768409004198,0.313118622253547,0.1760041957178997,0.0900578128816871,0.0462818824092923
0.0818725510414518,0.6185665268776209,0.7930337532843764,0.6414803392444102,0.1446428571428571,0.7372177055103885,0.8251981268011527,0.5201735978634109,0.3211473048754328,0.1824211760350466,0.0982818988681703,0.0596335768171476
0.0946586925139204,0.622188333968738,0.7871724045004379,0.6325586518339024,0.1535714285714285,0.7350496838301717,0.8288904899135447,0.529616558565433,0.3273986455428554,0.1879126303449127,0.1051624460548815,0.0695126332175787
0.0931119818519282,0.6152306519252763,0.7832648386444789,0.6374050005507214,0.1554421768707483,0.7291779584462511,0.8170028818443805,0.5271842808088516,0.3290227683633132,0.1900104892947492,0.106994544418207,0.0696922524248593
0.0912559290575376,0.6158025162028211,0.7848143906218419,0.6380658662848331,0.153656462585034,0.7304426377597109,0.797370317002882,0.5230827928271652,0.3299114393405449,0.1916455852409453,0.1080123768422766,0.0699916177703269
0.1019797896473499,0.633720930232558,0.790540995755575,0.6219848000881154,0.1544217687074829,0.7428184281842819,0.7905259365994236,0.5245135444486837,0.3341096436122943,0.1972912938853582,0.1144857910593599,0.0770566399233624
0.1195091771499278,0.6623141441097978,0.7992993330189314,0.5961008921687411,0.1562074829931972,0.7621499548328816,0.7943984149855909,0.5296642502861504,0.3408206416817332,0.2072252730301721,0.1276768992753033,0.0917255418512753
0.1320890905341307,0.6848074723598931,0.806979721080644,0.5763850644344091,0.1564625850340135,0.7780487804878048,0.7874639769452451,0.5284719572682183,0.3447124076854718,0.2162028753007959,0.1379773634068886,0.1036402826008861
0.1259022478861621,0.6868089973313,0.8124368389139662,0.5785879502147814,0.1505102040816326,0.7825654923215899,0.7673811239193085,0.5144028996566197,0.34072871020133,0.2184549885851792,0.139646608582363,0.1041192671536342
0.1159001856052794,0.6850934044986655,0.8177592130970828,0.5848661746888423,0.1430272108843537,0.7853658536585366,0.7441462536023055,0.4979015642884395,0.3334048355958692,0.2175603134448078,0.1377330836251119,0.0983115794515626
0.1156939575170138,0.6935760579489133,0.8238900491814324,0.580129970261042,0.1390306122448979,0.7934959349593496,0.7329791066282422,0.4866463181991606,0.3299114393405449,0.2190103041895477,0.1406644410064327,0.1019638366662675
0.1299236956073417,0.7158787647731604,0.8304251162163983,0.559532988214561,0.1408163265306122,0.8084914182475158,0.7335194524495677,0.4826879053796261,0.3296662887261362,0.223915592028136,0.1478299812718833,0.1101664471320799
0.1295112394308104,0.7296035074342355,0.8403287745065013,0.5519330322722766,0.134438775510204,0.8215898825654923,0.7294668587896254,0.4768695154521175,0.3275518646768608,0.2259826001110631,0.1516163178894226,0.1133397197940366
0.1119818519282326,0.7261723217689667,0.849289227245166,0.5631677497521753,0.1215136054421768,0.8260162601626015,0.7191102305475505,0.4638496756962991,0.3204118530322067,0.2231134694884926,0.1480742610536601,0.1074122859537779
0.0978552278820375,0.7124475791078916,0.8488849962945496,0.5786980945037999,0.1159863945578231,0.8191508581752484,0.7072226224783863,0.452212895841282,0.3115864309134925,0.2172518047757142,0.1404608745216187,0.096515387378757
0.1022891317797484,0.7136866183759053,0.8467964697163646,0.5756140544112788,0.119047619047619,0.8184281842818428,0.7079430835734871,0.4480637161388783,0.3084301167529801,0.2152156475596964,0.1385066362674049,0.0936414800622679
0.1102289131779748,0.7303659931376285,0.8534662804015359,0.5617358739949333,0.1181122448979591,0.8308039747064138,0.7206412103746399,0.4543590232735597,0.312444458063923,0.2203060405997408,0.1447357707027114,0.1017842174589869
0.1137347906784904,0.7381814715974074,0.8567001280064677,0.5553475052318537,0.117517006802721,0.8366757000903342,0.7271253602305475,0.4563143838229683,0.3138847179235743,0.2226507064848522,0.1482371142415112,0.1074721590228715
0.1047638688389358,0.7251239039268013,0.8533315367513306,0.5676836656019385,0.1159863945578231,0.8281842818428183,0.7185698847262249,0.4482544830217475,0.3082462537921736,0.2178071203800827,0.1423336861819069,0.0988504370734043
0.0912559290575376,0.7092070148684712,0.8509735228727346,0.584095164665712,0.1119047619047619,0.8190605239385726,0.7101044668587896,0.438763830599008,0.3014433242423314,0.2113284383291171,0.1340281736014982,0.0873548078074482
0.0930088678077954,0.708444529165078,0.8492218554200633,0.5836545875096376,0.1137755102040816,0.8175248419150857,0.7081231988472623,0.4349961846623426,0.2977047773725983,0.2079039921021781,0.1299161306082566,0.0839420428691174
0.1022891317797484,0.7139725505146778,0.8470659570167757,0.5755039101222601,0.1188775510204081,0.8186991869918699,0.7159582132564842,0.4361407859595574,0.2981031471210125,0.2086752637749121,0.1320332220503216,0.0889115076038797
0.0994019385440296,0.7073961113229126,0.8443037121875632,0.5807908359951536,0.1194727891156462,0.8137308039747064,0.7235230547550432,0.4367607783288821,0.2971225446633776,0.2084284568396372,0.1322775018320983,0.0902885881930307
0.0857908847184986,0.688333968738086,0.8397224280805766,0.5990747879722436,0.1167517006802721,0.8016260162601626,0.7130763688760807,0.4286054940862266,0.291514724358778,0.2031529585981366,0.1257226610210894,0.0805891509998802
0.0710455764075067,0.674609226077011,0.8396550562554739,0.6148254213019055,0.1107142857142857,0.7951219512195122,0.7047910662824207,0.4210702022128958,0.2862439861489902,0.1980934164250015,0.1197378063675596,0.0712489522212908
0.0740358836873582,0.6771826153259626,0.8395203126052685,0.6118515254984029,0.1119897959183673,0.7962059620596205,0.7074927953890491,0.4216901945822205,0.2869794379922165,0.1993583019682853,0.1214477648399967,0.0736438749850317
0.0876469375128892,0.689668318719024,0.8394529407801656,0.5973124793479457,0.1176870748299319,0.8020776874435411,0.7192903458213257,0.4303223960320488,0.2925566144700151,0.2058986857530697,0.1294275710447031,0.0840019159382109
0.0887811919983501,0.6903354937094929,0.8391834534797548,0.5963211807467782,0.11828231292517,0.8022583559168925,0.72703530259366,0.434042350247997,0.295590353323323,0.2086444129080027,0.1343538799772005,0.0900490959166566
0.0754794803052175,0.6759435760579489,0.8377012733274944,0.6117413812093843,0.1137755102040816,0.7943992773261066,0.7165886167146975,0.4282239603204884,0.2913002175711703,0.2044178441414204,0.1294275710447031,0.0844210274218656
0.0649618478036708,0.6687952725886389,0.8395203126052685,0.6214340786430222,0.1083333333333333,0.7922312556458898,0.6980367435158502,0.419925600915681,0.287163300953023,0.2005923366446597,0.1227505903428059,0.0777751167524847
0.0747576819962878,0.6745139153640868,0.8372296705517752,0.612952968388589,0.1137755102040816,0.7934056007226739,0.6876801152737753,0.4189240747806181,0.2867036435510067,0.2010242487813908,0.1226691637488803,0.0776553706142977
0.086100226850897,0.6851887152115897,0.837297042376878,0.6007269523075228,0.1184523809523809,0.7984643179765131,0.6913724783861672,0.424456314383823,0.2903502589403365,0.2048189054112421,0.1275954726813777,0.0840617890073045
0.0909465869251392,0.6901448722836446,0.8375665296772888,0.5953298821456108,0.1202380952380952,0.8009936766034327,0.6935338616714698,0.4280331934376192,0.2927711212576226,0.2071018695625347,0.1308118231414379,0.088252903843851
0.0811507527325221,0.6859512009149827,0.8410698645826314,0.6029298380878951,0.1139455782312925,0.8013550135501355,0.6837175792507205,0.4242655475009538,0.2907486286887507,0.205158264947245,0.1285318785115218,0.0837624236618369
0.0751701381728191,0.6834731223789553,0.8431583911608166,0.6075558982266769,0.110204081632653,0.8016260162601626,0.6747118155619597,0.4180179320869897,0.2877761774890449,0.2021040291232184,0.1240534158456151,0.0775356244761106
0.0802227263353268,0.6945291650781547,0.8478070470929057,0.5984139222381318,0.1093537414965986,0.8100271002710027,0.6802953890489913,0.4206886684471576,0.2894922317899059,0.2042018880730549,0.1266183535542708,0.0803496587235061
0.0972365436172406,0.7139725505146778,0.8503671764468099,0.5781473730587069,0.1147108843537414,0.8208672086720867,0.6966858789625361,0.4308470049599389,0.295927435418135,0.2102795088541988,0.1344353065711261,0.0914261765058076
0.103010930088678,0.7209302325581394,0.8515124974735566,0.5709879942724969,0.1164115646258503,0.8250225835591688,0.7103746397694525,0.4372853872567722,0.2997272699414703,0.2135188498796816,0.1376516570311863,0.0962160220332894
0.0907403588368735,0.7072054898970643,0.849828201845988,0.585527040422954,0.1124149659863945,0.8173441734417345,0.7037103746397695,0.4349961846623426,0.2981950786014158,0.2115135435305732,0.133865320413647,0.0907675727457789
0.0812538667766549,0.6956728936332442,0.8478744189180084,0.5973124793479457,0.1097789115646258,0.8105691056910569,0.6980367435158502,0.4282239603204884,0.2946710385192903,0.2079348429690874,0.128694731699373,0.082744581487247
0.0824912353062487,0.694052611513534,0.8459206359900289,0.5975327679259831,0.1114795918367346,0.8084914182475158,0.704971181556196,0.429511636779855,0.2953145588821132,0.208582711174184,0.1305675433596612,0.0832235660399952
0.0936275520725922,0.7017727792603887,0.8441015967122548,0.5871792047582333,0.1171768707482993,0.8109304426377596,0.7186599423631124,0.4360454025181228,0.2993595440198572,0.2125624730054914,0.1361452650435632,0.0903484612621243
0.1018766756032171,0.7103507434235606,0.8447753149632823,0.5777067959026324,0.1201530612244898,0.8154471544715447,0.7267651296829972,0.4397653567340709,0.3026384334875739,0.2164188313691614,0.1404608745216187,0.0971739911387857
0.091049700969272,0.7092070148684712,0.8510408946978374,0.5842053089547307,0.111734693877551,0.8191508581752484,0.7191102305475505,0.4361884776802747,0.3007385162259063,0.2147220336891467,0.1372445240615585,0.0920847802658364
0.0768199628789441,0.7065383149065954,0.858451795459139,0.5933472849432756,0.1011904761904761,0.822854561878952,0.7067723342939483,0.4282716520412056,0.2956209971501241,0.2100635527858333,0.1305675433596612,0.0846605196982397
0.0847597442771705,0.7205489897064429,0.8631678232163309,0.5810111245731909,0.1015306122448979,0.8326106594399277,0.7112752161383287,0.4285578023655094,0.2966628872613612,0.2107422718578392,0.1319110821594332,0.0862172194946712
0.1018766756032171,0.7317956538314906,0.8599339756113993,0.5653706355325475,0.1106292517006802,0.8357723577235773,0.7227125360230549,0.4361407859595574,0.3015046118959336,0.2152156475596964,0.1377737969220747,0.0948389414441384
0.1020829036914827,0.7203583682805946,0.8517146129488647,0.5718691485846458,0.1159013605442176,0.8248419150858175,0.7234329971181557,0.4368084700495994,0.3015352557227347,0.2151539458258777,0.1385473495643677,0.0969344988624116
0.0854815425861002,0.6943385436523064,0.8441689685373577,0.5957704593016852,0.1137755102040816,0.8074977416440831,0.714877521613833,0.428510110644792,0.295253271228511,0.2100018510520145,0.1323996417229867,0.0884325230511316
0.0754794803052175,0.6779451010293556,0.839116081654652,0.610639938319198,0.1129251700680272,0.7962962962962963,0.7034402017291067,0.4211178939336131,0.2901357521527289,0.2046029493428765,0.1260076540998289,0.0804095317925996
0.0790884718498659,0.6767060617613418,0.8358822340497204,0.6093182068509747,0.1164115646258503,0.7934959349593496,0.7037103746397695,0.4213563525371995,0.2895841632703092,0.2048806071450608,0.1258448009119778,0.080110166447132
0.0918746133223345,0.6821387723980175,0.8313683217678367,0.5994052208392995,0.1245748299319727,0.7930442637759711,0.7109149855907781,0.4251239984738649,0.2920969570679986,0.2080890973036342,0.1305675433596612,0.0866962040474194
0.0950711486904516,0.680423179565383,0.8280671023378023,0.5987443551051878,0.127891156462585,0.790063233965673,0.7187500000000001,0.4277470431133156,0.2937517237152576,0.209785894983649,0.1333360475531308,0.0899892228475631
0.0802227263353268,0.6676515440335493,0.8287408205888297,0.6139442669897566,0.1214285714285714,0.7844625112917797,0.7127161383285304,0.4225963372758489,0.2904421904207397,0.2062071944221633,0.1282875987297451,0.0833433121781822
0.0691895236131161,0.6578345406023637,0.8290776797143434,0.6255094173367111,0.1166666666666666,0.7800361336946703,0.7048811239193085,0.4153471957268219,0.2856617534397696,0.201641266119578,0.1221398908883641,0.075978924679679
0.0731078572901629,0.6656500190621425,0.8320420400188641,0.6189007599955942,0.1164115646258503,0.7857271906052394,0.7009185878962536,0.4159671880961465,0.2856311096129685,0.2010550996483001,0.1239312759547268,0.0775954975452041
0.0845535161889049,0.6765154403354936,0.8321767836690694,0.6065645996255093,0.1210034013605442,0.79096657633243,0.6998378962536024,0.4185425410148798,0.2879600404498514,0.2040476337385081,0.1288575848872241,0.0845407735600526
0.0903279026603423,0.6815669081204727,0.8319746681937613,0.6005066637294856,0.1235544217687075,0.7932249322493226,0.6906520172910664,0.4179225486455551,0.2890325743878896,0.2058678348861603,0.1310561029232147,0.0883127769129445
0.0835223757475768,0.6809950438429279,0.8360169776999259,0.6044718581341557,0.1181122448979591,0.7956639566395663,0.6699387608069165,0.411007249141549,0.2856617534397696,0.2029061516628617,0.1271069131178242,0.0834031852472757
0.0785729016292019,0.6795653831490659,0.8382402479283163,0.6079964753827514,0.1147108843537414,0.7964769647696477,0.6584113832853026,0.4073826783670355,0.282107069530843,0.1996668106373789,0.1231984366093966,0.0781343551670458
0.0876469375128892,0.6914792222645825,0.8407330054571178,0.5963211807467782,0.1168367346938775,0.8037940379403794,0.6630043227665707,0.4104826402136589,0.2836392608708976,0.2017029678533967,0.1257226610210894,0.0810681355526284
0.1032171581769437,0.7125428898208158,0.8454490332143098,0.5757241987002973,0.1203231292517006,0.8169828364950316,0.675342219020173,0.4165394887447539,0.2891245058682928,0.2071944221632628,0.1322367885351355,0.0890911268111603
0.1016704475149515,0.7159740754860845,0.8488849962945496,0.5746227558101111,0.117517006802721,0.8208672086720867,0.681286023054755,0.4201163677985502,0.2924033953360096,0.2098475967174678,0.1358195586678609,0.0938210992695485
0.0941431222932563,0.7070148684712161,0.847470187967392,0.5837647317986562,0.1153061224489795,0.8157181571815718,0.6743515850144093,0.41520412056467,0.289155149695094,0.2064540013574382,0.1316668023776565,0.0880134115674769
0.0898123324396782,0.7018680899733128,0.8465943542410564,0.5891618019605683,0.1141156462585034,0.8126467931345981,0.6634546109510087,0.4095288057993133,0.2843747127141238,0.2021040291232184,0.1255190945362755,0.0806490240689737
0.1001237368529593,0.7118757148303468,0.8469985851916728,0.577816940191651,0.1180272108843537,0.8177055103884373,0.6663364553314122,0.4112933994658527,0.2854166028253608,0.2029061516628617,0.1267812067421219,0.0820859777272182
0.1116725097958342,0.726362943194815,0.8496934581957825,0.5632778940411939,0.1210884353741496,0.8263775971093044,0.6784041786743517,0.4185425410148798,0.2894922317899059,0.2069167643610786,0.1320332220503216,0.0889115076038797
0.110125799133842,0.7326534502478078,0.8550832042040017,0.56041414252671,0.1170918367346938,0.8328816621499547,0.6856087896253603,0.4211178939336131,0.2913615052247725,0.2087369655087308,0.1345981597589772,0.0910669380912465
0.0974427717055063,0.7245520396492565,0.8577107053830088,0.5718691485846458,0.110204081632653,0.8308039747064138,0.6765129682997119,0.4158241129339947,0.2879906842766525,0.2051274140803357,0.1293461444507776,0.0834630583163693
0.0867189111156939,0.7131147540983606,0.8565653843562622,0.5842053089547307,0.1064625850340136,0.8246612466124661,0.6661563400576369,0.4071919114841663,0.2829344528544725,0.1999444684395631,0.123117010015471,0.0756196862651179
0.0858939987626314,0.7171178040411742,0.8600013474365019,0.5823328560414143,0.1039965986394557,0.8289069557362241,0.669578530259366,0.4071442197634491,0.2818619189164343,0.1993274511013759,0.1225063105610292,0.074482097952341
0.0950711486904516,0.7317956538314906,0.864447887893283,0.5690053970701618,0.105017006802721,0.8387533875338753,0.6847982708933718,0.4156333460511255,0.2871326571262219,0.2046646510766953,0.1300789837961078,0.08262483534906
0.1005361930294906,0.7348455966450629,0.8629657077410228,0.5643793369313801,0.1081632653061224,0.8392050587172538,0.6940742074927955,0.4207363601678748,0.291177642263966,0.2088603689763682,0.13463887305594,0.0894503652257214
