Lead I,Lead II,Lead III,aVR,aVL,aVF,V1,V2,V3,V4,V5,V6
0.1113526331390178,0.7546350248967052,0.9425583510154594,0.561015294500488,0.0326614408361328,0.9162173372044796,0.7312323612417686,0.4208327115355917,0.2668534903491923,0.1389473013445485,0.0384698322335791,0.0335345405767941
0.1265685208971445,0.7552706854539675,0.9311912700818432,0.5523375637270854,0.0468458379992534,0.9087515553712152,0.7319849482596424,0.4263542754812714,0.2676406687868006,0.1406359523354362,0.0426532108509078,0.0420096335589293
0.1284458057504199,0.740968322915563,0.9195968475295544,0.5586289185378024,0.0549645390070922,0.893716300290336,0.7281279397930386,0.4248122170820275,0.2657829276740451,0.1395208054546613,0.0422650623194031,0.0425583805865496
0.1130323090603695,0.710562559593177,0.9096695968475296,0.5827096214339951,0.0537513997760358,0.8720447946909997,0.7148635936030103,0.4156096105058946,0.2588242702855883,0.1327980628305614,0.0338983050847457,0.0349368940918236
0.1069064321707341,0.6913867994490942,0.9005759321006365,0.5958346892287667,0.0564576334453154,0.8564910825383658,0.6973659454374412,0.407551111774362,0.2527472527472527,0.1254062320779965,0.0247121231724673,0.024998475702701
0.1078944768303527,0.689797648055938,0.898757199151258,0.5960516324981018,0.0580440462859276,0.8544172542513481,0.698494825964252,0.4065064915684226,0.2517081772096098,0.1233989676926018,0.0228576357441669,0.0231693189439668
0.1177749234265388,0.7034643500370801,0.900954834798424,0.5836858661460029,0.0614035087719298,0.8627125673994193,0.7126999059266228,0.41287370044272,0.2555496079851381,0.126234626903715,0.0273860352783887,0.0292055362477897
0.117676118960577,0.7062188791185506,0.9030009093664748,0.5822757348953248,0.0600970511384845,0.8654085441725424,0.7189087488240827,0.4154603790479033,0.2565571963852766,0.1269037150321799,0.0281192047267865,0.0309127492226083
0.1010769686789843,0.692128403432567,0.9056532282509852,0.5986549517301225,0.0505785740948115,0.8603276648693489,0.7123236124176857,0.4084465005223101,0.2506376145344627,0.1204358631236857,0.0207012550135852,0.0219498811048106
0.0923821756743404,0.683758872761945,0.9062594725674448,0.6077665690421955,0.0460992907801418,0.8566984653670676,0.7042333019755409,0.404765457891857,0.2461034667338392,0.1150512967565156,0.013024539612714,0.0138406194744222
0.097717616836281,0.6930818942684605,0.9089117914519552,0.599956611346133,0.0469391564016424,0.863023641642472,0.7079962370649105,0.4081977814256579,0.2472684908214994,0.1145733766647549,0.0121619873204813,0.0122553502835192
0.102657840134374,0.7078080305117066,0.9156562594725676,0.5897602776873848,0.0451661067562523,0.8748444628784737,0.7266227657572907,0.4160573048798687,0.2502282817469064,0.1162938889950933,0.0144908785095096,0.0170111578562282
0.1008793597470605,0.7090793516262315,0.9179296756592906,0.5900856925913874,0.0429264650989175,0.8770219825798424,0.7359360301034806,0.4160075610605382,0.2495670518593154,0.1150831580959663,0.0132401776857722,0.0171331016401438
0.0895168461614464,0.7024049157749761,0.9218702637162776,0.5997396680767978,0.0350877192982456,0.876399834093737,0.7328316086547507,0.4130726757200418,0.2463238766963695,0.1103995411967119,0.0066416526501919,0.0089018962258398
0.0750913941310147,0.6977434050217183,0.9296756592906944,0.6100444733702136,0.0235162374020156,0.8795105765242638,0.731420507996237,0.4100383027408845,0.2431751629459365,0.1051742815267953,0.0,0.0
0.0815136844185357,0.7182964297065366,0.9393755683540468,0.5959431608634342,0.0205300485255692,0.8962048942347574,0.7419567262464722,0.4163060239765209,0.2467646966214302,0.106639903141528,0.0020701255013585,0.0023779037863544
0.0961367453808912,0.7388494543913549,0.9428614731736892,0.5775029829699534,0.0252892870474057,0.9086478639568644,0.7637817497648165,0.4295876237377505,0.2539752511099216,0.1123430829032052,0.0091861819122784,0.0110968843363209
0.1002865329512894,0.7474308719143977,0.9457411336768718,0.5707777416205663,0.0255692422545726,0.914765657403567,0.7809031044214486,0.4391384370491966,0.2588242702855883,0.115115019435417,0.0135420709880536,0.0165233827205658
0.0877383657741329,0.7439347388494544,0.9530160654743862,0.579455472393969,0.0151175811870101,0.9180837826627956,0.7873941674506115,0.4437148684275979,0.2603986271608048,0.1138087045179379,0.0110406693405787,0.0125602097433083
0.0794387906333366,0.7336582265070452,0.9520309184601394,0.589217919514047,0.0118514371033968,0.9123807548734963,0.7929444967074318,0.4479928368900164,0.2623508296860732,0.1115146880774867,0.0080648639323759,0.008231205414304
0.0922833712083786,0.7437228519970335,0.9493028190360716,0.5770690964312832,0.0195035460992908,0.9154914973040232,0.8070555032925681,0.4590359647813759,0.2683648729494002,0.1157522462244312,0.0132833053003838,0.0145722821779159
0.111945459934789,0.7650174806653246,0.9494543801151863,0.5553747694977763,0.0287420679357969,0.9259643301534634,0.8330197554092191,0.4757498880764065,0.278094398438238,0.1237494424265596,0.021908828222711,0.0259740259740259
0.115502420709416,0.7640639898294309,0.9460442558351017,0.5538561666124308,0.032474804031355,0.9231646619659892,0.847695202257761,0.4880863552703576,0.2843288516640953,0.1271904670872363,0.0256609306939233,0.0319492713858911
0.1092777393538187,0.7494437970123954,0.9403607153682936,0.5648118017138518,0.0331280328480776,0.9120696806304438,0.8397930385700847,0.4888325125603144,0.283825057464026,0.1247052826100809,0.0218657006080993,0.028473873544296
0.1147119849817211,0.7394851149486174,0.9290694149742348,0.5669812344072025,0.0426465098917506,0.8995230194939859,0.8260583254938852,0.4869422474257573,0.2827544947888787,0.1227936022430383,0.019536809419071,0.0264618011096884
0.1264697164311826,0.7352473779002012,0.9170203091846016,0.5626423690205011,0.0556177678238148,0.8891538780588967,0.8277516462841015,0.4946027956026464,0.2888629994647187,0.1282418912891098,0.0254021650062535,0.0343271751722456
0.1453413694298982,0.7339760567856763,0.9016368596544408,0.5529883935350905,0.0739081746920492,0.8780588967233514,0.8359360301034806,0.5077849077252151,0.2984350892660349,0.136908175619703,0.0360546858153275,0.0480458508627522
0.1590751901985969,0.723381714164636,0.8835253107002121,0.5508189608417399,0.09163867114595,0.8604313562836997,0.8307619943555974,0.5147490424314779,0.3053622595169873,0.1442044223539157,0.0444645706645965,0.0594475946588622
0.1602608437901393,0.7048416145778152,0.8693543498029705,0.5596051632498101,0.1008771929824561,0.8417669017005392,0.8090310442144872,0.510321842511068,0.305519695204509,0.1455744599502963,0.0464915685513434,0.0613377233095542
0.166880743009584,0.7012395380866616,0.861700515307669,0.5578696170951296,0.108715938783128,0.8347158855246786,0.7824082784571965,0.503108988708153,0.3050159010044397,0.1476135856751418,0.0495967568033812,0.0633497957441619
0.1781444521292362,0.7113041635766499,0.8602606850560777,0.5464800954550385,0.1149682717431877,0.8386561592700125,0.766698024459078,0.4993782022583694,0.3082590761673857,0.1559612566112279,0.0598611290809505,0.0749954271081031
0.1973125185258373,0.7323869053925204,0.8606395877538647,0.5252196550602017,0.1237402015677491,0.8492326835338033,0.7614299153339605,0.5002735910063175,0.3130136339305394,0.1664436372905117,0.0733600724543925,0.0906042314493018
0.2024503507558541,0.741498040046615,0.8632919066383753,0.5177351122681418,0.1245800671892497,0.855454168394857,0.7457196613358419,0.4914689349848281,0.3128876853805221,0.1714458675842732,0.081123043084487,0.0990793244314371
0.1924710996937061,0.7368365292933572,0.867535616853592,0.5255450699642044,0.1172079134005226,0.8561800082953133,0.7173095014111006,0.4748544993284584,0.3058975408545609,0.1707449181163576,0.0809936602406521,0.0963355892933357
0.1794289101867404,0.7350354910477803,0.8762503789026979,0.5336804425642695,0.1057297499066816,0.861157196184156,0.6976481655691439,0.458936477142715,0.2991592934286344,0.1695341872172306,0.0795273213438564,0.0917017255045424
0.1821954352336725,0.7536815340608115,0.8874658987571992,0.522616335828181,0.1001306457633445,0.8780588967233514,0.6909689557855127,0.4496343829279212,0.2962939639157405,0.1709679474925125,0.0820287229913313,0.0932260228034876
0.1901985969765833,0.7794257866299396,0.8997423461655047,0.5050439310120404,0.0963045912653975,0.8990045624222315,0.6917215428033866,0.4460528279361289,0.2965773481532794,0.1751736443000063,0.0884547375684651,0.1020669471373696
0.1838751111550242,0.7875834304481406,0.910427402243104,0.5043931012040351,0.0866927958193355,0.9103069265864788,0.6922859830667921,0.4429189673183107,0.2951919141030889,0.1767029885936404,0.0916461810497261,0.1045058228156819
0.1681652010670882,0.7762474838436274,0.9142922097605336,0.5188198286148172,0.0769876819708846,0.9074035669846536,0.6787394167450611,0.4301348057503855,0.2860921313643377,0.1697890779328363,0.0833225514296804,0.0926772757758673
0.1529493133089615,0.7690433308613199,0.9209608972415884,0.5308601800629136,0.0656028368794326,0.9084404811281626,0.6658513640639698,0.4166044868925036,0.2764570672880129,0.1621742178041165,0.0737913486005089,0.0797512346808121
0.1512696373876099,0.7812268248755164,0.9308881479236132,0.5255450699642044,0.0587905935050392,0.9211945250933222,0.6665098777046096,0.4088444510769537,0.272647123649989,0.1602943987765245,0.0712468193384224,0.0770684714346686
0.1639166090307282,0.8040046615107532,0.9374810548651108,0.5068879488013884,0.0606569615528182,0.9368519286603068,0.6795860771401694,0.4129234442620504,0.2758588116754306,0.1648824316574269,0.0771553025402165,0.0846899579293945
0.1622369331093765,0.8114207013454813,0.9440739618066082,0.5040676863000325,0.0558044046285927,0.9449398589796764,0.6889934148635936,0.4152116599512511,0.2778739884757077,0.1677180908685401,0.0801311079484193,0.0868239741479178
0.1454401738958601,0.8030511706748595,0.9509699909063354,0.5175181689988069,0.0435796939156402,0.9456656988801329,0.6847601128880526,0.4077998308710143,0.2740955319751881,0.1638628687950041,0.0749989218096347,0.078836656301445
0.1335836379804367,0.7986015467740225,0.9568808729918156,0.526304371406877,0.0344344904815229,0.9474284529240978,0.6788334901222953,0.4030741680346216,0.2712302024622942,0.1605811508315809,0.0706430327338595,0.0710932260228034
0.139808319336034,0.8106790973620087,0.9607456805092452,0.5166503959214666,0.0349944008958566,0.956034840315222,0.6841956726246472,0.4076008555936924,0.2738121477376491,0.1630026126298349,0.0738776038297321,0.0751173708920187
0.1532457267068471,0.8335628774234558,0.9668081236738406,0.4975593882199804,0.0376073161627473,0.971381169639154,0.6982126058325493,0.4146147341192857,0.2791964482508896,0.1693430191805263,0.0812524259283219,0.0848119017133101
0.1518624641833811,0.8370590104883991,0.9703698090330404,0.4965831435079726,0.0347144456886898,0.9755288262131896,0.706961429915334,0.4219270755608615,0.2841714159765736,0.1739947747403301,0.0854789321602622,0.0896286811779769
0.1426736488489279,0.8241339124907298,0.9681721733858744,0.5081896084173989,0.0317282568122433,0.9677519701368726,0.7012229539040451,0.4197880913296523,0.2826600333763657,0.1720830943732874,0.0829344028981757,0.0841412109017743
0.1389190791423772,0.8137514567221104,0.963625341012428,0.5156741512094587,0.0327547592385218,0.9595603484031524,0.6972718720602069,0.4179973138337562,0.2812116250511666,0.1702351366851462,0.0803467460214775,0.0818852508993354
0.1430688667127754,0.8130098527386375,0.9599120945741136,0.5137216617854431,0.0370474057484136,0.9565532973869764,0.70620884289746,0.4240163159727404,0.2859032085393117,0.1735168546485694,0.0847026350972527,0.08676300225596
0.1555182294239699,0.8176713634918952,0.9536980903304032,0.5045015728387027,0.0466592011944755,0.9546868519286604,0.7210724365004704,0.433517385464856,0.29185427752763,0.1789014210157395,0.0925518609565705,0.0948722638863484
0.1614464973816816,0.8172475897870537,0.948848135798727,0.5014643670680117,0.0525382605449794,0.9510576524263792,0.7230479774223895,0.4373476595533005,0.294530684215498,0.1822150003186133,0.0955276663647733,0.0990793244314371
0.151170832921648,0.7994490941837059,0.9439224007274932,0.5162165093827964,0.0506718924972004,0.9390294483616756,0.7120413922859831,0.4322737899815947,0.2905633048899525,0.1789014210157395,0.091301160132833,0.093408938479361
0.1460330006916312,0.7833456933997244,0.9364201273113064,0.5272806161188849,0.0528182157521463,0.9260680215678142,0.7030103480714958,0.4277471024225239,0.2872886425895022,0.1747275855476964,0.0861689739940484,0.0862752271202975
0.1580871455389783,0.7844051276618286,0.9278569263413156,0.5201214882308276,0.0638297872340425,0.9206760680215678,0.7085606773283161,0.431627120330299,0.2895872036273182,0.176416236538584,0.0883684823392418,0.0897506249618925
0.1696472680565161,0.785358618497722,0.9197484086086694,0.5132877752467729,0.0742814483016051,0.915595188718374,0.7215428033866416,0.4399343381584838,0.2954752983406279,0.1829478111259797,0.0955276663647733,0.1006645936223401
0.179033692322893,0.7782604089416251,0.9074719612003638,0.5117691723614275,0.0863195222097798,0.9037743674823724,0.7199435559736594,0.442073322389693,0.2964513996032621,0.184349710061811,0.0988053650752577,0.1057862325467959
0.1703388993182492,0.7601440830596461,0.901182176417096,0.5257620132335394,0.0860395670026129,0.8905018664454584,0.7017873941674505,0.43396507983883,0.2905318177524481,0.1786465303001338,0.0921637124250657,0.0980428022681543
0.1653986760201561,0.7452060599639792,0.8942861473173689,0.5361752901616227,0.0879059350503919,0.8785773537951057,0.6861712135465663,0.4276973586031936,0.2858717214018074,0.1743452494742879,0.0867727605986113,0.0914578379367111
0.1718209663076771,0.7471130416357663,0.8907244619581692,0.5316194815055864,0.0932250839865621,0.8770219825798424,0.6955785512699906,0.4307814754016814,0.2876979753770585,0.1767348499330912,0.0896191831629792,0.0948722638863484
0.1757731449461515,0.7606738001906982,0.8974689299787815,0.5225078641935135,0.0908921239268384,0.8883243467440896,0.706585136406397,0.4343630303934736,0.2905947920274568,0.1795386478047537,0.0938888170095312,0.1004816779464667
0.1714257484438296,0.7659709715012183,0.9044407396180664,0.5221824492895107,0.0845464725643897,0.8956864371630029,0.7021636876763876,0.4323732776202557,0.2885796152271797,0.1787739756579366,0.0921637124250657,0.0994451557831839
0.1566050785495504,0.7556944591588092,0.9084571082146105,0.535632931988285,0.0750279955207167,0.8933015346329324,0.6873000940733772,0.4238173406954186,0.2831323404389307,0.1728159051806538,0.0839263380342433,0.0903603438814706
0.1484043078747159,0.7473249284881872,0.9087602303728404,0.5444191343963554,0.0710153042179918,0.8894649523019494,0.6762935089369708,0.4151121723125902,0.2768664000755691,0.167176448097878,0.0764652607064303,0.0814584476556307
0.1541349669005039,0.7562241762898612,0.9108820854804486,0.5367176483349604,0.072415080253826,0.8952716715055993,0.6814675446848542,0.4132716509973635,0.275606914575396,0.1662524692538074,0.0764221330918187,0.0795073471129809
0.1584823634028258,0.7764593706960483,0.9219460442558352,0.5240264670788589,0.0676558417319895,0.9126918291165492,0.6887111947318909,0.4154603790479033,0.2774961428256557,0.1693111578410756,0.0800879803338077,0.0852996768489726
0.156209860685703,0.7872656001695094,0.9313428311609578,0.5196876016921576,0.0607502799552071,0.9245126503525508,0.6890874882408278,0.4144157588419639,0.2764255801505085,0.1686739310520614,0.0803898736360892,0.0869459179318334
0.1470210453512498,0.7815446551541476,0.9343740527432556,0.5276060310228875,0.0545912653975364,0.9237868104520948,0.6787394167450611,0.407103417400388,0.2711042539122769,0.1622060791435672,0.0736188381420623,0.0775562465703311
0.1370417942891018,0.7796376734823602,0.9406638375265232,0.5341143291029395,0.0460059723777529,0.927104935711323,0.6754468485418625,0.3994428692234989,0.2669479517617054,0.1590199451984961,0.0690041833786173,0.0704225352112676
0.1406975595296907,0.7904439029558216,0.9455895725977568,0.5266297863108798,0.0446995147443076,0.9357113231024472,0.6921919096895578,0.4072029050390489,0.2711042539122769,0.1634805327215956,0.0732738172251692,0.0765806962990061
0.1510720284556862,0.8119504184765335,0.9530160654743862,0.5099251545720793,0.0449794699514744,0.9513687266694318,0.711665098777046,0.4174501318211212,0.2777165527881861,0.1709360861530618,0.0830206581273989,0.0866410584720444
0.1508744195237624,0.8303845746371437,0.9664292209760534,0.5004881223560039,0.0366741321388577,0.9696184155951888,0.7105362182502352,0.4163060239765209,0.2802355237885324,0.1738991907219779,0.0870315262862811,0.0906652033412596
0.1415867997233475,0.8296429706536708,0.972870566838436,0.5060201757240481,0.0283687943262411,0.9736623807548735,0.6860771401693321,0.4062080286524399,0.2766145029755345,0.1704900274007519,0.0828481476689524,0.0852996768489726
0.1397095148700721,0.828371649539146,0.9734768111548956,0.5077557218787286,0.0270623366927958,0.9734549979261716,0.6718720602069614,0.400338257971447,0.2734972763626059,0.1675587841712865,0.0802173631776426,0.0811535881958417
0.1482066989427922,0.8387541053077656,0.9743103970900272,0.4977763314893156,0.0306084359835759,0.97905433430112,0.6698965192850422,0.4041685320598915,0.2760162473629522,0.1705218887402026,0.0842282313365248,0.0857874519846351
0.1585811678687876,0.8428858989299712,0.969460442558351,0.4898579021585855,0.0384471817842478,0.9777063459145584,0.6776105362182502,0.4124757498880764,0.28058188230108,0.174217804116485,0.0898348212360374,0.0934699103713188
0.1558146428218555,0.8332450471448246,0.9646104880266748,0.4963662002386376,0.040126913027249,0.9697221070095396,0.6824082784571965,0.4160075610605382,0.2822192134513051,0.1758108710890205,0.0912149049036097,0.0967014206450826
0.1465270230214405,0.8191545714588409,0.9616550469839346,0.508623494956069,0.0376073161627473,0.9608046453753628,0.670178739416745,0.4097895836442322,0.2777165527881861,0.172019371694386,0.0852201664725924,0.0888970184744832
0.1472186542831736,0.8143871172793726,0.9577144589269476,0.5106844560147521,0.0403135498320268,0.9557237660721692,0.6598306679209783,0.4038700691439089,0.2740010705626752,0.1682278722997515,0.081123043084487,0.0821291384671666
0.1554194249580081,0.8207437228519969,0.9559715065171264,0.5029829699533571,0.0452594251586413,0.957693902944836,0.6650047036688617,0.4072526488583793,0.2754494788878743,0.1702032753456955,0.0839694656488549,0.0863361990122553
0.1687580278628594,0.8254052336052546,0.9490754774173992,0.4933289944679466,0.0558044046285927,0.9553090004147656,0.6754468485418625,0.4131224195393722,0.2780629113007336,0.1730707958962594,0.0884547375684651,0.0935308822632766
0.1731054243651813,0.8130098527386375,0.9368748105486512,0.4972339733159778,0.0653228816722657,0.9408958938199916,0.6774223894637817,0.4136696015520072,0.2771497843131081,0.1719237876760339,0.0883684823392418,0.0945064325346015
0.1630273688370714,0.7885369212840342,0.9270991209457412,0.5152402646707885,0.0666293393057111,0.9222314392368312,0.6640639698965193,0.4052628960851614,0.2706949211247206,0.165965717198751,0.0808211497822055,0.0858484238765928
0.1545301847643513,0.7683017268778471,0.91914216429221,0.5303178218895759,0.0674692049272116,0.9068851099128992,0.6574788334901223,0.3996915883201513,0.2662552347366101,0.1618237430701586,0.0747401561219649,0.0792024876531918
0.1632249777689951,0.7662888017798495,0.9110336465595636,0.5265213146762122,0.0766144083613288,0.9002488593944422,0.6671683913452493,0.4052628960851614,0.2685223086369218,0.1632256420059899,0.0771121749256048,0.0829217730626181
0.1774528208675032,0.7715859730903696,0.903910275841164,0.5161080377481289,0.087719298245614,0.8980713396930735,0.677140169332079,0.4116798487787892,0.2730879435750496,0.1678136748868922,0.0826756372105059,0.0913968660447533
0.1772552119355795,0.7702087085496344,0.9030009093664748,0.5168673391908016,0.0881858902575588,0.8967233513065118,0.6792097836312323,0.4112321544048152,0.2711672281872855,0.1657745491620467,0.0810799154698753,0.0911529784769221
0.1625333465072621,0.7579192711092276,0.9055774477114276,0.5311855949669161,0.0796005972377753,0.8924720033181253,0.6673565380997177,0.4000397950554644,0.2641141093863157,0.1586376091250876,0.0714193297968689,0.0793854033290653
0.1455389783618219,0.7465833245047143,0.9105789633222188,0.546371623820371,0.068589025755879,0.8902944836167566,0.6572906867356538,0.3912848828533055,0.2583834503605277,0.1531574587395654,0.0644757838443955,0.0705444789951832
0.1510720284556862,0.7599321962072253,0.9158078205516824,0.5365007050656253,0.0679357969391564,0.900456242223144,0.6619002822201316,0.3920807839625926,0.2587298088730753,0.1536991015102274,0.0649933152197352,0.0712761416986769
0.1572967098112834,0.7745523890242609,0.921415580478933,0.5255450699642044,0.0674692049272116,0.9114475321443384,0.6695202257761054,0.394120280555141,0.2592336030731446,0.1551647231249601,0.0669340578772588,0.0749954271081031
0.1480090900108684,0.7735988981883672,0.9279327068808728,0.5311855949669161,0.0589772303098171,0.9154914973040232,0.6692380056444026,0.3910859075759837,0.2580056047104758,0.1549735550882559,0.0669771854918704,0.0742637644046094
0.1330896156506274,0.7616272910265917,0.9308123673840556,0.5455038507430306,0.0502053004852557,0.9115512235586892,0.6611476952022578,0.3853156245336517,0.2533769954973393,0.1503217995284521,0.0623625307284254,0.0678617157490397
0.1278529789546487,0.7537874774870218,0.9292209760533494,0.5523375637270854,0.0487122060470325,0.9066777270841976,0.6588899341486358,0.3809879122519027,0.2507950502219843,0.1476135856751418,0.0595161081640574,0.0637156270959087
0.1385238612785298,0.7685136137302679,0.9315701727796304,0.5389955526629786,0.0522583053378126,0.9154914973040232,0.6679209783631233,0.3845197234243645,0.2540067382474259,0.1510546103358185,0.0630525725622116,0.0688372660203646
0.1477126766129829,0.7935162623159232,0.9424067899363444,0.5210977329428355,0.0500186636804777,0.9350891746163418,0.6824082784571965,0.3925284783365667,0.2597373972732139,0.1565984834002421,0.0694354595247337,0.0747515395402719
0.1441557158383559,0.8044284352155948,0.9529402849348289,0.5175181689988069,0.0418066442702501,0.9476358357527996,0.6905926622765757,0.3959110580510372,0.2618785226235083,0.1586376091250876,0.0704705222754129,0.0764587525150905
0.1285446102163817,0.8060175866087509,0.9660503182782662,0.5252196550602017,0.0264091078760731,0.9573828287017836,0.6817497648165569,0.3886982042481222,0.2585723731855537,0.1544000509781431,0.0642170181567257,0.0685324065605755
0.1234067779863649,0.8131157961648479,0.9751439830251591,0.524460353617529,0.0183837252706233,0.9670261302364164,0.6715898400752587,0.3825299706511466,0.2563367864227463,0.1517555598037341,0.0611980851339112,0.0636546552039509
0.1313111352633139,0.8293251403750396,0.980600181873295,0.511877643996095,0.0187569988801791,0.9787432600580672,0.673659454374412,0.3879520469581655,0.2605875499858308,0.1554196138405658,0.0661577608142493,0.0696299006158161
0.1456377828277838,0.8476533531094393,0.9827220369809032,0.494630654083957,0.0241694662187383,0.9891124014931564,0.6854186265286923,0.3986967119335422,0.267105387449227,0.1619511884279615,0.0739638590589554,0.0815194195475885
0.1459341962256694,0.8429918423561817,0.9791603516217036,0.4968000867773077,0.0265024262784621,0.9844462878473664,0.6894637817497649,0.4001890265134557,0.2685537957744262,0.163990314152807,0.0763358778625954,0.0844460703615633
0.1334848335144748,0.8241339124907298,0.9752197635647166,0.5132877752467729,0.0230496453900709,0.9725217751970138,0.6791157102539981,0.3933741232651843,0.263862212286281,0.1598164786847639,0.0713330745676456,0.0762758368392171
0.1307183084675427,0.8149168344104246,0.9707487117308276,0.5194706584228225,0.0244494214259051,0.9649523019493986,0.6655691439322671,0.3908371884793314,0.2622248811360559,0.1580322436755241,0.0683141415448311,0.0707273946710566
0.1419820175871949,0.8114207013454813,0.9596089724158836,0.515131793036121,0.0366741321388577,0.9556200746578184,0.6730950141110066,0.3958115704123763,0.2644919550363677,0.1601669534187217,0.0716780954845387,0.074080848728736
0.1554194249580081,0.8078186248543276,0.946650500151561,0.5095997396680768,0.0509518477043673,0.9450435503940274,0.6832549388523048,0.4026264736606477,0.2679870272993482,0.1634486713821449,0.0768102816233234,0.0824949698189135
0.1566050785495504,0.7945756965780272,0.9363443467717488,0.5157826228441262,0.0579507278835386,0.9314599751140604,0.6769520225776106,0.4021787792866736,0.2680185144368525,0.1640858981711591,0.0769827920817699,0.0860313395524663
0.1503803971939531,0.7691492742875304,0.9229311912700818,0.5321618396789239,0.0632698768197088,0.9098921609290752,0.6619943555973659,0.3961100333283589,0.2637992380112724,0.1608360415471866,0.0732306896105576,0.0802390098164746
0.1493923525343345,0.7549528551753363,0.9135344043649593,0.5399717973749865,0.068589025755879,0.8965159684778101,0.653904045155221,0.3942197681938019,0.2620674454485343,0.1597208946664118,0.0724543925475482,0.0785927687336138
0.1610512795178342,0.7572836105519651,0.9062594725674448,0.532378782948259,0.0784807764091078,0.8926793861468271,0.6596425211665099,0.3991444063075163,0.2650272363739412,0.1629070286114828,0.0770259196963816,0.0839582952259008
0.173994664558838,0.7633223858459581,0.9006517126401941,0.5221824492895107,0.0880925718551698,0.891746163417669,0.6699905926622766,0.4060587971944486,0.269592871312069,0.1675269228318358,0.0830637857420106,0.0930431071276141
0.1702400948522873,0.7577073842568068,0.8995150045468323,0.5271721444842173,0.0870660694288914,0.8882206553297388,0.6737535277516462,0.4079988061483361,0.2705689725747032,0.1678455362263429,0.0833225514296804,0.095603926589842
0.1549254026281988,0.740968322915563,0.8993634434677176,0.5440937194923527,0.0798805524449421,0.8799253421816674,0.6668861712135465,0.4016813410933691,0.2660977990490885,0.1625884152169757,0.0771121749256048,0.0865800865800865
0.1517636597174192,0.7358830384574637,0.8980751742952411,0.5484325848790541,0.0791340052258305,0.8766072169224388,0.6619002822201316,0.3983485051982291,0.2636418023237508,0.1594341426113553,0.0736188381420623,0.0817023352234619
0.1620393241774528,0.7476427587668185,0.8986056380721431,0.5367176483349604,0.0837066069428891,0.8827250103691414,0.6722483537158984,0.4043675073372134,0.2666960546616707,0.162110495125215,0.0763358778625954,0.0850557892811414
0.1660903072818891,0.7604619133382773,0.9046680812367384,0.5280399175615577,0.0818402388951101,0.8930941518042307,0.6876763875823142,0.4102870218375367,0.2705059982996946,0.1666029439877652,0.0813386811575451,0.0916407536125846
0.1598656259262919,0.7560122894374403,0.9062594725674448,0.5336804425642695,0.0780141843971631,0.8920572376607216,0.6900282220131703,0.4093418892702582,0.2686482571869392,0.1652647677308354,0.0794841937292448,0.0885311871227364
0.1429700622468135,0.7385316241127237,0.9066383752652318,0.5519036771884152,0.0698021649869354,0.8836582330982995,0.6776105362182502,0.3989951748495249,0.2611543184609087,0.1576180462626649,0.0698236080562384,0.0767636119748795
0.1307183084675427,0.7316453014090476,0.9111852076386784,0.562208482481831,0.0611235535647629,0.8834508502695977,0.6773283160865474,0.393224891807193,0.2571239648603545,0.1532530427579175,0.0629231897183766,0.0689592098042802
0.1390178836083391,0.7494437970123954,0.917474992421946,0.5484325848790541,0.0612168719671519,0.8965159684778101,0.6873941674506114,0.3985972242948813,0.2609968827733871,0.1568215127763971,0.067624099711045,0.0751173708920187
0.1472186542831736,0.7716919165165801,0.9271749014852986,0.5325957262175941,0.059070548712206,0.9140398175031108,0.6921919096895578,0.4011341590807342,0.2645234421738719,0.1608679028866373,0.0745245180489067,0.0829827449545759
0.1414879952573856,0.7760355969912066,0.9346771749014852,0.5334634992949343,0.0517917133258679,0.9211945250933222,0.6849482596425212,0.3978510670049246,0.2625082653735949,0.1596253106480596,0.0728425410790529,0.0812145600877995
0.1294338504100385,0.773281067909736,0.9418763261594424,0.5415988718949994,0.0417133258678611,0.9248237245956036,0.6733772342427093,0.3902900064666965,0.2579426304354671,0.1548142483910023,0.0665027817311424,0.0738369611609048
0.1206402529394328,0.7660769149274286,0.9434677174901486,0.5500596593990672,0.0364874953340799,0.922438822065533,0.6643461900282219,0.3827786897477989,0.2535029440473567,0.149461543363283,0.0588691939448829,0.0632278519602463
0.1267661298290683,0.7667125754846911,0.9392997878144892,0.546371623820371,0.041993281075028,0.9198465367067608,0.6651928504233302,0.3834253593990946,0.2527157656097484,0.1493659593449308,0.0593867253202225,0.0643863179074446
0.13694298982314,0.7787901260726771,0.9400575932100635,0.5345482156416097,0.0462859275849197,0.926275404396516,0.674035747883349,0.3880017907774959,0.2559589407726944,0.1532849040973682,0.0660283779704144,0.0719468325102128
0.1337812469123604,0.7782604089416251,0.9422552288572296,0.5366091767002928,0.0434863755132512,0.9275197013687266,0.6749764816556914,0.3886484604287917,0.2564312478352593,0.1540177149047346,0.0671065683357053,0.0724346076458752
0.1175773144946151,0.7690433308613199,0.9480145498635952,0.5502766026684023,0.0322881672265771,0.9268975528826214,0.6646284101599247,0.3804904740585982,0.2532195598098177,0.1505766902440578,0.062405658343037,0.0664593622340101
0.1153048117774923,0.7762474838436274,0.9549105789633224,0.5477817550710489,0.0269690182904068,0.9351928660306926,0.6597365945437441,0.3793961100333283,0.2533769954973393,0.1508315809596635,0.0620606374261439,0.064264374123529
0.1251852583736784,0.7990253204788642,0.963625341012428,0.5306432367935785,0.0262224710712952,0.9523019493985898,0.6719661335841957,0.3874048649455305,0.259265090210649,0.1565984834002421,0.0687454176909475,0.0716419730504237
0.1393142970062247,0.8171416463608432,0.9656714155804792,0.5137216617854431,0.0316349384098544,0.962567399419328,0.6855126999059266,0.3969556782569766,0.2659088762240625,0.1633530873637927,0.0775865786863328,0.0831046887384915
0.1403023416658433,0.8115266447716918,0.9610488026674748,0.5159995661134613,0.0349944008958566,0.9566569888013272,0.6931326434619003,0.4036213500472566,0.2693724613495387,0.1664117759510609,0.0806055117091473,0.0866410584720444
0.131903962059085,0.7941519228731855,0.9549863595028796,0.5295585204469031,0.0348077640910787,0.9440066362505184,0.6809031044214486,0.4018803163706909,0.2684908214994175,0.1639265914739055,0.0766808987794885,0.0803609536003902
0.1348680960379409,0.7919271109227672,0.95112155198545,0.5290161622735655,0.0385405001866368,0.9402737453338864,0.673659454374412,0.4000397950554644,0.2686482571869392,0.1635123940610463,0.0753439427265278,0.0795683190049387
0.1526528999110759,0.8033690009534907,0.9455895725977568,0.5133962468814406,0.0502986188876446,0.9421401907922023,0.6761053621825023,0.4029746803959608,0.2712931767373028,0.166953418721723,0.079225428041575,0.0870068898237912
0.1687580278628594,0.8101493802309565,0.9381630797211276,0.5011389521640092,0.0625233296005972,0.9402737453338864,0.6774223894637817,0.4064567477490922,0.2726786107874933,0.1702669980245969,0.0847026350972527,0.0960917017255045
0.1595692125284062,0.7972242822332873,0.935965444073962,0.5127454170734352,0.0595371407241508,0.9324968892575696,0.6623706491063029,0.3972043973536288,0.2674832330992789,0.1670490027400752,0.0821581058351662,0.0930431071276141
0.131212330797352,0.7965886216760248,0.9571839951500456,0.5286907473695629,0.0331280328480776,0.9467026130236416,0.6420507996237065,0.3758642988608666,0.2599263200982399,0.1628751672720321,0.07461077327813,0.0798122065727699
0.1113526331390178,0.8291132535226188,0.9957562897847833,0.5229417507321835,0.0,0.9890087100788054,0.6345249294449671,0.3587524250111923,0.2555496079851381,0.1638947301344548,0.0721956268598783,0.0698128162916895
0.121233079735204,0.8455344845852314,1.0,0.5090573814947391,0.0020530048525569,1.0,0.6692380056444026,0.3756155797642143,0.2740955319751881,0.1855285796214873,0.0911717772889981,0.0808487287360526
0.1777492342653888,0.8599427905498463,0.966883904213398,0.4706584228224319,0.0490854796565883,0.9843425964330154,0.738381937911571,0.4511266975078347,0.3418243647470009,0.2584910469636143,0.162720489929702,0.1457228217791598
0.266772058097026,0.8419324080940775,0.8856471658078205,0.4310662761687819,0.141097424412094,0.9199502281211116,0.7978363123236124,0.5569318012236979,0.4478415567240782,0.375963805518384,0.2769655410359253,0.2526675202731541
0.3882027467641538,0.7989193770526539,0.7618217641709609,0.3863759626857577,0.274729376633072,0.814184985483202,0.7962370649106302,0.6623389543849177,0.5758997449541863,0.5235455298540751,0.4172596713675766,0.384732638253765
0.5449066297796661,0.7952113571352897,0.638981509548348,0.3023104458184184,0.4243187756625607,0.7283284944006637,0.7430856067732831,0.7755061433616873,0.7243930854246041,0.6879500414197414,0.5729072325009704,0.5385037497713555
0.7144550933702204,0.8450047674541794,0.5445589572597757,0.1837509491268033,0.5626166480029862,0.6880962256325176,0.6710253998118533,0.8671342585683729,0.8389747788028591,0.8156184285987383,0.7066890930262648,0.6875800256081948
0.8631558146428218,0.8990359148214853,0.4692331009396787,0.0744115413819285,0.6791713325867861,0.6630029033596019,0.5713076199435559,0.906979057852062,0.8835290783714853,0.8619129548206207,0.7863026695993446,0.80812145600878
0.9453611303230908,0.8860048733976056,0.3967869051227645,0.0360125827096213,0.7625979843225085,0.6070095396101203,0.4428033866415804,0.8849425458886734,0.8755943197203944,0.8384948703243486,0.7924267908741969,0.8582403511980977
0.8684912558047623,0.767983896599216,0.3713246438314641,0.1385182774704415,0.7419746173945502,0.5319369556200747,0.3472248353715898,0.7440183057255136,0.7429704965521585,0.6952462881539541,0.6642946478630267,0.757453813791842
0.6655468827190989,0.6697743405021717,0.4567293119127008,0.3002494847597353,0.593598357596118,0.542202405640813,0.202728127939793,0.4356563696960653,0.4396549009729526,0.4242974574651118,0.4213567947556821,0.5378940308517773
0.4349372591641143,0.7064307659709714,0.6598211579266444,0.4080702896192645,0.3596491228070175,0.6991912069680631,0.1000940733772342,0.147838631050092,0.135804024056173,0.1364939782068438,0.1464182516065036,0.2750442046216694
0.3057998221519613,0.772433520500053,0.8060775992725069,0.4451675886755613,0.2085666293393057,0.8315014516798009,0.0769520225776105,0.039745311645028,0.0070531188009698,0.0,0.0002587656876698,0.1216389244558258
0.2668708625629878,0.7844051276618286,0.8444983328281298,0.4603536175290161,0.1665733482642777,0.8636457901285773,0.1698965192850423,0.1166990001492314,0.0603293554582952,0.0311603899827948,0.0071591840255315,0.1027986098408633
0.2232980930738069,0.7988134336264433,0.8882237041527735,0.4769497776331489,0.1190742814483016,0.9006636250518456,0.3312323612417685,0.2363328856389593,0.1501306716206429,0.0923978844070604,0.0420062966317333,0.1044448509237241
0.1795277146527023,0.7929865451848712,0.9176265535010608,0.503959214665365,0.0802538260544979,0.917876399834094,0.4716839134524929,0.3258717604337661,0.2120973582291634,0.1293888995093353,0.0561090266097382,0.0875556368514115
0.1766623851398083,0.7882190910054031,0.9163382843285844,0.5079726651480637,0.0796939156401642,0.9146619659892162,0.5638758231420508,0.380142267323285,0.248087156396612,0.1500669088128465,0.0680122482425497,0.0871898054996646
0.1796265191186641,0.7812268248755164,0.9091391330706275,0.5099251545720793,0.0854796565882792,0.9063666528411448,0.6123236124176857,0.3989454310301945,0.2620674454485343,0.1575543235837634,0.0738776038297321,0.0926163038839095
0.1654974804861179,0.7719038033690009,0.9133828432858442,0.5225078641935135,0.076241134751773,0.9046038987971796,0.6349012229539039,0.3969059344376461,0.2626657010611165,0.1555470591983687,0.068917928149394,0.0871288336077068
0.1423772354510424,0.7484903061765017,0.9142922097605336,0.5471309252630437,0.064762971257932,0.893819991704687,0.6371589840075259,0.3884992289708004,0.2569350420353286,0.1477728923723953,0.0575322378919222,0.0713980854825925
0.1300266772058096,0.7358830384574637,0.914746892997878,0.5603644646924829,0.0586972751026502,0.8879095810866859,0.6412041392285983,0.3865094761975824,0.2545735067225039,0.1430892754731409,0.0512356061586233,0.0635327114200353
0.1352633139017883,0.7403326623583005,0.9139133070627464,0.5551578262284413,0.0615901455767077,0.8895686437163003,0.6625587958607714,0.3968064467989852,0.2588242702855883,0.1464984387943669,0.0547720705567775,0.067434912505335
0.1420808220531568,0.7440406822756647,0.9113367687177932,0.5495173012257295,0.0664427025009332,0.8896723351306512,0.6872060206961429,0.4087449634382928,0.2657829276740451,0.1511183330147199,0.0602492776124552,0.0704225352112676
0.1382274478806442,0.7321750185400996,0.9058047893301,0.5577611454604621,0.0680291153415453,0.8800290335960183,0.6970837253057385,0.4124260060687459,0.26719984886174,0.1503536608679029,0.0583085349549316,0.067434912505335
0.1266673253631064,0.7120457675601227,0.9002728099424068,0.5744657771992624,0.0659761104889884,0.8664454583160515,0.6932267168391345,0.4084465005223101,0.2626342139236122,0.1450965398585356,0.0515374994609048,0.0585939881714529
0.1271613476929157,0.7065367093971817,0.8959533191876327,0.5769606247966157,0.0688689809630459,0.8607424305267524,0.6877704609595484,0.4068546983037358,0.2606820113983438,0.1420059899318167,0.0471816103851296,0.0526797146515456
0.1355597272996739,0.7181904862803262,0.8978478326765688,0.5663304045991974,0.0716685330347144,0.867793446702613,0.7000940733772342,0.4136198577326767,0.2649957492364369,0.1449372331612821,0.0518393927631862,0.0585939881714529
0.1441557158383559,0.7330225659497827,0.9019399818126704,0.554073109881766,0.0732549458753266,0.8778515138946495,0.7121354656632173,0.4211311744515744,0.2680500015743569,0.1479959217485503,0.0566265579850778,0.0647521492591915
0.1395119059381484,0.7319631316876787,0.9046680812367384,0.5571103156524569,0.0693355729749906,0.8791995022812111,0.7063029162746942,0.416654230711834,0.2658459019490538,0.1461161027209584,0.0543839220252728,0.0619474422291323
0.1220235154628989,0.7226401101811633,0.9114883297969082,0.571537043063239,0.0568309070548712,0.879303193695562,0.6986829727187206,0.4087947072576232,0.2609024213608741,0.1415280698400561,0.0464484409367318,0.0504847265410645
0.1156012251753779,0.7209450153617968,0.9151257956956654,0.5758759084499403,0.0516050765210899,0.8808585649108255,0.6993414863593602,0.4068546983037358,0.2591076545231273,0.1393933600968584,0.043343252684694,0.0471312724833851
0.12261634225867,0.723381714164636,0.9115641103364656,0.5708862132552337,0.057110862262038,0.8796142679386146,0.7104421448730008,0.4134706262746854,0.2627601624736295,0.141974128592366,0.0475697589166343,0.0513383330284738
0.1326943977867799,0.729420489458629,0.9080782055168234,0.562208482481831,0.0640164240388204,0.8802364164247201,0.7228598306679209,0.4212804059095658,0.267388771686766,0.1458930733448034,0.0532626040453702,0.0583501006036217
0.1275565655567631,0.7189320902637991,0.9045165201576236,0.5703438550818961,0.0638297872340425,0.8726669431771049,0.7219190968955785,0.4187434711237129,0.2653106206114802,0.1439176702988593,0.0506318195540604,0.0559112249253094
0.111945459934789,0.6970018010382455,0.9008032737193088,0.5901941642260549,0.0586972751026502,0.8593944421401908,0.7092191909689557,0.4084465005223101,0.2588242702855883,0.1357611673994774,0.0412731271833355,0.0436558746417901
0.1043375160557257,0.6901154783345693,0.9017126401939982,0.5978956502874498,0.0544979469951474,0.8566984653670676,0.7040451552210725,0.4042680196985524,0.2554236594351208,0.131077550500223,0.0355802820545995,0.037985488689714
0.1096729572176662,0.7006038775293993,0.9051227644740832,0.5895433344180496,0.0549645390070922,0.864060555785981,0.7144873000940734,0.4065562353877531,0.2560848893227117,0.132511310775505,0.0362703238883857,0.0406072800438997
0.1180713368244244,0.7116219938552812,0.9065625947256744,0.5793470007593015,0.0580440462859276,0.8704894234757362,0.7235183443085607,0.4105357409341889,0.2590446802481186,0.1350920792710125,0.0394617673696467,0.0454850314005243
0.1113526331390178,0.7088674647738108,0.909745377387087,0.5844451675886756,0.0529115341545353,0.8713189547905434,0.7234242709313263,0.4093418892702582,0.2583204760855191,0.1339132097113362,0.0375641523267348,0.0429242119382964
0.0942594605276158,0.6959423667761415,0.9136101849045166,0.6003904978848031,0.0424598730869727,0.8675860638739112,0.7142050799623706,0.4024274983833258,0.2539437639724173,0.1284649206652647,0.0299305645404752,0.0323760746295957
0.0912953265487599,0.6941413285305646,0.9146711124583208,0.602993817116824,0.0404068682344158,0.8674823724595604,0.7083725305738476,0.4008356961647515,0.2517711514846185,0.1254380934174472,0.0260059516108164,0.0279251265166758
0.1008793597470605,0.7059010488399194,0.915732040012125,0.5917127671114003,0.0442329227323628,0.8740149315636666,0.7228598306679209,0.4086454757996319,0.2555496079851381,0.1281463072707576,0.030189330228145,0.0334125967928784
0.1118466554688271,0.7176607691492742,0.915732040012125,0.5796724156633041,0.049458753266144,0.8797179593529656,0.7382878645343368,0.4182460329304084,0.2609339084983784,0.1334671509590263,0.0375641523267348,0.0421925492348027
0.1102657840134374,0.7202034113783239,0.9186874810548652,0.5792385291246338,0.0468458379992534,0.8830360846121941,0.7366886171213546,0.4189921902203651,0.2612172927359174,0.1337539030140827,0.0383404493897442,0.042741296262423
0.097717616836281,0.7075961436592858,0.9192937253713246,0.5925805401887406,0.0405935050391937,0.8772293654085442,0.728316086547507,0.4116301049594588,0.256305299285242,0.1274772191422927,0.0310518825203778,0.0336564843607097
0.0957415275170437,0.7017692552177136,0.916641406486814,0.5965939906714394,0.0413400522583053,0.8725632517627542,0.7282220131702728,0.4091926578122669,0.2531250983973047,0.122379404830179,0.024625867943244,0.0266447167855618
0.1040411026578401,0.7114101070028604,0.9170960897241588,0.5871569584553639,0.0448861515490854,0.8776441310659477,0.7412041392285983,0.4170024374471472,0.256494222110268,0.1247371439495316,0.0273429076637771,0.0312785805743552
0.1088825214899713,0.7202034113783239,0.9197484086086694,0.5799978305673066,0.0456326987681971,0.8837619245126503,0.7579492003762934,0.4268517136745759,0.2626657010611165,0.1292933154909832,0.0331220080217363,0.0390220108529967
0.1030530579982215,0.7156478440512766,0.9209608972415884,0.5855298839353509,0.0420865994774169,0.8823102447117378,0.7650047036688618,0.4315773765109685,0.2647753392739066,0.1301217103167017,0.033510156553241,0.0389000670690811
0.0904060863551032,0.7012395380866616,0.9203546529251287,0.5998481397114654,0.0364874953340799,0.8748444628784737,0.7638758231420508,0.4317266079689598,0.2625397525110992,0.1260753202064614,0.0280760771121749,0.0312785805743552
0.0940618515956921,0.7021930289225553,0.9182327978175204,0.5973532921141121,0.0395670026129153,0.8739112401493156,0.7656632173095014,0.4354573944187435,0.2639881608362984,0.1249283119862358,0.0261784620692629,0.0296323394914944
0.114810789447683,0.7185083165589574,0.9139890876023036,0.5776114546046209,0.0518850317282568,0.8788884280381586,0.7753527751646283,0.4446102571755459,0.2699077426871123,0.1286879500414197,0.032086945271057,0.0385952076092921
0.1304218950696571,0.7279372814916834,0.9087602303728404,0.5642694435405142,0.0625233296005972,0.8799253421816674,0.7793979303857008,0.4506790031338606,0.2735917377751188,0.1312049958580259,0.0364428343468322,0.047497103835132
0.1275565655567631,0.7193558639686406,0.9048196423158532,0.570126911812561,0.0635498320268757,0.8730817088345085,0.7764816556914393,0.4508282345918519,0.2694354356245473,0.127222328426687,0.0328201147194548,0.0437778184257057
0.119059381484043,0.6925521771374085,0.8920885116702031,0.5885670897060419,0.0674692049272116,0.8513065118208213,0.7636876763875823,0.4475451425160424,0.2649957492364369,0.1204358631236857,0.0243671022555742,0.0344491189561612
0.1221223199288607,0.6780379277465832,0.8794331615641104,0.5943160863434211,0.0766144083613288,0.8355454168394858,0.7648165569143932,0.4511266975078347,0.2655940048490192,0.118524182756643,0.0213481692327597,0.0332906530089628
0.1391166880743009,0.6825934950736307,0.869733252500758,0.5826011497993275,0.0906121687196715,0.8310866860223973,0.7840075258701786,0.4640103467144207,0.2728045593375106,0.1228573249219397,0.0277310561952818,0.0428632400463386
0.151170832921648,0.6872550058268884,0.86374658987572,0.5735980041219222,0.1000373273609556,0.8293239319784322,0.7996237064910631,0.4769934835596677,0.2807393179886017,0.1284011979863633,0.0362703238883857,0.0540210962746174
0.1514672463195336,0.683758872761945,0.8610184904516521,0.5753335502766026,0.1018103770063456,0.825694732476151,0.7972718720602069,0.4822165845893648,0.283730596051513,0.1303766010323074,0.0394617673696467,0.056338028169014
0.1502815927279913,0.6740120775505879,0.8549560472870568,0.580865603644647,0.1050765210899589,0.8167772708419744,0.7840075258701786,0.4794309307068597,0.2831323404389307,0.1285605046836169,0.0353215163669297,0.0519480519480519
0.1574943187432071,0.6741180209767984,0.8494998484389209,0.5768521531619482,0.1117954460619634,0.8131480713396931,0.776011288805268,0.4803263194548077,0.2857142857142857,0.1297393742432931,0.0366153448052788,0.0558502530333516
0.1745874913546092,0.689267930924886,0.8473022127917551,0.5597136348844777,0.1212206047032475,0.8190584819576939,0.7786453433678269,0.4905238024175496,0.2943732485279763,0.1382463518766328,0.0466209513951783,0.0681665752088287
0.1853571781444521,0.6990147261362432,0.8460139436192786,0.5488664714177243,0.1270996640537514,0.822895064288677,0.7846660395108184,0.4993782022583694,0.3020561100790327,0.1474542789778882,0.0565834303704662,0.0801780379245168
0.1774528208675032,0.6901154783345693,0.8456350409214913,0.5577611454604621,0.1235535647629712,0.8183326420572377,0.7745061147695202,0.4979356314977864,0.3047010296293964,0.1523290639138469,0.0608099366024065,0.0831046887384915
0.1722161841715245,0.6794151922873185,0.8419975750227342,0.5661134613298622,0.1233669279581933,0.8105557859809207,0.7528692380056443,0.4880863552703576,0.3030951856166756,0.1539858535652838,0.0623194031138137,0.082007194683251
0.177551625333465,0.6886322703676236,0.8444983328281298,0.5584119752684673,0.1243001119820828,0.8167772708419744,0.7389463781749765,0.4834104362532955,0.3038823640542838,0.1591792518957497,0.0696942252124035,0.0867020303640022
0.1880248987254223,0.7144824663629621,0.8549560472870568,0.5395379108363163,0.1228070175438596,0.8365823309829947,0.7403574788334901,0.482912998059991,0.3078497433798293,0.168387178997005,0.0809074050114288,0.0982257179440278
0.198300563185456,0.7363068121623052,0.8626856623219158,0.522616335828181,0.1229003359462486,0.852550808793032,0.7412982126058325,0.4818186340347212,0.311155892817784,0.1764799592174855,0.090826756372105,0.1091396866044753
0.1927675130915917,0.7360949253098844,0.8667778114580177,0.525870484868207,0.1177678238148563,0.8552467855661552,0.7263405456255879,0.4717206387106402,0.3067791807046822,0.1768304339514433,0.0914736705912796,0.1068227547100786
0.1770576030036557,0.7360949253098844,0.8787511367080933,0.5344397440069422,0.103023516237402,0.8634384072998755,0.7068673565380996,0.4554544097895836,0.3002298561037816,0.1747275855476964,0.0887566308707465,0.0996280714590573
0.1730066198992194,0.7439347388494544,0.8875416792967566,0.5325957262175941,0.0956513624486749,0.8732890916632103,0.6968015051740357,0.4460528279361289,0.2968607323908183,0.175428535015612,0.0900504593090956,0.0993841838912261
0.1782432565951981,0.7630045555673269,0.8971658078205517,0.5200130165961601,0.0922918999626726,0.8892575694732476,0.7002822201317027,0.4423220414863453,0.2955697597531408,0.1789014210157395,0.0948376245309872,0.1052374855191756
0.1819978263017488,0.7800614471872019,0.9064868141861172,0.5092743247640742,0.0882792086599477,0.9038780588967236,0.7068673565380996,0.4395861314231706,0.2956642211656538,0.182469891034219,0.0997541725967137,0.1104810682275471
0.1709317261140203,0.7719038033690009,0.9091391330706275,0.5194706584228225,0.0814669652855543,0.9017005391953548,0.7028222013170272,0.4342137989354823,0.2911300733650304,0.1789014210157395,0.0953982835209384,0.104810682275471
0.1518624641833811,0.7547409683229155,0.9114883297969082,0.538670137758976,0.0710153042179918,0.8949605972625466,0.6949200376293508,0.4230711834054619,0.2839195188765389,0.1717007582998789,0.0863414844524949,0.0939576855069812
0.1496887659322201,0.7552706854539675,0.9135344043649593,0.5396463824709838,0.068682344158268,0.896619659892161,0.6947318908748824,0.4206337362582699,0.2814635221512012,0.1705537500796533,0.0850476560141458,0.0907871471251753
0.1591739946645588,0.772433520500053,0.9184601394361928,0.5256535415988719,0.0701754385964912,0.9083367897138116,0.7104421448730008,0.4303337810277072,0.2878868982020845,0.1761613458229783,0.0918186915081726,0.0983476617279434
0.1647070447584231,0.7846170145142493,0.9230069718096392,0.5164334526521315,0.0698954833893244,0.91746163417669,0.7268109125117591,0.4393374123265184,0.2931767373028118,0.1815459121901484,0.0975977918661318,0.1056642887628803
0.1623357375753384,0.7799555037609915,0.9214913610184904,0.5200130165961601,0.0697088465845465,0.9141435089174618,0.7234242709313263,0.4384420235785703,0.2918857646651343,0.1816733575479513,0.0979859403976366,0.1043229071398085
0.1559134472878174,0.7725394639262633,0.9211124583207032,0.5273890877535524,0.0670026129152669,0.9103069265864788,0.7098777046095954,0.4306819877630204,0.2875720268270411,0.1781048875294717,0.0932419027903566,0.0987134930796902
0.1578895366070546,0.7766712575484691,0.922628069111852,0.5241349387135263,0.0669092945128779,0.9133139776026544,0.7031984948259642,0.4253593990946624,0.2853679272017381,0.1758427324284713,0.0899642040798723,0.0959697579415889
0.1637190000988044,0.7827100328424621,0.9224765080327372,0.5178435839028094,0.0698021649869354,0.9161136457901288,0.7137347130761994,0.4309804506790031,0.2871941811769892,0.1780093035111196,0.0928537542588519,0.1013962563258338
0.1691532457267068,0.7851467316453012,0.9199757502273416,0.5136131901507756,0.0739081746920492,0.915595188718374,0.7216368767638758,0.434860468586778,0.2897446393148399,0.1811954374561906,0.0971233881054039,0.1070666422779099
0.1638178045647663,0.7838754105307764,0.9231585328887544,0.5173012257294717,0.0694288913773796,0.9171505599336376,0.7024459078080902,0.426752226035915,0.2865644384269026,0.1783916395845281,0.0949670073748221,0.1041399914639351
0.1518624641833811,0.7720097467952113,0.9238405577447713,0.5298839353509057,0.0633631952220978,0.911862297801742,0.6735653809971778,0.4143660150226335,0.28058188230108,0.1728796278595552,0.0878509509639021,0.0949332357783062
0.154727793696275,0.7703146519758448,0.9203546529251287,0.5292331055429005,0.066815976110489,0.9086478639568644,0.6641580432737535,0.4134706262746854,0.280204036651028,0.1728477665201045,0.0877215681200672,0.0943235168587281
0.1658926983499654,0.779319843203729,0.918308578357078,0.5184944137108146,0.0733482642777155,0.9116549149730402,0.6738476011288805,0.420534248619609,0.2845807487641298,0.1779774421716689,0.0942769655410359,0.1030424974086946
0.1744886868886473,0.7827100328424621,0.9141406486814188,0.5119861156307626,0.0799738708473311,0.9105143094151804,0.6866415804327375,0.4296871113764114,0.288611102364684,0.1826291977314726,0.1007029801181696,0.1110298152551673
0.1716233573757534,0.7676660663205848,0.9055774477114276,0.521206204577503,0.083986562150056,0.8972418083782662,0.6881467544684854,0.4288912102671243,0.2883906924021537,0.1815459121901484,0.0988916203044809,0.1076763611974879
0.160458452722063,0.7461595507998728,0.898757199151258,0.5384531944896409,0.0828667413213885,0.8819991704686851,0.6788334901222953,0.4222255384768442,0.2853364400642337,0.1773402153826546,0.0912149049036097,0.0985915492957746
0.1610512795178342,0.739908888653459,0.8938314640800243,0.5412734569909968,0.0861328854050018,0.8755703027789299,0.6799623706491063,0.4215291250062179,0.2842658773890866,0.1758108710890205,0.0887566308707465,0.0954210109139686
0.1679675921351645,0.7482784193240808,0.8945134889360413,0.5331380843909318,0.0890257558790593,0.8802364164247201,0.6952963311382878,0.4293389046410983,0.2883592052646494,0.1796342318231058,0.0943632207702592,0.1018230595695384
0.1718209663076771,0.7501854009958682,0.892922097605335,0.5301008786202408,0.0918253079507279,0.8800290335960183,0.7166509877704609,0.4375963786499527,0.2930822758902988,0.1848276301535716,0.1007461077327813,0.1092006584964331
0.1663867206797747,0.7333403962284138,0.885040921491361,0.541707343529667,0.0940649496080627,0.8664454583160515,0.7140169332079022,0.4362035517087002,0.2930507887527945,0.1845090167590645,0.0993228964505973,0.1070666422779099
0.1524552909791522,0.710774446445598,0.8796605031827828,0.5609068228658206,0.0908921239268384,0.8516175860638739,0.6994355597365944,0.4260558125652887,0.2862495670518593,0.178296055566176,0.0912580325182214,0.0977989147003231
0.1507756150578006,0.7080199173641274,0.8789026977872083,0.5631847271938388,0.0905188503172825,0.849751140605558,0.6936970837253057,0.423518877779436,0.283163827576435,0.1748550309054992,0.0878509509639021,0.093408938479361
0.1639166090307282,0.7289967157537873,0.8839042133979995,0.5452869074736957,0.0935983575961179,0.8634384072998755,0.6997177798682972,0.4275481271452022,0.286501464151894,0.1788376983368381,0.0935006684780264,0.1006645936223401
0.1692520501926687,0.7440406822756647,0.8904971203394969,0.5346566872762772,0.0921052631578947,0.8753629199502281,0.70310442144873,0.4293886484604288,0.2884221795396581,0.1811317147772892,0.097339026178462,0.1066398390342052
0.1596680169943681,0.736518699014726,0.8924674143679903,0.5437683045883501,0.0863195222097798,0.8729780174201576,0.6955785512699906,0.4222255384768442,0.283163827576435,0.1774357994010068,0.0926381161857937,0.1013962563258338
0.1455389783618219,0.7243352050005295,0.8945134889360413,0.5577611454604621,0.0783874580067189,0.8684155951887185,0.6795860771401694,0.4101875341988757,0.275323530337857,0.1705218887402026,0.0831069133566222,0.0898725687458081
0.1439581069064321,0.7280432249178937,0.8984540769930283,0.5566764291137867,0.0753079507278835,0.8729780174201576,0.673659454374412,0.4058598219171268,0.2720488680374067,0.1674313388134837,0.0794841937292448,0.0866410584720444
0.154036162434542,0.7469011547833456,0.9042133979993938,0.5414904002603319,0.0765210899589399,0.8861468270427209,0.6904045155221072,0.4140178082873203,0.2771182971756038,0.1734212706302173,0.0870315262862811,0.095299067130053
0.1621381286434147,0.7665006886322703,0.9120187935738104,0.5270636728495498,0.0754945875326614,0.9010783907092492,0.6995296331138288,0.4210814306322439,0.2822192134513051,0.1787102529790352,0.0937163065510846,0.1023108347052009
0.1561110562197411,0.7720097467952113,0.9205062140042436,0.5276060310228875,0.0674692049272116,0.9095810866860224,0.6971777986829727,0.4200865542456349,0.2821562391762965,0.1774039380615561,0.0928537542588519,0.1001768184866776
0.1411915818595,0.7615213476003813,0.9244468020612308,0.5411649853563293,0.0579507278835386,0.9070924927416012,0.6859830667920978,0.4140675521066507,0.2782833212632639,0.1736124386669215,0.0866433777547764,0.0908481190171331
0.1431676711787372,0.7681957834516367,0.9278569263413156,0.5366091767002928,0.0567375886524822,0.9127955205309,0.6857949200376293,0.4132219071780331,0.2772757328631254,0.1733256866118651,0.0859964635356018,0.0902993719895128
0.1572967098112834,0.7804852208920435,0.9257350712337074,0.5225078641935135,0.064762971257932,0.9173579427623394,0.6969896519285042,0.4183952643883997,0.2808022922636103,0.1759701777862741,0.0916893086643377,0.0990183525394793
0.1694496591245924,0.7899141858247696,0.9231585328887544,0.5111183425534223,0.0721351250466592,0.9201576109498134,0.7015051740357479,0.4222255384768442,0.2830693661639221,0.1789332823551902,0.097339026178462,0.1070666422779099
0.1632249777689951,0.7856764487763535,0.9249014852985754,0.5166503959214666,0.0680291153415453,0.9193280796350064,0.6934148635936029,0.4171019250858081,0.2808022922636103,0.1770534633275983,0.0954414111355501,0.1041399914639351
0.1524552909791522,0.7758237101387857,0.9260381933919368,0.5276060310228875,0.0622433743934304,0.9151804230609706,0.6672624647224835,0.4049146893498482,0.2738436348751535,0.1712228382081182,0.0884978651830767,0.0938357417230656
0.1554194249580081,0.7760355969912066,0.923992118823886,0.525870484868207,0.0649496080627099,0.91393612608876,0.6507055503292568,0.3992438939461772,0.2712931767373028,0.1704900274007519,0.0868590158278345,0.0929211633436985
0.1677699832032408,0.7818624854327787,0.9186874810548652,0.5161080377481289,0.0740014930944382,0.9132102861883036,0.6528692380056443,0.405213152265831,0.2749141975503007,0.1738354680430765,0.0915599258205028,0.1006645936223401
0.1734018377630669,0.7811208814493059,0.913837526523189,0.5133962468814406,0.0796939156401642,0.9094773952716716,0.6619002822201316,0.4106849723921802,0.2777165527881861,0.1764480978780347,0.0956139215939966,0.1067617828181208
0.1649046536903468,0.7621570081576438,0.9067899363443468,0.527714502657555,0.08006718924972,0.8953753629199502,0.6564440263405456,0.4068049544844053,0.2758588116754306,0.1740266360797808,0.0930262647172985,0.1026156941649899
0.1526528999110759,0.7446763428329272,0.9036829342224916,0.5434428896843475,0.0761478163493841,0.8846951472418083,0.6489181561618061,0.4018305725513605,0.2727100979249976,0.1705537500796533,0.0874196748177858,0.0944454606426437
0.150479201659915,0.7452060599639792,0.9057290087905429,0.5444191343963554,0.0738148562896603,0.8863542098714227,0.6536218250235183,0.4016813410933691,0.2712302024622942,0.1694067418594277,0.0854358045456505,0.0925553319919517
0.1629285643711095,0.7539993643394427,0.9024704455895726,0.5330296127562643,0.0817469204927211,0.8884280381584404,0.6757290686735654,0.4121275431527633,0.2777795270631947,0.1745682788504428,0.0912580325182214,0.1001768184866776
0.1673747653393933,0.7547409683229155,0.8995907850863898,0.5302093502549083,0.0855729749906681,0.8867689755288263,0.6964252116650987,0.4197383475103218,0.281054189363645,0.1770534633275983,0.0947944969163755,0.1047497103835132
0.1546289892303132,0.7432990782921919,0.901182176417096,0.5430090031456775,0.0786674132138858,0.8823102447117378,0.6920978363123236,0.4158583296025469,0.2779369627507164,0.1733256866118651,0.089877948850649,0.0988964087555637
0.1408951684616144,0.7340820002118867,0.9051985450136406,0.5553747694977763,0.0697088465845465,0.8805474906677727,0.6846660395108184,0.4097398398249017,0.2738751220126578,0.1688013764098642,0.082891275283564,0.0898725687458081
0.1409939729275763,0.7335522830808346,0.9047438617762958,0.5555917127671114,0.0699888017917133,0.8800290335960183,0.6867356538099717,0.40954086454758,0.2733398406750842,0.1675587841712865,0.08146806400138,0.0881653557709895
0.1534433356387708,0.7431931348659815,0.902015762352228,0.5437683045883501,0.0775475923852183,0.8828287017834924,0.7005644402634055,0.4159080734218773,0.2759217859504392,0.1697890779328363,0.0850476560141458,0.0939576855069812
0.161150083983796,0.7489140798813433,0.9001970294028494,0.5366091767002928,0.0823068309070548,0.8843840729987558,0.7108184383819379,0.4197880913296523,0.2773387071381341,0.1719237876760339,0.0875490576616207,0.0988964087555637
0.1538385535026183,0.7367305858671469,0.8970900272809943,0.546805510359041,0.0808137364688316,0.8762961426793862,0.7038570084666039,0.4147142217579466,0.2733713278125885,0.1689288217676671,0.0834519342735153,0.0951161514541796
0.1420808220531568,0.7176607691492742,0.8924674143679903,0.5630762555591712,0.0780141843971631,0.8638531729572791,0.6888993414863593,0.4033726309506044,0.2663811832866274,0.162556553877525,0.0756458360288092,0.085177733065057
0.1371405987550637,0.7132111452484372,0.8930736586844499,0.5680659507538778,0.0754012691302725,0.861986727498963,0.6866415804327375,0.3991444063075163,0.2644604678988633,0.1601988147581724,0.0732738172251692,0.0822510822510822
0.1423772354510424,0.7205212416569551,0.8943619278569264,0.5614491810391583,0.0770810003732736,0.8664454583160515,0.6952022577610536,0.4021290354673432,0.2669794388992097,0.1618237430701586,0.0762496226333721,0.0863971709042131
0.1445509337022033,0.7285729420489457,0.8983782964534709,0.5561340709404491,0.0755879059350504,0.8731854002488594,0.7061147695202258,0.4057105904591355,0.2681444629868699,0.1641814821895112,0.0793116832707983,0.0901164563136394
0.1355597272996739,0.7291026591799977,0.9057290087905429,0.5607983512311531,0.066815976110489,0.878473662380755,0.7077140169332079,0.4043177635178829,0.2679555401618439,0.1638310074555534,0.0781903652908957,0.0870068898237912
0.1243948226459835,0.7243352050005295,0.9108820854804486,0.5693676103698883,0.0584173198954834,0.8796142679386146,0.7007525870178739,0.4018305725513605,0.2662552347366101,0.1615051296756515,0.0737482209858972,0.0812755319797573
0.1261733030332971,0.7297383197372602,0.9133070627462868,0.5655711031565246,0.0576707726763718,0.8839693073413522,0.7,0.4024772422026564,0.2660348247740798,0.1619193270885108,0.0748264113511881,0.0824339979269556
0.135460922833712,0.7441466257018752,0.9164898454076994,0.5530968651697582,0.0601903695408734,0.8931978432185815,0.7142991533396048,0.4090434263542755,0.2704430240246859,0.1660613012171031,0.0799154698753612,0.088957990366441
0.1420808220531568,0.7552706854539675,0.9194452864504395,0.5438767762230177,0.0614968271743188,0.9006636250518456,0.7196613358419567,0.4125752375267373,0.2720488680374067,0.1684190403364557,0.0834950618881269,0.0929211633436985
0.1377334255508349,0.7532577603559698,0.9212640193998184,0.5472393968977113,0.0583240014930944,0.9009746992948984,0.7010348071495767,0.4063075162911008,0.2686797443244434,0.165965717198751,0.0803467460214775,0.088957990366441
0.1355597272996739,0.7521983260938658,0.9221733858745074,0.5489749430523918,0.0566442702500933,0.9009746992948984,0.6693320790216368,0.3948664378450978,0.263862212286281,0.1622698018224686,0.0757752188726441,0.0832266325224071
0.1428712577808517,0.7655471977963766,0.9261139739314944,0.5381277795856384,0.0577640910787607,0.9102032351721276,0.6527751646284101,0.3904889817440183,0.2621933939985516,0.1616644363729051,0.0762064950187605,0.0845680141454789
0.157593123209169,0.7841932408094078,0.9281600484995454,0.5205553747694978,0.0633631952220978,0.9207797594359188,0.6509877704609595,0.3939213052778192,0.2663182090116188,0.1664436372905117,0.0836244447319618,0.0941406011828547
0.1622369331093765,0.7800614471872019,0.9217187026371628,0.5201214882308276,0.0696155281821575,0.9143508917461634,0.6543744120413922,0.3982490175595682,0.2699077426871123,0.1697253552539349,0.0887135032561349,0.1020059752454118
0.1566050785495504,0.7582371013878588,0.9103516217035466,0.5343312723722746,0.0739081746920492,0.8958938199917047,0.6430856067732831,0.394120280555141,0.2665386189741491,0.1669852800611737,0.0853926769310389,0.0993232119992683
0.1474162632150973,0.7387435109651446,0.9034555926038194,0.549408829591062,0.0738148562896603,0.8815844048112818,0.6303857008466603,0.3875540964035219,0.261941496898517,0.1622379404830179,0.0786647690516237,0.090543259557344
0.1487007212726015,0.7330225659497827,0.8983782964534709,0.5515782622844126,0.0775475923852183,0.8753629199502281,0.6370649106302916,0.3910361637566532,0.2634213923612205,0.1623972471802714,0.0785785138224005,0.0895067373940613
0.1591739946645588,0.7417099268990358,0.8965595635040922,0.5413819286256644,0.0836132885405002,0.8783699709664039,0.6535277516462841,0.3991444063075163,0.2679555401618439,0.1671445867584273,0.0849614007849226,0.0959697579415889
0.1638178045647663,0.7441466257018752,0.8947408305547135,0.5375854214123006,0.0869727510265024,0.8782662795520532,0.6689557855126999,0.4048152017111873,0.2718284580748764,0.1706174727585547,0.0888860137145814,0.0998109871349308
0.1506768105918387,0.7325987922449411,0.8965595635040922,0.5507104892070723,0.0796005972377753,0.8739112401493156,0.6650047036688617,0.4016315972740387,0.2694669227620517,0.1683553176575543,0.0847026350972527,0.0944454606426437
0.1303230906036953,0.7218985061976904,0.904592300697181,0.5673066493112051,0.0650429264650989,0.8742223143923683,0.6555973659454375,0.3910361637566532,0.2629175981611512,0.1627158605747785,0.0771121749256048,0.0839582952259008
0.1199486216776998,0.7393791715224071,0.9249772658381328,0.564052500271179,0.047592385218365,0.896619659892161,0.6588899341486358,0.3832761279411033,0.2603986271608048,0.1619511884279615,0.0741794971320136,0.0774952746783732
0.1166880743009584,0.7901260726771903,0.963776902091543,0.5398633257403189,0.0221164613661814,0.9480506014102033,0.669426152398871,0.373476595533005,0.2583204760855191,0.1641814821895112,0.0757752188726441,0.0760929211633437
0.1085861080920857,0.8205318359995761,0.9917399211882388,0.5287992190042304,0.0011198208286674,0.9820613853172958,0.6866415804327375,0.3694473461672387,0.2593910387606662,0.168833237749315,0.0805623840945357,0.0763368087311749
0.1128347001284458,0.8161881555249496,0.9854501364049713,0.5286907473695629,0.0069988801791713,0.9756325176275406,0.7172154280338664,0.3952146445804109,0.2869422840769546,0.1996112916587013,0.108120929831371,0.0951161514541796
0.1615453018476435,0.8116325881979022,0.9448317672021824,0.5042846295693676,0.0550578574094811,0.945562007465782,0.7638758231420508,0.4683878028155002,0.3603702887370509,0.281208181991971,0.1847587009962479,0.1590756661179196
0.2716134769291572,0.8064413603135925,0.8566989996968778,0.4464692482915717,0.1612541993281075,0.8828287017834924,0.8000940733772343,0.5729493110481023,0.4775969016656696,0.4140062448225323,0.3114245051106223,0.2759587830010365
0.4340480189704574,0.8201080622947344,0.7418157017277963,0.3503633799761362,0.3086972751026502,0.8108668602239736,0.7866415804327375,0.6989504054121276,0.6316004911993451,0.5853883897279042,0.4751369301763919,0.435705139930492
0.6063630076079439,0.8532683546985909,0.6333737496210974,0.2388545395379108,0.4567935796939156,0.752903359601825,0.728316086547507,0.8187335223598469,0.7863597720331246,0.7542534888166699,0.6382886962522103,0.6017925736235596
0.7535816618911175,0.893420913232334,0.5491815701727797,0.137433561123766,0.578200821201941,0.7149523019493986,0.6214487300094073,0.88902153907377,0.8755943197203944,0.8521633849487033,0.7494716867210075,0.7333089445765504
0.8835095346309652,0.9034855387223224,0.4567293119127008,0.0609610586831543,0.6964352370287422,0.6566777270841975,0.4633113828786454,0.9056359747301398,0.9058849459995592,0.877843624545976,0.8069176693837065,0.8309249436010001
0.9110759806343248,0.8428858989299712,0.392240072749318,0.0767979173446144,0.7492534527808884,0.5828494400663625,0.3680150517403575,0.8514152116599513,0.8633458232312101,0.8159370419932455,0.7665502221072154,0.8283641241387721
0.8012054144847347,0.7302680368683122,0.3959533191876326,0.1948150558628918,0.6950354609929078,0.5302778929904605,0.2730009407337723,0.6380142267323285,0.6567272269278001,0.6245141145733767,0.6002070125501359,0.693494299128102
0.5898626617923131,0.6900095349083588,0.5292512882691724,0.3314893155439852,0.5131578947368421,0.6017212774782248,0.1538099717779868,0.3250758593244789,0.332472684908215,0.3358822404893902,0.3420019838702721,0.4596670934699103
0.3668609821163917,0.7306918105731539,0.7293876932403759,0.4330187655927975,0.2846211272863009,0.758606387391124,0.0856067732831608,0.0944137690891906,0.0722944677099404,0.0762123239660995,0.0883684823392418,0.2126699591488323
0.2869281691532457,0.7401207755058796,0.7974386177629584,0.4720685540731099,0.2049272116461366,0.8097262546661137,0.1264346190028221,0.0905337511814157,0.0352341068673447,0.018925635633722,0.0150946651140725,0.1252972379732943
0.2720086947930046,0.7560122894374403,0.8202485601697485,0.4720685540731099,0.1839305711086226,0.8331605143094153,0.296519285042333,0.22419539372233,0.1346704871060172,0.0871726247371439,0.0545133048691077,0.1341991341991342
0.2405888746171327,0.7862061659074054,0.8658684449833283,0.4739125718624579,0.1409107876073161,0.8791995022812111,0.4777046095954844,0.3397005422076307,0.220378475392802,0.1458612120053527,0.0892310346314745,0.1360282909578684
0.2052168758027863,0.7909736200868736,0.8964837829645348,0.4909426185052608,0.1053564762971258,0.9024263790958108,0.5980244590780809,0.4060090533751181,0.2680814887118612,0.1739629134008793,0.0988053650752577,0.1229193341869398
0.1781444521292362,0.7558004025850195,0.8920885116702031,0.5237010521748563,0.095371407241508,0.882206553297387,0.6465663217309501,0.4215788688255484,0.2789130640133506,0.1771171860064997,0.0945357312287057,0.1104200963355893
0.1563086651516648,0.7261362432461066,0.8876174598363141,0.5509274324764074,0.087812616648003,0.8645790128577354,0.6630291627469426,0.413321394816694,0.2736861991876319,0.1683234563181036,0.0829775305127873,0.0957868422657155
0.147613872147021,0.729420489458629,0.8966353440436495,0.5539646382470983,0.0781075027995521,0.8723558689340523,0.6743179680150517,0.4063075162911008,0.2703800497496773,0.1626202765564264,0.0770690473109932,0.0885311871227364
0.1518624641833811,0.744888229685348,0.9044407396180664,0.5437683045883501,0.0753079507278835,0.8853172957279138,0.6682031984948259,0.4054121275431528,0.2699077426871123,0.1622698018224686,0.076853409237935,0.0881653557709895
0.1519612686493429,0.7429812480135607,0.9030009093664748,0.5447445493003579,0.076241134751773,0.8833471588552468,0.6594543744120414,0.4051634084465005,0.2686167700494348,0.1605811508315809,0.0761633674041488,0.0876775806353271
0.1395119059381484,0.7146943532153829,0.892240072749318,0.5660049896951946,0.0769876819708846,0.8621941103276648,0.6541862652869238,0.4019798040093518,0.2659718504990712,0.1559931179506786,0.0696079699831802,0.0809097006280104
0.128347001284458,0.6888441572200446,0.8823886026068506,0.5854214123006833,0.0777342291899962,0.8428038158440481,0.655409219190969,0.4000397950554644,0.2634528794987248,0.1512776397119735,0.0617156165092508,0.0704225352112676
0.1302242861377334,0.6822756647949993,0.8762503789026979,0.5876993166287016,0.0824001493094438,0.8354417254251348,0.6691439322671684,0.4033726309506044,0.2642715450738374,0.1501624928311986,0.0593867253202225,0.0667642216937991
0.1395119059381484,0.6872550058268884,0.8726129130039407,0.5801063022019742,0.0890257558790593,0.835338034010784,0.6870178739416745,0.4125752375267373,0.2692779999370257,0.1537946855285796,0.0635269763229395,0.0712761416986769
0.1419820175871949,0.6873609492530989,0.8709457411336768,0.5786961709512962,0.0912653975363941,0.8341974284529241,0.6979303857008466,0.417201412724469,0.2709153310872508,0.1546230803542981,0.064777677146677,0.0734101579172001
0.1322003754569706,0.6713634918953278,0.8669293725371324,0.592255125284738,0.0891190742814483,0.8236209041891333,0.6920037629350893,0.4119783116947719,0.2679240530243396,0.150449244886255,0.0597317462371156,0.065849643314432
0.1231103645884793,0.6537768831444007,0.8613216126098819,0.6061394945221824,0.0882792086599477,0.811281625881377,0.6827845719661335,0.4055613590011441,0.2632324695361945,0.1454470145924934,0.052572562211584,0.0577403816840436
0.1231103645884793,0.6484797118338806,0.8575325856320097,0.6088512853888708,0.0906121687196715,0.8060970551638325,0.6882408278457197,0.4056608466398049,0.2622563682735602,0.144172561014465,0.0504593090956139,0.0567648314127187
0.1331884201165892,0.6580146201928169,0.8566232191573204,0.5985464800954551,0.0959313176558417,0.8101410203235173,0.7029162746942615,0.4116798487787892,0.2651846720614629,0.1461798253998598,0.0539526458791564,0.0612157795256386
0.136251358561407,0.6640533954868099,0.8585935131858139,0.5937737281700836,0.0961179544606196,0.8143923683119038,0.7115710253998119,0.4155101228672337,0.2674517459617746,0.1482826738036067,0.0567559408289127,0.0635936833119931
0.1233079735204031,0.6514461277677719,0.8595786602000606,0.6073326825035253,0.0894923478910041,0.8088967233513066,0.7081843838193791,0.411878824056111,0.2653106206114802,0.1452558465557892,0.0524431793677491,0.0575574660081702
0.1095741527517043,0.6351308401313698,0.8582903910275841,0.6231695411649854,0.0837066069428891,0.7999792617171299,0.7043273753527751,0.4087449634382928,0.2629490852986555,0.141751099216211,0.0466640790097899,0.0487775135662459
0.1109574152751704,0.6415933891302045,0.8619278569263412,0.6191560906822865,0.0822135125046659,0.805682289506429,0.7138287864534336,0.4144157588419639,0.2656884662615322,0.1439813929777607,0.0482598007504205,0.0501798670812755
0.1185653591542337,0.6574849030617649,0.8673840557744771,0.6067903243301876,0.0824001493094438,0.817192036499378,0.7358419567262465,0.4261553002039496,0.2730564564375453,0.1497801567577901,0.0543839220252728,0.0591427351990732
0.1209366663373184,0.6614048098315499,0.8684449833282814,0.6035361752901616,0.0828667413213885,0.8197843218581502,0.7509877704609595,0.4319255832462816,0.2767404515255518,0.1527432613267061,0.0577047483503687,0.0628010487165416
0.111945459934789,0.6539887699968215,0.8700363746589876,0.6122139060635644,0.0776409107876073,0.8172957279137287,0.7476011288805267,0.429189673183107,0.2745993261752574,0.1499076021155929,0.0539526458791564,0.0569477470885921
0.101274577610908,0.6443479182116749,0.8713246438314641,0.6229525978956503,0.0717618514371034,0.8134591455827457,0.7466603951081843,0.426752226035915,0.2725211750999717,0.1457656279870005,0.0486048216673136,0.0488994573501615
0.1046339294536113,0.6459370696048309,0.8698848135798727,0.6203492786636295,0.0742814483016051,0.8132517627540439,0.7548447789275634,0.431079938317664,0.2751660946503353,0.1467851908494233,0.0494673739595463,0.0492043168099506
0.1165892698349965,0.6622523572412331,0.8723855713852683,0.6054886647141773,0.0783874580067189,0.822895064288677,0.7731890874882409,0.4413769089190668,0.2811801379136623,0.1533804881157204,0.0570147065165825,0.0578013535760014
0.1177749234265388,0.6697743405021717,0.8767808426796,0.6009328560581408,0.076241134751773,0.8296350062214848,0.7816556914393227,0.4484902750833209,0.2848641330016688,0.1572994328681577,0.0614137232069694,0.0649350649350649
0.1074004545005434,0.6591799978811314,0.8771597453773872,0.6119969627942292,0.0711086226203807,0.8247615097469929,0.7773283160865474,0.4454559021041635,0.2824081362763311,0.1531574587395654,0.0558071333074567,0.0582891287116639
0.0963343543128149,0.6453014090475684,0.8757956956653531,0.6252305022236685,0.0667226577081,0.8169846536706762,0.7691439322671683,0.4388399741332139,0.2784092698132813,0.1482189511247053,0.0492086082718764,0.0488384854582037
0.1005829463491749,0.6538828265706113,0.8785995756289785,0.6185052608742815,0.0670026129152669,0.8231024471173788,0.7690498588899342,0.4389892055912053,0.2781573727132467,0.148027783088001,0.048906714969595,0.0487165416742881
0.1135263313901788,0.6718932090263798,0.8816307972112762,0.6022345156741512,0.0712019410227697,0.8339900456242223,0.7746001881467545,0.4451076953688504,0.283447211813974,0.151883005161537,0.0550739638590589,0.0571306627644655
0.1144155715838355,0.6766606632058481,0.8843588966353441,0.5993057815381279,0.0699888017917133,0.838137702198258,0.7804327375352774,0.4488882256379645,0.2855883371642684,0.1530300133817626,0.0581360244964851,0.0610328638497652
0.1015709910087936,0.6572730162093441,0.8804183085783571,0.6162273565462631,0.0663493840985442,0.8260058067192038,0.7690498588899342,0.4432174302342934,0.2808022922636103,0.1474542789778882,0.0511924785440117,0.0531674897872081
0.0939630471297302,0.6443479182116749,0.8769324037587147,0.6269660483783491,0.064856289660321,0.8172957279137287,0.7634054562558796,0.4410287021837537,0.2772442457256211,0.1429299687758873,0.0454133781860525,0.0462776659959758
0.1001877284853275,0.6527174488822968,0.878144892391634,0.6193730339516217,0.0670959313176558,0.8221692243882207,0.7667920978363123,0.4446600009948763,0.2783148084007683,0.1427069393997323,0.0444645706645965,0.0472532162673007
0.1152060073115304,0.6670198114207012,0.8768566232191574,0.6037531185594966,0.0749346771183277,0.8282870178349233,0.7787394167450612,0.4535641446550266,0.283447211813974,0.1465621614732683,0.0495967568033812,0.0550576184379001
0.1217271020650133,0.6639474520605996,0.869733252500758,0.6016921575008135,0.0824934677118328,0.8219618415595189,0.784101599247413,0.4606775108192807,0.2856198243017727,0.1472312496017332,0.0505886919394488,0.0583501006036217
0.1158976385732635,0.64042801144189,0.8573052440133374,0.6169866579889359,0.0873460246360582,0.8019493985897967,0.7742238946378174,0.4575436502014625,0.282880443338896,0.1424839100235773,0.045111484883771,0.0524358270837144
0.1144155715838355,0.623900836953067,0.8466201879357381,0.6263152185703438,0.0932250839865621,0.7864993778515139,0.7619002822201317,0.4573446749241407,0.2818413678012532,0.1391703307207035,0.0411868719541122,0.0490214011340771
0.125481671771564,0.6215700815764382,0.8365413761745984,0.6213255233756373,0.1046099290780142,0.7785151389464954,0.7686735653809971,0.4644082972690643,0.2850845429641991,0.1393933600968584,0.0423081899340147,0.0515822205963051
0.1414879952573856,0.630469329378112,0.8305547135495606,0.6079835123115305,0.1159014557670772,0.778722521775197,0.7882408278457196,0.4771924588369896,0.2911615605025348,0.1430255527942394,0.0481304179065856,0.0597524541186513
0.1456377828277838,0.6295158385422183,0.826689906032131,0.6062479661568501,0.1202874206793579,0.7756117793446703,0.7981185324553152,0.4874396856190618,0.2956957083031582,0.1450328171796342,0.0507612023978953,0.0649350649350649
0.1325955933208181,0.6091747007098208,0.8221430736586846,0.6238203709729906,0.1169279581933557,0.7625466611364579,0.796519285042333,0.4880366114510272,0.2951919141030889,0.1420378512712674,0.0451546124983827,0.0593866227669044
0.1275565655567631,0.5978387541053077,0.8178993634434678,0.6323896301117258,0.1171145949981336,0.7541476565740357,0.7893697083725304,0.485897627219818,0.29396391574042,0.1386286879500414,0.0401949368180446,0.0520090238400097
0.1359549451635214,0.6038775293993007,0.8157017277963019,0.6246881440503309,0.1224337439343038,0.7555993363749481,0.7940733772342428,0.4941053574093419,0.2991278062911301,0.1419422672529153,0.0436020183723638,0.056338028169014
0.1510720284556862,0.6218879118550693,0.8170657775083359,0.6071157392341903,0.1287793952967525,0.765346329323932,0.8117591721542803,0.5086802964731633,0.3106520986177147,0.1525202319505512,0.0564540475266313,0.0728004389976221
0.1590751901985969,0.6382031994914714,0.8225977568960291,0.5944245579780887,0.1291526689063083,0.7770634591455828,0.8256820319849483,0.5181316221459484,0.3196259328064486,0.1617281590518065,0.0678397377841031,0.0842021827937321
0.1550242070941606,0.6451954656213581,0.8307062746286754,0.5931228983620783,0.122153788727137,0.7860846121941104,0.8234242709313264,0.5196239367258618,0.3238766963695331,0.166953418721723,0.0718506059429853,0.0861532833363819
0.1523564865131904,0.6598156584383937,0.8432100636556532,0.5870484868206964,0.1131952220977977,0.8017420157610949,0.812041392285983,0.5158931502760782,0.3259233603073145,0.1724017077677945,0.0769396644671583,0.0893847936101457
0.1624345420413002,0.6885263269414131,0.8560169748408609,0.566872762772535,0.1101157148189623,0.8245541269182912,0.8053621825023517,0.5163408446500523,0.3311817122705375,0.1817370802268527,0.0888860137145814,0.100054874702762
0.1786384744590455,0.7115160504290707,0.8600333434374053,0.5461546805510359,0.1153415453527435,0.8385524678556616,0.8113828786453434,0.5216136894990798,0.3375736011839164,0.1930478557318549,0.1025143399318583,0.1151149320163404
0.1835786977571386,0.7177667125754845,0.8607153682934223,0.5402972122789891,0.1172079134005226,0.8421816673579429,0.8009407337723424,0.5165398199273741,0.3373217040838818,0.1988147581724335,0.1093285030404968,0.1220657276995305
0.1720185752396008,0.710774446445598,0.8645801758108518,0.5501681310337347,0.1093691675998507,0.8413521360431356,0.7730009407337723,0.4990797393423867,0.3295128939828081,0.1970942458420952,0.1078190365290895,0.1167611730992012
0.1651022626222705,0.7103506727407563,0.8695816914216429,0.5541815815164335,0.103023516237402,0.8445665698880133,0.7481655691439322,0.481569914938069,0.3203816241065525,0.1939081118970241,0.103980678828654,0.110176208767758
0.171129335045944,0.7283610551965248,0.8778417702334042,0.541707343529667,0.1007838745800672,0.8589796764827872,0.7438381937911571,0.475252449883102,0.3186813186813187,0.1960746829796724,0.1082934402898175,0.1146881287726358
0.1814049995059776,0.7497616272910265,0.8852682631100334,0.5251111834255342,0.101063829787234,0.8746370800497719,0.7471307619943555,0.4746555240511366,0.318901728643849,0.2000573504110113,0.1157545176176305,0.1237119687823913
0.1774528208675032,0.7465833245047143,0.8859502879660504,0.528907690638898,0.0987308697275102,0.8734964744919121,0.7428033866415804,0.4700790926727354,0.3156270663433987,0.2004078251449691,0.1173071117436494,0.1257850131089568
0.1634225867009189,0.7279372814916834,0.8834495301606548,0.5461546805510359,0.0936916759985069,0.8626088759850684,0.7239887111947318,0.4551062030542706,0.3083220504423943,0.195469317530109,0.1111829904687971,0.1176757514785683
0.1556170338899318,0.7139527492319101,0.8794331615641104,0.557544202191127,0.0924785367674505,0.8530692658647864,0.7108184383819379,0.442620504402328,0.2996630876287037,0.1887147135665583,0.103506275067926,0.1091396866044753
0.1610512795178342,0.7073842568068651,0.8705668384358897,0.5579780887297972,0.1005039193729003,0.8437370385732061,0.7050799623706491,0.4376958662886136,0.2951289398280802,0.1858471930159944,0.1008754905766162,0.1074324736296567
0.1705365082501729,0.7071723699544443,0.8631403455592604,0.5527714502657555,0.1095558044046286,0.8386561592700125,0.7000940733772342,0.4353081629607521,0.293869454327907,0.1860383610526986,0.1037650407555958,0.1118834217425766
0.1665843296116984,0.703146519758449,0.8632919066383753,0.5571103156524569,0.1075961179544606,0.8366860223973455,0.6915333960489181,0.4303835248470378,0.2897761264523442,0.1832982858599375,0.1020399361711303,0.1112127309310408
0.1529493133089615,0.687149062400678,0.862382540163686,0.5727302310445819,0.1017170586039567,0.8282870178349233,0.677516462841016,0.4197383475103218,0.2821562391762965,0.1761294844835277,0.0935006684780264,0.1010304249740869
0.1442545203043177,0.6799449094183705,0.8638223704152773,0.5811910185486495,0.0967711832773423,0.825694732476151,0.6638758231420507,0.4096900960055713,0.2763311187379955,0.1713821449053718,0.0867727605986113,0.0938357417230656
0.1522576820472285,0.6863015149909947,0.862230979084571,0.5735980041219222,0.1014371033967898,0.8277685607631688,0.6669802445907808,0.4113813858628065,0.27752762996316,0.1736443000063723,0.0890153965584163,0.096884336320956
0.1609524750518723,0.6967899141858246,0.863064565019703,0.5634016704631739,0.1050765210899589,0.8334715885524678,0.6857949200376293,0.4208824553549221,0.2815264964262099,0.1782004715478238,0.096994005261569,0.1056033168709225
0.1638178045647663,0.6902214217607796,0.8561685359199757,0.565245688252522,0.110675625233296,0.8255910410618001,0.6973659454374412,0.4262050440232801,0.283730596051513,0.1803351812910214,0.0985897270021995,0.1080421925492348
0.1544313802983895,0.6718932090263798,0.8501818732949379,0.5797808872979716,0.1099290780141844,0.8124222314392369,0.6918156161806209,0.4226234890314878,0.280770805126106,0.1762887911807812,0.0925087333419588,0.1013962563258338
0.1463294140895168,0.6584383938976586,0.8468475295544106,0.5910619373033952,0.1081560283687943,0.8036084612194111,0.6856067732831609,0.4181962891110779,0.2777165527881861,0.171573312942076,0.0873334195885625,0.0937747698311078
0.1528505088429997,0.6614048098315499,0.8439678690512278,0.585963770474021,0.1130085852930198,0.8030900041476566,0.6922859830667921,0.4226732328508182,0.2800780881010107,0.1728477665201045,0.0892741622460861,0.0953600390220108
0.1605572571880248,0.6750715118126919,0.8478326765686572,0.5746827204685975,0.1143150429264651,0.8124222314392369,0.7111947318908748,0.4308312192210118,0.2855883371642684,0.1782004715478238,0.0953982835209384,0.1043229071398085
0.1614464973816816,0.6761309460747961,0.8479084571082147,0.5737064757565896,0.1146883165360209,0.8129406885109913,0.7208842897460018,0.434412774212804,0.2879498724770931,0.1801440132543172,0.0974684090222969,0.1071885860618255
0.1442545203043177,0.6584383938976586,0.8484389208851169,0.592255125284738,0.1061963419186263,0.8046453753629199,0.7144873000940734,0.4287419788091329,0.2844548002141125,0.1763525138596826,0.0914736705912796,0.0976159990244497
0.1310147218654283,0.6567432990782921,0.8573810245528949,0.6002820262501356,0.0944382232176185,0.8100373289091662,0.7120413922859831,0.423419390140775,0.2816839321137315,0.1742496654559358,0.0872040367447276,0.0904822876653862
0.1341764647762079,0.6785676448776352,0.870642618975447,0.5874823733593665,0.087812616648003,0.8297386976358359,0.7174035747883348,0.4263542754812714,0.2843288516640953,0.1777544127955139,0.0916461810497261,0.0952380952380952
0.1488983302045252,0.7078080305117066,0.8801909669596848,0.5643779151751818,0.0888391190742814,0.850580671920365,0.7313264346190027,0.4366015022633438,0.2916023804275954,0.1850187981902759,0.1005735972743347,0.1059691482226693
0.1485031123406778,0.710562559593177,0.882464383146408,0.5631847271938388,0.0872527062336693,0.85348403152219,0.7390404515522107,0.4409789583644232,0.2943732485279763,0.1883005161536991,0.1041963169017121,0.1104810682275471
0.1352633139017883,0.6894798177773068,0.8774628675356169,0.5811910185486495,0.0840798805524449,0.8397967648278724,0.7327375352775164,0.4360045764313784,0.2905633048899525,0.1848276301535716,0.0993228964505973,0.1034693006523992
0.1314099397292757,0.6780379277465832,0.8723097908457109,0.589217919514047,0.0854796565882792,0.8305682289506429,0.722107243650047,0.4307317315823509,0.2872886425895022,0.1811954374561906,0.0943632207702592,0.0958478141576733
0.137634621084873,0.6817459476639474,0.8701879357381025,0.5839028094153379,0.089678984695782,0.8309829946080465,0.7228598306679209,0.4325722528975775,0.2887370509147013,0.1823743070158669,0.0960020701255013,0.0977989147003231
0.1513684418535718,0.6895857612035171,0.8652622006668689,0.5722963445059116,0.099197461739455,0.8313977602654501,0.7324553151458137,0.4404317763517883,0.2939954028779244,0.187535844006882,0.1026437227756932,0.1073715017376989
0.1520600731153048,0.6865134018434155,0.8625341012428008,0.5735980041219222,0.1012504665920119,0.8280796350062215,0.7386641580432737,0.4418743471123713,0.2943102742529677,0.1885554068693048,0.1040238064432656,0.1099323211999268
0.1438593024404703,0.671681322173959,0.8582146104880267,0.5856383555700184,0.1000373273609556,0.8178141849854832,0.729068673565381,0.4367009899020047,0.2906262791649611,0.1848594914930224,0.0986759822314227,0.1017620876775806
0.1411915818595,0.6624642440936539,0.8537435586541376,0.591821238746068,0.1015304217991788,0.8103484031522191,0.7126058325493885,0.4300353181117246,0.2869737712144589,0.1811317147772892,0.0942338379264243,0.0954210109139686
0.1543325758324276,0.6731645301409047,0.851242800848742,0.5791300574899664,0.1092758491974617,0.8137702198257986,0.7048918156161805,0.4317763517882903,0.2899650492773702,0.1850187981902759,0.099236641221374,0.1029815255167367
0.1686592233968975,0.6867252886958364,0.8499545316762656,0.5642694435405142,0.1167413213885778,0.8195769390294483,0.706961429915334,0.4366015022633438,0.2928303787902642,0.1890014656216147,0.1057920386423427,0.1132857752576062
0.1686592233968975,0.6805805699756329,0.8454834798423765,0.5674151209458727,0.1195408734602463,0.8134591455827457,0.7044214487300093,0.4360045764313784,0.2934916086778551,0.1903396418785445,0.1083365679044292,0.1167002012072434
0.1577907321410927,0.6626761309460747,0.8410882085480449,0.5826011497993275,0.1171145949981336,0.8017420157610949,0.6910630291627469,0.4271501765905587,0.2887055637771971,0.1863569744472057,0.1036787855263725,0.1111517590390829
0.154727793696275,0.6581205636190274,0.8401788420733556,0.5866146002820263,0.116274729376633,0.7988386561592701,0.6787394167450611,0.4204347609809481,0.2842658773890866,0.1823424456764162,0.098762237460646,0.1053594293030912
0.1646082402924612,0.6745417946816399,0.8443467717490148,0.5728387026792494,0.11832773422919,0.8097262546661137,0.6835371589840075,0.4210814306322439,0.2853364400642337,0.1832982858599375,0.1012205114935093,0.1082251082251082
0.172611402035372,0.6905392520394108,0.8496514095180357,0.5602559930578154,0.1187943262411347,0.8212360016590626,0.6948259642521166,0.4258568372879669,0.2892723322522749,0.1874402599885299,0.1069564842368568,0.1150539601243826
0.1662879162138128,0.6838648161881555,0.8496514095180357,0.56708970604187,0.1158081373646883,0.818021567814185,0.7016933207902164,0.4273491518678804,0.2888315123272143,0.1873765373096285,0.1069564842368568,0.1154807633680873
0.1535421401047327,0.6628880177984956,0.8444983328281298,0.5848790541273456,0.1130085852930198,0.8041269182911654,0.6952022577610536,0.4214296373675571,0.2833842375389653,0.1816096348690498,0.0995385345236555,0.1053594293030912
0.1439581069064321,0.6459370696048309,0.839724158836011,0.59876342336479,0.1114221724524076,0.7926171712982165,0.6887111947318909,0.414316271203303,0.2793853710759155,0.1761613458229783,0.0923362228835123,0.0977379428083653
0.1488983302045252,0.6479499947028285,0.8372991815701728,0.5949669161514265,0.1152482269503546,0.7918913313977602,0.6939793038570085,0.4152116599512511,0.2779369627507164,0.1750461989422035,0.0915599258205028,0.0982866898359856
0.154036162434542,0.6576967899141858,0.8404061836920279,0.5872654300900315,0.1157148189622993,0.7988386561592701,0.7079021636876764,0.4192409093170173,0.2787871154633332,0.1776269674377111,0.0951395178332686,0.1029815255167367
0.1493923525343345,0.6520817883250344,0.8399515004546833,0.5926890118234082,0.1138484509145203,0.7957279137287433,0.7125117591721543,0.4194398845943392,0.2780314241632293,0.176639265914739,0.0938456893949195,0.1024937503810743
0.1363501630273688,0.6431825405233604,0.8435889663534405,0.6042954767328343,0.1054497946995147,0.7939651596847782,0.6973659454374412,0.4107844600308412,0.2732138921250669,0.1713821449053718,0.0872040367447276,0.0933479665874032
0.1293350459440767,0.6438182010806229,0.8493482873598059,0.6078750406768629,0.0985442329227323,0.7982165076731647,0.6836312323612417,0.4023777545639954,0.2701596397871469,0.1681322882813993,0.0842282313365248,0.0880434119870739
0.1391166880743009,0.6614048098315499,0.854501364049712,0.5935567849007484,0.1000373273609556,0.810244711737868,0.6858889934148635,0.4040193006019003,0.2718284580748764,0.1699483846300898,0.0873334195885625,0.0925553319919517
0.1527517043770378,0.6838648161881555,0.8601091239769627,0.5745742488339299,0.103023516237402,0.8251762754043965,0.7000940733772342,0.4125752375267373,0.277811014200699,0.1754603963550627,0.0947082416871522,0.1025547222730321
0.1503803971939531,0.68767877953173,0.8646559563504093,0.5738149473912572,0.099104143337066,0.8301534632932392,0.7086547507055503,0.4160573048798687,0.2799836266884977,0.1769260179697954,0.0971233881054039,0.1054813730870068
0.1367453808912163,0.6747536815340607,0.8658684449833283,0.5879162598980366,0.0919186263531168,0.8245541269182912,0.7017873941674505,0.4103367656568671,0.2760477345004566,0.1724335691072452,0.0899642040798723,0.0967623925370404
0.1265685208971445,0.6643712257654413,0.8661715671415581,0.5988718949994576,0.0869727510265024,0.8196806304437994,0.6973659454374412,0.404765457891857,0.2726156365124846,0.1686739310520614,0.0849182731703109,0.0896286811779769
0.1321015709910088,0.6726348130098527,0.8679145195513792,0.5916042954767328,0.0884658454647256,0.8249688925756947,0.705456255879586,0.4091926578122669,0.2751660946503353,0.1712546995475689,0.087160909130116,0.0936528260471922
0.1432664756446991,0.6854539675813115,0.8685965444073962,0.5789131142206313,0.0933184023889511,0.8317088345085027,0.7191909689557855,0.4171019250858081,0.279920652413489,0.1761932071624291,0.0933712856341915,0.1021279190293275
0.1428712577808517,0.684818307024049,0.868369202788724,0.579455472393969,0.0932250839865621,0.8312940688510991,0.7220131702728128,0.4183455205690694,0.2810227022261406,0.1773083540432039,0.0947513693017639,0.1035912444363148
0.1309159173994664,0.6718932090263798,0.8682934222491664,0.5926890118234082,0.0876259798432251,0.8248652011613439,0.7115710253998119,0.4125254937074069,0.2772757328631254,0.1732619639329637,0.0896623107775909,0.0951771233461374
0.1249876494417547,0.6652187731751243,0.8680660806304942,0.5993057815381279,0.0850130645763344,0.8214433844877644,0.7026340545625588,0.4062577724717704,0.2735287635001102,0.1701714140062448,0.0854789321602622,0.0900554844216816
0.131212330797352,0.6710456616166965,0.8674598363140346,0.5929059550927434,0.0883725270623367,0.8238282870178351,0.7032925682031984,0.4079988061483361,0.2739380962876665,0.1714458675842732,0.087635312890844,0.0930431071276141
0.1384250568125679,0.6776141540417417,0.8665504698393454,0.5856383555700184,0.0922918999626726,0.8264205723766072,0.7134524929444968,0.4141670397453116,0.2769608614880821,0.1745045561715414,0.0925949885711821,0.0993841838912261
0.1380298389487204,0.6751774552389024,0.8651864201273114,0.5870484868206964,0.0929451287793953,0.8243467440895894,0.7078080903104421,0.4131224195393722,0.2752605560628484,0.1741540814375836,0.0922068400396774,0.0990183525394793
0.1277541744886869,0.6566373556520817,0.8597302212791756,0.6022345156741512,0.091452034341172,0.8115927001244297,0.6919096895578551,0.4045167387952047,0.2704430240246859,0.1695341872172306,0.0862552292232716,0.0926772757758673
0.1233079735204031,0.6397923508846275,0.8511670203091846,0.6131901507755723,0.0946248600223964,0.7974906677727084,0.6816556914393226,0.3998408197781425,0.2666015932491577,0.1647868476390747,0.081123043084487,0.0867020303640022
0.1389190791423772,0.6450895221951478,0.8430585025765384,0.6020175724048161,0.1070362075401269,0.7944836167565327,0.6857008466603951,0.4059593095557877,0.2701596397871469,0.1685146243548078,0.0866002501401647,0.0925553319919517
0.1572967098112834,0.6604513189956562,0.8398757199151258,0.5840112810500054,0.1176745054124673,0.799875570302779,0.6922859830667921,0.4140178082873203,0.2768034258005605,0.1744726948320907,0.0952257730624919,0.103225413084568
0.1619405197114909,0.6582265070452378,0.8347226432252198,0.5826011497993275,0.1229936543486375,0.7952094566569888,0.6924741298212606,0.4181962891110779,0.2779369627507164,0.1761294844835277,0.0976840470953551,0.1076153893055301
0.1535421401047327,0.642017162835046,0.8295695665353138,0.5955092743247641,0.122153788727137,0.7836997096640399,0.6825023518344309,0.4120280555141024,0.2750086589628137,0.1730389345568088,0.0938456893949195,0.1034693006523992
0.1477126766129829,0.633329801885793,0.8278266141254926,0.6031022887514915,0.1205673758865248,0.7783077561177936,0.6761994355597366,0.4086952196189623,0.271985893762398,0.1700439686484419,0.0894898003191443,0.09816474605207
0.1535421401047327,0.6406398982943108,0.8286602000606245,0.5962685757674369,0.1227136991414707,0.7824554126918292,0.6860771401693321,0.4138188330099985,0.2742529676627098,0.1724335691072452,0.0923793504981239,0.0999329309188464
0.1601620393241774,0.6517639580464031,0.8314640800242498,0.5868315435513614,0.1241134751773049,0.7898175031107425,0.7047036688617121,0.4216286126448789,0.2789760382883592,0.1774995220799082,0.0976409194807435,0.1064569233583318
0.1557158383558936,0.653035279160928,0.835783570779024,0.5886755613407094,0.1193542366554684,0.7933430111986728,0.7139228598306679,0.4226234890314878,0.2801410623760194,0.178073026190021,0.0981153232414715,0.1065788671422474
0.1431676711787372,0.6429706536709396,0.8382085480448621,0.6007159127888057,0.1119820828667413,0.7901285773537952,0.7064910630291628,0.4167039745311645,0.2775906042381687,0.1751736443000063,0.0944063483848708,0.1009084811901713
0.1381286434146823,0.6316347070664264,0.8339648378296455,0.6092851719275411,0.1121687196715192,0.7817295727913729,0.702351834430856,0.4139680644679898,0.2768034258005605,0.173453131969668,0.091775563893561,0.0967623925370404
0.1430688667127754,0.6344951795741073,0.8322218854198241,0.6051632498101747,0.1156215005599104,0.7818332642057237,0.7108184383819379,0.4188927025817042,0.2785667055008029,0.1751099216211049,0.0934144132488032,0.0992012682153527
0.1526528999110759,0.6444538616378853,0.8319945438011518,0.5947499728820913,0.1202874206793579,0.7866030692658649,0.7237064910630291,0.4273491518678804,0.2831008533014263,0.1802395972726693,0.0994091516798206,0.1065178952502896
0.150479201659915,0.639368577179786,0.829948469233101,0.5985464800954551,0.1204740574841359,0.782662795520531,0.7261523988711195,0.4273988956872108,0.2839510060140433,0.1799847065570636,0.0996247897528787,0.107005670385952
0.1364489674933307,0.623900836953067,0.8297211276144287,0.61416639548758,0.1140350877192982,0.7749896308585649,0.7145813734713076,0.4191911654976869,0.2787556283258289,0.1746001401898936,0.092724371415017,0.0985305774038168
0.1310147218654283,0.6147897022989722,0.827371930888148,0.6217594099143073,0.1129152668906308,0.7688718374118623,0.7038570084666039,0.4143660150226335,0.2758273245379263,0.172019371694386,0.0884978651830767,0.0931040790195719
0.1428712577808517,0.6279266871490623,0.8275992725068203,0.6086343421195357,0.11832773422919,0.7755080879303193,0.7097836312323612,0.4193901407750087,0.2785981926383072,0.1753648123367106,0.0926381161857937,0.0992622401073105
0.1523564865131904,0.6430765970971501,0.831312518945135,0.5956177459594315,0.1205673758865248,0.785462463708005,0.7239887111947318,0.4275481271452022,0.2836991089140086,0.1798891225387115,0.0991503859921507,0.1071885860618255
0.1473174587491354,0.6397923508846275,0.8328281297362837,0.6000650829808006,0.1172079134005226,0.7849440066362505,0.72483537158984,0.4277471024225239,0.283730596051513,0.1796979545020072,0.0999698106697718,0.106700810926163
0.1342752692421697,0.628350460853904,0.834571082146105,0.6130816791409046,0.1100223964165733,0.7804852758191623,0.7072436500470367,0.4173506441824603,0.2774646556881514,0.1747594468871471,0.0937594341656963,0.098774464971648
0.1295326548760003,0.6309990465091639,0.8400272809942408,0.6142748671222475,0.1044232922732363,0.785462463708005,0.6922859830667921,0.4096403521862408,0.2729305078875279,0.1710635315108647,0.0896191831629792,0.0936528260471922
0.1401047327339195,0.6476321644241975,0.8438163079721127,0.599956611346133,0.1071295259425158,0.7962463708004978,0.7002822201317027,0.4123762622494155,0.2749771718253094,0.173007073217358,0.0933712856341915,0.0977989147003231
0.1492935480683727,0.660133488717025,0.8457108214610488,0.5885670897060419,0.1103023516237402,0.8036084612194111,0.7133584195672624,0.4197383475103218,0.2794483453509241,0.1774676607404575,0.0990641307629275,0.1059691482226693
0.1445509337022033,0.6545184871278735,0.845407699302819,0.5939906714394186,0.1081560283687943,0.800705101617586,0.7121354656632173,0.4181465452917475,0.2782203469882553,0.1765436818963869,0.0979428127830249,0.1052374855191756
0.1330896156506274,0.6411696154253628,0.8446498939072447,0.6071157392341903,0.1033034714445688,0.7936540854417253,0.6986829727187206,0.407650599413023,0.2717339966623634,0.1702669980245969,0.090352352611377,0.0952380952380952
0.1262721074992589,0.6353427269837907,0.8457108214610488,0.6138409805835774,0.0993840985442329,0.7915802571547076,0.6920978363123236,0.4023777545639954,0.2690890771119997,0.1677499522079908,0.0855220597748738,0.0885921590146942
0.1336824424463986,0.6443479182116749,0.8464686268566232,0.6052717214448422,0.1024636058230683,0.7964537536291996,0.6990592662276576,0.4089439387156146,0.2723007651374414,0.1714777289237239,0.0901367145383189,0.0929211633436985
0.1485031123406778,0.6619345269626019,0.8476811154895423,0.5881332031673717,0.1086226203807391,0.8058896723351306,0.7074317968015051,0.414763965577277,0.2769608614880821,0.1762887911807812,0.0972096433346271,0.1029205536247789
0.1493923525343345,0.66670198114207,0.8504092149136102,0.5850959973966807,0.1074094811496827,0.8101410203235173,0.7074317968015051,0.4144157588419639,0.2775906042381687,0.1771490473459504,0.0984603441583646,0.1050545698433022
0.1368441853571781,0.653035279160928,0.8502576538344954,0.5989803666341252,0.1016237402015677,0.8032973869763584,0.6949200376293508,0.4080982937869969,0.2739066091501622,0.1732938252724144,0.0928106266442403,0.096579476861167
0.131212330797352,0.6436063142282021,0.8478326765686572,0.6070072675995227,0.1004106009705114,0.7970759021153048,0.6886171213546566,0.406108541013779,0.2724896879624673,0.1710953928503154,0.0896623107775909,0.0925553319919517
0.1449461515660507,0.6556838648161881,0.8459381630797211,0.5932313699967459,0.1080627099664053,0.8016383243467441,0.6961429915333961,0.4140178082873203,0.2767404515255518,0.1758108710890205,0.0960883253547246,0.1008475092982135
0.1630273688370714,0.6629939612247059,0.8372991815701728,0.5795639440286365,0.1218738335199701,0.7992534218166736,0.709689557855127,0.4236183654180968,0.2829749047514091,0.1818645255846555,0.1049726139647216,0.1132248033656484
0.1623357375753384,0.6501748066532471,0.828584419521067,0.5865061286473587,0.1270063456513624,0.7871215263376193,0.7098777046095954,0.4252599114560016,0.2845177744891212,0.1832027018415854,0.1078621641437012,0.1172489482348637
0.1492935480683727,0.6302574425256912,0.8243407093058502,0.6038615901941642,0.1234602463605823,0.7743674823724597,0.6986829727187206,0.4195393722330001,0.281054189363645,0.1785190849423309,0.1012205114935093,0.1092616303883909
0.1456377828277838,0.6214641381502277,0.8209305850257653,0.6103698882742163,0.1237402015677491,0.7677312318540026,0.6969896519285042,0.4173506441824603,0.2789760382883592,0.1765755432358376,0.0978565575538017,0.1040790195719773
0.156209860685703,0.628350460853904,0.8176720218247955,0.6010413276928084,0.1307390817469205,0.7689755288262132,0.7066792097836312,0.4241655474307317,0.2836361346389999,0.1810679920983878,0.1029887436925863,0.1110907871471251
0.1649046536903468,0.6403220680156796,0.8196423158532888,0.5901941642260549,0.1336319522209779,0.7761302364164248,0.7176857949200376,0.4321743023429338,0.2889259737397274,0.1857197476581915,0.1091128649674386,0.1188951893177245
0.1634225867009189,0.6342832927216865,0.8164595331918763,0.5939906714394186,0.1349384098544233,0.7710493571132311,0.7140169332079022,0.4307814754016814,0.2878239239270758,0.1854648569425858,0.1085522059774874,0.118407414182062
0.1489971346704871,0.6165907405445492,0.81486814186117,0.6110207180822215,0.1291526689063083,0.7611986727498964,0.6983066792097836,0.4200865542456349,0.280959727951132,0.1786146689606831,0.0999266830551602,0.107005670385952
0.1411915818595,0.6105519652505562,0.8165353137314338,0.6183967892396138,0.1243934303844718,0.7594359187059312,0.6853245531514581,0.4108342038501715,0.2751975817878397,0.1727840438412031,0.0928968818734635,0.0986525211877324
0.1468234364193261,0.6231592329695942,0.8212337071839951,0.6088512853888708,0.1241134751773049,0.7688718374118623,0.6922859830667921,0.4131721633587027,0.2761107087754652,0.1736761613458229,0.0936300513218614,0.1020059752454118
0.1524552909791522,0.6323763110498993,0.8235071233707184,0.6010413276928084,0.1254199328107502,0.7748859394442141,0.7077140169332079,0.4195891160523305,0.2791334739758809,0.1775632447588096,0.096994005261569,0.1074934455216145
0.1422784309850805,0.6192393261998091,0.8219157320400121,0.6134070940449073,0.1215938783128033,0.767316466196599,0.7142991533396048,0.4206337362582699,0.2792594225258982,0.1767348499330912,0.096519601500841,0.1051765136272178
0.1285446102163817,0.6069498887594024,0.8236586844498334,0.6271829916476841,0.1140350877192982,0.7625466611364579,0.7079962370649105,0.4164552554345123,0.2763626058754999,0.1726247371439495,0.0915599258205028,0.0973721114566185
0.1244936271119454,0.6108697955291874,0.8295695665353138,0.6273999349170192,0.1084359835759612,0.7684570717544589,0.7061147695202258,0.4126249813460678,0.2739380962876665,0.1706811954374562,0.0885841204123,0.0912749222608377
0.1342752692421697,0.6263375357559063,0.8331312518945135,0.61416639548758,0.1108622620380739,0.7785151389464954,0.7119473189087487,0.4152116599512511,0.2759847602254479,0.1737717453641751,0.0918186915081726,0.0962746174013779
0.1451437604979745,0.6357665006886322,0.8315398605638072,0.6033192320208265,0.1170212765957447,0.7820406470344256,0.720978363123236,0.4197383475103218,0.2785352183632986,0.1763525138596826,0.096864622417734,0.1040180476800195
0.1424760399170042,0.6262315923296958,0.8267656865716884,0.6096105868315436,0.1187010078387458,0.7740564081294068,0.7202257761053622,0.4182957767497388,0.2771182971756038,0.1749506149238514,0.0962608358131711,0.1032863849765258
0.1266673253631064,0.6064201716283504,0.8247196120036375,0.6284846512636946,0.1124486748786861,0.7630651182082123,0.7082784571966133,0.4093418892702582,0.2703485626121729,0.1675906455107373,0.0884547375684651,0.0935918541552344
0.1207390574053947,0.59847441466257,0.8235829039102758,0.6358607224210869,0.1103956700261291,0.7582953131480714,0.6994355597365944,0.4024772422026564,0.2650902106489499,0.1629388899509335,0.0823306162936128,0.0874946649594537
0.1295326548760003,0.6081152664477169,0.8236586844498334,0.6259898036663413,0.114501679731243,0.7631688096225633,0.7003762935089369,0.4045664826145351,0.2663496961491231,0.1652010450519339,0.0847457627118644,0.0921895006402048
0.1408951684616144,0.6248543277889607,0.8269930281903607,0.6112376613515565,0.1178611422172452,0.7735379510576524,0.7011288805268109,0.4104859971148584,0.2717339966623634,0.1704263047218505,0.0921205848104541,0.101945003353454
0.1424760399170042,0.6290920648373768,0.8288117611397393,0.6082004555808657,0.1173945502053005,0.776856076316881,0.7004703668861713,0.4105854847535194,0.2729305078875279,0.1716370356209775,0.0933281580195799,0.1032863849765258
0.1353621183677502,0.6269731963131686,0.8326765686571689,0.6131901507755723,0.1117021276595744,0.7785151389464954,0.6881467544684854,0.4015321096353778,0.2697188198620863,0.1681004269419486,0.0882822271100185,0.0963965611852935
0.1313111352633139,0.6372497086555778,0.8432100636556532,0.6101529450048813,0.1033034714445688,0.7907507258399006,0.6820319849482597,0.3990449186688554,0.2690261028369911,0.1681004269419486,0.0868590158278345,0.0926772757758673
0.139808319336034,0.6581205636190274,0.8516217035465292,0.5948584445167588,0.1021836506159014,0.8067192036499379,0.6933207902163687,0.4069541859423967,0.2741270191126925,0.1732938252724144,0.0930693923319101,0.0988354368636059
0.1479102855449066,0.6756012289437441,0.8579114883297969,0.5814079618179846,0.1020903322135125,0.8195769390294483,0.706961429915334,0.4152116599512511,0.2800780881010107,0.1794430637864016,0.1013067667227325,0.1082251082251082
0.1444521292362414,0.6757071723699544,0.8606395877538647,0.5832519796073327,0.0988241881298992,0.8215470759021153,0.7055503292568203,0.4159080734218773,0.2812116250511666,0.1810361307589371,0.1033337646094794,0.1102981525516736
0.138326252346606,0.6647949994702828,0.8575325856320097,0.5921466536500706,0.0977976857036207,0.8140812940688511,0.6939793038570085,0.410983435308163,0.2784722440882899,0.1773720767221054,0.0985465993875878,0.1039570757880617
0.1387214702104535,0.6605572624218665,0.8541224613519248,0.5940991430740861,0.1001306457633445,0.8096225632517629,0.6896519285042333,0.4119783116947719,0.2778425013382034,0.1766074045752883,0.0972958985638504,0.1027986098408633
0.1489971346704871,0.6658544337323868,0.8501060927553804,0.5858552988393535,0.1074094811496827,0.809415180423061,0.7040451552210725,0.4196886036909914,0.2819988034887748,0.1809086854011342,0.10255746754647,0.1094445460642643
0.1614464973816816,0.6754952855175336,0.8474537738708701,0.5740318906605922,0.1149682717431877,0.8124222314392369,0.722107243650047,0.4293886484604288,0.288516640952171,0.1863888357866564,0.1107085867080692,0.1198097676970916
0.1619405197114909,0.6673376416993325,0.8413155501667173,0.5779368695086234,0.1188876446435237,0.8042306097055165,0.72483537158984,0.4328209719942297,0.2905003306149438,0.1881412094564455,0.1124768189071462,0.1221876714834461
0.1465270230214405,0.6347070664265281,0.8296453470748711,0.6031022887514915,0.1187943262411347,0.7801742015761095,0.7166509877704609,0.4263542754812714,0.2864699770143896,0.1833620085388389,0.1046275930478285,0.1124931406621547
0.1419820175871949,0.6215700815764382,0.8238102455289481,0.612322377698232,0.1202874206793579,0.7698050601410203,0.7101599247412982,0.4232701586827836,0.2840769545640605,0.1800165678965143,0.1000560658989951,0.1054813730870068
0.1500839837960675,0.6296217819684288,0.8233555622916036,0.6037531185594966,0.1243934303844718,0.7734342596433016,0.7164628410159924,0.4281450529771676,0.2862810541893636,0.1827885044287261,0.1044119549747703,0.1118834217425766
0.1591739946645588,0.6411696154253628,0.82464383146408,0.5927974834580757,0.127846211272863,0.7799668187474078,0.7278457196613358,0.4350594438640999,0.2899335621398659,0.1861020837316001,0.1101910553327295,0.1189561612096823
0.1558146428218555,0.6336476321644241,0.8218399515004547,0.5985464800954551,0.1280328480776409,0.7743674823724597,0.7241768579492003,0.4333184101875342,0.2894927422148052,0.1845408780985152,0.1081640574459826,0.116212426071581
0.1393142970062247,0.6088568704311897,0.8167626553501061,0.6202408070289619,0.1233669279581933,0.7588137702198258,0.7099717779868296,0.4237178530567577,0.2826915205138701,0.1774676607404575,0.0991072583775391,0.1055423449789647
0.1307183084675427,0.59847441466257,0.8160048499545317,0.6303286690530426,0.1197275102650242,0.7532144338448776,0.7033866415804327,0.4187434711237129,0.277999937025725,0.1725291531255974,0.0919480743520076,0.0973721114566185
0.1397095148700721,0.6106579086767665,0.8178235829039103,0.6191560906822865,0.1229003359462486,0.7603691414350892,0.7105362182502352,0.4220265631995225,0.280298498063541,0.1745682788504428,0.0945788588433173,0.1014572282177916
0.1461318051575931,0.6255959317724334,0.8235071233707184,0.6079835123115305,0.1224337439343038,0.7715678141849854,0.7247412982126058,0.4271501765905587,0.2843603388015995,0.1792518957496973,0.1019105533272954,0.1106030120114627
0.138326252346606,0.6188155524949677,0.82464383146408,0.6156849983729255,0.1180477790220231,0.7690792202405641,0.7265286923800564,0.4264040193006019,0.2833212632639567,0.1783279169056267,0.1010048734204511,0.1087128833607706
0.124790040509831,0.6049369636614047,0.8250985147014247,0.6303286690530426,0.1113288540500186,0.7625466611364579,0.7154280338664157,0.4173506441824603,0.2780629113007336,0.1733575479513159,0.0938025617803079,0.0989573806475214
0.1197510127457761,0.6051488505138255,0.8291148832979691,0.6329319882850635,0.1065696155281821,0.765346329323932,0.7114769520225775,0.413769089190668,0.2751660946503353,0.1711909768686675,0.089403545089921,0.09371379793915
0.1301254816717715,0.6182858353639155,0.8305547135495606,0.6205662219329646,0.110582306830907,0.7728121111571962,0.7194731890874883,0.4164552554345123,0.2759532730879436,0.1721468170521888,0.0914736705912796,0.0967623925370404
0.1377334255508349,0.6217819684288588,0.827220369809033,0.6144918103915826,0.1161814109742441,0.7722936540854417,0.7266227657572907,0.4192906531363478,0.2765515287005258,0.1733575479513159,0.0944926036140941,0.1017011157856228
0.1330896156506274,0.6142599851679201,0.8254016368596544,0.6208916368369671,0.1151549085479656,0.767316466196599,0.7195672624647225,0.4164552554345123,0.2744418904877358,0.171573312942076,0.0940181998533661,0.1006036217303823
0.1222211243948226,0.6009111134654094,0.8242649287662929,0.6336912897277363,0.110675625233296,0.7599543757776857,0.7032925682031984,0.4079490623290056,0.2704115368871816,0.1678773975657936,0.0888860137145814,0.0942015730748125
0.1245924315779073,0.6049369636614047,0.8252500757805397,0.6303286690530426,0.1112355356476297,0.7626503525508088,0.6881467544684854,0.4025269860219868,0.2683648729494002,0.1660294398776524,0.0867727605986113,0.0909700628010487
0.1417844086552712,0.629409895116008,0.8295695665353138,0.6084173988502006,0.1166480029861889,0.7775819162173373,0.6848541862652869,0.4055116151818136,0.2721118423124154,0.1704263047218505,0.0924656057273472,0.0988354368636059
0.1527517043770378,0.6443479182116749,0.8319187632615944,0.5947499728820913,0.1203807390817469,0.7864993778515139,0.6903104421448729,0.4113316420434761,0.2768034258005605,0.1759701777862741,0.0995816621382671,0.1096884336320956
0.1512696373876099,0.6386269731963131,0.8288875416792968,0.5985464800954551,0.1215005599104143,0.7816258813770219,0.6915333960489181,0.4108839476695021,0.2766459901130388,0.1762569298413305,0.0994522792944322,0.1107859276873361
0.1397095148700721,0.6276088568704311,0.8298726886935435,0.6104783599088838,0.1155281821575214,0.776856076316881,0.6810912511759172,0.4045167387952047,0.2724896879624673,0.1721468170521888,0.0933712856341915,0.1026766660569477
0.1395119059381484,0.6297277253946392,0.8316156411033648,0.609502115196876,0.1143150429264651,0.7791372874326006,0.676387582314205,0.4026264736606477,0.2718914323498851,0.1708405021347097,0.0916893086643377,0.0996280714590573
0.1470210453512498,0.6454073524737789,0.836996059411943,0.5973532921141121,0.1145949981336319,0.7905433430111988,0.68758231420508,0.409988558921554,0.2769608614880821,0.175428535015612,0.0977271747099668,0.1059081763307115
0.1539373579685801,0.6625701875198642,0.8439678690512278,0.5847705824926782,0.1135684957073535,0.8036084612194111,0.7017873941674505,0.4177983385564344,0.2829749047514091,0.1814184668323456,0.1050157415793332,0.1152368758002561
0.1499851793301057,0.6626761309460747,0.8470748711730828,0.5868315435513614,0.1097424412094065,0.8058896723351306,0.703480714957667,0.4169029498084863,0.2835101860889827,0.1817370802268527,0.105748911027731,0.1156027071520029
0.1404011461318051,0.6517639580464031,0.8466201879357381,0.5976787070181147,0.1054497946995147,0.8001866445458317,0.6952022577610536,0.4126249813460678,0.2801725495135237,0.1780411648505703,0.10018544874283,0.1093226022803487
0.1419820175871949,0.6513401843415616,0.8450287966050319,0.5971363488447771,0.1072228443449048,0.7988386561592701,0.6903104421448729,0.4113813858628065,0.2789760382883592,0.1766711272541897,0.0981153232414715,0.1056033168709225
0.1536409445706946,0.6649009428964933,0.8458623825401638,0.5837943377806704,0.1121687196715192,0.8060970551638325,0.705832549388523,0.4203352733422872,0.2848326458641645,0.1821512776397119,0.1052313796523914,0.1142613255289311
0.1627309554391858,0.6774022671893208,0.8478326765686572,0.5722963445059116,0.1152482269503546,0.8135628369970967,0.7242709313264346,0.4319753270656121,0.2919802260776473,0.1893200790161218,0.1134687540432138,0.1229803060788976
0.1570991008793597,0.6712575484691173,0.8477568960290996,0.5785876993166288,0.1127286300858529,0.8105557859809207,0.7250235183443086,0.4344625180321345,0.2926099688277339,0.189734276428981,0.1128218398240393,0.1220657276995305
0.1466258274874024,0.6556838648161881,0.8446498939072447,0.5923635969194055,0.1096491228070175,0.8008087930319371,0.7102539981185324,0.4257076058299756,0.2873831040020152,0.1827885044287261,0.1049294863501099,0.1123711968782391
0.1443533247702796,0.6456192393261998,0.8391936950591089,0.59876342336479,0.1118887644643523,0.792098714226462,0.70620884289746,0.4210814306322439,0.283825057464026,0.1784872236028802,0.1000560658989951,0.1074324736296567
0.1553206204920462,0.6471024472931455,0.8319187632615944,0.5919297103807355,0.1215938783128033,0.7878473662380756,0.7173095014111006,0.4260060687459583,0.286218079914355,0.1808131013827821,0.1032043817656445,0.1109078714712517
0.1626321509732239,0.6511282974891408,0.8291148832979691,0.5858552988393535,0.1268197088465845,0.7879510576524263,0.7280338664158044,0.4324727652589166,0.2901224849648919,0.1843815714012617,0.1072583775391383,0.1163953417474544
0.1559134472878174,0.6423349931136773,0.8279781752046075,0.5939906714394186,0.1243001119820828,0.7827664869348818,0.722483537158984,0.4303835248470378,0.2892723322522749,0.1838399286305996,0.1060076767154008,0.1140174379610999
0.1425748443829661,0.6265494226083271,0.8269930281903607,0.6093936435622085,0.1186076894363568,0.7743674823724597,0.7102539981185324,0.4236681092374272,0.2846122359016342,0.1790288663735423,0.0994091516798206,0.1060301201146271
0.13694298982314,0.6255959317724334,0.8305547135495606,0.6130816791409046,0.1137551325121314,0.7763376192451266,0.7046095954844779,0.4191414216783564,0.280959727951132,0.175205505639457,0.0953551559063268,0.1006645936223401
0.1411915818595,0.635978387541053,0.8347226432252198,0.6053801930795097,0.1131952220977977,0.7843218581501451,0.7144873000940734,0.4227229766701487,0.2817154192512359,0.1769260179697954,0.0976409194807435,0.1027986098408633
0.1439581069064321,0.6408517851467316,0.8360866929372538,0.601366742596811,0.1136618141097424,0.7876399834093738,0.7266227657572907,0.4272496642292195,0.2843603388015995,0.1798253998598101,0.1009186181912278,0.1063349795744161
0.1353621183677502,0.6388388600487339,0.8412397696271597,0.6071157392341903,0.1064762971257932,0.7902322687681459,0.7237064910630291,0.4241655474307317,0.2826600333763657,0.1789332823551902,0.0997973002113253,0.1047497103835132
0.1237031913842505,0.6281385740014832,0.8424522582600789,0.6190476190476191,0.1001306457633445,0.7857735379510576,0.703480714957667,0.4135701139133463,0.2766774772505432,0.1729114891990059,0.0932419027903566,0.0953600390220108
0.1239996047821361,0.622841402690963,0.8385116702030919,0.6215424666449724,0.1027435610302351,0.7804852758191623,0.6919096895578551,0.4058598219171268,0.2716710223873548,0.1679411202446951,0.0877215681200672,0.0896286811779769
0.1344728781740934,0.6357665006886322,0.839724158836011,0.6091767002928734,0.1069428891377379,0.7876399834093738,0.6987770460959548,0.40954086454758,0.2743159419377184,0.1711272541897661,0.0921205848104541,0.0961526736174623
0.1450449560320126,0.6476321644241975,0.8401030615337981,0.5972448204794446,0.1117021276595744,0.7936540854417253,0.7099717779868296,0.4165547430731731,0.2793538839384112,0.1754922576945135,0.0985465993875878,0.1042009633558929
0.1407963639956526,0.6397923508846275,0.8378296453470749,0.6036446469248291,0.1110488988428518,0.78836582330983,0.7046095954844779,0.415758841963886,0.2785352183632986,0.175205505639457,0.0971233881054039,0.1029205536247789
0.1299278727398478,0.6235830066744358,0.8344953016065475,0.6179629027009437,0.1079693915640164,0.7781003732890917,0.6923800564440263,0.4077500870516838,0.2737806606001449,0.1704900274007519,0.0908698839867167,0.0948112919943905
0.1300266772058096,0.6215700815764382,0.8329796908153987,0.6189391474129514,0.1089958939902949,0.7760265450020738,0.6857949200376293,0.4036213500472566,0.2709783053622595,0.1680685656024979,0.0879372061931254,0.0912139503688799
0.1415867997233475,0.6320584807712681,0.8316156411033648,0.6071157392341903,0.1153415453527435,0.7802778929904605,0.6956726246472248,0.4096403521862408,0.2744733776252401,0.1725291531255974,0.0938456893949195,0.0990793244314371
0.1478114810789447,0.6392626337535754,0.8319945438011518,0.6000650829808006,0.1179544606196342,0.7841144753214433,0.7080903104421448,0.4175993632791125,0.2787556283258289,0.1771809086854011,0.1000560658989951,0.1075544174135723
0.1419820175871949,0.6330119716071616,0.8320703243407094,0.606464909426185,0.1151549085479656,0.7811074243052675,0.7018814675446848,0.4142665273839725,0.27752762996316,0.1750461989422035,0.0979859403976366,0.1035912444363148
0.1311135263313901,0.6217819684288588,0.8322218854198241,0.6181798459702788,0.1099290780141844,0.7757154707590211,0.6892756349952963,0.4054618713624832,0.2731824049875626,0.1706493340980054,0.0924656057273472,0.0957868422657155
0.1290386325461911,0.6259137620510646,0.8368444983328283,0.6172036012582709,0.1061030235162374,0.7809000414765657,0.6889934148635936,0.4056608466398049,0.2729934821625366,0.1711909768686675,0.0923793504981239,0.0960917017255045
0.1463294140895168,0.6476321644241975,0.8391179145195514,0.5965939906714394,0.1129152668906308,0.7930319369556201,0.7017873941674505,0.4142167835646421,0.2782833212632639,0.1762887911807812,0.0985897270021995,0.104810682275471
0.1565062740835885,0.6639474520605996,0.842982722036981,0.5826011497993275,0.1153415453527435,0.8037121526337618,0.7142991533396048,0.4223747699348356,0.2832268018514437,0.1824061683553176,0.1061801871738474,0.1147491006645936
0.1557158383558936,0.6646890560440724,0.8441194301303425,0.5827096214339951,0.1142217245240761,0.8048527581916217,0.7141110065851364,0.4221260508381834,0.2848326458641645,0.1839355126489517,0.1079052917583128,0.1175538076946527
0.1436616935085466,0.6479499947028285,0.8413913307062747,0.5978956502874498,0.1103023516237402,0.7946909995852345,0.7102539981185324,0.419091677859026,0.2830378790264177,0.1800165678965143,0.1028162332341398,0.1092006584964331
0.1387214702104535,0.6436063142282021,0.8420733555622917,0.6027768738474888,0.1075027995520716,0.7930319369556201,0.7161806208842897,0.4201860418842958,0.2826600333763657,0.1787739756579366,0.1003148315866649,0.1040180476800195
0.1481078944768303,0.6592859413073417,0.8461655046983934,0.5896518060527172,0.1094624860022396,0.8035047698050602,0.7270931326434619,0.4271501765905587,0.2867848483894329,0.1830115338048811,0.1051882520377798,0.1100542649838424
0.1576919276751309,0.6718932090263798,0.8478326765686572,0.5779368695086234,0.1129152668906308,0.8108668602239736,0.7342427093132643,0.434412774212804,0.2912245347775434,0.187312814630727,0.1112692456980204,0.1175538076946527
0.154036162434542,0.6640533954868099,0.8449530160654745,0.5839028094153379,0.1129152668906308,0.8050601410203235,0.7259642521166509,0.4313784012336467,0.2900909978273875,0.1866755878417128,0.1104066934057877,0.1148710444485092
0.1439581069064321,0.6531412225871385,0.8449530160654745,0.5950753877860939,0.1081560283687943,0.799771878888428,0.7056444026340545,0.4245137541660448,0.2863755156018766,0.1835850379149939,0.105274507267003,0.1093226022803487
0.1492935480683727,0.6602394321432354,0.8458623825401638,0.5884586180713742,0.1102090332213512,0.8038158440481129,0.7002822201317027,0.4250609361786798,0.2879813596145975,0.1845090167590645,0.1056195281838961,0.1103591244436315
0.158284754470902,0.6733764169933255,0.8484389208851169,0.5768521531619482,0.1128219484882419,0.8120074657818332,0.7140169332079022,0.433517385464856,0.2936805315028811,0.1898617217867839,0.1115711390003019,0.1176147795866106
0.1609524750518723,0.6750715118126919,0.8475295544104274,0.5744657771992624,0.1146883165360209,0.8122148486105351,0.7259642521166509,0.4398845943391534,0.2973330394533833,0.1933027464474606,0.1157545176176305,0.1237119687823913
0.1537397490366564,0.6534590528657696,0.8376023037284026,0.5895433344180496,0.1173945502053005,0.7948983824139361,0.7238005644402634,0.4359050887927175,0.2933026858528291,0.1893200790161218,0.1108379695519041,0.1171879763429059
0.1387214702104535,0.6220997987074902,0.826689906032131,0.6138409805835774,0.1170212765957447,0.771982579842389,0.7142050799623706,0.4258568372879669,0.2848956201391732,0.1806856560249793,0.1007029801181696,0.1046277665995975
0.131903962059085,0.6235830066744358,0.8330554713549561,0.6167697147196008,0.1098357596117954,0.7771671505599337,0.7039510818438381,0.4161567925185296,0.2782833212632639,0.1747275855476964,0.0942769655410359,0.0962136455094201
0.1382274478806442,0.6487975421125117,0.8461655046983934,0.6003904978848031,0.1047965658827921,0.7984238905018665,0.7079021636876764,0.4177983385564344,0.2812745993261753,0.1780093035111196,0.098287833699918,0.1005426498384245
0.1437604979745084,0.6637355652081787,0.8526068505607761,0.5897602776873848,0.1033967898469578,0.8101410203235173,0.7128880526810912,0.4203850171616177,0.2839824931515476,0.1811635761167399,0.1024280847026351,0.1060910920065849
0.1374370121529493,0.6557898082423984,0.8517732646256442,0.5972448204794446,0.1009705113848451,0.805682289506429,0.6989651928504232,0.4132716509973635,0.280676343713593,0.1784872236028802,0.0993228964505973,0.1026766660569477
0.1296314593419622,0.6389448034749443,0.8457108214610488,0.6101529450048813,0.1009705113848451,0.7932393197843219,0.6818438381937911,0.4031239118539522,0.2748827104127964,0.1729752118779073,0.0930262647172985,0.0945064325346015
0.1299278727398478,0.6318465939188473,0.8404819642315854,0.6136240373142423,0.1043299738708473,0.7862919950228121,0.6756349952963311,0.4010346714420733,0.2727100979249976,0.1706811954374562,0.0902660973821538,0.0923114444241205
0.1416856041893093,0.6394745206059963,0.8368444983328283,0.6033192320208265,0.1121687196715192,0.787432600580672,0.6854186265286923,0.4077500870516838,0.2761421959129695,0.1740266360797808,0.0953982835209384,0.0998719590268886
0.1512696373876099,0.6407458417205211,0.8304031524704456,0.5974617637487797,0.1205673758865248,0.7836997096640399,0.6961429915333961,0.4158583296025469,0.2796372681759501,0.1777544127955139,0.1004442144304998,0.1065788671422474
0.1459341962256694,0.6273969700180103,0.8249469536223099,0.6071157392341903,0.1215005599104143,0.7734342596433016,0.6946378174976481,0.4142665273839725,0.2782203469882553,0.1762569298413305,0.0978565575538017,0.1053594293030912
0.1350657049698646,0.6134124377582371,0.823279781752046,0.6202408070289619,0.1173945502053005,0.7654500207382828,0.6803386641580432,0.4053126399044918,0.2731194307125539,0.1716051742815268,0.0919912019666192,0.0973111395646607
0.1361525540954451,0.6156372497086555,0.8240375871476205,0.6186137325089489,0.1173945502053005,0.7670053919535463,0.6748824082784571,0.4020295478286822,0.2706949211247206,0.1702988593640476,0.090007331694484,0.0959697579415889
0.1465270230214405,0.6297277253946392,0.8261594422552289,0.6057056079835124,0.1209406494960806,0.7754043965159685,0.6836312323612417,0.4065064915684226,0.2732768664000756,0.1732619639329637,0.0953120282917152,0.1018840314614962
0.149787570398182,0.6329060281809513,0.8259321006365565,0.6022345156741512,0.1226203807390817,0.776856076316881,0.6922859830667921,0.4096403521862408,0.27541799175037,0.1756197030523163,0.0992797688359856,0.1088348271446863
0.1430688667127754,0.6240067803792774,0.8247196120036375,0.6104783599088838,0.120194102276969,0.7716715055993365,0.6862652869238005,0.4053126399044918,0.2729619950250323,0.1733894092907666,0.095096390218657,0.1040180476800195
0.1339788558442841,0.6152134760038138,0.8254016368596544,0.6200238637596268,0.1155281821575214,0.7677312318540026,0.6730950141110066,0.3972043973536288,0.2679555401618439,0.1685464856942586,0.0886272480269116,0.0936528260471922
0.1384250568125679,0.6267613094607478,0.8303273719308881,0.6115630762555592,0.1145949981336319,0.776856076316881,0.6748824082784571,0.3973038849922897,0.2690890771119997,0.1689288217676671,0.0905679906844352,0.0943235168587281
0.1494911570002964,0.654094713423032,0.8413155501667173,0.5914958238420652,0.1130085852930198,0.7976980506014102,0.6914393226716838,0.4077500870516838,0.2763940930130042,0.1759701777862741,0.0994954069090438,0.1053594293030912
0.1531469222408852,0.6659603771585972,0.8470748711730828,0.5834689228766677,0.1112355356476297,0.8074450435503941,0.7024459078080902,0.413868576829329,0.280676343713593,0.1801121519148665,0.1048432311208867,0.1120053655264923
0.1436616935085466,0.6572730162093441,0.8480600181873295,0.5931228983620783,0.1061963419186263,0.8038158440481129,0.701975540921919,0.4113813858628065,0.2782203469882553,0.1776269674377111,0.1009617458058394,0.1067617828181208
0.1306195040015808,0.6476321644241975,0.8511670203091846,0.6052717214448422,0.0980776409107876,0.8012235586893405,0.6954844778927564,0.4058598219171268,0.2740640448376838,0.1731982412540623,0.0945788588433173,0.0970062801048716
0.1324967888548562,0.6569551859307129,0.8563958775386481,0.5994142531727953,0.0957446808510638,0.809415180423061,0.699247412982126,0.4080982937869969,0.2760477345004566,0.1749506149238514,0.0960020701255013,0.0966404487531248
0.1474162632150973,0.6778260408941623,0.859806001818733,0.5805401887406443,0.1006905561776782,0.8219618415595189,0.7173095014111006,0.4181465452917475,0.2832268018514437,0.1809086854011342,0.1033337646094794,0.1060910920065849
0.151170832921648,0.6885263269414131,0.8646559563504093,0.572947174313917,0.0994774169466218,0.830464537536292,0.7340545625587959,0.4285430035318112,0.2897446393148399,0.1870260625756706,0.1101479277181179,0.1134686909334796
0.1444521292362414,0.6895857612035171,0.870642618975447,0.5760928517192754,0.0925718551698395,0.8351306511820822,0.7334901222953903,0.4293389046410983,0.2905947920274568,0.1874402599885299,0.1102773105619528,0.1121273093104079
0.1399071238019958,0.6789914185824768,0.8664746892997879,0.584119752684673,0.0930384471817842,0.8270427208627126,0.717873941674506,0.4239168283340795,0.2867848483894329,0.1839992353278532,0.1047569758916634,0.1060301201146271
0.1426736488489279,0.6756012289437441,0.8619278569263412,0.584336695954008,0.0971444568868981,0.8223766072169225,0.7164628410159924,0.4259065811072974,0.2881073081646148,0.1853055502453323,0.105748911027731,0.1076763611974879
0.1619405197114909,0.6850301938764698,0.8538951197332526,0.5688252521965506,0.1112355356476297,0.8214433844877644,0.7269049858889934,0.4359050887927175,0.2944047356654806,0.191391066080418,0.113684392116272,0.1167002012072434
0.1695484635905543,0.6812162305328954,0.8453319187632616,0.5666558195031999,0.1200074654721911,0.8137702198257986,0.7297271872060207,0.4398845943391534,0.29701816807834,0.1940036959153763,0.1167895803683098,0.1221266995914883
0.1584823634028258,0.6544125437016632,0.8346468626856623,0.5865061286473587,0.1214072415080254,0.7933430111986728,0.7225776105362183,0.432522509078247,0.2917283289776126,0.1886191295482062,0.1102773105619528,0.1141393817450155
0.1436616935085466,0.6286682911325352,0.8275234919672628,0.6077665690421955,0.1187943262411347,0.7758191621733721,0.7083725305738476,0.4218275879222006,0.2845177744891212,0.1811954374561906,0.1010480010350627,0.1023718065971587
0.1409939729275763,0.6303633859519017,0.8309336162473476,0.6083089272155332,0.1154348637551325,0.7790335960182497,0.6993414863593602,0.418096801472417,0.283352750401461,0.1798253998598101,0.0994954069090438,0.0993232119992683
0.1472186542831736,0.6492213158173534,0.8395725977568961,0.595292331055429,0.1131019036954087,0.794068851099129,0.7061147695202258,0.4216286126448789,0.2861551056393463,0.1822787229975148,0.1037219131409841,0.1050545698433022
0.1515660507854955,0.6533531094395593,0.8391936950591089,0.5907365223993926,0.1153415453527435,0.7958316051430941,0.7083725305738476,0.4230214395861314,0.2871312069019805,0.1838399286305996,0.106223314788459,0.1093226022803487
0.144748542634127,0.6412755588515731,0.835783570779024,0.6007159127888057,0.1142217245240761,0.7876399834093738,0.6966133584195673,0.4158085857832164,0.2821562391762965,0.18027145861212,0.1010911286496744,0.103530272544357
0.1363501630273688,0.62993961224706,0.8341163989087602,0.611129189716889,0.1112355356476297,0.7810037328909167,0.6814675446848542,0.4067054668457444,0.2762681444629868,0.1747275855476964,0.0940613274679777,0.0952380952380952
0.1400059282679577,0.6309990465091639,0.8320703243407094,0.6086343421195357,0.1143150429264651,0.7800705101617587,0.6784571966133583,0.4056608466398049,0.2760477345004566,0.1747275855476964,0.0943200931556475,0.0954210109139686
0.1514672463195336,0.6426528233923084,0.8316156411033648,0.5962685757674369,0.1200074654721911,0.785462463708005,0.6881467544684854,0.4120777993334328,0.2809912150886363,0.1791244503918944,0.1013498943373442,0.1036522163282726
0.1620393241774528,0.6476321644241975,0.8270688087299182,0.5880247315327043,0.1277528928704741,0.7847366238075487,0.6984007525870178,0.4183952643883997,0.2848956201391732,0.1829478111259797,0.1069564842368568,0.1119443936345344
0.154036162434542,0.6356605572624218,0.82464383146408,0.5985464800954551,0.1255132512131392,0.7772708419742846,0.6908748824082784,0.4138188330099985,0.2819673163512705,0.1801121519148665,0.1022124466295769,0.1084689957929394
0.1437604979745084,0.6195571564784406,0.8210063655653228,0.6124308493328995,0.1228070175438596,0.7669017005391954,0.6772342427093133,0.4063572601104313,0.2763940930130042,0.1739310520614286,0.0948376245309872,0.0999329309188464
0.1464282185554787,0.6213581947240173,0.8202485601697485,0.6100444733702136,0.1245800671892497,0.767212774782248,0.6783631232361241,0.4061582848331095,0.2751975817878397,0.1727840438412031,0.0942338379264243,0.0973111395646607
0.1567038830155123,0.6424409365398877,0.8274477114277053,0.5935567849007484,0.1250466592011945,0.7824554126918292,0.6933207902163687,0.411431129682137,0.2794168582134198,0.1776906901166125,0.1012205114935093,0.1043229071398085
0.1567038830155123,0.6673376416993325,0.8452561382237043,0.5807571320099794,0.1140350877192982,0.8069265864786397,0.7053621825023518,0.4124757498880764,0.2820932649012879,0.1817689415663034,0.1047138482770518,0.1071276141698676
0.1291374370121529,0.6961542536285623,0.8870112155198545,0.5811910185486495,0.0753079507278835,0.8495437577768562,0.7052681091251176,0.3958115704123763,0.2763311187379955,0.1794112024469508,0.0985897270021995,0.0939576855069812
0.0971247900405098,0.7172369954444325,0.9266444377083964,0.5879162598980366,0.0358342665173572,0.8869763583575281,0.7020696142991533,0.3789981594786847,0.2701596397871469,0.1759383164468234,0.0913442877474447,0.0764587525150905
0.1068076277047722,0.7296323763110499,0.928084267959988,0.5763097949886105,0.0394736842105263,0.8940273745333887,0.7385700846660395,0.4084962443416406,0.2957586825781668,0.2046772446313643,0.1163151766075818,0.09371379793915
0.1748839047524948,0.7670304057633223,0.9026977872082448,0.5197960733268251,0.0872527062336693,0.8949605972625466,0.8021636876763876,0.4867432721484356,0.3720520167511572,0.2902886637354234,0.201319705007116,0.1704774099140296
0.2809999011955341,0.800296641593389,0.8451045771445892,0.4445167588675561,0.1728256812243374,0.8718374118622979,0.8234242709313264,0.5747898323633288,0.4802733083535376,0.422513222455872,0.3323413981972657,0.2921163343698555
0.4100385337417251,0.817353533213264,0.7582600788117612,0.3648985790215858,0.2872340425531915,0.8207175445873082,0.7644402634054561,0.660597920708352,0.611322774646557,0.5835085707003123,0.4870832794238151,0.4376562404731419
0.5613081711293351,0.8500900519122787,0.6656562594725675,0.2651046751274541,0.4156401642403882,0.7734342596433016,0.6658513640639698,0.7351639058846938,0.7390975786391261,0.7427196839355128,0.6432052443179368,0.5920370709103104
0.7253235846260251,0.9292297912914504,0.5964686268566232,0.1346132986224101,0.5357409481149682,0.7648278722521776,0.5416745061147695,0.7826195095259415,0.8233571586007117,0.854616708086408,0.7702160693492043,0.7376379489055547
0.8842999703586601,1.0,0.5251591391330707,0.0111725783707561,0.6547219111608809,0.7507258399004563,0.3683913452492944,0.7792866736308014,0.8546868604175195,0.9024405786019246,0.8547030663733989,0.8658008658008659
0.9335045944076672,0.969064519546562,0.4652925128826917,0.0,0.7148189622993655,0.694525093322273,0.2600188146754468,0.721981793762125,0.8213734689379389,0.859459631682916,0.8356837883296676,0.8870800560941408
0.8130619504001582,0.8345163682593494,0.4614277053652622,0.1349387135264128,0.660321015304218,0.6260887598506844,0.1580432737535277,0.5155946873600955,0.6280739317988603,0.6733256866118652,0.6676154741881227,0.7482470581062131
0.5933208181009781,0.7286788854751562,0.5543346468626857,0.3097949886104784,0.4993467711832773,0.6378058896723352,0.0460018814675446,0.2248420633736258,0.3178311659687018,0.3778117632065252,0.3977228619485057,0.5013108956770929
0.3845469815235649,0.737048416145778,0.7203698090330404,0.4201106410673608,0.2985255692422546,0.7555993363749481,0.0,0.024971397303885,0.0629427878711546,0.0991206270311603,0.125415103290637,0.2408389732333394
0.3168659223396898,0.7346117173429387,0.7705365262200667,0.4584011281050005,0.2357222844344904,0.7886768975528826,0.0871119473189087,0.056160772024076,0.0334393400295978,0.0284521761294844,0.037305386639065,0.1438936650204256
0.303823732832724,0.7267719038033689,0.7749317975143982,0.4695737064757565,0.2267637178051512,0.7878473662380756,0.273659454374412,0.2088742973685519,0.1401492490317705,0.1008730007009494,0.0810367878552637,0.1590756661179196
0.2498764944175476,0.7135289755270684,0.8067596241285238,0.5060201757240481,0.1817842478536767,0.8030900041476566,0.4415804327375353,0.3228871312739392,0.2225196007430964,0.1548142483910023,0.1104498210203993,0.1535272239497591
0.1997826301748839,0.6869371755482572,0.8262352227947863,0.5471309252630437,0.1461366181410974,0.8034010783907092,0.5447789275634995,0.3826294582898075,0.2629175981611512,0.1744726948320907,0.1087678440505455,0.1248704347295896
0.1844679379507953,0.6563195253734506,0.8160806304940892,0.5712116281592363,0.145110115714819,0.7815221899626711,0.6063969896519285,0.4088444510769537,0.2795742939009415,0.1816414962085006,0.1070427394660801,0.1152368758002561
0.1848631558146428,0.6465727301620935,0.8088056986965748,0.5759843800846078,0.1497760358342665,0.7717751970136872,0.6514581373471307,0.4203850171616177,0.2850845429641991,0.1812272987956413,0.1064389528615172,0.1156027071520029
0.1759707538780753,0.6351308401313698,0.8075174295240983,0.5867230719166938,0.1464165733482643,0.765346329323932,0.6807149576669802,0.4265532507585932,0.2858087471267987,0.1781686102083731,0.1032906369948678,0.1120053655264923
0.1554194249580081,0.6050429070876152,0.8016823279781752,0.6134070940449073,0.1402575587905935,0.7465781833264206,0.6860771401693321,0.422971695766801,0.280298498063541,0.1696297712355827,0.0910423944451632,0.0975550271324919
0.1409939729275763,0.5861849772221632,0.7993331312518945,0.6309794988610478,0.1348450914520343,0.735690584819577,0.6842897460018814,0.4167039745311645,0.2729619950250323,0.160135092079271,0.0781472376762841,0.0817633071154197
0.139808319336034,0.5871384680580569,0.8008487420430433,0.6311964421303828,0.1334453154162001,0.7372459560348403,0.6891815616180621,0.4163060239765209,0.2719544066248937,0.1578729369782705,0.0737913486005089,0.0776781903542467
0.1529493133089615,0.5998516792033054,0.7998635950287967,0.6174205445276061,0.1402575587905935,0.7427416009954375,0.7015051740357479,0.4234691339601054,0.2766145029755345,0.1616962977123558,0.0790529175831285,0.0848728736052679
0.1579883410730164,0.6006992266129886,0.7966050318278267,0.6142748671222475,0.1445502053004853,0.7409788469514724,0.7136406396989652,0.4296373675570811,0.2800151138260021,0.1636398394188492,0.0819855953767197,0.0876166087433693
0.148305503408754,0.5865028075007944,0.7938769324037587,0.626749105109014,0.1417506532288167,0.7321650767316465,0.713170272812794,0.4279958215191762,0.2791019868383765,0.1605811508315809,0.0774571958424979,0.0800560941406011
0.1337812469123604,0.5698696895857611,0.793043346468627,0.6433452652131467,0.135405001866368,0.7234549979261717,0.7067732831608654,0.4221260508381834,0.2745993261752574,0.1547186643726502,0.0697373528270151,0.069325041156027
0.1307183084675427,0.5675389342091324,0.7938011518642013,0.6461655277145026,0.1334453154162001,0.7228328494400663,0.7136406396989652,0.4242650350693926,0.2751660946503353,0.1545593576753966,0.0691766938370638,0.0676178281812084
0.1400059282679577,0.5839601652717448,0.7984237647772052,0.6326065733810609,0.1350317282568122,0.7340315221899627,0.7371589840075258,0.4337661045615082,0.2812745993261753,0.1603581214554259,0.0754733255703627,0.0749344552161453
0.1427724533148898,0.5944485644665748,0.803879963625341,0.6257728603970062,0.1328854050018663,0.7428452924097885,0.7573847601128881,0.4422722976670148,0.2867218741144243,0.1650735996941311,0.080174235563031,0.0808487287360526
0.1304218950696571,0.5886216760250026,0.8091088208548044,0.6355353075170842,0.123926838372527,0.7435711323102447,0.7654750705550329,0.4423220414863453,0.2857772599892944,0.1630344739692857,0.0769396644671583,0.0748734833241875
0.1163916609030728,0.5803580887805911,0.8138829948469233,0.6474671873305131,0.1143150429264651,0.7428452924097885,0.7636876763875823,0.4385912550365617,0.2825340848263484,0.1587331931434397,0.0702980118169664,0.0646302054752759
0.1170832921648058,0.5883038457463714,0.8191118520763867,0.6430198503091441,0.1114221724524076,0.7503110742430527,0.7690498588899342,0.4405810078097796,0.2829749047514091,0.1580322436755241,0.0692198214516755,0.0631668800682885
0.1239996047821361,0.6090687572836105,0.8286602000606245,0.6285931228983621,0.108809257185517,0.7670053919535463,0.7871119473189087,0.4477938616126946,0.2871626940394849,0.1603262601159752,0.0726269030059947,0.0678617157490397
0.1204426440075091,0.614471872020341,0.835253107002122,0.6278338214556893,0.103023516237402,0.7741600995437579,0.7942615239887112,0.4506790031338606,0.2894612550773009,0.1611865162811444,0.0733600724543925,0.0700567038595207
0.1029542535322596,0.6033478122682487,0.8407093058502577,0.6431283219438118,0.091452034341172,0.7723973454997927,0.7841956726246472,0.442620504402328,0.2846752101766429,0.1557382272350729,0.0668909302626471,0.0605450887141028
0.086256298784705,0.597097150121835,0.8490451652015761,0.6554940882959106,0.0783874580067189,0.7750933222729159,0.7705550329256821,0.43396507983883,0.2789130640133506,0.150003186133945,0.0596023633932807,0.0504237546491067
0.0868491255804762,0.6115054560864497,0.8589724158836011,0.6477926022345156,0.0726017170586039,0.7888842803815844,0.7727187206020697,0.4328707158135602,0.2789760382883592,0.1500669088128465,0.059214214861776,0.0498750076214865
0.099100879359747,0.6342832927216865,0.865792664443771,0.6293524243410348,0.0741881298992161,0.8047490667772709,0.7855126999059265,0.4404317763517883,0.2847066973141472,0.1554833365194672,0.0655539742096864,0.0587159319553685
0.1044363205216875,0.6400042377370483,0.8657168839042134,0.623494956068988,0.0768010451661067,0.8074450435503941,0.7889934148635936,0.4448092324528677,0.2877924367895714,0.158478302427834,0.0693060766808988,0.0634717395280775
0.0967295721766623,0.6247483843627502,0.8607911488329798,0.6355353075170842,0.0761478163493841,0.7966611364579014,0.7773283160865474,0.4403322887131274,0.2858087471267987,0.156279870005735,0.0653383361366283,0.0597524541186513
0.0868491255804762,0.6082212098739272,0.8565474386177631,0.6494196767545286,0.0740948114968272,0.7856698465367068,0.7676387582314205,0.4359050887927175,0.2824396234138354,0.1522653412349455,0.0602492776124552,0.0517651362721785
0.0897144550933702,0.604513189956563,0.8516974840860867,0.6497450916585312,0.0784807764091078,0.7805889672335131,0.7693320790216368,0.4382430483012486,0.2821247520387921,0.1520741731982412,0.0600767671540087,0.0513993049204316
0.1042387115897638,0.615531306282445,0.8484389208851169,0.6361861373250896,0.0873460246360582,0.7836997096640399,0.7805268109125117,0.4460528279361289,0.2858717214018074,0.1555470591983687,0.063828869625221,0.0586549600634107
0.1099693706155518,0.6201928170357028,0.8473779933313126,0.6306540839570453,0.0907054871220604,0.7852550808793032,0.7843838193791156,0.4510272098691738,0.2882962309896407,0.1571082648314535,0.0658558675119679,0.0620084141210901
0.1016697954747554,0.6041953596779319,0.842300697180964,0.6433452652131467,0.0898656215005599,0.773952716715056,0.7758231420507997,0.4479430930706859,0.2856513114392771,0.153635378831326,0.0616724888946392,0.0560941406011828
0.0932714158679972,0.583218561288272,0.833737496210973,0.6587482373359367,0.0911720791340052,0.757776856076317,0.7639698965192849,0.4409292145450928,0.280298498063541,0.1469126362072261,0.05352136973304,0.0462776659959758
0.0994960972235945,0.5821591270261679,0.8281297362837224,0.6558195031999131,0.0976110488988428,0.7535255080879304,0.7664158043273753,0.4446102571755459,0.2809282408136276,0.1464984387943669,0.052572562211584,0.0468264130235961
0.1178737278925007,0.591058374827842,0.8204759017884208,0.641175832519796,0.1109555804404628,0.7525922853587723,0.7797742238946377,0.4546585086802965,0.2855883371642684,0.1502580768495507,0.0585673006426014,0.055728309249436
0.1239008003161742,0.5833245047144825,0.8103213094877235,0.6418266623278014,0.1200074654721911,0.7419120696806305,0.7900282220131701,0.4605780231806198,0.2889259737397274,0.1515643917670298,0.0608530642170181,0.0599353697945247
0.1158976385732635,0.5619239326199809,0.8010760836617158,0.6572296344505912,0.1219671519223591,0.7250103691414351,0.786829727187206,0.458488782768741,0.2864384898768853,0.1475498629962403,0.0551602190882822,0.0556063654655204
0.1088825214899713,0.5426422290496874,0.7927402243103971,0.6708970604187005,0.1238335199701381,0.7098714226462048,0.7861712135465663,0.4568969805501667,0.2825340848263484,0.1420059899318167,0.0478716522189157,0.0475580757270898
0.1107598063432467,0.5416887382137937,0.7906183692027887,0.6703547022453629,0.125979843225084,0.7080049771878889,0.8013170272812793,0.4650052231010297,0.2848641330016688,0.1426432167208309,0.0477422693750808,0.0483507103225413
0.1242960181800217,0.553024684818307,0.7883449530160654,0.6571211628159237,0.1337252706233669,0.7120489423475737,0.8300094073377234,0.4814206834800775,0.2928933530652728,0.1472631109411839,0.0538663906499331,0.0569477470885921
0.1269637387609919,0.553024684818307,0.7862230979084572,0.6556025599305781,0.1363381858902576,0.7105972625466611,0.8538099717779869,0.494901258518629,0.299694574766208,0.1503536608679029,0.0572734722042523,0.0620693860130479
0.1174785100286533,0.5371331708867464,0.7822067293119127,0.6690530426293524,0.1343784994400896,0.7000207382828701,0.8634054562558796,0.4998258966323434,0.300450266066312,0.147581724335691,0.0533488592745935,0.0566428876288031
0.1093765438197806,0.5251615637249708,0.7799333131251894,0.6795747911921033,0.1318589025755879,0.6926586478639569,0.8608654750705549,0.4996766651743521,0.2976164236909223,0.1426750780602816,0.0469228446974598,0.0468264130235961
0.1150083983796067,0.5326835469859094,0.7809184601394362,0.6726326065733811,0.1339119074281448,0.6970136872666944,0.8682031984948259,0.5045018156494055,0.2989073963285998,0.1425476327024788,0.0465778237805667,0.0473751600512163
0.1285446102163817,0.5528127979658862,0.7849348287359805,0.6548432584879054,0.1379245987308697,0.7095603484031523,0.892662276575729,0.5163408446500523,0.3046065682168835,0.1462435480787612,0.0517100099193513,0.0570696908725077
0.1320027665250469,0.5587456298336687,0.7865262200666868,0.6499620349278664,0.1385778275475924,0.7136043135628369,0.9111947318908749,0.5245983186589066,0.3084165118549073,0.1484101191614095,0.0543839220252728,0.0609109200658496
0.1216282975990514,0.5463502489670515,0.7856926341315551,0.6620023863759626,0.1340985442329227,0.7069680630443799,0.9103480714957668,0.5259911456001592,0.3066847192921692,0.145383291913592,0.0495967568033812,0.0551185903298579
0.1133287224582551,0.5378747748702192,0.7859199757502274,0.6708970604187005,0.1300858529301978,0.7029240978846952,0.8990592662276575,0.5234542108143063,0.3038508769167795,0.1405722296565347,0.043817656445422,0.0475580757270898
0.1191581859500049,0.5495285517533637,0.789784783267657,0.66167697147196,0.1304591265397536,0.7112194110327665,0.8938852304797742,0.5259414017808288,0.3063383607796215,0.141751099216211,0.0448958468107129,0.0502408389732333
0.1338800513783223,0.5643606314228201,0.7891027584116399,0.6460570560798351,0.1378312803284808,0.7180630443799254,0.9020696142991532,0.5373327364075013,0.3136748638181303,0.1479003377301981,0.052701945055419,0.0610328638497652
0.1386226657444916,0.5638309142917681,0.7850863898150955,0.6437791517518169,0.1425905188503173,0.7150559933637495,0.9041392285983066,0.5452917475003731,0.318996190056362,0.1522653412349455,0.0588691939448829,0.0695079568319005
0.1336824424463986,0.5516474202775716,0.7801606547438619,0.6526738257945547,0.1432437476670399,0.7057237660721692,0.8842897460018815,0.5419091677859026,0.3184923958562927,0.1510546103358185,0.0580066416526502,0.067739771965124
0.1341764647762079,0.5447610975738956,0.7748560169748409,0.6559279748345808,0.1466965285554311,0.6986727498963087,0.8639698965192849,0.5387753071680844,0.3176737302811802,0.1506404129229593,0.0563246646827964,0.0659715870983476
0.146922240885288,0.5486810043436804,0.7678084267959988,0.6469248291571754,0.1571481896229936,0.6958730817088346,0.8595484477892755,0.543948664378451,0.3228061336943859,0.1563754540240871,0.0629231897183766,0.0745076519724407
0.1715245529097915,0.5627714800296642,0.7590178842073356,0.6262067469356764,0.1741321388577827,0.6967026130236416,0.857008466603951,0.5528528080386013,0.3304575081079379,0.1658701331803989,0.0759477293310907,0.0913358941527955
0.1886177255211935,0.571141010700286,0.7519702940284935,0.6125393209675669,0.1865434863755133,0.6959767731231853,0.8440263405456256,0.5541461473411929,0.3342989388834661,0.1741222200981329,0.0877215681200672,0.1060301201146271
0.1875308763956131,0.5693399724547091,0.7515156107911489,0.6140579238529124,0.1863568495707353,0.6947324761509747,0.8188146754468485,0.5434512261851465,0.3323152492206934,0.1768304339514433,0.0913874153620563,0.1094445460642643
0.1855547870763758,0.573259879224494,0.755835101545923,0.6130816791409046,0.1827174318775662,0.6997096640398176,0.7876763875823142,0.5296721882306124,0.3288516640952171,0.1788058369973874,0.0937594341656963,0.1108468995792939
0.1963244738662187,0.59052865769679,0.7599272506820249,0.5984380084607874,0.1853303471444569,0.7109083367897138,0.7726246472248353,0.5228075411630105,0.3302370981454076,0.1850825208691773,0.1024712123172467,0.1191390768855557
0.2105523169647268,0.6145778154465515,0.7662170354652925,0.5782622844126261,0.1881298992161254,0.726980506014102,0.7716839134524929,0.5220613838730538,0.3353695015586133,0.1957242082457146,0.1164014318368051,0.1332235839278092
0.2138128643414682,0.6297277253946392,0.7745528948166112,0.568716780561883,0.1845837999253453,0.7400456242223143,0.7696142991533397,0.5193752176292096,0.3388015995465852,0.2040400178423501,0.1273558459481606,0.1424303396134382
0.2049204624049007,0.6305752728043225,0.7819793876932404,0.5731641175832519,0.1758118701007839,0.7456449605972625,0.7552210724365005,0.5071382380739193,0.3349916559085614,0.2056012234754349,0.1286496743865097,0.1404182671788305
0.1945459934789052,0.6286682911325352,0.7885722946347379,0.5797808872979716,0.1667599850690556,0.7491704686851929,0.7327375352775164,0.491568422623489,0.3285997669951825,0.2043904925763079,0.1263207831974813,0.1346869093347966
0.1966208872641043,0.6377794257866298,0.7934980297059715,0.5740318906605922,0.1647069802164987,0.7570510161758607,0.7292568203198495,0.4864945530517833,0.3286312541326868,0.2084050213470974,0.1312804588778194,0.1392598012316322
0.2084774231795277,0.6500688632270367,0.7931949075477418,0.5612322377698232,0.1705860395670026,0.7628577353795106,0.7396048918156163,0.4904243147788887,0.3321263263956674,0.2145861212005352,0.1397334713417001,0.1483446131333455
0.208279814247604,0.6523996186036656,0.7949378599575628,0.5601475214231478,0.1693729003359462,0.7651389464952302,0.747318908748824,0.4903248271402278,0.3332283762083189,0.2174217804116485,0.1437874671151938,0.1514541796231937
0.1895069657148503,0.640957728572942,0.8011518642012732,0.5763097949886105,0.1566815976110489,0.7637909581086686,0.7436500470366886,0.4825150475053475,0.3288201769577128,0.2142993691454788,0.1394747056540303,0.144381440156088
0.1782432565951981,0.6328000847547408,0.8041073052440133,0.5867230719166938,0.1494960806270996,0.7618208212360016,0.7392285983066792,0.4740585982191713,0.3231839793444378,0.2100299496590836,0.1322292663992754,0.1352966282543747
0.1808121727102065,0.6479499947028285,0.8128978478326766,0.5775029829699534,0.1452967525195969,0.7753007051016175,0.7457196613358419,0.4734616723872059,0.3229950565194118,0.2103804243930415,0.1326605425453918,0.1353576001463325
0.1888153344531173,0.672211039305011,0.8241133676871779,0.5606898795964855,0.1422172452407615,0.7947946909995852,0.7625587958607714,0.4791822116102074,0.3266160773324097,0.2143630918243803,0.1382671324449045,0.1419425644777757
0.1905938148404307,0.6763428329272169,0.8256289784783268,0.5576526738257945,0.1421239268383725,0.797905433430112,0.7712135465663217,0.4814704272994081,0.3282534084826349,0.2161154654941694,0.1405960236339328,0.1435278336686787
0.1787372789250074,0.6649009428964933,0.826689906032131,0.569909968543226,0.1358715938783128,0.7929282455412692,0.7646284101599247,0.4764960453663633,0.3252936175572279,0.2134709743197604,0.1364557726312157,0.1384061947442229
0.1718209663076771,0.6620404703888122,0.829948469233101,0.5752250786419351,0.1306457633445315,0.7937577768560764,0.756255879586077,0.4699298612147441,0.3212002896816651,0.2102211176957879,0.1314098417216544,0.1318212304127797
0.1727102065013338,0.672740756436063,0.8368444983328283,0.5692591387352207,0.1267263904441956,0.8038158440481129,0.7605832549388523,0.470924737601353,0.321955980981769,0.2106990377875486,0.1324880320869453,0.1324309493323577
0.1779468431973125,0.6896917046297276,0.8450287966050319,0.5576526738257945,0.1242067935796939,0.8176068021567814,0.779492003762935,0.4788837486942248,0.3274347429075223,0.2148728732555916,0.1382240048302928,0.1391378574477166
0.1779468431973125,0.6966839707596143,0.8499545316762656,0.554073109881766,0.1212206047032475,0.8244504355039403,0.7947318908748824,0.484902750833209,0.3308353537579899,0.2176448097878034,0.140811661706991,0.1423693677214804
0.1656950894180416,0.6889501006462548,0.8538951197332526,0.5648118017138518,0.1129152668906308,0.8234135213604313,0.780620884289746,0.4771924588369896,0.3263956673698794,0.213725865035366,0.1358951136412645,0.1351746844704591
0.1543325758324276,0.6786735883038457,0.8551833889057291,0.5763097949886105,0.10675625233296,0.8192658647863957,0.753904045155221,0.4639108590757598,0.3195314713939356,0.2083094373287453,0.129080950532626,0.126333760136577
0.1561110562197411,0.6855599110075218,0.8587450742649289,0.571753986332574,0.1054497946995147,0.8250725839900457,0.7385700846660395,0.4593344276973585,0.319185112881388,0.2082457146498438,0.1289515676887911,0.1262727882446192
0.1652998715541942,0.6956245364975103,0.8588966353440437,0.5616661243084933,0.1096491228070175,0.8300497718788884,0.7445907808090311,0.4637118837984381,0.3226172108693599,0.2121646594022813,0.1347306680467503,0.1327358087921468
0.1698448769884399,0.6923402902849877,0.8529857532585632,0.5607983512311531,0.1154348637551325,0.8244504355039403,0.7366886171213546,0.4638611152564294,0.3221134166692906,0.2131204995858026,0.1371026868503903,0.1367599536613621
0.1610512795178342,0.6749655683864815,0.8473779933313126,0.5745742488339299,0.1147816349384098,0.8120074657818332,0.7174976481655692,0.4549072277769487,0.3156900406184074,0.2076084878608296,0.1306766722732565,0.1303579050057923
0.1539373579685801,0.6615107532577602,0.8432100636556532,0.5853129406660158,0.1139417693169093,0.802675238490253,0.701975540921919,0.4456548773814853,0.3097389716300892,0.202064614796406,0.1241212748522879,0.121577952563868
0.1587787768007114,0.6634177349295476,0.8408608669293726,0.5816249050873197,0.1177678238148563,0.8019493985897967,0.702351834430856,0.446948216684077,0.3097389716300892,0.2035302364111387,0.125285720446802,0.122858362294982
0.1725125975694101,0.6742239644030087,0.8380569869657472,0.5686083089272156,0.125886524822695,0.8053712152633762,0.717027281279398,0.4562005670795404,0.3140841966056866,0.2083094373287453,0.1324449044723336,0.1317602585208219
0.1742910779567236,0.6808984002542642,0.8414671112458321,0.5642694435405142,0.1246733855916387,0.8108668602239736,0.7267168391345249,0.4595831467940109,0.3166976290185459,0.2111769578793092,0.1354207098805365,0.1359063471739528
0.1622369331093765,0.6739061341243775,0.8457108214610488,0.5744657771992624,0.116368047779022,0.8104520945665699,0.7171213546566322,0.4528677311844003,0.3131080953430524,0.2080864079525903,0.1313235864924311,0.1299311017620877
0.1565062740835885,0.6680792456828054,0.8460139436192786,0.5805401887406443,0.1134751773049645,0.8077561177934467,0.708936970837253,0.4478436054320251,0.3108410214427407,0.2048684126680685,0.1274421011773839,0.1251143222974209
0.1658926983499654,0.6794151922873185,0.8468475295544106,0.5695845536392233,0.1173945502053005,0.8138739112401493,0.7172154280338664,0.4524697806297568,0.3140212223306779,0.2079589625947875,0.1315392245654893,0.1288336077068471
0.1766623851398083,0.6891619874986756,0.8454834798423765,0.5586289185378024,0.1232736095558044,0.8177104935711323,0.7323612417685795,0.4619708501218724,0.3197203942189616,0.2132479449436054,0.1386121533617975,0.1387720260959697
0.1765635806738464,0.689797648055938,0.846089724158836,0.5584119752684673,0.1229003359462486,0.8184363334715886,0.7388523047977422,0.4650549669203601,0.3205390597940741,0.2140126170904225,0.1402941303316513,0.1416986769099445
0.1653986760201561,0.6799449094183705,0.8476053349499849,0.5695845536392233,0.1166480029861889,0.8145997511406056,0.7313264346190027,0.4566482614535144,0.3150288107308165,0.2093927228700694,0.1350325613490318,0.1345039936589232
0.1571979053453216,0.6747536815340607,0.8501818732949379,0.5767436815272806,0.1112355356476297,0.8138739112401493,0.7174035747883348,0.4461523155747898,0.3087628703674549,0.2038169884661951,0.1285202915426747,0.1265166758124504
0.1594704080624444,0.6830172687784721,0.8544255835101546,0.5712116281592363,0.1097424412094065,0.820821236001659,0.7213546566321731,0.4449584639108591,0.3076608205548034,0.2024469508698145,0.1266226764997628,0.1251752941893787
0.1680663966011263,0.6945651022354061,0.8560169748408609,0.560581407961818,0.1128219484882419,0.827561177934467,0.7373471307619943,0.450728746953191,0.3111244056802796,0.2048684126680685,0.1302453961271402,0.1320041460886531
0.1677699832032408,0.6894798177773068,0.8526068505607761,0.5634016704631739,0.1146883165360209,0.8227913728743259,0.7478833490122295,0.4546585086802965,0.3127932239680091,0.2067800930351112,0.1328330530038383,0.1359063471739528
0.1600632348582155,0.6767666066320583,0.8493482873598059,0.5741403622952598,0.1131019036954087,0.8142886768975529,0.7412982126058325,0.4500820773018952,0.3095815359425675,0.2037214044478429,0.1286928020011213,0.1292604109505518
0.1552218160260843,0.673800190698167,0.8510154592300698,0.5782622844126261,0.1097424412094065,0.8139776026545001,0.7336782690498589,0.4444610257175546,0.3066217450171605,0.2011087746128847,0.1242075300815112,0.1232241936467288
0.1642130224286137,0.6895857612035171,0.8554865110639589,0.565245688252522,0.1112355356476297,0.8247615097469929,0.7409219190968954,0.4477441177933642,0.3085109732674203,0.2022239214936596,0.1269245698020442,0.127614169867691
0.1738958600928762,0.7027227460536073,0.8573052440133374,0.5533138084390932,0.1147816349384098,0.832434674408959,0.7534336782690498,0.4536138884743571,0.3121949683554268,0.2057923915121391,0.1320567559408289,0.1343820498750076
0.1688568323288212,0.7009217078080304,0.8598817823582904,0.5568933723831218,0.1107689436356849,0.833264205723766,0.754656632173095,0.4540118390290006,0.3118800969803835,0.2060472822277448,0.1330055634622849,0.1344430217669654
0.1510720284556862,0.6874668926793092,0.8638981509548349,0.5735980041219222,0.0998506905561777,0.829531314807134,0.7346190028222013,0.4421728100283539,0.3050788752794484,0.2000573504110113,0.1258463794367533,0.12346808121456
0.1375358166189111,0.6780379277465832,0.8676113973931495,0.5858552988393535,0.0912653975363941,0.8273537951057652,0.7175917215428034,0.4311794259563249,0.2989388834661041,0.1940674185942777,0.1183421744943287,0.1143222974208889
0.143365280110661,0.6854539675813115,0.8684449833282814,0.5789131142206313,0.09341172079134,0.8316051430941518,0.7184383819379115,0.4321743023429338,0.2989703706036085,0.1945134773465876,0.1191615991719498,0.1159075666117919
0.1545301847643513,0.6943532153829854,0.8661715671415581,0.5681744223885453,0.1001306457633445,0.8344048112816259,0.7329256820319849,0.4401333134358056,0.3033155955792059,0.1989422035302364,0.1245094233837926,0.12346808121456
0.1520600731153048,0.6873609492530989,0.8631403455592604,0.5730556459485844,0.1007838745800672,0.8289091663210286,0.7412041392285983,0.4430184549569716,0.3043861582543531,0.1995157076403492,0.1262345279682581,0.1262118163526614
0.1380298389487204,0.6697743405021717,0.8613216126098819,0.5898687493220524,0.095278088839119,0.8190584819576939,0.7315145813734713,0.435954832612048,0.2990018577411127,0.1944816160071369,0.119722258161901,0.1171270044509481
0.1285446102163817,0.6571670727831337,0.8595786602000606,0.6014752142314784,0.0919186263531168,0.8116963915387806,0.7163687676387582,0.4277471024225239,0.2919802260776473,0.1887784362454597,0.1117005218441368,0.1062740076824584
0.1310147218654283,0.6610869795529187,0.86048802667475,0.5981125935567849,0.0925718551698395,0.814184985483202,0.7122295390404516,0.4253593990946624,0.2907522277149784,0.1876314280252341,0.111312373312632,0.1064569233583318
0.1392154925402628,0.6693505667973302,0.8601091239769627,0.5894348627833821,0.0966778648749533,0.818021567814185,0.7156161806208843,0.4272496642292195,0.2928303787902642,0.1891289109794175,0.1154526243153491,0.111761477958661
0.1389190791423772,0.667761415404174,0.8592755380418309,0.5904111074953899,0.0970511384845091,0.8166735794276233,0.7185324553151458,0.4290404417251157,0.2936805315028811,0.1900847511629389,0.1172208565144262,0.1137125785013109
0.1295326548760003,0.654094713423032,0.8566232191573204,0.6024514589434863,0.0942515864128406,0.8081708834508503,0.7063029162746942,0.4216783564642093,0.2887370509147013,0.1855923023003887,0.1113555009272437,0.1076763611974879
0.1236043869182887,0.6457251827524101,0.8551833889057291,0.6100444733702136,0.0922918999626726,0.8030900041476566,0.6904045155221072,0.4131721633587027,0.2830378790264177,0.1805582106671764,0.104800103506275,0.1004816779464667
0.1316075486611995,0.6537768831444007,0.8548802667474993,0.601583685866146,0.0962112728630086,0.8068228950642886,0.6867356538099717,0.4126747251653982,0.282880443338896,0.1818008029057541,0.1070427394660801,0.1037741601121882
0.1495899614662582,0.6701981142070134,0.8526826311003335,0.5832519796073327,0.1061030235162374,0.8133554541683949,0.6886171213546566,0.4188429587623738,0.286312541326868,0.1860383610526986,0.1136412645016604,0.1138954941771843
0.1555182294239699,0.6721050958788007,0.8495756289784783,0.5790215858552988,0.1108622620380739,0.8121111571961842,0.6924741298212606,0.4218275879222006,0.2893667936647879,0.1890651883005161,0.1166601975244749,0.1198097676970916
0.146922240885288,0.6543066002754527,0.8433616247347682,0.5929059550927434,0.110582306830907,0.7992534218166736,0.6917215428033866,0.4193403969556782,0.2875720268270411,0.1862613904288536,0.1124768189071462,0.1144442412048045
0.144748542634127,0.6498569763746159,0.8419217944831767,0.5962685757674369,0.1103956700261291,0.796038987971796,0.6947318908748824,0.4201860418842958,0.2868163355269372,0.1853055502453323,0.110492948635011,0.1104200963355893
0.1538385535026183,0.6657484903061763,0.8463170657775084,0.5831435079726651,0.1120754012691302,0.8068228950642886,0.7078080903104421,0.4257573496493061,0.2906262791649611,0.1885554068693048,0.1142881787208349,0.114627156880678
0.1614464973816816,0.6798389659921602,0.8505607759927251,0.571753986332574,0.1130085852930198,0.8166735794276233,0.7238946378174976,0.4327712281748992,0.2953493497906105,0.1929204103740521,0.1202397895372407,0.1222486433754039
0.1610512795178342,0.6865134018434155,0.8556380721430736,0.5686083089272156,0.1097424412094065,0.8234135213604313,0.72793979303857,0.4336168731035169,0.2966088352907837,0.1941311412731791,0.1223099150385992,0.1238948844582647
0.1480090900108684,0.673270473567115,0.8561685359199757,0.5824926781646599,0.1032101530421799,0.817192036499378,0.7187206020696143,0.4262547878426105,0.291476431877578,0.1890333269610654,0.1153663690861258,0.1148100725565514
0.1425748443829661,0.6701981142070134,0.8580630494089118,0.5871569584553639,0.0994774169466218,0.8169846536706762,0.7097836312323612,0.4212804059095658,0.2882647438521364,0.1861976677499522,0.1107517143226808,0.108590939576855
0.1515660507854955,0.6888441572200446,0.8645801758108518,0.5726217594099143,0.0996640537513997,0.8306719203649938,0.7137347130761994,0.424861960901358,0.291193047640039,0.1888421589243612,0.1138569025747186,0.113346747149564
0.1635213911668807,0.7073842568068651,0.8686723249469538,0.5565679574791192,0.1028368794326241,0.8424927416009955,0.725211665098777,0.4308809630403422,0.2955382726156366,0.1925380743006436,0.1198947686203476,0.1221266995914883
0.1578895366070546,0.7120457675601227,0.8764019399818126,0.5572187872871245,0.095371407241508,0.8500622148486106,0.7269049858889934,0.4295876237377505,0.294436222802985,0.1918371248327279,0.11890283348428,0.1216998963477836
0.144748542634127,0.6870431189744675,0.8685207638678387,0.5772860397006183,0.0940649496080627,0.832434674408959,0.716274694261524,0.4232204148634532,0.2899335621398659,0.1872172306123749,0.1133824988139906,0.1157856228278763
0.1401047327339195,0.6744358512554295,0.8631403455592604,0.5862891853780237,0.0951847704367301,0.8225839900456243,0.7064910630291628,0.418096801472417,0.2860291570893291,0.1829796724654304,0.1076033984560314,0.1085299676848972
0.1448473471000889,0.6723169827312213,0.8579114883297969,0.5847705824926782,0.1006905561776782,0.8179178763998342,0.7154280338664157,0.4230214395861314,0.2874775654145282,0.1839673739884025,0.1092422478112735,0.10956648984818
0.1521588775812666,0.6784617014514248,0.8566989996968778,0.5776114546046209,0.1047965658827921,0.8201990875155538,0.7267168391345249,0.4304830124856987,0.2913189961900564,0.1876314280252341,0.1155388795445724,0.1170660325589903
0.1490959391364489,0.6808984002542642,0.8607911488329798,0.5780453411432911,0.1008771929824561,0.8241393612608876,0.7281279397930386,0.4313784012336467,0.2927044302402468,0.1882686548142484,0.1164876870660284,0.1181635266142308
0.1351645094358265,0.6673376416993325,0.8617762958472265,0.5926890118234082,0.0936916759985069,0.8181252592285359,0.7183443085606773,0.4260558125652887,0.289177870839762,0.1839992353278532,0.1102773105619528,0.1103591244436315
0.128347001284458,0.6618285835363916,0.863064565019703,0.5991973099034602,0.089678984695782,0.8163625051845708,0.7108184383819379,0.4220265631995225,0.286501464151894,0.1818645255846555,0.1072152499245266,0.1042619352478507
0.1338800513783223,0.6749655683864815,0.868217641709609,0.5894348627833821,0.0891190742814483,0.8263168809622564,0.7193791157102539,0.4266527383972541,0.2895557164898139,0.1848594914930224,0.1113555009272437,0.1084689957929394
0.1403023416658433,0.6870431189744675,0.8718551076083662,0.5797808872979716,0.0898656215005599,0.8347158855246786,0.7332079021636876,0.4340148236581605,0.2945936584905066,0.1899891671445867,0.1170483460559796,0.117797695262484
0.1382274478806442,0.6836529293357346,0.8710973022127918,0.5826011497993275,0.0893990294886151,0.8325383658233099,0.735653809971778,0.4336666169228473,0.2948770427280456,0.1902121965207417,0.1173071117436494,0.1185293579659776
0.1265685208971445,0.6695624536497509,0.8699605941194302,0.5961601041327693,0.0846397909667786,0.8248652011613439,0.7202257761053622,0.4250111923593493,0.289083409427249,0.1852418275664309,0.111312373312632,0.1095055179562222
0.124098409248098,0.661192922979129,0.8658684449833283,0.6019091007701486,0.0859462486002239,0.8179178763998342,0.7094073377234242,0.4191414216783564,0.286123618501842,0.1827885044287261,0.1075602708414197,0.1041399914639351
0.1310147218654283,0.6630999046509164,0.8619278569263412,0.5971363488447771,0.09163867114595,0.816155122355869,0.7126999059266228,0.4232204148634532,0.2879813596145975,0.1845727394379659,0.1109242247811273,0.1081641363331504
0.1408951684616144,0.6714694353215382,0.8603364655956351,0.5873739017246989,0.097237775289287,0.8192658647863957,0.722107243650047,0.4314778888723076,0.2925469945527252,0.1898298604473332,0.1184715573381636,0.1180415828303152
0.1421796265191186,0.6692446233711197,0.857759927250682,0.5878077882633692,0.0994774169466218,0.8163625051845708,0.7253998118532455,0.4321743023429338,0.2935230958153594,0.1909450073281081,0.1195497477034545,0.1195049082373026
0.1304218950696571,0.6558957516686089,0.8573052440133374,0.6010413276928084,0.0942515864128406,0.8095188718374119,0.7163687676387582,0.4252599114560016,0.2893667936647879,0.1860064997132479,0.1129943502824858,0.1118224498506188
0.124790040509831,0.6463608433096726,0.8548044862079418,0.6090682286582059,0.0930384471817842,0.8030900041476566,0.7086547507055503,0.4197383475103218,0.2855883371642684,0.1825654750525712,0.1073015051537499,0.1056642887628803
0.1353621183677502,0.6511282974891408,0.8500303122158229,0.6008243844234732,0.1009705113848451,0.8022604728328495,0.7126999059266228,0.4222255384768442,0.2859032085393117,0.1840310966673039,0.1085522059774874,0.1083470520090238
0.1503803971939531,0.660133488717025,0.8449530160654745,0.5879162598980366,0.1112355356476297,0.8030900041476566,0.7222013170272812,0.4285927473511416,0.2890519222897446,0.1880774867775441,0.1148488377107862,0.1171270044509481
0.1513684418535718,0.6618285835363916,0.845407699302819,0.5865061286473587,0.1114221724524076,0.8042306097055165,0.7157102539981185,0.4262547878426105,0.2886425895021884,0.1880456254380934,0.1154526243153491,0.1194439363453448
0.1360537496294832,0.6588621676025003,0.8550318278266141,0.5964855190367719,0.0982642777155655,0.809415180423061,0.6958607714016932,0.4104859971148584,0.2795113196259328,0.1808131013827821,0.1068271013930219,0.108590939576855
0.1203438395415472,0.6736942472719567,0.8776902091542892,0.5974617637487797,0.0768943635684957,0.8322272915802572,0.6820319849482597,0.3941700243744715,0.2726156365124846,0.1761932071624291,0.0994954069090438,0.0977989147003231
0.1086849125580476,0.723911431295688,0.9225522885722948,0.5781538127779585,0.043766330720418,0.8874948154292825,0.6843838193791157,0.3807391931552504,0.2700022040996253,0.1783279169056267,0.1008754905766162,0.0927992195597829
0.1030530579982215,0.7637461595507998,0.9554410427402245,0.5609068228658206,0.0208100037327361,0.9294898382413936,0.702728127939793,0.3776053325374323,0.2735917377751188,0.1864525584655579,0.1082071850605943,0.0945674044265593
0.1145143760497974,0.7719038033690009,0.9524098211579266,0.5504935459377372,0.0281821575214632,0.9313562836997096,0.7426152398871119,0.4099388151022236,0.304858465316918,0.2213088638246352,0.1398197265709233,0.1198097676970916
0.1667819385436222,0.7787901260726771,0.9172476508032738,0.518168998806812,0.074468085106383,0.9107216922438824,0.7968015051740357,0.4929115057454111,0.384835794577915,0.306187472121328,0.2218915771768663,0.1914517407475154
0.2756644600335936,0.7777306918105731,0.8329796908153987,0.4590519579130057,0.1777715565509518,0.8524471173786812,0.82793979303857,0.6000099487638662,0.5037312257942631,0.4404511565666221,0.3508000172510458,0.3103469300652399
0.4402727003260547,0.7923508846276087,0.7171870263716278,0.3612105434428896,0.3268010451661068,0.7803815844048113,0.8052681091251176,0.7175545938417152,0.653578513177367,0.6093162556553877,0.5134342519515246,0.4687519053716237
0.6261239008003162,0.8299608009323021,0.6015459230069718,0.2398307842499185,0.4857222844344905,0.7197221070095395,0.7477892756349952,0.8373377107894345,0.8059762586983219,0.7747084687440261,0.6764997627981196,0.6397170904213159
0.783914632941409,0.868524208072889,0.5081085177326463,0.1335285822757348,0.6177678238148564,0.6746163417669017,0.647318908748824,0.905238024175496,0.8864573821593881,0.8624864589307335,0.7815586319920645,0.7744649716480704
0.9202647959687776,0.866935056679733,0.4023946650500151,0.0594424557978088,0.7472937663307204,0.6016175860638739,0.4683913452492944,0.905238024175496,0.8977612645234423,0.8665965717198753,0.8236511838530212,0.8651911468812878
0.9467443928465564,0.7916092806441358,0.3281297362837224,0.0835231586940015,0.805524449421426,0.5138946495230196,0.3452492944496707,0.8385813062726956,0.8442016436285777,0.7895239915886064,0.7665502221072154,0.8476312419974393
0.8261041399071237,0.6478440512766183,0.3178993634434677,0.2233430957804534,0.7548525569242255,0.4365408544172542,0.2495766698024459,0.6224941551012287,0.6383387386252717,0.5950742369209202,0.5900288955017897,0.7000792634595453
0.6112044264400751,0.5947663947452059,0.444755986662625,0.3684781429656145,0.5752146323254946,0.4973040232268768,0.1315145813734713,0.2998059991046112,0.3159734248559463,0.3112215637545402,0.3313063354465864,0.4608865313090665
0.3794091492935481,0.6453014090475684,0.6586844498332829,0.4697906497450916,0.334079880552445,0.6683948569058482,0.0571025399811853,0.0560115405660846,0.0545042350199943,0.0606002676352513,0.0854358045456505,0.2161453569904274
0.2915719790534532,0.6558957516686089,0.7336314034555926,0.5126369454387678,0.2464539007092198,0.7249066777270843,0.1018814675446848,0.0615331045117644,0.0270789382537233,0.0153253042757917,0.0216069349204295,0.1321260898725687
0.2656852089714455,0.661722640110181,0.7576538344953017,0.5238095238095238,0.219391564016424,0.74419328079635,0.2781749764816557,0.2038999154355071,0.1299789036178721,0.0845599949021856,0.0623625307284254,0.1383452228522651
0.2302144056911372,0.6979552918741392,0.8107759927250683,0.5247857685215316,0.1699328107502799,0.7983201990875155,0.4613358419567263,0.3286076704969408,0.2207248339053497,0.1481552284458038,0.1033337646094794,0.1463935125906957
0.1977077363896848,0.7124695412649644,0.846089724158836,0.5351990454496149,0.1328854050018663,0.829531314807134,0.5947318908748824,0.4057603342784658,0.2756698888504046,0.1828522271076276,0.1203260447664639,0.1398695201512103
0.1780456476632743,0.6786735883038457,0.836996059411943,0.5632931988285064,0.1292459873086973,0.8067192036499379,0.6628410159924741,0.4353081629607521,0.2953493497906105,0.1919008475116294,0.1223099150385992,0.1335284433875983
0.1549254026281988,0.641487445703994,0.8281297362837224,0.5950753877860939,0.1237402015677491,0.7824554126918292,0.6830667920978363,0.4330199472715516,0.2924840202777165,0.184891352832473,0.1120455427610298,0.1188342174257667
0.1386226657444916,0.6251721580675919,0.8289633222188543,0.612322377698232,0.1155281821575214,0.7750933222729159,0.6963311382878645,0.4262547878426105,0.2870682326269719,0.1773402153826546,0.1017811704834605,0.1051765136272178
0.1391166880743009,0.623900836953067,0.8275992725068203,0.6126477926022346,0.1166480029861889,0.7735379510576524,0.715898400752587,0.4311794259563249,0.2876979753770585,0.1757471484101191,0.098762237460646,0.1015182001097494
0.1413891907914237,0.6270791397393791,0.8282055168232798,0.6098275301008786,0.1173012318029115,0.7755080879303193,0.7336782690498589,0.4383425359399095,0.2898705878648572,0.1766074045752883,0.099236641221374,0.1026766660569477
0.1378322300167967,0.6202987604619133,0.8260836617156715,0.6152511118342554,0.1169279581933557,0.7707382828701784,0.741862652869238,0.4399840819778143,0.2902484335149092,0.1759383164468234,0.0976840470953551,0.1017011157856228
0.125481671771564,0.6050429070876152,0.8247196120036375,0.6298947825143725,0.1119820828667413,0.7623392783077563,0.7293508936970837,0.4318758394269512,0.2847066973141472,0.1696297712355827,0.0897485660068141,0.091518809828669
0.1172809010967295,0.5976268672528869,0.8256289784783268,0.638138626749105,0.1075027995520716,0.7593322272915802,0.7192850423330197,0.4257573496493061,0.2802670109260367,0.1641177595106098,0.0826756372105059,0.08231205414304
0.1237031913842505,0.6083271533001378,0.8283570779023947,0.6291354810716997,0.1089025755879059,0.7663832434674409,0.7299153339604891,0.4309307068596727,0.2828174690638874,0.1663161919327088,0.0837106999611851,0.0839582952259008
0.1331884201165892,0.6171204576756012,0.827371930888148,0.6194815055862892,0.1139417693169093,0.7700124429697222,0.7444967074317969,0.4386907426752226,0.2877609496520671,0.1701076913273434,0.0884978651830767,0.0895677092860191
0.1282481968184962,0.6108697955291874,0.826689906032131,0.625338973858336,0.1120754012691302,0.7665906262961427,0.7468485418626528,0.439287668507188,0.2879813596145975,0.1694704645383291,0.0881528442661836,0.0892628498262301
0.1170832921648058,0.5963555461383621,0.8248711730827523,0.6388979281917778,0.1078760731616274,0.7581916217337206,0.7327375352775164,0.4325722528975775,0.283730596051513,0.1648505703179761,0.0822012334497779,0.0817023352234619
0.1133287224582551,0.5920118656637354,0.8245680509245227,0.6432367935784792,0.1062896603210153,0.7559104106180008,0.7269990592662277,0.4302840372083769,0.2821247520387921,0.1631300579876378,0.0787941518954586,0.0770074995427108
0.1251852583736784,0.6070558321856129,0.8262352227947863,0.6289185378023646,0.1108622620380739,0.764413106594774,0.7359360301034806,0.438292792120579,0.2871312069019805,0.1675587841712865,0.0841851037219131,0.0832266325224071
0.1367453808912163,0.6241127238054879,0.8296453470748711,0.6139494522182449,0.1142217245240761,0.7749896308585649,0.7532455315145814,0.4489379694572949,0.294152838565446,0.1746001401898936,0.0926381161857937,0.0942015730748125
0.134769291571979,0.6282445174276935,0.8341921794483177,0.6128647358715695,0.1104889884285181,0.7801742015761095,0.7600188146754467,0.4530169626423917,0.2964513996032621,0.1770534633275983,0.094621986457929,0.0958478141576733
0.1196522082798142,0.6198749867570716,0.8396483782964534,0.6254474454930036,0.1000373273609556,0.779759435918706,0.7556914393226717,0.4479928368900164,0.2930822758902988,0.1729433505384566,0.089058524173028,0.0872507773916224
0.112637091196522,0.6169085708231804,0.842982722036981,0.6308710272263803,0.0946248600223964,0.7805889672335131,0.750423330197554,0.4435158931502761,0.2896816650398313,0.1688969604282164,0.0842713589511364,0.0796902627888543
0.1207390574053947,0.6265494226083271,0.843664746892998,0.6214339950103048,0.0980776409107876,0.7858772293654086,0.7628410159924741,0.4482415559866686,0.2926414559652383,0.1709042248136111,0.0872471643593393,0.0841412109017743
0.1273589566248394,0.635978387541053,0.8453319187632616,0.6129732075062371,0.1001306457633445,0.7915802571547076,0.7784571966133583,0.4563000547182013,0.297490475140905,0.1747275855476964,0.0925949885711821,0.0911529784769221
0.1187629680861575,0.629409895116008,0.8472264322521976,0.6210001084716346,0.0949048152295632,0.7897138116963915,0.7866415804327375,0.4584390389494105,0.2981517050284959,0.1744089721531893,0.0918186915081726,0.0903603438814706
0.101274577610908,0.6105519652505562,0.8471506517126403,0.6403080594424558,0.0866927958193355,0.7803815844048113,0.7802445907808089,0.4520718300751132,0.2934916086778551,0.1689925444465685,0.0856083150040971,0.0815803914395463
0.0930738069360735,0.6063142282021401,0.8504092149136102,0.647033300791843,0.0808137364688316,0.7804852758191623,0.7724365004703668,0.4466994975874248,0.2901224849648919,0.1649461543363282,0.0812955535429335,0.0758490335955124
0.1013733820768698,0.6137302680368681,0.8493482873598059,0.6385725132877752,0.0853863381858902,0.783388635420987,0.7739416745061147,0.4485897627219818,0.29185427752763,0.1658064105014974,0.0825031267520593,0.0779220779220779
0.1087837170240094,0.617332344528022,0.846241285237951,0.6327150450157284,0.0907988055244494,0.7830775611779345,0.7845719661335842,0.453166194100383,0.2946881199030196,0.1675269228318358,0.0853064217018156,0.0826778854947869
0.1046339294536113,0.6098103612670833,0.844043649590785,0.6387894565571104,0.0902388951101157,0.7778929904603898,0.78758231420508,0.4537631199323484,0.2934286344028464,0.1658701331803989,0.0842282313365248,0.0819462227912932
0.0916905444126074,0.5932831867782604,0.842149136101849,0.6544093719492353,0.0851997013811123,0.7684570717544589,0.7816556914393227,0.4501815649405561,0.2890204351522403,0.1603899827948766,0.0771121749256048,0.0719468325102128
0.0881335836379804,0.5903167708443691,0.8426795998787512,0.6578804642585963,0.0832400149309444,0.7674201576109498,0.7815616180620883,0.4504302840372084,0.2878239239270758,0.1580322436755241,0.0743088799758485,0.0664593622340101
0.1020650133386029,0.6001695094819366,0.8391179145195514,0.6451892830024949,0.0920119447555058,0.7698050601410203,0.7999999999999999,0.4619708501218724,0.2940583771529331,0.16277958325368,0.0796135765730797,0.0732272422413267
0.1160952475051872,0.6055726242186672,0.8322218854198241,0.6346675344397441,0.102930197835013,0.7677312318540026,0.8191909689557855,0.4735611600258668,0.300166881828773,0.1665073599694131,0.0846163798680295,0.0813365038717151
0.1107598063432467,0.5925415827947876,0.8269930281903607,0.6443215099251546,0.1035834266517357,0.757776856076317,0.8277516462841015,0.4760483509923892,0.2991278062911301,0.1630344739692857,0.0811661706990986,0.0774952746783732
0.0969271811085861,0.5675389342091324,0.8197180963928463,0.664714177242651,0.1015304217991788,0.7405640812940689,0.8205079962370649,0.4715216634333184,0.2937435057778897,0.1560249792901293,0.0713330745676456,0.0680446314249131
0.0986068570299377,0.5564148744570399,0.8104728705668385,0.6694869291680227,0.1079693915640164,0.7287432600580671,0.8139228598306679,0.4708252499626921,0.291287509052552,0.1522016185560441,0.0671065683357053,0.0637156270959087
0.1162928564371109,0.571670727831338,0.8078205516823279,0.651914524351882,0.1179544606196342,0.7344462878473663,0.8212605832549388,0.4787842610555639,0.2950974526905759,0.1546230803542981,0.0710311812653642,0.0711541979147613
0.1261733030332971,0.5839601652717448,0.8089572597756897,0.6403080594424558,0.1219671519223591,0.7411862297801742,0.8364063969896518,0.4874396856190618,0.2991278062911301,0.1569170967947492,0.0753870703411394,0.0778001341381623
0.1177749234265388,0.577709503125331,0.8110033343437405,0.6481180171385182,0.1167413213885778,0.7395271671505599,0.8388523047977422,0.488235586728349,0.2983406278535218,0.1541770216019881,0.0711174364945875,0.0729223827815377
0.1060171919770773,0.5638309142917681,0.8100181873294938,0.6615684998372926,0.1117954460619634,0.7320613853172958,0.8347130761994356,0.4881858429090185,0.2955067854781322,0.1485375645192123,0.0636994867813861,0.0643863179074446
0.104139907123802,0.5607585549316665,0.8093361624734768,0.6642802907039809,0.1113288540500186,0.7300912484446288,0.8333960489181562,0.4920658608167935,0.2960105796782015,0.1466577454916204,0.0624919135722603,0.0617035546613011
0.1157988341073016,0.5748490306176501,0.8104728705668385,0.6506128647358715,0.1160880925718552,0.7378681045209458,0.8435559736594542,0.502213599960205,0.3026858528291193,0.1504811062257057,0.0688316729201708,0.0701786476434363
0.1309159173994664,0.5928594130734187,0.811761139739315,0.6331489315543986,0.1224337439343038,0.7475114060555786,0.8540921919096895,0.5139531413221907,0.3090777417424982,0.1551328617855094,0.0753870703411394,0.0796902627888543
0.133386029048513,0.597097150121835,0.8128978478326766,0.62956936761037,0.1229003359462486,0.7504147656574036,0.8547507055503293,0.5186290603392528,0.3116596870178532,0.1560249792901293,0.0766808987794885,0.083592463874154
0.1269637387609919,0.5891513931560546,0.8120642618975448,0.6371623820370973,0.1204740574841359,0.7459560348403154,0.8440263405456256,0.5163408446500523,0.3101483044176454,0.1534760721340725,0.0736188381420623,0.0801780379245168
0.1287422191483055,0.5890454497298443,0.8107759927250683,0.6361861373250896,0.122060470324748,0.7450228121111573,0.8386641580432737,0.5184798288812615,0.31040020151768,0.1530618747212132,0.0727994134644413,0.0798731784647277
0.1449461515660507,0.6085390401525586,0.8122158229766596,0.6174205445276061,0.1287793952967525,0.7554956449605974,0.8436500470366886,0.5275829478187336,0.3175792688686671,0.1590836678773975,0.0813818087721568,0.0897506249618925
0.1579883410730164,0.6232651763958045,0.8127462867535618,0.6026684022128214,0.1346584546472564,0.7630651182082123,0.8523047977422389,0.5387753071680844,0.3268679744324443,0.1677499522079908,0.0919480743520076,0.1042009633558929
0.1615453018476435,0.6240067803792774,0.8104728705668385,0.6002820262501356,0.1377379619260918,0.7619245126503527,0.8503292568203198,0.5426553250758593,0.3318429421581284,0.173230102593513,0.0976840470953551,0.1110298152551673
0.1588775812666732,0.6202987604619133,0.8099424067899363,0.6036446469248291,0.1368047779022023,0.759643301534633,0.8320790216368767,0.5373327364075013,0.3328820176957713,0.1767029885936404,0.1006167248889464,0.1099932930918846
0.1570991008793597,0.6235830066744358,0.8136556532282511,0.602993817116824,0.1337252706233669,0.7638946495230196,0.8173095014111006,0.5323086106551261,0.3343304260209704,0.1816414962085006,0.1048863587354983,0.1137735503932687
0.1702400948522873,0.6444538616378853,0.8185056077599273,0.5850959973966807,0.1368980963045913,0.7773745333886355,0.8142050799623706,0.5323086106551261,0.3397462136717151,0.1913592047409673,0.1179971535774356,0.1271873666239863
0.1843691334848335,0.6634177349295476,0.8213094877235526,0.5676320642152077,0.1418439716312057,0.7885732061385318,0.8074317968015051,0.530070138785256,0.3427374917346264,0.2013955266679411,0.13050416181481,0.1412718736662399
0.1778480387313506,0.6579086767666066,0.8222946347377993,0.5740318906605922,0.1381112355356476,0.7866030692658649,0.7920037629350892,0.5173357210366611,0.3384237538965333,0.2034665137322373,0.1320567559408289,0.1423083958295226
0.1631261733030332,0.6424409365398877,0.8225219763564716,0.5899772209567198,0.1310190369540873,0.7791372874326006,0.7711194731890874,0.498781276426404,0.3302370981454076,0.2005034091633212,0.1265795488851511,0.1340162185232608
0.1556170338899318,0.6374615955079986,0.8247196120036375,0.5967024623061069,0.1261664800298619,0.7782040647034425,0.7568203198494826,0.4863453215937919,0.3247268490821499,0.1993882622825463,0.125285720446802,0.1293823547344674
0.1631261733030332,0.6518699014726136,0.829266444377084,0.5852044690313483,0.1269130272489735,0.78836582330983,0.7591721542803387,0.4845545440978958,0.3257344374822885,0.2048365513286178,0.1320998835554405,0.1354795439302481
0.172611402035372,0.6681851891090157,0.8336617156714157,0.5716455146979065,0.1286860768943636,0.7993571132310245,0.764722483537159,0.4850519822912003,0.326742025882427,0.2102211176957879,0.1393021951955837,0.1439546369123834
0.1650034581563086,0.667761415404174,0.8391936950591089,0.5760928517192754,0.1216871967151922,0.8028826213189548,0.7599247412982125,0.4788340048748942,0.3238766963695331,0.2099343656407315,0.1393021951955837,0.1423083958295226
0.1498863748641438,0.6569551859307129,0.8430585025765384,0.5898687493220524,0.1121687196715192,0.8002903359601826,0.7465663217309502,0.4659006118489777,0.3170125003935892,0.2047409673102657,0.1328330530038383,0.1327358087921468
0.1472186542831736,0.6525055620298759,0.8418460139436194,0.5935567849007484,0.1116088092571855,0.7972832849440066,0.7390404515522107,0.4568969805501667,0.3115652256053402,0.201299942649589,0.1285202915426747,0.128223888787269
0.1602608437901393,0.6570611293569232,0.8351773264625644,0.584119752684673,0.1218738335199701,0.7948983824139361,0.7423330197554092,0.4577923692981147,0.3109669699927579,0.2017778627413496,0.1306766722732565,0.132979696359978
0.1689556367947831,0.6654306600275453,0.8344953016065475,0.5751166070072675,0.1264464352370287,0.7986312733305683,0.753151458137347,0.4624185444958464,0.3125728140054788,0.2042949085579557,0.1353775822659249,0.1399304920431681
0.1561110562197411,0.6591799978811314,0.8398757199151258,0.5853129406660158,0.1171145949981336,0.7991497304023227,0.752304797742239,0.4587872456847237,0.3099593815926195,0.2021601988147582,0.133695605296071,0.138040363392476
0.139808319336034,0.6448776353427269,0.842149136101849,0.601583685866146,0.1079693915640164,0.7937577768560764,0.7390404515522107,0.4457543650201462,0.301993135804024,0.1948639520805455,0.1236899987061715,0.1252972379732943
0.1346704871060172,0.6370378218031569,0.8404819642315854,0.6084173988502006,0.1065696155281821,0.7887805889672336,0.7325493885230479,0.4380938168432572,0.2967662709783054,0.1897979991078825,0.1159270280760771,0.1163953417474544
0.1434640845766228,0.6415933891302045,0.836996059411943,0.6012582709621433,0.1128219484882419,0.7886768975528826,0.7487300094073378,0.4452071830075113,0.300166881828773,0.1924106289428407,0.120196661922629,0.1209682336442899
0.1537397490366564,0.6511282974891408,0.8359351318581388,0.5907365223993926,0.1184210526315789,0.7925134798838657,0.7717779868297271,0.4565985176341839,0.3063383607796215,0.1989103421907857,0.1280890153965584,0.1307237363575392
0.1500839837960675,0.6525055620298759,0.839724158836011,0.5920381820154029,0.1143150429264651,0.7958316051430941,0.7785512699905927,0.4588867333233846,0.3083850247174029,0.2005352705027719,0.1301160132833053,0.1318212304127797
0.1399071238019958,0.6463608433096726,0.8431342831160958,0.6008243844234732,0.1074094811496827,0.7951057652426379,0.7648165569143932,0.4524697806297568,0.305519695204509,0.1975084432549544,0.126363910812093,0.1249314066215474
0.1395119059381484,0.6525055620298759,0.8478326765686572,0.5977871786527823,0.1043299738708473,0.8013272501036914,0.7496707431796802,0.4484902750833209,0.3041657482918228,0.1956604855668132,0.1242506576961228,0.1218828120236571
0.1535421401047327,0.6709397181904863,0.8501818732949379,0.5806486603753119,0.1095558044046286,0.8120074657818332,0.7457196613358419,0.4535641446550266,0.3079756919298467,0.1991652329063913,0.1291672057618493,0.129199439058594
0.1669795474755459,0.68767877953173,0.8520006062443165,0.5647033300791843,0.1146883165360209,0.8214433844877644,0.753151458137347,0.4616723872058896,0.3135174281306087,0.2061747275855477,0.1370595592357786,0.1390768855557588
0.1658926983499654,0.6835469859095241,0.8498029705971507,0.5674151209458727,0.1155281821575214,0.8179178763998342,0.7486359360301035,0.4597821220713326,0.3139582480556693,0.2073854584846747,0.137490835381895,0.13932077312359
0.1518624641833811,0.6635236783557579,0.8463170657775084,0.5854214123006833,0.1111422172452407,0.805682289506429,0.731420507996237,0.450281052579217,0.3086054346799332,0.2021601988147582,0.1303747789709751,0.1299920736540455
0.1445509337022033,0.6545184871278735,0.845407699302819,0.5939906714394186,0.1082493467711833,0.800705101617586,0.7227657572906867,0.4442123066209024,0.304858465316918,0.1976040272733065,0.1242937853107344,0.1237119687823913
0.1521588775812666,0.6641593389130204,0.8464686268566232,0.5849875257620133,0.1111422172452407,0.8060970551638325,0.7341486359360301,0.4502313087598866,0.3074089234547687,0.1999617663926591,0.1280458877819468,0.1293823547344674
0.15976682146033,0.6736942472719567,0.8473779933313126,0.5758759084499403,0.1141284061216872,0.8114890087100788,0.7437441204139228,0.4558523603442272,0.3109039957177493,0.2034346523927866,0.1336093500668478,0.1362112066337418
0.1515660507854955,0.6629939612247059,0.8460139436192786,0.5858552988393535,0.1111422172452407,0.8052675238490253,0.7403574788334901,0.4533154255583743,0.3096445102175761,0.2021601988147582,0.1317979902531591,0.1348698250106701
0.1415867997233475,0.6429706536709396,0.8394210366777812,0.601583685866146,0.1104889884285181,0.7909581086686022,0.7262464722483537,0.4453564144655026,0.3038823640542838,0.1980182246861658,0.1252425928321904,0.1256020974330833
0.1424760399170042,0.6351308401313698,0.8331312518945135,0.6051632498101747,0.1147816349384098,0.7827664869348818,0.7157102539981185,0.4406804954484405,0.3008595988538682,0.1957560695851653,0.1223099150385992,0.1217608682397415
0.1527517043770378,0.6407458417205211,0.829266444377084,0.5965939906714394,0.122060470324748,0.7829738697635836,0.7226716839134525,0.4449087200915286,0.3035674926792406,0.1982731154017714,0.1264932936559279,0.1274922260837754
0.1570991008793597,0.6426528233923084,0.8272961503485905,0.5932313699967459,0.1253266144083613,0.7824554126918292,0.7339604891815615,0.4521713177137741,0.30734594917976,0.2018097240808003,0.1308491827317031,0.1327358087921468
0.1500839837960675,0.6290920648373768,0.8229766595938164,0.6039700618288317,0.1246733855916387,0.7729158025715471,0.7355597365945437,0.4516241357011392,0.3066217450171605,0.2003441024660676,0.1281752706257817,0.1287726358148893
0.1346704871060172,0.6058904544972984,0.818278266141255,0.6243627291463283,0.1202874206793579,0.7582953131480714,0.7289746001881467,0.4433169178729543,0.3012374445039201,0.1941948639520805,0.1201535343080174,0.1180415828303152
0.1299278727398478,0.6006992266129886,0.8181267050621401,0.6296778392450374,0.1181410974244121,0.755703027789299,0.7263405456255879,0.4411281898224146,0.2992222677036431,0.1917096794749251,0.1167464527536982,0.1142613255289311
0.1431676711787372,0.6174382879542324,0.8199454380115186,0.6138409805835774,0.1231802911534154,0.7651389464952302,0.7380056444026339,0.4477441177933642,0.3032211341666929,0.1966800484292359,0.1232587225600552,0.1236509968904335
0.1566050785495504,0.6372497086555778,0.8238102455289481,0.5962685757674369,0.1271929824561403,0.7774782248029862,0.7514581373471307,0.4559518479828882,0.3098649201801064,0.2036576817689415,0.1326174149307802,0.1354185720382903
0.1600632348582155,0.6463608433096726,0.8276750530463778,0.5896518060527172,0.1264464352370287,0.784632932393198,0.7486359360301035,0.4571954434661493,0.3109669699927579,0.2051233033836742,0.1354207098805365,0.13932077312359
0.1470210453512498,0.634389236147897,0.8291148832979691,0.602993817116824,0.1194475550578574,0.779759435918706,0.7317027281279398,0.444063075162911,0.3035989798167449,0.1980819473650672,0.1282183982403933,0.1299311017620877
0.1378322300167967,0.6323763110498993,0.8347226432252198,0.6090682286582059,0.1116088092571855,0.78255910410618,0.72793979303857,0.4369994528179873,0.2980887307534872,0.1930797170713056,0.1221805321947643,0.1211511493201634
0.1427724533148898,0.6480559381290389,0.842149136101849,0.59832953682612,0.1093691675998507,0.7953131480713397,0.7377234242709313,0.4403322887131274,0.2999779590037469,0.194800229401644,0.1251994652175788,0.1251752941893787
0.1488983302045252,0.6590740544549211,0.8452561382237043,0.5893263911487147,0.1103956700261291,0.802778929904604,0.7483537158984007,0.4463512908521116,0.3032841084417016,0.1982731154017714,0.1288653124595678,0.1303579050057923
0.1432664756446991,0.6536709397181905,0.8457866020006063,0.5951838594207615,0.1074094811496827,0.8006014102032353,0.7516462841015993,0.445605133562155,0.3021190843540414,0.1973491365577009,0.1264932936559279,0.1277970855435644
0.1317063531271613,0.6387329166225234,0.844043649590785,0.6091767002928734,0.102930197835013,0.792098714226462,0.7457196613358419,0.439287668507188,0.2979627822034699,0.192601796979545,0.1206279380687454,0.1196268520212182
0.1291374370121529,0.6366140480983155,0.8444225522885723,0.6116715478902267,0.1015304217991788,0.791269182911655,0.7493885230479774,0.4389892055912053,0.2978683207909569,0.1920920155483336,0.1195928753180661,0.1178586671544418
0.1404011461318051,0.6492213158173534,0.8447256744468021,0.5989803666341252,0.1066629339305711,0.7976980506014102,0.7684854186265285,0.4466000099487638,0.3037249283667622,0.1977633339705601,0.1257169965929184,0.1265776477044083
0.1482066989427922,0.6625701875198642,0.8483631403455593,0.5879162598980366,0.1081560283687943,0.8066155122355868,0.7810912511759172,0.4532656817390439,0.3073774363172644,0.2018097240808003,0.1314960969508776,0.1341991341991342
0.1436616935085466,0.6584383938976586,0.8488178235829039,0.5925805401887406,0.1056364315042926,0.8049564496059727,0.7629350893697084,0.4467492414067552,0.3034100569917189,0.1985598674568278,0.1279596325527235,0.130784708249497
0.1339788558442841,0.6457251827524101,0.8472264322521976,0.6044039483675019,0.1020903322135125,0.7975943591870595,0.7393226716839134,0.4362532955280306,0.2980257564784785,0.1930159943924042,0.1208867037564152,0.1229803060788976
0.137634621084873,0.6487975421125117,0.8466201879357381,0.6008243844234732,0.1041433370660694,0.7987349647449191,0.7259642521166509,0.43396507983883,0.2962939639157405,0.1913592047409673,0.1187303230258334,0.1215169806719102
0.1529493133089615,0.6650068863227035,0.8464686268566232,0.5840112810500054,0.1115154908547966,0.8065118208212361,0.722107243650047,0.4368999651793264,0.2990648320161214,0.1949913974383483,0.1250269547591322,0.1286506920309737
0.1635213911668807,0.677720097467952,0.8474537738708701,0.571753986332574,0.1159014557670772,0.8134591455827457,0.7245531514581373,0.4406804954484405,0.3017097515664851,0.1989422035302364,0.1312373312632078,0.1357844033900372
0.1571979053453216,0.6699862273545926,0.846771749014853,0.5791300574899664,0.1133818589025756,0.8092077975943592,0.7198494825964251,0.4369497089986569,0.299600113353695,0.196775632447588,0.1293828438349075,0.1332235839278092
0.1424760399170042,0.6548363174065049,0.8472264322521976,0.5949669161514265,0.1061030235162374,0.8020530900041477,0.705456255879586,0.4282942844351589,0.2930822758902988,0.1908812846492066,0.1217923836632595,0.122858362294982
0.1389190791423772,0.6509164106367199,0.8472264322521976,0.5989803666341252,0.1044232922732363,0.8001866445458317,0.6968955785512699,0.422971695766801,0.2895557164898139,0.1874402599885299,0.1176952602751541,0.1183464422901042
0.1487995257385634,0.660663205848077,0.8465444073961808,0.5885670897060419,0.1094624860022396,0.8044379925342181,0.7029162746942615,0.4259065811072974,0.2914449447400737,0.1890333269610654,0.1208004485271919,0.1241387720260959
0.1555182294239699,0.6616166966839707,0.8419975750227342,0.5844451675886756,0.1155281821575214,0.8018457071754459,0.71241768579492,0.4312291697756554,0.294152838565446,0.1917096794749251,0.1246819338422392,0.1298701298701298
0.1508744195237624,0.6430765970971501,0.8323734464989392,0.5964855190367719,0.1192609182530795,0.7861883036084613,0.7086547507055503,0.4291399293637765,0.29185427752763,0.188746574906009,0.120196661922629,0.1249314066215474
0.1361525540954451,0.6165907405445492,0.8247196120036375,0.6180713743356112,0.1170212765957447,0.7679386146827042,0.6991533396048918,0.4222255384768442,0.2866274127019113,0.1832345631810361,0.1130806055117091,0.1138954941771843
0.1375358166189111,0.6177561182328635,0.8244164898454077,0.6166612430849333,0.1178611422172452,0.7683533803401078,0.6951081843838193,0.4220265631995225,0.2850845429641991,0.1819919709424584,0.1116142666149135,0.1115785622827876
0.1485031123406778,0.6446657484903061,0.8354046680812367,0.596919405575442,0.1161814109742441,0.7890916632102862,0.7033866415804327,0.4260060687459583,0.2893667936647879,0.1861020837316001,0.1177815155043774,0.1207853179684165
0.146922240885288,0.6754952855175336,0.8585935131858139,0.5820587916259897,0.101157148189623,0.819991704686852,0.7103480714957667,0.4252101676366711,0.2921061746276646,0.1915822341171222,0.124466295769181,0.1274922260837754
0.1267661298290683,0.7082318042165483,0.8973931494392241,0.5763097949886105,0.0678424785367674,0.8625051845707177,0.7051740357478833,0.4098393274635626,0.2891148965647533,0.1929841330529535,0.1243369129253461,0.1198097676970916
0.0921845667424167,0.7302680368683122,0.939754471051834,0.5840112810500054,0.0253826054497947,0.90232268768146,0.6984007525870178,0.3884494851514699,0.2797632167259674,0.1885554068693048,0.1164876870660284,0.1040180476800195
0.0901096729572176,0.7298442631634705,0.9410427402243104,0.5853129406660158,0.0236095558044046,0.9030485275819162,0.7212605832549388,0.3980997861015768,0.2898391007273529,0.2021920601542088,0.1267089317289861,0.1079202487653192
0.1461318051575931,0.744888229685348,0.9088360109123976,0.5469139819937087,0.0698954833893244,0.8883243467440896,0.7929444967074318,0.4727155150972491,0.3550804496363235,0.2721595615879691,0.1960150084098848,0.1709042131577343
0.2514573658729375,0.7478546456192392,0.8301758108517733,0.4875799978305673,0.1680664427025009,0.8359601824968892,0.8650987770460958,0.5858329602546883,0.4660096350640764,0.3950806091888103,0.3184111786777073,0.2864459484177794
0.3799031716233574,0.722110393050111,0.7132464383146409,0.4303069747261091,0.3006718924972004,0.7433637494815429,0.8562558795860772,0.6844749539869671,0.591548852293838,0.5442554004970369,0.4618104972613965,0.4239375647826352
0.537792708230412,0.7139527492319101,0.586314034555926,0.3477600607441153,0.4534341172079134,0.6525300705101618,0.7821260583254939,0.7848082375764811,0.7370824018388489,0.7073535971452241,0.6149135291327037,0.5770989573806476
0.7069459539571189,0.7598262527810148,0.4893907244619582,0.2314784683805184,0.5929451287793953,0.6086686022397346,0.7044214487300093,0.871810177585435,0.8479486129915931,0.8267380360670363,0.7401992495795058,0.7199561002377904
0.8728386523070842,0.8109969276406398,0.398757199151258,0.1142206313049137,0.727136991414707,0.5716507673164662,0.5881467544684854,0.9053375118141572,0.8829937970339117,0.8559867456827887,0.8075645836028809,0.835071032254131
0.9582057108981328,0.8035808878059115,0.3279781752046075,0.071048920707235,0.8110302351623742,0.5197013687266694,0.454656632173095,0.8744963438292792,0.8618974149060109,0.8108392276811318,0.7941518954586622,0.8729955490518871
0.8643414682343641,0.6765547197796375,0.3091088208548044,0.1876559279748345,0.7783687943262411,0.4445250933222729,0.364346190028222,0.7179028005770284,0.7185049907112945,0.654304466959791,0.6495881312804589,0.7573928418998842
0.6756249382472088,0.5559911007521982,0.3676113973931494,0.3529666992081571,0.6531354983202687,0.4256532559104106,0.2271872060206961,0.4268019698552455,0.4451651500362102,0.41569489581342,0.4295079139172812,0.5546003292482166
0.4578598952672661,0.5834304481406928,0.5542588663231283,0.4584011281050005,0.4354236655468458,0.5667772708419744,0.1331138287864534,0.156046361239616,0.1722346421486822,0.1679411202446951,0.1929960753870703,0.3217486738613499
0.3030332971050292,0.6638415086343892,0.7305244013337375,0.502332140145352,0.253826054497947,0.7266694317710494,0.106585136406397,0.0166144356563696,0.0100443968638811,0.0086662843305932,0.0298874369258636,0.1499908542162063
0.2843592530382374,0.6881025532365717,0.7622006668687482,0.5000542358173338,0.2254572601717059,0.7601617586063875,0.2171213546566321,0.1067502362831418,0.0631946849711892,0.0394761995794303,0.0396342778280933,0.1374916163648558
0.2570892204327635,0.6868312321220467,0.7822067293119127,0.5156741512094587,0.2002612915266891,0.7733305682289506,0.4047977422389463,0.2582201661443566,0.1705973109984571,0.1147645447014592,0.089058524173028,0.1545027742210841
0.2016599150281593,0.6749655683864815,0.816232191573204,0.5522290920924179,0.1531354983202687,0.7907507258399006,0.5301034807149576,0.3530816296075212,0.2383576309077742,0.157267571528707,0.1085522059774874,0.1401743796109993
0.1794289101867404,0.6681851891090157,0.8284328584419522,0.5678490074845428,0.1351250466592012,0.7957279137287433,0.5994355597365946,0.4049644331691787,0.2751660946503353,0.1783279169056267,0.1157976452322422,0.1296262423022986
0.1808121727102065,0.6584383938976586,0.8204001212488632,0.5720794012365766,0.1407241508025382,0.7855661551223558,0.650799623706491,0.4295876237377505,0.2922950974526906,0.1883642388326005,0.1230862121016086,0.1341381623071764
0.1766623851398083,0.6491153723911431,0.816914216429221,0.5792385291246338,0.1409107876073161,0.7785151389464954,0.6841956726246472,0.4389394617718749,0.2965143738782708,0.190180335181291,0.1245956786130159,0.1372477287970245
0.1599644303922537,0.6224176289861213,0.8106244316459533,0.6020175724048161,0.1368980963045913,0.7611986727498964,0.6920978363123236,0.4345620056707954,0.2919172518026386,0.1837124832727968,0.1157545176176305,0.1261508444607036
0.1374370121529493,0.5881979023201609,0.8034252803879964,0.6319557435730556,0.1306457633445315,0.7395271671505599,0.6839134524929446,0.4232701586827836,0.2831008533014263,0.1738354680430765,0.1016949152542373,0.1074324736296567
0.1335836379804367,0.5790867676660663,0.7998635950287967,0.6386809849224429,0.1310190369540873,0.7325798423890502,0.684101599247413,0.4210316868129135,0.2800151138260021,0.1698528006117377,0.0957433044378315,0.0990183525394793
0.1435628890425847,0.5941307341879436,0.8029705971506517,0.6254474454930036,0.1338185890257558,0.7421194525093323,0.6986829727187206,0.4315276326916381,0.2855253628892598,0.1740584974192315,0.1010480010350627,0.1059081763307115
0.1465270230214405,0.5999576226295157,0.8048651106395878,0.6208916368369671,0.1340985442329227,0.7462671090833679,0.7139228598306679,0.4393871561458489,0.2912560219150477,0.1777225514560632,0.1054038901108379,0.1115175903908298
0.1339788558442841,0.5881979023201609,0.8060018187329494,0.6337997613624037,0.1274729376633072,0.7412899211945252,0.7166509877704609,0.4384917673979008,0.2906892534399697,0.1763525138596826,0.1022124466295769,0.1068227547100786
0.1193557948819286,0.5770738425680686,0.8093361624734768,0.6475756589651805,0.1185143710339679,0.7380754873496473,0.7094073377234242,0.4313784012336467,0.2867848483894329,0.1713184222264704,0.0949670073748221,0.0956648984817999
0.1172809010967295,0.5790867676660663,0.8123673840557746,0.6476841305998481,0.1156215005599104,0.7411862297801742,0.711665098777046,0.4327214843555688,0.2872256683144936,0.1711909768686675,0.094147582697201,0.0935308822632766
0.1272601521588776,0.5947663947452059,0.8160048499545317,0.6341251762664063,0.1181410974244121,0.7513479883865617,0.7333960489181561,0.4443117942595632,0.2938064800528984,0.1776269674377111,0.1017811704834605,0.101640143893665
0.1323979843888943,0.6080093230215063,0.8214610488026675,0.6244712007809958,0.1172079134005226,0.7616134384073,0.7509877704609595,0.4542605581256528,0.2997575490412166,0.1830752564837825,0.1073446327683616,0.1093835741723065
0.1260744985673352,0.602924038563407,0.8226735374355867,0.6305456123223777,0.1134751773049645,0.7599543757776857,0.7497648165569143,0.4548574839576182,0.3002613432412859,0.1831071178232333,0.106697718549187,0.1083470520090238
0.1181701412903863,0.5911643182540522,0.8203243407093058,0.640958889250461,0.1112355356476297,0.7524885939444214,0.7412982126058325,0.4499825896632343,0.2983406278535218,0.1799847065570636,0.1026868503903049,0.1009084811901713
0.1157000296413397,0.5876681851891089,0.8197180963928463,0.6441045666558195,0.1103956700261291,0.7504147656574036,0.7430856067732831,0.4470477043227379,0.2962309896407318,0.1769897406486968,0.0984603441583646,0.094994207670264
0.1182689457563481,0.5928594130734187,0.8214610488026675,0.6399826445384532,0.1104889884285181,0.7541476565740357,0.7606773283160865,0.4519723424364523,0.2978998079284612,0.176862295290894,0.0994091516798206,0.095299067130053
0.1203438395415472,0.5941307341879436,0.8207790239466506,0.6382470983837727,0.1118887644643523,0.7542513479883864,0.7793038570084665,0.456946724369497,0.3011114959539029,0.1787739756579366,0.1022987018588002,0.0985305774038168
0.111253828673056,0.5805699756330119,0.8180509245225825,0.6501789781972014,0.1093691675998507,0.7457486520116136,0.7778927563499529,0.455155946873601,0.2981202178909915,0.175205505639457,0.0971233881054039,0.0932260228034876
0.0998913150874419,0.572730162093442,0.8211579266444378,0.6604837834906172,0.1019970138111235,0.7440895893819992,0.7746001881467545,0.4501318211212257,0.2944047356654806,0.1700758299878927,0.0906973735282701,0.0837753795500274
0.1018674044066791,0.5798283716495392,0.8247196120036375,0.6557110315652457,0.1007838745800672,0.75,0.7847601128880527,0.4539620952096702,0.2957586825781668,0.170808640795259,0.0906542459136585,0.0814584476556307
0.1140203537199881,0.5947663947452059,0.8260836617156715,0.6413927757891311,0.1056364315042926,0.7582953131480714,0.8104421448730008,0.4651047107396906,0.3023394943165717,0.176416236538584,0.0977703023245784,0.0903603438814706
0.1196522082798142,0.5980506409577285,0.8241133676871779,0.6366200238637596,0.1095558044046286,0.7585026959767732,0.8291627469426153,0.4741083420385017,0.308479486129916,0.181928248263557,0.1045413378186052,0.0983476617279434
0.1150083983796067,0.5866087509270049,0.8194907547741741,0.6450808113678274,0.1102090332213512,0.7496889257569473,0.8301975540921919,0.4736606476645276,0.3079756919298467,0.1811954374561906,0.1024280847026351,0.0960307298335467
0.108388499160162,0.5740014832079667,0.8155501667171872,0.6551686733919081,0.1094624860022396,0.7408751555371216,0.82173095014111,0.470477043227379,0.3044176453918574,0.1765436818963869,0.0961314529693362,0.0879824400951161
0.112637091196522,0.5714588409789171,0.8103970900272811,0.6540839570452327,0.1146883165360209,0.7361053504769804,0.8266227657572907,0.4710739690593443,0.3043231839793445,0.1752692283183585,0.0943200931556475,0.0863361990122553
0.1270625432269538,0.5809937493378534,0.8062291603516216,0.6412843041544636,0.1241134751773049,0.7378681045209458,0.8427093132643462,0.4819181216733821,0.3096130230800718,0.1801121519148665,0.1010048734204511,0.0960307298335467
0.1353621183677502,0.5887276194512129,0.8053955744164899,0.6327150450157284,0.1284994400895857,0.7411862297801742,0.8503292568203198,0.4887330249216535,0.313359992443087,0.1828522271076276,0.1049726139647216,0.1029205536247789
0.1267661298290683,0.5833245047144825,0.8081236738405577,0.6401995878077882,0.1228070175438596,0.7403566984653671,0.8382878645343368,0.4854996766651743,0.3118800969803835,0.1805582106671764,0.1024280847026351,0.0990183525394793
0.1170832921648058,0.5799343150757494,0.8131251894513489,0.647250244061178,0.1151549085479656,0.7421194525093323,0.8143932267168391,0.4793811868875292,0.3084479989924116,0.1763206525202319,0.0981584508560831,0.0929211633436985
0.121924710996937,0.5887276194512129,0.8157017277963019,0.6400911161731208,0.1158081373646883,0.7482372459560349,0.7950141110065851,0.478137591404268,0.3078812305173337,0.1752692283183585,0.0980290680122482,0.0940796292908969
0.1343740737081316,0.6040894162517215,0.8171415580478935,0.6254474454930036,0.1207540126913027,0.7566362505184571,0.7917215428033866,0.4832612047953041,0.3118800969803835,0.1786783916395845,0.1036356579117609,0.1013352844338759
0.137634621084873,0.6075855493166649,0.8171415580478935,0.621867881548975,0.1223404255319149,0.7583990045624222,0.7942615239887112,0.4887330249216535,0.3150917850058252,0.1809724080800356,0.1066114633199637,0.1065788671422474
0.1302242861377334,0.591588091958894,0.8113822370415278,0.6341251762664063,0.1223404255319149,0.7466818747407715,0.7889934148635936,0.4874396856190618,0.313076608205548,0.1769260179697954,0.1013067667227325,0.101640143893665
0.1214306886671277,0.5747430871914396,0.8060775992725069,0.6475756589651805,0.1215005599104143,0.734757362090419,0.7772342427093133,0.4825150475053475,0.3080386662048553,0.1704263047218505,0.0934144132488032,0.0917626973965002
0.1257780851694496,0.5741074266341772,0.8022885722946347,0.6455146979064974,0.125886524822695,0.731854002488594,0.7804327375352774,0.4870417350644182,0.307629333417299,0.1678773975657936,0.0908698839867167,0.0906042314493018
0.1429700622468135,0.5826888441572199,0.7952409821157926,0.6316303286690531,0.1383911907428145,0.7312318540024886,0.8009407337723424,0.4999751280903347,0.3134544538556,0.1726884598228509,0.0969077500323457,0.100359734162551
0.1525540954451141,0.583218561288272,0.7882691724765081,0.6260982753010087,0.1471631205673759,0.7267731231854002,0.813170272812794,0.5111177436203551,0.3194999842564313,0.1767029885936404,0.1019105533272954,0.1074934455216145
0.1442545203043177,0.5636190274393473,0.7806153379812064,0.640741945981126,0.1480029861888764,0.7118415595188718,0.8154280338664158,0.5140028851415211,0.3194684971189269,0.1747913082265978,0.0988053650752577,0.1037131882202304
0.133386029048513,0.5460324186884203,0.7763716277659898,0.6557110315652457,0.1453900709219858,0.7004355039402739,0.8069614299153339,0.5134557031288862,0.3177996788311975,0.1708723634741604,0.0936300513218614,0.0985915492957746
0.1394131014721865,0.549104778048522,0.7739466505001515,0.6508298080052066,0.1497760358342665,0.700228121111572,0.8142050799623706,0.5198726558225141,0.3213262382316824,0.1718282036576817,0.096045197740113,0.1013962563258338
0.1596680169943681,0.5736836529293357,0.7759927250682025,0.6270745200130166,0.1580813736468831,0.7136043135628369,0.8299153339604891,0.533402974680396,0.3311817122705375,0.1797616771809086,0.1059214214861776,0.1126150844460703
0.1698448769884399,0.5892573365822649,0.7794028493482873,0.6136240373142423,0.1607876073161627,0.7235586893405226,0.8425211665098777,0.5472317564542606,0.3412890834094272,0.1886828522271076,0.1152801138569025,0.1252972379732943
0.166189111747851,0.5838542218455345,0.7782661412549258,0.6182883176049463,0.1597611048898843,0.7201368726669432,0.8394167450611477,0.5493209968661394,0.3444377971598602,0.1908175619703052,0.1159270280760771,0.1255411255411255
0.1624345420413002,0.5729420489458628,0.7733404061836922,0.6259898036663413,0.1610675625233296,0.7114267938614683,0.8327375352775165,0.5493707406854699,0.3461695897225983,0.1917734021538265,0.1152801138569025,0.1240168282421803
0.1699436814544017,0.5785570505350143,0.7715974537738709,0.6189391474129514,0.1656401642403882,0.7129821650767317,0.8362182502351834,0.5536984529672189,0.3515224030983344,0.1976996112916587,0.121145469444085,0.1290165233827205
0.1841715245529098,0.5978387541053077,0.7745528948166112,0.6012582709621433,0.1705860395670026,0.7244919120696807,0.850799623706491,0.5636472168333085,0.3607166472495985,0.2086599120627031,0.133695605296071,0.1428571428571428
0.1928663175575536,0.6086449835787688,0.7755380418308578,0.5910619373033952,0.1740388204553938,0.7304023226876815,0.8605832549388522,0.5679749291150574,0.3676123303630467,0.2183138979162684,0.1454694440850476,0.1551124931406621
0.1849619602806047,0.6030299819896173,0.7775841163989088,0.5982210651914525,0.1689996267263904,0.7291580257154707,0.8549388523047977,0.5607620753121425,0.3661954091753519,0.2213088638246352,0.149566567473153,0.1562099871959027
0.1736982511609524,0.5981565843839389,0.7828129736283722,0.6068987959648551,0.1605076521089959,0.7302986312733306,0.8440263405456256,0.547281500273591,0.3600239302245033,0.220002548907156,0.1489196532539785,0.1525516736784342
0.1764647762078846,0.6067380019069816,0.7867535616853591,0.6010413276928084,0.1593878312803285,0.7371422646204895,0.8445907808090309,0.5408148037606327,0.356560345099027,0.2222647040081565,0.1514210549014534,0.1548076336808731
0.185455982610414,0.6217819684288588,0.7906941497423461,0.5883501464367068,0.1611608809257185,0.747200331812526,0.8556914393226717,0.5392727453613889,0.3557416795239145,0.2257057286688332,0.1569845171863544,0.1621852326077678
0.1845667424167572,0.6251721580675919,0.7937253713246439,0.5871569584553639,0.1589212392683837,0.7509332227291581,0.853904045155221,0.5308660398945431,0.351679838785856,0.2255145606321289,0.1591408979169362,0.1653557709895738
0.1716233573757534,0.61945121305223,0.7995604728705669,0.5971363488447771,0.1492161254199328,0.7521775197013687,0.8350893697083724,0.5134059593095558,0.3420132875720268,0.2201618556044096,0.1533186699443653,0.1573074812511432
0.1609524750518723,0.6186036656425469,0.807138526826311,0.6034277036554941,0.1395110115714819,0.7569473247615098,0.8165569143932266,0.4959458787245684,0.3318114550206241,0.2138851717326196,0.1462026135334455,0.1466983720504847
0.1627309554391858,0.6364021612458947,0.8185813882994847,0.5933398416314134,0.1333519970138111,0.7734342596433016,0.7970837253057383,0.4847037755558872,0.3264901287823924,0.2128656088701969,0.1462026135334455,0.1476129504298518
0.1716233573757534,0.6645831126178621,0.831842982722037,0.5740318906605922,0.1293393057110862,0.7963500622148486,0.7731890874882409,0.4787345172362334,0.3263326930948708,0.2160198814758172,0.1525855004959675,0.155783183952198
0.1793301057207786,0.6829113253522618,0.8390421339799939,0.5604729363271505,0.1284994400895857,0.810244711737868,0.7506114769520226,0.4755509127990847,0.3257344374822885,0.2184732046135219,0.1568982619571311,0.1609048228766538
0.1686592233968975,0.6706218879118551,0.8384358896635346,0.5726217594099143,0.1238335199701381,0.8038158440481129,0.7296331138287864,0.4635626523404467,0.3185868572688057,0.2126744408334926,0.1512485444430068,0.154197914761295
0.154036162434542,0.654094713423032,0.8379054258866324,0.589000976244712,0.1173012318029115,0.7954168394856906,0.7080903104421448,0.4503805402178779,0.3097389716300892,0.2053144714203785,0.1409841721654375,0.1420035363697335
0.1568026874814741,0.6564254687996609,0.8373749621097303,0.5862891853780237,0.1189809630459126,0.7961426793861469,0.7,0.4457543650201462,0.3066532321546648,0.2027337029248709,0.1381808772156812,0.1398695201512103
0.1706353127161347,0.6668079245682804,0.8341921794483177,0.573381060852587,0.1274729376633072,0.7990460389879718,0.7079962370649105,0.4496841267472516,0.3088573317799679,0.2050914420442235,0.1424073834476215,0.145966709346991
0.1705365082501729,0.6654306600275453,0.8333585935131859,0.5741403622952598,0.127939529675252,0.797801742015761,0.7169332079021636,0.4524200368104263,0.310494662930193,0.2065889249984069,0.1447362746366498,0.1487104444850924
0.1580871455389783,0.6471024472931455,0.8297211276144287,0.5904111074953899,0.1242067935796939,0.7863956864371631,0.7118532455315145,0.4466994975874248,0.3059920022670739,0.2017460014018989,0.1386552809764092,0.1418206206938601
0.1461318051575931,0.6252781014938021,0.823279781752046,0.6080919839461981,0.1226203807390817,0.7712567399419329,0.7015992474129821,0.4380440730239268,0.2996316004911994,0.1954374561906582,0.130029758054082,0.1318212304127797
0.1443533247702796,0.6192393261998091,0.8203243407093058,0.6122139060635644,0.1235535647629712,0.7662795520530901,0.7016933207902164,0.4373476595533005,0.2989388834661041,0.1945453386860383,0.1292534609910726,0.1302969331138345
0.1545301847643513,0.6335416887382136,0.822749317975144,0.5993057815381279,0.1269130272489735,0.7749896308585649,0.7165569143932268,0.4439635875242501,0.3024339557290846,0.1995794303192506,0.135593220338983,0.1372477287970245
0.1565062740835885,0.6340714058692658,0.8216126098817824,0.5980041219221174,0.1284994400895857,0.7744711737868104,0.7241768579492003,0.4487389941799731,0.3049844138669354,0.2020327534569553,0.1388277914348557,0.1420645082616913
0.1448473471000889,0.6125648903485539,0.8152470445589574,0.6153595834689228,0.1269130272489735,0.759539610120282,0.7174976481655692,0.4431179425956325,0.3014893416039548,0.1972535525393487,0.1330055634622849,0.1350527406865435
0.1323979843888943,0.5955079987286788,0.8125189451348893,0.6308710272263803,0.1227136991414707,0.7493778515138948,0.706961429915334,0.4339153360194996,0.2955382726156366,0.1908494233097559,0.1242506576961228,0.1246875190537162
0.1345716826400553,0.6035596991206695,0.8166110942709913,0.6255559171276711,0.1212206047032475,0.7560141020323518,0.7087488240827845,0.4334676416455255,0.2954123240656192,0.1907219779519531,0.1242075300815112,0.1245046033778428
0.1455389783618219,0.622841402690963,0.8219915125795695,0.609719058466211,0.1230869727510265,0.7691829116549149,0.72793979303857,0.4447097448142068,0.3026858528291193,0.197444720576053,0.1318411178677707,0.1337723309554295
0.149787570398182,0.6261256489034855,0.8210063655653228,0.6057056079835124,0.1256998880179171,0.770116134384073,0.741486359360301,0.4537631199323484,0.3086998960924463,0.2031160389982794,0.1380083667572346,0.1395646606914213
0.1411915818595,0.61945121305223,0.8229008790542589,0.6138409805835774,0.1204740574841359,0.768145997511406,0.7431796801505174,0.4556533850669054,0.3101797915551497,0.2033390683744344,0.1371026868503903,0.1370038412291933
0.1342752692421697,0.6162729102659178,0.825856320096999,0.6192645623169541,0.1153415453527435,0.7685607631688096,0.7423330197554092,0.4542108143063225,0.3099593815926195,0.202287644172561,0.1348600508905852,0.1313334552771172
0.1402035371998814,0.622841402690963,0.8260836617156715,0.6126477926022346,0.1180477790220231,0.771982579842389,0.7529633113828786,0.4582400636720887,0.3119745583928965,0.2041993245396036,0.1372751973088368,0.132674836900189
0.1546289892303132,0.6322703676236888,0.8217641709608973,0.5998481397114654,0.1275662560656961,0.7736416424720034,0.7790216368767638,0.4679401084415261,0.3177996788311975,0.209329000191168,0.1443481261051451,0.1419425644777757
0.1617429107795672,0.633859519016845,0.8175204607456805,0.5951838594207615,0.1334453154162001,0.7715678141849854,0.7963311382878645,0.4754514251604239,0.3220504423942819,0.213725865035366,0.1491352913270367,0.1485275288092189
0.1498863748641438,0.6159550799872867,0.8137314337678085,0.6108037748128864,0.1301791713325868,0.7601617586063875,0.7946378174976481,0.4716708948913098,0.3196259328064486,0.2114955712738163,0.1452106783973778,0.1429181147491006
0.135460922833712,0.6013348871702511,0.8143376780842679,0.6262067469356764,0.1229936543486375,0.7534218166735794,0.7901222953904045,0.4650549669203601,0.3145879908057559,0.2063021729433505,0.1383102600595161,0.1336503871715139
0.1370417942891018,0.6058904544972984,0.8163837526523189,0.6230610695303178,0.1225270623366928,0.7570510161758607,0.7932267168391345,0.4634134208824553,0.3141156837431909,0.2048365513286178,0.1368870487773321,0.1323699774404
0.1452425649639363,0.6214641381502277,0.8213094877235526,0.6105868315435514,0.1233669279581933,0.7680423060970553,0.7952963311382878,0.4672934387902303,0.3171384489436065,0.2082457146498438,0.1429249148229611,0.1404792390707883
0.1524552909791522,0.6353427269837907,0.8256289784783268,0.5995227248074628,0.1241134751773049,0.7777892990460391,0.7890874882408278,0.4678406208028652,0.3183034730312667,0.2105715924297457,0.1470220382110665,0.1457837936711176
0.1472186542831736,0.6346011230003178,0.8291148832979691,0.6027768738474888,0.1195408734602463,0.779759435918706,0.7673565380997177,0.4600805849873153,0.3149658364558078,0.2088510800994073,0.1452106783973778,0.1439546369123834
0.1413891907914237,0.6386269731963131,0.8364655956350409,0.6038615901941642,0.1121687196715192,0.7868104520945665,0.7357478833490122,0.4487887379993036,0.3097704587675934,0.2052507487414771,0.141286065467719,0.1393817450155478
0.146230609623555,0.6517639580464031,0.842149136101849,0.5945330296127562,0.1110488988428518,0.7971795935296558,0.7181561618062088,0.4442620504402328,0.3086998960924463,0.2055693621359842,0.1416742139992237,0.1418206206938601
0.1566050785495504,0.6665960377158597,0.8447256744468021,0.5811910185486495,0.1143150429264651,0.8062007465781834,0.7180620884289746,0.4465502661294334,0.3107150728927234,0.2080226852736889,0.1467201449087851,0.1496859947564173
0.1619405197114909,0.672740756436063,0.8451045771445892,0.5751166070072675,0.1166480029861889,0.809415180423061,0.7234242709313263,0.4501815649405561,0.3117541484303662,0.2093927228700694,0.1490490360978134,0.1531004207060545
0.1491947436024108,0.654624430554084,0.8419217944831767,0.5913873522073978,0.112541993281075,0.7983201990875155,0.7080903104421448,0.4419240909317017,0.3064013350546302,0.2039762951634486,0.1426661491352913,0.1449911590756661
0.1425748443829661,0.635978387541053,0.833737496210973,0.604620891636837,0.114408361328854,0.7835960182496889,0.695390404515522,0.4315276326916381,0.3003558046537989,0.1980500860256165,0.1358519860266528,0.134564965550881
0.1465270230214405,0.6339654624430553,0.8291906638375266,0.6034277036554941,0.1190742814483016,0.7795520530900042,0.6974600188146755,0.4319255832462816,0.3000094461412513,0.1974765819155037,0.1347306680467503,0.1335894152795561
0.1546289892303132,0.6443479182116749,0.8304789330100031,0.593665256535416,0.122153788727137,0.7855661551223558,0.7126058325493885,0.4382430483012486,0.3042916968418401,0.2012043586312368,0.1394315780394186,0.1417596488019023
0.1567038830155123,0.6496450895221951,0.8326765686571689,0.5898687493220524,0.1217805151175812,0.7896101202820407,0.7194731890874883,0.4419240909317017,0.3062753865046129,0.2032116230166316,0.1417604692284469,0.1474300347539784
0.1473174587491354,0.6382031994914714,0.8316156411033648,0.6009328560581408,0.1180477790220231,0.7832849440066363,0.7088428974600188,0.4350097000447694,0.3014893416039548,0.1982731154017714,0.1352913270367016,0.1395646606914213
0.134077660310246,0.622841402690963,0.8307062746286754,0.6160104132769281,0.1122620380739082,0.7751970136872667,0.6985888993414864,0.427846590061185,0.2960420668157058,0.1919645701905308,0.1273127183335489,0.1292604109505518
0.1396107104041102,0.628880177984956,0.8308578357077903,0.6098275301008786,0.1147816349384098,0.7782040647034425,0.7016933207902164,0.4299358304730637,0.2973015523158789,0.1933346077869113,0.1288221848449562,0.1306017925736236
0.1502815927279913,0.6450895221951478,0.8343437405274325,0.5957262175940992,0.1177678238148563,0.7884695147241808,0.7166509877704609,0.4358056011540566,0.3002298561037816,0.1964251577136302,0.1327036701600034,0.1354185720382903
0.1523564865131904,0.6455132958999893,0.8329796908153987,0.5944245579780887,0.1195408734602463,0.7877436748237245,0.7253998118532455,0.4366512460826742,0.3006077017538336,0.1963932963741795,0.1322292663992754,0.1360282909578684
0.1399071238019958,0.6271850831655895,0.8294180054561989,0.6105868315435514,0.1159014557670772,0.7763376192451266,0.7223894637817497,0.4344625180321345,0.2967347838408011,0.19237876760339,0.1267089317289861,0.1301140174379611
0.1294338504100385,0.6103400783981354,0.8254016368596544,0.6249050873196659,0.1133818589025756,0.7654500207382828,0.71552210724365,0.4285430035318112,0.2925469945527252,0.1885554068693048,0.1213611075171432,0.1224315590512773
0.1321015709910088,0.611823286365081,0.8244164898454077,0.6227356546263152,0.1152482269503546,0.7654500207382828,0.7232361241768579,0.4323732776202557,0.294719607040524,0.1913592047409673,0.1241644024668995,0.1257850131089568
0.143365280110661,0.6200868736094926,0.8217641709608973,0.612322377698232,0.1222471071295259,0.7677312318540026,0.7477892756349952,0.4447097448142068,0.3018671872540068,0.1980182246861658,0.1319705007116056,0.1366380098774465
0.1436616935085466,0.618391778790126,0.820172779630191,0.6130816791409046,0.1232736095558044,0.7657610949813355,0.7654750705550329,0.451823110978461,0.3060549765420826,0.2017460014018989,0.1366282830896623,0.1408450704225352
0.134077660310246,0.602924038563407,0.8165353137314338,0.6262067469356764,0.1210339678984696,0.755703027789299,0.7666039510818438,0.4512261851464955,0.304952926729431,0.200089211750462,0.134170009056799,0.1354185720382903
0.1307183084675427,0.5877741286153194,0.8082752349196727,0.6358607224210869,0.1244867487868607,0.7426379095810867,0.7636876763875823,0.4481918121673383,0.3026543656916149,0.196998661823743,0.130029758054082,0.129199439058594
0.1358561406975595,0.5906346011230003,0.8063049408911792,0.6315218570343856,0.1282194848824188,0.7426379095810867,0.7761994355597365,0.4507784907725216,0.3043546711168488,0.1979863633467151,0.1316254797947125,0.131089567709286
0.1459341962256694,0.6057845110710879,0.8094877235525918,0.6181798459702788,0.1310190369540873,0.7522812111157196,0.788428974600188,0.456499029995523,0.3074089234547687,0.201299942649589,0.1367145383188855,0.1376745320407292
0.1451437604979745,0.6111876258078185,0.8140345559260382,0.6159019416422605,0.127846211272863,0.7579842389050188,0.7904045155221072,0.4565487738148535,0.30734594917976,0.2022557828331103,0.1374045801526718,0.1404792390707883
