Lead I,Lead II,Lead III,aVR,aVL,aVF,V1,V2,V3,V4,V5,V6
0.1606560616539867,0.5019599533848923,0.72393149439224,0.6633040459919731,0.1906494960806271,0.6428867689755289,0.7880526810912513,0.4962940854598816,0.3571586007116093,0.2475626075320206,0.1851468495277526,0.1578562282787635
0.1680663966011263,0.5063036338595189,0.721354956047287,0.6570126911812562,0.1956886898096305,0.6433015346329324,0.7901222953904045,0.4981843505944386,0.3590793160993734,0.2493468425412604,0.1873032302583344,0.160843850984696
0.1821954352336725,0.5176395804640321,0.7186268566232192,0.6434537368478143,0.2039940276222471,0.6470344255495645,0.8043273753527751,0.5053474605780232,0.3639283352750401,0.2546995475689798,0.1944192866692543,0.1700506066703249
0.1856535915423377,0.5170039199067697,0.715519854501364,0.6418266623278014,0.2075401269130272,0.6445458316051431,0.8060206961429914,0.5070884942545889,0.3657860763877956,0.2561014465048111,0.1969206883167292,0.1740137796475825
0.1774528208675032,0.5020658968111028,0.7111245832070324,0.6539754854105652,0.2064203060843598,0.6342803815844048,0.7910630291627468,0.496891011291847,0.3586070090368085,0.2495698719174154,0.1894596109889162,0.1661484055850253
0.1644106313605375,0.4876575908464878,0.7108214610488026,0.6685106844560148,0.200447928331467,0.6270219825798424,0.7774223894637817,0.4874894294383923,0.351396454548317,0.2435162174217804,0.1812653642127054,0.1556612401682824
0.1660903072818891,0.4868100434368047,0.7089269475598667,0.6680767979173445,0.2024076147816349,0.6252592285358773,0.7768579492003762,0.4860468586778093,0.3505463018357001,0.2430382973300197,0.1797558977012981,0.1549295774647887
0.1783420610611599,0.4939082529929017,0.7046074568050925,0.6577719926239288,0.2108062709966405,0.6257776856076317,0.7888993414863592,0.4922150922747848,0.3538524512736548,0.2460651245778372,0.1838530210894035,0.1613925980123163
0.1800217369825116,0.4933785358618496,0.7028645043952714,0.6570126911812562,0.2127659574468085,0.6243260058067193,0.7999999999999999,0.4951002337959508,0.3553323467363582,0.2478812209265277,0.1856643809030922,0.164014389366502
0.166189111747851,0.4804534378641805,0.7043043346468627,0.6713309469573707,0.2053004852556924,0.6189340522604729,0.7912511759172154,0.4876386608963836,0.351301993135804,0.2441534442107946,0.1801440462328028,0.1577952563868057
0.1530481177749234,0.4690115478334569,0.7062746286753562,0.6843475431174748,0.1979283314669652,0.6146827042720863,0.7816556914393227,0.4789832363328857,0.3457602569350421,0.2385777098069203,0.1734161383533876,0.1476129504298518
0.1538385535026183,0.4756859836847122,0.7103667778114581,0.6804425642694435,0.1956886898096305,0.6208004977187889,0.7845719661335842,0.4792319554295379,0.3454453855599987,0.2378448989995539,0.1734161383533876,0.1470032315102737
0.1617429107795672,0.4925309884521665,0.716353440436496,0.667534439744007,0.1957820082120194,0.633139776026545,0.7975540921919096,0.484355568820574,0.348625586447936,0.2418275664308927,0.1785483244921723,0.1549905493567465
0.1653986760201561,0.4985697637461595,0.7178690512276448,0.6624362729146328,0.196528555431131,0.6371837411862298,0.80620884289746,0.4867432721484356,0.3502629175981612,0.2441853055502453,0.1824298098072195,0.1609048228766538
0.1585811678687876,0.4894586290920649,0.7166565625947258,0.670788588784033,0.1941022769690183,0.6317917876399833,0.7978363123236124,0.4830124856986519,0.3472716395352498,0.241572675715287,0.1792383663259585,0.1569416498993963
0.1484043078747159,0.4854327788960693,0.7215822976659594,0.678490074845428,0.1862635311683464,0.6332434674408959,0.7873000940733772,0.4760483509923892,0.3437450801347649,0.2380360670362582,0.1745805839479018,0.1500518261081641
0.1508744195237624,0.4964508952219513,0.7274931797514399,0.6715478902267058,0.1838372527062337,0.6426793861468271,0.7873000940733772,0.4755011689797542,0.3446267199848862,0.2390237685592302,0.1750549877086298,0.1500518261081641
0.1659915028159272,0.5121305223010911,0.7271142770536526,0.6551686733919081,0.1911160880925718,0.6500414765657404,0.7939793038570084,0.4814704272994081,0.3472401523977456,0.2428471292933155,0.1802734290766378,0.1579172001707213
0.1656950894180416,0.5134018434156159,0.7282509851470144,0.6547347868532378,0.1902762224710713,0.651493156366653,0.7907808090310442,0.4794806745261901,0.3461695897225983,0.2433887720639775,0.1820847888903264,0.1611487104444851
0.1600632348582155,0.507363068121623,0.7282509851470144,0.6609176700292873,0.1876633072041806,0.648486105350477,0.7611476952022577,0.4715714072526489,0.3423281589470701,0.2401389154400051,0.1788502177944538,0.1574294250350588
0.1579883410730164,0.5053501430236254,0.7284025462261291,0.6629786310879704,0.1865434863755133,0.6476565740356699,0.7393226716839134,0.4650549669203601,0.3391479580591329,0.2375262856050468,0.1751412429378531,0.1530394488140967
0.1614464973816816,0.5091641063671998,0.7284783267656866,0.6591821238746068,0.1881298992161254,0.6496267109083368,0.7397930385700846,0.4667960005969258,0.3403444692842974,0.2395016886509909,0.1775563893561047,0.1558441558441558
0.1767611896057702,0.5158385422184553,0.721506517126402,0.6473587156958455,0.1997013811123554,0.6480713396930735,0.7507055503292567,0.4745062925931453,0.3447526685349035,0.2443446122474989,0.1842411696209082,0.1643802207182489
0.1823930441655963,0.5176395804640321,0.7184752955441043,0.6433452652131467,0.2042739828294139,0.6468270427208628,0.755032925682032,0.4797791374421729,0.3480903051103624,0.2470209647613585,0.1879501444775089,0.1691970001829157
0.1763659717419227,0.5135077868418265,0.7202182479539255,0.6487688469465235,0.200354609929078,0.6459975114060555,0.7457196613358419,0.474804755509128,0.3456657955225291,0.2436436627795832,0.1846724457670246,0.164989939637827
0.1696472680565161,0.5108592011865662,0.7234010306153379,0.65375854214123,0.1952220977976857,0.6469307341352136,0.7335841956726247,0.4671939511515694,0.3411631348594099,0.2399796087427515,0.1806184499935308,0.1582220596305103
0.1752791226163422,0.5191227884309778,0.7249924219460442,0.6464909426185053,0.1968085106382979,0.6520116134384073,0.735653809971778,0.469034472466796,0.3430523631096697,0.2414133690180335,0.1820416612757148,0.1606609353088226
0.1880248987254223,0.5247377900201293,0.7191573204001213,0.6366200238637596,0.2065136244867488,0.6507673164661967,0.750423330197554,0.4777396408496244,0.3483736893479014,0.2465430446695979,0.1878638892482857,0.1686482531552954
0.1856535915423377,0.5172158067591904,0.7156714155804789,0.6418266623278014,0.2074468085106383,0.6447532144338448,0.7611476952022577,0.4806247823707905,0.3509556346232564,0.2484228636971898,0.1904084185103722,0.1713310164014389
0.1740934690247999,0.4966627820743721,0.7098363140345559,0.658639765701269,0.2055804404628592,0.6306511820821237,0.7511759172154281,0.4747052678704671,0.3455398469725118,0.243006435990569,0.1835511277871221,0.1613316261203585
0.1652998715541942,0.481406928700074,0.7056683843588968,0.6713309469573707,0.204087346024636,0.6203857320613854,0.7386641580432737,0.4650052231010297,0.3386756509965679,0.2359013572930605,0.1754862638547462,0.1519419547588561
0.1673747653393933,0.4779107956351307,0.7015762352227948,0.6719817767653758,0.2075401269130272,0.615927001244297,0.7423330197554092,0.4642093219917425,0.3364085770962562,0.2341171222838208,0.1741493078017854,0.152307786110603
0.1780456476632743,0.4834198537980717,0.6973325250075781,0.6631955743573056,0.2151922359089212,0.6157196184155953,0.7542803386641581,0.4693329353827787,0.3382348310715073,0.2362199706875677,0.1773407512830465,0.1577342844948479
0.1774528208675032,0.4826782498145989,0.6972567444680207,0.6639548757999783,0.2150055991041433,0.6153048527581917,0.7609595484477893,0.4715714072526489,0.3389905223716112,0.237175810871089,0.1778582826583861,0.1591976099018352
0.1653986760201561,0.4689056044072464,0.6967262806911186,0.6776223017680877,0.2095931317655842,0.6081501451679802,0.7549388523047977,0.4666965129582649,0.3359047828961869,0.2336392021920601,0.1727260965196015,0.1509664044875312
0.1561110562197411,0.4601123000317829,0.6975598666262504,0.6872762772534982,0.2047405748413587,0.604417254251348,0.7457196613358419,0.4605282793612894,0.3315595579205894,0.2292741986873128,0.1670763790054772,0.1434058898847631
0.1593716035964825,0.46985909524314,0.7019551379205821,0.6804425642694435,0.2035274356103023,0.6121941103276648,0.7573847601128881,0.4653036860170124,0.3338896060959098,0.2318231058433696,0.1698796739552335,0.1460276812389488
0.1685604189309356,0.4844792880601758,0.705365262200667,0.6678598546480095,0.2057670772676372,0.6217337204479468,0.7746942615239886,0.4745560364124757,0.3393683680216632,0.2364748614031734,0.1758744123862509,0.1533443082738857
0.1667819385436222,0.4873397605678567,0.7086996059411943,0.6674259681093394,0.2028742067935797,0.6253629199502281,0.7824082784571965,0.4759986071730587,0.3413520576844359,0.2381316510546103,0.1781601759606676,0.1568197061154807
0.1529493133089615,0.4783345693399723,0.712943316156411,0.6795747911921033,0.1937290033594625,0.6239112401493156,0.7759172154280338,0.4706262746853704,0.3374476526338991,0.2347224877333843,0.1733298831241644,0.1498079385403329
0.1425748443829661,0.4716601334887169,0.7161260988178236,0.6887948801388437,0.1868234415826801,0.6227706345914559,0.7657572906867356,0.4626175197731682,0.3327875562832583,0.2300388708341298,0.1676801656100401,0.1420035363697335
0.1471198498172117,0.485856552600911,0.7227947862988785,0.678923961384098,0.1849570735349011,0.6342803815844048,0.7690498588899342,0.4633636770631249,0.3333543247583362,0.2309628496782004,0.1688446112045543,0.1452960185354551
0.1571979053453216,0.5015361796800508,0.7262806911185208,0.6653650070506563,0.1875699888017917,0.6443384487764413,0.7883349012229539,0.4714221757946575,0.338014421108977,0.235519021219652,0.1751843705524647,0.1540149990854216
0.1538385535026183,0.497404386057845,0.725977568960291,0.669378457533355,0.1861702127659574,0.6420572376607216,0.7979303857008466,0.4747550116897975,0.3398406750842281,0.2372076722105397,0.1768663475223185,0.1566367904396073
0.1435628890425847,0.4865981565843839,0.7260533494998485,0.6805510359041111,0.181224337439343,0.6368726669431771,0.7901222953904045,0.4707257623240312,0.3364715513712649,0.2336710635315108,0.1721223099150386,0.1499908542162063
0.1377334255508349,0.4827841932408094,0.7277963019096696,0.6857576743681527,0.1773982829413961,0.6361468270427209,0.7764816556914393,0.4634134208824553,0.3319374035706414,0.2298158414579749,0.1682408245999913,0.1442594963721724
0.1465270230214405,0.496344951795741,0.7307517429524099,0.6739342661893915,0.1797312430011198,0.6448569058481959,0.7686735653809971,0.4620703377605333,0.3320318649831544,0.2310902950360033,0.1704834605597964,0.1483446131333455
0.1612488884497579,0.5066214641381501,0.7268111548954228,0.6605922551252847,0.1891564016424039,0.6471381169639154,0.7700846660395109,0.4658508680296473,0.3345508359835007,0.2346269037150322,0.1756587743131927,0.1555392963843668
0.1584823634028258,0.501854009958682,0.725447105183389,0.6646057056079835,0.1886898096304591,0.6439236831190378,0.7696142991533397,0.4659503556683082,0.3341100160584401,0.2337985088893137,0.1758744123862509,0.1560270715200293
0.1481078944768303,0.4899883462231169,0.7249924219460442,0.6763206421520772,0.1840238895110116,0.6378058896723352,0.753527751646284,0.4579913445754365,0.3295128939828081,0.2287325559166507,0.1697502911113986,0.1493201634046704
0.1439581069064321,0.4807712681428117,0.7216580782055169,0.683371298405467,0.1841172079134005,0.6309622563251763,0.7359360301034806,0.4499328458439038,0.3254510532447495,0.2244949977697062,0.1639280631388278,0.1416377050179867
0.1517636597174192,0.486386269731963,0.719612003637466,0.6762121705174097,0.1890630832400149,0.6323102447117379,0.732173095014111,0.4510272098691738,0.3273717686325136,0.2271076276046645,0.1675076551515935,0.1447472715078349
0.1647070447584231,0.4954974043860578,0.716201879357381,0.6643887623386485,0.1972751026502426,0.6344877644131065,0.7421448730009407,0.458936477142715,0.3337951446833969,0.2330975594213981,0.1752274981670764,0.1560880434119871
0.1694496591245924,0.4949676872550058,0.7122612913003941,0.6620023863759626,0.2019410227696902,0.6315844048112816,0.7514581373471307,0.4676416455255434,0.338203343934003,0.2368571974765819,0.1793246215551818,0.1609048228766538
0.160458452722063,0.4771691916516579,0.7062746286753562,0.6761036988827421,0.2013811123553565,0.6187266694317711,0.7470366886171214,0.4660498433069691,0.3366289870587865,0.2344994583572293,0.1758744123862509,0.1565148466556917
0.1517636597174192,0.4685877741286152,0.7068808729918157,0.6853237878294826,0.1969018290406868,0.614993778515139,0.7380997177798683,0.4592846838780282,0.332661607733241,0.2306442362836933,0.171130374778971,0.1491982196207548
0.1613476929157198,0.4788642864710243,0.7068808729918157,0.6746935676320642,0.2013811123553565,0.6199709664039817,0.744967074317968,0.4614236681092374,0.3337321704083882,0.2319824125406232,0.1729417345926597,0.1516980671910249
0.1735006422290287,0.4920012713211145,0.7069566535313732,0.6613515565679575,0.2070735349010825,0.626399834093737,0.7604891815616182,0.4695816544794309,0.3388330866840895,0.2372395335499904,0.179885280545133,0.1610267666605695
0.1737970556269143,0.4900942896493271,0.705365262200667,0.6621108580106302,0.2081933557297499,0.6244296972210701,0.7663217309501411,0.4719693578072924,0.3396202651216978,0.238609571146371,0.1814378746711519,0.1627949515273459
0.1649046536903468,0.4738849454391354,0.7005910882085481,0.6753443974400695,0.2069802164986935,0.6132310244711738,0.7529633113828786,0.4637118837984381,0.334676784533518,0.2339259542471165,0.1750981153232415,0.1544418023291263
0.158284754470902,0.4619133382773597,0.6971051833889057,0.6851068445601476,0.206047032474804,0.6049357113231025,0.7485418626528693,0.4596826344326717,0.3306779180704682,0.2299751481552284,0.1699659291844568,0.1484055850253033
0.1645094358264993,0.4689056044072464,0.6973325250075781,0.6781646599414253,0.2087532661440836,0.6085649108253837,0.7565380997177799,0.4629657265084813,0.3327875562832583,0.2313133244121583,0.1711735023935826,0.1501737698920797
0.1734018377630669,0.484267401207755,0.7014246741436799,0.6653650070506563,0.2104329973870847,0.618830360846122,0.7717779868297271,0.4713226881559966,0.3386756509965679,0.2367616134582297,0.1782895588045025,0.1585269190902993
0.170437703784211,0.485326835469859,0.704531676265535,0.6664497233973317,0.2071668533034714,0.6215263376192451,0.7770460959548448,0.4742575734964931,0.3408167763468623,0.2387370165041738,0.1798421529305214,0.1588317785500884
0.1570991008793597,0.4708125860790337,0.7043043346468627,0.6812018657121163,0.2010078387458007,0.6142679386146828,0.7716839134524929,0.4702283241307267,0.3376050883214207,0.2354552985407506,0.1739767973433389,0.1512712639473203
0.1472186542831736,0.4665748490306176,0.7088511670203091,0.6887948801388437,0.1935423665546846,0.6153048527581917,0.7687676387582314,0.4663483062229518,0.3350231430460657,0.2328108073663417,0.1699659291844568,0.1457228217791598
0.1507756150578006,0.48034749443797,0.7160503182782662,0.6797917344614384,0.190836132885405,0.6269182911654916,0.7752587017873941,0.4698801173954136,0.3373217040838818,0.2350092397884407,0.1736749040410575,0.1503566855679531
0.1635213911668807,0.4980400466151075,0.7189299787814488,0.6637379325306432,0.1950354609929078,0.6375985068436334,0.7864534336782689,0.4758493757150674,0.3417928776094965,0.2395016886509909,0.1804028119204727,0.1595634412535821
0.1628297599051477,0.500794575696578,0.7214307365868445,0.6627616878186354,0.1931690929451288,0.6406055578598092,0.7911571025399812,0.4762473262697109,0.343556157309739,0.2413815076785828,0.1820847888903264,0.1620632888238522
0.1530481177749234,0.4861743828795422,0.7184752955441043,0.6755613407094045,0.1903695408734602,0.6314807133969308,0.7825964252116651,0.4715714072526489,0.3411316477219056,0.2383546804307653,0.1776857721999396,0.1563929028717761
0.150479201659915,0.4802415510117597,0.716201879357381,0.6800086777307734,0.1905561776782381,0.6270219825798424,0.7795860771401693,0.4705267870467094,0.3401555464592714,0.2362836933664691,0.175270625781688,0.1529784769221389
0.1581859500049402,0.492425045025956,0.7190057593210064,0.6694869291680227,0.1924225457260172,0.6349025300705101,0.7832549388523048,0.4730637218325623,0.3416039547844706,0.2382590964124132,0.1773407512830465,0.1554173526004512
0.1681652010670882,0.5075749549740438,0.722188541982419,0.6563618613732509,0.1952220977976857,0.6445458316051431,0.7943555973659454,0.478137591404268,0.343461695897226,0.2413815076785828,0.1814810022857635,0.1611487104444851
0.1652998715541942,0.5170039199067697,0.7310548651106396,0.653107712333225,0.1884098544232922,0.6551223558689342,0.7964252116650987,0.477689897030294,0.343650618722252,0.2425922385777098,0.1834217449432872,0.1634046704469239
0.154036162434542,0.510753257760356,0.7352985753258563,0.6624362729146328,0.1804777902202314,0.6550186644545831,0.780620884289746,0.4691339601054569,0.3389590352341069,0.2387051551647231,0.1788933454090654,0.1573074812511432
0.1506768105918387,0.5030193876469965,0.732343134283116,0.6682937411866797,0.1806644270250093,0.6492119452509333,0.7614299153339605,0.4609759737352634,0.3343619131584748,0.2353915758618492,0.1755293914693578,0.1527955612462654
0.1563086651516648,0.5071511812692021,0.7309033040315248,0.6629786310879704,0.1843038447181784,0.6502488593944422,0.7578551269990593,0.4618713624832115,0.3350231430460657,0.236188109348117,0.1774701341268814,0.1552344369245777
0.1676711787372789,0.5145672211039305,0.7275689602909973,0.6529992406985573,0.1916759985069056,0.6515968477810037,0.7613358419567262,0.465154454559021,0.3366919613337952,0.238609571146371,0.1813516194419286,0.1609048228766538
0.1656950894180416,0.5033372179256277,0.7211276144286147,0.659832953682612,0.1947555057857409,0.6416424720033181,0.7536218250235184,0.4625180321345073,0.3352120658710917,0.2375900082839482,0.1801440462328028,0.1615755136881897
0.1583835589368639,0.4823604195359677,0.7116550469839346,0.6745850959973967,0.1970884658454647,0.6249481542928246,0.7294449670743179,0.4523702929910959,0.3295443811203123,0.2312496017332568,0.1734161383533876,0.1535881958417169
0.1570002964133978,0.4704947558004025,0.7042285541073052,0.6814188089814514,0.2010078387458007,0.614060555785981,0.7118532455315145,0.445605133562155,0.3255455146572625,0.2275218250175237,0.1694483978091172,0.1486494725931345
0.1665843296116984,0.470388812374192,0.696802061230676,0.6762121705174097,0.2100597237775289,0.6089796764827872,0.720131702728128,0.4516241357011392,0.3277496142825656,0.2297521187790734,0.1716910337689222,0.1519419547588561
0.177551625333465,0.4748384362750291,0.6915732040012126,0.6679683262826771,0.2185516983949235,0.6075279966818747,0.7334901222953903,0.4595831467940109,0.3323467363581977,0.2338940929076658,0.1768232199077069,0.1596244131455399
0.1747851002865329,0.470388812374192,0.6905122764474083,0.6717648334960408,0.2178984695782008,0.6046246370800498,0.7373471307619943,0.4600805849873153,0.3335117604458579,0.2346587650544829,0.177513261741493,0.1616974574721053
0.1637190000988044,0.4526962601970548,0.6863443467717489,0.6868423907148281,0.2151922359089212,0.5931148900871008,0.72793979303857,0.452718499726409,0.3291035611952517,0.230134454852482,0.1706128434036313,0.1531613925980123
0.156901491947436,0.4434791821167496,0.6849802970597151,0.6953031782188958,0.2128592758491974,0.5877229365408544,0.7211665098777046,0.4470974481420683,0.3250732075946976,0.2263110941183967,0.1649199982748954,0.1465154563746113
0.1684616144649738,0.4570399406716813,0.6858138829948469,0.6820696387894566,0.2178051511758119,0.5948776441310659,0.7298212605832549,0.4524697806297568,0.3287257155451998,0.2293379213662142,0.1697502911113986,0.152307786110603
0.1756743404801897,0.4722957940459794,0.6911943013034254,0.6702462306106953,0.2178984695782008,0.6059726254666113,0.7510818438381938,0.4626175197731682,0.3358418086211783,0.235742050595807,0.178117048346056,0.1615145417962319
0.1732042288311431,0.4699650386693506,0.6914216429220976,0.6727410782080485,0.2165920119447555,0.6050394027374534,0.7602069614299153,0.4687360095508133,0.3385182153090463,0.2384184031096667,0.1813947470565403,0.1646241082860801
0.1586799723347495,0.4549210721474731,0.6918005456198848,0.6884694652348411,0.2094998133631952,0.5979883865615927,0.7568203198494826,0.4649554792816992,0.3364400642337605,0.2348180717517364,0.1760469228446975,0.1565148466556917
0.1498863748641438,0.4458099374933785,0.6919521066989998,0.6979064974509166,0.2052071668533035,0.5935296557445043,0.753151458137347,0.4616226433865592,0.334676784533518,0.2326515006690881,0.1732436278949411,0.1503566855679531
0.1573955142772453,0.4531200339018962,0.691497423461655,0.6900965397548541,0.2090332213512505,0.5968477810037329,0.7594543744120413,0.4655524051136646,0.338297805346516,0.2364748614031734,0.1783326864191141,0.1567587342235229
0.1681652010670882,0.4653035279160927,0.6919521066989998,0.6779477166720903,0.2138857782754759,0.6030692658647864,0.77206020696143,0.4730637218325623,0.3428004660096351,0.241349646339132,0.1846724457670246,0.164989939637827
0.1658926983499654,0.4625489988346222,0.6917247650803274,0.6806595075387786,0.2128592758491974,0.6016175860638739,0.7739416745061147,0.4740585982191713,0.3437135929972606,0.2417319824125406,0.1850605942985294,0.1663922931528565
0.1507756150578006,0.4473990888865344,0.6924825704759019,0.6966048378349061,0.2053004852556924,0.5947739527167151,0.7638758231420508,0.4668457444162562,0.3388015995465852,0.2357739119352577,0.1775563893561047,0.1568197061154807
0.1397095148700721,0.441466257018752,0.6967262806911186,0.705716455146979,0.1974617394550205,0.5946702613023642,0.7571025399811853,0.4602795602646372,0.3339525803709185,0.2316956604855668,0.1714322680812524,0.1488933601609658
0.1499851793301057,0.4596885263269414,0.7018035768414671,0.6908558411975269,0.1991414706980216,0.6071132310244712,0.7665098777046097,0.4658508680296473,0.3371012941213515,0.2345631810361307,0.1754000086255229,0.1535272239497591
0.1638178045647663,0.4802415510117597,0.7059715065171264,0.6727410782080485,0.2031541620007465,0.6199709664039817,0.7861712135465663,0.4757001442570761,0.3433357473472087,0.2405212515134136,0.1825160650364428,0.16212426071581
0.1603596482561012,0.4749443797012393,0.7048347984237648,0.677296886864085,0.202220977976857,0.6166528411447533,0.7939793038570084,0.4799781127194946,0.3449730784974338,0.2416682597336392,0.1828610859533359,0.1620632888238522
0.1479102855449066,0.4622311685559911,0.7052894816611094,0.6906388979281918,0.1960619634191863,0.6107424305267525,0.7891815616180621,0.4773416902949808,0.3423911332220788,0.2399796087427515,0.1796265148574632,0.1566977623315651
0.1453413694298982,0.4591588091958892,0.7050621400424372,0.6935676320642152,0.1949421425905188,0.6090833678971381,0.7840075258701786,0.4744565487738148,0.3422651846720615,0.239374243293188,0.178462069262949,0.1555392963843668
0.1556170338899318,0.4704947558004025,0.705365262200667,0.682178110424124,0.1997013811123554,0.6147863956864372,0.7925682031984947,0.4792319554295379,0.3460121540350767,0.2423692092015548,0.1830335964117825,0.16212426071581
0.1670783519415077,0.4870219302892255,0.7082449227038496,0.6674259681093394,0.2032474804031355,0.6249481542928246,0.8011288805268107,0.4857483957618266,0.3496961491230833,0.2463200152934429,0.1892871005304696,0.1701725504542406
0.1660903072818891,0.4914715541900625,0.7122612913003941,0.6656904219546589,0.200354609929078,0.6298216507673164,0.7984948259642521,0.4841565935432523,0.3490349192354923,0.2463200152934429,0.1897615042911976,0.1718187915371014
0.1519612686493429,0.4836317406504925,0.7174901485298576,0.6774053584987526,0.1904628592758492,0.6296142679386147,0.7863593603010348,0.4749042431477889,0.3441229257848169,0.2412859236602307,0.1828179583387243,0.1621852326077678
0.1495899614662582,0.4827841932408094,0.7187026371627766,0.679140904653433,0.1885964912280702,0.6299253421816674,0.773283160865475,0.4676416455255434,0.3388960609590982,0.2369209201554833,0.1778582826583861,0.1554173526004512
0.1599644303922537,0.492425045025956,0.7176417096089724,0.6686191560906822,0.1941955953714073,0.6339693073413522,0.7746942615239886,0.4697308859374223,0.3400295979092541,0.2392467979353852,0.1810065985250356,0.1612706542284007
0.1693508546586306,0.5000529717131051,0.7158987571991513,0.6595075387786095,0.1996080627099664,0.6365615927001245,0.7804327375352774,0.4740585982191713,0.3435876444472433,0.2428789906327662,0.1874757407167809,0.1698067191024937
0.1660903072818891,0.4941201398453225,0.7140800242497728,0.6642802907039809,0.1992347891004106,0.6324139361260888,0.7677328316086547,0.4716211510719793,0.3426115431846091,0.2414133690180335,0.1866563160391599,0.1695628315346625
0.1514672463195336,0.474308719143977,0.7112003637465899,0.6825035253281267,0.1941022769690183,0.620696806304438,0.7538099717779867,0.46281649505049,0.3366604741962908,0.23497737844899,0.178591452106784,0.1588317785500884
0.1479102855449066,0.4628668291132534,0.7057441648984542,0.6903134830241892,0.1957820082120194,0.6113645790128578,0.7454374412041392,0.4579913445754365,0.33294499197078,0.2309628496782004,0.1731142450511062,0.1521248704347295
0.1629285643711095,0.470918529505244,0.6999848438920886,0.6779477166720903,0.2064203060843598,0.6113645790128578,0.7470366886171214,0.4630154703278118,0.3353695015586133,0.2343720129994265,0.1768232199077069,0.1576123407109322
0.1760695583440371,0.4774870219302892,0.6945286450439527,0.6673174964746719,0.2160321015304218,0.6108461219411033,0.7565380997177799,0.468487290454161,0.3402814950092887,0.2388007391830753,0.1826023202656661,0.165294799097616
0.1767611896057702,0.4676342832927215,0.687026371627766,0.6719817767653758,0.2208846584546472,0.6008917461634177,0.7574788334901222,0.4701288364920658,0.3401870335967757,0.2382909577518639,0.182731703109501,0.1662093774769831
0.1655962849520798,0.4475050323127449,0.6812670506214005,0.6884694652348411,0.2192049272116461,0.5871007880547491,0.7440263405456254,0.4622195692185246,0.3348027330835354,0.2337029248709616,0.176219433303144,0.1581001158465947
0.1595692125284062,0.4365928594130733,0.6780084874204305,0.6973641392775789,0.2183650615901456,0.579531314807134,0.7402634054562558,0.456946724369497,0.3305519695204509,0.2291467533295099,0.1701384396429033,0.1507225169197
0.1679675921351645,0.44358512554296,0.6765686571688391,0.6891202950428462,0.223217618514371,0.5820199087515554,0.7501411100658514,0.4611252051932548,0.3332598633458232,0.2312177403938061,0.1730711174364946,0.1554173526004512
0.1754767315482659,0.4529081470494754,0.6774780236435284,0.680334092634776,0.2262038073908175,0.5871007880547491,0.7668861712135465,0.4705267870467094,0.3394313422966718,0.2369209201554833,0.1807047052227541,0.1651728553137004
0.1736982511609524,0.4567221103930501,0.6816459533191876,0.6793578479227682,0.2227510265024263,0.5918705931148901,0.7735653809971778,0.4744565487738148,0.343556157309739,0.240043331421653,0.1840686591624617,0.1677946466678861
0.160458452722063,0.4462337111982201,0.6842224916641406,0.6919405575442021,0.2150055991041433,0.5884487764413107,0.7618062088428974,0.4685867780928219,0.3404074435593061,0.2373032562288918,0.1793677491697934,0.1612706542284007
0.1534433356387708,0.4428435215594871,0.6871779327068809,0.6975810825469139,0.209779768570362,0.5888635420987143,0.7599247412982125,0.4660995871262995,0.3384237538965333,0.2357739119352577,0.1769094751369301,0.1571245655752698
0.1602608437901393,0.4604301303104141,0.6944528645043954,0.684781429656145,0.2085666293393057,0.6024471173786811,0.7707431796801505,0.4715714072526489,0.3423911332220788,0.2395335499904416,0.1815241299003752,0.1615145417962319
0.1674735698053552,0.4805593812903909,0.7033949681721734,0.6704631738800304,0.2064203060843598,0.6184155951887185,0.7858889934148636,0.4797293936228424,0.3480273308353538,0.2451730070732173,0.187820761633674,0.170355466130114
0.1612488884497579,0.4825723063883885,0.7096089724158837,0.6729580214773836,0.1997013811123554,0.623600165906263,0.7878645343367827,0.4806745261901208,0.3488774835479707,0.2459695405594851,0.1878638892482857,0.1697457472105359
0.1492935480683727,0.4755800402585018,0.7137011215519854,0.6830458835014643,0.1915826801045166,0.6230817088345085,0.7797742238946377,0.4769437397403372,0.345571334110016,0.2422736251832027,0.1821710441195497,0.1616974574721053
0.1461318051575931,0.4695412649645089,0.7118823886026069,0.6878186354268359,0.1912094064949608,0.618830360846122,0.7784571966133583,0.4746555240511366,0.3441859000598256,0.2395335499904416,0.178936473023677,0.1562099871959027
0.1553206204920462,0.479817777306918,0.7121855107608367,0.6775138301334201,0.1953154162000746,0.6241186229780175,0.7909689557855127,0.4811222205640949,0.3481532793853711,0.2426878225960619,0.1839824039332384,0.1626120358514725
0.1662879162138128,0.4999470282868946,0.7181721733858745,0.66124308493329,0.1968085106382979,0.638013272501037,0.8011288805268107,0.4903248271402278,0.3539469126861677,0.2489007837889505,0.1922629059386725,0.1733430888360466
0.1676711787372789,0.5028075007945757,0.7191573204001213,0.6590736522399393,0.1968085106382979,0.6400871007880548,0.8013170272812793,0.4892802069342884,0.3540728612361851,0.2493468425412604,0.1932117134601285,0.1743186391073715
0.1550242070941606,0.4860684394533319,0.7169596847529556,0.6744766243627291,0.1922359089212393,0.6303401078390709,0.7937911571025399,0.4837088991692782,0.349003432097988,0.2442808895685974,0.1870444645706646,0.1660264618011097
0.1481078944768303,0.4720839071935586,0.7121097302212791,0.6854322594641501,0.1919559537140724,0.6202820406470344,0.7822201317027281,0.4760483509923892,0.3443118486098429,0.2401389154400051,0.1820416612757148,0.1615145417962319
0.1563086651516648,0.4790761733234452,0.7108972415883602,0.6774053584987526,0.19662187383352,0.6227706345914559,0.7756349952963312,0.4746555240511366,0.3444692842973645,0.2413177849996813,0.1842411696209082,0.1653557709895738
0.1625333465072621,0.4977222163364763,0.7195362230979084,0.664497233973316,0.1941955953714073,0.6378058896723352,0.7744120413922859,0.4734119285678754,0.3454453855599987,0.244440196265851,0.1878638892482857,0.1697457472105359
0.1457365872937456,0.508952219514779,0.740375871476205,0.6678598546480095,0.1734789100410601,0.6576109498133555,0.7695202257761053,0.4627170074118291,0.343461695897226,0.2459695405594851,0.1859662742053737,0.1635266142308395
0.1147119849817211,0.528127979658862,0.7778872385571386,0.6751274541707344,0.1356849570735349,0.6926586478639569,0.755032925682032,0.4424215291250062,0.3382348310715073,0.2446313643025553,0.1804459395350843,0.148832388269008
0.1058195830451536,0.5284458099374932,0.7849348287359805,0.6799002060961058,0.1271929824561403,0.6976358357527996,0.7642521166509877,0.4475948863353728,0.3492238420605183,0.2583636016058115,0.1892008453012464,0.1487104444850924
0.1609524750518723,0.5427481724758979,0.7529554410427403,0.6422605488664713,0.1729189996267264,0.6827042720862713,0.8190968955785511,0.5115156941749988,0.4076639692685538,0.3225323392595425,0.2519946521757881,0.2052313883299799
0.2735895662483945,0.5513295899989406,0.6726280691118521,0.5760928517192754,0.2754759238521836,0.6319991704686851,0.8774223894637817,0.6162761776849227,0.5133348027330835,0.4410565220161855,0.3722344417130288,0.3202243765624047
0.4082600533544117,0.5289755270685452,0.5534252803879963,0.5136131901507756,0.4125606569615528,0.5395064288676897,0.8699905926622764,0.71586330398448,0.6385906357253063,0.5899445612693559,0.5198602665286584,0.46356929455521
0.5665448078253138,0.5210297701027651,0.4262655350106092,0.4307408612647792,0.5656028368794327,0.4485690584819577,0.7896519285042333,0.8054021787792868,0.7724109701187065,0.7484865863760913,0.6733083193168586,0.6177062374245474
0.7334255508348978,0.5594872338171415,0.3257805395574416,0.3194489640958889,0.706233669279582,0.3986934881791788,0.6842897460018814,0.8712629955728001,0.8740199628451778,0.8732874530045244,0.8050200543407944,0.7648314127187368
0.8918091097717616,0.6344951795741073,0.2579569566535313,0.1940557544202191,0.8227883538633819,0.3889464952301949,0.551175917215428,0.8826045863801424,0.9059794074120724,0.9186261390428856,0.8869625221029026,0.8900676788000733
1.0,0.6543066002754527,0.1890724461958169,0.1246339082329969,0.9162933930571108,0.3516175860638739,0.4070555032925682,0.8481818634034721,0.8939198337479141,0.8978206843815715,0.9028334842799844,0.9567099567099568
0.9312320916905444,0.5575802521453543,0.1727038496514095,0.2118451025056947,0.8938969764837627,0.2930319369556201,0.3268109125117591,0.7083022434462518,0.7674989766680312,0.7602752819728542,0.7817742700651228,0.8654350344491191
0.7142574844382966,0.4251509693823497,0.2444680206123067,0.3987417290378565,0.7472937663307204,0.2772708419742845,0.2060206961429915,0.4094911207282495,0.4685286060644227,0.4870642961830115,0.5299521283477812,0.6351441985244803
0.4523268451734019,0.4112723805487869,0.4353591997575023,0.5496257728603969,0.5060656961552819,0.4010783907092493,0.1174976481655691,0.1295826493558175,0.1659372146478163,0.1909131459886573,0.2372881355932203,0.3458935430766417
0.3139017883608339,0.4470812586079033,0.5671415580478933,0.6073326825035253,0.3594624860022397,0.5088137702198258,0.1133584195672624,0.0430284037208376,0.0490569602317453,0.0537500796533486,0.0830637857420106,0.1780988964087555
0.299575140796364,0.4650916410636719,0.5910124280084875,0.6059225512528473,0.3379992534527809,0.5340107839070926,0.2289746001881467,0.1481370939660747,0.119934506753991,0.0979098961320334,0.1021693190149652,0.1724894823486372
0.2733919573164707,0.4931666490094288,0.6311761139739315,0.6059225512528473,0.3009518477043673,0.5751762754043965,0.4111006585136407,0.2959757250161667,0.2247866746434081,0.1735168546485694,0.1556475611333937,0.1964514358880556
0.222507657346112,0.4852208920436487,0.6645195513792058,0.6379216834797701,0.2563456513624487,0.5941518042306098,0.5587017873941674,0.3936228423618365,0.2905633048899525,0.2120690753839291,0.1720791823004269,0.1830985915492957
0.1973125185258373,0.4666807924568279,0.6705062140042437,0.66124308493329,0.2407614781634938,0.5891746163417668,0.6538099717779867,0.4475451425160424,0.3246009005321326,0.2290193079717071,0.1769094751369301,0.1713919882933967
0.1956328426044857,0.4644559805064095,0.6702788723855715,0.6633040459919731,0.2401082493467712,0.5878266279552053,0.7150517403574788,0.4752027060637715,0.3425170817720961,0.2379723443573568,0.1830767240263941,0.1739528077556246
0.1902974014425452,0.4651975844898824,0.6749772658381328,0.6657988935893263,0.2347891004106009,0.5914558274574865,0.7528692380056443,0.4867432721484356,0.3492868163355269,0.2407442808895686,0.1848018286108595,0.1747454423510761
0.1730066198992194,0.4510011653776883,0.6780084874204305,0.6826119969627943,0.2247107129525943,0.5865823309829947,0.7747883349012229,0.4881360990896881,0.348531125035423,0.2370483655132861,0.1777720274291629,0.1659654899091519
0.1466258274874024,0.4296005932831866,0.6829342224916641,0.7079943594749973,0.2092198581560283,0.579531314807134,0.7823142050799624,0.482912998059991,0.3425485689096004,0.2283820811826929,0.1656531677232932,0.1495640509725016
0.1348680960379409,0.4222904968746688,0.6866474689299787,0.718299164768413,0.2013811123553565,0.5783907092492742,0.7876763875823142,0.4809232452867731,0.3391794451966372,0.2229019307971707,0.1586664941562082,0.1373087006889824
0.1410927773935382,0.4292827630045555,0.6869505910882086,0.7112485085150234,0.204087346024636,0.5821236001659063,0.802351834430856,0.4876386608963836,0.3416984161969835,0.2238259096412413,0.159874067365334,0.1378574477166026
0.1446497381681652,0.43309672634813,0.6869505910882086,0.7073435296669921,0.2058603956700261,0.5839900456242223,0.8172154280338664,0.4950007461572899,0.3466733839226676,0.2268208755496081,0.1635830422219347,0.1429790866410584
0.1382274478806442,0.4229261574319313,0.6846013943619279,0.7161297320750624,0.204180664427025,0.5773537951057652,0.8197554092191909,0.495448440531264,0.346421486822633,0.2259606193844389,0.1606934920429551,0.1404792390707883
0.1228139511905938,0.4042801144189002,0.6831615641103366,0.734136023429873,0.1978350130645763,0.5672957279137287,0.8124176857949199,0.489230463114958,0.340596366384332,0.219779519531001,0.1519817138914047,0.1288945795988049
0.1224187333267463,0.3963343574531199,0.6776295847226432,0.7383664171819069,0.2010078387458007,0.5596225632517627,0.8087488240827846,0.4863950654131224,0.3376995497339337,0.2157649907602115,0.1472376762841247,0.1220657276995305
0.1341764647762079,0.4036444538616378,0.6739163382843286,0.7281700835231587,0.2089399029488615,0.5605557859809208,0.8167450611476952,0.4926130428294284,0.3420132875720268,0.2189511247052826,0.1513779272868417,0.1286506920309737
0.1432664756446991,0.4093653988769996,0.6710366777811458,0.7202516541924288,0.2149122807017544,0.5614890087100788,0.8244590780809031,0.4997264089936825,0.3464844610976416,0.2224558720448607,0.1559063268210635,0.1362112066337418
0.1363501630273688,0.3970759614365928,0.6675507729615036,0.7303395162165094,0.2137924598730869,0.5530900041476566,0.819379115710254,0.4978361438591255,0.3447211813973992,0.2207990823934238,0.1539655841635399,0.1337723309554295
0.1256792807034878,0.3752516156372497,0.6601242800848742,0.7473695628593123,0.2133258678611422,0.537328909166321,0.8031984948259643,0.489230463114958,0.3389590352341069,0.2153507933473523,0.1470651658256782,0.1268215352722395
0.1252840628396403,0.3634918953278949,0.6519399818126705,0.7535524460353618,0.2181784247853677,0.525922853587723,0.7955785512699904,0.4856489081231657,0.3358418086211783,0.211973491365577,0.1422348729891749,0.1224925309432351
0.131903962059085,0.3696366140480983,0.651333737496211,0.7468272046859746,0.2217245240761478,0.5285151389464953,0.8070555032925681,0.4888325125603144,0.3371327812588557,0.2122921047600841,0.1433993185836891,0.1234071093226023
0.1405987550637288,0.3805487869477698,0.6523946650500152,0.7365223993925588,0.225177304964539,0.5346329323931979,0.8191909689557855,0.4949510023379595,0.3407538020718537,0.215605684062958,0.1477120800448527,0.1298701298701298
0.1337812469123604,0.3697425574743087,0.6499696877841771,0.7457424883392993,0.2234975737215379,0.5275819162173373,0.8183443085606773,0.4913694473461672,0.3387071381340722,0.2130249155674504,0.1440893604174753,0.1256630693250411
0.1210354708032803,0.3544867041000105,0.6489087602303728,0.760494630654084,0.2180851063829787,0.5193902944836167,0.8066792097836312,0.4827637666019997,0.3320633521206587,0.2065889249984069,0.1349031785051969,0.1147491006645936
0.1185653591542337,0.355122364657273,0.6511821764170961,0.7615793470007592,0.2154721911160881,0.5213604313562836,0.8116650987770461,0.4831119733373128,0.3309927894455115,0.2043586312368572,0.1317117350239358,0.1100542649838424
0.1255804762375259,0.3692128403432566,0.655956350409215,0.7505152402646708,0.2158454647256439,0.5315221899626711,0.8313264346190027,0.4933592001193851,0.3376995497339337,0.2090103867966609,0.1373614525380601,0.1159685385037497
0.1360537496294832,0.3767348236041953,0.653228250985147,0.7409697364139278,0.2225643896976484,0.5332849440066363,0.8521166509877705,0.5064915684226236,0.3443433357473472,0.2148091505766902,0.1435718290421357,0.1243216877019694
0.1297302638079241,0.372179256277148,0.6548954228554108,0.7467187330513071,0.2185516983949235,0.5321443384487765,0.8527751646284101,0.5075859324478933,0.3453509241474858,0.215159625310648,0.1432268081252426,0.1238339125663069
0.1172809010967295,0.3554401949359042,0.6523946650500152,0.7621217051740969,0.2141657334826427,0.5222936540854417,0.8427093132643462,0.499776152813013,0.3401240593217671,0.2097431976040272,0.1364557726312157,0.1146881287726358
0.1180713368244244,0.3579828371649539,0.6535313731433768,0.7603861590194164,0.2137924598730869,0.5243674823724596,0.8439322671683913,0.4979356314977864,0.3384867281715419,0.2076084878608296,0.1344719023590805,0.1124931406621547
0.1275565655567631,0.3811844475050323,0.663003940588057,0.7433561123766135,0.2124860022396417,0.542098714226462,0.8560677328316086,0.507536188628563,0.3447841556724078,0.2128337475307462,0.1414585759261655,0.1214560087799524
0.1352633139017883,0.401313698485009,0.671415580478933,0.7288209133311638,0.2108995893990295,0.5577561177934467,0.8754468485418626,0.5196736805451923,0.3524670172234642,0.2197476581915503,0.1496959503169879,0.1304798487897079
0.1258768896354115,0.3998304905180633,0.6774780236435284,0.7346783816032108,0.2027808883911908,0.5611779344670261,0.8797742238946377,0.5216634333184101,0.3536950155861331,0.2199388262282546,0.1499978436192694,0.1301749893299189
0.1113526331390178,0.3845746371437651,0.6777811458017582,0.7505152402646708,0.1956886898096305,0.5539195354624636,0.8714957666980244,0.5165398199273741,0.3490664063729966,0.2145223985216338,0.1428817872083495,0.1210901774282056
0.1088825214899713,0.3847865239961859,0.679827220369809,0.7517084282460137,0.1933557297499067,0.5554749066777271,0.8687676387582314,0.5149977615281301,0.3467048710601719,0.210985789842605,0.1378789839133997,0.1157246509359185
0.1170832921648058,0.3905074690115478,0.6776295847226432,0.7443323570886213,0.1985815602836879,0.5567192036499379,0.8800564440263405,0.5224593344276974,0.3500425076356309,0.2119416300261263,0.1394747056540303,0.1193219925614291
0.1271613476929157,0.393473884945439,0.6720218247953926,0.737173229200564,0.2067002612915267,0.5543343011198673,0.8927563499529633,0.5316619410038302,0.3539469126861677,0.2150959026317466,0.1431405528960193,0.1250533504054631
0.1232091690544412,0.3862697319631316,0.6698999696877842,0.7431391691072784,0.2062336692795819,0.5493571132310245,0.8890874882408277,0.5318111724618216,0.3523725558109513,0.2125151341362391,0.1397334713417001,0.1210292055362478
0.11411915818595,0.3699544443267294,0.6651257956956654,0.7564811801713851,0.2048338932437477,0.5381584404811282,0.8771401693320791,0.5268865343481073,0.346421486822633,0.2053463327598292,0.1313667141070427,0.1112127309310408
0.1106610018772848,0.3623265176395804,0.6624734768111549,0.7622301768087646,0.2048338932437477,0.53255910410618,0.8725305738476011,0.5253444759488634,0.3428319531471394,0.2001529344293634,0.1247681890714624,0.1056642887628803
0.1229127556565556,0.3696366140480983,0.6582297665959381,0.7517084282460137,0.2132325494587532,0.5331812525922853,0.8841956726246472,0.5353927274536139,0.3464529739601373,0.2014911106862932,0.1279596325527235,0.1107249557953783
0.1322003754569706,0.3696366140480983,0.6511063958775386,0.7466102614166396,0.2220044792833146,0.5284114475321443,0.900846660395108,0.5461373924289906,0.3508296860732391,0.2040400178423501,0.132401776857722,0.1176757514785683
0.1329908111846655,0.3538510435427481,0.6392846317065777,0.7543117474780345,0.2296565882792086,0.5125466611364579,0.9031984948259644,0.5505645923494006,0.3498535848106049,0.202287644172561,0.1300728856686936,0.1167611730992012
0.1221223199288607,0.333086132005509,0.6327675053046378,0.7709079075821673,0.2285367674505412,0.4979261717129822,0.8988711194731891,0.5497686912401134,0.3462640511351113,0.1970942458420952,0.1233449777892784,0.1092616303883909
0.1253828673056022,0.3287424515308824,0.6270081842982722,0.7713417941208374,0.2335759611795446,0.4919120696806304,0.901975540921919,0.5520569069293141,0.345571334110016,0.1941311412731791,0.1200241514641825,0.1084080239009816
0.13694298982314,0.3382773598898188,0.6250378902697787,0.7601692157500815,0.2402948861515491,0.4951265035255081,0.9133584195672624,0.5599164303835249,0.3496961491230833,0.1968712164659402,0.1247681890714624,0.1169440887750747
0.1449461515660507,0.3457993431507574,0.6243558654137618,0.7519253715153488,0.2444942142590519,0.4983409373703857,0.9245531514581372,0.5702631448042581,0.3537579898611417,0.2001847957688141,0.1297278647518006,0.1254801536491677
0.1393142970062247,0.3314969806123529,0.618369202788724,0.7622301768087646,0.2455207166853303,0.4873496474491912,0.9229539040451552,0.5703128886235885,0.3530337856985422,0.1985917287962786,0.1280027601673351,0.1235900249984757
0.1308171129335046,0.3078715965674329,0.6079114883297969,0.7790432801822323,0.2479469951474431,0.4685815014516798,0.9136406396989653,0.5680744167537184,0.3507667117982304,0.1936532211814184,0.1224824254970457,0.1156027071520029
0.134769291571979,0.2883780061447187,0.5910124280084875,0.7868532378782949,0.2601717058603957,0.4475321443384488,0.9161806208842898,0.573247773964085,0.35149091596083,0.1920282928694322,0.1195928753180661,0.113041887689775
0.1525540954451141,0.2899671575378747,0.5785086389815096,0.7763314893155441,0.2763157894736842,0.439651596847781,0.9285983066792096,0.5814057603342785,0.3557416795239145,0.1949595360988976,0.1226980635701039,0.1201755990488385
0.1692520501926687,0.3058586714694352,0.5771445892694755,0.7589760277687385,0.2850877192982456,0.4464952301949398,0.9337723424270932,0.5887678455951848,0.3623224912623194,0.2013318039890397,0.1310648208047612,0.1323090055484422
0.1751803181503804,0.3079775399936433,0.5740375871476205,0.754637162382037,0.2897536394176931,0.445458316051431,0.924082784571966,0.5896632343431328,0.3663528448628735,0.2057605301726884,0.1369301763919437,0.1382232790683495
0.1727102065013338,0.3024684818307023,0.5719915125795696,0.7588675561340709,0.2898469578200821,0.4414143508917462,0.8963311382878645,0.580460627767,0.3649044365376743,0.2060472822277448,0.1363695174019925,0.1334064996036827
0.1800217369825116,0.3176183917787901,0.5771445892694755,0.7470441479553097,0.290126913027249,0.4523019493985897,0.8816556914393227,0.5770780480525295,0.36792720173809,0.2117186006499713,0.144003105188252,0.1412718736662399
0.1981029542535323,0.3460112300031782,0.5836617156714156,0.722529558520447,0.2946995147443076,0.4706553297386976,0.8857949200376294,0.5818534547082524,0.3767750873768066,0.2258968967055375,0.1627636175443136,0.1632827266630083
0.2144056911372394,0.3703782180315711,0.5885874507426493,0.7011606464909426,0.2992721164613662,0.4860016590626296,0.8790216368767638,0.5820524299855743,0.3841430775528197,0.2399796087427515,0.1802303014620261,0.1821840131699286
0.2095642723051082,0.3757813327683016,0.5961655046983934,0.7010521748562751,0.2923665546845838,0.4937785151389465,0.8652869238005644,0.5730487986867632,0.384552410340376,0.2459376792200344,0.1891577176866347,0.1885860618254984
0.1968184961960281,0.3753575590634601,0.6055622916035163,0.7082113027443324,0.280608435983576,0.5,0.8463781749764816,0.5612595135054469,0.382159387890047,0.2491238131651054,0.1919610126363911,0.1873666239863423
0.1915818595000494,0.392944167814387,0.6222340103061533,0.7021368912029504,0.2678238148562897,0.5200124429697222,0.8386641580432737,0.5533005024125752,0.3825687206776032,0.2548269929267827,0.1982576443696899,0.1913907688555575
0.1981029542535323,0.4237737048416145,0.6392846317065777,0.6828289402321294,0.2604516610675625,0.5467648278722522,0.8483537158984007,0.5553399990051237,0.3875122012657829,0.2641623653858408,0.2080044852719196,0.2017559904883848
0.2042288311431677,0.4431613518381183,0.6484540769930283,0.6694869291680227,0.257652108995894,0.5625259228535877,0.8506114769520225,0.5547928169924887,0.3905034793286943,0.2700248518447716,0.2160262215896839,0.2086458142796171
0.1909890327042782,0.4416781438711728,0.6575477417399213,0.6775138301334201,0.2458006718924972,0.568021567814185,0.8448730009407337,0.5455902104163558,0.3873862527157656,0.2690690116612502,0.2151636692974511,0.202975428327541
0.1787372789250074,0.4360631422820213,0.6629281600484995,0.6870593339841631,0.2367487868607689,0.5689547905433431,0.8276575729068674,0.5348952892603095,0.3814351837274474,0.2650863442299114,0.209255186095657,0.1943783915614901
0.1774528208675032,0.4299184235618179,0.6595938163079721,0.6909643128321944,0.2381485628966032,0.5636665284114475,0.8146754468485418,0.5276824354573943,0.3780030857394755,0.263588861275728,0.2066244016043472,0.1901713310164014
0.1900997925106215,0.4353215382985484,0.6536071536829343,0.6813103373467838,0.2478536767450541,0.5622148486105351,0.8133584195672625,0.5297716758692732,0.3802071853647785,0.2675396673676161,0.2117997153577435,0.1968172672398024
0.1978065408556467,0.437016633117915,0.6490603213094878,0.6761036988827421,0.2542926465098917,0.5599336374948155,0.8083725305738475,0.5288762871213252,0.3807739538398564,0.269642515771363,0.2153361797558977,0.2019998780562161
0.186147613872147,0.4271638944803474,0.6508790542588663,0.6876016921575009,0.2475737215378873,0.5563044379925343,0.7970837253057383,0.5221111276923842,0.376428728864259,0.2667112725418977,0.2121878638892483,0.1968782391317602
0.177551625333465,0.4139209662040469,0.6479993937556835,0.6990996854322594,0.2453340798805524,0.547905433430112,0.7730009407337723,0.509874148137094,0.3695960200258195,0.260721340725164,0.2042955104153189,0.188098286689836
0.1800217369825116,0.4191121940883567,0.6498181267050621,0.6950862349495607,0.2453340798805524,0.551742015761095,0.7638758231420508,0.5079838830025369,0.3692181743757675,0.2602752819728541,0.2032604476646397,0.1863910737150173
0.1912854461021638,0.437016633117915,0.6539860563807215,0.6796832628267708,0.248133631952221,0.5633554541683949,0.7786453433678269,0.5148485300701388,0.3729021694637741,0.2645128401197987,0.2085220166472592,0.1937077007499542
0.1982017587194941,0.4489882402796906,0.6572446195816914,0.6698123440720252,0.2493467711832774,0.5713396930734136,0.7914393226716839,0.5190767547132269,0.3757674989766681,0.2669980245969541,0.2118428429723552,0.1988293396744101
0.1883213121233079,0.4372285199703358,0.6563352531070021,0.6813103373467838,0.2453340798805524,0.5650145167980091,0.7844778927563498,0.5168382828433568,0.3736263736263737,0.2650863442299114,0.2092983137102687,0.1946222791293214
0.1774528208675032,0.4236677614154041,0.6550469839345257,0.6941099902375529,0.2409481149682717,0.5575487349647449,0.770178739416745,0.5096751728597722,0.3689977644132372,0.2609125087618684,0.2040798723422607,0.1879763429059203
0.1812073905740539,0.4305540841190803,0.657168839042134,0.6885779368695086,0.2414147069802165,0.5623185400248859,0.7694261523988711,0.5066905436999454,0.3678012531880727,0.2595743325049385,0.2024410229870186,0.1871227364185111
0.1936567532852485,0.4492001271321115,0.6609578660200062,0.6721987200347109,0.2449608062709966,0.5740356698465368,0.7831608654750706,0.5146992986121475,0.3728706823262698,0.2646084241381508,0.2081769957303662,0.1942564477775745
0.1993874123110365,0.4566161669668396,0.6617914519551379,0.6652565354159887,0.2472004479283315,0.5782870178349233,0.7975540921919096,0.5224095906083669,0.3766806259642936,0.2685273688905882,0.2127916504938111,0.1996219742698616
0.1879260942594605,0.4399830490518063,0.6586844498332829,0.6801171493654409,0.2436543486375513,0.5679178763998342,0.7979303857008466,0.5220613838730538,0.3750747819515728,0.2656279870005735,0.2089101651787639,0.1948661666971526
0.1760695583440371,0.4218667231698272,0.6548196423158533,0.6958455363922335,0.240388204553938,0.5565118208212361,0.7906867356538099,0.5132567278515645,0.3691866872382632,0.2592557191104314,0.1998964937249321,0.1835253947930004
0.1719197707736389,0.421019175760144,0.6573961806608064,0.6985573272589217,0.2368421052631579,0.5578598092077977,0.7874882408278456,0.5083320897378502,0.3669825876129601,0.2577263748167973,0.1973950920774572,0.1798061093835741
0.1830846754273293,0.4347918211674965,0.6586844498332829,0.6853237878294826,0.2414147069802165,0.5654292824554127,0.7963311382878645,0.5140028851415211,0.3702257627759061,0.2623144076976996,0.20511493509294,0.1875495396622157
0.1964232783321806,0.4422078610022248,0.653758714762049,0.6742596810933941,0.2506532288167226,0.5657403566984653,0.8068673565380996,0.5200716310998359,0.3752637047765988,0.267444083349264,0.2127916504938111,0.1980367050789586
0.1921746862958205,0.4308719143977115,0.6489087602303728,0.6823950536934591,0.2516797312430011,0.5568228950642886,0.8002822201317028,0.5176341839526439,0.3743820649264776,0.266233352450137,0.2108509078362876,0.1951710261569416
0.1785396699930836,0.4154041741709926,0.6482267353743558,0.6977980258162491,0.2457073534901082,0.5487349647449191,0.7893697083725304,0.5091777346664678,0.3689033030007242,0.2608169247435162,0.2037348514253676,0.1857813547954393
0.1778480387313506,0.4152982307447822,0.6486814186117006,0.6982319123549192,0.2450541246733856,0.5490460389879719,0.7922859830667921,0.5092772223051286,0.3688403287257155,0.261167399477474,0.2035623409669211,0.1873666239863423
0.1843691334848335,0.428117385316241,0.6529251288269173,0.6880355786961709,0.2455207166853303,0.5582745748652012,0.8115710253998117,0.5151469929861215,0.3728391951887654,0.265564264321672,0.2094276965541036,0.1946222791293214
0.1842703290188716,0.443055408411908,0.663685965444074,0.6804425642694435,0.2388951101157148,0.572895064288677,0.8299153339604891,0.5243993433815848,0.3782234957020058,0.27085324667049,0.21671626342347,0.2011462715688068
0.176168362809999,0.4401949359042271,0.6678538951197333,0.686408504176158,0.2324561403508772,0.5743467440895894,0.8286923800564441,0.5222106153310452,0.3773418558518845,0.270311603899828,0.2160693492042955,0.1996219742698616
0.1584823634028258,0.4266341773492954,0.6717187026371628,0.7031131359149583,0.2217245240761478,0.5704064703442556,0.8172154280338664,0.5122121076456251,0.370886992663497,0.2644809787803479,0.20748695389658,0.1894396683129077
0.1500839837960675,0.4277995550376098,0.6789936344346772,0.7070181147629895,0.2132325494587532,0.5759021153048528,0.8191909689557855,0.5102720986917375,0.3693441229257848,0.2627604664500095,0.2039936171130374,0.1857813547954393
0.1649046536903468,0.4472931454603241,0.6814943922400727,0.6890118234081788,0.2187383351997014,0.5871007880547491,0.8284101599247412,0.515196736805452,0.3716111968260966,0.2651819282482636,0.20748695389658,0.1917566002073044
0.1748839047524948,0.4573577709503124,0.6811154895422855,0.6782731315760928,0.2236842105263158,0.5918705931148901,0.8289746001881467,0.5159428940954086,0.3722094524386788,0.2664882431657427,0.2101177383878898,0.1970611548076337
0.1718209663076771,0.4485644665748489,0.6770991209457412,0.6845644863868099,0.2247107129525943,0.5847158855246786,0.8097836312323612,0.5090782470278068,0.3692811486507761,0.2637800293124323,0.20748695389658,0.1949271385891104
0.1643118268945756,0.427587668185189,0.6679296756592906,0.699425100336262,0.2268570362075401,0.5682289506428868,0.78137347130762,0.4970402427498384,0.3628892597373973,0.257758236156248,0.201319705007116,0.186817876958722
0.1679675921351645,0.425468799660981,0.6636101849045166,0.6984488556242543,0.2312430011198208,0.564184985483202,0.770178739416745,0.4953489528926031,0.3613149028621808,0.2567068119543745,0.2002846422564368,0.1852935796597768
0.1801205414484734,0.4365928594130733,0.66232191573204,0.6860830892721553,0.2377752892870474,0.5688510991289921,0.7726246472248353,0.5009700044769437,0.3645265908876224,0.2605620340279105,0.2061068702290076,0.191573684531431
0.1870368540658037,0.4462337111982201,0.6637617459836314,0.6774053584987526,0.2401082493467712,0.5744504355039403,0.7792097836312324,0.5058448987713277,0.3671400233004818,0.2640030586885873,0.211152801138569,0.198524480214621
0.1784408655271218,0.4376522936751774,0.6642922097605335,0.686408504176158,0.2357222844344904,0.5706138531729573,0.7757290686735653,0.5024125752375267,0.3652193079127177,0.2613267061747276,0.2081338681157545,0.1956588012926041
0.1652998715541942,0.4236677614154041,0.664367990300091,0.70083523158694,0.2294699514744307,0.5638739112401493,0.7601128880526811,0.494453564144655,0.360464750149564,0.2569617026699802,0.2011040669340579,0.1863910737150173
0.1673747653393933,0.4252569128085602,0.6639133070627463,0.6988827421629245,0.2307764091078761,0.5642886768975529,0.7559736594543743,0.4934586877580461,0.3596775717119557,0.2564837825782196,0.2003277698710484,0.185537467227608
0.1794289101867404,0.4394533319207542,0.6648226735374356,0.6849983729254799,0.2359089212392684,0.5719618415595189,0.7675446848541861,0.5003233348256478,0.3642432066500835,0.2608806474224176,0.2064518911459007,0.1938296445338699
0.1849619602806047,0.4467634283292721,0.6658078205516824,0.6782731315760928,0.2378686076894363,0.5761094981335546,0.7764816556914393,0.5050987414813709,0.3674234075380207,0.2643216720830943,0.2109371630655108,0.1997439180537772
0.1802193459144353,0.4388176713634918,0.6637617459836314,0.6848899012908125,0.2369354236655468,0.570821236001659,0.7735653809971778,0.5022633437795354,0.3649988979501874,0.2617727649270375,0.208435761418036,0.1962685202121822
0.1730066198992194,0.4277995550376098,0.6614125492573507,0.694543876776223,0.2349757372153789,0.5638739112401493,0.7663217309501411,0.4966422921951947,0.3602758273245379,0.2562926145415153,0.2017078535386208,0.1874275958783001
0.1732042288311431,0.4299184235618179,0.6627765989693847,0.6933506887948802,0.2342291899962672,0.5658440481128163,0.7694261523988711,0.4953986967119335,0.3595516231619383,0.2548269929267827,0.2004140251002717,0.1846838607401987
0.185455982610414,0.4421019175760143,0.6620945741133677,0.680334092634776,0.240388204553938,0.5713396930734136,0.7805268109125117,0.5004725662836393,0.3620705941622847,0.257981265532403,0.2038211066545909,0.1914517407475154
0.1929651220235154,0.4515308825087403,0.6630797211276145,0.6714394185920382,0.2432810750279955,0.576627955205309,0.7853245531514581,0.5048997662040491,0.3637394124500142,0.2597655005416428,0.2066675292189589,0.1948051948051948
0.1859500049402233,0.4477169191651658,0.6656562594725675,0.6771884152294175,0.2384285181037701,0.5765242637909582,0.7800564440263406,0.4989802517037258,0.360086904499512,0.2569298413305295,0.2035623409669211,0.1906591061520639
0.1767611896057702,0.4368047462654941,0.6649742346165505,0.6878186354268359,0.2345091452034341,0.5707175445873082,0.7690498588899342,0.4915186788041586,0.3559620894864448,0.2525966991652329,0.1977401129943503,0.1829766477653801
0.1826894575634818,0.4332026697743405,0.6579266444377084,0.686408504176158,0.2416013437849944,0.5640812940688511,0.770178739416745,0.4913694473461672,0.3559306023489405,0.2524373924679793,0.197653857765127,0.1832815072251692
0.1973125185258373,0.432567009217078,0.646180660806305,0.6787070181147631,0.255785740948115,0.5557859809207798,0.7831608654750706,0.4978361438591255,0.3599294688119903,0.2550181609634869,0.2019234916116789,0.1919395158831778
0.2041300266772058,0.4299184235618179,0.6391330706274629,0.6763206421520772,0.26334453154162,0.5496681874740772,0.7863593603010348,0.5003730786449784,0.3602128530495292,0.2556235264130504,0.2040798723422607,0.1968782391317602
0.1902974014425452,0.4194300243669879,0.6421642922097606,0.6892287666775139,0.2549458753266144,0.5465574450435504,0.7747883349012229,0.4917176540814804,0.3556787052489059,0.2519594723762187,0.2004140251002717,0.1918175720992622
0.1745874913546092,0.3998304905180633,0.6401939981812671,0.7078858878403297,0.2486935423665547,0.5356698465367068,0.7628410159924741,0.4793811868875292,0.3462010768601027,0.2438985534951889,0.1896752490619744,0.178586671544418
0.1679675921351645,0.391355016421231,0.6392088511670203,0.7159127888057273,0.2462672639044419,0.5307963500622149,0.7623706491063029,0.4754514251604239,0.3420447747095312,0.2394698273115401,0.1832923620994523,0.1701725504542406
0.1673747653393933,0.3958046403220679,0.6428463170657774,0.7139602993817116,0.2436543486375513,0.5355661551223558,0.7752587017873941,0.479132467790877,0.3426430303221134,0.2395335499904416,0.1837667658601803,0.1713310164014389
0.1612488884497579,0.4048098315499523,0.6539860563807215,0.7126586397657012,0.2339492347891004,0.5475943591870593,0.7896519285042333,0.4832114609759738,0.3445322585723732,0.2408717262473714,0.1851899771423642,0.1729162855923419
0.1461318051575931,0.3978175654200656,0.6605789633222188,0.7245905195791301,0.2227510265024263,0.5486312733305683,0.7851364063969896,0.4780878475849375,0.340785289209358,0.237398840247244,0.1795833872428516,0.1656606304493628
0.1338800513783223,0.3856340714058692,0.6612609881782359,0.7376071157392342,0.2165920119447555,0.543135628369971,0.7783631232361241,0.4701785803113963,0.3358418086211783,0.232332887274581,0.1729848622072713,0.155783183952198
0.1297302638079241,0.3848924674223964,0.6639133070627463,0.740210434971255,0.2129525942515864,0.5445873081708834,0.7936970837253057,0.4743570611351539,0.3380773953839857,0.2346269037150322,0.1748393496355716,0.1571245655752698
0.1386226657444916,0.3980294522724864,0.6664898454076994,0.7286039700618289,0.215565509518477,0.552778929904604,0.816274694261524,0.4857483957618266,0.3459806668975724,0.2421143184859491,0.1847155733816362,0.1686482531552954
0.1437604979745084,0.4086237948935268,0.6702030918460139,0.7203601258270962,0.2157521463232549,0.5604520945665699,0.8231420507996238,0.4924638113714371,0.3507352246607261,0.246415599311795,0.1922629059386725,0.1765745991098104
0.1413891907914237,0.4054454921072147,0.6696726280691119,0.7232888599631196,0.2149122807017544,0.5585856491082538,0.8017873941674505,0.4829627418793215,0.3457287697975377,0.2431657426878226,0.189718376676586,0.173221145052131
0.1397095148700721,0.4086237948935268,0.6732343134283116,0.722529558520447,0.211926091825308,0.5625259228535877,0.7617121354656632,0.4669452320549171,0.3391479580591329,0.2377493149812018,0.1830335964117825,0.1663922931528565
0.1429700622468135,0.421548892891196,0.679978781448924,0.7141772426510468,0.2093131765584173,0.5735172127747822,0.746095954844779,0.4626175197731682,0.3363141156837432,0.2355827438985535,0.1809203432958123,0.1638314736906286
0.1557158383558936,0.4344739908888653,0.6794483176720219,0.7006182883176049,0.215658827920866,0.5794276233927831,0.7542803386641581,0.4702283241307267,0.3404389306968103,0.2396609953482444,0.185448742830034,0.1718797634290592
0.163323782234957,0.4347918211674965,0.6739163382843286,0.6962794229309035,0.2226577081000373,0.575798423890502,0.7640639698965194,0.4758493757150674,0.343650618722252,0.2429427133116676,0.1885970586966835,0.1774282055972197
0.1530481177749234,0.4214429494649857,0.6721733858745074,0.7086451892830025,0.2189249720044792,0.5681252592285359,0.7580432737535276,0.4707257623240312,0.3407223149343493,0.2399796087427515,0.1839392763186268,0.1729772574842997
0.1391166880743009,0.4098951160080517,0.6745225826007881,0.7222041436164442,0.2108995893990295,0.5640812940688511,0.7492944496707431,0.463811371437099,0.3357788343461696,0.2351366851462435,0.1771682408246,0.1626730077434303
0.1456377828277838,0.4184765335310944,0.6757350712337071,0.7142857142857143,0.2131392310563643,0.5690584819576939,0.751552210724365,0.4653534298363428,0.337919959696464,0.2371439495316383,0.1802303014620261,0.1645021645021645
0.15976682146033,0.4355334251509693,0.6770991209457412,0.6977980258162491,0.2190182904068682,0.5783907092492742,0.7639698965192849,0.4745062925931453,0.3427689788721307,0.2428471292933155,0.187346357872946,0.1734040607280044
0.1651022626222705,0.4403008793304375,0.6764170960897242,0.6923744440828723,0.2220044792833146,0.5802571547075902,0.7746001881467545,0.4800776003581555,0.3460121540350767,0.245427897788823,0.1905378013542071,0.1765745991098104
0.1580871455389783,0.4335205000529716,0.6769475598666262,0.6997505152402647,0.2182717431877566,0.5773537951057652,0.766698024459078,0.4758991195343978,0.3431153373846784,0.2420824571464984,0.1865269331953249,0.1716968477531857
0.1508744195237624,0.425468799660981,0.676720218247954,0.7078858878403297,0.2150989175065323,0.5732061385317295,0.7536218250235184,0.4688354971894742,0.3383922667590289,0.2376218696233989,0.1812222365980937,0.164989939637827
0.1614464973816816,0.4308719143977115,0.6724007274931797,0.6992081570669271,0.2227510265024263,0.572895064288677,0.7513640639698964,0.4692334477441178,0.3400925721842627,0.2394379659720895,0.1841117867770733,0.1698676909944515
0.1788360833909692,0.4479288060175866,0.6713397999393755,0.6809849224427812,0.2315229563269877,0.580464537536292,0.767826904985889,0.478137591404268,0.3463899996851287,0.2463200152934429,0.1930823306162936,0.1813913785744771
0.1826894575634818,0.449094183705901,0.6692179448317672,0.6782731315760928,0.234695782008212,0.5796350062214848,0.7777986829727186,0.4853007013878526,0.3498220976731006,0.250270821385331,0.1977401129943503,0.1861471861471861
0.1737970556269143,0.4277995550376098,0.6608063049408912,0.6940015186028854,0.2357222844344904,0.5634591455827457,0.7690498588899342,0.4802268318161468,0.3467048710601719,0.24708468744026,0.1932548410747402,0.1793183342479117
0.1638178045647663,0.4083059646148955,0.6545165201576236,0.7095129623603428,0.2348824188129899,0.5495644960597262,0.7543744120413922,0.4718698701686315,0.3414780062344532,0.2416045370547377,0.1869582093414413,0.1717578196451436
0.1635213911668807,0.4035385104354274,0.651333737496211,0.7121162815923636,0.23665546845838,0.5451057652426379,0.7557855126999058,0.4705267870467094,0.3404704178343147,0.2401389154400051,0.185103721913141,0.1707212974818608
0.1717221618417152,0.408411908041106,0.6485298575325856,0.7051740969736414,0.2422545726017171,0.5455205309000415,0.7653809971777987,0.4756504004377456,0.3439654900972952,0.243229465366724,0.1900633975934791,0.1777940369489665
0.1770576030036557,0.4136031359254157,0.6481509548347985,0.6995335719709296,0.2449608062709966,0.547905433430112,0.7726246472248353,0.4804755509127991,0.3460121540350767,0.2461288472567386,0.1938155000646914,0.1832815072251692
0.1662879162138128,0.4037503972878482,0.6493634434677176,0.7104892070723506,0.2391750653228816,0.5438614682704271,0.763593603010348,0.4736109038451973,0.3408167763468623,0.2404575288345122,0.1867425712683831,0.174135723431498
0.1531469222408852,0.3906134124377582,0.6500454683237346,0.7244820479444626,0.2325494587532661,0.5379510576524263,0.7542803386641581,0.4658011242103169,0.3367234484712995,0.2353915758618492,0.1800577910035796,0.1656606304493628
0.1520600731153048,0.386905392520394,0.6482267353743558,0.7269768955418158,0.2331093691675998,0.5348403152218997,0.758137347130762,0.4693329353827787,0.3370698069838471,0.2353278531829478,0.1792814939405701,0.1643192488262911
0.160458452722063,0.3864816188155525,0.6414064868141861,0.722529558520447,0.2413213885778275,0.5299668187474077,0.7719661335841956,0.4773416902949808,0.3416039547844706,0.2398521633849487,0.1848449562254711,0.1716968477531857
0.1616441063136053,0.3782180315711409,0.6345862382540164,0.7261091224644756,0.246080627099664,0.5212567399419329,0.790310442144873,0.484902750833209,0.346232563997607,0.244217166889696,0.1898046319058093,0.1767575147856838
0.1568026874814741,0.3709079351626231,0.6331464080024249,0.7325089489098602,0.2446808510638298,0.5166943177104936,0.7914393226716839,0.4868427597870965,0.3472086652602412,0.2447269483209074,0.1888558243843533,0.1746844704591183
0.1508744195237624,0.3738743510965144,0.6398150954834798,0.7342444950645406,0.2377752892870474,0.5227084197428453,0.7809971777986829,0.4825647913246779,0.345571334110016,0.2430382973300197,0.1863544227368784,0.1705993536979452
0.1580871455389783,0.4031147367305858,0.6551985450136405,0.7153704306323897,0.2317095931317656,0.5475943591870593,0.7797742238946377,0.4864945530517833,0.3494127648855443,0.2472121327980628,0.1916591193341096,0.1768794585695994
0.1712281395119059,0.43309672634813,0.6666414064868141,0.6928083306215426,0.230869727510265,0.569991704686852,0.7949200376293508,0.4951002337959508,0.3566548065115401,0.2538074300643599,0.2004140251002717,0.1879153710139625
0.177551625333465,0.4404068227566478,0.6669445286450439,0.6855407310988176,0.2336692795819335,0.573828287017835,0.7996237064910631,0.4983335820524299,0.3586384961743128,0.2558784171286561,0.2033467028938629,0.1916346564233888
0.1670783519415077,0.4324610657908677,0.6692937253713246,0.6953031782188958,0.2272303098170959,0.5715470759021153,0.7895578551269989,0.4917176540814804,0.3553953210113669,0.2524373924679793,0.1984301548281364,0.1859032985793549
0.1471198498172117,0.4307659709715011,0.6834646862685662,0.7072350580323246,0.2091265397536394,0.580360846121941,0.7702728127939793,0.479580162164851,0.3478384080103278,0.2463837379723443,0.1907534394272652,0.1751722455947808
0.1471198498172117,0.4566161669668396,0.7018793573810246,0.6938930469682179,0.1978350130645763,0.6056615512235588,0.7654750705550329,0.4726657712779187,0.3456343083850247,0.2465111833301471,0.1891145900720231,0.1704774099140296
0.1461318051575931,0.5101175972030935,0.7409063352531071,0.6671005532053368,0.1732922732362822,0.6585441725425135,0.7677328316086547,0.4653534298363428,0.348531125035423,0.2536799847065571,0.1953680941907103,0.1730992012682153
0.128347001284458,0.5421125119186354,0.7774325553197939,0.6604837834906172,0.1424038820455394,0.6991912069680631,0.7739416745061147,0.454608764860966,0.3492868163355269,0.2588733830370229,0.1989045585888644,0.1707212974818608
0.1257780851694496,0.5310943955927534,0.771445892694756,0.667534439744007,0.144923478910041,0.6896515968477811,0.8014111006585136,0.4740585982191713,0.3686828930381939,0.2828012489645065,0.2191745374563333,0.1819401256020974
0.1746862958205711,0.5215594872338171,0.7271900575932101,0.6456231695411649,0.1952220977976857,0.6548112816258813,0.8490122295390404,0.5460379047903299,0.4386787997103183,0.3585037914993946,0.2941303316513564,0.2472410218889092
0.2861377334255509,0.506833350990571,0.6311761139739315,0.5919297103807355,0.3070175438596492,0.5818125259228536,0.9028222013170272,0.6576132915485251,0.5524418275134607,0.4873191868986172,0.4220468365894682,0.368575086884946
0.4535124987649442,0.5033372179256277,0.5003031221582298,0.5017897819720143,0.4665920119447555,0.4906677727084197,0.9114769520225776,0.7801820623787494,0.6976290185459242,0.6532530427579176,0.5845085608315004,0.5305774038168405
0.6322497776899516,0.5201822226930818,0.375265231888451,0.3950536934591603,0.627939529675252,0.4133139776026545,0.8536218250235184,0.8966820872506591,0.8475392802040368,0.8205250748741478,0.746927157458921,0.6991037131882203
0.7800612587688963,0.5566267613094606,0.2879660503182782,0.2953682611996963,0.7514930944382232,0.3714226462048942,0.7483537158984007,0.957369546833806,0.931169117415536,0.9167781813547444,0.8557812567386898,0.8281202365709409
0.9035668412212232,0.5801462019281702,0.2100636556532282,0.2154246664497233,0.8577827547592386,0.3296350062214848,0.6124176857949201,0.9561259513505448,0.9391353632041312,0.9234372012999428,0.8991676370379954,0.9156149015303946
0.9670981128347002,0.5484691174912595,0.1386026068505607,0.196876016921575,0.9318775662560658,0.2652426379095811,0.4954844778927563,0.9113565139531412,0.9047514090494034,0.8693366469126363,0.8720834950618881,0.9329918907383696
0.8654283173599446,0.442525691280856,0.140876023037284,0.3068662544744549,0.8824188129899218,0.2149523019493986,0.4202257761053622,0.7298413172163359,0.725810006612299,0.6913592047409673,0.7135463837495148,0.8056216084385099
0.641240984092481,0.3578768937387435,0.2522734161867233,0.4732617420544527,0.708006718924972,0.2496889257569473,0.2952022577610536,0.4104859971148584,0.4044522812431122,0.4007837889504875,0.4453788760943632,0.5583196146576429
0.3872147021045352,0.3657167072783133,0.452637162776599,0.6087428137542032,0.4646323254945876,0.3906055578598092,0.2067732831608655,0.1548525095756852,0.135992946881199,0.1357293060600267,0.1737611592702808,0.2821169440887751
0.2753680466357079,0.3826676554719779,0.550621400424371,0.661460028202625,0.3514371033967898,0.4659892160929075,0.1871119473189087,0.0947619758245038,0.0657451431090399,0.055247562607532,0.0752145598826929,0.1632217547710505
0.2608437901393143,0.4095772857294204,0.5810851773264626,0.6556025599305781,0.3258678611422173,0.5,0.2981185324553151,0.2014624682883151,0.1470134450077143,0.1136175364812336,0.1096303963427783,0.1704164380220718
0.2385139808319336,0.442525691280856,0.6217035465292513,0.6509382796398742,0.2903135498320269,0.5438614682704271,0.4801505174035748,0.3355718052032035,0.2439938285210491,0.1834575925571911,0.1591408979169362,0.1885250899335406
0.2032407864835491,0.4183705901048838,0.6315550166717186,0.6827204685974617,0.2675438596491228,0.5388842803815844,0.6169332079021637,0.4250609361786798,0.3021190843540414,0.2189511247052826,0.1764781989908138,0.1828547039814645
0.1874320719296512,0.3790655789808242,0.6154895422855412,0.7115739234190259,0.2699701381112355,0.508606387391124,0.6614299153339604,0.4555041536089141,0.3233414150319595,0.2288281399350028,0.1777720274291629,0.1759648801902323
0.1721173797055627,0.3510965144612776,0.6073052440133374,0.7342444950645406,0.2678238148562897,0.4893197843218582,0.676763875823142,0.4571954434661493,0.3250417204571932,0.2261836487605939,0.1713028852374175,0.1659654899091519
0.1636201956328426,0.3428329272168661,0.6079114883297969,0.7431391691072784,0.263437849944009,0.485690584819577,0.706585136406397,0.461821618663881,0.3286942284076955,0.2257057286688332,0.1691465045068357,0.1606609353088226
0.1655962849520798,0.3509905710350672,0.6121551985450137,0.7379325306432368,0.2617581187010078,0.4926379095810867,0.7435559736594543,0.4740088543998408,0.3355269372461349,0.2283502198432422,0.1727692241342131,0.1648070239619535
0.1615453018476435,0.3541688738213793,0.617535616853592,0.7384748888165744,0.2565322881672266,0.4978224802986312,0.765569143932267,0.4816196587573993,0.3387071381340722,0.2298477027974256,0.1728554793634364,0.164989939637827
0.1514672463195336,0.3540629303951689,0.6251894513488937,0.7441154138192863,0.2470138111235535,0.5030070510161759,0.7739416745061147,0.4813709396607472,0.3385811895840549,0.2278722997514815,0.1687152283607194,0.1579172001707213
0.138326252346606,0.3539569869689585,0.6352682631100334,0.7512745417073435,0.234695782008212,0.5098506843633347,0.7756349952963312,0.4781873352235984,0.3360937057212129,0.2239533549990441,0.1620304480959158,0.1471251752941894
0.131903962059085,0.3702722746053606,0.6517884207335556,0.7465017897819719,0.2214445688689809,0.5291372874326006,0.783725305738476,0.4823658160473562,0.3386441638590636,0.2253233925954247,0.1628930003881485,0.1457837936711176
0.143365280110661,0.3937917152240703,0.6598211579266444,0.7281700835231587,0.2219111608809257,0.5461426793861468,0.7974600188146754,0.4906730338755409,0.3446582071223905,0.2304212069075384,0.169232759736059,0.1536491677336748
0.1463294140895168,0.39898294310838,0.6612609881782359,0.7238312181364573,0.2224710712952594,0.5496681874740772,0.80310442144873,0.4942048450480027,0.3474920494977802,0.2327470846874402,0.1719929270712037,0.1568197061154807
0.1389190791423772,0.3856340714058692,0.6573961806608064,0.7347868532378783,0.221257932064203,0.5404396515968477,0.794543744120414,0.4883350743670099,0.3449415913599295,0.2294972280634677,0.1670332513908655,0.1504176574599109
0.1277541744886869,0.3683652929335734,0.6536071536829343,0.7497559388219981,0.2183650615901456,0.5294483616756532,0.7877704609595484,0.4822663284086952,0.3410686734468969,0.2244312750908048,0.1604347263552853,0.1402963233949149
0.1341764647762079,0.3750397287848289,0.6534555926038194,0.7428137542032759,0.2215378872713699,0.53255910410618,0.7974600188146754,0.4868925036064269,0.3431468245221827,0.225833174026636,0.161771682408246,0.1420035363697335
0.1435628890425847,0.3899777518804957,0.6570172779630191,0.7300141013125068,0.2236842105263158,0.5424097884695147,0.8107243650047037,0.4951499776152813,0.3474920494977802,0.2294016440451156,0.1670332513908655,0.1474910066459362
0.1421796265191186,0.3946392626337535,0.6613367687177933,0.7283870267924938,0.2204180664427025,0.5475943591870593,0.8185324553151458,0.4980848629557777,0.348625586447936,0.2312814630727075,0.1693190149652823,0.1502347417840375
0.133386029048513,0.3806547303739802,0.6580782055168234,0.7404273782405901,0.2182717431877566,0.5385732061385318,0.8073377234242708,0.4923643237327762,0.3445322585723732,0.227712993054228,0.1640574459826627,0.1433449179928053
0.1250864539077166,0.3617968005085284,0.6509548347984239,0.7545286907473696,0.2187383351997014,0.5244711737868104,0.8000940733772343,0.4883350743670099,0.3410686734468969,0.2241445230357484,0.1586233665415966,0.1379793915005182
0.1356585317656358,0.3629621781968428,0.6436799030009094,0.7481288643019851,0.2281634938409854,0.5200124429697222,0.805456255879586,0.4917176540814804,0.3426115431846091,0.2258013126871853,0.1610385129598482,0.1423693677214804
0.1522576820472285,0.3782180315711409,0.6419369505910882,0.7312072892938497,0.2371220604703247,0.5263376192451266,0.8188146754468485,0.4990797393423867,0.3479013822853364,0.2298477027974256,0.1672488894639237,0.1518200109749405
0.151170832921648,0.3801250132429282,0.6440588056986966,0.730881874389847,0.2353490108249347,0.5286188303608461,0.8264346190028221,0.5021141123215441,0.3498220976731006,0.2307079589625947,0.1688877388191659,0.1546247180049997
0.1395119059381484,0.3667761415404173,0.643452561382237,0.7441154138192863,0.2301231802911534,0.5217751970136872,0.8191909689557855,0.4953986967119335,0.3449730784974338,0.2253552539348754,0.1623754690128089,0.1457228217791598
0.1299278727398478,0.356181798919377,0.6432252197635647,0.7547456340167046,0.2258305337812617,0.5163832434674409,0.8121354656632173,0.4897279013082624,0.3403444692842974,0.2201299942649588,0.1549575192996075,0.1363941223096152
0.1336824424463986,0.3591482148532683,0.6424674143679903,0.7512745417073435,0.2279768570362075,0.517316466196599,0.8183443085606773,0.4926627866487589,0.3420762618470355,0.2199706875677053,0.1555181782895588,0.1356014877141637
0.1379310344827586,0.3638097256065261,0.6426189754471052,0.7465017897819719,0.2299365434863755,0.5197013687266694,0.8376293508936971,0.4997264089936825,0.3450990270474511,0.221659338558593,0.1585371113123733,0.1405402109627462
0.1359549451635214,0.3564996291980082,0.6388299484692331,0.7513830133420111,0.2313363195222098,0.5134798838656159,0.8476011288805269,0.5066905436999454,0.3472401523977456,0.2232205441916778,0.1601759606676155,0.1434668617767209
0.1250864539077166,0.3356287742345586,0.6322370415277356,0.7679791734461437,0.2303098170959313,0.4988593944421402,0.8410159924741297,0.5030592448888226,0.3442803614723386,0.219237876760339,0.1541380946219864,0.1365160660935309
0.1170832921648058,0.3209026379913126,0.6278417702334042,0.7799110532595727,0.2291899962672639,0.4885939444214019,0.8330197554092191,0.4985325573297517,0.3395258037091848,0.2121965207417319,0.145426316470436,0.1271873666239863
0.119059381484043,0.3173005615001588,0.6237496210973023,0.7806703547022454,0.2326427771556551,0.4840315221899627,0.8404515522107244,0.5026612943341789,0.3399036493592368,0.210539731090295,0.1440462328028637,0.1261508444607036
0.1300266772058096,0.3185718826146837,0.6161715671415581,0.7739451133528582,0.2424412094064949,0.4794690999585234,0.8609595484477893,0.5140526289608516,0.3456972826600334,0.2164978015675779,0.1506878854530556,0.1360282909578684
0.1374370121529493,0.3126390507469011,0.6063200969990906,0.7729688686408505,0.2520530048525569,0.4698257984238905,0.8692380056444026,0.5226583097050193,0.3507037375232218,0.2207353597145224,0.1554750506749471,0.1418815925858179
0.1239996047821361,0.2982307447822862,0.6063200969990906,0.7877210109556351,0.2457073534901082,0.4627747822480298,0.8582314205079962,0.519972143461175,0.3472086652602412,0.2158924361180144,0.1496959503169879,0.1343210779830498
0.1170832921648058,0.2919800826358724,0.6072294634737799,0.7946631955743574,0.2418812989921612,0.4603898797179594,0.8506114769520225,0.5185793165199224,0.3445007714348689,0.2114955712738163,0.1453831888558244,0.1285287482470581
0.1299278727398478,0.315499523254582,0.6141254925735071,0.7755721878728713,0.2437476670399403,0.4765657403566985,0.8611476952022578,0.5243495995622544,0.3474290752227715,0.2130249155674504,0.1478414628886876,0.1332845558197671
0.1401047327339195,0.3427269837906557,0.6257956956653531,0.7560472936327151,0.2413213885778275,0.4978224802986312,0.8776105362182502,0.5343481072476745,0.3539469126861677,0.2182183138979162,0.1551731573726657,0.1417596488019023
0.144748542634127,0.3535332132641169,0.6299636253410124,0.7480203926673175,0.2409481149682717,0.5060141020323518,0.8830667920978362,0.5404665970253196,0.357127113574105,0.2198432422099025,0.1586233665415966,0.1463325406987379
0.1325955933208181,0.3424091535120245,0.6312518945134891,0.7603861590194164,0.2344158268010452,0.5014516798009125,0.8774223894637817,0.5378301746008058,0.3534746056236028,0.2143312304849295,0.1519817138914047,0.1387110542040119
0.1272601521588776,0.334675283398665,0.629887844801455,0.7673283436381387,0.232736095558044,0.4967855661551223,0.8693320790216368,0.5336516937770482,0.3486570735854404,0.2069393997323647,0.1442187432613102,0.1320651179806109
0.1322991799229325,0.3407140586926581,0.6303425280387996,0.7613624037314242,0.2348824188129899,0.5,0.8714016933207902,0.5363378600208925,0.3495072262980572,0.2058561141910406,0.1438737223444171,0.1350527406865435
0.1436616935085466,0.3526856658544336,0.6301151864201273,0.7491051090139929,0.2402948861515491,0.5057030277892991,0.8888052681091251,0.5468338058996169,0.3536950155861331,0.2094564455489709,0.1484021218786389,0.1420645082616913
0.1509732239897243,0.3502489670515944,0.6228402546226129,0.7462848465126369,0.2482269503546099,0.4995852343425964,0.8985888993414863,0.5554394866437845,0.3562139865864794,0.2104441470719429,0.1499115883900461,0.1460886531309066
0.1452425649639363,0.332556414874457,0.6145801758108518,0.7584336695954008,0.2506532288167226,0.4852758191621734,0.8904985888993415,0.5538974282445407,0.3525929657734816,0.2049958580258714,0.1435718290421357,0.1391378574477166
0.143365280110661,0.3214323551223646,0.6080630494089118,0.7651589109447879,0.253826054497947,0.4753214433844877,0.8863593603010348,0.5514102372780182,0.3503573790106741,0.2007582998789269,0.1400784922585931,0.134564965550881
0.1544313802983895,0.3311791503337217,0.6065474386177631,0.7540948042086995,0.2599850690556178,0.4790543343011199,0.8917215428033866,0.5588220663582549,0.3543877326112283,0.2030204549799273,0.1433561909690775,0.1402353515029571
0.1722161841715245,0.3464350037080199,0.603819339193695,0.7365223993925588,0.2700634565136245,0.484653670676068,0.9051740357478834,0.5707108391782322,0.3621650555747977,0.2088192187599566,0.1507310130676672,0.152002926650814
0.179033692322893,0.3466468905604407,0.5987420430433466,0.7327258921791951,0.2763157894736842,0.4813355454168395,0.9092191909689558,0.5791175446450778,0.3682420731131333,0.2142356464665774,0.1569845171863544,0.1601731601731602
0.1734018377630669,0.3322385845958258,0.5927553804183086,0.7431391691072784,0.2774356103023516,0.4701368726669431,0.8973659454374412,0.5796149828383823,0.3702572499134103,0.2169119989804371,0.1586233665415966,0.1609657947686116
0.1795277146527023,0.3307553766288801,0.586996059411943,0.7406443215099252,0.2837812616648003,0.465470759021153,0.8760112888052681,0.5737949559767199,0.3709499669385057,0.2197476581915503,0.1626342347004787,0.1633436985549661
0.1980041497875704,0.357770950312533,0.592149136101849,0.7166720902484001,0.2893803658081374,0.4821650767316466,0.8623706491063029,0.5729990548674327,0.3772159073018672,0.2312496017332568,0.1759175400008625,0.1779159807328821
0.2111451437604979,0.3886004873397605,0.6041224613519248,0.6936761036988828,0.288167226577081,0.5054956449605973,0.8552210724365005,0.5743421379893549,0.3843005132403413,0.2434206334034283,0.1905809289688187,0.1935247850740808
0.2084774231795277,0.3996186036656425,0.6140497120339496,0.6894457099468488,0.2808883911907428,0.5176275404396516,0.8471307619943554,0.5681739043923792,0.3865046128656444,0.2497291786146689,0.1984732824427481,0.1998658618376928
0.1990909989131509,0.3983472825511176,0.6203394968172175,0.6951947065842282,0.2725830533781261,0.5213604313562836,0.8233301975540921,0.5548923046311496,0.383702257627759,0.2524692538074301,0.1997671108810971,0.1975489299432961
0.1947436024108289,0.4021612458946921,0.6264019399818126,0.6956285931228984,0.2667973124300112,0.5273745333886355,0.8047977422389464,0.5437496891011292,0.3806165181523348,0.2538392914038106,0.1998964937249321,0.1948661666971526
0.1968184961960281,0.4136031359254157,0.6329948469233101,0.6886864085041762,0.2637178051511759,0.537432600580672,0.8070555032925681,0.5400686464706761,0.3812147737649171,0.2584591856241636,0.2048130417906586,0.1987073958904945
0.2040312222112439,0.4288589892997138,0.6383752652318884,0.6768630003254149,0.2638111235535648,0.5486312733305683,0.8170272812793979,0.5406158284833109,0.383702257627759,0.2655324029822213,0.2132229266399275,0.2075483202243765
0.2000790435727695,0.4240915351202456,0.6379963625341012,0.6815272806161189,0.2621313923105636,0.546038987971796,0.8176857949200376,0.5389742824454061,0.3830725148776725,0.2670936086153062,0.2150774140682279,0.2076092921163344
0.1822942396996344,0.3998304905180633,0.6342831160957866,0.7036554940882959,0.2560656961552818,0.5316258813770219,0.8030103480714957,0.527085509625429,0.3757360118391637,0.261836487605939,0.2086945271057058,0.1986464239985367
0.1687580278628594,0.3900836953067061,0.6376932403758716,0.7161297320750624,0.2474804031354983,0.5292409788469515,0.7949200376293508,0.5152464806247824,0.3685884316256809,0.2564837825782196,0.2010609393194462,0.1879153710139625
0.1694496591245924,0.4057633223858459,0.6483782964534708,0.7077774162056621,0.2413213885778275,0.5441725425134799,0.8009407337723424,0.5123115952842859,0.3670770490254731,0.2564519212387688,0.2009315564756113,0.1873056520943845
0.1803181503803972,0.4314016315287636,0.6583813276750531,0.6885779368695086,0.2402948861515491,0.5635628369970967,0.8083725305738475,0.5163408446500523,0.370603608425958,0.2605620340279105,0.2067537844481822,0.1946222791293214
0.1783420610611599,0.4395592753469646,0.6657320400121248,0.6855407310988176,0.2347891004106009,0.5725839900456242,0.8078080903104422,0.5149977615281301,0.3707610441134796,0.262155101000446,0.2092120584810454,0.1964514358880556
0.1651022626222705,0.4322491789384468,0.6706577750833587,0.6964963662002386,0.2254572601717059,0.5723766072169225,0.7969896519285042,0.5047007909267274,0.3651878207752133,0.2576945134773466,0.2029585543623582,0.1873056520943845
0.1584823634028258,0.4237737048416145,0.6697484086086694,0.7045232671656362,0.2229376633072042,0.5676068021567814,0.7891815616180621,0.4985325573297517,0.3612204414496678,0.2534888166698528,0.1994652175788157,0.1819401256020974
0.1727102065013338,0.4307659709715011,0.663837526523189,0.6931337455255451,0.2332960059723777,0.5669846536706762,0.7929444967074318,0.5029100134308312,0.3634560282124752,0.2559102784681068,0.2036485961961444,0.1878543991220047
0.1864440272700326,0.437546350248967,0.6580782055168234,0.6820696387894566,0.2433743934303844,0.5663625051845708,0.8041392285983067,0.513654678406208,0.3690607386882458,0.2617727649270375,0.2109371630655108,0.1982805926467898
0.1859500049402233,0.427587668185189,0.651333737496211,0.6874932205228332,0.2472937663307204,0.5569265864786396,0.8111947318908749,0.5172362333980003,0.3707295569759753,0.2644809787803479,0.2135679475568206,0.2032193158953722
0.1720185752396008,0.4022671893209026,0.6439072446195817,0.7081028311096649,0.2452407614781635,0.5394027374533389,0.8009407337723424,0.5090285032084764,0.3661954091753519,0.2600841139361499,0.2076594643550265,0.1951100542649838
0.1652010670882324,0.3891302044708125,0.6397393149439224,0.7186245796724157,0.2445875326614408,0.5300705101617587,0.794543744120414,0.5030095010694922,0.360464750149564,0.254572102211177,0.20037089748566,0.1862691299311017
0.1699436814544017,0.3872232227990252,0.6347377993331312,0.7169975051524026,0.249906681597611,0.5257154707590211,0.8051740357478834,0.5054966920360145,0.3608740829371202,0.2551456063212897,0.2014922154655626,0.1883421742576672
0.1813061950400158,0.3920966204047038,0.6295089421036678,0.7082113027443324,0.2584919746173946,0.5245748652011614,0.816274694261524,0.5119633885489727,0.3647470008501527,0.2595106098260371,0.207012550135852,0.196634351563929
0.1805157593123209,0.3829854857506091,0.6235222794786298,0.7133094695737066,0.2617581187010078,0.5160721692243883,0.82173095014111,0.513754166044869,0.3658805378003086,0.2601159752756006,0.2085220166472592,0.1984635083226632
0.1678687876692026,0.3670939718190486,0.6219308881479235,0.7283870267924938,0.2568122433743934,0.5071547075902115,0.8087488240827846,0.5076854200865543,0.3620076198872761,0.255782833110304,0.2023116401431836,0.1905981342601061
0.1615453018476435,0.3591482148532683,0.6210215216732343,0.7359800412192211,0.2543859649122807,0.5025922853587723,0.7962370649106302,0.5011689797542656,0.3576623949116786,0.2512266615688523,0.1959718807952732,0.1832205353332114
0.1682640055330501,0.3663523678355758,0.6210973022127918,0.7286039700618289,0.257558790593505,0.5062214848610536,0.7994355597365945,0.5031587325274836,0.3590163418243647,0.2521187790734722,0.1973088368482339,0.1845619169562831
0.183973915620986,0.3774764275876681,0.6170051530766899,0.7142857142857143,0.2674505412467338,0.5089174616341767,0.8098777046095955,0.5099238919564244,0.3647155137126484,0.2579175428535016,0.2050286798637167,0.1939515883177855
0.1909890327042782,0.3773704841614577,0.6115489542285542,0.710380735437683,0.2741694662187383,0.5050808793031938,0.8107243650047037,0.5131572402129035,0.3669196133379515,0.2617090422481361,0.2095139517833268,0.1986464239985367
0.1827882620294437,0.3642334993113676,0.6085177326462564,0.7216617854431066,0.2721164613661814,0.4965781833264205,0.7941674506114769,0.5053972043973537,0.3632356182499449,0.2593831644682342,0.2066244016043472,0.1939515883177855
0.1725125975694101,0.3594660451318995,0.612913003940588,0.7296886864085043,0.2645576707726764,0.497200331812526,0.7793979303857008,0.497885887678456,0.3594886488869297,0.2562288918626139,0.2026566610600767,0.1890738369611609
0.1808121727102065,0.3702722746053606,0.6142012731130645,0.7196008243844234,0.2677304964539007,0.5034218166735794,0.78137347130762,0.4991792269810476,0.3603388015995466,0.256547505257121,0.2037348514253676,0.190293274800317
0.1905938148404307,0.3805487869477698,0.6141254925735071,0.7089706041870051,0.2723030981709593,0.5083990045624223,0.7927563499529633,0.5046013032880665,0.3639598224125445,0.2599248072388964,0.2080044852719196,0.1962685202121822
0.1863452228040707,0.3799131263905074,0.6169293725371324,0.7116823950536935,0.2686636804777902,0.5099543757776857,0.7956726246472248,0.5065910560612844,0.3654082307377436,0.2614860128719811,0.2093414413248803,0.1974269861593805
0.1714257484438296,0.3649751032948405,0.6176871779327069,0.7275192537151535,0.2611048898842852,0.5032144338448776,0.7827845719661336,0.4999751280903347,0.3616297742372241,0.2577900974956987,0.2033467028938629,0.1889518931772452
0.1659915028159272,0.3610551965250556,0.6190512276447407,0.7325089489098602,0.2577454273982829,0.5022812111157197,0.7748824082784571,0.4951002337959508,0.3590478289618691,0.2550818836423883,0.199551472808039,0.1832815072251692
0.1752791226163422,0.3763110498993537,0.6228402546226129,0.7196008243844234,0.2597051138484509,0.5122355868934052,0.782972718720602,0.5006217977416306,0.3617557227872414,0.2572803160644873,0.2030448095915815,0.1879763429059203
0.1828870664954056,0.3882826570611293,0.6255683540466809,0.7092960190910077,0.2616648002986189,0.5200124429697222,0.7986829727187205,0.5065910560612844,0.365250795050222,0.2603708659912062,0.2082201233449777,0.1948051948051948
0.1800217369825116,0.386905392520394,0.6267808426796,0.7115739234190259,0.259518477043673,0.520219825798424,0.8024459078080902,0.5082326020991892,0.3657231021127869,0.2608806474224176,0.2085651442618709,0.1957807450765197
0.1680663966011263,0.3773704841614577,0.6291300394058806,0.7230719166937846,0.2524262784621127,0.5171090833678972,0.7855126999059265,0.4987315326070736,0.3599924430869989,0.2563881985598675,0.2026566610600767,0.1882202304737516
0.1623357375753384,0.3801250132429282,0.6354956047287057,0.7248074628484652,0.2458939902948861,0.5228121111571962,0.7688617121354656,0.4899766204049147,0.3556157309738972,0.2522462244312751,0.1979126234527968,0.1818791537101396
0.1683628099990119,0.396864074584172,0.6428463170657774,0.7128755830350363,0.244214259051885,0.5360846121941103,0.7727187206020697,0.4925135551907675,0.3578513177367046,0.2546995475689798,0.2007159184025531,0.1842570574964941
0.1772552119355795,0.4201716283504608,0.6526977872082449,0.6960624796615685,0.2422545726017171,0.5541269182911654,0.7869238005644403,0.5003233348256478,0.3629207468749016,0.2605301726884598,0.2074006986673567,0.1932808975062496
0.1744886868886473,0.4243034219726665,0.657850863898151,0.6955201214882307,0.2377752892870474,0.5597262546661137,0.7876763875823142,0.4999751280903347,0.3636764381750055,0.2618046262664882,0.2096002070125501,0.1959026888604353
0.161150083983796,0.4129674753681533,0.6598969384662019,0.7085367176483349,0.2302164986935423,0.555578598092078,0.7723424270931326,0.4902750833208974,0.3587329575868258,0.2578538201746001,0.2037348514253676,0.1890738369611609
0.1563086651516648,0.4140269096302574,0.6644437708396483,0.7107061503416856,0.225177304964539,0.5592077975943592,0.7623706491063029,0.4836591553499477,0.3546711168487673,0.2537437073854585,0.1991633242765343,0.1825498445216755
0.1674735698053552,0.4307659709715011,0.6677781145801759,0.6960624796615685,0.2283501306457633,0.5696806304437994,0.7688617121354656,0.4887330249216535,0.357032652161592,0.2561333078442617,0.2029585543623582,0.1876105115541735
0.1789348878569311,0.4444326729526433,0.6687632615944226,0.6827204685974617,0.2332026875699888,0.5770427208627126,0.7841956726246472,0.4969904989305079,0.3614408514121981,0.2601478366150512,0.2087376547203174,0.1965124077800134
0.1750815136844185,0.441466257018752,0.6696726280691119,0.6863000325414903,0.230869727510265,0.5762131895479053,0.7904045155221072,0.4980848629557777,0.3611574671746592,0.2597973618810935,0.2083495061888127,0.196634351563929
0.1636201956328426,0.4202775717766712,0.6633070627462868,0.7034385508189608,0.2293766330720418,0.5614890087100788,0.7769520225776105,0.49057354623688,0.3562769608614881,0.255336774357994,0.2021822572993488,0.1890738369611609
0.1588775812666732,0.3995126602394321,0.6519399818126705,0.7167805618830675,0.2340425531914894,0.5435503940273746,0.7695202257761053,0.4847037755558872,0.3524985043609686,0.2514178296055566,0.1967913054728943,0.1831595634412536
0.1665843296116984,0.3996186036656425,0.646180660806305,0.7124416964963661,0.2412280701754386,0.5397138116963915,0.7817497648165569,0.4898273889469233,0.3550174753613149,0.2533295099725993,0.1996808556518739,0.1871227364185111
0.176859994071732,0.4008899247801673,0.6392088511670203,0.7061503416856493,0.2504665920119447,0.535462463708005,0.7966133584195672,0.5000248719096653,0.3597405459869643,0.2570254253488817,0.2044248932591538,0.1935857569660386
0.1780456476632743,0.392414450683335,0.6321612609881783,0.7098383772643453,0.2553191489361702,0.5265450020738283,0.8002822201317028,0.5017659055862309,0.3600239302245033,0.2565156439176703,0.2040798723422607,0.1935857569660386
0.1698448769884399,0.3697425574743087,0.6223097908457109,0.7258921791951405,0.257558790593505,0.508710078805475,0.7882408278457196,0.4937074068546983,0.354261784061211,0.2513541069266552,0.1975676025359037,0.1860862142552283
0.1645094358264993,0.3621146307871596,0.6209457411336768,0.7328343638138627,0.255785740948115,0.5040439651596847,0.7790216368767638,0.4885837934636622,0.3508296860732391,0.2486777544127955,0.1934704791477983,0.1813304066825193
0.1752791226163422,0.3834092594554507,0.6279175507729615,0.7160212604403948,0.2566256065696156,0.519182911654915,0.7841956726246472,0.4907227776948714,0.3539469126861677,0.2522143630918244,0.1981713891404666,0.1874885677702579
0.1882225076573461,0.3967581311579616,0.6275386480751743,0.702028419568283,0.2629712579320642,0.5255080879303193,0.7927563499529633,0.4943540765059941,0.3576309077741743,0.2557509717708532,0.2036054685815327,0.1954149137247728
0.1799229325165497,0.3838330331602923,0.6246589875719916,0.7132009979390389,0.2608249346771183,0.517212774782248,0.7871119473189087,0.4926130428294284,0.3558046537989232,0.2536162620276557,0.2019666192262906,0.1942564477775745
0.1671771564074696,0.3623265176395804,0.6190512276447407,0.7312072892938497,0.2582120194102277,0.502903359601825,0.7743179680150517,0.4831119733373128,0.3490664063729966,0.2460014018989358,0.1928666925432354,0.1830985915492957
0.1583835589368639,0.3531094395592753,0.6192027887238557,0.7407527931445927,0.2540126913027249,0.4984446287847366,0.7621825023518344,0.4772919464756504,0.3452879498724771,0.241795705091442,0.1864406779661017,0.1746234985671605
0.1659915028159272,0.3619027439347388,0.6196574719612004,0.7320750623711899,0.2572788353863382,0.5031107424305268,0.7737535277516462,0.4854001890265134,0.3484681507604144,0.2445039189447524,0.1885539310820718,0.1775501493811353
0.1769587985376939,0.3826676554719779,0.6260988178235829,0.7154789022670571,0.2584919746173946,0.5176275404396516,0.7947318908748824,0.4954981843505944,0.3547026039862716,0.2505257121009367,0.1966187950144478,0.1871837083104688
0.1717221618417152,0.389765865028075,0.635192482570476,0.7146111291897169,0.2504665920119447,0.5272708419742845,0.7963311382878645,0.4975376809431429,0.3560250637614535,0.2525329764863315,0.1984301548281364,0.1886470337174562
0.1626321509732239,0.3843627502913443,0.638299484692331,0.7224210868857793,0.244307577454274,0.5267523849025301,0.7785512699905927,0.4874894294383923,0.3518057873358733,0.2471802714586121,0.1923060335532841,0.1796231937077007
0.1554194249580081,0.3780061447187201,0.6392846317065777,0.7295802147738366,0.2402948861515491,0.5243674823724596,0.7688617121354656,0.4810724767447644,0.3476809723228061,0.2434206334034283,0.1867425712683831,0.1732821169440888
0.160458452722063,0.3844686937175547,0.6400424371021523,0.7236142748671223,0.2421612541993281,0.5279966818747408,0.7758231420507997,0.4853007013878526,0.3492238420605183,0.2455872044860766,0.1898908871350326,0.1779769526248399
0.1715245529097915,0.3956986968958575,0.6395877538648075,0.7116823950536935,0.2476670399402762,0.5331812525922853,0.7851364063969896,0.4901755956822365,0.3531597342485595,0.2502389600458803,0.1954543494199336,0.1849887201999878
0.1714257484438296,0.3960165271744887,0.6398908760230373,0.7116823950536935,0.2473870847331093,0.5335960182496889,0.7873941674506115,0.4918668855394717,0.3546396297112629,0.2514178296055566,0.1975244749212921,0.1872446802024266
0.1590751901985969,0.3801250132429282,0.6379963625341012,0.7265430090031457,0.2427211646136618,0.5245748652011614,0.7719661335841956,0.4852012137491917,0.3497591233980919,0.2471484101191614,0.1926079268555656,0.1807206877629413
0.1572967098112834,0.3734505773916728,0.6345862382540164,0.7309903460245146,0.2440276222471071,0.5188718374118623,0.7625587958607714,0.4816694025767299,0.3478384080103278,0.2455553431466259,0.1899771423642558,0.1777940369489665
0.1666831340776603,0.3828795423243987,0.6341315550166717,0.7209024840004339,0.2487868607689436,0.5232268768145998,0.7690498588899342,0.4857981395811571,0.3510500960357694,0.2487733384311476,0.1935567343770216,0.183342479117127
0.1744886868886473,0.3971819048628032,0.638299484692331,0.7092960190910077,0.249906681597611,0.5330775611779345,0.7840075258701786,0.4927125304680894,0.3549545010863063,0.2527878672019372,0.1990339414326993,0.1903542466922748
0.1658926983499654,0.3951689797648055,0.6435283419217945,0.715045015728387,0.2426278462112729,0.5356698465367068,0.783725305738476,0.4916679102621499,0.3540728612361851,0.2511310775505002,0.1978263682235735,0.1877934272300469
0.148305503408754,0.3811844475050323,0.6470142467414368,0.7318581191018548,0.2321761851437103,0.5312111157196184,0.7714957666980244,0.4842063373625827,0.349003432097988,0.2465111833301471,0.19114158795877,0.1781598683007134
0.1428712577808517,0.3754635024896705,0.6470900272809943,0.7378240590085693,0.2294699514744307,0.5285151389464953,0.7665098777046097,0.479580162164851,0.346138102585094,0.2439304148346396,0.1876913787898391,0.1743186391073715
0.1561110562197411,0.3855281279796588,0.6442103667778115,0.7254582926564703,0.2374953340798806,0.5314184985483202,0.7714957666980244,0.4846042879172263,0.348908970685475,0.2457783725227808,0.1915297364902747,0.1784647277605024
0.1671771564074696,0.3983472825511176,0.6448166110942709,0.7127671114003689,0.2424412094064949,0.5380547490667773,0.7847601128880527,0.4917673979008108,0.3533801442110898,0.2501115146880774,0.1972657092336223,0.1859642704713127
0.1654974804861179,0.3948511494861743,0.643604122461352,0.7154789022670571,0.242347891004106,0.5355661551223558,0.7867356538099718,0.4913197035268368,0.3532541956610724,0.2498884853119225,0.1969638159313408,0.1871227364185111
0.1553206204920462,0.3776883144400889,0.6390572900879055,0.7297971580431717,0.240388204553938,0.5240564081294068,0.7671683913452493,0.4822165845893648,0.346610409647659,0.2435162174217804,0.1885970586966835,0.1774282055972197
0.1541349669005039,0.3706960483102023,0.635040921491361,0.734136023429873,0.2422545726017171,0.5178349232683535,0.7565380997177799,0.4759986071730587,0.3420132875720268,0.2388963232014274,0.1828179583387243,0.1696847753185781
0.1636201956328426,0.3797012395380866,0.6342073355562292,0.7242651046751275,0.2472004479283315,0.5217751970136872,0.760865475070555,0.4773416902949808,0.3438395415472779,0.2411266169629771,0.1858800189761504,0.1721236509968904
0.176859994071732,0.3978175654200656,0.637086996059412,0.7076689445709947,0.2517730496453901,0.53255910410618,0.7698965192850423,0.4831119733373128,0.3487515349979533,0.2471165487797107,0.194333031440031,0.1843790012804097
0.1753779270823041,0.3981353956986968,0.6383752652318884,0.7084282460136675,0.2502799552071669,0.5335960182496889,0.77206020696143,0.4841565935432523,0.3496961491230833,0.2483272796788377,0.1963600293267779,0.1885860618254984
0.1659915028159272,0.3780061447187201,0.6311761139739315,0.7238312181364573,0.2501866368047779,0.5188718374118623,0.764722483537159,0.4800776003581555,0.34632702541012,0.2437392467979354,0.1907103118126536,0.1807206877629413
0.1613476929157198,0.3629621781968428,0.6239769627159746,0.7340275517952056,0.2525195968645017,0.5065325591041062,0.761241768579492,0.4777396408496244,0.3442173871973299,0.2411584783024278,0.1860094018199853,0.1739528077556246
0.1719197707736389,0.3751456722110392,0.6245074264928767,0.7220956719817767,0.2571855169839492,0.5128577353795106,0.7721542803386641,0.4840073620852608,0.3480588179728581,0.2449499776970624,0.1905809289688187,0.1797451374916163
0.1798241280505879,0.389765865028075,0.6289784783267657,0.7102722638030156,0.2581187010078388,0.5231231854002488,0.7921919096895578,0.4934586877580461,0.354356245473724,0.251258522908303,0.1980420062966317,0.1891348088531187
0.1744886868886473,0.3825617120457675,0.6279933313125189,0.7168890335177351,0.2561590145576707,0.5188718374118623,0.7968015051740357,0.4963935730985425,0.3549230139488019,0.2516408589817115,0.1994220899642041,0.1893177245289921
0.1587787768007114,0.3591482148532683,0.6232191573204002,0.7373901724698991,0.2517730496453901,0.5041476565740357,0.7877704609595484,0.4883848181863404,0.3495072262980572,0.2459376792200344,0.1915728641048863,0.178891531004207
0.1522576820472285,0.3520500052971713,0.6231433767808426,0.744657771992624,0.2486935423665547,0.5006221484861054,0.7774223894637817,0.4821170969507038,0.345949179760068,0.2419231504492449,0.1858368913615388,0.1721236509968904
0.1632249777689951,0.373238690539252,0.629887844801455,0.7278446686191561,0.2497200447928332,0.5156574035669846,0.7776105362182503,0.4848032631945481,0.349097893510501,0.2451092843943159,0.1903221632811489,0.1774891774891775
0.1737970556269143,0.3960165271744887,0.6380721430736588,0.7102722638030156,0.2497200447928332,0.5323517212774782,0.7809031044214486,0.489678157488932,0.3525299914984729,0.2490282291467533,0.1960150084098848,0.1853545515517346
0.1715245529097915,0.397923508846276,0.6411033646559564,0.7105976787070181,0.2467338559163867,0.5353587722936541,0.7706491063029162,0.48724071034174,0.3510500960357694,0.2487733384311476,0.1958424979514383,0.1854764953356502
0.1616441063136053,0.3926263375357559,0.6449681721733859,0.7187330513070832,0.2397349757372154,0.5353587722936541,0.7493885230479774,0.4764463015470327,0.3457287697975377,0.2445357802842031,0.1907965670418769,0.178891531004207
0.1610512795178342,0.3943214323551223,0.6466353440436496,0.7181906931337455,0.2384285181037701,0.537432600580672,0.7362182502351834,0.4683380589961697,0.3419818004345225,0.2415408143758363,0.1872601026437228,0.1750503018108652
0.1709317261140203,0.4043860578451106,0.646180660806305,0.7075604729363271,0.2432810750279955,0.5419950228121112,0.7438381937911571,0.4722678207232751,0.3446582071223905,0.2446313643025553,0.1913572260318282,0.1807816596548991
0.1821954352336725,0.4139209662040469,0.6444377083964837,0.6964963662002386,0.2497200447928332,0.5455205309000415,0.7622765757290687,0.483460180072626,0.3507667117982304,0.2506531574587395,0.1985595376719713,0.1892567526370343
0.1782432565951981,0.4104248331391036,0.6449681721733859,0.7005098166829374,0.2475737215378873,0.544068851099129,0.7654750705550329,0.4849524946525395,0.3510500960357694,0.2510673548715988,0.1994652175788157,0.190293274800317
0.1644106313605375,0.3960165271744887,0.6452712943316157,0.7154789022670571,0.2408547965658828,0.5372252177519702,0.7545625587958608,0.4782868228622594,0.346232563997607,0.2461925699356401,0.1928235649286238,0.1818181818181818
0.158284754470902,0.3920966204047038,0.6472415883601091,0.7207940123657663,0.2367487868607689,0.5367067606802157,0.7498588899341486,0.4746057802318063,0.3435876444472433,0.2433250493850761,0.1889852072281882,0.176391683433937
0.1646082402924612,0.4021612458946921,0.6495150045468324,0.7122247532270312,0.2383351997013811,0.543135628369971,0.7588899341486358,0.4803263194548077,0.3476494851853018,0.2469572420824571,0.1932117134601285,0.1813304066825193
0.1725125975694101,0.4082000211886852,0.6478478326765686,0.7048486820696388,0.2430011198208287,0.545002073828287,0.7766698024459077,0.4882853305476795,0.3530337856985422,0.2521825017523737,0.2000258765687669,0.1888299493933296
0.1684616144649738,0.3983472825511176,0.6438314640800243,0.7121162815923636,0.2435610302351624,0.537432600580672,0.7800564440263406,0.4897279013082624,0.3535060927611071,0.2513541069266552,0.2000690041833786,0.1896225839887811
0.1579883410730164,0.3763110498993537,0.6361018490451653,0.7291463282351665,0.2434677118327734,0.5213604313562836,0.7704609595484477,0.4833109486146347,0.3501369690481439,0.2465749060090486,0.1944192866692543,0.1824279007377598
0.1563086651516648,0.3701663311791503,0.6329948469233101,0.7331597787178652,0.2445875326614408,0.5161758606387391,0.7683913452492944,0.4802765756354773,0.3474920494977802,0.2443127509080482,0.1904084185103722,0.1771233461374306
0.166189111747851,0.3823498251933467,0.6341315550166717,0.7215533138084391,0.2485069055617768,0.523019493985898,0.779492003762935,0.4849524946525395,0.3494757391605529,0.2463837379723443,0.1929960753870703,0.1820010974940552
0.1742910779567236,0.3911431295688102,0.6342073355562292,0.7125501681310338,0.2523329600597238,0.5272708419742845,0.7900282220131701,0.4898273889469233,0.3529078371485248,0.2505257121009367,0.197653857765127,0.1882202304737516
0.1722161841715245,0.3888123741921813,0.6341315550166717,0.7149365440937194,0.2513064576334453,0.5261302364164248,0.7894637817497648,0.4910709844301846,0.3536005541736201,0.2506531574587395,0.1978263682235735,0.1883421742576672
0.1646082402924612,0.3766288801779849,0.6312518945134891,0.7253498210218028,0.2495334079880552,0.518145997511406,0.7783631232361241,0.4851017261105308,0.3504518404231871,0.2466067673484993,0.1928235649286238,0.182366928845802
0.1641142179626519,0.3807606738001906,0.6345862382540164,0.7235058032324547,0.2472004479283315,0.5225010369141435,0.7702728127939793,0.482017609312043,0.3485626121729274,0.2447588096603581,0.1898046319058093,0.1780988964087555
0.1754767315482659,0.3959105837482783,0.6367080933616247,0.7094044907256752,0.2513064576334453,0.5314184985483202,0.7799623706491062,0.4895786698502711,0.3532856827985768,0.2489326451284012,0.1951955837322637,0.1837692823608316
0.1848631558146428,0.4059752092382667,0.6367838739011823,0.6992081570669271,0.255692422545726,0.5363956864371631,0.7979303857008466,0.5011192359349351,0.3603073144620423,0.2550818836423883,0.2028291715185233,0.1927321504786293
0.1798241280505879,0.3983472825511176,0.6351167020309184,0.7058249267816465,0.2542926465098917,0.5315221899626711,0.8015992474129822,0.5033079639854748,0.3604017758745553,0.2553049130185433,0.203217320050028,0.1912078531796841
0.1658926983499654,0.3808666172264011,0.6332979690815399,0.7224210868857793,0.2488801791713326,0.5216715055993364,0.784101599247413,0.4944038203253246,0.3549545010863063,0.2505575734403874,0.1973950920774572,0.1826717883055911
0.1607548661199486,0.3695306706218878,0.6290542588663232,0.7309903460245146,0.2490668159761105,0.5132725010369141,0.7711194731890874,0.4894294383922798,0.351774300198369,0.2486777544127955,0.193858627679303,0.1782818120846289
0.1742910779567236,0.3784299184235618,0.6251136708093361,0.7190584662110857,0.2579320642030608,0.5148278722521776,0.7755409219190968,0.4929612495647416,0.354167322648698,0.2523099471101765,0.1982145167550782,0.1847448326321565
0.1831834798932911,0.3865875622417628,0.6242043043346469,0.7100553205336805,0.2625979843225084,0.5182496889257571,0.7852304797742239,0.4983335820524299,0.3577883434616959,0.2563244758809661,0.2031741924354164,0.19187854399122
0.176168362809999,0.3826676554719779,0.6267808426796,0.7158043171710597,0.2577454273982829,0.518145997511406,0.7846660395108184,0.497338705665821,0.3572845492616266,0.2552093290001911,0.2015784706947858,0.1898054996646546
0.163323782234957,0.3718614259985167,0.6289026977872083,0.7284954984271613,0.2503732736095558,0.5143094151804231,0.766698024459078,0.4873899417997314,0.3510815831732737,0.2487096157522462,0.1934704791477983,0.1786476434363758
0.1568026874814741,0.3766288801779849,0.6372385571385268,0.7295802147738366,0.2421612541993281,0.5222936540854417,0.7543744120413922,0.478137591404268,0.3454768726975031,0.2432613267061747,0.1873032302583344,0.1708432412657765
0.1608536705859104,0.4114842674012077,0.6590633525310701,0.7095129623603428,0.2306830907054871,0.5542306097055164,0.7551269990592662,0.4736606476645276,0.3454768726975031,0.2446950869814567,0.1903652908957605,0.1731601731601731
0.1572967098112834,0.4580993749337853,0.6951348893604123,0.6876016921575009,0.2067935796939156,0.6018249688925758,0.7578551269990593,0.4689847286474656,0.3475235366352845,0.2488689224494998,0.1929529477724587,0.1727943418084263
0.1299278727398478,0.487445703994067,0.7371173082752349,0.6876016921575009,0.167973124300112,0.6448569058481959,0.7587958607714017,0.4544097895836443,0.3430838502471741,0.2474988848531192,0.1893733557596929,0.1623071763916834
0.1134275269242169,0.481936645831126,0.7458320703243407,0.699425100336262,0.1548152295632699,0.6481750311074242,0.7714957666980244,0.4604785355419589,0.3527504014610032,0.2602115592939527,0.1977401129943503,0.1618803731479788
0.1571979053453216,0.4943320266977433,0.7211276144286147,0.6690530426293524,0.1906494960806271,0.6372874326005807,0.8112888052681091,0.5179326468686266,0.4097106332063353,0.3240616835531766,0.2596282399620477,0.2152307786110603
0.2631162928564371,0.5153088250874033,0.6548954228554108,0.6002820262501356,0.2815416200074654,0.6022397345499794,0.8689557855126999,0.6176690046261751,0.5151925438458391,0.4466003950806092,0.3826281968344331,0.3278458630571306
0.4052959193755558,0.52230109121729,0.550772961503486,0.5186028853454822,0.4127472937663307,0.5344255495644962,0.8688617121354656,0.7262597622245436,0.6480367769766052,0.6077869113617537,0.5408202872299133,0.4798487897079447
0.564865131903962,0.5364975103294841,0.4386177629584722,0.423798676646057,0.5571108622620381,0.4646412277063459,0.805079962370649,0.828184848032632,0.7926257123964862,0.7814949340470274,0.7082416871522836,0.645692335833181
0.7116885683232882,0.5688102553236571,0.3491209457411336,0.3266080919839462,0.6815976110488988,0.4192243882206553,0.7008466603951081,0.8923543749689101,0.8931326553103058,0.9076976996112918,0.840945357312287,0.7876958722029145
0.8480387313506569,0.615001589151393,0.2775841163989088,0.2281158477058249,0.79003359462486,0.3928867689755288,0.5595484477892756,0.9046410983435308,0.9282723007651376,0.9590263174663864,0.9224996765428904,0.9027498323272972
0.940124493627112,0.620510647314334,0.2109730221279175,0.1747478034493979,0.8745800671892497,0.3499585234342596,0.4340545625587958,0.8746455752872706,0.921722976164237,0.9480978780347928,0.9412170612843404,0.9635997805011888
0.8776800711392153,0.5307765653141222,0.1946044255835101,0.2550168131033734,0.8551698394923479,0.2948983824139362,0.3688617121354656,0.7387952046958166,0.7918070468213736,0.8101701395526668,0.8212360374347695,0.8755563685141151
0.6818496196028061,0.4072465303527915,0.2564413458623825,0.4257511660700726,0.7245240761478163,0.27675238490253,0.2527751646284101,0.4528677311844003,0.4927422148052521,0.5307780539093864,0.5696295337904861,0.6536796536796539
0.4380001976089319,0.3881767136349189,0.429827220369809,0.5692591387352207,0.5027062336692796,0.3860431356283699,0.1649106302916274,0.1912649853255733,0.1941182027141912,0.2221372586503536,0.2689006771035494,0.3678434241814524
0.3058986266179231,0.4086237948935268,0.5457714458926948,0.6314133853997179,0.3688876446435237,0.4753214433844877,0.1494825964252116,0.1087399890563597,0.0773324097106332,0.0774549162046772,0.1126924569802044,0.2047436131943174
0.290979152257682,0.4271638944803474,0.5704759017884208,0.6301117257837076,0.3465845464725644,0.5013479883865616,0.2729068673565381,0.210217380490474,0.15003621020813,0.122379404830179,0.1317117350239358,0.1988293396744101
0.2659816223693311,0.4515308825087403,0.6070779023946651,0.6313049137650504,0.3122433743934304,0.538262131895479,0.4582314205079962,0.3445754365020146,0.2511728958720363,0.1953737335117568,0.1808772156812006,0.2170599353697945
0.2174686295820571,0.4306600275452907,0.629357381024553,0.6686191560906822,0.2756625606569615,0.5433430111986728,0.6015051740357479,0.4321245585236035,0.3108410214427407,0.2306123749442426,0.1934273515331867,0.2005365526492287
0.1950400158087145,0.3922025638309142,0.6191270081842983,0.7006182883176049,0.2713699141470698,0.5175238490253008,0.6756349952963311,0.4701785803113963,0.3371327812588557,0.2412859236602307,0.1927804373140121,0.1866349612828486
0.185455982610414,0.3699544443267294,0.61048802667475,0.7172144484217378,0.2721164613661814,0.5007258399004563,0.7158043273753527,0.4805252947321295,0.3450360527724425,0.2414133690180335,0.1891577176866347,0.178586671544418
0.1785396699930836,0.367729632376311,0.6141254925735071,0.7222041436164442,0.2666106756252333,0.5021775197013687,0.7582314205079962,0.4898771327662538,0.3501054819106395,0.2422099025043012,0.1879070168628973,0.1775501493811353
0.1725125975694101,0.3628562347706324,0.6153379812064262,0.7280616118884911,0.2630645763344532,0.5005184570717545,0.7936970837253057,0.4988310202457345,0.3544821940237413,0.2432613267061747,0.1883382930090137,0.1760868239741479
0.1622369331093765,0.349613306494332,0.6136708093361625,0.7404273782405901,0.2592385218365062,0.4929489838241393,0.8016933207902164,0.4992787146197086,0.3530967599735508,0.2398840247243994,0.1833786173286755,0.1686482531552954
0.146922240885288,0.3319207543171946,0.612913003940588,0.7578913114220631,0.2524262784621127,0.4838241393612609,0.7921919096895578,0.4914191911654977,0.3470827167102239,0.2321417192378767,0.1730279898218829,0.1561490153039449
0.1428712577808517,0.3299078292191969,0.6145043952712943,0.7611454604620892,0.2495334079880552,0.4838241393612609,0.780620884289746,0.4868427597870965,0.3438395415472779,0.2280634677881858,0.1670332513908655,0.1477348942137674
0.1482066989427922,0.3424091535120245,0.6192785692634132,0.7518168998806812,0.2491601343784994,0.493260058067192,0.7858889934148636,0.4926130428294284,0.3479643565603451,0.2308354043203976,0.1697934187260102,0.152002926650814
0.1530481177749234,0.3520500052971713,0.6226129130039406,0.7442238854539538,0.2493467711832774,0.5003110742430527,0.8040451552210724,0.5014674426702482,0.3536950155861331,0.2363792773848212,0.1755293914693578,0.1596853850374977
0.1477126766129829,0.3498251933467527,0.6250378902697787,0.7482373359366525,0.2454273982829414,0.5008295313148071,0.806585136406397,0.5014674426702482,0.3535690670361158,0.2352641305040464,0.1741493078017854,0.1571245655752698
0.1332872245825511,0.3408200021188685,0.6295847226432252,0.7608200455580865,0.2357222844344904,0.4995852343425964,0.7951081843838192,0.4942048450480027,0.3495387134355616,0.2300707321735806,0.1664725924009143,0.1479178098896409
0.1322003754569706,0.3495073630681216,0.6367080933616247,0.7570235383447229,0.230869727510265,0.508606387391124,0.7864534336782689,0.4894294383922798,0.3471456909852325,0.2278404384120308,0.1633674041488765,0.1428571428571428
0.1461318051575931,0.3736624642440936,0.6433010003031222,0.736956285931229,0.2333893243747667,0.5249896308585649,0.7954844778927563,0.495896134905238,0.3521206587109166,0.2324284712929331,0.1697934187260102,0.1501737698920797
0.1550242070941606,0.3841508634389236,0.6439830251591392,0.7266514806378133,0.2371220604703247,0.5305889672335131,0.8115710253998117,0.5050987414813709,0.3578828048742089,0.2377811763206525,0.1767369646784836,0.1610267666605695
0.1466258274874024,0.3671999152452589,0.638299484692331,0.73999349170192,0.2367487868607689,0.5183533803401078,0.8141110065851364,0.5071382380739193,0.3579142920117132,0.237398840247244,0.175745029542416,0.1596853850374977
0.1352633139017883,0.3399724547091852,0.6274628675356169,0.7601692157500815,0.2379619260918253,0.4977187888842804,0.805079962370649,0.5010197482962742,0.3528763500110205,0.2318549671828203,0.1677664208392634,0.1491982196207548
0.1390178836083391,0.3312850937599321,0.6184449833282814,0.7625555917127671,0.2453340798805524,0.4872459560348403,0.8042333019755408,0.5003730786449784,0.3510186088982651,0.2292423373478621,0.1652218915771768,0.1458447655630754
0.1508744195237624,0.3326623583006674,0.6103364655956351,0.7553964638247098,0.2558790593505039,0.4823724595603484,0.8209783631232361,0.5088295279311545,0.3549545010863063,0.2317912445039189,0.17005218441368,0.1515761234071093
0.1537397490366564,0.3286365081046721,0.6052591694452865,0.75583035036338,0.2603583426651736,0.476980506014102,0.8410159924741297,0.5160921255534,0.3595831102994427,0.2341489836232715,0.1731142450511062,0.155783183952198
0.1422784309850805,0.3143341455662676,0.603819339193695,0.7694977763314893,0.2558790593505039,0.4689962671090834,0.8403574788334901,0.513754166044869,0.3577253691866873,0.2315682151277639,0.1690171216630008,0.1508444607036156
0.1287422191483055,0.3102023519440618,0.6112458320703243,0.7790432801822323,0.2448674878686077,0.4720033181252593,0.8313264346190027,0.5073869571705716,0.3520891715734123,0.2263429554578474,0.162246086168974,0.1414547893421133
0.1282481968184962,0.3239749973514143,0.6214004243710215,0.7722095671981777,0.2384285181037701,0.485690584819577,0.8310442144873,0.505994130229319,0.3519317358858906,0.2252915312559739,0.1618579376374692,0.1396866044753368
0.1365477719592925,0.340184341561606,0.6267050621400424,0.759301442672741,0.2390817469204927,0.4973040232268768,0.8447789275634995,0.5125105705616078,0.3567177807865487,0.2294016440451156,0.1659550610255747,0.1457837936711176
0.1419820175871949,0.3482360419535967,0.6282964534707487,0.7522507864193514,0.2406681597611049,0.5022812111157197,0.8583254938852305,0.5219618962343929,0.3626373626373627,0.2341171222838208,0.1716047785396989,0.1536491677336748
0.1341764647762079,0.3369000953490835,0.6261745983631404,0.762338648443432,0.2383351997013811,0.495230194939859,0.8610536218250234,0.5235039546336369,0.3639283352750401,0.2344357356783279,0.1710872471643593,0.1528565331382232
0.1239008003161742,0.3203729208602605,0.6222340103061533,0.7764399609502115,0.2358156028368794,0.4844462878473662,0.853904045155221,0.5193752176292096,0.3608425957996159,0.2304530682469891,0.1651787639625652,0.1443204682641302
0.1263709119652208,0.3184659391884733,0.6189754471051834,0.7760060744115413,0.2389884285181038,0.4813355454168395,0.8534336782690498,0.5192259861712182,0.3598664945369817,0.2289874466322564,0.1633674041488765,0.1410279860984086
0.134769291571979,0.3254582053183599,0.617535616853592,0.7678707018114763,0.2438409854423292,0.4838241393612609,0.8646284101599246,0.5264388399741332,0.3638968481375358,0.2312814630727075,0.166386337171691,0.1463325406987379
0.1393142970062247,0.3249284881873079,0.6136708093361625,0.7655927974834581,0.2484135871593878,0.4809207797594359,0.8795860771401693,0.5344475948863354,0.3671400233004818,0.2331612821002995,0.1683270798292146,0.1499298823242485
0.131212330797352,0.3091429176819578,0.6085935131858139,0.778175507104892,0.2477603583426652,0.4696184155951887,0.8830667920978362,0.5356911903695967,0.3646840265751441,0.229911425476327,0.1629792556173718,0.1440156088043412
0.1153048117774923,0.2806441360313592,0.6004092149136102,0.8014969085584119,0.2452407614781635,0.4501244296972211,0.8797742238946377,0.5322091230164653,0.3603702887370509,0.2237303256228892,0.1545693707681028,0.1330406682519358
0.1125382867305602,0.270897340820002,0.595559260381934,0.8080052066384641,0.2469204927211646,0.4420364993778515,0.8849482596425211,0.5341491319703526,0.3592997260619037,0.2212451411457337,0.1506447578384439,0.1290165233827205
0.1230115601225175,0.2800084754740968,0.5940436495907851,0.7975919297103807,0.2527995520716685,0.445458316051431,0.9024459078080904,0.5428543003531812,0.3624484398123367,0.2229019307971707,0.1534049251735886,0.1349917687945857
0.1321015709910088,0.285835363915669,0.5912397696271597,0.7896735003796508,0.2587719298245614,0.4463915387805889,0.9063969896519284,0.5488733024921654,0.364967410812683,0.2251640858981711,0.155733816362617,0.1400524358270837
0.1285446102163817,0.282445174276936,0.5915428917853895,0.7932530643236794,0.2569988801791714,0.4449398589796765,0.8922859830667921,0.5470327811769388,0.3649044365376743,0.2233798508889314,0.1534911804028119,0.1383452228522651
0.1216282975990514,0.2735459264752621,0.5904819642315854,0.8016053801930795,0.2543859649122807,0.4398589796764828,0.8796801505174036,0.5433019947271551,0.362196542712302,0.2183776205951698,0.1485315047224738,0.1316383147369063
0.1274577610908012,0.2814916834410425,0.5916944528645044,0.7943377806703547,0.2563456513624487,0.4446287847366238,0.8752587017873941,0.5441973834751033,0.3624169526748323,0.2170075829987892,0.1468926553672316,0.1310285958173282
0.1439581069064321,0.3069181057315393,0.5973022127917551,0.7723180388328452,0.2606382978723404,0.4609083367897138,0.8870178739416744,0.5548923046311496,0.3691237129632545,0.2222647040081565,0.1540087117781515,0.1398695201512103
0.1559134472878174,0.3236571670727831,0.6001060927553804,0.7572404816140579,0.2645576707726764,0.4709664039817503,0.8991533396048919,0.5660846639805004,0.376334267451746,0.227266934301918,0.1613835338767413,0.1485885007011767
0.151170832921648,0.3182540523360525,0.5998029705971507,0.7625555917127671,0.2625046659201195,0.4681667357942762,0.8980244590780809,0.5687210864050142,0.3770584716143456,0.2262473714394953,0.159874067365334,0.1473080909700628
0.1394131014721865,0.2987604619133382,0.5948014549863595,0.7790432801822323,0.2600783874580067,0.4551016175860639,0.8870178739416744,0.5661344077998309,0.3737208350388866,0.2208628050723252,0.1522836071936861,0.1387110542040119
0.1402035371998814,0.2913444220786099,0.5889663534404365,0.7822974292222583,0.2639977603583427,0.4475321443384488,0.886829727187206,0.5675272347410835,0.3736578607638779,0.219237876760339,0.1508603959115021,0.1367599536613621
0.1600632348582155,0.3005615001589151,0.5803273719308881,0.7666775138301334,0.278742067935797,0.4461841559518871,0.9026340545625589,0.5806098592249913,0.3809628766648824,0.2244949977697062,0.1591408979169362,0.1485885007011767
0.1700424859203636,0.2971713105201822,0.5702485601697485,0.7629894782514373,0.2896603210153042,0.4375777685607631,0.9235183443085606,0.5931950455155947,0.387134355615731,0.2289555852928057,0.1650062535041187,0.1583440034144259
0.1652998715541942,0.2833986651128297,0.5640345559260382,0.7726434537368478,0.2912467338559164,0.4265864786395686,0.9243650047036688,0.5971248072427001,0.3896533266160774,0.2298795641368763,0.1647043602018372,0.1584659471983416
0.1606560616539867,0.2757707384256806,0.5621400424371021,0.7790432801822323,0.290220231429638,0.4216092907507258,0.9115710253998118,0.5946376162761777,0.3907238892912246,0.2309628496782004,0.1634536593780998,0.157063593683312
0.1665843296116984,0.2872126284564042,0.5657775083358594,0.7700401345048269,0.2907801418439716,0.4295935296557445,0.9071495766698024,0.595682236482117,0.3950061399918134,0.235965079971962,0.1691465045068357,0.1619413450399366
0.1829858709613674,0.3146519758448988,0.5728250985147014,0.7469356763206422,0.2942329227323628,0.4478432185815014,0.91241768579492,0.6060289509028504,0.4044522812431122,0.2476581915503727,0.183206106870229,0.1771843180293884
0.1968184961960281,0.333086132005509,0.5754016368596545,0.7299056296778392,0.2990854796565883,0.4586271256739941,0.9153339604891816,0.6114510272098692,0.4121666299316729,0.2584273242847129,0.1959718807952732,0.191573684531431
0.1934591443533247,0.3342515096938234,0.5788117611397393,0.731098817659182,0.2954460619634192,0.4616341766901701,0.9026340545625589,0.6057802318061981,0.4127019112692466,0.2631428025234181,0.2023116401431836,0.1960246326443509
0.186147613872147,0.333615849136561,0.5838890572900879,0.7355461546805511,0.2888204553938037,0.4647449191206968,0.8804327375352774,0.5929463264189425,0.4087975062187097,0.2648633148537564,0.2047699141760469,0.1958417169684775
0.1900009880446596,0.3445280220362326,0.5887390118217641,0.7278446686191561,0.2877006345651363,0.4734549979261718,0.8671683913452493,0.5842909018554444,0.4076324821310495,0.2694194863952081,0.2099452279294432,0.1995000304859459
0.2052168758027863,0.3713317088674647,0.596241285237951,0.705716455146979,0.290220231429638,0.4917046868519286,0.8689557855126999,0.5839426951201313,0.4105922730564564,0.2776715733129421,0.2218915771768663,0.2124260715810011
0.2134176464776208,0.3881767136349189,0.602076386783874,0.6925913873522074,0.2905935050391938,0.5039402737453339,0.8646284101599246,0.5794160075610606,0.4106237601939608,0.2831198623590136,0.2306033553284168,0.2209621364550942
0.2038336132793202,0.3780061447187201,0.602076386783874,0.7031131359149583,0.2860209033221351,0.4988593944421402,0.8502351834430857,0.5670795403671094,0.403570641392991,0.2813356273497738,0.227972570837107,0.2170599353697945
0.1883213121233079,0.3629621781968428,0.603288875416793,0.7192754094804209,0.2779955207166854,0.4924305267523849,0.8285042333019755,0.5507138238073919,0.3942504486917094,0.2754412795513923,0.2205977487385173,0.2079141515761234
0.1898033791127359,0.369318783769467,0.6066989996968778,0.7151534873630546,0.2765957446808511,0.4978224802986312,0.8175917215428035,0.5408148037606327,0.3893069681035297,0.2738800739183075,0.2195195583732263,0.2044997256264862
0.2007706748345025,0.3936857717978599,0.6157168839042134,0.6967133094695737,0.2761291526689063,0.5159684778100373,0.8201317027281279,0.5413122419539372,0.389999685128625,0.2767794558083222,0.2244792340535645,0.2084628986037436
0.2040312222112439,0.4076703040576331,0.6232191573204002,0.6878186354268359,0.2730496453900709,0.5278929904603898,0.8255879586077141,0.5426553250758593,0.3921093233414151,0.2800930351111961,0.2283607193686117,0.2128528748247058
0.1917794684319731,0.3914609598474414,0.6210215216732343,0.7027877210109557,0.2686636804777902,0.5184570717544588,0.8202257761053621,0.5373327364075013,0.3878270726408263,0.2770980692028293,0.2236166817613318,0.2077922077922078
0.1780456476632743,0.369318783769467,0.6157168839042134,0.7216617854431066,0.2654908547965659,0.5039402737453339,0.8113828786453434,0.5275829478187336,0.3799238011272396,0.2700248518447716,0.2142579893906068,0.1970001829156759
0.1787372789250074,0.3602076491153723,0.6086692937253713,0.7260006508298079,0.2700634565136245,0.4947117378681045,0.8107243650047037,0.5235039546336369,0.3760193960767027,0.2664563818262919,0.2105058869193944,0.1937077007499542
0.1884201165892698,0.3662464244093653,0.6056380721430736,0.7175398633257403,0.2765024262784621,0.4956449605972625,0.8143932267168391,0.5258916579614983,0.3780660600144842,0.2687822596061938,0.2146892655367231,0.1992561429181147
0.1938543622171722,0.3717554825723063,0.6053349499848439,0.711790866688361,0.2793019783501306,0.498029863127333,0.8078080903104422,0.527085509625429,0.3788847255895967,0.2704390492576308,0.2176219433303144,0.20328028778733
0.1869380495998419,0.36222057421337,0.603819339193695,0.7203601258270962,0.2769690182904069,0.4924305267523849,0.7937911571025399,0.5212654827637666,0.3756415504266507,0.2678901421015739,0.213869840859102,0.1990732272422413
0.1772552119355795,0.3534272698379065,0.6049560472870568,0.7302310445818418,0.2716498693542367,0.4889050186644546,0.77516462841016,0.5091777346664678,0.3688718158632199,0.262378130376601,0.2074438262819683,0.1900493872324858
0.1744886868886473,0.3580887805911643,0.6103364655956351,0.7293632715045015,0.2670772676371781,0.4948154292824554,0.7667920978363123,0.5034074516241357,0.3666992033754211,0.2606894793857134,0.2058912321559494,0.1877934272300469
0.1874320719296512,0.374298124801356,0.6121551985450137,0.7139602993817116,0.2720231429637925,0.5040439651596847,0.7777986829727186,0.5120131323683033,0.3719260682011399,0.2666156885235455,0.213524819942209,0.19632949210414
0.1938543622171722,0.3873291662252356,0.6164746892997879,0.7037639657229634,0.2724897349757372,0.5132725010369141,0.7923800564440263,0.5215142018604189,0.3781290342894927,0.2731791244503919,0.2215034286453616,0.2065727699530516
0.1845667424167572,0.3835152028816611,0.6208699605941195,0.7108146219763531,0.2653975363941769,0.5145167980091249,0.793038570084666,0.520419837835149,0.3780975471519884,0.2728605110558847,0.2210290248846336,0.2051094445460642
0.1699436814544017,0.3726030299819896,0.6242800848742044,0.7244820479444626,0.2563456513624487,0.5114060555785982,0.7880526810912513,0.5159428940954086,0.376334267451746,0.2698974064869687,0.21671626342347,0.1987073958904945
0.1720185752396008,0.3756753893420912,0.6249621097302214,0.7217702570777742,0.2569055617767824,0.5134798838656159,0.7918156161806209,0.5171367457593394,0.3777511886394408,0.2709169693493914,0.2171044119549748,0.1991341991341991
0.1842703290188716,0.3904015255853373,0.6260230372840254,0.7074520013016596,0.2620380739081747,0.5213604313562836,0.8075258701787393,0.527085509625429,0.3828835920526465,0.2763015357165615,0.2234872989174968,0.2081580391439546
0.1859500049402233,0.3926263375357559,0.6263261594422552,0.7053910402429765,0.2626913027248974,0.5226047283284945,0.8235183443085606,0.5339004128737004,0.3870713813407224,0.2803160644873511,0.2289645059731746,0.2142552283397353
0.1735994466949906,0.3810785040788219,0.6275386480751743,0.718082221499078,0.2560656961552818,0.5178349232683535,0.828316086547507,0.533303487041735,0.3871028684782266,0.2792327789460269,0.2266787423987579,0.2105359429303091
0.1628297599051477,0.3694247271956775,0.6275386480751743,0.7299056296778392,0.2509331840238895,0.5121318954790545,0.8237064910630291,0.5286275680246729,0.3838282061777764,0.2767794558083222,0.2224522361668176,0.2044997256264862
0.1700424859203636,0.3747218985061976,0.6257199151257957,0.7232888599631196,0.2555057857409481,0.5134798838656159,0.8234242709313264,0.5279311545540466,0.3833873862527158,0.2777352959918435,0.2225384913960409,0.204255838058655
0.1835786977571386,0.3915669032736518,0.6273870869960594,0.7072350580323246,0.2608249346771183,0.5228121111571962,0.8315145813734712,0.5338506690543701,0.3877955855033219,0.2815586567259288,0.2287488679001164,0.2126089872568746
0.1900009880446596,0.3959105837482783,0.6255683540466809,0.7014860613949452,0.2650242627846211,0.5237453338863542,0.8366886171213546,0.5374819678654927,0.389810762303599,0.2840757025425349,0.2326734808297753,0.2171209072617523
0.1821954352336725,0.3801250132429282,0.6202637162776599,0.7138518277470441,0.2646509891750653,0.512442969722107,0.8306679209783632,0.5336516937770482,0.3862842029031141,0.2806028165424074,0.2278431879932721,0.2111456618498872
0.1748839047524948,0.3656107638521029,0.6154895422855412,0.7253498210218028,0.2640910787607316,0.5020738282870179,0.8206961429915335,0.5271352534447595,0.3814351837274474,0.2763652583954629,0.2223228533229827,0.2024266812999207
0.1778480387313506,0.3646572730162093,0.6125341012428008,0.7241566330404599,0.2672639044419559,0.4994815429282455,0.8199435559736594,0.5262896085161418,0.3807109795648478,0.2752182501752374,0.2205977487385173,0.201390159136638
0.1905938148404307,0.3787477487021929,0.6127614428614732,0.7099468488990129,0.2731429637924599,0.5066362505184571,0.8324553151458136,0.5329055364870915,0.384174564690324,0.2794239469827311,0.2259024453357485,0.2095603926589842
0.1938543622171722,0.3920966204047038,0.6198848135798727,0.7013775897602776,0.2703434117207913,0.5179386146827042,0.8460018814675447,0.5381783813361191,0.3881104568783652,0.282737526285605,0.2306464829430284,0.2151698067191025
0.181108586108092,0.3861637885369212,0.6254167929675659,0.7113569801496908,0.2609182530795073,0.5188718374118623,0.8450611476952021,0.5341491319703526,0.3857804087030448,0.2796151150194354,0.2271531461594859,0.2091335894152795
0.1707341171820966,0.3783239749973514,0.6277659896938467,0.7210109556351014,0.2545726017170586,0.5166943177104936,0.8309501411100658,0.5254439635875242,0.3800497496772568,0.274262409991716,0.2197783240608962,0.1994390585939882
0.1729078154332576,0.3795952961118762,0.6270081842982722,0.7191669378457534,0.2560656961552818,0.5167980091248445,0.8266227657572907,0.5242501119235935,0.3794514940646746,0.273274708468744,0.2182688575494889,0.1983415645387476
0.186147613872147,0.393473884945439,0.6267808426796,0.7048486820696388,0.2624113475177305,0.5233305682289506,0.8389463781749765,0.5321593791971347,0.3841430775528197,0.2776715733129421,0.224177340751283,0.2055362477897689
0.1950400158087145,0.3998304905180633,0.6245074264928767,0.6967133094695737,0.2680104516610676,0.5248859394442141,0.844967074317968,0.5368850420335274,0.3869769199282093,0.2807939845791117,0.2289645059731746,0.2124260715810011
0.1896057701808121,0.3807606738001906,0.6149590785086391,0.7095129623603428,0.2713699141470698,0.5090211530485276,0.8292568203198495,0.5320598915584739,0.3834503605277244,0.2772573759000828,0.2245223616681761,0.208036095360039
0.180416954846359,0.3598898188367411,0.6071536829342226,0.7252413493871352,0.2718365061590145,0.4934674408958938,0.8080903104421449,0.5210665074864448,0.3762083189017287,0.2699292678264194,0.2156812006727908,0.1976099018352539
0.1794289101867404,0.3537451001165377,0.6035162170354653,0.7289293849658315,0.2736095558044046,0.4879717959352966,0.7895578551269989,0.5090285032084764,0.368021663150603,0.2634614159179252,0.2096864622417734,0.1916346564233888
0.1859500049402233,0.3626443479182116,0.6049560472870568,0.7206855407310988,0.2758491974617394,0.4933637494815429,0.7793979303857008,0.5049495100233796,0.36487294940017,0.2624737143949531,0.2108077802216759,0.1944393634534479
0.1895069657148503,0.3646572730162093,0.6035919975750228,0.7177568065950753,0.2783687943262412,0.4933637494815429,0.7695202257761053,0.5024125752375267,0.3643376680625965,0.2630153571656152,0.2133954370983741,0.1979147612950429
0.1819978263017488,0.3497192499205424,0.5986662625037891,0.7294717431391692,0.2778088839119074,0.482787225217752,0.7565380997177799,0.4953986967119335,0.3610315186246419,0.2605620340279105,0.2108940354508992,0.1951100542649838
0.1727102065013338,0.3357347176607691,0.5957866020006062,0.741837509491268,0.2751959686450168,0.4739734549979262,0.747318908748824,0.4888822563796448,0.3567492679240531,0.2571847320461352,0.2059343597705611,0.1896835558807389
0.173303033297105,0.338065473037398,0.5969990906335253,0.7403189066059225,0.274729376633072,0.4758399004562422,0.7501411100658514,0.4901755956822365,0.3561195251739664,0.256547505257121,0.2042523828007073,0.1880373147978782
0.1836775022231005,0.3518381184447505,0.5989693846620188,0.7275192537151535,0.2783687943262412,0.4840315221899627,0.7629350893697084,0.4976869124011341,0.3603702887370509,0.260944370101319,0.2094276965541036,0.1955978294006463
0.1881237031913842,0.3576650068863227,0.5996514095180357,0.7220956719817767,0.2801418439716312,0.4872459560348403,0.770931326434619,0.5026612943341789,0.3633930539374665,0.2641623653858408,0.2137404580152672,0.2010243277848911
0.1784408655271218,0.3519440618709608,0.6029857532585633,0.7303395162165094,0.2735162374020157,0.4867274989630858,0.7666039510818438,0.4981346067751082,0.3612834157246765,0.261390428853629,0.2109802906801225,0.1967562953478446
0.1674735698053552,0.3448458523148638,0.6062443164595333,0.73999349170192,0.2663307204180665,0.485586893405226,0.7632173095014111,0.4918171417201413,0.3580087534242263,0.2566430892754731,0.205589338853668,0.1890738369611609
0.1665843296116984,0.3500370801991736,0.6107153682934223,0.7378240590085693,0.2631578947368421,0.4910825383658234,0.767826904985889,0.4926130428294284,0.3589218804118518,0.2567386732938252,0.2049855522491051,0.1877324553380891
0.1749827092184566,0.3655048204258925,0.6154137617459836,0.7252413493871352,0.2641843971631206,0.5019701368726669,0.7835371589840074,0.5004725662836393,0.3630466954249189,0.2609125087618684,0.2111096735239574,0.1958417169684775
0.176859994071732,0.3692128403432566,0.6164746892997879,0.7223126152511119,0.2644643523702874,0.5044587308170883,0.7943555973659454,0.5048500223847188,0.365156333637709,0.2636525839546295,0.2150342864536162,0.2010243277848911
0.1654974804861179,0.3546985909524313,0.6148832979690816,0.7359800412192211,0.2600783874580067,0.4962671090833679,0.7920978363123236,0.5005223101029697,0.3617872099247458,0.2600203912572484,0.2096433346271617,0.1933418693982074
0.1513684418535718,0.3417734929547621,0.6164746892997879,0.7504067686300032,0.2523329600597238,0.4910825383658234,0.7893697083725304,0.4965428045565338,0.3582291633867565,0.2562288918626139,0.2027860439039117,0.1841351137125785
0.1558146428218555,0.3467528339866511,0.6166262503789027,0.7454170734352966,0.2543859649122807,0.4935711323102447,0.7895578551269989,0.4968412674725165,0.3579142920117132,0.2557509717708532,0.2030448095915815,0.1840741418206207
0.1703388993182492,0.3676236889501006,0.6204152773567748,0.7267599522724807,0.2589585666293393,0.5063251762754044,0.8000940733772343,0.5042530965527533,0.3627318240498756,0.2607532020646148,0.2099452279294432,0.1936467288579964
0.1749827092184566,0.3819260514885051,0.6270081842982722,0.7168890335177351,0.2569988801791714,0.5179386146827042,0.8110065851364063,0.5107197930657116,0.3672029975754904,0.2651819282482636,0.2154655625997326,0.2010852996768489
0.1639166090307282,0.3667761415404173,0.6247347681115489,0.730664931120512,0.2531728256812243,0.5089174616341767,0.8043273753527751,0.5053474605780232,0.3642432066500835,0.2612948448352769,0.2105921421486177,0.1944393634534479
0.1536409445706946,0.3483419853798071,0.6194301303425281,0.7458509599739669,0.2515864128406122,0.4962671090833679,0.7917215428033866,0.4982340944137691,0.3594256746119211,0.2561014465048111,0.2044680208737655,0.1848058045241143
0.1536409445706946,0.3518381184447505,0.6219308881479235,0.7440069421846187,0.2500933184023889,0.4996889257569474,0.7938852304797742,0.4974381933044819,0.3592682389243994,0.2556235264130504,0.2039504894984258,0.183952198036705
0.1644106313605375,0.3696366140480983,0.6264019399818126,0.7289293849658315,0.2524262784621127,0.5115097469929489,0.8078080903104422,0.5026612943341789,0.3621650555747977,0.2588733830370229,0.2077025919696381,0.1895006402048655
0.171129335045944,0.3799131263905074,0.6285995756289785,0.7200347109230936,0.2542926465098917,0.5180423060970553,0.8172154280338664,0.5063423369646322,0.3645265908876224,0.2605938953673612,0.2107646526070643,0.1938906164258277
0.1616441063136053,0.3717554825723063,0.63003940588057,0.7294717431391692,0.2488801791713326,0.5150352550808793,0.8102539981185325,0.5027607819728399,0.3618501841997544,0.257535206780093,0.2058481045413378,0.1880373147978782
0.1496887659322201,0.3673058586714693,0.6360260685056077,0.7382579455472393,0.2395483389324375,0.5169017005391954,0.798024459078081,0.4952992090732727,0.3578198305992002,0.2539348754221627,0.200500280329495,0.1799890250594475
0.1542337713664657,0.3797012395380866,0.6414064868141861,0.7293632715045015,0.2384285181037701,0.5266486934881792,0.7962370649106302,0.4945033079639855,0.3580402405617305,0.2546995475689798,0.2019234916116789,0.1813304066825193
0.169054441260745,0.4011018116325881,0.645347074871173,0.7102722638030156,0.2430011198208287,0.5398175031107425,0.8026340545625588,0.5004725662836393,0.3631726439749362,0.2600203912572484,0.208306378574201,0.1898054996646546
0.1742910779567236,0.4019493590422713,0.6419369505910882,0.7070181147629895,0.2474804031354983,0.5379510576524263,0.8036688617121355,0.5040541212754315,0.3657545892502913,0.262155101000446,0.2112390563677923,0.1937077007499542
0.167572374271317,0.3794893526856658,0.6310245528948166,0.7222041436164442,0.2511198208286674,0.5193902944836167,0.7929444967074318,0.5001741033676566,0.3616927485122327,0.2582361562480086,0.2057187216975029,0.1874885677702579
0.1630273688370714,0.3655048204258925,0.6245074264928767,0.7318581191018548,0.2529861888764464,0.5080879303193695,0.7710253998118533,0.4896284136696015,0.3558361409364275,0.2532339259542471,0.1999827489541553,0.18047680019511
0.166880743009584,0.3706960483102023,0.6253410124280085,0.7270853671764833,0.2542926465098917,0.5111986727498964,0.7699905926622765,0.4877381485350445,0.3554582952863755,0.2528515898808386,0.1998964937249321,0.181452350466435
0.1795277146527023,0.3828795423243987,0.6242800848742044,0.7139602993817116,0.2609182530795073,0.5164869348817919,0.7843838193791156,0.4958463910859075,0.3605277244245726,0.2584591856241636,0.2067969120627938,0.1914517407475154
0.1856535915423377,0.3896599216018645,0.6244316459533192,0.707126586397657,0.2637178051511759,0.5199087515553712,0.7901222953904045,0.5005720539223002,0.3637708995875185,0.2616453195692347,0.2110665459093457,0.1973050423754649
0.1736982511609524,0.3786418052759825,0.6257199151257957,0.7192754094804209,0.2571855169839492,0.5154500207382828,0.7788334901222953,0.4952992090732727,0.3600239302245033,0.2578856815140509,0.2066244016043472,0.1917566002073044
0.1589763857326351,0.3653988769996821,0.6274628675356169,0.734136023429873,0.2491601343784994,0.5101617586063873,0.765569143932267,0.4871909665224096,0.3546711168487673,0.2534569553304021,0.2013628326217277,0.183952198036705
0.1632249777689951,0.3678355758025214,0.6260230372840254,0.7305564594858445,0.2520530048525569,0.5103691414350892,0.7673565380997177,0.4888325125603144,0.3553638338738625,0.2546995475689798,0.2024410229870186,0.1852935796597768
0.1756743404801897,0.3811844475050323,0.6260230372840254,0.7168890335177351,0.2579320642030608,0.5167980091248445,0.7815616180620883,0.4965925483758643,0.3606536729745899,0.2596061938443892,0.2088670375641523,0.1941954758856167
0.1760695583440371,0.3845746371437651,0.6281448923916338,0.7149365440937194,0.2568122433743934,0.5199087515553712,0.793414863593603,0.5010694921156047,0.3629837211499103,0.2619639329637418,0.2123603743476948,0.1982805926467898
0.1635213911668807,0.3662464244093653,0.6246589875719916,0.7312072892938497,0.2530795072788354,0.508606387391124,0.791533396048918,0.4980351191364473,0.359803520261973,0.2588415216975722,0.207012550135852,0.1912078531796841
0.154036162434542,0.3428329272168661,0.6151864201273114,0.7484542792059876,0.2544792833146697,0.4906677727084197,0.7836312323612418,0.4932597124807242,0.3560250637614535,0.2543172114955713,0.2002415146418251,0.1816962380342662
0.1598656259262919,0.3429388706430765,0.6107153682934223,0.7450916585312941,0.2599850690556178,0.4876607216922439,0.7893697083725304,0.4956971596279162,0.3568752164740704,0.2546995475689798,0.2012765773925044,0.1824279007377598
0.1713269439778678,0.3597838754105307,0.6139739314943923,0.7302310445818418,0.26334453154162,0.4981335545416839,0.8037629350893696,0.5033079639854748,0.3616927485122327,0.2595106098260371,0.2073144434381334,0.1907200780440217
0.1721173797055627,0.3645513295899989,0.6168535919975751,0.7273023104458184,0.2619447555057858,0.5024885939444214,0.8110065851364063,0.5064915684226236,0.3643691552001007,0.2624099917160518,0.2104627593047829,0.1954149137247728
0.1623357375753384,0.3558639686407458,0.6181418611700515,0.737173229200564,0.2565322881672266,0.4990667772708419,0.8033866415804327,0.5018653932248919,0.3620076198872761,0.259733639202192,0.2067106568335705,0.1909639656118529
0.1510720284556862,0.3429388706430765,0.617535616853592,0.7499728820913332,0.2515864128406122,0.492326835338034,0.7912511759172154,0.4952494652539422,0.3569696778865834,0.2550181609634869,0.1999396213395437,0.182062069386013
0.1524552909791522,0.3430448140692869,0.6165504698393454,0.7492135806486604,0.2527995520716685,0.4917046868519286,0.7963311382878645,0.4968412674725165,0.3575679334991656,0.2546676862295291,0.1993789623495924,0.181757209926224
0.1612488884497579,0.356181798919377,0.6192027887238557,0.7376071157392342,0.2553191489361702,0.5,0.8108184383819379,0.5046013032880665,0.362668849774867,0.2593194417893328,0.2054599560098331,0.1887689775013718
0.1662879162138128,0.3594660451318995,0.6176871779327069,0.7331597787178652,0.2586786114221724,0.5005184570717545,0.819379115710254,0.5094761975824503,0.3650933593627004,0.2620913783215446,0.2088670375641523,0.1929150661545027
0.1560122517537792,0.3478122682487551,0.6172324946953622,0.7447662436272915,0.2541060097051139,0.4945043550394028,0.8161806208842897,0.5051982291200319,0.3621020812997891,0.2593194417893328,0.2047699141760469,0.1873056520943845
0.1486019168066396,0.3389130204470812,0.6165504698393454,0.7534439744006942,0.2510265024262785,0.4897345499792617,0.8095954844778928,0.499776152813013,0.3594571617494254,0.2558465557892053,0.2001121317979902,0.1796841655996585
0.1531469222408852,0.35173217501854,0.6222340103061533,0.7443323570886213,0.2497200447928332,0.4997926171712982,0.8137347130761994,0.5012684673929264,0.362291004124815,0.2574077614222902,0.2034760857376978,0.182062069386013
0.1654974804861179,0.3797012395380866,0.6326917247650804,0.7231803883284521,0.2490668159761105,0.5207382828701784,0.8251175917215429,0.5088295279311545,0.3669196133379515,0.2619957943031925,0.2098589727002199,0.19187854399122
0.1635213911668807,0.3951689797648055,0.645347074871173,0.7163466753443974,0.240388204553938,0.5369141435089175,0.8234242709313264,0.50499925384271,0.3649359236751787,0.2614541515325304,0.2099883555440548,0.191573684531431
0.1423772354510424,0.4109545502701557,0.6728554107305245,0.719926239288426,0.2134191862635311,0.5634591455827457,0.8089369708372531,0.4873899417997314,0.3568752164740704,0.2554642197157968,0.2025272782162419,0.178891531004207
0.1088825214899713,0.4383938976586502,0.7181721733858745,0.7242651046751275,0.1697461739455021,0.6079427623392784,0.7956726246472248,0.4596826344326717,0.3431153373846784,0.2467979353852036,0.1912709708026049,0.1593805255777086
0.0952475051872344,0.4586290920648372,0.7430281903607153,0.7214448421737716,0.1480029861888764,0.6347988386561594,0.8040451552210724,0.4487887379993036,0.3403759564218017,0.2480086662843306,0.1888989519989649,0.1527345893543076
0.1259756941013733,0.4779107956351307,0.7333282812973628,0.6946523484108905,0.1684397163120567,0.6375985068436334,0.8381937911571025,0.4864945530517833,0.376523190276772,0.2886000127445358,0.228446974597835,0.1868788488506798
0.2037348088133583,0.4969806123530035,0.6873294937859958,0.6421520772318039,0.2334826427771557,0.6155122355868935,0.8856067732831608,0.5738446997960504,0.4642463553638339,0.3857452367297521,0.3240608961918316,0.2739467105664289
0.314593419622567,0.4865981565843839,0.5948772355259169,0.5866146002820263,0.3427584919746174,0.5471795935296558,0.8967074317968015,0.6747749092175298,0.5834566579552253,0.5235136685146244,0.4552550998404278,0.3941832815072252
0.4662582748740243,0.4822544761097573,0.4754471051833889,0.5056947608200455,0.4879619260918253,0.4632932393197843,0.8465663217309501,0.786350295975725,0.7333354324758337,0.6904989485757982,0.6125415103290638,0.5449057984269252
0.6416362019563285,0.5213476003813963,0.3688996665656259,0.3893046968217811,0.6363381858902576,0.4095810866860224,0.7767638758231421,0.8994179973138338,0.8819547214962689,0.8532785318294782,0.7714236425583302,0.7089811596853851
0.8111846655468826,0.5878800720415298,0.2864504395271294,0.2622844126260983,0.7671705860395671,0.3856283699709664,0.6801505174035748,0.9761727105407156,0.9711577820460344,0.9507742305486524,0.8887307543019796,0.8517163587586124
0.9506965714850312,0.6062082847759296,0.1924825704759017,0.1762664063347434,0.8909107876073161,0.3303608461219411,0.5337723424270931,0.9950753618862858,1.0,0.9745746511183332,0.9480312243929788,0.9564660691421256
0.956427230510819,0.5239961860366564,0.1293573810245529,0.2152077231803883,0.9324374766703994,0.2469929489838241,0.4250235183443084,0.923195542953788,0.9416228470669732,0.8968011215191488,0.889852072281882,0.9325041156027072
0.8122715146724632,0.3777942578662994,0.1352682631100333,0.3692374444082872,0.8607689436356849,0.1793861468270427,0.2969896519285042,0.6725364373476597,0.7050284958594416,0.6803670426304722,0.6954759132272395,0.7661727943418085
0.594901689556368,0.3282127343998304,0.2666717187026372,0.5138301334201106,0.6772116461366181,0.2450228121111572,0.182596425211665,0.3525841914142168,0.3732170408388173,0.3802332250047792,0.4223056022771381,0.5175294189378697
0.4091492935480684,0.3779002012925097,0.4446044255835101,0.5904111074953899,0.4799365434863755,0.3911240149315637,0.1440263405456256,0.1549022533950156,0.1374413552063982,0.1419422672529153,0.1898908871350326,0.2925431376135601
0.3518427032901887,0.3890242610446021,0.4965140951803576,0.6161188849115956,0.4209593131765584,0.4320821236001659,0.2313264346190028,0.1946475650400437,0.136276331118738,0.1170266998024597,0.1480571009617458,0.2360831656606304
0.3177551625333465,0.3805487869477698,0.5165959381630798,0.6392233430957804,0.3924038820455394,0.4416217337204479,0.4084666039510818,0.3305974232701587,0.2383891180452785,0.1862932517683043,0.1882520377797904,0.2443143710749344
0.2606461812073906,0.3818201080622946,0.5613064565019703,0.6699208157066926,0.3379992534527809,0.4728328494400663,0.5647224835371589,0.431079938317664,0.313548915268113,0.2352004078251449,0.2107215249924527,0.2315102737637949
0.2276454895761288,0.3770526538828265,0.5832828129736284,0.6904219546588567,0.3088839119074282,0.485586893405226,0.6742238946378174,0.4917176540814804,0.3564029094115054,0.2589371057159242,0.2165437529650235,0.2146210596914822
0.2216184171524553,0.3589363280008475,0.5748711730827524,0.7031131359149583,0.311123553564763,0.4709664039817503,0.7364063969896519,0.5166393075660349,0.3725243238137221,0.2668068565602498,0.2202958554362358,0.2133406499603682
0.208279814247604,0.3465409471342303,0.5762352227947863,0.7166720902484001,0.3040313549832027,0.4657818332642057,0.7706491063029162,0.5183305974232701,0.3723668881262005,0.2630472185050659,0.2161124768189071,0.2084019267117859
0.179725323584626,0.3233393367941519,0.5814640800242498,0.7443323570886213,0.2873273609555805,0.4581086686022397,0.7841956726246472,0.5083320897378502,0.3649988979501874,0.2528515898808386,0.2032604476646397,0.1916346564233888
0.156901491947436,0.3056467846170145,0.586465595635041,0.7658097407527932,0.2734229189996268,0.4528204064703442,0.786829727187206,0.5015669303089091,0.3586070090368085,0.2441215828713439,0.1905378013542071,0.1740747515395402
0.154036162434542,0.3078715965674329,0.5901788420733556,0.7663520989261309,0.2697835013064577,0.4564496059726254,0.7984948259642521,0.5032582201661443,0.3572530621241223,0.2413815076785828,0.1860956570492086,0.1679775623437595
0.1586799723347495,0.3176183917787901,0.593664746892998,0.7587590844994033,0.2698768197088466,0.463604313562837,0.8181561618062088,0.5105705616077203,0.3604332630120596,0.2442490282291467,0.1877345064044507,0.1707212974818608
0.1535421401047327,0.3123212204682699,0.593664746892998,0.7642911378674477,0.2674505412467338,0.4610120282040647,0.8294449670743179,0.5139531413221907,0.3605277244245726,0.2441534442107946,0.1863112951222668,0.1684043655874642
0.1394131014721865,0.2955821591270261,0.5926795998787512,0.7805618830675778,0.261384845091452,0.4521982579842389,0.8269049858889933,0.5094761975824503,0.3566233193740357,0.2395335499904416,0.1797127700866865,0.159258581793793
0.1304218950696571,0.2851997033584065,0.5920733555622917,0.7908666883609936,0.257558790593505,0.4465989216092907,0.8200376293508937,0.5043028403720837,0.3535375798986114,0.2353278531829478,0.1737611592702808,0.1517590390829827
0.1377334255508349,0.2966415933891301,0.5946498939072447,0.780995769606248,0.2594251586412841,0.453961012028204,0.8289746001881467,0.5101228672337462,0.3564973708240184,0.2367616134582297,0.1758312847716392,0.1536491677336748
0.1494911570002964,0.3129568810255323,0.5973779933313125,0.7661351556567958,0.263251213139231,0.4639153878058897,0.8472248353715898,0.5184798288812615,0.3611889543121635,0.2406168355317657,0.1815672575149868,0.1598683007133711
0.1471198498172117,0.3157114101070028,0.6010154592300698,0.7661351556567958,0.2598917506532288,0.4676482787225218,0.8558795860771401,0.5209172760284535,0.362668849774867,0.241572675715287,0.1820847888903264,0.1605999634168648
0.1325955933208181,0.3042695200762792,0.6040466808123675,0.7799110532595727,0.2511198208286674,0.4641227706345914,0.848071495766698,0.5139531413221907,0.3580717276992349,0.2366023067609762,0.174321818260232,0.1516370952990671
0.1215294931330896,0.2975950842250238,0.607759927250682,0.7894565571103156,0.2436543486375513,0.4635006221484861,0.8406396989651927,0.5074864448092324,0.3547026039862716,0.232332887274581,0.1684133350584379,0.142491311505396
0.1270625432269538,0.3116855599110075,0.6135192482570475,0.7791517518168999,0.2427211646136618,0.4742845292409788,0.8413922859830668,0.5067900313386061,0.3560250637614535,0.233543618173708,0.1701384396429033,0.1455399061032864
0.13694298982314,0.3339336794151922,0.6219308881479235,0.762338648443432,0.2422545726017171,0.4908751555371216,0.8342427093132644,0.5085808088345024,0.3587329575868258,0.2374625629261454,0.1765644542200371,0.1542588866532528
0.1371405987550637,0.3328742451530881,0.6210215216732343,0.7627725349821022,0.2428144830160507,0.4898382413936126,0.8276575729068674,0.507536188628563,0.3581976762492522,0.2378767603390046,0.1774270065122698,0.1562099871959027
0.1269637387609919,0.3159232969594236,0.6167020309184601,0.7769823191235491,0.2407614781634938,0.4785358772293654,0.8173095014111006,0.5027110381535095,0.3542302969237067,0.2332887274581023,0.171130374778971,0.1481616974574721
0.117676118960577,0.302892255535544,0.6145043952712943,0.7888057273023105,0.2376819708846584,0.4706553297386976,0.8081843838193791,0.4975874247624732,0.3509871217607607,0.2286688332377493,0.1655237848794583,0.139625632583379
0.120541448473471,0.3074478228625913,0.6156411033646559,0.7849007484542792,0.2383351997013811,0.4736623807548735,0.8150517403574787,0.5014674426702482,0.3531912213860638,0.2302619002102848,0.1676370379954284,0.1414547893421133
0.1310147218654283,0.3238690539252039,0.6192027887238557,0.7707994359474997,0.2410414333706607,0.4841352136043135,0.8319849482596424,0.5109685121623638,0.3587329575868258,0.2356146052380042,0.1742355630310087,0.1502347417840375
0.1285446102163817,0.3224917893844686,0.6201879357381025,0.7727519253715154,0.2393617021276596,0.4841352136043135,0.8428033866415804,0.5166890513853654,0.3619446456122674,0.2382272350729624,0.1773838788976582,0.1531613925980123
0.1181701412903863,0.3107320690751138,0.6197332525007578,0.7845753335502766,0.234695782008212,0.4780174201576109,0.8404515522107244,0.5149977615281301,0.3603388015995466,0.2359332186325113,0.1737180316556691,0.147551978537894
0.1171820966307677,0.3033160292403856,0.6151106395877538,0.788914198936978,0.2370287420679358,0.471277478224803,0.8365004703668861,0.5127095458389296,0.3583551119367738,0.2336073408526094,0.1693190149652823,0.1435888055606365
0.1317063531271613,0.3096726348130098,0.6085935131858139,0.7776331489315544,0.2479469951474431,0.4699294898382413,0.8452492944496707,0.5203700940158186,0.3621020812997891,0.2369209201554833,0.1726829689049899,0.1496859947564173
0.1486019168066396,0.3161351838118444,0.6003334343740527,0.7650504393101204,0.2610115714818962,0.46744089589382,0.8634054562558796,0.5339501566930309,0.3696589943008281,0.2425285158988084,0.1805753223789192,0.1607219072007804
0.1501827882620294,0.3090369742557474,0.5939678690512277,0.7677622301768087,0.2656774916013438,0.4595603484031522,0.8735653809971776,0.5414614734119286,0.3736893479013823,0.2457146498438794,0.1852762323715875,0.1664532650448143
0.1424760399170042,0.2949464985697637,0.5897999393755684,0.7792602234515674,0.2645576707726764,0.4499170468685193,0.8698024459078081,0.5393224891807192,0.3715797096885922,0.2423373478621041,0.1807047052227541,0.160843850984696
0.1366465764252544,0.2836105519652505,0.5861624734768112,0.7882633691289728,0.2640910787607316,0.4418291165491497,0.8685794920037628,0.5374819678654927,0.3681790988381246,0.2382590964124132,0.1746668391771251,0.1528565331382232
0.1429700622468135,0.2850937599321961,0.5823734464989391,0.784032975376939,0.2694102276969018,0.4399626710908337,0.8807149576669803,0.5454409789583645,0.3712333511760446,0.2390874912381316,0.1756156466985811,0.1546856898969575
0.153344531172809,0.2988664053395486,0.5842679599878752,0.7713417941208374,0.2731429637924599,0.4480506014102032,0.9014111006585136,0.556832313585037,0.3778456500519538,0.2430382973300197,0.1816966403588218,0.1626120358514725
0.1536409445706946,0.3015149909948087,0.5859351318581388,0.7698231912354919,0.2722097797685704,0.4504355039402737,0.9086547507055504,0.5610605382281252,0.3800497496772568,0.2439622761740903,0.1832492344848406,0.1655386866654472
0.1419820175871949,0.2864710244729314,0.5840406183692028,0.7838160321076039,0.2679171332586786,0.4418291165491497,0.90310442144873,0.5574789832363329,0.375861960389181,0.238609571146371,0.1754000086255229,0.1565148466556917
0.1334848335144748,0.2717448882296853,0.5801000303122159,0.7960733268250353,0.2663307204180665,0.4318747407714641,0.9013170272812792,0.5551410237278018,0.3709184798010013,0.2315363537883132,0.1648768706602837,0.1445033839400036
0.1393142970062247,0.2773598898188367,0.5796453470748711,0.7899989152836533,0.2694102276969018,0.4342596433015346,0.9159924741298212,0.5618564393374124,0.3728391951887654,0.2304530682469891,0.1646181049726139,0.1434668617767209
0.1523564865131904,0.2877423455874562,0.5771445892694755,0.7775246772968869,0.2770623366927958,0.437681459975114,0.9393226716839136,0.5753370143759639,0.3797663654397178,0.2338940929076658,0.1694483978091172,0.1519419547588561
0.156209860685703,0.287954232439877,0.5742649287662929,0.7752467729688687,0.280608435983576,0.435815014516798,0.9463781749764816,0.5815052479729395,0.3822538493025599,0.2337029248709616,0.1703972053305732,0.1543808304371684
0.1448473471000889,0.2740756436063142,0.5730524401333738,0.7886972556676429,0.2760358342665174,0.4282455412691829,0.9357478833490124,0.5754862458339551,0.3778771371894581,0.2276174090358758,0.1635830422219347,0.1471861471861472
0.1385238612785298,0.26771903803369,0.5733555622916036,0.7953140253823625,0.272863008585293,0.4252384902530071,0.9277516462841014,0.5708600706362235,0.3744765263389905,0.2241126616962977,0.1584077284685384,0.1411499298823242
0.1481078944768303,0.2783133806547303,0.5735071233707184,0.7846838051849442,0.2773422918999627,0.4306304437992534,0.9373471307619944,0.5789185693677561,0.3774992915394062,0.226056203402791,0.1616422995644111,0.1455399061032864
0.1621381286434147,0.2910265917999787,0.5719157320400121,0.7704740210434972,0.2849010824934677,0.4357113231024471,0.9501411100658512,0.5910063174650549,0.3839541547277937,0.2296246734212706,0.1683270798292146,0.1541369428693372
0.1602608437901393,0.2888017798495603,0.5717641709608973,0.7726434537368478,0.2840612168719671,0.4345707175445873,0.960489181561618,0.5971745510620305,0.386756509965679,0.2309947110176511,0.1692758873506706,0.1568806780074386
0.1529493133089615,0.2778896069498887,0.5695665353137315,0.7822974292222583,0.2820082120194103,0.4276233927830776,0.9462841015992474,0.5929463264189425,0.3845838974778803,0.2274262409991716,0.1643593392849441,0.1515151515151515
0.1515660507854955,0.2772539463926263,0.570172779630191,0.7833821455689337,0.2809817095931318,0.4277270841974285,0.9185324553151458,0.5858329602546883,0.3820334393400296,0.2248136111642133,0.16082287488679,0.147247119078105
0.1641142179626519,0.2978069710774446,0.5752500757805395,0.7659182123874606,0.2837812616648003,0.4413106594773953,0.9082784571966134,0.5903596478137592,0.387039894203218,0.2294016440451156,0.1663432095570794,0.1544418023291263
0.1815038039719395,0.3206907511388918,0.5782812973628372,0.744657771992624,0.290126913027249,0.4545831605143094,0.9134524929444966,0.6024473959110581,0.3967379325545515,0.2384502644491174,0.1785483244921723,0.1685263093713798
0.1853571781444521,0.3313910371861425,0.5829796908153987,0.7370647575658965,0.2891004106009705,0.4630858564910826,0.9125117591721542,0.6081679351340596,0.4037595642180169,0.2466704900274007,0.1882520377797904,0.1795622218157429
0.1794289101867404,0.3338277359889818,0.5892694755986663,0.7391257186245797,0.282381485628966,0.4684778100373289,0.8951081843838192,0.6040391981296324,0.4054283825057464,0.2506850187981903,0.192564799240954,0.1823059569538443
0.1824918486315581,0.3442101917576014,0.5943467717490148,0.7320750623711899,0.2807017543859649,0.4770841974284529,0.8746942615239888,0.5982689150873004,0.4060896123933373,0.2561333078442617,0.198947686203476,0.1860252423632705
0.1941507756150578,0.3605254793940036,0.5970748711730828,0.7173229200564053,0.2845278088839119,0.4869348817917877,0.8735653809971776,0.5995622543898921,0.4112849900815517,0.266010323073982,0.2101177383878898,0.1974269861593805
0.2086750321114514,0.3709079351626231,0.5934374052743255,0.7039809089922985,0.2936730123180291,0.4895271671505599,0.8824082784571965,0.6062279261801722,0.4194716458326774,0.2777990186707449,0.2240048302928365,0.2127309310407902
0.216875802786286,0.3705901048839918,0.5869202788723856,0.6997505152402647,0.301511758118701,0.4848610535047697,0.879492003762935,0.6036909913943193,0.4214238483579458,0.2855094628178169,0.2325009703713287,0.22163282726663
0.2121331884201166,0.3597838754105307,0.5827523491967262,0.7078858878403297,0.3017917133258679,0.4767731231854002,0.8583254938852305,0.5889170770531762,0.4151579079945842,0.2851908494233098,0.232587225600552,0.220718248887263
0.2093666633731845,0.3584066108697954,0.5838890572900879,0.7100553205336805,0.2998320268756999,0.4768768145997512,0.8386641580432737,0.5759339402079292,0.409301300418779,0.2848722360288026,0.2323715875274938,0.2187671483446131
0.2163817804564766,0.3717554825723063,0.5880569869657472,0.699425100336262,0.3005785740948115,0.4862090418913314,0.8351834430856068,0.5707108391782322,0.4082937120186404,0.2882176766711273,0.2374175184370552,0.2227303213218706
0.2257682047228535,0.3849984108486068,0.5902546226129131,0.6873847488881657,0.3036580813736468,0.494296972210701,0.843085606773283,0.5709098144555539,0.4102144274064045,0.2932836296437902,0.2447492129210333,0.2310224986281324
0.2222112439482264,0.3818201080622946,0.5907850863898151,0.6909643128321944,0.30160507652109,0.4930526752384903,0.8438381937911571,0.5673282594637616,0.4084826348436664,0.2936659657171988,0.2468624660370035,0.2335833180903603
0.2052168758027863,0.3644453861637884,0.5913913307062747,0.7091875474563403,0.2932064203060844,0.4849647449191208,0.8340545625587958,0.555936924837089,0.4005478761925753,0.2878353405977187,0.2404795790744814,0.2245594780806048
0.1959292560023713,0.3563936857717978,0.5926795998787512,0.7185161080377481,0.2880739081746921,0.4818540024885939,0.8269049858889933,0.5459881609709993,0.3934947573916055,0.2827693876250557,0.2341398197265709,0.2147430034753978
0.2006718703685407,0.3584066108697954,0.5905577447711428,0.714828072459052,0.2916200074654722,0.4814392368311903,0.8381937911571025,0.5484256081181913,0.3929279889165277,0.2830242783406614,0.2345710958726873,0.2155356380708493
0.2051180713368244,0.3546985909524313,0.5844953016065475,0.7142857142857143,0.2974057484135872,0.4755288262131895,0.8575729068673564,0.5539471720638711,0.3936521930791272,0.2842987319186899,0.2370724975201621,0.2179135418572038
0.1984981721173797,0.3402902849878164,0.579266444377084,0.7252413493871352,0.297592385218365,0.4648486105350477,0.8625587958607713,0.5513107496393573,0.3909128121162505,0.2813993500286752,0.2338810540389011,0.2145600877995244
0.183973915620986,0.3200550905816293,0.5759321006365565,0.7435730556459486,0.2927398282941396,0.4527167150559933,0.850423330197554,0.5394717206387106,0.3839226675902893,0.2743261326706175,0.224651744512011,0.2044387537345284
0.1714257484438296,0.3121093336158491,0.5798726886935435,0.754637162382037,0.284341172079134,0.4514724180837827,0.8431796801505174,0.5313137342685171,0.3791681098271356,0.2697062384502645,0.2173200500280329,0.1949881104810682
0.1744886868886473,0.3259879224494119,0.5875265231888451,0.7458509599739669,0.2810750279955207,0.4635006221484861,0.8479774223894637,0.5313137342685171,0.3789476998646053,0.2705346332759829,0.2177081985595376,0.1970001829156759
0.1843691334848335,0.3457993431507574,0.5941194301303425,0.7302310445818418,0.2817282568122434,0.4777063459145583,0.8580432737535277,0.5369347858528578,0.3826316949526119,0.274708468744026,0.2237891922197783,0.2049875007621486
0.1848631558146428,0.3542748172475897,0.5998029705971507,0.7256752359258054,0.2784621127286301,0.485690584819577,0.8587017873941675,0.5387255633487539,0.3837337447652634,0.2760785063404065,0.226549359554923,0.2075483202243765
0.1740934690247999,0.3470706642652822,0.6028341921794483,0.7352207397765483,0.2715565509518477,0.4842389050186645,0.8424270931326434,0.5314629657265085,0.3803961081898045,0.2726693430191805,0.2218915771768663,0.2023657094079629
0.1709317261140203,0.3461171734293886,0.6045771445892695,0.7373901724698991,0.2689436356849571,0.4850684363334716,0.8264346190028221,0.5255434512261852,0.3776252400894235,0.2699611291658702,0.2185707508517704,0.1968782391317602
0.176859994071732,0.3566055726242186,0.6074568050924524,0.7288209133311638,0.2699701381112355,0.4921194525093322,0.8266227657572907,0.5263393523354724,0.378349444252023,0.2709169693493914,0.2207271315823522,0.199804889945735
0.1836775022231005,0.3679415192287318,0.61048802667475,0.7192754094804209,0.2712765957446809,0.4996889257569474,0.828316086547507,0.5284285927473512,0.3811517994899084,0.2742305486522653,0.2253417863457972,0.2065727699530516
0.1776504297994269,0.3657167072783133,0.6133676871779328,0.7237227465017898,0.2667039940276223,0.5006221484861054,0.8207902163687676,0.5245983186589066,0.3795459554771875,0.2736570445421525,0.224781127355846,0.2054752758978111
0.169054441260745,0.3559699120669562,0.613064565019703,0.7333767219872003,0.2628779395296752,0.4956449605972625,0.8026340545625588,0.5156444311794259,0.3737523221763909,0.2689734276428981,0.2183551127787122,0.19632949210414
0.1647070447584231,0.3597838754105307,0.6192027887238557,0.733919080160538,0.2569988801791714,0.5017627540439651,0.7906867356538099,0.5110679998010248,0.3711388897635316,0.2665519658446441,0.2153793073705093,0.191573684531431
0.1720185752396008,0.3735565208178832,0.6233707183995151,0.7228549734244495,0.2578387458006719,0.5113023641642471,0.7953904045155221,0.5158931502760782,0.3742246292389559,0.2697699611291658,0.2193901755293915,0.19632949210414
0.1833810888252149,0.3852102977010276,0.6229918157017278,0.7105976787070181,0.2635311683463979,0.5167980091248445,0.8086547507055503,0.5236531860916281,0.378916212727101,0.2750908048174345,0.2253417863457972,0.2044387537345284
0.1864440272700326,0.3828795423243987,0.6189754471051834,0.7100553205336805,0.2674505412467338,0.5128577353795106,0.8123236124176858,0.5278814107347162,0.381687080827482,0.2773210985789843,0.2278431879932721,0.2079751234680812
0.1814049995059776,0.3702722746053606,0.61374658987572,0.7192754094804209,0.2682904068682344,0.5031107424305268,0.7984007525870178,0.522310102969706,0.378916212727101,0.2737526285605047,0.2233147884590503,0.2027925126516676
0.1781444521292362,0.3624324610657908,0.6107153682934223,0.7251328777524677,0.2685703620754013,0.497200331812526,0.7896519285042333,0.517982390687957,0.3760193960767027,0.2710125533677436,0.2200802173631776,0.1988293396744101
0.1847643513486809,0.3685771797859942,0.6100333434374053,0.718299164768413,0.2721164613661814,0.4997926171712982,0.796142991533396,0.5217629209570711,0.3784124185270317,0.2738800739183075,0.2239617026782249,0.2027315407597097
0.1969173006619899,0.3779002012925097,0.6073810245528948,0.7069096431283219,0.2794886151549086,0.5024885939444214,0.8111006585136405,0.5296721882306124,0.3838596933152807,0.2796469763588861,0.2308621210160866,0.2109627461740137
0.1946447979448671,0.3647632164424197,0.5997271900575932,0.7149365440937194,0.2831280328480777,0.4907714641227707,0.8201317027281279,0.5331542555837437,0.3845838974778803,0.2805709552029567,0.2318540561521542,0.2119382964453387
0.1833810888252149,0.3424091535120245,0.5924522582600789,0.7325089489098602,0.2822881672265771,0.4749066777270841,0.8152398871119473,0.528080386012038,0.3807424667023521,0.276906901166125,0.2268081252425928,0.2048045850862752
0.1767611896057702,0.3328742451530881,0.5906335253107002,0.7409697364139278,0.2802351623740202,0.4689962671090834,0.8144873000940734,0.5241506242849326,0.3784753928020404,0.2743579940100682,0.2238323198343899,0.1996219742698616
0.1848631558146428,0.3388070770208708,0.5885874507426493,0.7334851936218679,0.2853676745054124,0.4705516383243467,0.8238946378174976,0.5274834601800726,0.3802071853647785,0.2763333970560123,0.2263337214818648,0.2044387537345284
0.1947436024108289,0.3457993431507574,0.5860109123976963,0.7245905195791301,0.2916200074654722,0.472210700953961,0.8417685794920037,0.5339501566930309,0.384080103277811,0.2794558083221818,0.2307327381722517,0.2109017742820559
0.1935579488192866,0.3430448140692869,0.585101545923007,0.7265430090031457,0.2916200074654722,0.470240564081294,0.850423330197554,0.5338009252350395,0.3842375389653327,0.2790734722487733,0.2302583344115237,0.2106578867142247
0.1810097816421302,0.332026697743405,0.5867687177932707,0.7391257186245797,0.2846211272863009,0.4659892160929075,0.844214487300094,0.5275829478187336,0.3802386725022829,0.2751226661568852,0.2244792340535645,0.2024876531918785
0.1765635806738464,0.3285305646784616,0.58767808426796,0.7433561123766135,0.2820082120194103,0.4648486105350477,0.8339604891815615,0.5227080535243496,0.3773103687143802,0.2723825909641241,0.2202958554362358,0.1971221266995914
0.1840727200869479,0.3357347176607691,0.5870718399515005,0.7355461546805511,0.2859275849197462,0.4679593529655744,0.8347130761994356,0.523752673730289,0.3778771371894581,0.2733384311476454,0.2218484495622547,0.1990122553502835
0.1894081612488884,0.3486598156584383,0.5922249166414064,0.7260006508298079,0.2852743561030235,0.4778100373289092,0.8433678269049859,0.5286275680246729,0.381403696589943,0.2768750398266743,0.2276706775348255,0.2065727699530516
0.1888153344531173,0.351202457887488,0.5945741133676873,0.7250244061178002,0.2835946248600224,0.4806097055163832,0.846095954844779,0.5282793612893598,0.3819389779275167,0.2778627413496463,0.2284038469832233,0.2069386013047985
0.1767611896057702,0.3383833033160291,0.5945741133676873,0.7382579455472393,0.2778088839119074,0.4743882206553297,0.8317027281279398,0.5200716310998359,0.376806574514311,0.2736251832027018,0.2220209600207012,0.1985854521065788
0.1735006422290287,0.3349931136772963,0.5946498939072447,0.7417290378566006,0.2763157894736842,0.4728328494400663,0.8191909689557855,0.5146495547928169,0.3739727321389212,0.2700567131842222,0.2169750291111398,0.1934028412901652
0.1830846754273293,0.3528975527068545,0.6001060927553804,0.7273023104458184,0.2774356103023516,0.4852758191621734,0.8191909689557855,0.5174849524946525,0.3766491388267893,0.2718728095329127,0.2206408763531289,0.198524480214621
0.192569904159668,0.3709079351626231,0.6057138526826311,0.7128755830350363,0.2784621127286301,0.4979261717129822,0.8251175917215429,0.5230562602596628,0.3803331339147958,0.2756643089275473,0.2281450812955535,0.2068166575208828
0.1882225076573461,0.3697425574743087,0.6082146104880267,0.7158043171710597,0.274822695035461,0.4990667772708419,0.8238005644402634,0.5220613838730538,0.3796719040272049,0.2755050022302938,0.2289645059731746,0.2082799829278702
0.1774528208675032,0.3608433096726348,0.6101091239769627,0.7263260657338106,0.2686636804777902,0.4959560348403152,0.809689557855127,0.5135551907675472,0.3747913977140338,0.2717453641751099,0.2233579160736619,0.2018779342723004
0.1718209663076771,0.3596779319843203,0.6135950287966051,0.7300141013125068,0.2638111235535648,0.4978224802986312,0.7991533396048919,0.5066407998806148,0.3703831984634277,0.2683362008538839,0.2193039203001682,0.1970001829156759
0.1796265191186641,0.3777942578662994,0.6205668384358897,0.716455146979065,0.263251213139231,0.5114060555785982,0.8037629350893696,0.5089290155698155,0.3723668881262005,0.2705664946154336,0.2230128951567689,0.2001707212974818
0.1869380495998419,0.3872232227990252,0.6216277659896939,0.7075604729363271,0.2659574468085106,0.5167980091248445,0.8150517403574787,0.5172362333980003,0.3768380616518152,0.274708468744026,0.2282313365247768,0.2078531796841655
0.1834798932911767,0.3770526538828265,0.6170809336162473,0.7147196008243843,0.267170586039567,0.508710078805475,0.8161806208842897,0.5188777794359051,0.3764917031392676,0.2738163512394061,0.226549359554923,0.2074873483324187
0.1755755360142278,0.3620086873609492,0.612382540163686,0.7267599522724807,0.2663307204180665,0.4981335545416839,0.8092191909689558,0.513754166044869,0.3731225794263044,0.2698974064869687,0.2205546211239056,0.2004755807572709
0.1737970556269143,0.3568174594766394,0.6100333434374053,0.7303395162165094,0.2669839492347891,0.4939858979676483,0.8018814675446848,0.5100731234144157,0.3703831984634277,0.2673484993309118,0.2174925604864795,0.1952929699408573
0.1836775022231005,0.3720733128509375,0.6133676871779328,0.7172144484217378,0.2695968645016797,0.5037328909166321,0.8033866415804327,0.5132567278515645,0.3726187852262351,0.2704709105970815,0.221934704791478,0.2004146088653131
0.1917794684319731,0.3836211463078715,0.6154137617459836,0.7068011714936543,0.2721164613661814,0.5107839070924928,0.8121354656632173,0.5192757299905487,0.376523190276772,0.274485439367871,0.2275412946909906,0.2095603926589842
0.1871356585317656,0.3735565208178832,0.6117762958472265,0.7145026575550494,0.2722097797685704,0.5033181252592286,0.8108184383819379,0.5155946873600955,0.3740986806889386,0.271840948193462,0.225600552033467,0.2082190110359124
0.1755755360142278,0.3581947240173747,0.609654440739618,0.7287124416964964,0.2680104516610676,0.4944006636250518,0.7989651928504233,0.5066407998806148,0.367832740325577,0.2658510163767285,0.2183119851641006,0.1994390585939882
0.1727102065013338,0.356181798919377,0.6103364655956351,0.7313157609285171,0.2662374020156775,0.4938822065532974,0.796142991533396,0.5038551459981097,0.3656916149752826,0.2634614159179252,0.2152499245266744,0.1945003353454057
0.1828870664954056,0.3667761415404173,0.6101849045165202,0.7203601258270962,0.2710899589399029,0.4989630858564911,0.8102539981185325,0.5096254290404417,0.3689977644132372,0.2674122220098133,0.2190451546124984,0.1995000304859459
0.1889141389190791,0.3726030299819896,0.6097302212791755,0.7140687710163792,0.2742627846211273,0.5014516798009125,0.8284101599247412,0.5187782917972442,0.3742561163764602,0.2723507296246734,0.2255574244188554,0.2085848423876593
0.1826894575634818,0.3608433096726348,0.6060169748408609,0.7233973315977872,0.2736095558044046,0.493260058067192,0.8328316086547506,0.5207680445704621,0.3747913977140338,0.2718728095329127,0.225126148272739,0.2069995731967563
0.1674735698053552,0.3343574531200338,0.5988178235829039,0.7454170734352966,0.2708100037327361,0.4753214433844877,0.8212605832549388,0.5112669750783466,0.36792720173809,0.2651500669088129,0.2164143701211886,0.1946832510212792
0.1620393241774528,0.3232333933679415,0.5950287966050318,0.7539863325740319,0.2706233669279582,0.4672335130651182,0.810912511759172,0.5038054021787793,0.3626058754998583,0.2592238577709806,0.2095570793979385,0.1871837083104688
0.169746072522478,0.3312850937599321,0.5948772355259169,0.7456340167046317,0.2743561030235162,0.471173786810452,0.8198494825964252,0.5064915684226236,0.3639283352750401,0.2605938953673612,0.2105921421486177,0.1893177245289921
0.1810097816421302,0.3405021718402372,0.592831160957866,0.7347868532378783,0.2808883911907428,0.4742845292409788,0.8323612417685794,0.5141023727801821,0.367738278913064,0.2649588988721086,0.2167593910380817,0.1965124077800134
0.179033692322893,0.3349931136772963,0.5904061836920279,0.7386918320859096,0.2815416200074654,0.4699294898382413,0.8284101599247412,0.513754166044869,0.3671085361629774,0.264799592174855,0.2171044119549748,0.1960856045363087
0.1662879162138128,0.321538298548575,0.5905577447711428,0.7525762013233539,0.2753826054497947,0.4633969307341352,0.8098777046095955,0.502213599960205,0.3610630057621462,0.2588733830370229,0.2102902488463363,0.1873056520943845
0.1646082402924612,0.3228096196630998,0.5927553804183086,0.7529016162273565,0.2732362821948488,0.465470759021153,0.799247412982126,0.4970899865691688,0.3587329575868258,0.2566430892754731,0.2078319748134731,0.1834644229010426
0.1744886868886473,0.3394427375781332,0.5971506517126403,0.7389087753552447,0.2751959686450168,0.4766694317710494,0.8030103480714957,0.5008207730189524,0.3620076198872761,0.2601478366150512,0.2120584810454134,0.1892567526370343
0.1798241280505879,0.3543807606738001,0.6035919975750228,0.7283870267924938,0.2737028742067936,0.4883865615927002,0.8087488240827846,0.5051982291200319,0.3663528448628735,0.2648314535143057,0.2175356881010911,0.1963904639960978
0.1770576030036557,0.3519440618709608,0.6040466808123675,0.731098817659182,0.2721164613661814,0.4875570302778929,0.8053621825023517,0.50499925384271,0.3666992033754211,0.2654686803033199,0.2188726441540518,0.1970611548076337
0.1663867206797747,0.3427269837906557,0.6056380721430736,0.7417290378566006,0.2661440836132885,0.4840315221899627,0.7924741298212606,0.4995274337163607,0.3633300796624579,0.262378130376601,0.2141286065467719,0.1900493872324858
0.1692520501926687,0.349613306494332,0.6083661715671416,0.7365223993925588,0.2657708100037327,0.4893197843218582,0.7845719661335842,0.4968412674725165,0.3627947983248843,0.2614541515325304,0.2134385647129857,0.1882812023657094
0.1879260942594605,0.3720733128509375,0.6101091239769627,0.714828072459052,0.2736095558044046,0.5014516798009125,0.7946378174976481,0.504551559468736,0.3680531502881073,0.2667749952207991,0.220985897270022,0.1972440704835071
0.2000790435727695,0.3835152028816611,0.6089724158836011,0.702245362837618,0.2800485255692422,0.5063251762754044,0.8051740357478834,0.5141521165995125,0.3736263736263737,0.2726693430191805,0.227498167076379,0.2078531796841655
0.196126864934295,0.3694247271956775,0.601924825704759,0.7116823950536935,0.282474804031355,0.4946080464537536,0.8056444026340546,0.517087001940009,0.3741931421014515,0.2724144523035748,0.2267649976279812,0.2084628986037436
0.1814049995059776,0.3474944379701239,0.5975295544104274,0.7309903460245146,0.2781821575214632,0.4808170883450851,0.800752587017874,0.5113664627170074,0.3699108914008628,0.2669980245969541,0.2194764307586147,0.1980976769709164
0.1734018377630669,0.3363703782180315,0.5957108214610488,0.7410782080485953,0.2755692422545726,0.474180837826628,0.8012229539040452,0.5068895189772671,0.3665102805503952,0.2632702478812209,0.2147755207659464,0.191573684531431
0.1796265191186641,0.3447399088886534,0.5969233100939679,0.7333767219872003,0.2778088839119074,0.4791580257154708,0.8121354656632173,0.511764413271651,0.3689662772757329,0.2660421844134327,0.2180100918618191,0.1965733796719712
0.1860488094061851,0.3576650068863227,0.601242800848742,0.7232888599631196,0.2781821575214632,0.4883865615927002,0.8271872060206962,0.5204695816544794,0.3744450392014862,0.2719683935512649,0.2248242549704576,0.2054143040058533
0.1826894575634818,0.356711516050429,0.6031373143376781,0.7255667642911379,0.2753826054497947,0.4892160929075073,0.8277516462841015,0.5205690692931404,0.3750432948140685,0.2726056203402791,0.2258161901065252,0.2060240229254314
0.1712281395119059,0.3444220786100222,0.6031373143376781,0.7381494739125719,0.2699701381112355,0.4832019908751555,0.8139228598306679,0.510869024523703,0.3681790988381246,0.2668705792391512,0.2184413680079354,0.1963904639960978
0.1657938938840035,0.3420913232333933,0.6056380721430736,0.7423798676646056,0.2658641284061216,0.48372044794691,0.8074317968015051,0.5051982291200319,0.3640542838250575,0.2629516344867138,0.2143442446198301,0.1906591061520639
0.1752791226163422,0.3563936857717978,0.6085935131858139,0.7297971580431717,0.2684770436730123,0.4928452924097885,0.817121354656632,0.5100731234144157,0.3673604332630121,0.2660421844134327,0.2187863889248285,0.1955978294006463
0.1848631558146428,0.3663523678355758,0.6083661715671416,0.719492352749756,0.2732362821948488,0.4975114060555786,0.8251175917215429,0.5168382828433568,0.3711074026260273,0.2702160198814758,0.2243929788243412,0.2028534845436254
0.1807133682442446,0.3560758554931665,0.6041982418914822,0.7269768955418158,0.2737961926091825,0.4896308585649109,0.8220131702728127,0.5150475053474606,0.3695960200258195,0.2687822596061938,0.2225384913960409,0.2018169623803426
0.1649046536903468,0.337535755906346,0.6031373143376781,0.7450916585312941,0.2669839492347891,0.479883865615927,0.8084666039510819,0.5065413122419539,0.3637394124500142,0.2627286051105588,0.2145598826928882,0.1905371623681482
0.1615453018476435,0.3328742451530881,0.6023037284025463,0.7493220522833278,0.2658641284061216,0.476980506014102,0.8022577610536219,0.501218723573596,0.3602443401870336,0.2594787484865864,0.2099883555440548,0.1847448326321565
0.173994664558838,0.3424091535120245,0.5995756289784784,0.7376071157392342,0.2734229189996268,0.4797801742015761,0.8130761994355596,0.5067900313386061,0.3635504896249882,0.2623462690371503,0.213869840859102,0.1910859093957685
0.1844679379507953,0.3463290602818095,0.5943467717490148,0.7299056296778392,0.2816349384098544,0.4781211115719619,0.8253057384760112,0.5122618514649555,0.3670455618879688,0.2653412349455171,0.2182257299348773,0.196939211023718
0.1801205414484734,0.3417734929547621,0.5944225522885723,0.7346783816032108,0.2795819335572975,0.4759435918705931,0.8226716839134524,0.5101228672337462,0.3659120249378129,0.2651500669088129,0.2171475395695864,0.1960856045363087
0.1684616144649738,0.326517639580464,0.5924522582600789,0.7488881657446579,0.2751959686450168,0.4671298216507674,0.80620884289746,0.5001741033676566,0.359520136024434,0.2588733830370229,0.2092120584810454,0.1861471861471861
0.1621381286434147,0.3232333933679415,0.5949530160654745,0.7539863325740319,0.2707166853303472,0.4672335130651182,0.8012229539040452,0.4959458787245684,0.3564658836865141,0.2552411903396419,0.2048561694052701,0.1791354185720383
0.1670783519415077,0.3381714164636084,0.6018490451652015,0.7436815272806161,0.2687569988801792,0.4792617171298217,0.810065851364064,0.5003730786449784,0.3599609559494947,0.2585547696425158,0.2092120584810454,0.1844399731723675
0.1743898824226855,0.3461171734293886,0.601924825704759,0.7355461546805511,0.2722097797685704,0.4832019908751555,0.8151458137347131,0.5035566830821271,0.3628262854623886,0.2615178742114318,0.213999223702937,0.1904152185842327
0.1724137931034483,0.3431507574954974,0.6013185813882994,0.7381494739125719,0.2716498693542367,0.4813355454168395,0.8110065851364063,0.5038551459981097,0.362291004124815,0.2619639329637418,0.2146892655367231,0.1909029937198951
0.1620393241774528,0.3287424515308824,0.5989693846620188,0.751166070072676,0.2681970884658455,0.4726254666113645,0.796142991533396,0.4966422921951947,0.3581976762492522,0.2581087108902059,0.2091258032518221,0.1846838607401987
0.1619405197114909,0.3258819790232016,0.5969990906335253,0.7526846729580214,0.2694102276969018,0.4699294898382413,0.7865475070555032,0.4933094563000547,0.3566862936490444,0.2563563372204167,0.2071419329796869,0.1808426315468569
0.1738958600928762,0.3423032100858141,0.5996514095180357,0.7378240590085693,0.2734229189996268,0.4797801742015761,0.7958607714016933,0.5001741033676566,0.3618186970622501,0.261836487605939,0.2137404580152672,0.1889518931772452
0.1862464183381089,0.3632800084754741,0.6051076083661715,0.7202516541924288,0.2758491974617394,0.4937785151389465,0.8117591721542803,0.5084813211958414,0.368021663150603,0.2680813101382782,0.221934704791478,0.1993780867020303
0.1858512004742614,0.3683652929335734,0.6089724158836011,0.7178652782297429,0.2732362821948488,0.4989630858564911,0.8177798682972718,0.5111674874396857,0.3702257627759061,0.2697380997897152,0.2234872989174968,0.2008414121090177
0.1725125975694101,0.3580887805911643,0.6119278569263414,0.7304479878511769,0.2652108995893991,0.4959560348403152,0.8128880526810911,0.5080833706411979,0.3673919204005164,0.2664563818262919,0.2183551127787122,0.1930370099384184
0.1681652010670882,0.3605254793940036,0.6170051530766899,0.7316411758325198,0.2599850690556178,0.5005184570717545,0.8114769520225775,0.5053474605780232,0.3650303850876917,0.2641942267252915,0.2150774140682279,0.1871227364185111
0.1766623851398083,0.3708019917364127,0.6178387390118218,0.7216617854431066,0.2635311683463979,0.5062214848610536,0.8192850423330197,0.5094264537631199,0.3675178689505338,0.2668705792391512,0.2183982403933238,0.1921834034510091
0.1876296808615749,0.3845746371437651,0.6192785692634132,0.7086451892830025,0.2677304964539007,0.5138946495230196,0.8295390404515521,0.5167387952046958,0.3729021694637741,0.2722551456063213,0.2259887005649717,0.2025486250838363
0.1828870664954056,0.3878588833562877,0.6251894513488937,0.7095129623603428,0.2618514371033968,0.5195976773123185,0.8240827845719662,0.5148485300701388,0.3732485279763217,0.272510036321927,0.2264631043256997,0.2022437656240473
0.1710305305799822,0.3745100116537768,0.6248105486511065,0.7228549734244495,0.2565322881672266,0.5127540439651597,0.8066792097836312,0.5056956673133364,0.3686199187631852,0.2679220034410247,0.2208133868115754,0.1948661666971526
0.1674735698053552,0.3709079351626231,0.6249621097302214,0.7266514806378133,0.2547592385218365,0.5110949813355454,0.8001881467544684,0.5031587325274836,0.3674234075380207,0.2665201045051934,0.218613878466382,0.1927931223705871
0.1794289101867404,0.3806547303739802,0.6227644740830555,0.715045015728387,0.2617581187010078,0.514413106594774,0.8081843838193791,0.5086802964731633,0.3699423785383671,0.2694832090741095,0.2234872989174968,0.1982805926467898
0.1886177255211935,0.3871172793728148,0.6202637162776599,0.7068011714936543,0.2676371780515117,0.5158647863956864,0.8205079962370649,0.5149480177087997,0.3736263736263737,0.2730835404320397,0.2278431879932721,0.2040729223827815
0.1842703290188716,0.3802309566691386,0.6187481054865112,0.7126586397657012,0.2665173572228443,0.5114060555785982,0.8211665098777047,0.5146992986121475,0.3731540665638087,0.2724144523035748,0.2271531461594859,0.2038900067069081
0.1730066198992194,0.361161139951266,0.61374658987572,0.7286039700618289,0.2642777155655095,0.4986520116134384,0.8111006585136405,0.5080833706411979,0.36792720173809,0.2669343019180527,0.2197783240608962,0.1951710261569416
0.1683628099990119,0.3524737790020129,0.6110942709912095,0.7355461546805511,0.2637178051511759,0.4926379095810867,0.8074317968015051,0.5042530965527533,0.3649988979501874,0.263588861275728,0.2155949454435675,0.1896835558807389
0.1748839047524948,0.3553342515096938,0.6081388299484692,0.7305564594858445,0.2686636804777902,0.4919120696806304,0.8165569143932266,0.509326966124459,0.3683365345256463,0.2664245204868413,0.2193039203001682,0.1954149137247728
0.1855547870763758,0.3575590634601122,0.6015459230069718,0.7236142748671223,0.2777155655095185,0.488490253007051,0.827563499529633,0.5149480177087997,0.371170376901036,0.2700248518447716,0.2242204683658947,0.2035241753551612
0.1798241280505879,0.3441042483313909,0.596241285237951,0.7335936652565355,0.2782754759238522,0.4783284944006636,0.8258701787394167,0.5130080087549121,0.3687143801756983,0.2680813101382782,0.2211152801138569,0.1991951710261569
0.1652010670882324,0.3263057527280432,0.5948014549863595,0.7507321835340058,0.2722097797685704,0.4685815014516798,0.8140169332079022,0.5045018156494055,0.3623224912623194,0.2626330210922067,0.2134385647129857,0.1896225839887811
0.1629285643711095,0.3258819790232016,0.596241285237951,0.7521423147846837,0.2702500933184024,0.4694110327664869,0.805079962370649,0.4997264089936825,0.359614597436947,0.2603071433123048,0.2110665459093457,0.1870007926345954
0.1754767315482659,0.3376416993325564,0.5950287966050318,0.7392341902592472,0.2769690182904069,0.4742845292409788,0.8112888052681091,0.5054469482166841,0.3627003369123713,0.2633339705601223,0.2157674559020141,0.1935247850740808
0.183282284359253,0.3390189638732916,0.5900272809942406,0.7343529666992081,0.2837812616648003,0.4715885524678557,0.821354656632173,0.5100233795950854,0.3663213577253692,0.2660740457528834,0.2191314098417217,0.1977318456191695
0.1753779270823041,0.3306494332026697,0.5901030615337981,0.7429222258379433,0.2799552071668533,0.4675445873081709,0.8202257761053621,0.5092274784857981,0.3657231021127869,0.2650544828904607,0.2170612843403631,0.1959026888604353
0.1649046536903468,0.3163470706642652,0.5879812064261898,0.7560472936327151,0.2763157894736842,0.4590418913313978,0.8052681091251176,0.5017659055862309,0.3616297742372241,0.2597017778627414,0.2107215249924527,0.1887080056094141
0.1605572571880248,0.3133806547303739,0.5891179145195514,0.7599522724807463,0.2735162374020157,0.4584197428452923,0.7986829727187205,0.4983833258717604,0.3594886488869297,0.2572803160644873,0.2071419329796869,0.183647338576916
0.1732042288311431,0.333086132005509,0.593513185813883,0.7428137542032759,0.2768756998880179,0.4710700953961012,0.8097836312323612,0.5060936178679799,0.3644636166126138,0.261836487605939,0.213524819942209,0.1914517407475154
0.1837763066890623,0.349613306494332,0.5972264322521976,0.7286039700618289,0.2794886151549086,0.481750311074243,0.8226716839134524,0.5148485300701388,0.3701627885008974,0.2678901421015739,0.2208996420407987,0.2010243277848911
0.1756743404801897,0.3428329272168661,0.5986662625037891,0.7365223993925588,0.274822695035461,0.4793654085441726,0.8184383819379115,0.5147987862508083,0.3704776598759406,0.2678901421015739,0.2207702591969638,0.2004755807572709
0.1673747653393933,0.3284246212522512,0.5946498939072447,0.7484542792059876,0.2733296005972378,0.4696184155951887,0.8018814675446848,0.5052977167586927,0.3652822821877263,0.2629197731472631,0.2143011170052184,0.1909029937198951
0.1707341171820966,0.3295899989405657,0.5929069414974234,0.746067903243302,0.2760358342665174,0.4688925756947324,0.7947318908748824,0.5014674426702482,0.3629837211499103,0.261836487605939,0.2137404580152672,0.1897445277726968
0.1782432565951981,0.3395486810043436,0.5942709912094575,0.7368478142965615,0.278742067935797,0.4746992948983825,0.805079962370649,0.5097746604984331,0.3667936647879342,0.2660740457528834,0.2188726441540518,0.1968782391317602
0.1870368540658037,0.3533213264116961,0.5973779933313125,0.7249159344831326,0.2809817095931318,0.4836167565325591,0.8212605832549388,0.5181316221459484,0.3726817595012437,0.2718728095329127,0.2243929788243412,0.2035851472471191
0.1802193459144353,0.3470706642652822,0.598135798726887,0.7318581191018548,0.2773422918999627,0.4810244711737868,0.8160865475070554,0.5161418693727304,0.3716741711011052,0.2708213853310393,0.222409108552206,0.2015730748125114
0.1687580278628594,0.3369000953490835,0.5996514095180357,0.7433561123766135,0.270996640537514,0.4770841974284529,0.7984948259642521,0.505994130229319,0.3665732548254038,0.2649270375326579,0.2165437529650235,0.1944393634534479
0.1700424859203636,0.3419853798071829,0.6023037284025463,0.7401019633365874,0.2699701381112355,0.4814392368311903,0.7885230479774225,0.5011689797542656,0.3639283352750401,0.262824189128911,0.2143442446198301,0.1909639656118529
0.1795277146527023,0.356181798919377,0.6051833889057291,0.7275192537151535,0.2725830533781261,0.4903566984653671,0.799247412982126,0.507436700989902,0.3677067917755597,0.2668068565602498,0.2196058136024496,0.1978537894030852
0.1880248987254223,0.3634918953278949,0.6038951197332526,0.7191669378457534,0.2774356103023516,0.4930526752384903,0.8132643461900282,0.5152464806247824,0.3720835038886615,0.2712037214044478,0.225600552033467,0.2056581915736845
0.179725323584626,0.357241233181481,0.6057896332221885,0.7268684239071483,0.2723964165733483,0.4912899211945251,0.8105362182502351,0.5134059593095558,0.3709814540760099,0.2701522972025744,0.2240048302928365,0.2038900067069081
0.1672759608734315,0.3482360419535967,0.6088966353440437,0.7383664171819069,0.2645576707726764,0.4890087100788055,0.7935089369708372,0.5031587325274836,0.3651248465002046,0.2641942267252915,0.2168025186526933,0.1923053472349247
0.169054441260745,0.3540629303951689,0.611700515307669,0.7343529666992081,0.2636244867487869,0.4937785151389465,0.7880526810912513,0.4990299955230562,0.3631726439749362,0.2622506850187981,0.2143873722344417,0.1885250899335406
0.1801205414484734,0.368259349507363,0.6133676871779328,0.7210109556351014,0.2679171332586786,0.5018664454583162,0.7990592662276575,0.5054469482166841,0.3674863818130294,0.2664882431657427,0.2193901755293915,0.195353941832815
0.186147613872147,0.3730268036868311,0.6121551985450137,0.7153704306323897,0.2714632325494587,0.5034218166735794,0.8114769520225775,0.514201860418843,0.3722094524386788,0.2710125533677436,0.2256868072626903,0.20328028778733
0.1780456476632743,0.3631740650492636,0.6113216126098818,0.7248074628484652,0.2681037700634565,0.4979261717129822,0.8126058325493885,0.5146495547928169,0.3715482225510879,0.270311603899828,0.2248673825850692,0.2030364002194988
0.1659915028159272,0.3473884945439134,0.6093513185813882,0.7394511335285823,0.2637178051511759,0.4889050186644546,0.8046095954844779,0.5068895189772671,0.3667306905129255,0.2647358694959536,0.2173200500280329,0.1941954758856167
0.1664855251457366,0.344633965462443,0.6070021218551076,0.7406443215099252,0.2653975363941769,0.4858979676482787,0.8028222013170272,0.5044023280107447,0.3647784879876571,0.2626967437711081,0.2145167550782766,0.1902323029083592
0.1791324967888548,0.3548045343786417,0.604501364049712,0.7284954984271613,0.272863008585293,0.4892160929075073,0.8129821260583255,0.5113664627170074,0.3683680216631506,0.2662970751290384,0.2193039203001682,0.196939211023718
0.1858512004742614,0.3555461383621145,0.5998787511367081,0.7244820479444626,0.2788353863381859,0.4864164247200331,0.8301034807149577,0.5187782917972442,0.3724298624012092,0.2699929905053208,0.224177340751283,0.2044387537345284
0.1823930441655963,0.3439983049051806,0.5942709912094575,0.732292005640525,0.2807017543859649,0.4768768145997512,0.8255879586077141,0.5168880266626872,0.3708240183884883,0.2683043395144332,0.222409108552206,0.2037070910310346
0.1706353127161347,0.3298018857929864,0.5931342831160958,0.7459594316086343,0.2758491974617394,0.4692036499377852,0.8106302916274694,0.5084315773765109,0.3655971535627696,0.2638756133307844,0.2161556044335187,0.1940735321017011
0.1710305305799822,0.3303316029240385,0.5932100636556532,0.7454170734352966,0.2760358342665174,0.4695147241808378,0.8078080903104422,0.5067402875192757,0.3642117195125791,0.2625374370738546,0.2140423513175486,0.1920004877751356
0.1847643513486809,0.3448458523148638,0.5930585025765384,0.7304479878511769,0.2825681224337439,0.4765657403566985,0.8227657572906867,0.5147490424314779,0.3686828930381939,0.2669024405786019,0.2191745374563333,0.1986464239985367
0.1885189210552317,0.3518381184447505,0.5951803576841467,0.7249159344831326,0.2830347144456887,0.4813355454168395,0.8310442144873,0.518529572700592,0.3717686325136182,0.2702160198814758,0.2230560227713805,0.2027315407597097
0.1771564074696176,0.3441042483313909,0.5983631403455593,0.7350037965072134,0.2757558790593505,0.4797801742015761,0.8257761053621824,0.5138536536835299,0.3689033030007242,0.2673803606703626,0.2183119851641006,0.1967562953478446
0.1643118268945756,0.332026697743405,0.5996514095180357,0.7482373359366525,0.2688503172825681,0.4746992948983825,0.8136406396989652,0.5060936178679799,0.3637708995875185,0.2619639329637418,0.2121878638892483,0.1880373147978782
0.160458452722063,0.334145566267613,0.6040466808123675,0.7493220522833278,0.2642777155655095,0.4788469514724182,0.8110065851364063,0.5048997662040491,0.3634560282124752,0.2617409035875868,0.2128779057230344,0.1882202304737516
0.1720185752396008,0.3531094395592753,0.6087450742649289,0.7332682503525328,0.2668906308324001,0.4912899211945251,0.8222013170272812,0.5109187683430334,0.3689662772757329,0.2669343019180527,0.220037089748566,0.198524480214621
0.1814049995059776,0.3711198220150439,0.6144286147317369,0.7188415229417506,0.2678238148562897,0.5040439651596847,0.8319849482596424,0.518081878326618,0.3739727321389212,0.2721595615879691,0.2271100185448742,0.2058411072495579
0.1764647762078846,0.3653988769996821,0.6141254925735071,0.7245905195791301,0.2656774916013438,0.5010369141435089,0.8273753527751646,0.5173357210366611,0.3728706823262698,0.2714904734595042,0.2254711691896321,0.2035851472471191
0.1645094358264993,0.3473884945439134,0.61048802667475,0.7403189066059225,0.2623180291153416,0.4896308585649109,0.8068673565380996,0.5067402875192757,0.3665732548254038,0.2658510163767285,0.2174925604864795,0.193768672641912
0.1658926983499654,0.3480241551011759,0.6097302212791755,0.7392341902592472,0.263437849944009,0.4894234757362091,0.797648165569144,0.5011192359349351,0.3631726439749362,0.2630790798445167,0.2144304998490533,0.1893177245289921
0.1773540164015413,0.3619027439347388,0.6109427099120945,0.7258921791951405,0.2680104516610676,0.497096640398175,0.8041392285983067,0.5053474605780232,0.3658175635253,0.2658191550372777,0.2197351964462846,0.1959636607523931
0.173994664558838,0.3795952961118762,0.6262503789026979,0.7186245796724157,0.2570921985815603,0.5161758606387391,0.8124176857949199,0.5038054021787793,0.3660064863503259,0.2675396673676161,0.2217190667184198,0.1956588012926041
0.1478114810789447,0.4012077550587986,0.6617156714155805,0.7219872003471093,0.2228443449048152,0.5511198672749896,0.8026340545625588,0.4854499328458439,0.3599294688119903,0.2646084241381508,0.2157674559020141,0.1834644229010426
0.1168856832328821,0.4211251191863543,0.6997575022734162,0.7287124416964964,0.1847704367301232,0.5868934052260473,0.7969896519285042,0.4666467691389345,0.3544192197487326,0.2635251385968266,0.2095139517833268,0.1672458996402658
0.1237031913842505,0.4269520076279267,0.6986207941800546,0.7219872003471093,0.1886898096304591,0.5889672335130651,0.8287864534336782,0.4912202158881759,0.3781290342894927,0.2900656343592684,0.2314227800060379,0.1805987439790256
0.1946447979448671,0.4505773916728466,0.6611094270991209,0.6708970604187005,0.2453340798805524,0.574761509746993,0.8904985888993415,0.5731980301447546,0.4550521112125697,0.3738928184540878,0.3153491180402812,0.2579111029815255
0.3118268945756348,0.4661510753257759,0.5823734464989391,0.5986549517301225,0.3491974617394551,0.5285151389464953,0.9212605832549388,0.6704969407551112,0.5671463207279827,0.5063085452112407,0.4459395350843145,0.3821718187915371
0.4551921746862958,0.4660451318995656,0.4724158836010912,0.5200130165961601,0.4845091452034342,0.4532351721277478,0.8731890874882409,0.7650101974829627,0.7014074750464435,0.6661887465749061,0.6002070125501359,0.5314310103042498
0.614860191680664,0.483207966945651,0.3621551985450136,0.4235817333767219,0.627846211272863,0.3862505184570717,0.7863593603010348,0.8581803710888922,0.839730470102963,0.8270885108009941,0.7552507870789666,0.6867873910127432
0.7737377729473371,0.5414768513613729,0.2819793876932404,0.3065408395704523,0.7522396416573349,0.3599128992119452,0.6757290686735654,0.9178232104660996,0.9266664567524168,0.932103485630536,0.8734204511148488,0.8247058106213038
0.931330896156506,0.5975209238266764,0.2011215519854501,0.1913439635535307,0.8764464352370288,0.3320199087515554,0.5109125117591722,0.9248868328110232,0.955445700431374,0.966450009558402,0.9466080131107948,0.9429303091274924
0.9906135757336232,0.5667973302256595,0.1337526523188845,0.1745308601800629,0.9459686450167972,0.2708419742845293,0.3968015051740357,0.8733522359846789,0.9216600018892284,0.9159816478684764,0.922068400396774,0.9643924150966404
0.8704673451239996,0.4250450259561393,0.1245074264928765,0.3130491376505043,0.8948301605076522,0.1952509332227291,0.2951081843838193,0.6682087250659106,0.7316981013256086,0.7315363537883134,0.7538275757967827,0.8253155295408818
0.6491453413694299,0.3247166013348871,0.2224916641406486,0.4859529233105543,0.7300298618887645,0.2130858564910825,0.1634054562558795,0.3553698452967219,0.4137094996693851,0.4424902822914675,0.4882477250183293,0.5816718492774832
0.4246615947040807,0.3489776459370696,0.4120187935738102,0.5967024623061069,0.5073721537887271,0.3546246370800498,0.1005644402634054,0.1190369596577625,0.1412827859819264,0.167622506850188,0.2189588993832751,0.3189439668312908
0.3442347594111254,0.36222057421337,0.4831009396786905,0.6340167046317388,0.425625233296006,0.4097884695147241,0.166698024459078,0.1221708202755807,0.0959727951131962,0.0946281781686102,0.1297709923664122,0.2182793732089507
0.3356387708724435,0.3726030299819896,0.4972719005759321,0.6334743464584011,0.4128406121687197,0.4245126503525508,0.3461900282220131,0.2702084266029946,0.2002267073900311,0.1642770662078633,0.1718204166127571,0.2332784586305713
0.2862365378915127,0.3816082212098739,0.5414519551379207,0.6560364464692483,0.3622620380739081,0.4592492741600995,0.5301034807149576,0.3963587524250112,0.2907522277149784,0.226056203402791,0.2098589727002199,0.2383391256630693
0.2287323387017093,0.3770526538828265,0.5822976659593816,0.689879596485519,0.3100037327360956,0.4848610535047697,0.6497648165569143,0.4666467691389345,0.3408482634843666,0.2537437073854585,0.2156380730581791,0.2156575818547649
0.2111451437604979,0.3621146307871596,0.5851773264625644,0.7072350580323246,0.2999253452780889,0.4795727913728744,0.7171213546566322,0.4984828135104213,0.3626058754998583,0.263588861275728,0.2161987320481304,0.204255838058655
0.2143068866712776,0.3646572730162093,0.5846468626856623,0.7040893806269661,0.3016983949234789,0.4805060141020323,0.7677328316086547,0.5138536536835299,0.3719260682011399,0.2673484993309118,0.2196058136024496,0.206450826169136
0.2057108981325956,0.3692128403432566,0.5944983328281297,0.7064757565896518,0.2915266890630832,0.4894234757362091,0.8066792097836312,0.5217131771377407,0.375861960389181,0.2685592302300388,0.2206408763531289,0.2063288823852204
0.179725323584626,0.3407140586926581,0.5939678690512277,0.735329211411216,0.2796752519596864,0.475114060555786,0.8242709313264346,0.5217629209570711,0.3735948864888693,0.2627923277894603,0.2113684392116272,0.1929760380464605
0.1603596482561012,0.3107320690751138,0.5873749621097303,0.7613624037314242,0.2745427398282941,0.455931148900871,0.8192850423330197,0.5164900761080435,0.3665102805503952,0.2532020646147964,0.1985595376719713,0.176391683433937
0.158284754470902,0.3004555567327047,0.5816156411033646,0.7677622301768087,0.2771556550951848,0.4470136872666944,0.8183443085606773,0.5145998109734866,0.3636134638999969,0.2491556745045562,0.1939448829085263,0.1701725504542406
0.1655962849520798,0.3035279160928064,0.5782055168232798,0.7622301768087646,0.2826614408361329,0.4460804645375363,0.8289746001881467,0.5209172760284535,0.3661009477628389,0.2502070987064296,0.1967481778582826,0.1730992012682153
0.1678687876692026,0.3046932937811208,0.5772961503485905,0.7603861590194164,0.284341172079134,0.4460804645375363,0.8349012229539041,0.5261901208774811,0.3686199187631852,0.2516408589817115,0.1980851339112433,0.1757819645143589
0.1572967098112834,0.2949464985697637,0.5783570779023947,0.7711248508515023,0.278648749533408,0.4420364993778515,0.827563499529633,0.5221111276923842,0.3657545892502913,0.2492193971834576,0.1938155000646914,0.1705993536979452
0.1455389783618219,0.2768301726877846,0.5744922703849652,0.7868532378782949,0.2754759238521836,0.4305267523849025,0.8134524929444967,0.5126100582002686,0.3601183916370163,0.2432931880456254,0.1860094018199853,0.1606609353088226
0.1480090900108684,0.2754529081470494,0.5716126098817824,0.7862024080702895,0.2783687943262412,0.4279344670261303,0.8158043273753527,0.5122121076456251,0.3603073144620423,0.2419868731281463,0.1839824039332384,0.1584049753063837
0.1568026874814741,0.2840343256700921,0.5710063655653228,0.7769823191235491,0.2829413960432997,0.4316673579427623,0.8334901222953903,0.521862408595732,0.3642746937875878,0.2452685910915695,0.1877776340190624,0.1639534174745442
0.1599644303922537,0.2837164953914609,0.5682782661412549,0.7753552446035362,0.2861142217245241,0.4296972210700954,0.8460018814675447,0.5283291051086902,0.3680531502881073,0.2482316956604855,0.1907965670418769,0.1674288153161393
0.1460330006916312,0.2646466786735882,0.5653986056380722,0.7928191777850092,0.2812616648002986,0.4182911654914973,0.8435559736594542,0.524299855742924,0.3653137693252307,0.2449499776970624,0.18639755035149,0.1623071763916834
0.1388202746764154,0.2542642229049687,0.5635040921491361,0.8021477383664172,0.2791153415453528,0.4119659892160929,0.8344308560677327,0.5171864895786699,0.3597405459869643,0.2399796087427515,0.178936473023677,0.1525516736784342
0.1404011461318051,0.2592435639368576,0.5658532888754167,0.7986766460570561,0.2783687943262412,0.4160099543757777,0.8348071495766698,0.5165398199273741,0.3591108032368778,0.2392149365959345,0.1772544960538232,0.1506005731357844
0.1487007212726015,0.2760885687043118,0.5715368293422249,0.7854431066276168,0.278742067935797,0.428141849854832,0.8484477892756349,0.5241506242849326,0.3641487452375704,0.2431976040272733,0.1821279165049381,0.1574294250350588
0.1517636597174192,0.2888017798495603,0.5782812973628372,0.7773077340275518,0.2761291526689063,0.4390294483616757,0.861618062088429,0.5304183455205691,0.3678012531880727,0.2462881539539922,0.1861819122784319,0.1627339796353881
0.1406975595296907,0.2849878165059857,0.5840406183692028,0.7853346349929493,0.2673572228443449,0.4411032766486935,0.8571966133584196,0.5283291051086902,0.3668251519254384,0.244217166889696,0.1830767240263941,0.1574903969270166
0.1263709119652208,0.2771480029664159,0.5894210366777812,0.7972665148063781,0.2571855169839492,0.4408958938199918,0.8552210724365005,0.5233547231756454,0.3640857709625618,0.2396291340087937,0.1770819855953767,0.1481616974574721
0.1272601521588776,0.2850937599321961,0.5944225522885723,0.7926022345156741,0.2545726017170586,0.448257984238905,0.8672624647224835,0.5262398646968114,0.3647155137126484,0.2398521633849487,0.1763488161469789,0.1461496250228644
0.1380298389487204,0.3014090475685983,0.5978326765686572,0.7783924503742272,0.257558790593505,0.4585234342596433,0.8831608654750706,0.5334527184997264,0.368493970213168,0.2438985534951889,0.1816966403588218,0.1530394488140967
0.1442545203043177,0.310520182222693,0.5995756289784784,0.7702570777741621,0.2594251586412841,0.4642264620489423,0.89379115710254,0.5386260757100931,0.3710444283510186,0.2462881539539922,0.1849312114546944,0.1581610877385525
0.1360537496294832,0.3062824451742769,0.6028341921794483,0.7769823191235491,0.2535460992907801,0.4643301534632932,0.8905926622765756,0.5364373476595533,0.3698164299883498,0.2438029694768368,0.1807047052227541,0.1528565331382232
0.1252840628396403,0.2956881025532365,0.6035162170354653,0.7883718407636403,0.248040313549832,0.4595603484031522,0.8805268109125117,0.531413221907178,0.3664787934128909,0.2390237685592302,0.17479622202096,0.1452350466434973
0.1277541744886869,0.2971713105201822,0.6026826311003335,0.7862024080702895,0.2497200447928332,0.459767731231854,0.876763875823142,0.5302691140625777,0.3649359236751787,0.237175810871089,0.1730279898218829,0.144076580696299
0.1370417942891018,0.3084013136984849,0.6035919975750228,0.7753552446035362,0.2535460992907801,0.4658855246785566,0.885324553151458,0.5355419589116053,0.3675178689505338,0.2389600458803288,0.1765644542200371,0.1490762758368392
0.1401047327339195,0.3142282021400571,0.6054107305244013,0.7706909643128322,0.253919372900336,0.4700331812525923,0.8973659454374412,0.5424563497985375,0.3711074026260273,0.2416363983941885,0.179885280545133,0.1537711115175904
0.1324967888548562,0.3036338595190168,0.6036677781145803,0.7803449397982428,0.2513064576334453,0.463604313562837,0.8930385700846659,0.5416107048699199,0.370792531250984,0.2395016886509909,0.1763919437615905,0.1487104444850924
0.1231103645884793,0.2919800826358724,0.6025310700212185,0.7914090465343312,0.2476670399402762,0.4570717544587309,0.8836312323612417,0.5367855543948664,0.3679901760130987,0.2352641305040464,0.1700953120282917,0.141210901774282
0.1250864539077166,0.2928276300455556,0.6016974840860867,0.7898904436489859,0.2490668159761105,0.45696806304438,0.8845719661335841,0.5385265880714322,0.3679586888755943,0.2344038743388772,0.1684564626730495,0.139015913663801
0.1412903863254619,0.3080834834198537,0.6001060927553804,0.7731858119101855,0.257652108995894,0.4633969307341352,0.8974600188146754,0.5475302193702433,0.3727762209137567,0.2378130376601032,0.1732005002803295,0.1460886531309066
0.1502815927279913,0.3068121623053289,0.5922249166414064,0.7688469465234841,0.2667973124300112,0.4572791372874326,0.907337723424271,0.5550912799084714,0.3755156018766334,0.2398521633849487,0.1754431362401345,0.1509664044875312
0.1449461515660507,0.2851997033584065,0.5809336162473477,0.782839787395596,0.2712765957446809,0.4390294483616757,0.9030103480714956,0.5533005024125752,0.3723354009886961,0.2352322691645957,0.1698796739552335,0.1441375525882568
0.1351645094358265,0.2628456404280114,0.5723704152773568,0.7996528907690639,0.2718365061590145,0.4222314392368312,0.8911571025399811,0.5496194597821221,0.368210585975629,0.2286688332377493,0.162246086168974,0.1346869093347966
0.134077660310246,0.2527810149380231,0.5660806304940892,0.8054018874064431,0.2752892870474058,0.4130029033596019,0.8967074317968015,0.5537979406058797,0.3690607386882458,0.2275855476964251,0.1596584292922758,0.1327967806841046
0.143365280110661,0.2562771480029664,0.5614580175810852,0.7985681744223885,0.282474804031355,0.4115512235586894,0.917873941674506,0.5669800527284485,0.374130167826443,0.2308035429809469,0.1632811489196532,0.1404792390707883
0.146922240885288,0.2492848818730797,0.5537284025462261,0.8001952489424016,0.2889137737961926,0.4028411447532144,0.933396048918156,0.5757349649306074,0.3759249346641897,0.2311858790543554,0.1647043602018372,0.1452350466434973
0.1367453808912163,0.224176289861214,0.543573810245529,0.8186354268358824,0.2904068682344158,0.3835545416839486,0.9282220131702728,0.5720539223001542,0.3707610441134796,0.223634741604537,0.1560357096648984,0.1368209255533199
0.1255804762375259,0.2021400572094501,0.536374658987572,0.8360993600173554,0.2894736842105263,0.3678971381169639,0.9238946378174976,0.568024672934388,0.3661954091753519,0.2167845536226343,0.1469789105964549,0.1243826595939272
0.1281493923525343,0.2015043966521877,0.5338739011821765,0.8350146436706801,0.2922732362821948,0.3658233098299461,0.9311382878645345,0.5746903447246681,0.3687143801756983,0.2171031670171414,0.147798335274076,0.1257850131089568
0.1448473471000889,0.2195147791079563,0.5341012428008487,0.8165744657771993,0.3000186636804778,0.3748444628784736,0.950799623706491,0.5915037556583594,0.3775937529519191,0.2236984642834384,0.1576745590201406,0.1378574477166026
0.1534433356387708,0.2345587456298336,0.5381933919369506,0.8042086994251003,0.301511758118701,0.3850062214848611,0.9650047036688616,0.6027956026463712,0.3847413331654019,0.2285732492193972,0.164014318368051,0.145661849887202
0.1481078944768303,0.2301091217289966,0.5391027584116399,0.809415337889142,0.2985255692422546,0.3834508502695977,0.9622765757290688,0.603442272297667,0.3843320003778457,0.2263429554578474,0.1611247681890714,0.1428571428571428
0.1415867997233475,0.2185612882720626,0.53584419521067,0.8188523701052175,0.2974057484135872,0.3755703027789299,0.9521166509877704,0.6029448341043625,0.3820334393400296,0.2228063467788185,0.1551731573726657,0.1366989817694043
0.149787570398182,0.2262951583854221,0.5350863898150955,0.8103915826011499,0.3017917133258679,0.3787847366238075,0.9593603010348072,0.6113017957518778,0.3857804087030448,0.2248136111642133,0.1580195799370337,0.1393817450155478
0.1681652010670882,0.2443055408411907,0.5338739011821765,0.7910836316303287,0.311123553564763,0.3868726669431771,0.9757290686735652,0.6271203302989604,0.3958877798419346,0.2329063913846938,0.1675939103808168,0.1529175050301811
0.1808121727102065,0.2524631846593919,0.5300090936647469,0.7800195248942401,0.3195222097797686,0.3881169639153878,0.9888993414863594,0.6402029547828683,0.4047041783431468,0.241031032944625,0.1775563893561047,0.1664532650448143
0.1783420610611599,0.2430342197266659,0.5251591391330707,0.7860939364356221,0.3213885778275476,0.38023641642472,0.9839134524929444,0.6422424513754167,0.4062785352183633,0.2429745746511183,0.1804459395350843,0.1681604780196329
0.1721173797055627,0.2348765759084648,0.5240982115792665,0.7937954224970171,0.3190556177678238,0.3755703027789299,0.9704609595484478,0.6352285728498235,0.4058377152933027,0.2426878225960619,0.1804890671496959,0.1672458996402658
0.1844679379507953,0.2529929017904438,0.5275841163989088,0.7776331489315544,0.3227883538633819,0.3867689755288262,0.9586077140169332,0.6306521414714222,0.4078528920935798,0.2486458930733448,0.186871954112218,0.1750503018108652
0.2069953561900998,0.2913444220786099,0.5376629281600485,0.7457424883392993,0.3271743187756626,0.4123807548734964,0.9490122295390404,0.6335870268119187,0.4152838565446016,0.2610399541196712,0.2032604476646397,0.1935857569660386
0.217567434048019,0.3232333933679415,0.5524401333737496,0.7236142748671223,0.3230683090705487,0.4380962256325176,0.932173095014111,0.629408545988161,0.4209200541578765,0.2726374816797298,0.2187863889248285,0.2107188586061825
0.2123307973520403,0.3316029240385633,0.562443164595332,0.7220956719817767,0.3144830160507652,0.4490875155537121,0.9002822201317027,0.6132915485250957,0.4180232375074782,0.2762696743771108,0.2239617026782249,0.2135845375281995
0.2055132892006719,0.3308613200550905,0.5671415580478933,0.7263260657338106,0.3083240014930944,0.4518871837411862,0.8765757290686735,0.5978709645326569,0.4130167826442898,0.2762696743771108,0.2249536378142925,0.211206633741845
0.2122319928860784,0.3429388706430765,0.5706274628675356,0.7163466753443974,0.3093505039193729,0.4601824968892576,0.8648165569143932,0.5902601601750983,0.4132686797443244,0.2813993500286752,0.2315952904644844,0.2174867386134991
0.2267562493824721,0.3616908570823179,0.5729008790542589,0.6988827421629245,0.314762971257932,0.4709664039817503,0.8650987770460958,0.5885191264985326,0.4156617021946535,0.2893009622124514,0.2423771941173933,0.2286445948417779
0.2263610315186246,0.3615849136561075,0.5731282206729312,0.6990996854322594,0.3144830160507652,0.4710700953961012,0.8603951081843837,0.5814057603342785,0.4132686797443244,0.2928375708914802,0.2468624660370035,0.232424852143162
0.2093666633731845,0.3467528339866511,0.5756289784783268,0.7160212604403948,0.3048712206047032,0.4655744504355039,0.8424270931326434,0.566482614535144,0.405680279605781,0.2893009622124514,0.2419027903566654,0.2249253094323517
0.196126864934295,0.3350990571035067,0.577371930888148,0.729254799869834,0.297592385218365,0.4610120282040647,0.8230479774223894,0.5511117743620355,0.3971157782046035,0.2842987319186899,0.2346142234872989,0.2151088348271446
0.2002766525046932,0.3379595296111876,0.5762352227947863,0.7255667642911379,0.3002053004852557,0.4616341766901701,0.8183443085606773,0.5457891856936775,0.3943134229667181,0.28340661441407,0.2353473929356967,0.2158404975306384
0.2084774231795277,0.3474944379701239,0.5767656865716884,0.7161297320750624,0.3038447181784248,0.4667150559933637,0.8208842897460018,0.5451425160423817,0.3942189615542051,0.2861148282673804,0.2400051753137534,0.2215108834827144
0.2124296018180022,0.3502489670515944,0.5757047590178842,0.7125501681310338,0.3062709966405375,0.4673372044794692,0.8240827845719662,0.5445953340297468,0.3944708586542397,0.287803479258268,0.2419027903566654,0.2251691970001829
0.2040312222112439,0.3397605678567644,0.5747196120036374,0.722529558520447,0.3030048525569243,0.4614267938614683,0.8136406396989652,0.5373327364075013,0.3899367108536163,0.2845536226342955,0.2376331565101134,0.2201085299676849
0.1882225076573461,0.3300137726454073,0.5797969081539861,0.7361969844885562,0.2923665546845838,0.4601824968892576,0.8005644402634055,0.5274337163607422,0.3843005132403413,0.2789141655515198,0.2305602277138051,0.2088287299554905
0.189012943385041,0.3373238690539252,0.58441952106699,0.7320750623711899,0.2898469578200821,0.4669224388220655,0.8078080903104422,0.525195244490872,0.3833873862527158,0.2776715733129421,0.2290938888170095,0.2052313883299799
0.1953364292066001,0.3457993431507574,0.585632009699909,0.7241566330404599,0.2921799178798059,0.4718996267109083,0.8254938852304797,0.5330547679450829,0.3870713813407224,0.2813993500286752,0.2332772674343382,0.2106578867142247
0.1942495800810197,0.344633965462443,0.585632009699909,0.7253498210218028,0.2916200074654722,0.4713811696391538,0.8372530573847601,0.5402178779286674,0.3900941465411379,0.2844898999553941,0.2372450079786087,0.2130357905005792
0.1826894575634818,0.3379595296111876,0.5896483782964534,0.7352207397765483,0.2836879432624113,0.4708627125673994,0.8376293508936971,0.5373327364075013,0.3892125066910168,0.2824507742305486,0.2345279682580756,0.2095603926589842
0.1701412903863254,0.3319207543171946,0.5950287966050318,0.7452001301659615,0.2744494214259051,0.4715885524678557,0.8276575729068674,0.531512709545839,0.3861897414906011,0.2790097495698719,0.2282744641393884,0.2014511310285958
0.1738958600928762,0.3424091535120245,0.5996514095180357,0.7377155873739017,0.2734229189996268,0.479883865615927,0.8284101599247412,0.5326070735711088,0.387323278440757,0.2802204804689989,0.2293526545046793,0.2023047375160051
0.1909890327042782,0.3650810467210509,0.6027584116398909,0.7166720902484001,0.2795819335572975,0.4930526752384903,0.8456255879586078,0.5434014823658161,0.3937466544916402,0.2868795004141974,0.2371587527493854,0.2118163526614231
0.1983993676514178,0.3787477487021929,0.6068505607759928,0.705716455146979,0.280515117581187,0.5024885939444214,0.8564440263405457,0.5509625429040442,0.3992569035548979,0.2923277894602689,0.2431534911804028,0.2186452045606975
0.1902974014425452,0.3700603877529398,0.6067747802364353,0.7146111291897169,0.276782381485629,0.4982372459560348,0.8477892756349952,0.5475799631895737,0.3966749582795428,0.2894284075702543,0.2393582610945789,0.213096762392537
0.1826894575634818,0.3574531200339018,0.6036677781145803,0.7252413493871352,0.2751026502426278,0.4899419328079635,0.8341486359360301,0.542058399243894,0.392392707578954,0.2853501561205633,0.2337947988096778,0.2062679104932626
0.1880248987254223,0.357241233181481,0.5994240678993635,0.7223126152511119,0.2802351623740202,0.4869348817917877,0.839981185324553,0.5434512261851465,0.3930539374665449,0.2868476390747467,0.234484840643464,0.2077922077922078
0.1948424068767908,0.3669880283928382,0.6011670203091846,0.7136348844777091,0.282381485628966,0.4928452924097885,0.8583254938852305,0.5518579316519923,0.3973047010296294,0.2914993946345504,0.2411696209082675,0.2152917505030181
0.1997826301748839,0.3733446339654623,0.601924825704759,0.7076689445709947,0.284247853676745,0.4964744919120697,0.8777986829727188,0.5605133562154903,0.4010516703926446,0.2950360033135793,0.2454392547548195,0.2198646423998536
0.1911866416362019,0.3634918953278949,0.6014701424674144,0.7174313916910728,0.2804217991787981,0.491393612608876,0.8773283160865476,0.5586230910809332,0.3984697251172896,0.2920091760657618,0.2414283865959374,0.21468203158344
0.1793301057207786,0.3452696260197054,0.5974537738708701,0.7332682503525328,0.2772489734975737,0.4797801742015761,0.8594543744120413,0.5496692036014525,0.3931798860165623,0.2870069457720002,0.2345279682580756,0.2070605450887141
0.1836775022231005,0.3442101917576014,0.5934374052743255,0.7314242325631848,0.2818215752146323,0.4764620489423476,0.8412041392285983,0.5418594239665722,0.3902515822286596,0.284394315937042,0.2328459912882218,0.2057801353576001
0.1987945855152653,0.3608433096726348,0.5937405274325553,0.7146111291897169,0.2887271369914147,0.4848610535047697,0.8426152398871118,0.5435507138238074,0.3934002959790926,0.2881539539922259,0.2383231983438996,0.2135845375281995
0.2016599150281593,0.362750291344422,0.5929069414974234,0.7120078099576961,0.2905935050391938,0.4851721277478225,0.8467544684854186,0.5465850868029647,0.3942819358292138,0.2898744663225642,0.2403501962306465,0.2182793732089507
0.1895069657148503,0.3445280220362326,0.5891936950591088,0.7280616118884911,0.2871407241508025,0.4737660721692244,0.8369708372530574,0.5378301746008058,0.3886457382159388,0.2845536226342955,0.2346573511019105,0.2095603926589842
0.1807133682442446,0.3366882084966627,0.5902546226129131,0.7368478142965615,0.282381485628966,0.4706553297386976,0.8161806208842897,0.5260906332388201,0.3819074907900123,0.2792327789460269,0.2278431879932721,0.2005365526492287
0.1835786977571386,0.344633965462443,0.5938163079721127,0.7312072892938497,0.2815416200074654,0.4768768145997512,0.8105362182502351,0.5242501119235935,0.3806794924273435,0.2799655897533932,0.2295251649631259,0.2024266812999207
0.1974113229917992,0.3576650068863227,0.5925280387996362,0.7169975051524026,0.2888204553938037,0.4824761509746993,0.8177798682972718,0.5298711635079342,0.3850247174029409,0.2845217612948448,0.2363824556863759,0.2118163526614231
0.2022527418239304,0.3626443479182116,0.5923764777205214,0.711790866688361,0.2912467338559164,0.484757362090419,0.819002822201317,0.5324080982937871,0.3874177398532699,0.2873892818454088,0.2404364514598697,0.2176696542893726
0.1940519711490959,0.354592647526221,0.5929069414974234,0.7203601258270962,0.2870474057484136,0.4812318540024886,0.8071495766698025,0.525195244490872,0.3832929248402028,0.2840757025425349,0.2363393280717644,0.2132187061764526
0.1835786977571386,0.3453755694459158,0.5943467717490148,0.730881874389847,0.2811683463979096,0.4777063459145583,0.7929444967074318,0.5158434064567478,0.3777826757769452,0.2789460268909705,0.2299564411092422,0.2046826413023596
0.1907914237723545,0.3503549104778048,0.5923764777205214,0.724373576309795,0.2858342665173572,0.4787432600580671,0.7888052681091251,0.5143510918768344,0.376428728864259,0.2778627413496463,0.2294820373485142,0.204865556978233
0.2021539373579686,0.3592541582794787,0.5899515004546833,0.7135264128430415,0.2926465098917507,0.4814392368311903,0.7975540921919096,0.5184300850619311,0.3799867754022482,0.2812400433314216,0.2343985854142407,0.2131577342844948
0.1986957810493034,0.3521559487233817,0.5876023037284025,0.7191669378457534,0.2924598730869727,0.4763583575279967,0.8063029162746943,0.5220116400537234,0.3805850310148304,0.2826100809278022,0.2355199033941433,0.2151088348271446
0.1856535915423377,0.3370060387752939,0.5867687177932707,0.7340275517952056,0.2868607689436357,0.468374118622978,0.8043273753527751,0.5178331592299656,0.3771844201643629,0.2786274134964634,0.2309052486306982,0.2090116456313639
0.1754767315482659,0.3295899989405657,0.5892694755986663,0.743464584011281,0.280515117581187,0.4664039817503111,0.7953904045155221,0.5115156941749988,0.3733429893888347,0.2745491620467724,0.2267649976279812,0.2018169623803426
0.1781444521292362,0.3390189638732916,0.5938920885116703,0.737173229200564,0.2789287047405748,0.474180837826628,0.7973659454374412,0.5120131323683033,0.3741616549639472,0.2755050022302938,0.2278431879932721,0.2030364002194988
0.1921746862958205,0.357770950312533,0.5965444073961808,0.7198177676537585,0.2839678984695782,0.4851721277478225,0.8103480714957667,0.517982390687957,0.3781605214269971,0.2794558083221818,0.2339241816535127,0.2111456618498872
0.1908902282383163,0.3614789702298972,0.6002576538344953,0.7186245796724157,0.2810750279955207,0.4896308585649109,0.8166509877704609,0.5195741929065314,0.3793255455146572,0.2804116485057032,0.2356924138525898,0.2127309310407902
0.1793301057207786,0.3604195359677931,0.6083661715671416,0.7255667642911379,0.2705300485255693,0.4946080464537536,0.8049858889934148,0.5144505795154952,0.37614534462672,0.2773848212578857,0.2319403113813775,0.2084019267117859
0.1776504297994269,0.3662464244093653,0.6138223704152773,0.7235058032324547,0.2664240388204554,0.5011406055578599,0.7924741298212606,0.5087300402924937,0.3722094524386788,0.2729879564136876,0.2270668909302626,0.2019998780562161
0.1828870664954056,0.3753575590634601,0.6163989087602304,0.7159127888057273,0.2672639044419559,0.5074657818332642,0.7987770460959548,0.5111674874396857,0.3730910922888001,0.2735933218632511,0.2273256566179325,0.202975428327541
0.1957316470704476,0.3802309566691386,0.6099575628978479,0.7063672849549844,0.2773422918999627,0.5053919535462463,0.8229539040451552,0.5212654827637666,0.3777826757769452,0.2777352959918435,0.2330185017466683,0.2102310834705201
0.1964232783321806,0.3774764275876681,0.6074568050924524,0.7073435296669921,0.2792086599477417,0.5022812111157197,0.8372530573847601,0.5282296174700294,0.3807739538398564,0.2793920856432804,0.2343985854142407,0.2118773245533809
0.1831834798932911,0.3596779319843203,0.6048044862079418,0.7238312181364573,0.2745427398282941,0.4918083782662796,0.8381937911571025,0.5232054917176541,0.3775307786769105,0.2751545274963359,0.2270668909302626,0.2037680629229925
0.1709317261140203,0.3477063248225447,0.6057138526826311,0.7366308710272265,0.2681970884658455,0.486520116134384,0.8315145813734712,0.5158434064567478,0.3723354009886961,0.2699929905053208,0.2202096002070125,0.1946222791293214
0.1712281395119059,0.3530034961330648,0.6091997575022734,0.7337021368912029,0.2662374020156775,0.4916009954375778,0.832925682031985,0.5138536536835299,0.3702257627759061,0.2693876250557573,0.2192176650709449,0.193158953722334
0.1789348878569311,0.3623265176395804,0.6100333434374053,0.7246989912137975,0.2693169092945129,0.4966818747407714,0.8378174976481656,0.5172859772173308,0.3723039138511918,0.2714904734595042,0.2233147884590503,0.1984635083226632
0.1828870664954056,0.3633859519016844,0.6076841467111246,0.7220956719817767,0.2726763717805151,0.4955412691829117,0.8285042333019755,0.5146495547928169,0.3717371453761138,0.2709806920282928,0.2237891922197783,0.2004755807572709
0.169746072522478,0.3505667973302256,0.6086692937253713,0.7357630979498861,0.2658641284061216,0.4899419328079635,0.8070555032925681,0.5042033527334229,0.3663528448628735,0.2663607978079398,0.2178375814033726,0.1940735321017011
0.1621381286434147,0.3414556626761309,0.6079872688693544,0.744657771992624,0.2626913027248974,0.4850684363334716,0.7927563499529633,0.4975874247624732,0.3622280298498064,0.2624737143949531,0.2124466295769181,0.1879763429059203
0.1708329216480585,0.350672740756436,0.6079114883297969,0.7351122681418809,0.2667973124300112,0.4895271671505599,0.7968015051740357,0.5004228224643088,0.3635819767624926,0.2639393360096859,0.2150342864536162,0.1907200780440217
0.1826894575634818,0.3655048204258925,0.6094270991209458,0.7211194272697689,0.2715565509518477,0.4978224802986312,0.8064910630291627,0.5081331144605283,0.3681476117006203,0.2692283183585038,0.2215465562599732,0.2000487775135662
0.183973915620986,0.362750291344422,0.6064716580782055,0.7217702570777742,0.2739828294139604,0.4944006636250518,0.8052681091251176,0.5100233795950854,0.370320224188419,0.2707895239915886,0.2248673825850692,0.2046826413023596
0.1727102065013338,0.3429388706430765,0.6009396786905122,0.7380410022779043,0.2720231429637925,0.4809207797594359,0.7929444967074318,0.5044520718300751,0.3662898705878649,0.2668387178997005,0.2200802173631776,0.1983415645387476
0.1694496591245924,0.3312850937599321,0.5950287966050318,0.7458509599739669,0.2740761478163494,0.471277478224803,0.7777046095954845,0.4953986967119335,0.3605906986995812,0.2620276556426432,0.2137835856298788,0.191573684531431
0.1783420610611599,0.3387011335946604,0.5935889663534405,0.737173229200564,0.2792086599477417,0.4738697635835753,0.7770460959548448,0.4958463910859075,0.3612834157246765,0.262824189128911,0.2160262215896839,0.194744222913237
0.1903962059085071,0.3535332132641169,0.5949530160654745,0.722963445059117,0.2840612168719671,0.4820613853172957,0.7886171213546566,0.5019151370442223,0.3653452564627349,0.2676352513859683,0.2228835123129339,0.2038900067069081
0.1883213121233079,0.3549104778048522,0.5975295544104274,0.7233973315977872,0.2814483016050765,0.4845499792617171,0.7925682031984947,0.5036561707207879,0.3664158191378822,0.2691327343401516,0.224781127355846,0.2059630510334735
0.1764647762078846,0.3415616061023413,0.5969990906335253,0.7367393426618939,0.2762224710712953,0.4776026545002074,0.7824082784571965,0.4963935730985425,0.3624484398123367,0.2651182055693621,0.2180100918618191,0.1985854521065788
0.1659915028159272,0.3288483949570929,0.5960139436192786,0.7489966373793253,0.2718365061590145,0.4707590211530486,0.7750705550329257,0.4906730338755409,0.3585125476242955,0.2601478366150512,0.2119290982015785,0.1909029937198951
0.1716233573757534,0.3398665112829748,0.5995756289784784,0.740210434971255,0.2723964165733483,0.4785358772293654,0.7795860771401693,0.492563299010098,0.359803520261973,0.2619002102848404,0.2139129684737137,0.1929150661545027
0.1860488094061851,0.356181798919377,0.6001818732949379,0.7240481614057924,0.278742067935797,0.4869348817917877,0.7958607714016933,0.5017161617669005,0.3654082307377436,0.2675715287070668,0.2207702591969638,0.2034022315712456
0.1834798932911767,0.3560758554931665,0.602076386783874,0.7254582926564703,0.2764091078760732,0.4881791787639984,0.8053621825023517,0.5056459234940059,0.3678957146005857,0.269865545147518,0.2237460646051667,0.2057191634656423
0.173303033297105,0.3430448140692869,0.6006365565322824,0.7377155873739017,0.2724897349757372,0.4808170883450851,0.8001881467544684,0.5009700044769437,0.3655026921502566,0.2667112725418977,0.2194333031440031,0.198219620754832
0.1676711787372789,0.3350990571035067,0.5991967262806912,0.744874715261959,0.2707166853303472,0.4759435918705931,0.7955785512699904,0.4975376809431429,0.3617242356497371,0.2629834958261645,0.214818648380558,0.191573684531431
0.1747851002865329,0.3408200021188685,0.5977568960290996,0.7380410022779043,0.27491601343785,0.4778100373289092,0.8042333019755408,0.501218723573596,0.3630781825624233,0.2641305040463901,0.216371242506577,0.193463813182123
0.18259065309752,0.3488717025108591,0.5976053349499849,0.7296886864085043,0.278742067935797,0.4815429282455413,0.8200376293508937,0.5082326020991892,0.3661009477628389,0.2674122220098133,0.2203389830508474,0.1999268337296506
0.1786384744590455,0.3398665112829748,0.5941952106699,0.7364139277578913,0.2790220231429638,0.4749066777270841,0.8263405456255879,0.509874148137094,0.3658175635253,0.2661377684317849,0.2190020269978867,0.1982805926467898
0.1682640055330501,0.3136984850090051,0.5834343740527433,0.7555049354593774,0.2807017543859649,0.4546868519286603,0.8179680150517403,0.5041536089140924,0.3610630057621462,0.2611036767985726,0.2123603743476948,0.1883421742576672
0.1637190000988044,0.3009852738637567,0.5778266141254926,0.7645080811367828,0.2820082120194103,0.4446287847366238,0.8077140169332079,0.4977366562204646,0.3561824994489751,0.2567068119543745,0.2064518911459007,0.1816962380342662
0.1695484635905543,0.3171946180739485,0.5849499848438922,0.7530100878620242,0.2804217991787981,0.4573828287017835,0.8095954844778928,0.497338705665821,0.3574419849491483,0.2579494041929522,0.2086945271057058,0.1851106639839034
0.1837763066890623,0.3436804746265494,0.5930585025765384,0.7316411758325198,0.2821015304217992,0.4759435918705931,0.8175917215428035,0.5028602696115008,0.3627947983248843,0.2636844452940801,0.2169319014965282,0.1960856045363087
0.1866416362019563,0.3543807606738001,0.5985147014246742,0.7245905195791301,0.2800485255692422,0.4849647449191208,0.8143932267168391,0.5056956673133364,0.3655971535627696,0.2667431338813483,0.2212446629576918,0.2020608499481739
0.1734018377630669,0.339654624430554,0.5980600181873295,0.7394511335285823,0.2741694662187383,0.4773952716715056,0.7940733772342428,0.4969904989305079,0.3610944928996505,0.2617727649270375,0.2152499245266744,0.1927931223705871
0.1638178045647663,0.3299078292191969,0.5984389208851167,0.7496474671873306,0.2694102276969018,0.4729365408544173,0.7824082784571965,0.4903745709595583,0.3574734720866526,0.2577900974956987,0.2098158450856083,0.18492774830803
0.1769587985376939,0.3443161351838117,0.5986662625037891,0.7350037965072134,0.2753826054497947,0.4800912484446288,0.7849482596425212,0.4940556135900114,0.3592052646493908,0.259956668578347,0.2122309915038599,0.1896225839887811
0.1912854461021638,0.3542748172475897,0.5947256744468021,0.7220956719817767,0.2846211272863009,0.4822687681459975,0.7968015051740357,0.503108988708153,0.3636134638999969,0.2651182055693621,0.2191314098417217,0.199804889945735
0.1916806639660112,0.3519440618709608,0.592831160957866,0.7230719166937846,0.2860209033221351,0.4797801742015761,0.8018814675446848,0.5072377257125802,0.3659749992128216,0.2680494487988275,0.2223659809375943,0.2027925126516676
0.1826894575634818,0.3399724547091852,0.5911639890876023,0.734136023429873,0.2827547592385218,0.4728328494400663,0.7907808090310442,0.4985823011490822,0.3620076198872761,0.2637481679729815,0.2170612843403631,0.1943174196695323
0.1727102065013338,0.3305434897764593,0.5920733555622917,0.7444408287232888,0.2775289287047406,0.4688925756947324,0.77826904985889,0.4912202158881759,0.3575994206366699,0.2593831644682342,0.2112390563677923,0.1877934272300469
0.1742910779567236,0.3365822650704523,0.5951803576841467,0.7405358498752576,0.2763157894736842,0.4738697635835753,0.7807149576669803,0.4952494652539422,0.3589218804118518,0.2614222901930798,0.213999223702937,0.1914517407475154
0.1853571781444521,0.3513084013136984,0.5972264322521976,0.7268684239071483,0.2802351623740202,0.4825798423890502,0.7944496707431796,0.5030592448888226,0.3639283352750401,0.2666156885235455,0.2210721524992452,0.2002926650813974
0.1880248987254223,0.3516262315923296,0.5954834798423765,0.7252413493871352,0.2825681224337439,0.4814392368311903,0.7978363123236124,0.5042530965527533,0.3650303850876917,0.2671891926336583,0.2220640876353129,0.2027315407597097
0.1829858709613674,0.3414556626761309,0.5919975750227342,0.7332682503525328,0.282381485628966,0.474077146412277,0.786829727187206,0.4993782022583694,0.3612834157246765,0.2626967437711081,0.2170181567257515,0.19632949210414
0.1763659717419227,0.3349931136772963,0.5924522582600789,0.740210434971255,0.2789287047405748,0.471277478224803,0.7796801505174036,0.4950007461572899,0.3589533675493561,0.2598929458994456,0.2133954370983741,0.1917566002073044
0.183973915620986,0.3457993431507574,0.5943467717490148,0.7304479878511769,0.2813549832026876,0.4778100373289092,0.7828786453433677,0.4976869124011341,0.3609685443496332,0.2617727649270375,0.215293052141286,0.1960856045363087
0.1962256694002569,0.3612670833774764,0.596089724158836,0.7158043171710597,0.2861142217245241,0.4866238075487349,0.7943555973659454,0.50499925384271,0.3656286407002739,0.2669661632575033,0.2221934704791478,0.2055972196817267
0.1962256694002569,0.3608433096726348,0.5957108214610488,0.7160212604403948,0.286300858529302,0.4862090418913314,0.7987770460959548,0.5068397751579367,0.3674863818130294,0.2691008730007009,0.2238754474490016,0.2075483202243765
0.1824918486315581,0.3450577391672846,0.5950287966050318,0.7316411758325198,0.2802351623740202,0.4779137287432601,0.7942615239887112,0.5028105257921703,0.3639598224125445,0.2653412349455171,0.2180963470910424,0.1988903115663679
0.1741922734907618,0.3324504714482466,0.592300697180964,0.7427052825686083,0.2780888391190743,0.4699294898382413,0.7921919096895578,0.4981346067751082,0.3605277244245726,0.2620595169820939,0.2131366714107042,0.1919395158831778
0.1774528208675032,0.3344633965462443,0.5912397696271597,0.7397765484325849,0.2802351623740202,0.4701368726669431,0.8015051740357478,0.5014674426702482,0.3628262854623886,0.2637800293124323,0.2154224349851209,0.1943783915614901
0.1849619602806047,0.3399724547091852,0.5894210366777812,0.7329428354485302,0.2849010824934677,0.4715885524678557,0.8158043273753527,0.509326966124459,0.3675808432255424,0.2685592302300388,0.2216759391038082,0.2021827937320895
0.1815038039719395,0.3399724547091852,0.5920733555622917,0.7347868532378783,0.2816349384098544,0.4734549979261718,0.823612417685795,0.5109187683430334,0.3682420731131333,0.2690052889823488,0.2227110018544874,0.2024266812999207
0.1636201956328426,0.334145566267613,0.6016217035465292,0.7475865061286473,0.2673572228443449,0.4771878888428038,0.8149576669802446,0.5011689797542656,0.3613149028621808,0.2622825463582489,0.2149911588390046,0.1924882629107981
0.1455389783618219,0.3415616061023413,0.6208699605941195,0.7536609176700292,0.2469204927211646,0.4939858979676483,0.8015051740357478,0.487787892354375,0.3536635284486287,0.2550181609634869,0.2067106568335705,0.1805377720870678
0.144748542634127,0.374298124801356,0.6448166110942709,0.7373901724698991,0.2318029115341545,0.5263376192451266,0.7968015051740357,0.4813211958414167,0.3532856827985768,0.2572484547250366,0.2085651442618709,0.1812084628986037
0.1403023416658433,0.421548892891196,0.6821006365565323,0.7155873739017248,0.2067935796939156,0.5749688925756947,0.799247412982126,0.4762473262697109,0.3554582952863755,0.2639711973491365,0.2149049036097813,0.1843180293884519
0.1241972137140598,0.4619133382773597,0.7232494695362232,0.7037639657229634,0.1737588652482269,0.6228743260058067,0.7974600188146754,0.4633139332437944,0.3539469126861677,0.2681131714777289,0.2180963470910424,0.1812694347905615
0.1131311135263313,0.4517427693611611,0.7244619581691422,0.715045015728387,0.1677864874953341,0.6187266694317711,0.8076199435559737,0.4696313982987614,0.3658490506628042,0.283629643790225,0.2299995687238538,0.1843180293884519
0.1584823634028258,0.4447505032312744,0.6846771749014853,0.6937845753335503,0.213699141470698,0.588137702198258,0.853904045155221,0.5330547679450829,0.4263988160836298,0.3486586376091251,0.2914995471600466,0.2390098164746052
0.2748740243058986,0.4450683335099056,0.5956350409214913,0.6296778392450374,0.3235349010824935,0.5273745333886355,0.9099717779868298,0.6439834850519822,0.538209641361504,0.4714841011916141,0.4128606546771898,0.35400280470703
0.4326647564469914,0.4360631422820213,0.4680963928463171,0.5476732834363813,0.4765770810003733,0.4356076316880962,0.9275634995296332,0.7677958513654679,0.679177555968387,0.6313324412158288,0.5693707681028163,0.5077739162246205
0.6087343147910286,0.4314016315287636,0.3297211276144286,0.4534114329102939,0.6449234789100411,0.3386561592700124,0.874035747883349,0.8899666716410487,0.8344091438647313,0.8002294016440452,0.7315737266571786,0.6738003780257302
0.7663274380001976,0.4502595613942154,0.2224158836010912,0.3573055645948584,0.7853676745054124,0.2745748652011613,0.7756349952963312,0.9685619061831569,0.9357347523536635,0.9118715350793348,0.8476301375770907,0.8074507651972442
0.9077166287916212,0.4815128721262846,0.1363291906638375,0.2636945438767762,0.9051885031728256,0.2309207797594359,0.6408278457196613,0.9870666069740834,0.9594130797569196,0.9326132670617474,0.903609781342994,0.907871471251753
0.9969370615551824,0.4575696578027333,0.0507729615034858,0.2270311313591496,1.0,0.1606180008295313,0.5143932267168392,0.9581654479430932,0.9387575175540792,0.8897597655005417,0.8912321559494545,0.9445765502103532
0.924414583539176,0.3495073630681216,0.0290997271900575,0.3221607549625772,0.979096677864875,0.092907507258399,0.4372530573847601,0.7990847137243199,0.7884379231084103,0.7331612821002995,0.7524474921292104,0.8378757392841901
0.7110957415275171,0.2372073312850937,0.1123825401636859,0.4966916151426402,0.8270810003732736,0.0949813355454168,0.3007525870178739,0.4769934835596677,0.4785415157907995,0.4631682915949787,0.5076120239789537,0.6150844460703617
0.4487698843987748,0.2464244093653988,0.320172779630191,0.6359691940557545,0.5753079507278835,0.2417046868519287,0.1881467544684854,0.1790777495896135,0.1764539185742624,0.1827566430892754,0.2323715875274938,0.3408328760441436
0.3181503803971939,0.2829748914079881,0.4464231585328887,0.6890118234081788,0.4357969391564017,0.3459145582745748,0.1619943555973659,0.0911804208327115,0.070720110834724,0.0716242910851972,0.1066114633199637,0.1975489299432961
0.315976682146033,0.3161351838118444,0.4718854198241892,0.6731749647467187,0.4191862635311684,0.3795105765242638,0.2888993414863593,0.2086753220912301,0.1530904625460499,0.1270948830688842,0.1374477077672834,0.2030973721114566
0.2962157889536607,0.3610551965250556,0.5191724765080328,0.6610261416639549,0.3806457633445315,0.4338448776441311,0.4869238005644402,0.3578570362632443,0.2594540130356749,0.2032116230166316,0.1923060335532841,0.2296201451131028
0.250370516747357,0.3650810467210509,0.5572143073658685,0.6841305998481397,0.3356662933930571,0.4618415595188718,0.6339604891815616,0.4530169626423917,0.3238137220945244,0.2429108519722169,0.2127485228791995,0.2196207548320224
0.2227052662780358,0.3349931136772963,0.5569111852076387,0.7147196008243843,0.3227883538633819,0.4470136872666944,0.703480714957667,0.4907725215142018,0.3493812777480399,0.2542534888166698,0.2117565877431319,0.2033412596792878
0.2065013338602905,0.3141222587138468,0.5544104274022431,0.7342444950645406,0.3166293393057111,0.4350891746163418,0.7330197554092192,0.4967417798338556,0.3551119367738279,0.2533932326515007,0.2067537844481822,0.1946222791293214
0.2010670882323881,0.3191015997457357,0.5621400424371021,0.7346783816032108,0.3092571855169839,0.4427623392783078,0.7687676387582314,0.5040541212754315,0.3594256746119211,0.2546676862295291,0.2075732091258032,0.193463813182123
0.2006718703685407,0.3300137726454073,0.5702485601697485,0.7293632715045015,0.3041246733855917,0.4536499377851514,0.7986829727187205,0.5112669750783466,0.3635504896249882,0.2561970305231632,0.2095139517833268,0.1951100542649838
0.1893093567829266,0.3327683017268778,0.5809336162473477,0.7342444950645406,0.2921799178798059,0.4623600165906263,0.809689557855127,0.5120131323683033,0.363141156837432,0.2544446568533741,0.2071419329796869,0.1911468812877263
0.1667819385436222,0.3174065049263693,0.5872234010306153,0.754420219112702,0.2777155655095185,0.4590418913313978,0.8047977422389464,0.5051982291200319,0.357504959224157,0.2485184477155419,0.1985595376719713,0.1785256996524602
0.1492935480683727,0.3022565949782815,0.5897999393755684,0.7717756806595075,0.2678238148562897,0.4534425549564496,0.8001881467544684,0.497338705665821,0.3513334802733084,0.2417001210730899,0.1888126967697416,0.1652338272056582
0.1453413694298982,0.3026803686831232,0.5931342831160958,0.7737281700835232,0.2639044419559537,0.455931148900871,0.8130761994355596,0.4993284584390389,0.3504518404231871,0.2404893901739629,0.1857937637469271,0.1620632888238522
0.1422784309850805,0.3113677296323763,0.6016974840860867,0.7709079075821673,0.2571855169839492,0.4660929075072584,0.8330197554092191,0.5070387504352585,0.354261784061211,0.2425285158988084,0.1866563160391599,0.1639534174745442
0.1379310344827586,0.3140163152876363,0.6069263413155502,0.7719926239288426,0.251866368047779,0.4709664039817503,0.8332079021636877,0.5086802964731633,0.3546711168487673,0.2413815076785828,0.1837236382455686,0.1594414974696665
0.1239008003161742,0.3052230109121728,0.6113216126098818,0.784249918646274,0.2425345278088839,0.4696184155951887,0.8174035747883349,0.4996269213550217,0.3506092761107088,0.2362836933664691,0.1763919437615905,0.1504176574599109
0.1173797055626914,0.3060705583218561,0.6169293725371324,0.7873955960516325,0.2360022396416573,0.4738697635835753,0.8108184383819379,0.493558175396707,0.3481217922478667,0.2337347862104123,0.1716910337689222,0.1431620023169318
0.133386029048513,0.321008581417523,0.6154137617459836,0.7709079075821673,0.2444942142590519,0.4801949398589796,0.8214487300094073,0.5010694921156047,0.351963223023395,0.236952781494934,0.1764350713762021,0.1492591915127126
0.1480090900108684,0.32810679097362,0.6092755380418309,0.759301442672741,0.2552258305337813,0.4794690999585234,0.8335841956726247,0.5090782470278068,0.3580087534242263,0.242018734467597,0.1839824039332384,0.1585878909822572
0.1461318051575931,0.3195253734505773,0.6045771445892695,0.7646165527714502,0.2572788353863382,0.4720033181252593,0.834524929444967,0.5114659503556683,0.3592997260619037,0.2429427133116676,0.1857075085177039,0.1607828790927382
0.1384250568125679,0.3027863121093335,0.5985147014246742,0.7775246772968869,0.2572788353863382,0.4596640398175031,0.8196613358419567,0.505994130229319,0.354356245473724,0.2385139871280188,0.1811791089834821,0.1552954088165356
0.1357573362315976,0.2921919694882932,0.592982722036981,0.7843583902809415,0.2594251586412841,0.4507465781833265,0.8130761994355596,0.5024125752375267,0.3508296860732391,0.2359013572930605,0.1780739207314443,0.1512712639473203
0.1491947436024108,0.2956881025532365,0.5851773264625644,0.775138301334201,0.2706233669279582,0.4471173786810452,0.8253998118532455,0.5103715863303985,0.3546081425737586,0.2395335499904416,0.1828610859533359,0.1587098347661727
0.1620393241774528,0.3022565949782815,0.5801000303122159,0.7647250244061178,0.2797685703620754,0.4468063044379926,0.8409219190968956,0.5209670198477839,0.360181365912025,0.2436118014401325,0.188295165394402,0.1654777147734894
0.1657938938840035,0.3025744252569127,0.577371930888148,0.7625555917127671,0.2833146696528555,0.4450435503940274,0.8457196613358419,0.524747550116898,0.3617242356497371,0.2446313643025553,0.1888558243843533,0.1663313212608987
0.1554194249580081,0.2933573471766076,0.5787359806001818,0.7729688686408505,0.2775289287047406,0.441518042306097,0.8386641580432737,0.519972143461175,0.3578828048742089,0.2402663607978079,0.1829904687971708,0.15767331260289
0.1455389783618219,0.2872126284564042,0.581842982722037,0.7815381277795856,0.2709033221351251,0.44068851099129,0.8395108184383818,0.5174849524946525,0.3560565508989577,0.2374944242655961,0.1782895588045025,0.1501737698920797
0.1531469222408852,0.2917681957834516,0.5793422249166414,0.7750298296995336,0.2761291526689063,0.4411032766486935,0.8517403574788334,0.5233547231756454,0.3589533675493561,0.2393105206142866,0.1811791089834821,0.1546247180049997
0.1638178045647663,0.3007733870113359,0.5775992725068203,0.7646165527714502,0.2821948488241881,0.4443177104935711,0.867450611476952,0.5303686017012387,0.3637708995875185,0.2439622761740903,0.1874326131021693,0.1637705017986708
0.1620393241774528,0.2943108380125013,0.5742649287662929,0.7688469465234841,0.2834079880552445,0.4389257569473248,0.8710253998118532,0.5321096353778043,0.3632985925249536,0.242783406614414,0.1864838055807133,0.1634046704469239
0.1464282185554787,0.2695200762792668,0.5685813882994847,0.7901073869183208,0.2795819335572975,0.4228535877229366,0.8602069614299153,0.5248967815748894,0.3584495733492868,0.2364430000637226,0.1781601759606676,0.1527955612462654
0.1421796265191186,0.2574425256912808,0.5632009699909064,0.7985681744223885,0.2808883911907428,0.4133139776026545,0.861241768579492,0.5213649704024276,0.353883938411159,0.2309628496782004,0.1703972053305732,0.1450521309676239
0.1510720284556862,0.2672952643288483,0.5634283116095786,0.7886972556676429,0.2849010824934677,0.4182911654914973,0.873283160865475,0.5299209073272646,0.357504959224157,0.2321417192378767,0.1720360546858153,0.1479787817815986
0.1606560616539867,0.2760885687043118,0.5623673840557745,0.7789348085475648,0.29003359462486,0.4218166735794277,0.8842897460018815,0.5369845296721882,0.3598350073994773,0.234308290320525,0.1753137533962996,0.1534052801658435
0.1588775812666732,0.274817247589787,0.5628978478326766,0.7805618830675778,0.2889137737961926,0.4216092907507258,0.8777046095954844,0.5328060488484306,0.3567492679240531,0.2307716816414962,0.1718204166127571,0.1505396012438266
0.1429700622468135,0.2583960165271745,0.5633525310700213,0.7977004013450483,0.2811683463979096,0.4138324346744089,0.8568203198494825,0.5215639456797493,0.3487830221354577,0.2218186452558465,0.1613404062621296,0.1379184196085604
0.133386029048513,0.2482254476109757,0.5633525310700213,0.8081136782731316,0.2765957446808511,0.408958938199917,0.848071495766698,0.5190767547132269,0.3462955382726156,0.2179634231823106,0.157502048561694,0.1332845558197671
0.1414879952573856,0.258819790232016,0.5647165807820552,0.798242759518386,0.2795819335572975,0.4150767316466196,0.8592662276575729,0.5290255185793166,0.3503573790106741,0.2203848849805645,0.1610816405744598,0.137125785013109
0.1502815927279913,0.2756647949994703,0.5699454380115186,0.7847922768196117,0.280515117581187,0.4268975528826213,0.88137347130762,0.5425060936178681,0.356938190749079,0.2251640858981711,0.1678526760684866,0.1466983720504847
0.1455389783618219,0.2755588515732598,0.5735829039102759,0.7875040676863001,0.2760358342665174,0.4292824554126918,0.8913452492944497,0.5484256081181913,0.3583236247992695,0.2245268591091569,0.167335144693147,0.145661849887202
0.1275565655567631,0.2598792244941201,0.5762352227947863,0.8054018874064431,0.2659574468085106,0.423372044794691,0.8824082784571965,0.5432522509078247,0.3532541956610724,0.2166252469253807,0.1587096217708198,0.1349307969026279
0.1208378618713565,0.2612564890348553,0.5822976659593816,0.8083306215424667,0.2590518850317282,0.4282455412691829,0.8835371589840075,0.5422076307018853,0.3510815831732737,0.2125788568151405,0.1544399879242679,0.1294433266264252
0.1322003754569706,0.2848818730797753,0.5904819642315854,0.7899989152836533,0.2593318402388951,0.4453546246370801,0.8949200376293509,0.5528528080386013,0.3562454737239838,0.2157649907602115,0.1596153016776642,0.1364550942015731
0.1452425649639363,0.3075537662888017,0.5966959684752955,0.7712333224861699,0.2616648002986189,0.4608046453753629,0.9102539981185324,0.5642938864846043,0.3614723385497024,0.219014847384184,0.165437529650235,0.1441375525882568
0.1417844086552712,0.3077656531412225,0.5994998484389209,0.7730773402755179,0.2583053378126166,0.4627747822480298,0.9105362182502352,0.5657862010645178,0.3621650555747977,0.2175492257694513,0.1632380213050416,0.1428571428571428
0.138326252346606,0.2963237631104989,0.5939678690512277,0.7807788263369129,0.2600783874580067,0.4534425549564496,0.9020696142991532,0.5626523404466995,0.3581032148367392,0.2119416300261263,0.1568120067279079,0.1363331504176574
0.1411915818595,0.2949464985697637,0.5907850863898151,0.7799110532595727,0.263437849944009,0.4505391953546246,0.8936970837253057,0.56270208426603,0.3560565508989577,0.2081819919709424,0.1522404795790745,0.1321260898725687
0.154036162434542,0.3031041423879648,0.5867687177932707,0.7687384748888165,0.2719298245614035,0.4517834923268353,0.9071495766698024,0.5735462368800677,0.3619131584747631,0.2124195501178869,0.1590977703023246,0.1410279860984086
0.171129335045944,0.3054348977645937,0.575325856320097,0.7581082546913983,0.2870474057484136,0.4451472418083783,0.925587958607714,0.5866786051833061,0.3705406341509493,0.2186006499713248,0.1671195066200888,0.1534052801658435
0.1735006422290287,0.2966415933891301,0.5672173385874508,0.7613624037314242,0.2932064203060844,0.4351928660306927,0.926716839134525,0.5947868477341691,0.3753266790516075,0.221882367934748,0.1690171216630008,0.1588927504420462
0.1738958600928762,0.2841402690963025,0.5579721127614429,0.7675452869074737,0.2989921612541993,0.4228535877229366,0.9160865475070554,0.5947868477341691,0.3780345728769798,0.2231568215127764,0.1694483978091172,0.1585878909822572
0.18259065309752,0.2855175336370378,0.5522885722946348,0.7620132335394295,0.3066442702500933,0.4196391538780589,0.9086547507055504,0.5973237825200219,0.3831040020151768,0.2286688332377493,0.1758744123862509,0.1647460520699957
0.2027467641537397,0.3100964085178514,0.5543346468626857,0.7384748888165744,0.314856289660321,0.4330153463293239,0.9111006585136404,0.6066258767348157,0.3933058345665796,0.2414452303574842,0.192435416397119,0.1819401256020974
0.221816026084379,0.3358406610869795,0.5581994543801152,0.714828072459052,0.3214818962299365,0.448257984238905,0.9170272812793978,0.6126946226931304,0.4019962845177746,0.2537118460460077,0.2076594643550265,0.1987073958904945
0.2221124394822646,0.3290602818095136,0.5531221582297666,0.718082221499078,0.3248413587159388,0.4414143508917462,0.9114769520225776,0.6091628115206685,0.405680279605781,0.2634614159179252,0.2178375814033726,0.2093774769831108
0.2100582946349175,0.3163470706642652,0.5532737193088815,0.7312072892938497,0.3190556177678238,0.4352965574450436,0.8907808090310442,0.5985176341839527,0.4031298214679304,0.2671891926336583,0.2219778324060896,0.2118773245533809
0.2067977472581761,0.319949147155419,0.5582752349196727,0.731098817659182,0.3143896976483763,0.4404811281625881,0.872154280338664,0.5840919265781227,0.3980918794672377,0.2670617472758555,0.2210290248846336,0.2071215169806719
0.2161841715245529,0.3356287742345586,0.562291603516217,0.7179737498644104,0.3163493840985442,0.4509539610120283,0.870178739416745,0.5774262547878426,0.3989420321798546,0.2727649270375326,0.2279294432224953,0.2143162002316932
0.2266574449165102,0.3485538722322279,0.5635798726886936,0.7056079835123116,0.3204553938036581,0.4582123600165906,0.8712135465663217,0.5744913694473462,0.4000440819925061,0.2789460268909705,0.2361668176133178,0.2233400402414487
0.2154925402628199,0.3419853798071829,0.5673688996665657,0.7151534873630546,0.312896603210153,0.4574865201161344,0.8574788334901222,0.5619559269760732,0.3947857300292831,0.2788504428726183,0.2362962004571527,0.2211450521309676
0.1987945855152653,0.3264116961542536,0.5691876326159443,0.7321835340058575,0.3038447181784248,0.45116134384073,0.8339604891815615,0.5411630104959458,0.383702257627759,0.2716816414962085,0.2277569327640488,0.2086458142796171
0.1911866416362019,0.3232333933679415,0.5726735374355866,0.7380410022779043,0.2981522956326988,0.4519908751555371,0.8164628410159923,0.5283788489280207,0.3752007305015901,0.2666475498629962,0.2205546211239056,0.1995610023779037
0.1956328426044857,0.3251403750397287,0.5705516823279783,0.7346783816032108,0.301511758118701,0.4514724180837827,0.8138287864534337,0.5259911456001592,0.374130167826443,0.2680494487988275,0.2221934704791478,0.2020608499481739
0.1991898033791127,0.3304375463502489,0.5716883904213399,0.7299056296778392,0.3025382605449795,0.4547905433430112,0.819379115710254,0.526637815251455,0.3749488334015555,0.2712674440833492,0.2266356147841463,0.2059020791415157
0.1917794684319731,0.3194194300243669,0.5694149742346165,0.7396680767979175,0.3004852556924225,0.4479469099958523,0.8134524929444967,0.5225090782470277,0.3722724267136875,0.2704071879181801,0.2253417863457972,0.2030364002194988
0.1750815136844185,0.3014090475685983,0.5694149742346165,0.7581082546913983,0.2925531914893617,0.4391331397760266,0.7974600188146754,0.5115156941749988,0.3662268963128562,0.263811890651883,0.2175356881010911,0.192854094262545
0.170437703784211,0.3031041423879648,0.5741891482267354,0.7597353292114112,0.2874206793579694,0.4431771049357113,0.7857949200376293,0.5052977167586927,0.3629522340124059,0.2604345886701076,0.2136973304006555,0.1875495396622157
0.1833810888252149,0.3234452802203623,0.5788117611397393,0.7421629243952707,0.2906868234415827,0.4562422231439237,0.7933207902163687,0.5095259414017809,0.3668251519254384,0.2641623653858408,0.2182688575494889,0.1938906164258277
0.1905938148404307,0.3409259455450789,0.5858593513185815,0.7293632715045015,0.2897536394176931,0.4696184155951887,0.8105362182502351,0.5189275232552356,0.3724613495387134,0.2694194863952081,0.2243929788243412,0.2027925126516676
0.1874320719296512,0.3460112300031782,0.5918460139436194,0.7284954984271613,0.2846211272863009,0.4762546661136458,0.8088428974600187,0.5184798288812615,0.3724298624012092,0.2703753265787294,0.2248242549704576,0.2039509785988659
0.1741922734907618,0.3392308507257124,0.5971506517126403,0.7391257186245797,0.2751026502426278,0.4765657403566985,0.794543744120414,0.511863900910312,0.3679586888755943,0.2667431338813483,0.2195195583732263,0.1955978294006463
0.1732042288311431,0.33859519016845,0.5975295544104274,0.73999349170192,0.2743561030235162,0.4765657403566985,0.7867356538099718,0.5084315773765109,0.3660064863503259,0.2644491174408972,0.2161987320481304,0.1909029937198951
0.1842703290188716,0.3521559487233817,0.5987420430433466,0.7270853671764833,0.2788353863381859,0.4840315221899627,0.7935089369708372,0.5134557031288862,0.3697849428508454,0.2678264194226725,0.2210721524992452,0.1979147612950429
0.1908902282383163,0.3650810467210509,0.6028341921794483,0.7167805618830675,0.2793952967525196,0.4931563666528411,0.8073377234242708,0.5206188131124708,0.3745709877515035,0.2727967883769834,0.2274119118471557,0.2068166575208828
0.1882225076573461,0.3638097256065261,0.60397090027281,0.7188415229417506,0.2774356103023516,0.493260058067192,0.8078080903104422,0.5217629209570711,0.3746969363015208,0.272828649716434,0.2277138051494372,0.206755685628925
0.1818002173698251,0.3549104778048522,0.6025310700212185,0.7269768955418158,0.2752892870474058,0.4879717959352966,0.7979303857008466,0.5143013480575038,0.3709814540760099,0.2688459822850952,0.2224953637814292,0.1994390585939882
0.1789348878569311,0.3459052865769678,0.5982873598060018,0.7331597787178652,0.2765957446808511,0.4806097055163832,0.7986829727187205,0.5138536536835299,0.3708555055259926,0.2682087554960811,0.2202096002070125,0.1963904639960978
0.1898033791127359,0.3461171734293886,0.5901030615337981,0.7270853671764833,0.2867674505412467,0.475114060555786,0.8153339604891815,0.52275779734368,0.3754841147391291,0.2730198177531384,0.2259024453357485,0.20328028778733
0.1994862167769983,0.3541688738213793,0.5884358896635344,0.7176483349604079,0.2923665546845838,0.4779137287432601,0.8311382878645343,0.5331045117644133,0.3812147737649171,0.2785636908175619,0.2331910122051149,0.2128528748247058
0.1964232783321806,0.3505667973302256,0.5881327675053046,0.7212278989044365,0.2910600970511385,0.4759435918705931,0.8366886171213546,0.5353927274536139,0.3822223621650556,0.2788504428726183,0.2340535644973476,0.2137064813121151
0.18683924513388,0.3354168873821379,0.5847984237647772,0.7342444950645406,0.2886338185890257,0.4661965989216093,0.8300094073377234,0.5302691140625777,0.3793570326521616,0.2753775568724909,0.2290076335877862,0.2057801353576001
0.1853571781444521,0.3282127343998304,0.5807062746286754,0.7386918320859096,0.2904068682344158,0.4599751140605558,0.8288805268109124,0.5267870467094464,0.3773418558518845,0.272828649716434,0.2254280415750205,0.2010852996768489
0.2010670882323881,0.3326623583006674,0.5718399515004547,0.7278446686191561,0.3033781261664801,0.4560348403152219,0.8357478833490122,0.5307168084365518,0.3791681098271356,0.274708468744026,0.2278000603786604,0.2071824888726297
0.2087738365774133,0.3347812268248755,0.567444680206123,0.7224210868857793,0.3097237775289287,0.4540647034425549,0.8513640639698965,0.535840421827588,0.3823483107150729,0.2777990186707449,0.2314227800060379,0.2140723126638619
0.2022527418239304,0.3195253734505773,0.5615337981206426,0.733919080160538,0.3101903695408735,0.442554956449606,0.8445907808090309,0.5306173207978908,0.3800812368147612,0.2756643089275473,0.2293526545046793,0.211511493201634
0.1894081612488884,0.297912914503655,0.5560018187329494,0.7519253715153488,0.3075774542739828,0.4282455412691829,0.8174976481655691,0.5163905884693827,0.3702887370509147,0.2675396673676161,0.2205977487385173,0.1993780867020303
0.1833810888252149,0.2966415933891301,0.5596392846317066,0.7559388219980475,0.3025382605449795,0.430008295313148,0.7936970837253057,0.5057454111326668,0.3645265908876224,0.2631428025234181,0.2146461379221115,0.1915127126394732
0.1917794684319731,0.3096726348130098,0.5625947256744468,0.744657771992624,0.3046845837999253,0.4384072998755703,0.7954844778927563,0.5085310650151719,0.367738278913064,0.2658828777161792,0.2184413680079354,0.1967562953478446
0.1987945855152653,0.3171946180739485,0.5625947256744468,0.736956285931229,0.3079507278835386,0.4421401907922024,0.8037629350893696,0.513654678406208,0.3698164299883498,0.2683043395144332,0.2224522361668176,0.2021218218401317
0.1869380495998419,0.3060705583218561,0.5636556532282511,0.7491051090139929,0.3016983949234789,0.4373703857320613,0.8004703668861711,0.5094264537631199,0.3669825876129601,0.2654368189638693,0.2196058136024496,0.1990122553502835
0.1703388993182492,0.2894374404068227,0.5644892391633829,0.7667859854648009,0.2933930571108623,0.4298009124844463,0.7861712135465663,0.501318211212257,0.3619131584747631,0.2608487860829669,0.2122741191184715,0.1900493872324858
0.1721173797055627,0.2842462125225129,0.5594119430130342,0.768413059984814,0.2973124300111983,0.4238905018664454,0.7807149576669803,0.4981346067751082,0.3589848546868605,0.2590008283948257,0.2090826756372105,0.1862081580391439
0.1828870664954056,0.3011971607161775,0.5632009699909064,0.7538778609393644,0.3000186636804778,0.4347781003732892,0.788428974600188,0.5019648808635527,0.3618816713372588,0.2626648824316574,0.2146030103074999,0.1933418693982074
0.1865428317359944,0.3193134865981565,0.5734313428311609,0.7425968109339408,0.2954460619634192,0.4506428867689755,0.7996237064910631,0.5077351639058848,0.367549356088038,0.2679538647804754,0.221934704791478,0.2012072434607646
0.1840727200869479,0.3301197160716177,0.5830554713549561,0.7384748888165744,0.2884471817842478,0.4624637080049772,0.7960489181561619,0.506441824603293,0.3676123303630467,0.2679538647804754,0.2225384913960409,0.2012072434607646
0.1724137931034483,0.3327683017268778,0.5939678690512277,0.743464584011281,0.2761291526689063,0.471277478224803,0.7793038570084665,0.497885887678456,0.3625429012248497,0.2633339705601223,0.2161124768189071,0.1930370099384184
0.1717221618417152,0.3448458523148638,0.6029857532585633,0.7376071157392342,0.2702500933184024,0.4833056822895065,0.7697083725305738,0.4927125304680894,0.360181365912025,0.2618683489453896,0.213524819942209,0.1903542466922748
0.1883213121233079,0.3623265176395804,0.6028341921794483,0.7196008243844234,0.2782754759238522,0.4917046868519286,0.78137347130762,0.5002238471869871,0.3648099751251614,0.2659147390556299,0.2187001336956053,0.1971830985915493
0.1938543622171722,0.3695306706218878,0.6037435586541376,0.7128755830350363,0.2802351623740202,0.4958523434259643,0.7936970837253057,0.5085310650151719,0.3699738656758715,0.2705983559548844,0.224177340751283,0.2044387537345284
0.1879260942594605,0.3620086873609492,0.6029099727190057,0.719926239288426,0.2779955207166854,0.4917046868519286,0.7904045155221072,0.5085808088345024,0.3683050473881419,0.2691645956796024,0.2222365980937594,0.2037680629229925
0.1774528208675032,0.3462231168555991,0.5996514095180357,0.7338106085258705,0.2751026502426278,0.4816466196598921,0.7810912511759172,0.5009700044769437,0.3634245410749709,0.2639711973491365,0.2159399663604606,0.1949271385891104
0.177551625333465,0.351202457887488,0.6031373143376781,0.7312072892938497,0.2729563269876819,0.486520116134384,0.7777046095954845,0.4967417798338556,0.3611889543121635,0.2616771809086854,0.2138267132444904,0.1916956283153466
0.184665546882719,0.3706960483102023,0.6116247347681116,0.7173229200564053,0.2710899589399029,0.5018664454583162,0.7943555973659454,0.5029597572501617,0.3647470008501527,0.2653093736060664,0.2182257299348773,0.1974269861593805
0.1924710996937061,0.3837270897340819,0.6150348590481964,0.7063672849549844,0.2726763717805151,0.510576524263791,0.8095014111006584,0.5097249166791026,0.3695645328883151,0.269865545147518,0.2252555311165739,0.2055362477897689
0.1887165299871554,0.3794893526856658,0.6148075174295241,0.7105976787070181,0.270996640537514,0.5083990045624223,0.8123236124176858,0.5104213301497289,0.3695015586133064,0.269642515771363,0.2249967654289041,0.2057191634656423
0.1737970556269143,0.3623265176395804,0.6139739314943923,0.7276277253498211,0.2645576707726764,0.4993778515138946,0.8041392285983067,0.5020643685022136,0.3640542838250575,0.2641305040463901,0.2168025186526933,0.1949881104810682
0.1702400948522873,0.357770950312533,0.6134434677174901,0.7318581191018548,0.2631578947368421,0.4967855661551223,0.8005644402634055,0.4993284584390389,0.3615353128247111,0.2618683489453896,0.2133954370983741,0.1890738369611609
0.1817014129038632,0.3660345375569445,0.6105638072143074,0.721336370539104,0.2703434117207913,0.4988593944421402,0.8157102539981185,0.5071879818932498,0.3659749992128216,0.2650544828904607,0.2180963470910424,0.1962075483202243
0.1892105523169647,0.3653988769996821,0.6043498029705971,0.7175398633257403,0.2777155655095185,0.494296972210701,0.8308560677328315,0.5126100582002686,0.3682420731131333,0.2675715287070668,0.2211584077284685,0.2024876531918785
0.1814049995059776,0.3448458523148638,0.5956350409214913,0.732292005640525,0.2793952967525196,0.4782248029863127,0.8290686735653809,0.5107197930657116,0.3649359236751787,0.2647040081565029,0.2177513261741493,0.1991951710261569
0.1687580278628594,0.3228096196630998,0.5894968172173386,0.7505152402646708,0.2771556550951848,0.4632932393197843,0.8074317968015051,0.4990797393423867,0.3579457791492176,0.2574714841011916,0.2088670375641523,0.1879153710139625
0.1708329216480585,0.3231274499417311,0.5882085480448621,0.7493220522833278,0.2789287047405748,0.462567399419328,0.7877704609595484,0.4902750833208974,0.3530652728360465,0.2534888166698528,0.2045974037176003,0.1829156758734223
0.1865428317359944,0.3355228308083483,0.585101545923007,0.7343529666992081,0.2883538633818589,0.4665076731646619,0.7860771401693321,0.4924638113714371,0.3543877326112283,0.2554004970368954,0.2081769957303662,0.1880373147978782
0.1888153344531173,0.3332980188579298,0.5816914216429221,0.7342444950645406,0.2914333706606943,0.4630858564910826,0.7888993414863592,0.4951997214346118,0.3560565508989577,0.2567068119543745,0.2115840772846854,0.1940125602097433
0.1772552119355795,0.3156054666807924,0.57790239466505,0.7495389955526629,0.2883538633818589,0.4518871837411862,0.7820319849482597,0.4888325125603144,0.3523410686734469,0.2532339259542471,0.2076163367404149,0.1904761904761905
0.1658926983499654,0.2957940459794469,0.5725219763564717,0.7659182123874606,0.286300858529302,0.4385109912899212,0.7691439322671683,0.4825150475053475,0.346421486822633,0.2481361116421334,0.2003277698710484,0.1828547039814645
0.1619405197114909,0.2933573471766076,0.5737344649893907,0.7693893046968219,0.2836879432624113,0.4380962256325176,0.7622765757290687,0.4793811868875292,0.3425800560471048,0.2451730070732173,0.1971363263897874,0.1787086153283336
0.1705365082501729,0.3073418794363809,0.5771445892694755,0.757457424883393,0.2856476297125793,0.447324761509747,0.7745061147695202,0.484902750833209,0.346138102585094,0.2485184477155419,0.2014059602363393,0.1841351137125785
0.180416954846359,0.3153935798283716,0.575325856320097,0.7480203926673175,0.2914333706606943,0.4500207382828702,0.7841956726246472,0.4910212406108541,0.3494127648855443,0.2518320270184158,0.2056324664682796,0.1888909212852875
0.1791324967888548,0.3131687678779531,0.5747196120036374,0.7497559388219981,0.2912467338559164,0.4484653670676068,0.7796801505174036,0.4889817440183057,0.3494127648855443,0.2510673548715988,0.204166127571484,0.186817876958722
0.1663867206797747,0.3104142387964826,0.582525007578054,0.7582167263260657,0.2804217991787981,0.4524056408129407,0.7660395108184385,0.4819181216733821,0.3469567681602066,0.2487733384311476,0.1995946004226506,0.178586671544418
0.1602608437901393,0.3139103718614259,0.5897241588360109,0.7598438008460787,0.2730496453900709,0.4591455827457486,0.7595484477892755,0.4793811868875292,0.3460121540350767,0.2478812209265277,0.1979126234527968,0.1760258520821901
0.1725125975694101,0.3319207543171946,0.5932100636556532,0.7437899989152837,0.27668906308324,0.4703442554956449,0.7707431796801505,0.4863950654131224,0.3504833275606915,0.2524692538074301,0.204166127571484,0.1842570574964941
0.1816026084379014,0.350672740756436,0.5996514095180357,0.729254799869834,0.2769690182904069,0.4839278307756118,0.7857008466603951,0.4938068944933592,0.3559306023489405,0.2573759000828395,0.2118428429723552,0.1934028412901652
0.1793301057207786,0.3469647208390719,0.5987420430433466,0.7324004772751925,0.2765024262784621,0.4814392368311903,0.7820319849482597,0.493558175396707,0.35454516829875,0.2568979799910788,0.2112821839824039,0.1929760380464605
0.1654974804861179,0.3311791503337217,0.5980600181873295,0.7480203926673175,0.2704367301231803,0.47324761509747,0.7656632173095014,0.4837088991692782,0.3491608677855096,0.2521187790734722,0.2042955104153189,0.183647338576916
0.1652998715541942,0.3311791503337217,0.5982115792664444,0.7482373359366525,0.2701567749160134,0.4733513065118208,0.7597365945437441,0.4804755509127991,0.3473031266727542,0.2510673548715988,0.2033898305084746,0.1816352661423084
0.1809109771761683,0.3425150969382349,0.5944225522885723,0.7338106085258705,0.2799552071668533,0.4762546661136458,0.7698965192850423,0.4893299507536189,0.3527189143234989,0.2554323583763461,0.2093414413248803,0.1898054996646546
0.1902974014425452,0.3523678355758025,0.5941952106699,0.7236142748671223,0.284434490481523,0.4810244711737868,0.7881467544684854,0.4980848629557777,0.3572845492616266,0.25963805518384,0.2146030103074999,0.1993171148100725
0.1798241280505879,0.3495073630681216,0.6001818732949379,0.7307734027551795,0.2758491974617394,0.48372044794691,0.7894637817497648,0.4960453663632294,0.3557731666614188,0.2588415216975722,0.2126622676499763,0.1954149137247728
0.1678687876692026,0.3388070770208708,0.6016217035465292,0.7428137542032759,0.2693169092945129,0.4794690999585234,0.7787394167450612,0.4899766204049147,0.3523095815359426,0.2546039635506277,0.2072281882089101,0.1870007926345954
0.1718209663076771,0.3438923614789702,0.6023037284025463,0.7381494739125719,0.2707166853303472,0.4823724595603484,0.7814675446848541,0.491568422623489,0.3538209641361504,0.2551774676607404,0.2079613576573079,0.1876714834461313
0.184665546882719,0.3569234029028498,0.6017732646256442,0.724373576309795,0.2771556550951848,0.4883865615927002,0.8008466603951081,0.5011192359349351,0.3606221858370856,0.2624099917160518,0.2157243282874024,0.1975489299432961
0.1899021835786977,0.3624324610657908,0.6016974840860867,0.7187330513070832,0.2796752519596864,0.4910825383658234,0.8174976481655691,0.5090285032084764,0.3660694606253346,0.2679857261199261,0.2229697675421572,0.2054143040058533
0.1776504297994269,0.3500370801991736,0.6022279478629887,0.7317496474671874,0.2736095558044046,0.4852758191621734,0.8112888052681091,0.5039048898174402,0.3627003369123713,0.2649588988721086,0.2196058136024496,0.2015121029205536
0.1664855251457366,0.3312850937599321,0.5974537738708701,0.7474780344939798,0.2711832773422919,0.4728328494400663,0.8010348071495766,0.495448440531264,0.3564029094115054,0.2584591856241636,0.2120153534308017,0.1922443753429669
0.1650034581563086,0.3223858459582582,0.592149136101849,0.7529016162273565,0.2737961926091825,0.4648486105350477,0.7981185324553152,0.4901755956822365,0.3525614786359772,0.2544127955139234,0.2080044852719196,0.1885860618254984
0.173994664558838,0.327047356711516,0.5885874507426493,0.7455255450699642,0.2802351623740202,0.4647449191206968,0.8009407337723424,0.4944038203253246,0.3539154255486634,0.2564200598993181,0.2112390563677923,0.1927321504786293
0.1800217369825116,0.3317088674647738,0.5872234010306153,0.7397765484325849,0.2839678984695782,0.4660929075072584,0.7998118532455315,0.4961448540018903,0.3552693724613496,0.2578219588351494,0.2143442446198301,0.1973660142674227
0.1759707538780753,0.327047356711516,0.5870718399515005,0.7444408287232888,0.2821015304217992,0.4637080049771879,0.7860771401693321,0.49057354623688,0.3506407632482131,0.2539348754221627,0.2088670375641523,0.1921834034510091
0.1659915028159272,0.3158173535332132,0.5866929372537133,0.7556134070940449,0.2776222471071295,0.4580049771878888,0.7706491063029162,0.480127344177486,0.3446896942598949,0.2482316956604855,0.2004140251002717,0.1819401256020974
0.1687580278628594,0.3189956563195253,0.5868444983328281,0.7524677296886865,0.2788353863381859,0.4595603484031522,0.7690498588899342,0.4809232452867731,0.3452564627349728,0.2482316956604855,0.2014059602363393,0.1816352661423084
0.1835786977571386,0.3312850937599321,0.5842679599878752,0.7381494739125719,0.2874206793579694,0.4638116963915387,0.7780809031044215,0.4891807192956275,0.3500739947731352,0.2526604218441343,0.2074438262819683,0.1891348088531187
0.1906926193063926,0.3343574531200338,0.5810851773264626,0.7326174205445276,0.2927398282941396,0.4631895479054335,0.7898400752587018,0.4961448540018903,0.3548600396737932,0.2570891480277831,0.2132660542545392,0.1963904639960978
0.1871356585317656,0.3221739591058374,0.5750227341618672,0.7408612647792602,0.2947928331466966,0.4531314807133969,0.790310442144873,0.4944038203253246,0.3538524512736548,0.2561651691837125,0.2113684392116272,0.1951710261569416
0.1706353127161347,0.3042695200762792,0.5748711730827524,0.759084499403406,0.2871407241508025,0.4442140190792202,0.7799623706491062,0.4859473710391484,0.3472401523977456,0.248837061110049,0.2024410229870186,0.1843790012804097
0.1659915028159272,0.2955821591270261,0.5722188541982419,0.7660266840221281,0.2865808137364688,0.4381999170468686,0.7815616180620883,0.4820673531313734,0.3443748228848515,0.2449181163576116,0.1981713891404666,0.1789525028961648
0.1703388993182492,0.2981248013560758,0.570703243407093,0.762338648443432,0.2894736842105263,0.4384072998755703,0.796142991533396,0.4872904541610705,0.3475865109102932,0.2481998343210348,0.2019234916116789,0.1823059569538443
0.1765635806738464,0.3097785782392202,0.5741891482267354,0.7529016162273565,0.2903135498320269,0.4464952301949398,0.8047977422389464,0.4936079192160374,0.3515538902358387,0.251927611036768,0.20748695389658,0.1891957807450765
0.1721173797055627,0.3127449941731115,0.5797211276144286,0.7538778609393644,0.2848077640910788,0.4516798009124845,0.7968015051740357,0.4928120181067502,0.350924147485752,0.2520231950551201,0.2070556777504636,0.1884641180415828
0.1657938938840035,0.3164530140904756,0.5872991815701728,0.7553964638247098,0.2771556550951848,0.458730817088345,0.7814675446848541,0.4871909665224096,0.348720047860449,0.2503982667431338,0.2044248932591538,0.183342479117127
0.1712281395119059,0.3342515096938234,0.5957866020006062,0.7433561123766135,0.2745427398282941,0.4731439236831191,0.7765757290686736,0.486793015967766,0.3497276362605875,0.2517364430000637,0.206063742614396,0.1841960856045363
0.1833810888252149,0.3558639686407458,0.6020006062443165,0.7255667642911379,0.2764091078760732,0.4879717959352966,0.7830667920978363,0.4924638113714371,0.3551434239113322,0.2574077614222902,0.2124897571915297,0.1924882629107981
0.1886177255211935,0.3647632164424197,0.6043498029705971,0.7181906931337455,0.2774356103023516,0.4939858979676483,0.7877704609595484,0.497338705665821,0.3578513177367046,0.2603708659912062,0.2172337947988096,0.1990732272422413
0.1796265191186641,0.3554401949359042,0.6045771445892695,0.7279531402538236,0.2730496453900709,0.4895271671505599,0.7786453433678269,0.491568422623489,0.3552378853238452,0.2577263748167973,0.2142579893906068,0.1955978294006463
0.1706353127161347,0.3468587774128615,0.6053349499848439,0.737173229200564,0.2682904068682344,0.4858979676482787,0.7592662276575729,0.4794309307068597,0.348531125035423,0.2521825017523737,0.2066244016043472,0.1862691299311017
0.1730066198992194,0.3576650068863227,0.6112458320703243,0.7303395162165094,0.2658641284061216,0.495230194939859,0.760865475070555,0.4804755509127991,0.3484996378979187,0.2518638883578665,0.2054599560098331,0.1847448326321565
0.1816026084379014,0.3702722746053606,0.6136708093361625,0.7191669378457534,0.2683837252706234,0.5031107424305268,0.7769520225776105,0.48724071034174,0.3522780943984382,0.2561333078442617,0.2117997153577435,0.1926711785866715
0.1875308763956131,0.3711198220150439,0.6097302212791755,0.7155873739017248,0.2736095558044046,0.5008295313148071,0.7891815616180621,0.4943540765059941,0.356843729336566,0.260179697954502,0.2168025186526933,0.1997439180537772
0.1780456476632743,0.3533213264116961,0.6042740224310398,0.7297971580431717,0.2724897349757372,0.4883865615927002,0.7891815616180621,0.4932099686613938,0.3557731666614188,0.2584591856241636,0.2128779057230344,0.1937077007499542
0.1683628099990119,0.339124907299502,0.6014701424674144,0.7423798676646056,0.2695968645016797,0.4794690999585234,0.7853245531514581,0.4884345620056708,0.3519947101608993,0.2540623207799656,0.2069262949066287,0.185232607767819
0.1723149886374864,0.3392308507257124,0.5985904819642316,0.740210434971255,0.2732362821948488,0.4776026545002074,0.7847601128880527,0.4889320001989753,0.351963223023395,0.2533613713120499,0.2061068702290076,0.1838912261447473
0.1864440272700326,0.3444220786100222,0.5915428917853895,0.7297971580431717,0.284247853676745,0.4753214433844877,0.7936970837253057,0.4948017708799681,0.3560565508989577,0.2569617026699802,0.2116703325139086,0.1935857569660386
0.1927675130915917,0.3468587774128615,0.588360109123977,0.7251328777524677,0.2892870474057484,0.4742845292409788,0.7959548447789275,0.4990797393423867,0.3586699833118171,0.2597017778627414,0.2149911588390046,0.1999268337296506
0.1870368540658037,0.3405021718402372,0.5882085480448621,0.7315327041978523,0.2866741321388578,0.4710700953961012,0.7857008466603951,0.4951499776152813,0.3558991152114361,0.2580449882113044,0.2114978220554621,0.1952319980488994
0.1727102065013338,0.3323445280220362,0.5933616247347682,0.7435730556459486,0.27668906308324,0.4705516383243467,0.7650987770460959,0.4831119733373128,0.3484681507604144,0.2514178296055566,0.2033898305084746,0.1834644229010426
0.1716233573757534,0.3349931136772963,0.596089724158836,0.7427052825686083,0.2745427398282941,0.4737660721692244,0.7571025399811853,0.4802268318161468,0.346138102585094,0.2489007837889505,0.2008884288609997,0.1812694347905615
0.1788360833909692,0.3448458523148638,0.5976053349499849,0.7337021368912029,0.2769690182904069,0.4795727913728744,0.768579492003763,0.4854996766651743,0.3491293806480053,0.2514496909450073,0.2053737007806098,0.1868788488506798
0.1840727200869479,0.3484479288060175,0.596089724158836,0.7290378566004989,0.2804217991787981,0.4802986312733306,0.7736594543744121,0.4885837934636622,0.3521206587109166,0.255559803734149,0.2105490145340061,0.1929760380464605
0.1787372789250074,0.3397605678567644,0.5940436495907851,0.7364139277578913,0.2791153415453528,0.4746992948983825,0.767074317968015,0.4842560811819132,0.3498220976731006,0.2534888166698528,0.2078319748134731,0.1882202304737516
0.1648058492243849,0.3264116961542536,0.5951045771445893,0.750949126803341,0.2718365061590145,0.4688925756947324,0.7563499529633114,0.4773416902949808,0.3445952328473818,0.2477537755687249,0.1997239832664855,0.1790744466800805
0.1653986760201561,0.3306494332026697,0.5977568960290996,0.7484542792059876,0.2705300485255693,0.4727291580257155,0.757761053621825,0.4780878475849375,0.3443118486098429,0.2469891034219078,0.198947686203476,0.1782208401926711
0.1821954352336725,0.3453755694459158,0.595407699302819,0.7316411758325198,0.2798618887644644,0.4784321858150145,0.7741298212605833,0.4875889170770532,0.3501369690481439,0.2523736697890779,0.206538146375124,0.1871837083104688
0.1876296808615749,0.3442101917576014,0.5903304031524704,0.729254799869834,0.2855543113101904,0.4742845292409788,0.7882408278457196,0.4939063821320201,0.354261784061211,0.2562607532020646,0.211152801138569,0.1945003353454057
0.1751803181503804,0.3214323551223646,0.5835859351318581,0.7478034493979825,0.2838745800671893,0.4586271256739941,0.7881467544684854,0.4907725215142018,0.351868761610882,0.2530108965780921,0.2062793806874542,0.1883421742576672
0.1600632348582155,0.2957940459794469,0.5769172476508033,0.7691723614274868,0.2807950727883539,0.4414143508917462,0.7805268109125117,0.4832114609759738,0.3467048710601719,0.2469253807430064,0.1978694958381852,0.1767575147856838
0.1623357375753384,0.2929335734717661,0.5732040012124886,0.7693893046968219,0.2841545352743561,0.4375777685607631,0.7809031044214486,0.4803760632741382,0.3444063100223559,0.2457146498438794,0.1965325397852245,0.1749283580269496
0.1765635806738464,0.315499523254582,0.5783570779023947,0.7499728820913332,0.2877939529675252,0.452094566569888,0.7878645343367827,0.4865442968711138,0.3487830221354577,0.2502070987064296,0.2031310648208047,0.1834644229010426
0.180416954846359,0.3374298124801355,0.5910882085480449,0.7366308710272265,0.2817282568122434,0.4714848610535048,0.7955785512699904,0.4937571506740288,0.3550804496363235,0.2558146944497547,0.2099452279294432,0.191268825071642
0.1747851002865329,0.3465409471342303,0.601924825704759,0.7351122681418809,0.2723964165733483,0.4834093737038573,0.7923800564440263,0.4929612495647416,0.3561195251739664,0.2561014465048111,0.2104627593047829,0.1895006402048655
0.172611402035372,0.3483419853798071,0.6048802667474993,0.735329211411216,0.2695968645016797,0.4863127333056822,0.7790216368767638,0.4873401979804009,0.3536320413111244,0.2536481233671063,0.2064087635312891,0.1842570574964941
0.1746862958205711,0.3535332132641169,0.6070779023946651,0.7316411758325198,0.269130272489735,0.4903566984653671,0.7793979303857008,0.4901755956822365,0.3547026039862716,0.2546995475689798,0.2064950187605123,0.1848058045241143
0.1798241280505879,0.3575590634601122,0.6058654137617461,0.7267599522724807,0.2723030981709593,0.4914973040232268,0.7951081843838192,0.4968412674725165,0.357504959224157,0.2577900974956987,0.2111096735239574,0.1907810499359795
0.1795277146527023,0.3586184977222162,0.6069263413155502,0.7263260657338106,0.2715565509518477,0.4927416009954376,0.8037629350893696,0.4980351191364473,0.3581976762492522,0.2585547696425158,0.2130072885668693,0.1944393634534479
0.1702400948522873,0.3448458523148638,0.6042740224310398,0.7384748888165744,0.2687569988801792,0.4842389050186645,0.7932267168391345,0.4910709844301846,0.3541043483736893,0.2550181609634869,0.2086082718764825,0.190293274800317
0.1635213911668807,0.3354168873821379,0.6025310700212185,0.7470441479553097,0.2667039940276223,0.4783284944006636,0.7785512699905927,0.4827140227826693,0.3484681507604144,0.249506149238514,0.200845301246388,0.1808426315468569
0.1659915028159272,0.339654624430554,0.6037435586541376,0.743464584011281,0.2670772676371781,0.4813355454168395,0.7761053621825024,0.4831617171566433,0.3489404578229793,0.2496335945963168,0.2013628326217277,0.1793793061398695
0.1789348878569311,0.3520500052971713,0.6026826311003335,0.7300141013125068,0.2738895110115715,0.4866238075487349,0.7880526810912513,0.4910709844301846,0.3535375798986114,0.2546995475689798,0.2082201233449777,0.1868788488506798
0.18683924513388,0.3533213264116961,0.5975295544104274,0.7250244061178002,0.2807950727883539,0.48372044794691,0.800752587017874,0.4978361438591255,0.3577568563241916,0.2587140763397693,0.2136110751714322,0.1941954758856167
0.176859994071732,0.3308613200550905,0.5891179145195514,0.7420544527606031,0.2812616648002986,0.4670261302364165,0.7907808090310442,0.4925135551907675,0.3536320413111244,0.255559803734149,0.2089101651787639,0.1897445277726968
0.1695484635905543,0.3142282021400571,0.5828281297362837,0.7545286907473696,0.2816349384098544,0.4545831605143094,0.7739416745061147,0.4832114609759738,0.3475865109102932,0.2496335945963168,0.2022253849139604,0.1819401256020974
0.169746072522478,0.3203729208602605,0.5870718399515005,0.7512745417073435,0.2791153415453528,0.4604935711323103,0.767450611476952,0.480027856538825,0.3456657955225291,0.2483272796788377,0.2003277698710484,0.1803548564111944
0.1736982511609524,0.3294840555143553,0.5905577447711428,0.7444408287232888,0.2788353863381859,0.4672335130651182,0.7750705550329257,0.4836094115306173,0.3472401523977456,0.2498884853119225,0.2017509811532324,0.1824279007377598
0.1794289101867404,0.3343574531200338,0.5896483782964534,0.738800303720577,0.2821948488241881,0.4689962671090834,0.7796801505174036,0.4851017261105308,0.3495072262980572,0.2518001656789652,0.2045974037176003,0.1870007926345954
0.1737970556269143,0.322068015679627,0.5851773264625644,0.7481288643019851,0.2822881672265771,0.4599751140605558,0.7726246472248353,0.482017609312043,0.3479328694228408,0.2501433760275282,0.2027860439039117,0.1841960856045363
0.1650034581563086,0.3121093336158491,0.5847226432252197,0.7581082546913983,0.2783687943262412,0.4547905433430112,0.7592662276575729,0.4743570611351539,0.343367234484713,0.245873956541133,0.1968775607021176,0.1766355710017682
0.1566050785495504,0.3284246212522512,0.6029099727190057,0.7543117474780345,0.263251213139231,0.4752177519701369,0.7615239887111946,0.4697806297567527,0.3428319531471394,0.2477537755687249,0.1972225816190106,0.1748673861349917
0.1507756150578006,0.3720733128509375,0.6386026068505608,0.7352207397765483,0.238521836506159,0.5209456656988802,0.7774223894637817,0.4686862657314828,0.3471771781227369,0.2557509717708532,0.2032604476646397,0.1749283580269496
0.1397095148700721,0.4111664371225765,0.6750530463776901,0.721336370539104,0.2108062709966405,0.5650145167980091,0.7941674506114769,0.4654529174750038,0.351868761610882,0.2628879118078124,0.2082632509595894,0.1738918358636668
0.1348680960379409,0.3986651128297488,0.6698241891482267,0.7303395162165094,0.21173945502053,0.5553712152633762,0.812793979303857,0.4826145351440084,0.3712333511760446,0.2843305932581406,0.2281450812955535,0.1848667764160722
0.1810097816421302,0.3978175654200656,0.6338284328584419,0.7054995118776439,0.255692422545726,0.5302778929904605,0.8524929444967074,0.5477789384668955,0.43578198305992,0.3573567832791691,0.2985293483417432,0.2446802024266813
0.2905839343938346,0.4073524737790019,0.5566080630494089,0.6404165310771233,0.35498320268757,0.4821650767316466,0.9003762935089369,0.6498532557329751,0.5431531219496837,0.4835276875039827,0.4227368784232544,0.3604658252545576
0.4405691137239403,0.4128615319419429,0.4455137920581994,0.5552662978631088,0.4942142590518851,0.4088552467855662,0.9027281279397932,0.7602347908272398,0.6785793003558048,0.6457337666475499,0.5822227972570838,0.5153344308273887
0.6073510522675626,0.4458099374933785,0.3411639890876023,0.4467946631955743,0.6372713699141471,0.3535877229365408,0.8468485418626528,0.8639506541312243,0.8239869013507982,0.8168928821767668,0.7493423038771726,0.6828851899274436
0.7502223100484142,0.50132429282763,0.2712943316156411,0.3399501030480529,0.7477603583426653,0.3329531314807134,0.744967074317968,0.9190668059493609,0.9118989892628864,0.9289810743643664,0.8713071979988787,0.8181208462898605
0.8745183282284359,0.5390401525585338,0.2029402849348287,0.2525219655060202,0.8484509145203434,0.3046453753629199,0.6047036688617121,0.9176242351887778,0.932523064328222,0.9597909896132034,0.9369042998231768,0.9225656972135846
0.9511905938148404,0.5191227884309778,0.129887844801455,0.2206313049137651,0.9297312430011198,0.2449191206968063,0.4803386641580432,0.8810625279808983,0.9158033943134232,0.930223666602944,0.9347479190925948,0.964575330772514
0.8739255014326647,0.4076703040576331,0.1094270991209457,0.3200997939038941,0.9057484135871592,0.1763790958108668,0.4260583254938852,0.7394418743471124,0.7702068704934035,0.7758873383037024,0.7967395523353604,0.8596427047131273
0.6643612291275566,0.3166649009428964,0.2050621400424371,0.4816140579238528,0.747946995147443,0.1972210700953961,0.3157102539981186,0.4492364323732776,0.4675525048017885,0.4919072197795196,0.5387501617285548,0.6272178525699653
0.4193261535421401,0.3345693399724546,0.4058047893301,0.6070072675995227,0.5085852930197835,0.3434259643301534,0.2208842897460018,0.1921106302541909,0.1854907270380049,0.2013955266679411,0.2512183551127787,0.3459545149685995
0.2952277442940421,0.3648691598686301,0.5226583813276751,0.6596160104132769,0.3781261664800299,0.4381999170468686,0.1929444967074317,0.1126200069641347,0.0869359866494536,0.08385904543427,0.117005218441368,0.2012682153527224
0.273194348384547,0.3951689797648055,0.5612306759624129,0.6561449181039158,0.3438783128032848,0.4793654085441726,0.2886171213546566,0.2018604188429587,0.1535627696086149,0.1277958325367998,0.1367576659334972,0.1939515883177855
0.2494812765537002,0.4283292721686618,0.6031373143376781,0.6522399392558845,0.3069242254572602,0.5242637909581086,0.4652869238005644,0.3332835895140029,0.2499448975093674,0.1963295736952781,0.1820847888903264,0.2088287299554905
0.2197411322991799,0.4020553024684818,0.6071536829342226,0.6819611671547889,0.2904068682344158,0.5142057237660722,0.6160865475070555,0.4290404417251157,0.3116281998803489,0.2331931434397502,0.1983007719843015,0.1998658618376928
0.2052168758027863,0.3538510435427481,0.5838132767505305,0.7147196008243843,0.2978723404255319,0.4745956034840314,0.6917215428033866,0.4732626971098841,0.3392424194716458,0.2454597591282737,0.2019666192262906,0.1930979818303762
0.1912854461021638,0.3196313168767877,0.5700212185510761,0.7397765484325849,0.2998320268756999,0.4484653670676068,0.7140169332079022,0.4767945082823459,0.3418873390220095,0.2421143184859491,0.1951955837322637,0.1826108164136333
0.1796265191186641,0.3142282021400571,0.5750227341618672,0.7489966373793253,0.2912467338559164,0.449191206968063,0.7323612417685795,0.4737103914838582,0.3411001605844013,0.2381953737335117,0.1880795273213438,0.1734040607280044
0.1795277146527023,0.3184659391884733,0.5782055168232798,0.7469356763206422,0.2892870474057484,0.4534425549564496,0.7640639698965194,0.4818186340347212,0.3450990270474511,0.2394379659720895,0.188295165394402,0.1726114261325529
0.1723149886374864,0.3080834834198537,0.5763110033343437,0.7561557652673826,0.2870474057484136,0.4470136872666944,0.7830667920978363,0.4887827687409839,0.3477439465978148,0.2394061046326387,0.1872601026437228,0.1718797634290592
0.15976682146033,0.2894374404068227,0.5725977568960291,0.7725349821021803,0.2834079880552445,0.4354002488593944,0.7834430856067732,0.485897627219818,0.3439340029597909,0.2340533996049194,0.1788070901798421,0.1615145417962319
0.147613872147021,0.2757707384256806,0.5721430736586844,0.7862024080702895,0.2779022023142964,0.4283492326835338,0.7759172154280338,0.4791822116102074,0.3389275480966026,0.2272987956413687,0.1698796739552335,0.1509054325955734
0.1486019168066396,0.2773598898188367,0.5725219763564717,0.7849007484542792,0.2780888391190743,0.4294898382413936,0.7833490122295389,0.4827637666019997,0.3397462136717151,0.2265978461734531,0.1693190149652823,0.149442107188586
0.1609524750518723,0.2888017798495603,0.5712337071839951,0.7723180388328452,0.2848077640910788,0.4341559518871837,0.8015992474129822,0.492563299010098,0.3460121540350767,0.2317912445039189,0.1750118600940182,0.1562709590878605
0.1645094358264993,0.2900731009640851,0.5694149742346165,0.7697147196008244,0.2875139977603584,0.4335338034010784,0.8124176857949199,0.4998756404516739,0.3514594288233257,0.235519021219652,0.1788933454090654,0.1610267666605695
0.1529493133089615,0.2766182858353639,0.5686571688390422,0.782839787395596,0.2825681224337439,0.4264827872252178,0.8072436500470367,0.4974879371238123,0.3492238420605183,0.2326196393296374,0.1748393496355716,0.1551124931406621
0.1428712577808517,0.263269414132853,0.566914216429221,0.795205553747695,0.2789287047405748,0.4187059311489008,0.7966133584195672,0.4903248271402278,0.3438080544097736,0.2268845982285095,0.1669469961616423,0.1458447655630754
0.1471198498172117,0.2747113041635766,0.5717641709608973,0.7870701811476299,0.2779022023142964,0.4276233927830776,0.7944496707431796,0.4906232900562105,0.3444377971598602,0.2271394889441152,0.1667313580885841,0.1471251752941894
0.156209860685703,0.2978069710774446,0.5813125189451349,0.7702570777741621,0.2763157894736842,0.445458316051431,0.8118532455315146,0.5000746157289957,0.3513334802733084,0.2331931434397502,0.1735455211972225,0.1551734650326199
0.1559134472878174,0.3043754635024896,0.5862382540163686,0.767002928734136,0.2731429637924599,0.4519908751555371,0.8272812793979303,0.5085808088345024,0.3563084479989925,0.2382590964124132,0.1793677491697934,0.1600512163892445
0.1454401738958601,0.2848818730797753,0.5803273719308881,0.7827313157609286,0.2718365061590145,0.4384072998755703,0.8276575729068674,0.5085310650151719,0.3555527566988885,0.2366978907793283,0.1763919437615905,0.1539540271934638
0.13694298982314,0.262739697001801,0.5710063655653228,0.7987851176917237,0.2735162374020157,0.4212982165076731,0.82483537158984,0.5043525841914143,0.3525614786359772,0.2328108073663417,0.1706990986328546,0.147551978537894
0.1444521292362414,0.2666596037715859,0.5681267050621401,0.7927107061503418,0.2789287047405748,0.4211945250933222,0.8287864534336782,0.5057951549519972,0.3535690670361158,0.2334798954948066,0.1717341613835339,0.1484055850253033
0.1584823634028258,0.28085602288378,0.567444680206123,0.7777416205662219,0.2859275849197462,0.4277270841974285,0.8365004703668861,0.5105705616077203,0.3560565508989577,0.2361562480086662,0.1765213266054254,0.1549905493567465
0.1590751901985969,0.2842462125225129,0.5694149742346165,0.7755721878728713,0.2849944008958567,0.4307341352136043,0.843085606773283,0.5114162065363379,0.3565918322365314,0.2363792773848212,0.1779014102729978,0.1580391439546369
0.1442545203043177,0.27036762368895,0.570854804486208,0.7908666883609936,0.2771556550951848,0.4248237245956034,0.8378174976481656,0.5047505347460578,0.3515224030983344,0.2307398203020454,0.1706990986328546,0.1506615450277422
0.134769291571979,0.2591376205106472,0.5700969990906336,0.8018223234624147,0.2730496453900709,0.4189133139776027,0.8264346190028221,0.4969407551111774,0.3464529739601373,0.2249091951825654,0.1632811489196532,0.1407231266386196
0.1400059282679577,0.2689903591482148,0.5731282206729312,0.7939038941316846,0.2737028742067936,0.4257569473247615,0.8309501411100658,0.4990299955230562,0.3476494851853018,0.2255464219715796,0.1631517660758183,0.1403572952868727
0.1487007212726015,0.2882720627185082,0.5802515913913308,0.7792602234515674,0.2734229189996268,0.4400663625051846,0.843085606773283,0.5084813211958414,0.3522151201234296,0.2294653667240171,0.1684133350584379,0.1466983720504847
0.1491947436024108,0.2949464985697637,0.5846468626856623,0.7755721878728713,0.2709033221351251,0.4462878473662381,0.8494825964252116,0.5128090334775904,0.3538524512736548,0.2300070094946791,0.1697934187260102,0.1482226693494299
0.1411915818595,0.2839283822438817,0.5829796908153987,0.7856600498969519,0.2681970884658455,0.4398589796764828,0.8425211665098777,0.5072377257125802,0.349003432097988,0.2245905817880583,0.1635399146073231,0.1388939698798854
0.1281493923525343,0.2777836635236783,0.5885116702030919,0.7958563835557002,0.2586786114221724,0.440584819576939,0.8285042333019755,0.4981346067751082,0.3423596460845745,0.2180590072006627,0.155259412601889,0.1307237363575392
0.1278529789546487,0.2880601758660874,0.596089724158836,0.7907582167263261,0.253826054497947,0.4508502695976774,0.8302916274694262,0.4970402427498384,0.3408167763468623,0.2161154654941694,0.1532755423297537,0.1293213828425096
0.1366465764252544,0.3008793304375463,0.5985147014246742,0.779368695086235,0.2565322881672266,0.458730817088345,0.8477892756349952,0.5045018156494055,0.3448471299474165,0.2190785700630854,0.1572001552594126,0.1355405158222059
0.1348680960379409,0.2980188579298654,0.5978326765686572,0.7818635426835883,0.2560656961552818,0.4568643716300291,0.8575729068673564,0.5102720986917375,0.3481847665228754,0.2211814184668323,0.159399663604606,0.1381013352844338
0.1272601521588776,0.2850937599321961,0.5944225522885723,0.7926022345156741,0.2545726017170586,0.448257984238905,0.850423330197554,0.5077849077252151,0.3461066154475897,0.217804116485057,0.1549143916849959,0.132979696359978
0.1193557948819286,0.274287530458735,0.5927553804183086,0.8025816249050872,0.251866368047779,0.4418291165491497,0.8408278457196613,0.5038551459981097,0.3436821058597563,0.2136621423564646,0.149566567473153,0.1267605633802817
0.1269637387609919,0.2775717766712575,0.5892694755986663,0.7966156849983729,0.257652108995894,0.4409995852343426,0.8417685794920037,0.5091279908471372,0.3452879498724771,0.213948894411521,0.1513347996722301,0.1287726358148893
0.1395119059381484,0.281915457145884,0.5828281297362837,0.7875040676863001,0.2675438596491228,0.438718374118623,0.8618062088428975,0.5220613838730538,0.3515538902358387,0.2176448097878034,0.1559063268210635,0.1363331504176574
0.1421796265191186,0.2734399830490517,0.57464383146408,0.7904328018223234,0.2737961926091825,0.4289713811696392,0.8785512699905926,0.5308162960752126,0.3559935766239491,0.2199069648888039,0.1577608142493639,0.1410279860984086
0.133386029048513,0.2502383727089733,0.5648681418611701,0.8071374335611238,0.2756625606569615,0.410929075072584,0.8746942615239888,0.5301696264239169,0.3536005541736201,0.2157968520996622,0.1521542243498512,0.1348698250106701
0.1285446102163817,0.2360419535967793,0.55835101545923,0.817116823950537,0.2773422918999627,0.3995230194939859,0.8697083725305738,0.5303686017012387,0.3519317358858906,0.2121327980628305,0.14684952775262,0.1290165233827205
0.1399071238019958,0.2420807288907723,0.5540315247044559,0.8077882633691289,0.2854609929078014,0.3995230194939859,0.8839134524929444,0.5386260757100931,0.3561195251739664,0.2144905371821831,0.1494371846293181,0.1321260898725687
0.1534433356387708,0.2554296005932831,0.5530463776902091,0.7934700075930144,0.2923665546845838,0.4053297386976358,0.905456255879586,0.5533999900512361,0.3634560282124752,0.2200981329255081,0.1564669858110148,0.141210901774282
0.156901491947436,0.2546879966098103,0.549939375568354,0.791951404707669,0.295912653975364,0.4028411447532144,0.9203198494825964,0.5634482415559867,0.3689662772757329,0.2234117122283821,0.1600034502091689,0.1471861471861472
0.150479201659915,0.2408094077762474,0.5448620794180055,0.8025816249050872,0.2960059723777529,0.392679386146827,0.920978363123236,0.564592349400587,0.3683365345256463,0.2196520741731982,0.155733816362617,0.1420035363697335
0.1482066989427922,0.229685348024155,0.5387238557138527,0.8095238095238095,0.2988055244494214,0.3829323931978432,0.9241768579492002,0.5667313336317963,0.3670455618879688,0.215605684062958,0.1513347996722301,0.1365160660935309
0.1549254026281988,0.2333933679415192,0.5362230979084571,0.8039917561557653,0.303471444568869,0.3830360846121941,0.930197554092192,0.572352385216137,0.3689033030007242,0.216370356209775,0.1533186699443653,0.1405402109627462
0.1687580278628594,0.2483313910371861,0.5362988784480146,0.7886972556676429,0.3100037327360956,0.3905018664454583,0.934901222953904,0.5809083221409741,0.3742876035139646,0.221436309182438,0.1613835338767413,0.151027376379489
0.176168362809999,0.2540523360525479,0.5347832676568657,0.7817550710489207,0.3143896976483763,0.3921609290750725,0.9397930385700848,0.5879719444858976,0.3800497496772568,0.2255782833110304,0.1663000819424677,0.1571855374672276
0.1715245529097915,0.2421866723169826,0.5297059715065171,0.7903243301876559,0.3153228816722658,0.3829323931978432,0.9213546566321732,0.584340645674775,0.3797033911647093,0.225068501879819,0.1640574459826627,0.1559660996280714
0.1696472680565161,0.2310626125648903,0.523340406183692,0.7970495715370431,0.3183090705487122,0.3731854002488594,0.9043273753527752,0.5795154951997215,0.3782234957020058,0.2241445230357484,0.1628930003881485,0.1549905493567465
0.1799229325165497,0.2354062930395168,0.5184904516520158,0.7891311422063131,0.3262411347517731,0.3719411032766487,0.900752587017874,0.5803611401283391,0.3809628766648824,0.227936022430383,0.1686721007461077,0.1616364855801475
0.196126864934295,0.2600911113465409,0.5237193088814792,0.7676537585421412,0.3306270996640538,0.3875985068436333,0.9041392285983066,0.586230910809332,0.3884568153909128,0.2373032562288918,0.1811791089834821,0.1757819645143589
0.2050192668708625,0.2786312109333615,0.5301606547438618,0.7533355027660267,0.3308137364688317,0.4010783907092493,0.8975540921919097,0.5863801422673233,0.3938726030416575,0.2466704900274007,0.1918316297925562,0.1880373147978782
0.2012646971643118,0.28085602288378,0.5346317065777508,0.754203275843367,0.326334453154162,0.4052260472832849,0.8683913452492944,0.5755359896532857,0.3912906577663025,0.2500159306697254,0.1949368180445939,0.1870007926345954
0.1973125185258373,0.2860472507680898,0.5413761745983632,0.7537693893046968,0.3202687569988802,0.4123807548734964,0.8459078080903104,0.5648908123165697,0.3889606095909821,0.2526604218441343,0.1972225816190106,0.1864520456069752
0.2055132892006719,0.3073418794363809,0.5503182782661413,0.7382579455472393,0.318682344158268,0.4288676897552883,0.8358419567262465,0.5594189921902204,0.3904719921911899,0.2590008283948257,0.2053737007806098,0.1943174196695323
0.2192471099693706,0.3372179256277147,0.5611548954228555,0.7154789022670571,0.3184957073534901,0.4509539610120283,0.8313264346190027,0.5563348753917325,0.3916999905538588,0.2663607978079398,0.2164143701211886,0.2055972196817267
0.2164805849224385,0.3452696260197054,0.5690360715368293,0.7128755830350363,0.3123366927958194,0.4602861883036085,0.8190968955785511,0.5469830373576083,0.3891180452785037,0.2695469317530108,0.220985897270022,0.2087677580635327
0.2011658926983499,0.3335099057103506,0.5723704152773568,0.7273023104458184,0.3030981709593132,0.4568643716300291,0.80310442144873,0.5320101477391435,0.3816555936899777,0.2662970751290384,0.2159399663604606,0.2008414121090177
0.1881237031913842,0.3298018857929864,0.5797211276144286,0.7363054561232237,0.2923665546845838,0.4600788054749067,0.786829727187206,0.5181316221459484,0.3745080134764949,0.2619639329637418,0.2110665459093457,0.1923053472349247
0.1903962059085071,0.3411378323974997,0.5860866929372537,0.7293632715045015,0.2894736842105263,0.4699294898382413,0.7832549388523048,0.513654678406208,0.3737208350388866,0.2627286051105588,0.2121447362746366,0.1942564477775745
0.1986957810493034,0.3544867041000105,0.5891936950591088,0.7178652782297429,0.2915266890630832,0.4786395686437163,0.793038570084666,0.515097249166791,0.3760193960767027,0.2670936086153062,0.21671626342347,0.2008414121090177
0.1987945855152653,0.3548045343786417,0.5894968172173386,0.7176483349604079,0.2913400522583053,0.478950642886769,0.796142991533396,0.5160423817340696,0.3771529330268585,0.2688459822850952,0.2187863889248285,0.2037680629229925
0.1871356585317656,0.3430448140692869,0.5899515004546833,0.7301225729471743,0.2855543113101904,0.4735586893405226,0.7816556914393227,0.5084315773765109,0.3725872980887308,0.2653093736060664,0.2151636692974511,0.196939211023718
0.1780456476632743,0.3373238690539252,0.592831160957866,0.7380410022779043,0.2794886151549086,0.4726254666113645,0.7681091251175917,0.5000746157289957,0.368116124563116,0.2614860128719811,0.2101608660025014,0.1892567526370343
0.1806145637782827,0.3495073630681216,0.5994998484389209,0.7303395162165094,0.27668906308324,0.4832019908751555,0.7714016933207902,0.5004228224643088,0.3677067917755597,0.2615815968903333,0.2108509078362876,0.1893786964209499
0.1895069657148503,0.3683652929335734,0.6062443164595333,0.7159127888057273,0.27668906308324,0.4969929489838242,0.7879586077140168,0.5064915684226236,0.3710444283510186,0.2664563818262919,0.21671626342347,0.1955978294006463
0.1912854461021638,0.3726030299819896,0.6079114883297969,0.7127671114003689,0.2765024262784621,0.5002073828287018,0.8016933207902164,0.5100731234144157,0.3725558109512264,0.2692920410374052,0.2201664725924009,0.1993171148100725
0.1827882620294437,0.3608433096726348,0.6060169748408609,0.7233973315977872,0.2736095558044046,0.493260058067192,0.7936030103480716,0.5046013032880665,0.3696275071633238,0.2655961256611228,0.216371242506577,0.1927931223705871
0.1747851002865329,0.3486598156584383,0.6034404364959078,0.7340275517952056,0.2714632325494587,0.4854832019908752,0.787206020696143,0.5020643685022136,0.3673919204005164,0.2625055757344039,0.2111959287531807,0.1861471861471861
0.1827882620294437,0.3520500052971713,0.5997271900575932,0.7278446686191561,0.2775289287047406,0.484653670676068,0.8016933207902164,0.5083320897378502,0.370698069838471,0.2648633148537564,0.2137404580152672,0.1916346564233888
0.1952376247406383,0.3585125542960058,0.5948014549863595,0.7177568065950753,0.2864874953340799,0.4844462878473662,0.8187206020696143,0.5171864895786699,0.3764917031392676,0.2698018224686166,0.2201233449777893,0.2001707212974818
0.198300563185456,0.3521559487233817,0.5879054258866323,0.7193838811150884,0.2920865994774169,0.4765657403566985,0.8291627469426153,0.5243993433815848,0.3797033911647093,0.2728923723953355,0.2237460646051667,0.2034022315712456
0.1864440272700326,0.3359466045131899,0.5854046680812368,0.734136023429873,0.2880739081746921,0.4669224388220655,0.8195672624647223,0.5181316221459484,0.376806574514311,0.2698018224686166,0.2183982403933238,0.1960856045363087
0.1829858709613674,0.3337217925627714,0.586465595635041,0.737173229200564,0.2858342665173572,0.4665076731646619,0.8045155221072436,0.5131572402129035,0.3746654491640165,0.2675715287070668,0.2149911588390046,0.1919395158831778
0.1895069657148503,0.3407140586926581,0.586465595635041,0.7300141013125068,0.2888204553938037,0.4699294898382413,0.8015992474129822,0.514201860418843,0.3752951919141031,0.2692283183585038,0.2187863889248285,0.195353941832815
0.2028455686197016,0.352791609280644,0.5848742043043347,0.716455146979065,0.2961926091825308,0.4748029863127332,0.8092191909689558,0.5193752176292096,0.3782864699770144,0.2726693430191805,0.2243067235951179,0.2036461191390769
0.2019563284260448,0.3562877423455874,0.5880569869657472,0.7152619589977222,0.2937663307204181,0.4787432600580671,0.8111006585136405,0.519972143461175,0.3786958027645707,0.2728923723953355,0.2249536378142925,0.2065727699530516
0.18683924513388,0.3442101917576014,0.5910124280084875,0.7296886864085043,0.2848077640910788,0.4748029863127332,0.7952022577610536,0.5122618514649555,0.3737208350388866,0.268431784872236,0.2179238366325958,0.198219620754832
0.1787372789250074,0.3356287742345586,0.5910882085480449,0.7385833604512421,0.2808883911907428,0.4706553297386976,0.7823142050799624,0.5045018156494055,0.3686199187631852,0.2634932772573759,0.2117565877431319,0.1898054996646546
0.1881237031913842,0.3452696260197054,0.5907850863898151,0.7283870267924938,0.2855543113101904,0.475114060555786,0.7853245531514581,0.5061433616873103,0.3693441229257848,0.2646084241381508,0.2129641609522577,0.1914517407475154
0.1995850212429602,0.3557580252145353,0.5894968172173386,0.7167805618830675,0.2917133258678612,0.4793654085441726,0.8013170272812793,0.513654678406208,0.3740357064139299,0.2692601796979545,0.2191314098417217,0.1990732272422413
0.2019563284260448,0.3501430236253839,0.5836617156714156,0.718299164768413,0.2964725643896976,0.4727291580257155,0.8077140169332079,0.5160423817340696,0.3752007305015901,0.2699929905053208,0.2204252382800707,0.2010243277848911
0.1917794684319731,0.3365822650704523,0.5817672021824796,0.730881874389847,0.2928331466965286,0.4647449191206968,0.788428974600188,0.5069392627965975,0.3690292515507415,0.2652137895877143,0.2141717341613835,0.1927931223705871
0.1823930441655963,0.3361584913656107,0.5885874507426493,0.7363054561232237,0.2841545352743561,0.4692036499377852,0.7690498588899342,0.4951997214346118,0.3624169526748323,0.2598610845599949,0.2080476128865312,0.183952198036705
0.1855547870763758,0.3530034961330648,0.5982873598060018,0.7258921791951405,0.2797685703620754,0.4840315221899627,0.7715898400752588,0.4954981843505944,0.3634245410749709,0.2614860128719811,0.209729589856385,0.1850496920919456
0.1916806639660112,0.368259349507363,0.604501364049712,0.7147196008243843,0.2788353863381859,0.4957486520116135,0.7852304797742239,0.5046013032880665,0.3693441229257848,0.2677308354043204,0.2176219433303144,0.1946222791293214
0.1939531666831341,0.3675177455238901,0.6022279478629887,0.7138518277470441,0.2812616648002986,0.4938822065532974,0.7935089369708372,0.5093767099437895,0.3732170408388173,0.27085324667049,0.2222797257083711,0.2003536369733553
0.1836775022231005,0.3540629303951689,0.6004849954531677,0.7264345373684782,0.2774356103023516,0.4861053504769804,0.7824082784571965,0.5037059145401184,0.3695015586133064,0.2674122220098133,0.2172337947988096,0.1942564477775745
0.1779468431973125,0.3469647208390719,0.5998029705971507,0.7331597787178652,0.2751959686450168,0.4821650767316466,0.769802445907808,0.494901258518629,0.36487294940017,0.2626967437711081,0.2121447362746366,0.1871227364185111
0.1871356585317656,0.3597838754105307,0.601924825704759,0.7215533138084391,0.2782754759238522,0.4898382413936126,0.7730950141110066,0.4942048450480027,0.3646840265751441,0.2626967437711081,0.2131366714107042,0.1886470337174562
0.1923722952277443,0.3704841614577815,0.6055622916035163,0.7132009979390389,0.2784621127286301,0.4976150974699294,0.7799623706491062,0.4969904989305079,0.3656286407002739,0.2637481679729815,0.2158537111312373,0.1930370099384184
0.1942495800810197,0.374298124801356,0.6069263413155502,0.710163792168348,0.278555431131019,0.5004147656574036,0.779868297271872,0.4980848629557777,0.3656601278377783,0.2641305040463901,0.21671626342347,0.1941345039936589
0.1855547870763758,0.361161139951266,0.6040466808123675,0.7217702570777742,0.2761291526689063,0.4920157610949813,0.7703668861712135,0.4915186788041586,0.3609370572121289,0.2599248072388964,0.2108940354508992,0.1864520456069752
0.1791324967888548,0.3532153829854857,0.603288875416793,0.729254799869834,0.2736095558044046,0.4876607216922439,0.7619002822201317,0.4860966024971397,0.3569696778865834,0.256547505257121,0.2056324664682796,0.18047680019511
0.1819978263017488,0.3609492530988452,0.6066989996968778,0.7238312181364573,0.272863008585293,0.4937785151389465,0.7745061147695202,0.4908720091528628,0.359614597436947,0.2586184923214172,0.2082632509595894,0.1827937320895067
0.1862464183381089,0.3705901048839918,0.6103364655956351,0.716455146979065,0.2726763717805151,0.5009332227291581,0.796142991533396,0.5004725662836393,0.3653137693252307,0.2640349200280379,0.2146892655367231,0.1903542466922748
0.1836775022231005,0.3701663311791503,0.6120036374658988,0.7181906931337455,0.2704367301231803,0.5018664454583162,0.8074317968015051,0.5038551459981097,0.3668881262004471,0.2667112725418977,0.2174494328718678,0.1920004877751356
0.1714257484438296,0.356181798919377,0.6113973931494393,0.7319665907365224,0.2649309443822322,0.4946080464537536,0.7997177798682972,0.497338705665821,0.3627947983248843,0.2629197731472631,0.2128347781084228,0.1857813547954393
0.1671771564074696,0.3438923614789702,0.6058654137617461,0.7406443215099252,0.2664240388204554,0.484757362090419,0.7959548447789275,0.4937571506740288,0.3593627003369124,0.2590326897342764,0.2086945271057058,0.1802938845192366
0.1771564074696176,0.3474944379701239,0.6007881176113974,0.7332682503525328,0.2742627846211273,0.4830982994608046,0.8055503292568202,0.4977864000397951,0.3602758273245379,0.259956668578347,0.2095570793979385,0.1835253947930004
0.1858512004742614,0.3570293463290602,0.6009396786905122,0.7237227465017898,0.2781821575214632,0.4878681045209457,0.8095954844778928,0.5005223101029697,0.362291004124815,0.2614222901930798,0.2124035019623065,0.1888299493933296
0.1812073905740539,0.3558639686407458,0.6036677781145803,0.7267599522724807,0.2743561030235162,0.4892160929075073,0.8034807149576669,0.498781276426404,0.3600239302245033,0.2597655005416428,0.2122741191184715,0.1888909212852875
0.170437703784211,0.3474944379701239,0.6059411943013034,0.7370647575658965,0.2679171332586786,0.4866238075487349,0.7849482596425212,0.4891309754762971,0.3543247583362197,0.2545402408717263,0.2058912321559494,0.1824279007377598
0.1628297599051477,0.3455874562983366,0.6103364655956351,0.7421629243952707,0.26157148189623,0.4886976358357528,0.769802445907808,0.4805252947321295,0.3506092761107088,0.2515452749633594,0.2018372363824557,0.1760868239741479
0.1680663966011263,0.3635978387541053,0.6192785692634132,0.7300141013125068,0.2585852930197835,0.5036291995022812,0.7716839134524929,0.4811719643834253,0.3520576844359079,0.2538711527432613,0.2045542761029887,0.179867081275532
0.1788360833909692,0.3831973726030299,0.6251136708093361,0.7141772426510468,0.2599850690556178,0.517212774782248,0.78137347130762,0.4862458339551311,0.3557731666614188,0.2571528707066845,0.2099021003148315,0.1871227364185111
0.1788360833909692,0.3865875622417628,0.6275386480751743,0.7124416964963661,0.2584919746173946,0.5205309000414766,0.7767638758231421,0.4847037755558872,0.3545136811612456,0.2562926145415153,0.2085651442618709,0.1863910737150173
0.1667819385436222,0.3688950100646254,0.6239769627159746,0.7280616118884911,0.2550391937290033,0.5094359187059312,0.7574788334901222,0.4751032184251107,0.3474920494977802,0.2498884853119225,0.2001121317979902,0.176391683433937
0.1615453018476435,0.3519440618709608,0.6158684449833284,0.7395596051632498,0.257558790593505,0.4956449605972625,0.7479774223894637,0.4694324230214395,0.3429579016971567,0.2456827885044287,0.194807435200759,0.1705383818059874
0.1666831340776603,0.3531094395592753,0.6127614428614732,0.7361969844885562,0.2619447555057858,0.4939858979676483,0.7527751646284102,0.4728647465552406,0.3444692842973645,0.2467660740457529,0.1959718807952732,0.1718187915371014
0.1788360833909692,0.3609492530988452,0.6090481964231584,0.7254582926564703,0.2699701381112355,0.4953338863542099,0.7606773283160865,0.4795304183455205,0.3479328694228408,0.2500796533486268,0.2008884288609997,0.178586671544418
0.1772552119355795,0.3585125542960058,0.6085935131858139,0.7276277253498211,0.2694102276969018,0.4938822065532974,0.759360301034807,0.4771924588369896,0.3471771781227369,0.2487096157522462,0.2001552594126019,0.1791354185720383
0.1620393241774528,0.3425150969382349,0.6088208548044862,0.7442238854539538,0.2621313923105636,0.4861053504769804,0.7472248353715898,0.467591901706213,0.3415409805094619,0.2428471292933155,0.1927804373140121,0.1693799158587891
0.1549254026281988,0.3337217925627714,0.6079872688693544,0.7525762013233539,0.2593318402388951,0.4812318540024886,0.741110065851364,0.4636621399791076,0.3392424194716458,0.239820302045498,0.1892871005304696,0.1641973050423754
0.1638178045647663,0.3428329272168661,0.6076841467111246,0.743030697472611,0.2637178051511759,0.4854832019908752,0.7510818438381938,0.4703775555887181,0.3428634402846438,0.2431657426878226,0.1935998619916332,0.1688921407231266
0.1731054243651813,0.3542748172475897,0.6087450742649289,0.7320750623711899,0.2673572228443449,0.4919120696806304,0.7682972718720602,0.4794806745261901,0.3486885607229447,0.2487414770916969,0.2000690041833786,0.1774282055972197
0.1709317261140203,0.3509905710350672,0.6080630494089118,0.7350037965072134,0.2667973124300112,0.4898382413936126,0.7759172154280338,0.4839078744466,0.3508296860732391,0.2503026827247818,0.2023547677577953,0.1803548564111944
0.1642130224286137,0.3377476427587668,0.6037435586541376,0.7454170734352966,0.2662374020156775,0.4802986312733306,0.7688617121354656,0.4788837486942248,0.3472716395352498,0.2456827885044287,0.1964894121706128,0.1725504542405951
0.1605572571880248,0.3300137726454073,0.6010154592300698,0.7513830133420111,0.2662374020156775,0.4746992948983825,0.7583254938852305,0.4718201263493011,0.3430208759721654,0.241349646339132,0.1911847155733816,0.165599658557405
0.1696472680565161,0.3388070770208708,0.6003334343740527,0.7419459811259356,0.2709033221351251,0.4785358772293654,0.7641580432737535,0.4741580858578322,0.3445637457098776,0.2438348308162875,0.1939017552939147,0.1694408877507469
0.181108586108092,0.3532153829854857,0.6018490451652015,0.7281700835231587,0.2753826054497947,0.4866238075487349,0.7802445907808089,0.4844550564592349,0.3495072262980572,0.2499840693302746,0.2011903221632811,0.1787695872202914
0.1801205414484734,0.3514143447399088,0.6013185813882994,0.7296886864085043,0.2752892870474058,0.4853795105765243,0.7942615239887112,0.489678157488932,0.3524355300859599,0.2522462244312751,0.2042523828007073,0.1823059569538443
0.1653986760201561,0.3364763216442419,0.601924825704759,0.7454170734352966,0.2680104516610676,0.4784321858150145,0.7908748824082784,0.4856489081231657,0.3492868163355269,0.2486458930733448,0.1986889205158062,0.175111273702823
0.1589763857326351,0.3329801885792986,0.6043498029705971,0.7507321835340058,0.263437849944009,0.4784321858150145,0.7809971777986829,0.4794309307068597,0.3454453855599987,0.2446313643025553,0.1937292448354681,0.1673068715322236
0.1652010670882324,0.3473884945439134,0.609806001818733,0.73999349170192,0.2629712579320642,0.4892160929075073,0.7879586077140168,0.4831119733373128,0.3481532793853711,0.2470528261008092,0.1966619226290593,0.1723065666727638
0.1796265191186641,0.3670939718190486,0.612913003940588,0.7218787287124416,0.2679171332586786,0.5010369141435089,0.798024459078081,0.4903745709595583,0.3539469126861677,0.2533613713120499,0.2053305731659982,0.181757209926224
0.179725323584626,0.3646572730162093,0.6110942709912095,0.7230719166937846,0.269130272489735,0.4985483201990875,0.7953904045155221,0.4899766204049147,0.3548600396737932,0.2539985981010642,0.2073575710527451,0.1837692823608316
0.1685604189309356,0.3469647208390719,0.6070021218551076,0.7382579455472393,0.2663307204180665,0.4871422646204894,0.7745061147695202,0.4802765756354773,0.3486570735854404,0.248295418339387,0.1995083451934273,0.1746844704591183
0.1581859500049402,0.3337217925627714,0.6054865110639589,0.7507321835340058,0.2623180291153416,0.4795727913728744,0.7620884289746002,0.4715216634333184,0.3432097987971914,0.2429745746511183,0.1927804373140121,0.1670629839643924
0.1631261733030332,0.3345693399724546,0.6023037284025463,0.7476949777633148,0.2666106756252333,0.4778100373289092,0.7692380056444026,0.4749042431477889,0.3442803614723386,0.2445676416236538,0.1945917971277009,0.1707822693738186
0.1758719494121134,0.3455874562983366,0.6004092149136102,0.7350037965072134,0.2738895110115715,0.4818540024885939,0.7769520225776105,0.4810724767447644,0.3474920494977802,0.2488051997705983,0.2002415146418251,0.1791354185720383
0.1757731449461515,0.3428329272168661,0.5985147014246742,0.7365223993925588,0.27491601343785,0.4792617171298217,0.7703668861712135,0.4779386161269462,0.3451620013224598,0.2471802714586121,0.1989045585888644,0.1781598683007134
0.1610512795178342,0.3331920754317194,0.6029099727190057,0.7494305239179955,0.265304217991788,0.4776026545002074,0.753527751646284,0.4682385713575088,0.3387701124090809,0.2414770916969349,0.1921335230948376,0.1689531126150844
0.1537397490366564,0.3358406610869795,0.6103364655956351,0.7521423147846837,0.2572788353863382,0.4839278307756118,0.7403574788334901,0.461821618663881,0.3351805787335873,0.2378448989995539,0.1871307197998878,0.1620632888238522
0.1581859500049402,0.3662464244093653,0.6287511367080935,0.734136023429873,0.248040313549832,0.5114060555785982,0.7529633113828786,0.4654529174750038,0.3384237538965333,0.241031032944625,0.1903652908957605,0.165294799097616
0.1652998715541942,0.3879648267824981,0.6388299484692331,0.7190584662110857,0.2452407614781635,0.5289299046038988,0.7638758231420508,0.4706760185047008,0.3436191315847476,0.245873956541133,0.196705050243671,0.1723065666727638
0.1673747653393933,0.3917787901260726,0.6398908760230373,0.7160212604403948,0.2455207166853303,0.5315221899626711,0.7598306679209784,0.4706262746853704,0.3443433357473472,0.2469572420824571,0.1988614309742528,0.1753551612706542
0.1576919276751309,0.3783239749973514,0.637769020915429,0.7281700835231587,0.2422545726017171,0.5235379510576524,0.7435559736594543,0.4620205939412028,0.3387701124090809,0.2423054865226534,0.1929098201578471,0.1673678434241814
0.1519612686493429,0.3705901048839918,0.6366323128220673,0.735329211411216,0.2402015677491601,0.5189755288262132,0.7349952963311382,0.4549072277769487,0.3336377089958752,0.2376537309628497,0.1865700608099366,0.160234132065118
0.1580871455389783,0.3791715224070346,0.6380721430736588,0.7275192537151535,0.2422545726017171,0.5241600995437579,0.744967074317968,0.4582400636720887,0.3354954501086306,0.2387370165041738,0.1884676758528486,0.1623681482836412
0.1650034581563086,0.3839389765865028,0.6361776295847227,0.721336370539104,0.2467338559163867,0.5251970136872667,0.7619002822201317,0.4657513803909864,0.3402814950092887,0.2427515452749633,0.1937723724500798,0.1683433936955063
0.1613476929157198,0.3764169933255641,0.6336010912397697,0.7271938388111508,0.2465472191116088,0.5197013687266694,0.7634995296331137,0.4667960005969258,0.340501904971819,0.2431338813483719,0.1942899038254194,0.1689531126150844
0.1491947436024108,0.3598898188367411,0.6311003334343741,0.7422713960299382,0.242347891004106,0.5099543757776857,0.7522107243650046,0.4612744366512461,0.3365345256462735,0.239374243293188,0.1893733557596929,0.1623071763916834
0.1486019168066396,0.351202457887488,0.6253410124280085,0.7470441479553097,0.2456140350877193,0.5017627540439651,0.7464722483537158,0.4587375018653932,0.3352120658710917,0.2372076722105397,0.1874326131021693,0.1582830315224681
0.1570002964133978,0.3563936857717978,0.6226129130039406,0.7397765484325849,0.2513064576334453,0.5023849025300705,0.7575729068673565,0.4658011242103169,0.3391794451966372,0.2409035875868221,0.1921335230948376,0.1637705017986708
0.1665843296116984,0.3681534060811526,0.6236738405577448,0.7286039700618289,0.2551325121313923,0.5088137702198258,0.7755409219190968,0.4761478386310501,0.345949179760068,0.2472758554769642,0.1998533661103204,0.1742576672154137
0.1652998715541942,0.3599957622629515,0.6188238860260685,0.7333767219872003,0.257558790593505,0.5015553712152634,0.7807149576669803,0.4791822116102074,0.3479643565603451,0.247849359587077,0.2008021736317764,0.1761477958661057
0.156901491947436,0.3379595296111876,0.6094270991209458,0.7493220522833278,0.2593318402388951,0.4843425964330153,0.7705550329256821,0.4734616723872059,0.343650618722252,0.242783406614414,0.194333031440031,0.1687092250472532
0.1531469222408852,0.3287424515308824,0.6058654137617461,0.7560472936327151,0.2597984322508399,0.4773952716715056,0.7698965192850423,0.471471919613988,0.3420447747095312,0.2411903396418785,0.1917885021779445,0.163709529906713
0.160458452722063,0.3366882084966627,0.6058654137617461,0.7480203926673175,0.263251213139231,0.4813355454168395,0.7843838193791156,0.4798288812615033,0.3466418967851633,0.2458102338622315,0.1973088368482339,0.1701115785622828
0.1724137931034483,0.3470706642652822,0.6041224613519248,0.7361969844885562,0.2699701381112355,0.4851721277478225,0.8000940733772343,0.4899268765855842,0.3519317358858906,0.2511629388899509,0.204166127571484,0.1808426315468569
0.171129335045944,0.3413497192499205,0.6010912397696272,0.7397765484325849,0.2711832773422919,0.4802986312733306,0.8051740357478834,0.4902253395015669,0.3518057873358733,0.2506212961192888,0.2039936171130374,0.1812694347905615
0.1592727991305207,0.3364763216442419,0.6065474386177631,0.7487796941099902,0.2622247107129526,0.4816466196598921,0.7863593603010348,0.4745560364124757,0.3428949274221481,0.2438985534951889,0.1955837322637685,0.1697457472105359
0.1456377828277838,0.354592647526221,0.63003940588057,0.7469356763206422,0.2413213885778275,0.5066362505184571,0.766698024459078,0.4572949311048102,0.3362511414087346,0.2400751927611037,0.1896752490619744,0.1587098347661727
0.1365477719592925,0.4070346435003707,0.6744468020612308,0.7251328777524677,0.2096864501679731,0.5626296142679387,0.7627469426152399,0.4443615380788937,0.3331654019333103,0.2414770916969349,0.1899771423642558,0.1561490153039449
0.1329908111846655,0.4429494649856976,0.7030160654743862,0.7086451892830025,0.1903695408734602,0.5997511406055579,0.7753527751646283,0.4417748594737104,0.3355899115211436,0.2481998343210348,0.1964462845560012,0.1582220596305103
0.1427724533148898,0.4477169191651658,0.6989239163382844,0.70083523158694,0.1975550578574095,0.5992326835338034,0.8075258701787393,0.4737103914838582,0.3682735602506377,0.2842350092397884,0.2302583344115237,0.1841960856045363
0.1938543622171722,0.4451742769361159,0.657850863898151,0.6741512094587265,0.2469204927211646,0.569888013272501,0.8523047977422389,0.5517087001940009,0.4478100695865739,0.3730007009494679,0.314659076206495,0.2563258337906225
0.3028356881731054,0.4369106896917046,0.5683540466808124,0.6186137325089489,0.3534901082493468,0.5046661136457902,0.8738476011288805,0.6510471073969059,0.5640920683900628,0.5088574523672975,0.4446457066459654,0.3748551917566002
0.4658630570101769,0.4534378641805276,0.4551379205819946,0.5205553747694978,0.5002799552071668,0.4352965574450436,0.8477892756349952,0.7655573794955978,0.7125854088604805,0.6803351812910216,0.6111614266614913,0.538015974635693
0.6452919671969174,0.4987816505985803,0.3499545316762655,0.3988502006725241,0.6497760358342666,0.3855246785566155,0.7878645343367827,0.8776302044470974,0.8586227526055606,0.848244440196266,0.77853969896925,0.7102005975245412
0.7972532358462603,0.5473037398029452,0.2681115489542285,0.2907039809089923,0.7718365061590147,0.3532766486934882,0.6838193791157102,0.9355320101477392,0.9348531125035424,0.9405148792455236,0.8901108379695518,0.8454362538869583
0.9230313210157098,0.5570505350143024,0.1786147317368899,0.2166178544310662,0.8864315042926466,0.296868519286603,0.5257761053621824,0.9274735114162068,0.9476054031927958,0.9563818262919774,0.9387156596368657,0.9371379793915006
0.9387412311036458,0.4981459900413178,0.1244316459533192,0.2382037097299056,0.9271183277342292,0.2309207797594359,0.4108184383819379,0.8514649554792817,0.8905821971724551,0.8846938125278787,0.8848061413723207,0.9182976647765382
0.8099990119553403,0.3799131263905074,0.1386026068505607,0.3693459160429548,0.8575961179544607,0.1827042720862712,0.3122295390404515,0.6248818584290902,0.6676217765042981,0.6742815267953866,0.6974597834993747,0.7608072678495215
0.5868985278134572,0.3258819790232016,0.2709912094574113,0.5194706584228225,0.6707726763717805,0.2468892575694732,0.2065851364063969,0.3200517335721036,0.3401870335967757,0.3672337985088893,0.4183809893474792,0.5060667032498019
0.3723940322102559,0.3616908570823179,0.4611245832070325,0.6189391474129514,0.4524076147816349,0.3944421401907922,0.147695202257761,0.1178928518131622,0.1045058093768695,0.1176002039125724,0.1694052701945055,0.2623620510944455
0.2963145934196226,0.3665642546879966,0.5231130645650197,0.658205879162599,0.3783128032848078,0.4392368311903775,0.1888993414863593,0.1326667661543052,0.092036902925155,0.0804180207735933,0.1115711390003019,0.18492774830803
0.270329018871653,0.3873291662252356,0.5578205516823279,0.6617854431066276,0.3447181784247854,0.4731439236831191,0.3487300094073377,0.2632940357160623,0.1928272300765137,0.1515006690881284,0.1546987536119377,0.1954758856167307
0.2326845173401838,0.4091535120245788,0.6023037284025463,0.6712224753227031,0.299552071668533,0.5143094151804231,0.5243650047036689,0.3778540516340845,0.2760162473629522,0.2075447651819282,0.1867856988829948,0.1945613072373636
0.2097618812370319,0.4038563407140586,0.6160957866020006,0.6865169758108255,0.2802351623740202,0.5211530485275819,0.644214487300094,0.4478436054320251,0.3242860291570894,0.2356146052380042,0.1981713891404666,0.1858423266873971
0.1963244738662187,0.3716495391460959,0.6033646559563505,0.710380735437683,0.2817282568122434,0.4966818747407714,0.7002822201317027,0.473809879122519,0.3421392361220441,0.2451092843943159,0.2010609393194462,0.1838302542527894
0.170437703784211,0.3410318889712893,0.601394361927857,0.7403189066059225,0.2706233669279582,0.4804023226876814,0.7194731890874883,0.4707755061433617,0.341257596271923,0.2392467979353852,0.1916591193341096,0.1710261569416499
0.1561110562197411,0.3316029240385633,0.6055622916035163,0.7530100878620242,0.261384845091452,0.4785358772293654,0.7389463781749765,0.4688852410088047,0.3401555464592714,0.2344038743388772,0.1852762323715875,0.1601121882812023
0.1605572571880248,0.3365822650704523,0.6057138526826311,0.7480203926673175,0.26334453154162,0.4811281625881377,0.7650987770460959,0.4780381037656072,0.3436191315847476,0.2356464665774549,0.1852762323715875,0.1595024693616243
0.1609524750518723,0.3356287742345586,0.6047287056683843,0.7482373359366525,0.2641843971631206,0.4799875570302778,0.7928504233301975,0.4870417350644182,0.3467993324726849,0.2365067227426241,0.1853624876008107,0.160538991524907
0.1501827882620294,0.3186778260408941,0.6007881176113974,0.7628810066167696,0.261478163493841,0.4689962671090834,0.8075258701787393,0.4909714967915237,0.3468937938851979,0.23453131969668,0.1810928537542588,0.1551734650326199
0.1370417942891018,0.2987604619133382,0.5966959684752955,0.7803449397982428,0.2578387458006719,0.4564496059726254,0.8014111006585136,0.4859473710391484,0.3430208759721654,0.2290830306506085,0.1733298831241644,0.1447472715078349
0.1388202746764154,0.2968534802415509,0.5939678690512277,0.7802364681635752,0.2602650242627846,0.4536499377851514,0.7958607714016933,0.483360692433965,0.3421077489845398,0.2277448543936787,0.1710441195497477,0.1412718736662399
0.1539373579685801,0.3136984850090051,0.5944983328281297,0.7634233647901074,0.2670772676371781,0.4622563251762754,0.8078080903104422,0.4926627866487589,0.3477439465978148,0.2327470846874402,0.177513261741493,0.1488933601609658
0.160458452722063,0.3186778260408941,0.592982722036981,0.7572404816140579,0.2711832773422919,0.463604313562837,0.8265286923800564,0.50166641794757,0.3526559400484902,0.2366023067609762,0.1819122784318799,0.155478324492409
0.1551230115601225,0.3060705583218561,0.5881327675053046,0.7666775138301334,0.2715565509518477,0.4541683948569058,0.8266227657572907,0.5003233348256478,0.3509556346232564,0.2340852609443701,0.1788502177944538,0.1515151515151515
0.1437604979745084,0.2847759296535649,0.5815398605638072,0.7838160321076039,0.2702500933184024,0.4392368311903775,0.8106302916274694,0.4899766204049147,0.3439654900972952,0.2272032116230166,0.1706128434036313,0.1412718736662399
0.1389190791423772,0.2729102659179998,0.5767656865716884,0.7924937628810066,0.2709033221351251,0.4301119867274989,0.8021636876763876,0.4842560811819132,0.3394628294341761,0.2220098132925508,0.1653944020356234,0.1349307969026279
0.1472186542831736,0.2826570611293568,0.577371930888148,0.7829482590302637,0.2745427398282941,0.4352965574450436,0.8067732831608655,0.4877381485350445,0.3408482634843666,0.2235710189256356,0.1678526760684866,0.1401134077190415
0.1552218160260843,0.292403856340714,0.5782812973628372,0.7735112268141882,0.2777155655095185,0.4407922024056407,0.8142050799623706,0.4950007461572899,0.3442803614723386,0.2268527368890588,0.1715185233104757,0.1457837936711176
0.1457365872937456,0.2838224388176713,0.5793422249166414,0.7831652022995986,0.2725830533781261,0.4372666943177105,0.8148635936030103,0.4918668855394717,0.3422651846720615,0.224080800356847,0.1683702074438263,0.1419425644777757
0.1316075486611995,0.2659179997881131,0.577371930888148,0.800086777307734,0.2670772676371781,0.427208627125674,0.8021636876763876,0.4813709396607472,0.3358418086211783,0.2174855030905499,0.1597015569068875,0.1314553990610328
0.1241972137140598,0.2651763958046403,0.582525007578054,0.8045341143291029,0.2604516610675625,0.4303193695562007,0.791533396048918,0.4759488633537283,0.3333228376208319,0.2144268145032817,0.1556906887480053,0.1271873666239863
0.1304218950696571,0.2785252675071511,0.5872991815701728,0.7943377806703547,0.2604516610675625,0.4400663625051846,0.798024459078081,0.4810724767447644,0.3375421140464121,0.218027145861212,0.1606934920429551,0.1334674714956405
0.1390178836083391,0.2859413073418794,0.5860109123976963,0.7857685215316196,0.265304217991788,0.4428660306926587,0.8117591721542803,0.488683281102323,0.3416354419219749,0.2220735359714522,0.1667744857031957,0.1413938174501554
0.1339788558442841,0.2794787583430448,0.5852531070021219,0.7918429330730015,0.263437849944009,0.4391331397760266,0.8149576669802446,0.4888325125603144,0.340974212034384,0.2213088638246352,0.1659550610255747,0.1393817450155478
0.1210354708032803,0.2683546985909524,0.5872234010306153,0.8046425859637705,0.2560656961552818,0.4350891746163418,0.8063029162746943,0.4842063373625827,0.3370383198463428,0.21659338558593,0.1600897054383922,0.1312115114932016
0.1175773144946151,0.2678249814599003,0.5894210366777812,0.8068120186571212,0.2530795072788354,0.4363334715885524,0.8078080903104422,0.4855494204845048,0.3362511414087346,0.2150321799528452,0.1568551343425195,0.1265776477044083
0.1242960181800217,0.2830808348341985,0.5953319187632616,0.7953140253823625,0.2526129152668906,0.4478432185815014,0.8263405456255879,0.4937074068546983,0.3416354419219749,0.2197476581915503,0.1619441928666925,0.1319431741966953
0.1327932022527418,0.2975950842250238,0.5991209457411337,0.7832736739342662,0.2542926465098917,0.4574865201161344,0.8406396989651927,0.5014176988509178,0.3472716395352498,0.2246543044669598,0.1677664208392634,0.1387720260959697
0.128347001284458,0.2961118762580781,0.6014701424674144,0.7864193513396247,0.2507465472191116,0.4584197428452923,0.8422389463781749,0.5028105257921703,0.3482477407978841,0.2243356910724527,0.1669038685470306,0.1394427169075056
0.1130323090603695,0.2814916834410425,0.6027584116398909,0.8023646816357523,0.2427211646136618,0.452094566569888,0.834524929444967,0.4975874247624732,0.3445322585723732,0.2193334607786911,0.1606503644283434,0.1316992866288641
0.1128347001284458,0.2789490412119927,0.6010154592300698,0.8036663412517626,0.2436543486375513,0.4497096640398175,0.8343367826904986,0.4968412674725165,0.3428319531471394,0.2167526922831836,0.1574589209470824,0.1269434790561551
0.1242960181800217,0.2925097997669244,0.602076386783874,0.790541273456991,0.2485069055617768,0.4570717544587309,0.8499529633113828,0.5060438740486495,0.3474605623602759,0.2203530236411138,0.1618579376374692,0.1334674714956405
0.1323979843888943,0.3045873503549104,0.6043498029705971,0.7799110532595727,0.2508398656215005,0.464537536291995,0.8687676387582314,0.517982390687957,0.354828552536289,0.2254189766137768,0.1675507827662052,0.1418206206938601
0.1274577610908012,0.2968534802415509,0.6026826311003335,0.7865278229742922,0.2495334079880552,0.4596640398175031,0.8776105362182502,0.5229567726210018,0.356843729336566,0.2248136111642133,0.1662138267132445,0.1398085482592524
0.1127358956624839,0.2783133806547303,0.60071233707184,0.8041002277904328,0.2438409854423292,0.449191206968063,0.8727187206020696,0.5192757299905487,0.3531912213860638,0.219237876760339,0.1581058351662569,0.1291384671666361
0.1124394822645983,0.279796588621676,0.6020006062443165,0.8035578696170951,0.2429078014184397,0.4507465781833265,0.8714016933207902,0.5198726558225141,0.3525299914984729,0.2165296629070286,0.1540087117781515,0.1250533504054631
0.1285446102163817,0.298972348765759,0.6033646559563505,0.7847922768196117,0.2496267263904442,0.4611157196184156,0.8834430856067732,0.5292742376759688,0.3571900878491136,0.2190467087236347,0.1584077284685384,0.132674836900189
0.1385238612785298,0.3107320690751138,0.6041224613519248,0.7732942835448531,0.253919372900336,0.46744089589382,0.896519285042333,0.5405660846639805,0.3624484398123367,0.2229019307971707,0.1645318497433907,0.1403572952868727
0.1385238612785298,0.3057527280432249,0.6004849954531677,0.7758976027768738,0.2561590145576707,0.4624637080049772,0.8963311382878645,0.5446948216684077,0.3636764381750055,0.2225195947237622,0.1644455945141674,0.1406621547466618
0.1293350459440767,0.2830808348341985,0.5913913307062747,0.7924937628810066,0.2574654721911161,0.4451472418083783,0.886077140169332,0.5420086554245634,0.359897981674486,0.2164340788886765,0.1577176866347522,0.1333455277117249
0.131212330797352,0.2665536603453755,0.5781297362837224,0.7999783056730665,0.2665173572228443,0.4279344670261303,0.8833490122295391,0.5425060936178681,0.3570641392990963,0.2123558274389855,0.1531892871005305,0.1289555514907627
0.146922240885288,0.2679309248861107,0.5670657775083359,0.7906497450916586,0.2807017543859649,0.4210908336789714,0.8968015051740357,0.5534497338705666,0.3609685443496332,0.2142037851271267,0.1563807305817915,0.1348088531187122
0.157593123209169,0.2635872444114842,0.5558502576538344,0.7869617095129623,0.2926465098917507,0.4112401493156367,0.9102539981185324,0.5615579764214297,0.3633615667999623,0.215159625310648,0.15845085608315,0.1400524358270837
0.1548265981622369,0.2528869583642334,0.5502424977265838,0.7940123657663521,0.2947928331466966,0.4022189962671091,0.9063969896519284,0.5608615629508034,0.3614723385497024,0.2116230166316192,0.1545693707681028,0.139625632583379
0.1431676711787372,0.2472719567750821,0.5550924522582601,0.8032324547130926,0.286300858529302,0.4028411447532144,0.8966133584195671,0.5565338506690544,0.3592997260619037,0.2079271012553367,0.1496528227023763,0.1334674714956405
0.1459341962256694,0.2553236571670727,0.5587299181570173,0.7975919297103807,0.2853676745054124,0.4091663210286188,0.9002822201317027,0.5594189921902204,0.3617872099247458,0.2087554960810552,0.1512054168283952,0.1337113590634717
0.1617429107795672,0.2771480029664159,0.562291603516217,0.7778500922008895,0.2905935050391938,0.4223351306511821,0.9112888052681092,0.5708103268168929,0.3703831984634277,0.2158605747785637,0.1599171949799457,0.1460276812389488
0.1723149886374864,0.297383197372603,0.5686571688390422,0.7615793470007592,0.2917133258678612,0.4366445458316051,0.917873941674506,0.5805601154056609,0.3784124185270317,0.2243675524119034,0.1693621425798939,0.1583440034144259
0.1720185752396008,0.3010912172899671,0.5714610488026675,0.7599522724807463,0.2898469578200821,0.4403774367482372,0.9083725305738476,0.5810078097796348,0.3824742592650902,0.2291467533295099,0.1747530944063484,0.1615145417962319
0.1695484635905543,0.2949464985697637,0.5690360715368293,0.7643996095021152,0.290220231429638,0.4357113231024471,0.8797742238946377,0.5721036661194847,0.3819074907900123,0.2304849295864398,0.1764350713762021,0.160234132065118
0.1772552119355795,0.3009852738637567,0.567444680206123,0.7571320099793905,0.2947928331466966,0.4374740771464123,0.8594543744120413,0.5675769785604139,0.3836077962152461,0.2365704454215255,0.1824298098072195,0.1661484055850253
0.1962256694002569,0.322068015679627,0.5679751439830252,0.7358715695845537,0.303471444568869,0.4481542928245541,0.8594543744120413,0.5718549470228323,0.3906609150162159,0.2478812209265277,0.1968775607021176,0.1825498445216755
0.2066989427922142,0.3377476427587668,0.5711579266444378,0.7220956719817767,0.3064576334453154,0.4580049771878888,0.8626528692380055,0.5725016166741282,0.3954154727793696,0.2576945134773466,0.209255186095657,0.195353941832815
0.2005730659025788,0.334145566267613,0.5732797817520461,0.7273023104458184,0.3021649869354237,0.4576939029448362,0.8533396048918155,0.5626523404466995,0.3927705532290059,0.2608806474224176,0.2132660542545392,0.1977928175111273
0.1874320719296512,0.3268354698590952,0.5781297362837224,0.7382579455472393,0.2930197835013065,0.4574865201161344,0.8291627469426153,0.545838929513008,0.3851191788154539,0.2588733830370229,0.2105058869193944,0.1924272910188403
0.1816026084379014,0.3331920754317194,0.587147620491058,0.7382579455472393,0.2847144456886898,0.4668187474077146,0.8165569143932266,0.5349947768989703,0.3810888252148997,0.2595106098260371,0.2113253115970155,0.1910249375038107
0.1863452228040707,0.3538510435427481,0.5982873598060018,0.7250244061178002,0.2800485255692422,0.4845499792617171,0.82483537158984,0.5342486196090136,0.3819074907900123,0.2650863442299114,0.2180100918618191,0.1970611548076337
0.1928663175575536,0.3726030299819896,0.6066989996968778,0.7118993383230284,0.2779955207166854,0.4993778515138946,0.8307619943555974,0.5326568173904392,0.3820964136150383,0.2690371503217995,0.2238754474490016,0.2015121029205536
0.1884201165892698,0.3750397287848289,0.6118520763867838,0.7129840546697038,0.2727696901829041,0.5041476565740357,0.8247412982126059,0.5246480624782371,0.3780975471519884,0.2669343019180527,0.2227541294690991,0.1982805926467898
0.1743898824226855,0.3612670833774764,0.6127614428614732,0.7278446686191561,0.2655841731989549,0.498029863127333,0.8146754468485418,0.5141023727801821,0.3705406341509493,0.2614860128719811,0.215293052141286,0.1877324553380891
0.1705365082501729,0.3548045343786417,0.6110942709912095,0.7332682503525328,0.2647443075774542,0.4936748237245956,0.8128880526810911,0.5097249166791026,0.3673919204005164,0.2595106098260371,0.2112390563677923,0.1827937320895067
0.1780456476632743,0.3632800084754741,0.6113973931494393,0.7246989912137975,0.2681037700634565,0.4981335545416839,0.8218250235183443,0.5128587772969209,0.3688403287257155,0.2616453195692347,0.2149049036097813,0.1877934272300469
0.1874320719296512,0.3762051064731432,0.6134434677174901,0.7129840546697038,0.2712765957446809,0.50580671920365,0.8307619943555974,0.516987514301348,0.3720520167511572,0.2654049576244185,0.2210721524992452,0.1957807450765197
0.1848631558146428,0.3746159550799872,0.6142770536526221,0.7151534873630546,0.2695968645016797,0.5055993363749481,0.8240827845719662,0.5138536536835299,0.3700368399508801,0.2644172561014465,0.2205546211239056,0.1939515883177855
0.1771564074696176,0.3652929335734717,0.6135192482570475,0.7242651046751275,0.2663307204180665,0.5005184570717545,0.8047977422389464,0.5042530965527533,0.3644951037501181,0.2594468871471356,0.213524819942209,0.1851106639839034
0.1765635806738464,0.3669880283928382,0.6151864201273114,0.7237227465017898,0.2650242627846211,0.5024885939444214,0.7897460018814675,0.4986817887877431,0.3606851601120943,0.2562926145415153,0.2104627593047829,0.1818181818181818
0.1845667424167572,0.3739802945227248,0.6140497120339496,0.7156958455363922,0.2695968645016797,0.5051845707175445,0.7906867356538099,0.4998258966323434,0.3615353128247111,0.2576626521378959,0.2136973304006555,0.1861471861471861
0.1927675130915917,0.3709079351626231,0.6055622916035163,0.7127671114003689,0.278648749533408,0.4978224802986312,0.7952022577610536,0.5030592448888226,0.362574388362354,0.2589371057159242,0.2163281148919653,0.1896225839887811
0.1871356585317656,0.3566055726242186,0.5996514095180357,0.7231803883284521,0.2796752519596864,0.4867274989630858,0.7873941674506115,0.5009700044769437,0.3608740829371202,0.2575033454406423,0.2145167550782766,0.1885250899335406
0.176168362809999,0.3381714164636084,0.5948772355259169,0.7386918320859096,0.2774356103023516,0.4744919120696806,0.7677328316086547,0.491120728249515,0.3542302969237067,0.2512266615688523,0.2067969120627938,0.1797451374916163
0.1749827092184566,0.3306494332026697,0.5904061836920279,0.7431391691072784,0.2795819335572975,0.4677519701368727,0.7632173095014111,0.4878873799930359,0.3510500960357694,0.2485821703944434,0.2035623409669211,0.1756600207304432
0.1840727200869479,0.3372179256277147,0.5881327675053046,0.7347868532378783,0.2852743561030235,0.4694110327664869,0.7749764816556914,0.4931104810227329,0.3540098869611764,0.2521506404129229,0.2082201233449777,0.1815133223583928
0.1859500049402233,0.339654624430554,0.5884358896635344,0.7325089489098602,0.2860209033221351,0.4707590211530486,0.7867356538099718,0.4978361438591255,0.3566233193740357,0.2554323583763461,0.2119290982015785,0.1871227364185111
0.1716233573757534,0.3273651869901472,0.5905577447711428,0.7466102614166396,0.2779022023142964,0.4661965989216093,0.7847601128880527,0.4943043326866637,0.353883938411159,0.2536162620276557,0.209255186095657,0.1825498445216755
0.1580871455389783,0.3180421654836317,0.5943467717490148,0.7588675561340709,0.269130272489735,0.4642264620489423,0.7758231420507997,0.486793015967766,0.3495702005730659,0.2489645064678519,0.2026997886746884,0.1729162855923419
0.1585811678687876,0.3277889606949888,0.6009396786905122,0.7536609176700292,0.2653975363941769,0.4735586893405226,0.7749764816556914,0.4853007013878526,0.3501369690481439,0.249060090486204,0.2018803639970673,0.1717578196451436
0.1698448769884399,0.3516262315923296,0.6093513185813882,0.7352207397765483,0.2654908547965659,0.4909788469514723,0.7863593603010348,0.4912202158881759,0.3550174753613149,0.2539985981010642,0.2086945271057058,0.1798061093835741
0.1764647762078846,0.3621146307871596,0.6117762958472265,0.726217594099143,0.2670772676371781,0.4977187888842804,0.7942615239887112,0.4970402427498384,0.3588589061368431,0.2576307907984452,0.2134816923275974,0.1860252423632705
0.1721173797055627,0.355652081788325,0.61048802667475,0.7319665907365224,0.2658641284061216,0.4936748237245956,0.7888052681091251,0.4947520270606377,0.3578198305992002,0.2572803160644873,0.2117997153577435,0.1835253947930004
0.1615453018476435,0.3387011335946604,0.6064716580782055,0.7463933181473045,0.26334453154162,0.4826835338034011,0.7746942615239886,0.4878376361737054,0.3539469126861677,0.2527878672019372,0.2059343597705611,0.1756600207304432
0.1600632348582155,0.3284246212522512,0.6003334343740527,0.7524677296886865,0.2664240388204554,0.4734549979261718,0.7728127939793038,0.4864945530517833,0.3535690670361158,0.2512903842477538,0.2043386380299305,0.1733430888360466
0.1702400948522873,0.3393367941519228,0.6002576538344953,0.7412951513179303,0.2712765957446809,0.4787432600580671,0.7873941674506115,0.4946525394219768,0.3585755218993041,0.2566112279360224,0.2098158450856083,0.1811474910066459
0.1747851002865329,0.3454815128721262,0.6010912397696272,0.7356546263152186,0.272863008585293,0.4822687681459975,0.8008466603951081,0.5011689797542656,0.362857772599893,0.2605620340279105,0.2147323931513348,0.1873666239863423
0.1678687876692026,0.3393367941519228,0.6020006062443165,0.7425968109339408,0.269130272489735,0.4799875570302778,0.7987770460959548,0.4985823011490822,0.362196542712302,0.2590645510737271,0.2135679475568206,0.1843180293884519
0.1552218160260843,0.3304375463502489,0.6054107305244013,0.7540948042086995,0.2610115714818962,0.4779137287432601,0.7916274694261524,0.4928120181067502,0.3587014704493215,0.2550818836423883,0.2072713158235218,0.1764526553258947
0.1530481177749234,0.3294840555143553,0.6063958775386481,0.75583035036338,0.2594251586412841,0.4781211115719619,0.7946378174976481,0.4942545888673332,0.3586070090368085,0.2543172114955713,0.2059343597705611,0.1738918358636668
0.1628297599051477,0.3372179256277147,0.6044255835101546,0.7463933181473045,0.2652108995893991,0.4806097055163832,0.8102539981185325,0.5041536089140924,0.362668849774867,0.2590326897342764,0.2108509078362876,0.1809645753307725
0.1734018377630669,0.3476003813963343,0.6037435586541376,0.735329211411216,0.2706233669279582,0.4851721277478225,0.8206961429915335,0.5094264537631199,0.3656601278377783,0.2627923277894603,0.2160693492042955,0.1876714834461313
0.1707341171820966,0.3434685877741286,0.6027584116398909,0.7389087753552447,0.2699701381112355,0.4824761509746993,0.8067732831608655,0.5015171864895788,0.3619761327497717,0.2597017778627414,0.213050416181481,0.1850496920919456
0.1603596482561012,0.3406081152664477,0.6087450742649289,0.746067903243302,0.261384845091452,0.4851721277478225,0.7897460018814675,0.4900761080435756,0.3554582952863755,0.2537118460460077,0.2064518911459007,0.1772452899213462
0.1578895366070546,0.3468587774128615,0.6151106395877538,0.7442238854539538,0.2562523329600597,0.4926379095810867,0.7854186265286924,0.4851514699298612,0.3528448628735162,0.2518638883578665,0.2043386380299305,0.1747454423510761
0.1714257484438296,0.3652929335734717,0.6179145195513792,0.727410782080486,0.2610115714818962,0.5035255080879303,0.7908748824082784,0.4887330249216535,0.3549545010863063,0.2544446568533741,0.2082201233449777,0.1812084628986037
0.1760695583440371,0.3708019917364127,0.6182934222491664,0.7219872003471093,0.2629712579320642,0.5064288676897553,0.7942615239887112,0.4909714967915237,0.3559935766239491,0.2562607532020646,0.2115409496700737,0.1861471861471861
0.1680663966011263,0.355652081788325,0.6135950287966051,0.734136023429873,0.2620380739081747,0.4958523434259643,0.7856067732831609,0.4845048002785654,0.3520576844359079,0.2524692538074301,0.20748695389658,0.1809645753307725
0.1588775812666732,0.3349931136772963,0.6058654137617461,0.7497559388219981,0.2625046659201195,0.4805060141020323,0.7736594543744121,0.4777396408496244,0.346515948235146,0.2472758554769642,0.2004571527148833,0.1728553137003841
0.1628297599051477,0.3288483949570929,0.5984389208851167,0.7507321835340058,0.2688503172825681,0.4724180837826628,0.7730009407337723,0.4790827239715466,0.345571334110016,0.2461607085961893,0.2004571527148833,0.1708432412657765
0.173994664558838,0.3430448140692869,0.6000303122158229,0.7372817008352315,0.2731429637924599,0.4804023226876814,0.788428974600188,0.4875391732577228,0.3507037375232218,0.2514178296055566,0.2077025919696381,0.1796841655996585
0.180416954846359,0.3499311367729631,0.6000303122158229,0.7302310445818418,0.2762224710712953,0.48372044794691,0.8030103480714957,0.4935084315773765,0.3547655782612803,0.2551137449818391,0.2117134601285203,0.1859642704713127
0.1686592233968975,0.3397605678567644,0.6017732646256442,0.7419459811259356,0.2695968645016797,0.4799875570302778,0.8008466603951081,0.4891309754762971,0.3520261972984036,0.2516727203211623,0.2062362530728425,0.18047680019511
0.1626321509732239,0.3289543383833033,0.5986662625037891,0.7507321835340058,0.2686636804777902,0.4726254666113645,0.787206020696143,0.4807242700094514,0.346515948235146,0.2464793219906965,0.1997671108810971,0.1713310164014389
0.163323782234957,0.3314969806123529,0.5999545316762656,0.7491051090139929,0.2681970884658455,0.4746992948983825,0.7881467544684854,0.4798288812615033,0.3456657955225291,0.2450455617154145,0.1988614309742528,0.1698067191024937
0.1693508546586306,0.3447399088886534,0.6048044862079418,0.7390172469899121,0.2681037700634565,0.4845499792617171,0.7990592662276575,0.4838083868079391,0.3481532793853711,0.2477219142292742,0.2025272782162419,0.1759648801902323
0.1718209663076771,0.3546985909524313,0.6100333434374053,0.7326174205445276,0.2660507652108996,0.4929489838241393,0.8045155221072436,0.484902750833209,0.3487830221354577,0.2489326451284012,0.2052874455513865,0.1802329126272788
0.1526528999110759,0.3469647208390719,0.6192027887238557,0.7470441479553097,0.2513064576334453,0.4954375777685608,0.7947318908748824,0.4771924588369896,0.3439340029597909,0.2451092843943159,0.1998964937249321,0.1725504542405951
0.1407963639956526,0.3400783981353957,0.6233707183995151,0.7571320099793905,0.2430944382232176,0.4949191206968062,0.7707431796801505,0.464706760185047,0.3370068327088384,0.2391193525775823,0.1917885021779445,0.1618194012560209
0.1485031123406778,0.3516262315923296,0.6257199151257957,0.7469356763206422,0.2453340798805524,0.5021775197013687,0.7552210724365005,0.458488782768741,0.335243553008596,0.2377811763206525,0.1907965670418769,0.1602951039570758
0.1553206204920462,0.3699544443267294,0.6336010912397697,0.7338106085258705,0.2437476670399403,0.5165906262961427,0.7641580432737535,0.4636123961597772,0.3392109323341415,0.2421461798253998,0.1966619226290593,0.1675507591000548
0.1613476929157198,0.380336900095349,0.6363291906638375,0.7251328777524677,0.2448674878686077,0.5235379510576524,0.7748824082784571,0.4702283241307267,0.3430523631096697,0.24663862868795,0.2028291715185233,0.1752332174867386
0.156901491947436,0.3755694459158809,0.6364049712033949,0.7300141013125068,0.2427211646136618,0.5211530485275819,0.7744120413922859,0.4711734566980052,0.3437135929972606,0.2471165487797107,0.2027429162893,0.1735869764038778
0.1436616935085466,0.3609492530988452,0.6361018490451653,0.7447662436272915,0.23665546845838,0.5137909581086686,0.7682031984948259,0.4685370342734915,0.3411631348594099,0.2440259988529917,0.197653857765127,0.167184927748308
0.146922240885288,0.3560758554931665,0.6301909669596848,0.7455255450699642,0.2417879805897723,0.5073620904189133,0.7713076199435559,0.4699298612147441,0.3416039547844706,0.2436755241190339,0.1973519644628455,0.1665752088287299
0.15976682146033,0.3580887805911643,0.6217035465292513,0.7374986441045667,0.2530795072788354,0.5025922853587723,0.787206020696143,0.4787842610555639,0.346138102585094,0.2474988848531192,0.2018372363824557,0.1731601731601731
0.1656950894180416,0.3558639686407458,0.6155653228250986,0.735329211411216,0.2597051138484509,0.4973040232268768,0.8002822201317028,0.4847037755558872,0.3482162536603798,0.2489007837889505,0.2030879372061931,0.1756600207304432
0.1486019168066396,0.3373238690539252,0.6154137617459836,0.754203275843367,0.2517730496453901,0.4880754873496475,0.7920037629350892,0.4768442521016764,0.3424226203595831,0.2430382973300197,0.1953680941907103,0.165904518017194
0.1359549451635214,0.3229155630893102,0.6148075174295241,0.7685215316194814,0.246173945502053,0.4806097055163832,0.7689557855126999,0.4639108590757598,0.335338014421109,0.2367934747976805,0.186871954112218,0.1552344369245777
0.1431676711787372,0.3367941519228731,0.6191270081842983,0.757457424883393,0.2469204927211646,0.4903566984653671,0.7618062088428974,0.4646072725463861,0.3365030385087692,0.2387688778436245,0.189718376676586,0.1597463569294555
0.1623357375753384,0.3541688738213793,0.6169293725371324,0.7380410022779043,0.2572788353863382,0.4974077146412277,0.7687676387582314,0.4724170521812665,0.3417613904719922,0.2446313643025553,0.1983870272135248,0.1718187915371014
0.1738958600928762,0.3621146307871596,0.61374658987572,0.7276277253498211,0.2646509891750653,0.4990667772708419,0.7753527751646283,0.478585285778242,0.345854718347555,0.2487096157522462,0.2045111484883771,0.1802329126272788
0.169054441260745,0.3536391566903273,0.6113973931494393,0.7345699099685433,0.2639044419559537,0.4933637494815429,0.7744120413922859,0.475799631895737,0.3449730784974338,0.2468935194035557,0.2028291715185233,0.1781598683007134
0.1589763857326351,0.338065473037398,0.6079872688693544,0.7481288643019851,0.2611982082866741,0.4834093737038573,0.764722483537159,0.4697308859374223,0.3402814950092887,0.2426240999171605,0.1962737740975547,0.1699896347783672
0.15976682146033,0.3377476427587668,0.6071536829342226,0.74791192103265,0.2620380739081747,0.4826835338034011,0.7634995296331137,0.4694324230214395,0.3399666236342454,0.2418912891097941,0.1954543494199336,0.1682824218035485
0.1694496591245924,0.34908358936328,0.6078357077902395,0.7367393426618939,0.2662374020156775,0.4886976358357528,0.7735653809971778,0.4759986071730587,0.3443433357473472,0.2460969859172879,0.200845301246388,0.1752332174867386
0.1735006422290287,0.3524737790020129,0.6071536829342226,0.7328343638138627,0.2685703620754013,0.4899419328079635,0.7853245531514581,0.4805750385514599,0.3481217922478667,0.2491875358440069,0.2046836589468236,0.1808426315468569
0.1624345420413002,0.3370060387752939,0.604652925128827,0.7468272046859746,0.2649309443822322,0.4806097055163832,0.7838193791157103,0.4766452768243546,0.3452249755974684,0.245650927164978,0.1998102384957088,0.175111273702823
0.1494911570002964,0.3186778260408941,0.601394361927857,0.7632064215207723,0.2608249346771183,0.4694110327664869,0.7713076199435559,0.4687360095508133,0.3389590352341069,0.2406805582106672,0.1921766507094492,0.1651118834217425
0.1522576820472285,0.322068015679627,0.6016974840860867,0.7600607441154138,0.2619447555057858,0.471277478224803,0.7692380056444026,0.4676416455255434,0.3382348310715073,0.2402026381189065,0.1916591193341096,0.1641973050423754
0.1618417152455291,0.3384892467422395,0.6060927553804183,0.7463933181473045,0.2637178051511759,0.4823724595603484,0.7820319849482597,0.4745062925931453,0.3418243647470009,0.2437073854584847,0.1973088368482339,0.172245594780806
0.1624345420413002,0.3454815128721262,0.6106395877538647,0.7423798676646056,0.2611982082866741,0.4889050186644546,0.7929444967074318,0.4793314430681988,0.3442803614723386,0.2462244312750908,0.2006727907879415,0.1759039082982745
0.1524552909791522,0.3377476427587668,0.6127614428614732,0.7519253715153488,0.2552258305337813,0.486520116134384,0.7845719661335842,0.4743570611351539,0.341257596271923,0.2431020200089211,0.1960581360244965,0.1690140845070422
0.1414879952573856,0.3257760355969911,0.6126098817823582,0.7640741945981127,0.2500933184023889,0.4805060141020323,0.7719661335841956,0.4666467691389345,0.3359992443086999,0.2379723443573568,0.1899340147496442,0.1595634412535821
0.1435628890425847,0.3310732069075113,0.6148075174295241,0.7601692157500815,0.2497200447928332,0.484653670676068,0.7714957666980244,0.4653534298363428,0.3357473472086653,0.2378130376601032,0.1901065252080907,0.1582830315224681
0.1586799723347495,0.3495073630681216,0.6163989087602304,0.7424883392992733,0.2558790593505039,0.4947117378681045,0.7801505174035748,0.472367308361936,0.340312982146793,0.2424329318804562,0.1967481778582826,0.1677946466678861
0.1639166090307282,0.3578768937387435,0.6182934222491664,0.735329211411216,0.2571855169839492,0.500103691414351,0.7877704609595484,0.4769437397403372,0.3440284643723039,0.2458102338622315,0.2014059602363393,0.1741966953234559
0.1527517043770378,0.3526856658544336,0.6232191573204002,0.7440069421846187,0.2488801791713326,0.5010369141435089,0.7815616180620883,0.4742078296771626,0.3425800560471048,0.2441534442107946,0.1989045585888644,0.1698067191024937
0.1455389783618219,0.3452696260197054,0.6235222794786298,0.7518168998806812,0.2453340798805524,0.4975114060555786,0.769802445907808,0.4687360095508133,0.3391164709216285,0.2408717262473714,0.1934273515331867,0.1634656423388818
0.1482066989427922,0.3500370801991736,0.6248105486511065,0.74791192103265,0.2458006718924972,0.5008295313148071,0.7711194731890874,0.4681888275381784,0.3389905223716112,0.2407124195501178,0.1939448829085263,0.1632827266630083
0.1602608437901393,0.3603135925415827,0.6228402546226129,0.7359800412192211,0.2527062336692796,0.5044587308170883,0.7873941674506115,0.4775904093916331,0.3441544129223212,0.2451411457337666,0.200500280329495,0.1720017072129748
0.1667819385436222,0.3614789702298972,0.6187481054865112,0.7318581191018548,0.2582120194102277,0.5022812111157197,0.7973659454374412,0.4847535193752176,0.3483422022103971,0.2482316956604855,0.2037348514253676,0.1769404304615572
0.1549254026281988,0.3498251933467527,0.6195059108820855,0.7443323570886213,0.2521463232549459,0.4969929489838242,0.7834430856067732,0.4765457891856937,0.3430838502471741,0.244217166889696,0.1979988786820201,0.1698067191024937
0.143365280110661,0.3389130204470812,0.6205668384358897,0.7562642369020501,0.246080627099664,0.4924305267523849,0.7673565380997177,0.4674426702482216,0.3380773953839857,0.2397884407060473,0.1924785440117307,0.1616974574721053
0.153344531172809,0.3474944379701239,0.6191270081842983,0.7463933181473045,0.2516797312430011,0.4956449605972625,0.768579492003763,0.4700293488534049,0.3403444692842974,0.2413177849996813,0.1954112218053219,0.1638924455825864
0.1676711787372789,0.3616908570823179,0.618217641709609,0.7312072892938497,0.2590518850317282,0.5019701368726669,0.77826904985889,0.478137591404268,0.3460121540350767,0.2465749060090486,0.2026566610600767,0.17352600451192
0.1736982511609524,0.3667761415404173,0.6172324946953622,0.7253498210218028,0.2625046659201195,0.5037328909166321,0.7871119473189087,0.4834104362532955,0.3492553291980226,0.2501752373669789,0.2072713158235218,0.1804158283031522
0.1646082402924612,0.3541688738213793,0.6151864201273114,0.7368478142965615,0.2594251586412841,0.496163417669017,0.7819379115710253,0.479580162164851,0.345949179760068,0.2481679729815841,0.2031741924354164,0.1762697396500213
0.1545301847643513,0.3347812268248755,0.6090481964231584,0.7522507864193514,0.2584919746173946,0.4825798423890502,0.7730009407337723,0.4726160274585882,0.3409112377593753,0.2433250493850761,0.1962737740975547,0.1677336747759283
0.1614464973816816,0.3280008475474096,0.5988936041224614,0.7519253715153488,0.2680104516610676,0.472210700953961,0.7761994355597365,0.474804755509128,0.3411001605844013,0.2428471292933155,0.1965756673998361,0.1684043655874642
0.1756743404801897,0.3269414132853056,0.5872234010306153,0.744657771992624,0.2818215752146323,0.4638116963915387,0.789934148635936,0.4814704272994081,0.3444692842973645,0.2467342127063021,0.2021822572993488,0.1755380769465276
0.1748839047524948,0.321538298548575,0.5840406183692028,0.7478034493979825,0.2835013064576335,0.4589381999170469,0.8000940733772343,0.4840073620852608,0.3457287697975377,0.2480405276237813,0.2040798723422607,0.1775501493811353
0.1557158383558936,0.3045873503549104,0.586465595635041,0.7671114003688035,0.272863008585293,0.4523019493985897,0.7959548447789275,0.4782868228622594,0.3420762618470355,0.2439622761740903,0.1988183033596412,0.1716968477531857
0.1421796265191186,0.2910265917999787,0.5872234010306153,0.7814296561449181,0.2660507652108996,0.4461841559518871,0.7809031044214486,0.4683380589961697,0.3355269372461349,0.2385777098069203,0.1908828222711002,0.1628559234193037
0.1475150676810591,0.298442631634707,0.5884358896635344,0.774704414795531,0.2678238148562897,0.4506428867689755,0.7700846660395109,0.463811371437099,0.3337006832708838,0.2377493149812018,0.1898477595204209,0.1613925980123163
0.1580871455389783,0.31496980612353,0.592149136101849,0.760494630654084,0.2705300485255693,0.4613231024471174,0.7728127939793038,0.4693329353827787,0.3380459082464813,0.2424329318804562,0.1954543494199336,0.1702944942381562
0.1614464973816816,0.3209026379913126,0.5938163079721127,0.7555049354593774,0.2710899589399029,0.4653670676068021,0.7777986829727186,0.4738596229418494,0.340785289209358,0.2454597591282737,0.1998964937249321,0.1759039082982745
0.1500839837960675,0.3092488611081682,0.5941952106699,0.7677622301768087,0.2654908547965659,0.4598714226462049,0.7690498588899342,0.4678406208028652,0.3377310368714381,0.2422417638437519,0.1958856255660499,0.1702335223461984
0.1432664756446991,0.3087191439771162,0.5990451652015764,0.7717756806595075,0.2593318402388951,0.4628784736623808,0.7584195672624646,0.460379047903298,0.3327245820082496,0.2370802268527369,0.1899771423642558,0.160843850984696
0.1445509337022033,0.321538298548575,0.6073052440133374,0.7645080811367828,0.2547592385218365,0.4749066777270841,0.7618062088428974,0.4611252051932548,0.3334802733083535,0.2371120881921876,0.1898046319058093,0.160234132065118
0.1565062740835885,0.3383833033160291,0.6101849045165202,0.7493220522833278,0.2586786114221724,0.4850684363334716,0.7805268109125117,0.4705765308660399,0.3393683680216632,0.2428471292933155,0.196705050243671,0.1696847753185781
0.15976682146033,0.3480241551011759,0.6145043952712943,0.7425968109339408,0.257558790593505,0.4927416009954376,0.7929444967074318,0.4772422026563199,0.3434302087597217,0.2460332632383865,0.200845301246388,0.1734650326199622
0.1506768105918387,0.3384892467422395,0.6146559563504093,0.7524677296886865,0.2531728256812243,0.4881791787639984,0.7825964252116651,0.4736109038451973,0.340785289209358,0.2428471292933155,0.196705050243671,0.1673068715322236
0.1422784309850805,0.3284246212522512,0.6138981509548349,0.7622301768087646,0.2496267263904442,0.4826835338034011,0.7730009407337723,0.4678406208028652,0.3372587298088731,0.2391193525775823,0.1921335230948376,0.1598073288214133
0.1468234364193261,0.3350990571035067,0.6151864201273114,0.7563727085367177,0.2510265024262785,0.4868311903774367,0.7788334901222953,0.4704272994080485,0.3386126767215592,0.240043331421653,0.1931254582309052,0.1607828790927382
0.1564074696176267,0.3443161351838117,0.6144286147317369,0.7462848465126369,0.2560656961552818,0.4908751555371216,0.7942615239887112,0.4787842610555639,0.3434302087597217,0.2442490282291467,0.1979126234527968,0.1673068715322236
0.1612488884497579,0.3463290602818095,0.6121551985450137,0.7425968109339408,0.2597051138484509,0.4902530070510161,0.8029162746942615,0.4830622295179824,0.345949179760068,0.2465111833301471,0.200845301246388,0.1711481007255655
0.1521588775812666,0.3363703782180315,0.6120036374658988,0.7526846729580214,0.2555057857409481,0.4853795105765243,0.7886171213546566,0.4753021937024324,0.3414780062344532,0.2427515452749633,0.1965325397852245,0.1653557709895738
0.1414879952573856,0.3383833033160291,0.6216277659896939,0.7575658965180605,0.2445875326614408,0.4929489838241393,0.7726246472248353,0.466597025319604,0.3369753455713341,0.2388644618619766,0.1921766507094492,0.1595634412535821
0.1473174587491354,0.3537451001165377,0.6280691118520765,0.7465017897819719,0.2432810750279955,0.504873496474492,0.7730009407337723,0.4676416455255434,0.3391164709216285,0.2403300834767093,0.1947643075861474,0.1629778672032193
0.1594704080624444,0.3673058586714693,0.628523795089421,0.7329428354485302,0.2487868607689436,0.5118208212360017,0.7873000940733772,0.4772919464756504,0.3444692842973645,0.2459058178805837,0.2018372363824557,0.1729772574842997
0.1674735698053552,0.3731327471130415,0.6265535010609276,0.7255667642911379,0.253826054497947,0.5132725010369141,0.7909689557855127,0.483360692433965,0.3480588179728581,0.249060090486204,0.2064950187605123,0.1796841655996585
0.1630273688370714,0.3634918953278949,0.6230675962412853,0.7329428354485302,0.253826054497947,0.5061177934467026,0.7752587017873941,0.4777893846689549,0.3449101042224252,0.2459695405594851,0.2035192133523095,0.1745625266752027
0.1572967098112834,0.3522618921495921,0.6194301303425281,0.741837509491268,0.2533594624860023,0.4981335545416839,0.7560677328316087,0.4689349848281351,0.3393053937466545,0.2409991716051742,0.1970500711605641,0.1663922931528565
0.1645094358264993,0.3555461383621145,0.6163231282206729,0.7361969844885562,0.2586786114221724,0.4977187888842804,0.753527751646284,0.4683878028155002,0.3388645738215939,0.2408717262473714,0.1965325397852245,0.167184927748308
0.1744886868886473,0.366670198114207,0.6164746892997879,0.7250244061178002,0.26334453154162,0.5032144338448776,0.7677328316086547,0.4761478386310501,0.3432097987971914,0.2454916204677245,0.2022253849139604,0.1759039082982745
0.1730066198992194,0.3651869901472613,0.6167020309184601,0.7265430090031457,0.2624113475177305,0.5026959767731232,0.7775164628410159,0.4786350295975725,0.3450045656349381,0.2473077168164149,0.2047267865614353,0.1780379245167977
0.1605572571880248,0.3522618921495921,0.6169293725371324,0.73999349170192,0.2564389697648376,0.4964744919120697,0.7748824082784571,0.4716708948913098,0.3409427248968796,0.2434206334034283,0.1993358347349808,0.1692579720748734
0.1436616935085466,0.3420913232333933,0.6226129130039406,0.7545286907473696,0.2449608062709966,0.4953338863542099,0.7691439322671683,0.4631149579664727,0.3351176044585787,0.2380997897151596,0.191615991719498,0.1601121882812023
0.1379310344827586,0.356181798919377,0.637086996059412,0.7504067686300032,0.2332960059723777,0.5121318954790545,0.7739416745061147,0.4585882704074019,0.3335117604458579,0.2384502644491174,0.1903221632811489,0.1582220596305103
0.1351645094358265,0.3936857717978599,0.6660351621703546,0.7327258921791951,0.2141657334826427,0.5502903359601825,0.7861712135465663,0.4543103019449834,0.3349916559085614,0.2430382973300197,0.1946349247423125,0.1594414974696665
0.1156012251753779,0.4277995550376098,0.7055168232797817,0.7260006508298079,0.1806644270250093,0.5940481128162588,0.7917215428033866,0.4427199920409889,0.3334487861708492,0.2461607085961893,0.196230646482943,0.1565148466556917
0.1003853374172512,0.4174170992689903,0.7096847529554411,0.7396680767979175,0.1708659947741694,0.5917669017005392,0.8091251175917215,0.4486892503606427,0.3436821058597563,0.258522908303065,0.2042523828007073,0.1545027742210841
0.1295326548760003,0.408941625172158,0.6813428311609578,0.7279531402538236,0.2021276595744681,0.5683326420572377,0.8543744120413922,0.505994130229319,0.3990994678673762,0.3176575543235838,0.2598438780351059,0.1995000304859459
0.229621578895366,0.4218667231698272,0.6136708093361625,0.6664497233973317,0.2910600970511385,0.5283077561177936,0.9000940733772342,0.6037407352136497,0.5030070216316636,0.4374243293188046,0.3774528830810367,0.3077251387110542
0.3817804564766328,0.4404068227566478,0.510306153379812,0.5734895324872546,0.4265584173198955,0.4666113645790129,0.8890874882408277,0.7079042928916083,0.6360716647249599,0.5962849678200471,0.5346530383404494,0.4595451496859948
0.5510325066693015,0.4662570187519864,0.3989845407699303,0.4672958021477384,0.5750279955207168,0.4031522189962671,0.8284101599247412,0.8149032482714024,0.7854781321830033,0.768782259606194,0.7010393755121404,0.6262423022986404
0.7071435628890426,0.5022777836635237,0.3050166717187026,0.3631630328669052,0.7066069428891378,0.3564910825383658,0.7259642521166509,0.8858876784559518,0.8904562486224379,0.8933919581979227,0.8302497088886014,0.768550698128163
0.855844284161644,0.5391460959847441,0.2173385874507426,0.2626098275301008,0.8308137364688316,0.3144960597262546,0.5571025399811853,0.9000149231457991,0.9256903554897824,0.9378703880711146,0.9078362875749342,0.8840314614962503
0.955043967987353,0.5284458099374932,0.1336010912397696,0.2136891202950428,0.9291713325867862,0.2519701368726669,0.405456255879586,0.8653434810724768,0.9114581693378256,0.9119671190976868,0.9144779402251262,0.9381745015547834
0.8971445509337022,0.427587668185189,0.1058654137617459,0.2971038073543768,0.9189063083240014,0.1836374948154293,0.3272812793979304,0.7192458836989504,0.778456500519538,0.771522334798955,0.7900978996851684,0.8482409609170174
0.7108981325955933,0.3136984850090051,0.1672476508032737,0.4576418266623278,0.7932064203060845,0.1699502281211115,0.2101599247412982,0.4298860866537333,0.4889322711672282,0.5107372713948894,0.5558718247293742,0.6406926406926408
0.4614168560418931,0.316558957516686,0.3607153682934222,0.5931228983620783,0.5562709966405376,0.3037121526337619,0.1115710253998118,0.1443565636969606,0.1792247866746434,0.21031670171414,0.268943804718161,0.3640631668800683
0.3242762572868294,0.3361584913656107,0.4798423764777205,0.6584228224319341,0.4181597611048899,0.3947532144338448,0.1180620884289746,0.0670546684574441,0.0587864857205831,0.0669406741859427,0.1117436494587484,0.1983415645387476
0.312419721371406,0.3460112300031782,0.4959078508638981,0.659832953682612,0.402668906308324,0.4106180008295313,0.2711194731890874,0.194448589762722,0.1424792972070909,0.1172815905180653,0.134644412817527,0.1965124077800134
0.2980930738069361,0.3837270897340819,0.5339496817217338,0.6483349604078533,0.3725270623366928,0.4551016175860639,0.470931326434619,0.3411928567875441,0.2497874618218457,0.1951188427961511,0.1898477595204209,0.2221206024022925
0.2509633435431281,0.4053395486810043,0.5855562291603517,0.6631955743573056,0.3184023889511012,0.5010369141435089,0.619379115710254,0.4348107247674477,0.3180830630687364,0.2395654113298923,0.2145167550782766,0.2169989634778367
0.2134176464776208,0.3709079351626231,0.5897241588360109,0.7014860613949452,0.2981522956326988,0.4870385732061385,0.6907808090310441,0.4730637218325623,0.3440914386473126,0.2510354935321481,0.2133523094837624,0.1983415645387476
0.1906926193063926,0.3354168873821379,0.5817672021824796,0.7320750623711899,0.2922732362821948,0.4642264620489423,0.7222953904045155,0.4796796498035119,0.3475865109102932,0.2484228636971898,0.2051580627075516,0.1842570574964941
0.1808121727102065,0.3363703782180315,0.5900272809942406,0.7370647575658965,0.2825681224337439,0.4703442554956449,0.7549388523047977,0.4838083868079391,0.3495072262980572,0.2467023513668514,0.2014922154655626,0.1782818120846289
0.1830846754273293,0.3428329272168661,0.592982722036981,0.7324004772751925,0.2818215752146323,0.4755288262131895,0.7843838193791156,0.4920161169974631,0.3539469126861677,0.2487733384311476,0.2035192133523095,0.1793793061398695
0.1826894575634818,0.3423032100858141,0.5929069414974234,0.7329428354485302,0.2816349384098544,0.475114060555786,0.7955785512699904,0.4975874247624732,0.3566233193740357,0.2505257121009367,0.2052874455513865,0.1825498445216755
0.1694496591245924,0.3249284881873079,0.5905577447711428,0.7491051090139929,0.2768756998880179,0.4650559933637495,0.7968955785512699,0.4973884494851514,0.3533486570735855,0.2455234818071751,0.1977832406089619,0.1737089201877934
0.1584823634028258,0.3025744252569127,0.5829796908153987,0.766569042195466,0.2764091078760732,0.4489838241393613,0.7876763875823142,0.4904243147788887,0.3467048710601719,0.238163512394061,0.1876913787898391,0.1598073288214133
0.1554194249580081,0.298972348765759,0.5827523491967262,0.7700401345048269,0.2751026502426278,0.4470136872666944,0.7840075258701786,0.4869919912450878,0.3441859000598256,0.2354234372012999,0.1829042135679475,0.1556612401682824
0.1629285643711095,0.310520182222693,0.5852531070021219,0.7600607441154138,0.2770623366927958,0.4543757776856077,0.7966133584195672,0.4927622742874198,0.3476179980477975,0.2376218696233989,0.1863112951222668,0.1601731601731602
0.158284754470902,0.3130628244517427,0.5907093058502577,0.7613624037314242,0.2714632325494587,0.4593529655744504,0.8068673565380996,0.4949510023379595,0.3491608677855096,0.2380360670362582,0.1863544227368784,0.1590146942259618
0.1389190791423772,0.2961118762580781,0.5932858441952107,0.7805618830675778,0.2608249346771183,0.4528204064703442,0.8016933207902164,0.4874396856190618,0.3439969772347996,0.2322691645956796,0.1772976236684349,0.1480397536735565
0.1251852583736784,0.2793728149168343,0.5919217944831767,0.7967241566330405,0.2551325121313923,0.4436955620074658,0.7970837253057383,0.4810724767447644,0.3389275480966026,0.2258650353660868,0.1691896321214474,0.1373087006889824
0.1314099397292757,0.2759826252781014,0.5847226432252197,0.7950970821130274,0.2625046659201195,0.4371630029033596,0.8091251175917215,0.486693528329105,0.3413205705469316,0.2266934301918052,0.1713460128520291,0.1387110542040119
0.1450449560320126,0.2862591376205106,0.5816156411033646,0.7822974292222583,0.2708100037327361,0.4400663625051846,0.8300094073377234,0.4968412674725165,0.3470197424352153,0.232109857898426,0.1778151550437745,0.1473690628620206
0.1426736488489279,0.2867888547515626,0.583737496210973,0.7833821455689337,0.2683837252706234,0.4417254251347988,0.8416745061147695,0.5009202606576133,0.3491608677855096,0.2334480341553559,0.1798421529305214,0.149442107188586
0.1274577610908012,0.2706854539675812,0.5839648378296454,0.7999783056730665,0.2611048898842852,0.4340522604728329,0.8374412041392286,0.4944038203253246,0.3431468245221827,0.2278722997514815,0.1724673308319317,0.13932077312359
0.1152060073115304,0.2516156372497086,0.5797211276144286,0.8164659941425317,0.2579320642030608,0.4217129821650768,0.8316086547507056,0.4871909665224096,0.3369438584338298,0.2217230612374944,0.1641868288264976,0.1299311017620877
0.1202450350755854,0.2554296005932831,0.578584419521067,0.8116932422171602,0.2610115714818962,0.4228535877229366,0.836876763875823,0.4890314878376361,0.3364085770962562,0.2205123303383674,0.1629361280027601,0.1298701298701298
0.131212330797352,0.268778472295794,0.5797211276144286,0.7988935893263912,0.2654908547965659,0.4302156781418498,0.8511759172154281,0.4963438292792121,0.3411946219969143,0.2244631364302555,0.1681114417561565,0.1363331504176574
0.1284458057504199,0.2670833774764275,0.5806304940891179,0.8012799652890769,0.2636244867487869,0.4299046038987972,0.8607714016933208,0.5005720539223002,0.3443118486098429,0.2260880647422417,0.1694915254237288,0.1378574477166026
0.1142179626519118,0.2553236571670727,0.5831312518945135,0.8150558628918538,0.2553191489361702,0.4258606387391123,0.855785512699906,0.4967417798338556,0.3411631348594099,0.2223921493659593,0.1646181049726139,0.1318212304127797
0.1074004545005434,0.2505562029876045,0.5849499848438922,0.8212387460679033,0.2510265024262785,0.4248237245956034,0.8494825964252116,0.4927125304680894,0.3385497024465506,0.2188236793474798,0.1593134083753827,0.1241997439180538
0.1174785100286533,0.2634813009852738,0.586465595635041,0.8090899229851395,0.2548525569242255,0.4321858150145168,0.8625587958607713,0.4989305078843954,0.3422651846720615,0.2215000318613394,0.1619441928666925,0.1276751417596488
0.1260744985673352,0.2740756436063142,0.5874507426492878,0.7990020609610586,0.2583053378126166,0.4379925342181667,0.8839134524929444,0.5129582649355817,0.3501369690481439,0.2280634677881858,0.1690171216630008,0.1363941223096152
0.1295326548760003,0.2724864922131581,0.5836617156714156,0.7978088729797158,0.2622247107129526,0.4346744089589381,0.8928504233301975,0.51942496144854,0.3534746056236028,0.2290511693111578,0.1707853538620778,0.1392598012316322
0.1249876494417547,0.2574425256912808,0.5763867838739012,0.8080052066384641,0.2646509891750653,0.4223351306511821,0.8835371589840075,0.5156444311794259,0.3501054819106395,0.2244631364302555,0.1643593392849441,0.1316992866288641
0.1195534038138523,0.2472719567750821,0.5732797817520461,0.8162490508731967,0.2639044419559537,0.4152841144753214,0.8618062088428975,0.5070884942545889,0.3434302087597217,0.2177085324667049,0.1568120067279079,0.1235290531065179
0.1284458057504199,0.2598792244941201,0.5754774173992119,0.8048595292331056,0.2667973124300112,0.4229572791372875,0.8503292568203198,0.503108988708153,0.3417299033344879,0.2167526922831836,0.1569413895717428,0.1245046033778428
0.1435628890425847,0.2796906451954656,0.578053955744165,0.7864193513396247,0.2723964165733483,0.4343633347158855,0.8580432737535277,0.5121126200069641,0.3479958436978494,0.2222647040081565,0.1647906154310605,0.1346259374428388
0.1443533247702796,0.2835046085390401,0.5801758108517733,0.784032975376939,0.2714632325494587,0.437681459975114,0.8620884289746001,0.5167387952046958,0.350924147485752,0.2236028802650863,0.1679389312977099,0.1383452228522651
0.1324967888548562,0.2696260197054772,0.579266444377084,0.7977004013450483,0.2663307204180665,0.4303193695562007,0.8511759172154281,0.5111674874396857,0.3470512295727195,0.2195883514942968,0.1629792556173718,0.1310285958173282
0.1245924315779073,0.2601970547727513,0.5787359806001818,0.8069204902917887,0.2629712579320642,0.4253421816673579,0.841486359360301,0.5053474605780232,0.3434302087597217,0.2157968520996622,0.157502048561694,0.1241997439180538
0.1278529789546487,0.2704735671151604,0.5834343740527433,0.7997613624037314,0.26157148189623,0.4335338034010784,0.8492944496707431,0.5102223548724072,0.3463899996851287,0.2178359778245077,0.1592702807607711,0.1266995914883238
0.1406975595296907,0.2846699862273545,0.5838132767505305,0.7854431066276168,0.2674505412467338,0.4407922024056407,0.8689557855126999,0.5220613838730538,0.3524985043609686,0.223093098833875,0.1660844438694096,0.1365770379854887
0.1441557158383559,0.2843521559487234,0.5809336162473477,0.7838160321076039,0.2708100037327361,0.4386146827042721,0.8843838193791156,0.5296721882306124,0.3560565508989577,0.2249091951825654,0.1681114417561565,0.1393817450155478
0.1306195040015808,0.2684606420171628,0.5798726886935435,0.7993274758650613,0.2651175811870101,0.4301119867274989,0.8806208842897459,0.5266875590707855,0.3530652728360465,0.2203848849805645,0.1618148100228576,0.1316383147369063
0.1182689457563481,0.2519334675283398,0.5775992725068203,0.8146219763531836,0.2607316162747294,0.420468685192866,0.8727187206020696,0.5217131771377407,0.3487515349979533,0.2145861212005352,0.1539655841635399,0.122858362294982
0.1214306886671277,0.2460006356605572,0.5709305850257654,0.8158151643345265,0.2662374020156775,0.4130029033596019,0.8777046095954844,0.5261901208774811,0.3501054819106395,0.2136940036959153,0.1530167766420839,0.1232851655386866
0.1299278727398478,0.2492848818730797,0.5667626553501061,0.8095238095238095,0.272863008585293,0.4117586063873912,0.8898400752587018,0.5355917027309357,0.354450706886237,0.2163066335308736,0.1568120067279079,0.1293213828425096
0.1297302638079241,0.2441995974149804,0.5632767505304638,0.8122356003904979,0.27491601343785,0.4068851099128993,0.9028222013170272,0.5435507138238074,0.3579457791492176,0.2172943350538456,0.1577176866347522,0.1309676239253704
0.1203438395415472,0.2303210085814174,0.5605486511063958,0.8244928951079293,0.2721164613661814,0.3982787225217752,0.9062088428974598,0.5455902104163558,0.3581976762492522,0.2138214490537182,0.1526717557251908,0.1256630693250411
0.1134275269242169,0.2219514779107956,0.5598666262503789,0.8326282677079944,0.2693169092945129,0.3936126088759851,0.907337723424271,0.5483261204795304,0.3568752164740704,0.2107308991269993,0.1481864838055807,0.1191390768855557
0.1255804762375259,0.2350884627608856,0.5599424067899363,0.8191777850092201,0.2750093318402389,0.4001451679800912,0.917873941674506,0.5575287270556634,0.3605277244245726,0.2127063021729433,0.1508603959115021,0.1231022498628132
0.1409939729275763,0.2488611081682381,0.5579721127614429,0.8036663412517626,0.2835013064576335,0.4055371215263376,0.9337723424270932,0.5706610953589016,0.3678012531880727,0.2172943350538456,0.1582783456247035,0.1347478812267545
0.146922240885288,0.2487551647420277,0.553349499848439,0.8004121922117367,0.2891937290033595,0.4023226876814599,0.9417685794920037,0.5789683131870865,0.3719890424761485,0.2186006499713248,0.1612110234182947,0.1406621547466618
0.1408951684616144,0.2325458205318359,0.5463776902091544,0.8121271287558304,0.2905935050391938,0.3895686437163003,0.9357478833490124,0.5771775356911905,0.3698479171258541,0.2137895877142675,0.1548712640703843,0.1343210779830498
0.1373382076869874,0.2219514779107956,0.5416035162170355,0.8195031999132227,0.2918066442702501,0.3811696391538781,0.9316086547507056,0.5769288165945382,0.3676123303630467,0.2098069202829287,0.1494803122439298,0.1273093104079019
0.1500839837960675,0.2307447822862591,0.5379660503182783,0.8078967350037966,0.3001119820828667,0.3830360846121941,0.9380997177798682,0.5857334726160275,0.3718945810636355,0.2125469954756898,0.1528011385690257,0.1315773428449484
0.1691532457267068,0.2440936539887699,0.5329645347074872,0.7906497450916586,0.3121500559910414,0.3861468270427208,0.9513640639698964,0.5987663532806049,0.3811203123524041,0.2194290447970432,0.1625479794712554,0.1441375525882568
0.1746862958205711,0.2394321432355121,0.525386480751743,0.7899989152836533,0.3194288913773797,0.3786810452094566,0.95898400752587,0.608864348604686,0.3881104568783652,0.2255464219715796,0.1687152283607194,0.1507834888116578
0.1698448769884399,0.2272486492213158,0.5203849651409518,0.7988935893263912,0.3202687569988802,0.3692451265035255,0.948447789275635,0.6079192160374073,0.3891495324160081,0.2271713502835659,0.1680251865269332,0.1507225169197
0.1683628099990119,0.2282021400572094,0.5222036980903304,0.7992190042303937,0.3184023889511012,0.3710078805474907,0.9340545625587958,0.6042381734069542,0.3898422494411033,0.2307398203020454,0.1710872471643593,0.1525516736784342
0.1816026084379014,0.2507680898400254,0.5281903607153683,0.7803449397982428,0.3210153042179918,0.3861468270427208,0.9270931326434618,0.6034920161169975,0.3947227557542744,0.2397247180271458,0.1818691508172683,0.1645021645021645
0.2022527418239304,0.2842462125225129,0.5362988784480146,0.7519253715153488,0.3257745427398283,0.408025715470759,0.923988711194732,0.6060786947221808,0.4013035674926792,0.2509717708532467,0.1977832406089619,0.1838302542527894
0.2079834008497184,0.3016209344210191,0.5443316156411034,0.7398850200672524,0.3235349010824935,0.4220240564081294,0.9104421448730008,0.5995125105705617,0.4031613086054347,0.2588733830370229,0.2093414413248803,0.1944393634534479
0.1983993676514178,0.3016209344210191,0.5516065474386178,0.7450916585312941,0.3145763344531542,0.4270012442969722,0.8821260583254938,0.5835944883848182,0.3983437765672722,0.2609762314407698,0.2121447362746366,0.193768672641912
0.196126864934295,0.3088250874033266,0.5585783570779024,0.7427052825686083,0.309163867114595,0.4352965574450436,0.858137347130762,0.5662836392578222,0.392298246166441,0.2616453195692347,0.2126191400353646,0.1926711785866715
0.2049204624049007,0.3328742451530881,0.5690360715368293,0.7255667642911379,0.3068309070548712,0.4542720862712567,0.8502351834430857,0.5575287270556634,0.3905664536037029,0.2651182055693621,0.2179238366325958,0.1979757331870008
0.2124296018180022,0.3599957622629515,0.5826765686571689,0.7075604729363271,0.3020716685330347,0.4767731231854002,0.8493885230479774,0.5547430731731583,0.3905349664661985,0.2705346332759829,0.2262043386380299,0.2071824888726297
0.2079834008497184,0.3697425574743087,0.5930585025765384,0.7050656253389739,0.2934863755132512,0.4886976358357528,0.8375352775164627,0.5474804755509128,0.3881104568783652,0.2727967883769834,0.2293526545046793,0.2089506737394061
0.1926687086256299,0.3593601017056891,0.5973779933313125,0.7187330513070832,0.2836879432624113,0.4866238075487349,0.8129821260583255,0.5313634780878477,0.379010674139614,0.2679538647804754,0.2231422780006038,0.2010243277848911
0.1798241280505879,0.3459052865769678,0.5975295544104274,0.7327258921791951,0.2775289287047406,0.4800912484446288,0.791533396048918,0.5152464806247824,0.3695015586133064,0.2621232396609954,0.2165437529650235,0.1926711785866715
0.1806145637782827,0.3503549104778048,0.6002576538344953,0.7300141013125068,0.2762224710712953,0.4841352136043135,0.7882408278457196,0.5089787593891459,0.3661639220378476,0.2614860128719811,0.2171475395695864,0.1937077007499542
0.1864440272700326,0.3557580252145353,0.5994998484389209,0.7240481614057924,0.2793952967525196,0.4862090418913314,0.8014111006585136,0.5127095458389296,0.3685884316256809,0.26502262155101,0.2218915771768663,0.1987683677824523
0.1787372789250074,0.3467528339866511,0.5990451652015764,0.7328343638138627,0.2760358342665174,0.4815429282455413,0.8064910630291627,0.5123115952842859,0.368210585975629,0.2649588988721086,0.2214603010307499,0.1976099018352539
0.1653986760201561,0.3289543383833033,0.5966201879357381,0.7492135806486604,0.2711832773422919,0.471173786810452,0.797648165569144,0.5038551459981097,0.3630152082874146,0.2603708659912062,0.2146030103074999,0.1871837083104688
0.1631261733030332,0.3282127343998304,0.5977568960290996,0.750949126803341,0.2694102276969018,0.4715885524678557,0.7910630291627468,0.497885887678456,0.3598350073994773,0.2567068119543745,0.210678397377841,0.1812084628986037
0.1709317261140203,0.3428329272168661,0.6022279478629887,0.7391257186245797,0.2703434117207913,0.4818540024885939,0.8026340545625588,0.5029100134308312,0.3635190024874839,0.260402727330657,0.2160262215896839,0.1868788488506798
0.1808121727102065,0.3538510435427481,0.6025310700212185,0.7280616118884911,0.27491601343785,0.4874533388635421,0.8202257761053621,0.5129582649355817,0.3696589943008281,0.2663926591473906,0.2238323198343899,0.1965733796719712
0.1769587985376939,0.3492954762157008,0.6022279478629887,0.7325089489098602,0.2732362821948488,0.4849647449191208,0.8270931326434618,0.516987514301348,0.3718630939261312,0.2683043395144332,0.2255142968042437,0.1990122553502835
0.166880743009584,0.3362644347918211,0.6006365565322824,0.7447662436272915,0.2695035460992908,0.4774989630858565,0.8169332079021637,0.5102223548724072,0.3673604332630121,0.2642260880647423,0.2191314098417217,0.1918175720992622
0.1629285643711095,0.3276830172687784,0.5975295544104274,0.7512745417073435,0.2695035460992908,0.471173786810452,0.8086547507055503,0.5057951549519972,0.3645265908876224,0.2610080927802204,0.2146461379221115,0.1862081580391439
0.1705365082501729,0.3345693399724546,0.5966201879357381,0.7435730556459486,0.2736095558044046,0.4739734549979262,0.8167450611476952,0.5097249166791026,0.3668881262004471,0.2624418530555024,0.2172769224134213,0.1907200780440217
0.1801205414484734,0.3418794363809725,0.5944983328281297,0.7345699099685433,0.2794886151549086,0.476047283284944,0.8304797742238946,0.5166890513853654,0.3705721212884537,0.2665201045051934,0.2227110018544874,0.1977928175111273
0.1788360833909692,0.3374298124801355,0.592300697180964,0.7374986441045667,0.2802351623740202,0.4724180837826628,0.8313264346190027,0.5172859772173308,0.3703517113259234,0.2666156885235455,0.2240048302928365,0.1983415645387476
0.1679675921351645,0.3238690539252039,0.5910124280084875,0.7504067686300032,0.2759425158641284,0.4648486105350477,0.8160865475070554,0.509874148137094,0.365534179287761,0.2620276556426432,0.217190667184198,0.1907810499359795
0.1586799723347495,0.3126390507469011,0.5900272809942406,0.7613624037314242,0.2721164613661814,0.458730817088345,0.8069614299153339,0.504103865094762,0.3616927485122327,0.2586184923214172,0.2121447362746366,0.1838912261447473
0.166880743009584,0.3207966945651022,0.5895725977568961,0.7525762013233539,0.2762224710712953,0.4623600165906263,0.8154280338664158,0.5077849077252151,0.3648414622626657,0.261390428853629,0.2147755207659464,0.1874885677702579
0.1789348878569311,0.3218561288272062,0.5810093967869052,0.7455255450699642,0.2872340425531915,0.45696806304438,0.8327375352775165,0.5181316221459484,0.3702887370509147,0.265564264321672,0.2208133868115754,0.1944393634534479
0.1753779270823041,0.3095666913867994,0.5750227341618672,0.7537693893046968,0.2892870474057484,0.4469099958523433,0.8389463781749765,0.5219121524150624,0.3710444283510186,0.2651182055693621,0.2204683658946823,0.1930979818303762
0.1643118268945756,0.2960059328318677,0.5738102455289482,0.7667859854648009,0.2847144456886898,0.4394442140190793,0.8265286923800564,0.5136049345868776,0.3653452564627349,0.2602115592939527,0.2140423513175486,0.1841960856045363
0.1576919276751309,0.2902849878165059,0.5747953925431949,0.7732942835448531,0.2810750279955207,0.4373703857320613,0.8081843838193791,0.5020146246828832,0.3578828048742089,0.2549862996240362,0.2059343597705611,0.1753551612706542
0.1646082402924612,0.3020447081258607,0.57790239466505,0.7634233647901074,0.282381485628966,0.4452509332227292,0.8137347130761994,0.5028602696115008,0.3579457791492176,0.2562288918626139,0.2074438262819683,0.1784037558685446
0.170437703784211,0.3130628244517427,0.5813125189451349,0.754637162382037,0.2830347144456887,0.4529240978846952,0.8304797742238946,0.5100233795950854,0.3628262854623886,0.2608169247435162,0.2136542027860439,0.186817876958722
0.1636201956328426,0.3096726348130098,0.5841163989087602,0.7601692157500815,0.2780888391190743,0.4531314807133969,0.8363123236124177,0.5118141570909814,0.3638023867250228,0.2619002102848404,0.2146030103074999,0.1876105115541735
0.1509732239897243,0.2997139527492318,0.5866929372537133,0.7722095671981777,0.2705300485255693,0.4500207382828702,0.8289746001881467,0.5050489976620406,0.3594886488869297,0.2581724335691072,0.2095570793979385,0.1807816596548991
0.1508744195237624,0.303951689797648,0.5897241588360109,0.7700401345048269,0.2686636804777902,0.4541683948569058,0.8189087488240828,0.501318211212257,0.357504959224157,0.2572165933855859,0.2086082718764825,0.178891531004207
0.1591739946645588,0.3162411272380548,0.5922249166414064,0.7591929710380736,0.270996640537514,0.4619452509332227,0.8234242709313264,0.5048002785653883,0.3608740829371202,0.2603071433123048,0.2139129684737137,0.1851716358758612
0.1707341171820966,0.3347812268248755,0.5966201879357381,0.7433561123766135,0.2737961926091825,0.474077146412277,0.82793979303857,0.5087797841118241,0.3654082307377436,0.2649270375326579,0.2214171734161384,0.194744222913237
0.1688568323288212,0.3389130204470812,0.6010154592300698,0.7422713960299382,0.2701567749160134,0.4790543343011199,0.8226716839134524,0.5100731234144157,0.3676753046380554,0.2668705792391512,0.2236598093759434,0.1976099018352539
0.1532457267068471,0.3242928276300455,0.6025310700212185,0.7583251979607333,0.2618514371033968,0.4729365408544173,0.812793979303857,0.504551559468736,0.3645265908876224,0.2633976932390238,0.2183982403933238,0.1901713310164014
0.1456377828277838,0.3193134865981565,0.6048044862079418,0.7650504393101204,0.2568122433743934,0.4721070095396101,0.8006585136406396,0.4970899865691688,0.3594571617494254,0.2598292232205442,0.213524819942209,0.1823059569538443
0.1577907321410927,0.3340396228414026,0.6059411943013034,0.7508406551686734,0.2618514371033968,0.4800912484446288,0.8051740357478834,0.4977864000397951,0.360464750149564,0.2622506850187981,0.2167593910380817,0.1870007926345954
0.16401541349669,0.3438923614789702,0.6082903910275841,0.7423798676646056,0.26334453154162,0.486520116134384,0.8210724365004702,0.5041536089140924,0.3643376680625965,0.2659147390556299,0.2219778324060896,0.1951100542649838
0.1651022626222705,0.3417734929547621,0.6058654137617461,0.7428137542032759,0.2653975363941769,0.48372044794691,0.8235183443085606,0.503108988708153,0.3633615667999623,0.2652456509271649,0.2223659809375943,0.1958417169684775
0.1550242070941606,0.3302256594978281,0.6054107305244013,0.7543117474780345,0.2609182530795073,0.4778100373289092,0.8080903104421449,0.4943540765059941,0.3577568563241916,0.2598929458994456,0.2155086902143442,0.1877934272300469
0.1505780061258768,0.3274711304163576,0.6068505607759928,0.7581082546913983,0.2579320642030608,0.4774989630858565,0.7952963311382878,0.4877381485350445,0.3532227085235681,0.2557509717708532,0.2106352697632294,0.1822449850618864
0.1587787768007114,0.3397605678567644,0.6093513185813882,0.7473695628593123,0.2602650242627846,0.4851721277478225,0.8033866415804327,0.4899268765855842,0.3541358355111937,0.2570891480277831,0.2125328848061413,0.1847448326321565
0.1688568323288212,0.3531094395592753,0.6111700515307669,0.7350037965072134,0.2639044419559537,0.4929489838241393,0.8194731890874882,0.4988310202457345,0.3593627003369124,0.2617090422481361,0.2190020269978867,0.193768672641912
0.1728090109672957,0.34908358936328,0.6052591694452865,0.7348953248725458,0.2694102276969018,0.4869348817917877,0.8195672624647223,0.4995274337163607,0.3608111086621116,0.2629834958261645,0.2212015353430801,0.1957807450765197
0.1552218160260843,0.3304375463502489,0.6054107305244013,0.7540948042086995,0.2610115714818962,0.4779137287432601,0.8073377234242708,0.4907227776948714,0.3564658836865141,0.2575989294589945,0.2156380730581791,0.1886470337174562
0.1475150676810591,0.3197372603029981,0.6036677781145803,0.76374877969411,0.2583986562150056,0.4714848610535048,0.7960489181561619,0.4852509575685221,0.351868761610882,0.2526285605046836,0.2106352697632294,0.1829156758734223
0.1609524750518723,0.327577073842568,0.5989693846620188,0.7524677296886865,0.2677304964539007,0.4721070095396101,0.7974600188146754,0.4893796945729493,0.3536005541736201,0.2539667367616134,0.2133091818691508,0.1867569050667642
0.1780456476632743,0.3354168873821379,0.5914671112458321,0.7390172469899121,0.2804217991787981,0.4707590211530486,0.8049858889934148,0.4973884494851514,0.3570956264366007,0.2572484547250366,0.2187001336956053,0.1949881104810682
0.1796265191186641,0.3287424515308824,0.5854804486207942,0.7415120945872654,0.2848077640910788,0.4635006221484861,0.8021636876763876,0.4973884494851514,0.3558676280739318,0.2564519212387688,0.2174494328718678,0.1957197731845619
0.16401541349669,0.3096726348130098,0.583737496210973,0.7599522724807463,0.2784621127286301,0.4529240978846952,0.7906867356538099,0.4878376361737054,0.3500110204981265,0.250716880137641,0.2091689308664338,0.1857813547954393
0.1505780061258768,0.2966415933891301,0.5847984237647772,0.7739451133528582,0.2714632325494587,0.4472210700953961,0.787206020696143,0.4802268318161468,0.3441859000598256,0.2457146498438794,0.2030879372061931,0.1771843180293884
0.157593123209169,0.3095666913867994,0.5887390118217641,0.7634233647901074,0.2723964165733483,0.4562422231439237,0.7974600188146754,0.4827637666019997,0.345571334110016,0.2470528261008092,0.2054599560098331,0.178891531004207
0.1667819385436222,0.3238690539252039,0.5918460139436194,0.751166070072676,0.274822695035461,0.4653670676068021,0.8088428974600187,0.4854996766651743,0.3481217922478667,0.2498884853119225,0.2105490145340061,0.1843180293884519
0.1629285643711095,0.320478864286471,0.5923764777205214,0.7549625772860398,0.2726763717805151,0.4641227706345914,0.7999059266227657,0.4811222205640949,0.345949179760068,0.2487096157522462,0.2096864622417734,0.1843790012804097
0.1490959391364489,0.3108380125013242,0.596089724158836,0.7675452869074737,0.2638111235535648,0.4619452509332227,0.7793038570084665,0.4704272994080485,0.3396832393967064,0.2435162174217804,0.2035623409669211,0.1765745991098104
0.1404011461318051,0.3046932937811208,0.5983631403455593,0.7754637162382038,0.2583053378126166,0.4604935711323103,0.7690498588899342,0.465701636571656,0.3365345256462735,0.2409991716051742,0.1989045585888644,0.1702335223461984
0.1456377828277838,0.3102023519440618,0.5982873598060018,0.7697147196008244,0.2608249346771183,0.4631895479054335,0.779868297271872,0.4707257623240312,0.3387701124090809,0.2424966545593576,0.2005865355587182,0.1729772574842997
0.1525540954451141,0.3118974467634283,0.5941952106699,0.7650504393101204,0.2667039940276223,0.4611157196184156,0.7947318908748824,0.4784360543202507,0.3428634402846438,0.2457146498438794,0.2042092551860956,0.1787695872202914
0.1514672463195336,0.3084013136984849,0.5925280387996362,0.7674368152728062,0.267170586039567,0.4583160514309415,0.7953904045155221,0.4794309307068597,0.3432412859346957,0.2460651245778372,0.204640531332212,0.1793793061398695
0.1404011461318051,0.297383197372603,0.5930585025765384,0.7791517518168999,0.26157148189623,0.4533388635420987,0.7850423330197553,0.472367308361936,0.3386126767215592,0.2422417638437519,0.1998102384957088,0.1724894823486372
0.1392154925402628,0.2949464985697637,0.592300697180964,0.7811042412409155,0.26157148189623,0.4515761094981336,0.7810912511759172,0.4691837039247873,0.3362511414087346,0.239374243293188,0.1958856255660499,0.1672458996402658
0.1423772354510424,0.3108380125013242,0.601242800848742,0.7712333224861699,0.257558790593505,0.465470759021153,0.7943555973659454,0.4773914341143113,0.3416984161969835,0.2432931880456254,0.200845301246388,0.1725504542405951
0.1508744195237624,0.3338277359889818,0.6112458320703243,0.7547456340167046,0.2554124673385592,0.4835130651182083,0.8114769520225775,0.4880366114510272,0.3496961491230833,0.250270821385331,0.2091689308664338,0.1816962380342662
0.1506768105918387,0.3420913232333933,0.6172324946953622,0.7506237118993383,0.2515864128406122,0.4917046868519286,0.8129821260583255,0.4900761080435756,0.3523095815359426,0.2527241445230357,0.2115409496700737,0.1850496920919456
0.1407963639956526,0.3316029240385633,0.6172324946953622,0.7613624037314242,0.2469204927211646,0.4866238075487349,0.7986829727187205,0.4831617171566433,0.3477754337353191,0.2481679729815841,0.2062793806874542,0.1780379245167977
0.1395119059381484,0.3257760355969911,0.6141254925735071,0.7650504393101204,0.2482269503546099,0.4816466196598921,0.7920978363123236,0.4786847734169029,0.3445637457098776,0.2456190658255273,0.2017509811532324,0.1730382293762575
0.1510720284556862,0.3366882084966627,0.6129887844801455,0.7531185594966916,0.2543859649122807,0.4862090418913314,0.7991533396048919,0.4842063373625827,0.3472716395352498,0.2487414770916969,0.2053305731659982,0.1776720931650509
0.1623357375753384,0.3500370801991736,0.6138981509548349,0.7401019633365874,0.2591452034341172,0.4933637494815429,0.8123236124176858,0.491568422623489,0.3526244529109859,0.2537437073854585,0.2120153534308017,0.186513017498933
0.1615453018476435,0.3487657590846487,0.6136708093361625,0.7411866796832628,0.2589585666293393,0.4925342181667358,0.8179680150517403,0.4921156046361239,0.3534116313485941,0.2546039635506277,0.2133954370983741,0.1874885677702579
0.1464282185554787,0.3290602818095136,0.6110942709912095,0.7596268575767436,0.2533594624860023,0.4811281625881377,0.8059266227657572,0.4839078744466,0.3493183034730313,0.2498884853119225,0.208435761418036,0.180171940735321
0.1437604979745084,0.3176183917787901,0.6050318278266141,0.7668944570994685,0.255785740948115,0.4713811696391538,0.8000940733772343,0.4804755509127991,0.3466733839226676,0.2475307461925699,0.2056324664682796,0.177001402353515
0.1557158383558936,0.3216442419747854,0.5986662625037891,0.7583251979607333,0.2653975363941769,0.4689962671090834,0.8068673565380996,0.4856489081231657,0.348625586447936,0.2508443254954438,0.2085220166472592,0.1831595634412536
0.1644106313605375,0.3234452802203623,0.5933616247347682,0.7526846729580214,0.2727696901829041,0.4661965989216093,0.8146754468485418,0.4918171417201413,0.3515224030983344,0.2529471738991907,0.2123603743476948,0.1876105115541735
0.1566050785495504,0.3173005615001588,0.5949530160654745,0.7600607441154138,0.2681037700634565,0.4643301534632932,0.8126999059266228,0.4901755956822365,0.3497591233980919,0.2505257121009367,0.2091689308664338,0.1832205353332114
0.1404011461318051,0.3009852738637567,0.5957108214610488,0.7773077340275518,0.2599850690556178,0.4568643716300291,0.8025399811853245,0.4821170969507038,0.3439654900972952,0.2445995029631046,0.2011903221632811,0.1732821169440888
0.1412903863254619,0.2927216866193452,0.5891179145195514,0.7811042412409155,0.2644643523702874,0.4483616756532559,0.7895578551269989,0.4759488633537283,0.3396517522592021,0.2403938061556108,0.1964462845560012,0.1677946466678861
0.1564074696176267,0.3073418794363809,0.5879812064261898,0.7652673825794555,0.2723030981709593,0.4546868519286603,0.7916274694261524,0.4777893846689549,0.3408167763468623,0.2429745746511183,0.2001552594126019,0.1744405828912871
0.1638178045647663,0.3214323551223646,0.5923764777205214,0.7539863325740319,0.2731429637924599,0.4646412277063459,0.7956726246472248,0.4797293936228424,0.3425170817720961,0.2462562926145415,0.2055462112390564,0.1808426315468569
0.153344531172809,0.3097785782392202,0.5920733555622917,0.7657012691181255,0.2683837252706234,0.458730817088345,0.7910630291627468,0.473809879122519,0.3387071381340722,0.2431338813483719,0.2024841506016302,0.1765745991098104
0.1375358166189111,0.2822332874245153,0.5844953016065475,0.7884803123983078,0.2655841731989549,0.4400663625051846,0.7833490122295389,0.4646570163657166,0.3318744292956327,0.235742050595807,0.1920041402510027,0.1635875861227974
0.1350657049698646,0.2754529081470494,0.5814640800242498,0.7933615359583468,0.2662374020156775,0.4345707175445873,0.7789275634995295,0.4601303288066458,0.3285997669951825,0.232555916650736,0.1879070168628973,0.1583440034144259
0.1422784309850805,0.2925097997669244,0.5882085480448621,0.7806703547022454,0.2654908547965659,0.4475321443384488,0.7765757290686736,0.4620703377605333,0.3304889952454423,0.2354552985407506,0.1926941820847889,0.1651728553137004
0.1472186542831736,0.3118974467634283,0.5982873598060018,0.7679791734461437,0.26157148189623,0.4639153878058897,0.7809031044214486,0.4670944635129085,0.3347712459460311,0.2402026381189065,0.1988614309742528,0.1737089201877934
0.1400059282679577,0.3076597097150121,0.60071233707184,0.7740535849875257,0.2567189249720045,0.463604313562837,0.7821260583254939,0.4676913893448739,0.335621398658648,0.241031032944625,0.1991201966619226,0.1732821169440888
0.1304218950696571,0.2961118762580781,0.5999545316762656,0.7853346349929493,0.2526129152668906,0.4573828287017835,0.7739416745061147,0.4620205939412028,0.3320633521206587,0.236952781494934,0.193858627679303,0.1673068715322236
0.1287422191483055,0.2985485750609175,0.6029099727190057,0.7849007484542792,0.2500933184023889,0.4605972625466611,0.7689557855126999,0.4579913445754365,0.329985201045373,0.2344994583572293,0.1907534394272652,0.16212426071581
0.1420808220531568,0.3186778260408941,0.6070779023946651,0.7673283436381387,0.253826054497947,0.47324761509747,0.7804327375352774,0.4659503556683082,0.3342989388834661,0.2389281845408781,0.1967481778582826,0.1688311688311688
0.1536409445706946,0.333086132005509,0.6085177326462564,0.7535524460353618,0.2583986562150056,0.4813355454168395,0.7968015051740357,0.4749042431477889,0.3400610850467584,0.2444083349264003,0.2032604476646397,0.1780379245167977
0.1492935480683727,0.3329801885792986,0.6117762958472265,0.7560472936327151,0.2542926465098917,0.4835130651182083,0.7989651928504233,0.476695020643685,0.3415724676469662,0.2448543936787102,0.2037348514253676,0.1777940369489665
0.1348680960379409,0.324186884203835,0.6166262503789027,0.7685215316194814,0.2444942142590519,0.4824761509746993,0.7952963311382878,0.4738596229418494,0.340501904971819,0.2426240999171605,0.2006727907879415,0.171635875861228
0.1308171129335046,0.3217501854009958,0.6178387390118218,0.7718841522941751,0.2417879805897723,0.4821650767316466,0.7986829727187205,0.4720191016266229,0.3395572908466892,0.2412222009813292,0.1983438995989132,0.1685872812633376
0.1422784309850805,0.3308613200550905,0.6156411033646559,0.7610369888274217,0.2486002239641657,0.4850684363334716,0.8097836312323612,0.4819678654927125,0.3445952328473818,0.2462881539539922,0.2054599560098331,0.1765745991098104
0.1563086651516648,0.3367941519228731,0.609123976962716,0.7501898253606682,0.2592385218365062,0.4836167565325591,0.8226716839134524,0.4898771327662538,0.3496016877105702,0.2510673548715988,0.212101608660025,0.1862691299311017
0.1518624641833811,0.3273651869901472,0.6058654137617461,0.7575658965180605,0.2591452034341172,0.4766694317710494,0.8208842897460018,0.4874894294383923,0.349097893510501,0.2506850187981903,0.2114978220554621,0.1864520456069752
0.1419820175871949,0.3157114101070028,0.6049560472870568,0.7689554181581516,0.2550391937290033,0.4703442554956449,0.8103480714957667,0.4814704272994081,0.3456343083850247,0.2467660740457529,0.2059343597705611,0.1774891774891775
0.144748542634127,0.3146519758448988,0.6021521673234314,0.7678707018114763,0.2581187010078388,0.4679593529655744,0.8079021636876763,0.4812714520220862,0.3448786170849208,0.2461607085961893,0.203691723810756,0.1750503018108652
0.1556170338899318,0.320478864286471,0.5980600181873295,0.7589760277687385,0.2657708100037327,0.4679593529655744,0.8211665098777047,0.4898771327662538,0.3497276362605875,0.2509080481743452,0.209255186095657,0.183342479117127
0.1679675921351645,0.3228096196630998,0.5901030615337981,0.750949126803341,0.2764091078760732,0.4637080049771879,0.8303857008466603,0.4972392180271601,0.3541043483736893,0.2554004970368954,0.2158105835166257,0.1914517407475154
0.1645094358264993,0.3135925415827947,0.5862382540163686,0.7575658965180605,0.2772489734975737,0.4565532973869763,0.8238005644402634,0.4965428045565338,0.3542302969237067,0.2549544382845854,0.2155518178289558,0.191573684531431
0.1546289892303132,0.2951583854221845,0.5806304940891179,0.7725349821021803,0.2759425158641284,0.4436955620074658,0.8076199435559737,0.4888325125603144,0.349003432097988,0.250047792009176,0.2082201233449777,0.1830376196573379
0.1574943187432071,0.287954232439877,0.5732797817520461,0.7745959431608634,0.2818215752146323,0.4350891746163418,0.8006585136406396,0.4865940406904442,0.3464844610976416,0.2474988848531192,0.2040798723422607,0.1787695872202914
0.1680663966011263,0.297383197372603,0.5719157320400121,0.763965722963445,0.2877006345651363,0.4388220655329738,0.8053621825023517,0.4900761080435756,0.348720047860449,0.2495698719174154,0.2079613576573079,0.1834644229010426
0.173994664558838,0.3085072571246954,0.575325856320097,0.7550710489207073,0.2883538633818589,0.4465989216092907,0.8070555032925681,0.4917673979008108,0.3501054819106395,0.2518001656789652,0.2120584810454134,0.1897445277726968
0.169746072522478,0.3046932937811208,0.575856320096999,0.759301442672741,0.2861142217245241,0.4450435503940274,0.8004703668861711,0.4868925036064269,0.3471771781227369,0.2491556745045562,0.2093845689394919,0.1862691299311017
0.1561110562197411,0.2943108380125013,0.5788117611397393,0.7721010955635101,0.2778088839119074,0.4420364993778515,0.779868297271872,0.475799631895737,0.340879750621871,0.2436118014401325,0.2026566610600767,0.1783427839765868
0.1490959391364489,0.2974891407988134,0.5865413761745984,0.7742705282568608,0.2697835013064577,0.4488801327250104,0.7664158043273753,0.4693329353827787,0.337825498283951,0.2419550117886956,0.2000258765687669,0.1749283580269496
0.1565062740835885,0.3111558427799554,0.5905577447711428,0.7632064215207723,0.2708100037327361,0.4583160514309415,0.7712135465663217,0.4711237128786748,0.3393368808841588,0.2436436627795832,0.2031310648208047,0.178891531004207
0.1638178045647663,0.3306494332026697,0.5989693846620188,0.7493220522833278,0.269036954087346,0.4735586893405226,0.772906867356538,0.4691837039247873,0.3388015995465852,0.2451411457337666,0.2060206149997843,0.1846228888482409
0.1488983302045252,0.3455874562983366,0.6210973022127918,0.7497559388219981,0.2484135871593878,0.4960597262546661,0.7633113828786453,0.4558523603442272,0.3342674517459618,0.2440897215318932,0.2035192133523095,0.1787086153283336
0.1133287224582551,0.3717554825723063,0.6670960897241589,0.7559388219980475,0.2032474804031355,0.540335960182497,0.7483537158984007,0.4326717405362384,0.3247268490821499,0.2398521633849487,0.1948936904299823,0.1615145417962319
0.0916905444126074,0.3993007733870112,0.7033949681721734,0.7536609176700292,0.1706793579693916,0.5787017834923268,0.7541862652869238,0.4214296373675571,0.3230580307944205,0.2416682597336392,0.1937292448354681,0.1506615450277422
0.1108586108092085,0.4190062506621463,0.7027887238557138,0.7331597787178652,0.1801045166106756,0.5878266279552053,0.8104421448730008,0.4616723872058896,0.3587644447243301,0.2792646402854776,0.2301720791823004,0.1776111212730931
0.1841715245529098,0.4365928594130733,0.6590633525310701,0.6839136565788047,0.2416013437849944,0.5665698880132726,0.8834430856067732,0.5548923046311496,0.4465190969488964,0.3740521251513414,0.3248803208694527,0.2646789829888422
0.2904851299278728,0.4207013454815129,0.566232191573204,0.6335828180930687,0.3490108249346771,0.4953338863542099,0.9219190968955784,0.6628861363975527,0.5642809912150887,0.5092079271012554,0.4543494199335834,0.3852204133894275
0.4411619405197115,0.4076703040576331,0.4413458623825402,0.5576526738257945,0.4970138111235536,0.4034632932393198,0.8809971777986829,0.7655076356762672,0.7047136244843981,0.6707767794558084,0.6077543451071722,0.532955307603195
0.6199980239106808,0.4352155948723382,0.3238860260685056,0.4453845319448963,0.6537887271369914,0.3365823309829946,0.799247412982126,0.8649455305178332,0.8434144651909696,0.8287453004524311,0.7624530987191099,0.6944088775074692
0.7938938840035569,0.5006886322703675,0.2373446498939072,0.3164117583251979,0.7891937290033596,0.309415180423061,0.7053621825023518,0.9261801721136148,0.9195818508139426,0.9170967947492512,0.872342260749558,0.835071032254131
0.9450647169252048,0.5314122258713846,0.1433767808426795,0.2177025707777416,0.9184397163120568,0.2601617586063874,0.5596425211665099,0.9269263294035716,0.9312950659655532,0.9238832600522529,0.9197395092077456,0.9370770074995428
0.9720383361327932,0.4587350354910477,0.0706274628675356,0.2400477275192536,0.9760171705860397,0.1748237245956035,0.4471307619943556,0.8568372879669701,0.8765389338455242,0.8451220289300962,0.8630266959934447,0.9244558258642768
0.8203734808813358,0.2991842356181798,0.0729008790542588,0.4050330838485735,0.9030421799178798,0.0982994608046453,0.3378174976481656,0.6214992787146197,0.6533895903523411,0.6341043777480405,0.6689093026264717,0.7576367294677155
0.5809702598557455,0.2295794045979446,0.2067293119127008,0.5719709296019091,0.7075401269130273,0.1558481957693903,0.2102539981185324,0.2970700890414366,0.3262697188198621,0.3401835213152361,0.3949195669987493,0.4989939637826962
0.3681454401738959,0.2891196101281915,0.4125492573507123,0.6584228224319341,0.4803098170959314,0.325694732476151,0.1539981185324553,0.0812316569666219,0.0881010107371138,0.1058433696552603,0.1604778539698969,0.2610206694713737
0.3103448275862069,0.3174065049263693,0.4770384965140952,0.6756698123440721,0.4133072041806644,0.3837619245126504,0.2132643461900282,0.1037158633039844,0.0769860511980855,0.0752564837825782,0.1119592875318066,0.1956588012926041
0.2901887165299872,0.322597732810679,0.4962867535616854,0.6840221282134722,0.3919372900335947,0.399419328079635,0.3858889934148635,0.2514052628960851,0.182247551875059,0.1476135856751418,0.1575451761763057,0.2113895494177184
0.236834304910582,0.3251403750397287,0.5390269778720824,0.7120078099576961,0.3404255319148936,0.4299046038987972,0.5493885230479774,0.3716858180371089,0.2669794388992097,0.2047728286497164,0.1910553327295467,0.2103530272544357
0.1979053453216085,0.3212204682699438,0.5661564110336466,0.735329211411216,0.305337812616648,0.4465989216092907,0.6605832549388523,0.4431179425956325,0.3151547592808338,0.2320461352195246,0.1997671108810971,0.1941345039936589
0.2046240490070151,0.3302256594978281,0.5673688996665657,0.7270853671764833,0.3077640910787607,0.4517834923268353,0.7079021636876764,0.4742078296771626,0.3363456028212475,0.2444720576053017,0.2088670375641523,0.1997439180537772
0.2068965517241379,0.3255641487445703,0.562291603516217,0.7281700835231587,0.3119634191862635,0.4460804645375363,0.731796801505174,0.4862458339551311,0.3440914386473126,0.2495380105779646,0.2141717341613835,0.2041338942747393
0.1948424068767908,0.3031041423879648,0.5553955744164898,0.7462848465126369,0.3104703247480403,0.4303193695562007,0.753527751646284,0.4887330249216535,0.3464529739601373,0.2481998343210348,0.2101608660025014,0.1981586488628742
0.1694496591245924,0.2790549846382031,0.5576689906032132,0.7726434537368478,0.2971257932064203,0.4201576109498133,0.7650987770460959,0.4819181216733821,0.3415094933719576,0.2404893901739629,0.1987751757450295,0.1827937320895067
0.1563086651516648,0.2640110181163258,0.5570627462867536,0.7875040676863001,0.2912467338559164,0.4123807548734964,0.7746001881467545,0.4802268318161468,0.3371012941213515,0.2337347862104123,0.1882089101651787,0.1685872812633376
0.1557158383558936,0.2641169615425363,0.5575932100636557,0.7877210109556351,0.2906868234415827,0.4127955205309001,0.7925682031984947,0.4861463463164702,0.337825498283951,0.2316637991461161,0.1852331047569759,0.1641973050423754
0.153344531172809,0.262209979870749,0.5579721127614429,0.7901073869183208,0.2893803658081374,0.4120696806304438,0.8073377234242708,0.4889817440183057,0.3372587298088731,0.2303574842286369,0.183206106870229,0.1619413450399366
0.1431676711787372,0.2509799766924462,0.5578205516823279,0.8013884369237444,0.2846211272863009,0.4064703442554956,0.8055503292568202,0.4850022384718699,0.3338581189584055,0.226056203402791,0.1779876655022211,0.1552344369245777
0.1274577610908012,0.2386905392520393,0.561079114883298,0.8163575225078642,0.2751959686450168,0.4026337619245126,0.7939793038570084,0.4763468139083718,0.329418432570295,0.2200344102466067,0.1695346530383404,0.1441375525882568
0.1232091690544412,0.2387964826782497,0.5644134586238254,0.8185269552012149,0.2710899589399029,0.4050186644545831,0.7940733772342428,0.4736109038451973,0.3279070499700872,0.2175173644300006,0.1655237848794583,0.1374916163648558
0.1313111352633139,0.2585019599533849,0.5722946347377993,0.8041002277904328,0.2700634565136245,0.4200539195354624,0.8102539981185325,0.4809232452867731,0.3332283762083189,0.2223602880265086,0.1703972053305732,0.1446253277239192
0.1372394032210256,0.2740756436063142,0.5788875416792968,0.7928191777850092,0.2688503172825681,0.4321858150145168,0.8219190968955785,0.4883848181863404,0.3386756509965679,0.227266934301918,0.1769526027515418,0.1509054325955734
0.1292362414781148,0.2734399830490517,0.584571082146105,0.7975919297103807,0.26157148189623,0.4357113231024471,0.8227657572906867,0.4881858429090185,0.3388015995465852,0.2264066781367488,0.1756587743131927,0.1487714163770502
0.1204426440075091,0.2658120563619027,0.5858593513185815,0.8062696604837835,0.2566256065696156,0.432911654914973,0.8147695202257761,0.4829627418793215,0.335243553008596,0.2219142292741987,0.1691896321214474,0.1409670142064508
0.1184665546882719,0.2640110181163258,0.5860866929372537,0.8083306215424667,0.2555057857409481,0.4321858150145168,0.8168391345249294,0.4824155598666866,0.3345823231210051,0.2209265277512266,0.1678958036830983,0.1382842509603073
0.121924710996937,0.2716389448034749,0.5888905729008791,0.8024731532704198,0.2555057857409481,0.4377851513894649,0.8389463781749765,0.4924638113714371,0.3395258037091848,0.2251959472376218,0.1715185233104757,0.1441375525882568
0.1224187333267463,0.2782074372285199,0.5932100636556532,0.7988935893263912,0.2529861888764464,0.4440066362505185,0.8575729068673564,0.499228970800378,0.3423911332220788,0.2269801822468616,0.1735886488118342,0.1465764282665691
0.1166880743009584,0.2738637567538934,0.5944983328281297,0.8042086994251003,0.2495334079880552,0.4427623392783078,0.8620884289746001,0.4996766651743521,0.3423911332220788,0.2254189766137768,0.1716047785396989,0.1435278336686787
0.1057207785791917,0.2654942260832715,0.5969990906335253,0.8145135047185161,0.2428144830160507,0.4403774367482372,0.8539981185324552,0.4943540765059941,0.3391164709216285,0.221436309182438,0.1666451028593608,0.1354795439302481
0.1111550242070941,0.2739697001801038,0.5988178235829039,0.8071374335611238,0.244307577454274,0.4457693902944836,0.847318908748824,0.4945530517833159,0.3389275480966026,0.221213279806283,0.1656962953379048,0.1332845558197671
0.1220235154628989,0.2897552706854539,0.6017732646256442,0.7931445926890118,0.2475737215378873,0.4555163832434675,0.8605832549388522,0.5036064269014575,0.3450675399099468,0.2262155101000446,0.1722085651442619,0.1405402109627462
0.1306195040015808,0.2957940459794469,0.5994998484389209,0.7853346349929493,0.2529861888764464,0.4568643716300291,0.8761053621825023,0.5131074963935731,0.351301993135804,0.2316637991461161,0.1797127700866865,0.1496250228644595
0.1292362414781148,0.2862591376205106,0.5938163079721127,0.7909751599956611,0.2558790593505039,0.4483616756532559,0.8816556914393227,0.516191613192061,0.3522466072609339,0.2315363537883132,0.180359684305861,0.1501737698920797
0.1207390574053947,0.2746053607373662,0.5919975750227342,0.8016053801930795,0.2529861888764464,0.4414143508917462,0.8714016933207902,0.5090782470278068,0.3480588179728581,0.2267252915312559,0.1755293914693578,0.1439546369123834
0.1214306886671277,0.2785252675071511,0.5941952106699,0.7992190042303937,0.251959686450168,0.4448361675653256,0.8654750705550328,0.5075859324478933,0.3471142038477282,0.2254826992926782,0.1738042868848924,0.1410889579903664
0.1375358166189111,0.2933573471766076,0.5924522582600789,0.782839787395596,0.2606382978723404,0.4508502695976774,0.8695202257761052,0.5134557031288862,0.351301993135804,0.2294335053845664,0.1783326864191141,0.1487714163770502
0.1467246319533643,0.2991842356181798,0.5896483782964534,0.774704414795531,0.2667039940276223,0.4518871837411862,0.8743179680150517,0.5190270108938965,0.3549230139488019,0.2323647486140317,0.1832923620994523,0.1558441558441558
0.1381286434146823,0.2885898929971395,0.5885116702030919,0.7849007484542792,0.26334453154162,0.4458730817088345,0.8671683913452493,0.516191613192061,0.3526874271859945,0.2304849295864398,0.1802303014620261,0.1520638985427718
0.1230115601225175,0.2686725288695836,0.5860109123976963,0.80334092634776,0.2577454273982829,0.4343633347158855,0.8513640639698965,0.5078346515445455,0.3465474353726503,0.2241763843751991,0.1708716090913011,0.1408450704225352
0.1225175377927082,0.264328848394957,0.5832828129736284,0.8058357739451134,0.2592385218365062,0.4304230609705516,0.8461900282220131,0.5060936178679799,0.3445952328473818,0.2210858344484802,0.1667313580885841,0.1374916163648558
0.1344728781740934,0.2720627185083165,0.5795695665353138,0.7953140253823625,0.2670772676371781,0.4316673579427623,0.8598306679209784,0.5145500671541562,0.3491608677855096,0.224080800356847,0.1712597576228059,0.1430400585330163
0.1400059282679577,0.2767242292615743,0.5786602000606245,0.7898904436489859,0.2702500933184024,0.4333264205723766,0.8790216368767638,0.5255931950455156,0.3536950155861331,0.2276174090358758,0.1760037952300858,0.1495640509725016
0.1303230906036953,0.2604089416251721,0.5744922703849652,0.8036663412517626,0.2682904068682344,0.422438822065533,0.8746942615239888,0.5226583097050193,0.3495387134355616,0.2221053973109029,0.169707163496787,0.1418206206938601
0.1184665546882719,0.2427163894480347,0.570854804486208,0.8191777850092201,0.2649309443822322,0.4113438407299876,0.861618062088429,0.5136049345868776,0.3421392361220441,0.2136302810170139,0.1592702807607711,0.1297481860862142
0.1182689457563481,0.2402796906451954,0.5692634131555017,0.8204794446252305,0.2658641284061216,0.409062629614268,0.8587958607714017,0.5136049345868776,0.3400295979092541,0.2097431976040272,0.1549575192996075,0.1273702822998597
0.1329908111846655,0.2481195041847653,0.5635798726886936,0.8084390931771341,0.2762224710712953,0.408958938199917,0.8748824082784571,0.5222603591503756,0.3429264145596524,0.2102529790352386,0.1573295381032475,0.1321260898725687
0.1372394032210256,0.2555355440194936,0.5656259472567445,0.8023646816357523,0.2770623366927958,0.4140398175031107,0.8854186265286924,0.5285280803860121,0.3458862054850594,0.2111132352004078,0.158925259843878,0.1360892628498262
0.1262721074992589,0.2408094077762474,0.5635040921491361,0.815923635969194,0.2731429637924599,0.4053297386976358,0.8888993414863594,0.5304183455205691,0.3453509241474858,0.207895239915886,0.1547418812265493,0.1332845558197671
0.1177749234265388,0.2185612882720626,0.5541073052440133,0.8318689662653216,0.27491601343785,0.3880132725010369,0.8881467544684853,0.5297219320499429,0.340974212034384,0.2017778627413496,0.1465907620649502,0.1238948844582647
0.1192569904159668,0.216018646043013,0.5511518642012732,0.8324113244386594,0.2774356103023516,0.3847988386561592,0.8954844778927563,0.534746057802318,0.3404704178343147,0.1986235901357293,0.1433993185836891,0.1212121212121212
0.1330896156506274,0.229155630893103,0.549939375568354,0.8180930686625447,0.2847144456886898,0.3903981750311074,0.9168391345249294,0.5490225339501567,0.3454768726975031,0.2009494679156311,0.147798335274076,0.1288945795988049
0.1412903863254619,0.2377370484161457,0.5497878144892392,0.8091983946198069,0.2886338185890257,0.3945458316051431,0.9315145813734712,0.5581753967069591,0.3494127648855443,0.2027018415854202,0.1502134816923276,0.1331016401438936
0.1353621183677502,0.2260832715330013,0.5459987875113671,0.8184184835665473,0.2882605449794699,0.3861468270427208,0.9303857008466604,0.5555389742824455,0.3466733839226676,0.1984005607595743,0.1452969336266011,0.1288336077068471
0.1207390574053947,0.2124165695518592,0.5474386177629584,0.8333875691506671,0.2804217991787981,0.3805474906677727,0.9241768579492002,0.5514599810973487,0.3432412859346957,0.1929841330529535,0.1385690257471859,0.1192000487775135
0.1197510127457761,0.2180315711410106,0.5522127917550773,0.8311096648226488,0.2770623366927958,0.3865615927001244,0.9328316086547506,0.5599164303835249,0.345949179760068,0.1938762505575734,0.1389571742786906,0.1190171331016401
0.1342752692421697,0.2318042165483631,0.5510003031221582,0.8160321076038616,0.2846211272863009,0.3924720033181252,0.950423330197554,0.5754365020146247,0.3545136811612456,0.1999936277321098,0.1471945486695131,0.1304798487897079
0.1506768105918387,0.2431401631528763,0.5464534707487118,0.8012799652890769,0.2951661067562523,0.3948569058481957,0.9585136406396988,0.5864298860866538,0.362291004124815,0.2070031224112661,0.1565963686548497,0.1427351990732272
0.1527517043770378,0.2418688420383515,0.5438769324037588,0.8007376071157393,0.297779022023143,0.3924720033181252,0.9507055503292569,0.5883698950405413,0.3657231021127869,0.2104760084113936,0.1600465778237806,0.1470642034022315
0.1498863748641438,0.2353003496133064,0.5413761745983632,0.8057273023104458,0.2979656588279208,0.3874948154292824,0.9354656632173094,0.5846391085907576,0.3671085361629774,0.2120053527050277,0.1601328330530038,0.14627156880678
0.1623357375753384,0.2461065790867676,0.5395574416489846,0.7933615359583468,0.3049645390070922,0.3915387805889672,0.9254938852304796,0.5863303984479928,0.3719890424761485,0.2186962339896769,0.1672920170785354,0.155478324492409
0.1855547870763758,0.2765123424091534,0.543573810245529,0.7650504393101204,0.3134565136244867,0.4092700124429697,0.9238946378174976,0.5917524747550117,0.3806480052898391,0.2304530682469891,0.1831198516410057,0.1729162855923419
0.1969173006619899,0.2954762157008157,0.5484237647772052,0.7491051090139929,0.3157894736842105,0.4218166735794277,0.9173095014111006,0.5930955578769338,0.3867879971031834,0.2418594277703434,0.1968775607021176,0.1866959331748064
0.1944471890129434,0.2978069710774446,0.551985450136405,0.7492135806486604,0.3124300111982083,0.4253421816673579,0.8904045155221072,0.5822514052628961,0.3858118958405492,0.2479768049448799,0.2029585543623582,0.1911468812877263
0.1882225076573461,0.2945227248649221,0.5544104274022431,0.7543117474780345,0.3079507278835386,0.4254458730817088,0.8552210724365005,0.5637467044719694,0.3807424667023521,0.249506149238514,0.2048561694052701,0.1896835558807389
0.1907914237723545,0.3107320690751138,0.5640345559260382,0.744657771992624,0.3032848077640911,0.4399626710908337,0.8335841956726247,0.5526538327612794,0.3795144683396833,0.2537118460460077,0.2109371630655108,0.1945003353454057
0.2021539373579686,0.3354168873821379,0.5729766595938164,0.725783707560473,0.3030981709593132,0.4581086686022397,0.8333960489181562,0.5499179226981048,0.3822223621650556,0.2620913783215446,0.221934704791478,0.2058411072495579
0.2033395909495109,0.3410318889712893,0.5760836617156715,0.7222041436164442,0.3017917133258679,0.4629821650767317,0.835277516462841,0.5466348306222952,0.3834188733902202,0.2680494487988275,0.2291370164316211,0.2124870434729589
0.1949412113427527,0.3251403750397287,0.5710821461048803,0.7350037965072134,0.3008585293019784,0.4517834923268353,0.8261523988711195,0.5370342734915187,0.3782864699770144,0.2659147390556299,0.227023763315651,0.2087067861715749
0.1823930441655963,0.3090369742557474,0.5693391936950591,0.7500813537260006,0.2960059723777529,0.4427623392783078,0.8078080903104422,0.5209670198477839,0.3685569444881766,0.2583636016058115,0.2183119851641006,0.1967562953478446
0.1798241280505879,0.3133806547303739,0.5744164898454077,0.7493220522833278,0.2917133258678612,0.4483616756532559,0.8021636876763876,0.5130577525742427,0.3634560282124752,0.2556553877525011,0.2145598826928882,0.1917566002073044
0.1862464183381089,0.3328742451530881,0.5833585935131859,0.7357630979498861,0.2892870474057484,0.4640190792202405,0.8125117591721543,0.5121126200069641,0.3642117195125791,0.2596699165232906,0.2189157717686635,0.1979757331870008
0.1875308763956131,0.3399724547091852,0.5875265231888451,0.7314242325631848,0.2873273609555805,0.4703442554956449,0.820602069614299,0.5135551907675472,0.3660694606253346,0.2634614159179252,0.2232716608444387,0.2049265288701908
0.1788360833909692,0.3252463184659391,0.5835859351318581,0.7437899989152837,0.2856476297125793,0.4603898797179594,0.8157102539981185,0.5083320897378502,0.3619446456122674,0.260625756706812,0.2192607926855565,0.1993171148100725
0.1650034581563086,0.3086132005509057,0.5822218854198242,0.7599522724807463,0.2798618887644644,0.4513687266694318,0.8037629350893696,0.4995274337163607,0.3564973708240184,0.2558146944497547,0.2125328848061413,0.1895616120968233
0.163323782234957,0.3114736730585866,0.5857077902394665,0.759301442672741,0.2769690182904069,0.4551016175860639,0.8072436500470367,0.4979356314977864,0.3553008595988539,0.2539348754221627,0.2114115668262388,0.1863301018230596
0.1710305305799822,0.327047356711516,0.5908608669293726,0.7471526195899773,0.2774356103023516,0.4663002903359602,0.8207902163687676,0.5046013032880665,0.3593312131994081,0.2574077614222902,0.2164574977358002,0.193158953722334
0.1735006422290287,0.3312850937599321,0.5919975750227342,0.7435730556459486,0.2779022023142964,0.4690999585234343,0.8326434619002822,0.5091279908471372,0.3610315186246419,0.258522908303065,0.2180100918618191,0.1973050423754649
0.161150083983796,0.3142282021400571,0.5892694755986663,0.759084499403406,0.2737028742067936,0.4589381999170469,0.8307619943555974,0.50499925384271,0.357127113574105,0.2552730516790926,0.2118428429723552,0.1899274434485702
0.148305503408754,0.2954762157008157,0.5857077902394665,0.7757891311422064,0.2698768197088466,0.447324761509747,0.8235183443085606,0.4974879371238123,0.3520576844359079,0.2505257121009367,0.2039073618838142,0.1787086153283336
0.1489971346704871,0.2919800826358724,0.5826765686571689,0.7771992623928842,0.2721164613661814,0.443488179178764,0.8262464722483536,0.4962443416405512,0.3503573790106741,0.2481361116421334,0.2018372363824557,0.1755990488384854
0.1619405197114909,0.2985485750609175,0.5774477114277053,0.7667859854648009,0.2814483016050765,0.4431771049357113,0.8386641580432737,0.5045018156494055,0.3547340911237759,0.2525648378257822,0.2061931254582309,0.1811474910066459
0.1624345420413002,0.3046932937811208,0.5814640800242498,0.7633148931554399,0.2792086599477417,0.4488801327250104,0.8523988711194731,0.512659802019599,0.3605592115620769,0.2578219588351494,0.2124035019623065,0.1885860618254984
0.1552218160260843,0.305540841190804,0.5876023037284025,0.7668944570994685,0.2719298245614035,0.4535462463708005,0.8451552210724366,0.5100731234144157,0.3605592115620769,0.2580131268718537,0.2120153534308017,0.1885250899335406
0.1488983302045252,0.3085072571246954,0.5945741133676873,0.7687384748888165,0.2647443075774542,0.459767731231854,0.8285042333019755,0.5029100134308312,0.3580402405617305,0.2559102784681068,0.2098589727002199,0.1840741418206207
0.1559134472878174,0.3251403750397287,0.6011670203091846,0.7564811801713851,0.2639977603583427,0.4724180837826628,0.8187206020696143,0.5019648808635527,0.3581976762492522,0.2572165933855859,0.2128779057230344,0.1864520456069752
0.1692520501926687,0.3373238690539252,0.5996514095180357,0.7428137542032759,0.2711832773422919,0.4773952716715056,0.8198494825964252,0.5055961796746754,0.3613463899996851,0.2614860128719811,0.21908828222711,0.1952319980488994
0.1742910779567236,0.3343574531200338,0.593513185813883,0.741620566221933,0.2773422918999627,0.4716922438822066,0.8240827845719662,0.5080833706411979,0.3638968481375358,0.2639711973491365,0.2225384913960409,0.2004146088653131
0.1586799723347495,0.314440088992478,0.5913155501667172,0.7603861590194164,0.2713699141470698,0.4603898797179594,0.816274694261524,0.5045018156494055,0.3613149028621808,0.2615815968903333,0.2182688575494889,0.195049082373026
0.1513684418535718,0.3021506515520711,0.5881327675053046,0.7706909643128322,0.2697835013064577,0.4523019493985897,0.8026340545625588,0.4983335820524299,0.3567807550615574,0.2566430892754731,0.2126622676499763,0.1859642704713127
0.1616441063136053,0.3058586714694352,0.5829039102758412,0.7632064215207723,0.2779022023142964,0.4504355039402737,0.8020696142991534,0.5004725662836393,0.3578828048742089,0.2581087108902059,0.2148617759951697,0.188403146149625
0.1788360833909692,0.3182540523360525,0.5786602000606245,0.7473695628593123,0.2886338185890257,0.4536499377851514,0.8180620884289747,0.5111177436203551,0.3647784879876571,0.2645765627987,0.2231854056152154,0.1993171148100725
0.1848631558146428,0.3207966945651022,0.575856320096999,0.7428137542032759,0.2932064203060844,0.4529240978846952,0.8272812793979303,0.5171864895786699,0.3698164299883498,0.2700248518447716,0.2295682925777375,0.2068166575208828
0.1783420610611599,0.3079775399936433,0.5716883904213399,0.7529016162273565,0.2926465098917507,0.4439029448361676,0.8229539040451552,0.5154454559021041,0.3689347901382286,0.2693876250557573,0.227498167076379,0.2043777818425705
0.1679675921351645,0.293463290602818,0.5691876326159443,0.7660266840221281,0.2892870474057484,0.4350891746163418,0.8104421448730008,0.5069392627965975,0.3639913095500488,0.2647040081565029,0.220511493509294,0.1959026888604353
0.1687580278628594,0.2940989511600804,0.5690360715368293,0.7652673825794555,0.2897536394176931,0.4352965574450436,0.809689557855127,0.5081828582798588,0.3627318240498756,0.2632383865417702,0.2179238366325958,0.1921834034510091
0.1759707538780753,0.3041635766500688,0.570703243407093,0.7561557652673826,0.2921799178798059,0.4413106594773953,0.819379115710254,0.5118141570909814,0.3648099751251614,0.2643853947619958,0.2209427696554103,0.1964514358880556
0.1824918486315581,0.3046932937811208,0.5660806304940892,0.7523592580540188,0.2980589772303098,0.4384072998755703,0.8238946378174976,0.5115156941749988,0.3636134638999969,0.2637481679729815,0.2213740458015267,0.1977318456191695
0.1720185752396008,0.2914503655048204,0.5646408002424977,0.7648334960407853,0.2940462859275849,0.4309415180423061,0.8094073377234243,0.5001243595483261,0.356938190749079,0.2584591856241636,0.2155518178289558,0.1921834034510091
0.1609524750518723,0.2895433838330331,0.5717641709608973,0.7718841522941751,0.284434490481523,0.4348817917876399,0.794543744120414,0.4890314878376361,0.351207531723291,0.254126043458867,0.2106352697632294,0.1858423266873971
0.1642130224286137,0.3064943320266977,0.5813882994846924,0.7614708753660918,0.2800485255692422,0.4497096640398175,0.7947318908748824,0.4879868676316967,0.3512390188607954,0.2544127955139234,0.2113253115970155,0.1860862142552283
0.176859994071732,0.3242928276300455,0.5844953016065475,0.7454170734352966,0.2841545352743561,0.4605972625466611,0.8041392285983067,0.4927622742874198,0.354167322648698,0.2577900974956987,0.2164574977358002,0.193768672641912
0.1773540164015413,0.3253522618921495,0.5847984237647772,0.7445493003579564,0.2841545352743561,0.4613231024471174,0.812793979303857,0.4959458787245684,0.3561510123114708,0.2600522525966992,0.2194764307586147,0.1988903115663679
0.160458452722063,0.3139103718614259,0.5894968172173386,0.7596268575767436,0.2732362821948488,0.4589381999170469,0.8081843838193791,0.4900263642242451,0.3530652728360465,0.2560058624864589,0.2151636692974511,0.1923053472349247
0.1457365872937456,0.3056467846170145,0.5949530160654745,0.7719926239288426,0.2629712579320642,0.4586271256739941,0.8017873941674505,0.4842063373625827,0.3471456909852325,0.249824762633021,0.2069694225212403,0.1818181818181818
0.1443533247702796,0.3070240491577497,0.5969990906335253,0.7721010955635101,0.2611048898842852,0.460700953961012,0.8042333019755408,0.4812217082027558,0.3461066154475897,0.2483591410182884,0.2045974037176003,0.1781598683007134
0.1548265981622369,0.3140163152876363,0.5939678690512277,0.7626640633474346,0.2679171332586786,0.4620489423475736,0.8214487300094073,0.4870417350644182,0.3482792279353884,0.2510992162110495,0.2069262949066287,0.183952198036705
0.1572967098112834,0.3096726348130098,0.5889663534404365,0.7636403080594424,0.2721164613661814,0.4564496059726254,0.8295390404515521,0.4908222653335323,0.3498535848106049,0.2517364430000637,0.2081338681157545,0.1861471861471861
0.1467246319533643,0.2942048945862909,0.5860109123976963,0.7773077340275518,0.2689436356849571,0.4469099958523433,0.8174035747883349,0.4856986519424962,0.345571334110016,0.247626330210922,0.2030448095915815,0.1792573623559539
0.1416856041893093,0.2826570611293568,0.5816914216429221,0.7859854648009545,0.2692235908921239,0.4383036084612194,0.7968955785512699,0.4750037307864498,0.3391479580591329,0.2417001210730899,0.1964894121706128,0.1720017072129748
0.146922240885288,0.2904968746689267,0.5832070324340709,0.7790432801822323,0.2708100037327361,0.4431771049357113,0.791533396048918,0.4750037307864498,0.3393998551591675,0.2427515452749633,0.1989045585888644,0.1743186391073715
0.1578895366070546,0.31496980612353,0.592300697180964,0.7606031022887515,0.2703434117207913,0.4613231024471174,0.7968955785512699,0.482017609312043,0.3444692842973645,0.248837061110049,0.2067969120627938,0.1842570574964941
0.1586799723347495,0.3227036762368894,0.5972264322521976,0.7561557652673826,0.2677304964539007,0.4684778100373289,0.8024459078080902,0.4850519822912003,0.3470827167102239,0.2515134136239088,0.2102471212317246,0.1901103591244436
0.1496887659322201,0.3108380125013242,0.5956350409214913,0.7672198720034711,0.2643710339678985,0.4616341766901701,0.7920037629350892,0.4805750385514599,0.3437765672722693,0.2478812209265277,0.2059774873851727,0.1842570574964941
0.1441557158383559,0.3010912172899671,0.592982722036981,0.7752467729688687,0.263437849944009,0.4549979261717129,0.7753527751646283,0.472367308361936,0.3390849837841242,0.2430382973300197,0.20037089748566,0.1774282055972197
0.1502815927279913,0.3070240491577497,0.5924522582600789,0.7687384748888165,0.2666106756252333,0.4575902115304853,0.7682972718720602,0.4698801173954136,0.338203343934003,0.2426559612566112,0.2011040669340579,0.1795622218157429
0.1629285643711095,0.3186778260408941,0.5910882085480449,0.75583035036338,0.2735162374020157,0.4623600165906263,0.7764816556914393,0.4750037307864498,0.3415409805094619,0.2461607085961893,0.2068400396774054,0.1878543991220047
0.1656950894180416,0.3140163152876363,0.5855562291603517,0.7566981234407202,0.2781821575214632,0.4563459145582746,0.7832549388523048,0.4793314430681988,0.3443118486098429,0.2481361116421334,0.2094276965541036,0.1917566002073044
0.1505780061258768,0.2931454603241868,0.5822976659593816,0.7757891311422064,0.2730496453900709,0.4437992534218167,0.779868297271872,0.4770929711983286,0.3420447747095312,0.2458102338622315,0.2055462112390564,0.1852935796597768
0.1425748443829661,0.2817035702934632,0.5802515913913308,0.7859854648009545,0.2705300485255693,0.4368519286603069,0.7716839134524929,0.47281500273591,0.3394943165716805,0.2439622761740903,0.2024410229870186,0.1793793061398695
0.150479201659915,0.286894798177773,0.57790239466505,0.7790432801822323,0.2757558790593505,0.4377851513894649,0.7776105362182503,0.4774411779336417,0.3418558518845052,0.2463518766328936,0.2053305731659982,0.1834034510090848
0.1658926983499654,0.3015149909948087,0.5765383449530161,0.7630979498861048,0.2838745800671893,0.4440066362505185,0.7921919096895578,0.4857981395811571,0.3470512295727195,0.2517364430000637,0.2119290982015785,0.1923663191268825
0.1677699832032408,0.3052230109121728,0.5777508335859352,0.7601692157500815,0.2839678984695782,0.4465989216092907,0.8012229539040452,0.4903248271402278,0.3494127648855443,0.2541897661377684,0.2142148617759952,0.1961465764282665
0.1487995257385634,0.3011971607161775,0.5894210366777812,0.7725349821021803,0.2678238148562897,0.4527167150559933,0.7939793038570084,0.4770929711983286,0.3418558518845052,0.2479768049448799,0.2068400396774054,0.1860252423632705
0.1217271020650133,0.3132747113041635,0.6188238860260685,0.7813211845102506,0.2369354236655468,0.4786395686437163,0.7757290686735653,0.4530169626423917,0.3308668408954942,0.2404893901739629,0.1950230732738172,0.1670629839643924
0.0994960972235945,0.3534272698379065,0.6646711124583207,0.7729688686408505,0.1982082866741321,0.529655744504355,0.7773283160865474,0.4313784012336467,0.3207594697566044,0.2367616134582297,0.1893733557596929,0.1531613925980123
0.1014721865428317,0.3833033160292403,0.6843740527432556,0.7564811801713851,0.187010078387458,0.5578598092077977,0.8081843838193791,0.4376958662886136,0.3295758682578167,0.2490919518256547,0.201319705007116,0.160843850984696
0.1404011461318051,0.4032206801567962,0.6687632615944226,0.7249159344831326,0.2150055991041433,0.5569265864786396,0.863593603010348,0.4947520270606377,0.3823483107150729,0.3067928375708915,0.2600595161081641,0.2154136942869337
0.2212231992886078,0.3911431295688102,0.5982115792664444,0.6868423907148281,0.2966592011944756,0.5026959767731232,0.9198494825964252,0.5933940207929165,0.4780377215907302,0.412827375262856,0.364989002458274,0.3123590024998476
0.3479893291176761,0.3593601017056891,0.4782509851470142,0.6334743464584011,0.4303844718178424,0.4050186644545831,0.9280338664158044,0.6950703875043526,0.5992317138448944,0.5541642770662079,0.502479837840169,0.4422901042619352
0.5212923624147812,0.372179256277148,0.354501364049712,0.5317279531402539,0.5883725270623367,0.326627955205309,0.8822201317027282,0.8082375764811222,0.7492049497780158,0.7243675524119035,0.6671841980420063,0.6077068471434669
0.7050686691038435,0.4374404068227566,0.2602303728402546,0.3974400694218462,0.7332026875699887,0.2941725425134799,0.826716839134525,0.9175744913694474,0.8841903082590762,0.8709615752246225,0.8165351274421013,0.7711724894823487
0.8563383064914534,0.4926369318783768,0.1836162473476811,0.2861481722529558,0.8518103770063458,0.2687681459975114,0.7328316086547507,0.961249564741581,0.92909096634025,0.9142929968775888,0.8908871350325613,0.8867142247423938
0.9332081810097816,0.4636084330967263,0.1039709002728099,0.2588133203167372,0.937196715192236,0.2000207382828702,0.5825964252116651,0.927970949609511,0.907963097074845,0.872012999426496,0.880148358994264,0.9243338820803612
0.8560418930935678,0.3324504714482466,0.0693391936950591,0.3683696713309469,0.922079134005226,0.1120904189133139,0.4830667920978364,0.7985872755310153,0.7896659214710791,0.7316319378066655,0.7486953896579981,0.8213523565636243
0.674735698053552,0.215488928911961,0.1247347681115489,0.5278229742922226,0.8023516237402015,0.0928038158440481,0.3586077140169332,0.5152962244441128,0.5171762335086117,0.4853119225132224,0.5205934359770561,0.6147795866105725
0.4460033593518427,0.2520394109545502,0.3262352227947863,0.6345590628050765,0.5702687569988802,0.2485483201990875,0.240733772342427,0.2132020096503009,0.2140495607544318,0.2084050213470974,0.2550998404278259,0.3567465398451314
0.2941408951684616,0.3163470706642652,0.4887844801454986,0.6849983729254799,0.3983762597984323,0.3912277063459146,0.1905926622765757,0.0761577873949161,0.0653043231839793,0.0646785190849423,0.1041100616724889,0.1920614596670934
0.2622270526627803,0.3337217925627714,0.5256138223704152,0.6936761036988828,0.360675625233296,0.4249274160099544,0.2632173095014111,0.149281201810675,0.114581693378255,0.0952654049576244,0.1135550092724371,0.1749893299189074
0.2331785396699931,0.3405021718402372,0.5528190360715369,0.7061503416856493,0.330253826054498,0.4469099958523433,0.4280338664158043,0.2927423767596876,0.2175761201549167,0.1695023258777799,0.164014318368051,0.1930370099384184
0.20541448473471,0.3212204682699438,0.5603213094877235,0.7312072892938497,0.3125233296005972,0.442554956449606,0.5814675446848542,0.3985474804755509,0.2873201297270065,0.2148091505766902,0.1896752490619744,0.1904761904761905
0.2075881829858709,0.3021506515520711,0.5450136404971203,0.7398850200672524,0.3229749906681597,0.4227498963085856,0.6778927563499529,0.4620703377605333,0.3282219213451305,0.2401707767794558,0.2075732091258032,0.1990732272422413
0.2058097025985575,0.2795847017692551,0.5303122158229767,0.7523592580540188,0.3310936916759985,0.4015968477810037,0.7302916274694261,0.4884345620056708,0.3452249755974684,0.2492193971834576,0.2134385647129857,0.2046826413023596
0.1881237031913842,0.2560652611505455,0.5269778720824493,0.7740535849875257,0.3248413587159388,0.3878058896723351,0.7533396048918155,0.487787892354375,0.3452249755974684,0.2453323137704709,0.2064950187605123,0.1957197731845619
0.1642130224286137,0.2445174276936116,0.537056683843589,0.7931445926890118,0.307297499066816,0.3891538780588968,0.7625587958607714,0.4814206834800775,0.340879750621871,0.2385139871280188,0.1961875188683314,0.1793183342479117
0.1527517043770378,0.2499205424303421,0.5497120339496817,0.7967241566330405,0.2941396043299739,0.400352550808793,0.7819379115710253,0.4838083868079391,0.3407538020718537,0.235742050595807,0.1912709708026049,0.1720017072129748
0.1566050785495504,0.2649645089522195,0.5575174295240982,0.7868532378782949,0.2911534154535274,0.4131065947739527,0.8053621825023517,0.4927622742874198,0.3445007714348689,0.2375262856050468,0.1916591193341096,0.1724894823486372
0.1479102855449066,0.2623159232969593,0.562291603516217,0.7929276494196767,0.2840612168719671,0.4150767316466196,0.8207902163687676,0.4957469034472466,0.3443118486098429,0.2364430000637226,0.1893302281450813,0.1682214499115907
0.1363501630273688,0.2471660133488716,0.5603213094877235,0.8071374335611238,0.2798618887644644,0.4062629614267938,0.8189087488240828,0.4914689349848281,0.3410371863093926,0.2318549671828203,0.1830335964117825,0.1594414974696665
0.1248888449757929,0.2273545926475262,0.5549408911791452,0.8235166503959215,0.2777155655095185,0.3929904603898797,0.8125117591721543,0.4851514699298612,0.3369123712963255,0.2265978461734531,0.1756587743131927,0.1495030790805439
0.1304218950696571,0.2264011018116325,0.5500909366474689,0.8210218027985682,0.2833146696528555,0.3891538780588968,0.8184383819379115,0.486793015967766,0.3366919613337952,0.2261836487605939,0.1746668391771251,0.1504786293518688
0.1428712577808517,0.235194406187096,0.5467565929069416,0.8096322811584771,0.2913400522583053,0.3912277063459146,0.832173095014111,0.4944038203253246,0.3414465190969489,0.2313770470910597,0.1822141717341614,0.1613925980123163
0.1415867997233475,0.2324398771056255,0.5457714458926948,0.8118017138518276,0.2913400522583053,0.3891538780588968,0.8423330197554092,0.4977864000397951,0.3433357473472087,0.2326515006690881,0.1843274248501315,0.1641973050423754
0.1269637387609919,0.2113571352897552,0.5419066383752653,0.8305673066493112,0.2867674505412467,0.3761924512650352,0.8342427093132644,0.4903745709595583,0.3372587298088731,0.2259606193844389,0.1747099667917367,0.1515761234071093
0.1121430688667127,0.2037292086026061,0.5478175204607457,0.8426076580974076,0.2761291526689063,0.3765035255080879,0.82483537158984,0.4799781127194946,0.3304575081079379,0.2198432422099025,0.1662569543278561,0.1407231266386196
0.1153048117774923,0.2199385528127979,0.5569869657471961,0.8325197960733268,0.2720231429637925,0.3907092492741601,0.8371589840075259,0.482017609312043,0.3313706350955635,0.220002548907156,0.1662138267132445,0.1412718736662399
0.1206402529394328,0.2474838436275029,0.5725977568960291,0.8154897494305239,0.2649309443822322,0.4148693488179179,0.8574788334901222,0.4904243147788887,0.3370068327088384,0.2243038297330019,0.1717341613835339,0.1481007255655143
0.121233079735204,0.2718508316558957,0.5894968172173386,0.8027985681744224,0.2547592385218365,0.4384072998755703,0.8614299153339605,0.4939063821320201,0.3400295979092541,0.226502262155101,0.1745374563332902,0.1498079385403329
0.1102657840134374,0.2765123424091534,0.601394361927857,0.806378132118451,0.2422545726017171,0.4487764413106595,0.8494825964252116,0.4884843058250013,0.3373217040838818,0.2249729178614669,0.1720360546858153,0.1432229742088897
0.1013733820768698,0.2751350778684182,0.6071536829342226,0.8120186571211628,0.2345091452034341,0.4519908751555371,0.8300094073377234,0.4798288812615033,0.3344878617084921,0.2223284266870579,0.1684995902876612,0.1378574477166026
0.1106610018772848,0.2855175336370378,0.6074568050924524,0.8016053801930795,0.2387084733109369,0.4573828287017835,0.8290686735653809,0.4830622295179824,0.3363770899587519,0.2243038297330019,0.1701384396429033,0.1419425644777757
0.1264697164311826,0.2961118762580781,0.6029099727190057,0.7875040676863001,0.2489734975737215,0.4594566569888013,0.8450611476952021,0.4927622742874198,0.3418558518845052,0.2302300388708341,0.1767369646784836,0.1513322358392781
0.1293350459440767,0.2862591376205106,0.593664746892998,0.7908666883609936,0.2560656961552818,0.448257984238905,0.8589840075258701,0.5013679550315873,0.34632702541012,0.2331931434397502,0.1807478328373657,0.1568197061154807
0.1207390574053947,0.262739697001801,0.5834343740527433,0.8076797917344614,0.2583053378126166,0.4298009124844463,0.8488240827845719,0.4985823011490822,0.3432727730722,0.2293060600267635,0.1770819855953767,0.1530394488140967
0.1149095939136449,0.2446233711198219,0.5749469536223099,0.820154029721228,0.2607316162747294,0.4150767316466196,0.8311382878645343,0.4911704720688455,0.3384552410340376,0.2242401070541005,0.1709147367059128,0.1449911590756661
0.1253828673056022,0.2484373344633965,0.5697180963928463,0.812452543659833,0.2688503172825681,0.4133139776026545,0.8320790216368767,0.4963438292792121,0.3408482634843666,0.225833174026636,0.1735886488118342,0.1482836412413877
0.1402035371998814,0.2596673376416993,0.5663079721127614,0.7985681744223885,0.2779955207166854,0.4165284114475321,0.847318908748824,0.5082823459185196,0.3474605623602759,0.2312177403938061,0.1805321947643076,0.1584659471983416
0.1411915818595,0.2560652611505455,0.562973628372234,0.7998698340383991,0.280515117581187,0.4124844462878473,0.8588899341486358,0.5140526289608516,0.3499795333606222,0.2332887274581023,0.1827748307241126,0.1629778672032193
0.1290386325461911,0.2375251615637249,0.559033040315247,0.8160321076038616,0.2771556550951848,0.4006636250518457,0.8517403574788334,0.5104710739690593,0.3469567681602066,0.2294653667240171,0.1783758140337258,0.1574903969270166
0.1237031913842505,0.2264011018116325,0.5551682327978176,0.8247098383772643,0.2770623366927958,0.392679386146827,0.8467544684854186,0.5091279908471372,0.3439654900972952,0.2257375900082839,0.172898606978048,0.1512102920553625
0.1337812469123604,0.2365716707278313,0.5547893301000304,0.8139711465451784,0.2820082120194103,0.3973454997926172,0.8590780809031043,0.5157439188180869,0.3474920494977802,0.2280953291276365,0.175745029542416,0.1549905493567465
0.1448473471000889,0.2493908252992901,0.5553955744164898,0.8012799652890769,0.2869540873460247,0.4039817503110742,0.8777046095954844,0.526637815251455,0.3546081425737586,0.2334480341553559,0.1819985336611032,0.1647460520699957
0.1444521292362414,0.2468481830702404,0.553879963625341,0.8027985681744224,0.2876073161627473,0.4017005391953546,0.889181561618062,0.5354424712729443,0.3585755218993041,0.2354234372012999,0.1843274248501315,0.165599658557405
0.1344728781740934,0.2364657273016209,0.5541830857835708,0.8136457316411758,0.2827547592385218,0.3968270427208627,0.8857008466603951,0.5354922150922748,0.3563714222740011,0.231345185751609,0.1788070901798421,0.1580391439546369
0.1278529789546487,0.2264011018116325,0.551985450136405,0.8223234624145787,0.2809817095931318,0.3903981750311074,0.8873000940733772,0.534845545440979,0.3533171699360811,0.2269164595679602,0.1720360546858153,0.1499908542162063
0.131212330797352,0.2257654412543701,0.5488784480145499,0.8208048595292331,0.2845278088839119,0.3880132725010369,0.9043273753527752,0.5433517385464857,0.3575679334991656,0.2276492703753266,0.1744512011040669,0.1532223644899701
0.146922240885288,0.2287318571882614,0.5390269778720824,0.8107169975051524,0.2979656588279208,0.3827250103691414,0.9228598306679208,0.5540964035218624,0.3617872099247458,0.2304530682469891,0.1793677491697934,0.1613316261203585
0.1535421401047327,0.2233287424515308,0.5300090936647469,0.8098492244278122,0.3066442702500933,0.3739112401493156,0.92483537158984,0.5576282146943242,0.3621650555747977,0.2302619002102848,0.1797558977012981,0.165294799097616
0.1435628890425847,0.2029876046191333,0.5231130645650197,0.8257945547239397,0.3061776782381485,0.359187059311489,0.9201317027281278,0.5553399990051237,0.359614597436947,0.2262473714394953,0.1750981153232415,0.1612706542284007
0.1385238612785298,0.1886852420807288,0.516823279781752,0.8358824167480203,0.3076707726763718,0.3478846951472418,0.9113828786453434,0.5511615181813659,0.3560880380364621,0.221659338558593,0.1699659291844568,0.1545637461130418
0.1468234364193261,0.1895327894904121,0.5110639587753865,0.8308927215533138,0.3151362448674878,0.3444628784736624,0.9140169332079022,0.5540964035218624,0.3554897824238799,0.2194290447970432,0.1693190149652823,0.1551734650326199
0.1579883410730164,0.1971607161775611,0.5079569566535314,0.8208048595292331,0.3223217618514371,0.3460182496889257,0.9312323612417686,0.5631995224593345,0.3590163418243647,0.2220098132925508,0.1741061801871739,0.1630998109871349
0.1601620393241774,0.1969488293251403,0.5061382237041528,0.8197201431825577,0.324468085106383,0.3446702613023641,0.9350893697083724,0.5690692931403274,0.3635504896249882,0.2257694513477346,0.1786777073360072,0.1698067191024937
0.1578895366070546,0.1831761839177879,0.4980297059715065,0.8280724590519579,0.328387458006719,0.332330982994608,0.9258701787394168,0.5675769785604139,0.3640542838250575,0.2252915312559739,0.1774701341268814,0.1675507591000548
0.1530481177749234,0.1781968428858989,0.4981812670506214,0.8331706258813321,0.3259611795446062,0.3300497718788884,0.9182502351834432,0.5687708302243446,0.3666677162379168,0.2272350729624673,0.1779445378876094,0.1668190963965612
0.1664855251457366,0.2007627926687148,0.5040163685965444,0.8142965614491811,0.3287607316162747,0.3450850269597678,0.9220131702728128,0.5783713873551212,0.376239806039233,0.2365385840820748,0.1885539310820718,0.1777940369489665
0.1824918486315581,0.2403856340714058,0.5200060624431646,0.7852261633582818,0.3265210899589399,0.3753629199502281,0.9292568203198494,0.5902104163557679,0.3885197896659215,0.2479768049448799,0.2026566610600767,0.1939515883177855
0.192569904159668,0.2668714906240067,0.5312215822976659,0.7661351556567958,0.324374766703994,0.3959975114060556,0.9185324553151458,0.5904093916330896,0.3947542428917787,0.2568661186516281,0.2134816923275974,0.2060849948173891
0.1867404406679182,0.2699438499841084,0.5379660503182783,0.7677622301768087,0.3174692049272116,0.4021153048527582,0.8894637817497647,0.579913445754365,0.3924871689914671,0.2593831644682342,0.2156380730581791,0.2044997256264862
0.1765635806738464,0.2734399830490517,0.5482722036980904,0.7715587373901724,0.3062709966405375,0.410929075072584,0.8629350893697084,0.567029796547779,0.3877011240908089,0.2600522525966992,0.2149911588390046,0.2010243277848911
0.1866416362019563,0.297912914503655,0.5580478933010004,0.7535524460353618,0.3049645390070922,0.4295935296557445,0.8412041392285983,0.5555887181017759,0.3862527157656098,0.263588861275728,0.2211584077284685,0.2069386013047985
0.2000790435727695,0.3182540523360525,0.562291603516217,0.7356546263152186,0.3087905935050392,0.442451265035255,0.8412041392285983,0.5551907675471324,0.3881419440158695,0.2709169693493914,0.2313365247768146,0.2186452045606975
0.2027467641537397,0.3184659391884733,0.560397090027281,0.734136023429873,0.311216871967152,0.4412069680630444,0.8381937911571025,0.5503158732527483,0.3879530211908435,0.2743261326706175,0.2350454996334152,0.2228522651057862
0.1905938148404307,0.3033160292403856,0.5588056986965748,0.7485627508406552,0.3064576334453154,0.4327042720862712,0.8199435559736594,0.5365865791175446,0.3807739538398564,0.2709169693493914,0.2315952904644844,0.2173647948295835
0.183282284359253,0.2944167814387117,0.5581994543801152,0.7571320099793905,0.3032848077640911,0.4280381584404811,0.8074317968015051,0.5248967815748894,0.3742561163764602,0.2679220034410247,0.2288351231293397,0.2116334369855496
0.1885189210552317,0.2968534802415509,0.5558502576538344,0.7530100878620242,0.307297499066816,0.4275197013687267,0.8095014111006584,0.5229070288016714,0.3721464781636702,0.269642515771363,0.2305602277138051,0.2141942564477776
0.1957316470704476,0.3053289543383832,0.5563807214307366,0.7447662436272915,0.3102836879432624,0.4320821236001659,0.8199435559736594,0.5244490872009153,0.3720520167511572,0.2723188682852227,0.2341829473411825,0.2203524175355161
0.191878272897935,0.3060705583218561,0.5598666262503789,0.7465017897819719,0.3063643150429265,0.4347781003732892,0.819379115710254,0.5203203501964881,0.3704146856009321,0.2716497801567578,0.2318540561521542,0.2185232607767819
0.1764647762078846,0.2978069710774446,0.5657775083358594,0.7591929710380736,0.2954460619634192,0.4347781003732892,0.8129821260583255,0.510769536885042,0.3641172581000662,0.2654686803033199,0.2239185750636132,0.2071215169806719
0.1631261733030332,0.2896493272592435,0.5702485601697485,0.7705824926781646,0.2863941769316909,0.4338448776441311,0.8072436500470367,0.5027110381535095,0.3583236247992695,0.2596699165232906,0.2170612843403631,0.1976708737272118
0.1659915028159272,0.2932514037503972,0.5706274628675356,0.7672198720034711,0.2875139977603584,0.4359187059311489,0.8146754468485418,0.5021141123215441,0.3578198305992002,0.2593513031287836,0.2170181567257515,0.1992561429181147
0.1713269439778678,0.2972772539463926,0.5693391936950591,0.7622301768087646,0.2907801418439716,0.4370593114890087,0.8324553151458136,0.5089290155698155,0.3604962372870682,0.2618046262664882,0.2218484495622547,0.2047436131943174
0.1672759608734315,0.2904968746689267,0.567596241285238,0.7678707018114763,0.29003359462486,0.4324968892575695,0.8392285983066792,0.5099238919564244,0.3600239302245033,0.2618683489453896,0.2221072152499245,0.2066947137369672
0.1590751901985969,0.2711092276724229,0.5600181873294938,0.782405900856926,0.2907801418439716,0.4178763998340938,0.8310442144873,0.5034074516241357,0.3544192197487326,0.2562926145415153,0.2143442446198301,0.1970001829156759
0.1532457267068471,0.257760355969912,0.5549408911791452,0.792385291246339,0.2911534154535274,0.4078183326420572,0.8264346190028221,0.4987315326070736,0.3491608677855096,0.2507806028165424,0.2076163367404149,0.1885250899335406
0.1581859500049402,0.2570187519864392,0.550621400424371,0.7899989152836533,0.2961926091825308,0.4045002073828287,0.8385700846660394,0.5003233348256478,0.3500739947731352,0.2511948002294016,0.2077025919696381,0.1898664715566124
0.1652010670882324,0.2658120563619027,0.5516065474386178,0.7817550710489207,0.2988988428518104,0.4094773952716715,0.8542803386641581,0.5066905436999454,0.3539783998236721,0.2551456063212897,0.2134816923275974,0.1960246326443509
0.1614464973816816,0.2678249814599003,0.5558502576538344,0.7827313157609286,0.2944195595371408,0.4134176690170054,0.8520225776105362,0.5053972043973537,0.3537265027236374,0.2552730516790926,0.2137835856298788,0.196634351563929
0.1421796265191186,0.2538404492001271,0.5607002121855108,0.8004121922117367,0.282381485628966,0.4098921609290751,0.8372530573847601,0.4929612495647416,0.3459806668975724,0.2472439941375135,0.2038211066545909,0.1841960856045363
0.1339788558442841,0.2496027121517109,0.5639587753864808,0.8071374335611238,0.2765024262784621,0.409995852343426,0.8223894637817497,0.482017609312043,0.3389275480966026,0.2398521633849487,0.1939017552939147,0.1733430888360466
0.1387214702104535,0.2615743193134865,0.568808729918157,0.7983512311530535,0.2757558790593505,0.4191206968063045,0.8175917215428035,0.4809729891061036,0.3387701124090809,0.2401707767794558,0.1941173933669728,0.1745625266752027
0.1485031123406778,0.2810679097362008,0.5752500757805395,0.7830567306649311,0.2764091078760732,0.4331190377436748,0.82483537158984,0.4892802069342884,0.3445952328473818,0.2455234818071751,0.2011040669340579,0.1830376196573379
0.1523564865131904,0.2871066850301939,0.5766141254925735,0.7778500922008895,0.2773422918999627,0.4370593114890087,0.8220131702728127,0.4920161169974631,0.3472401523977456,0.2495380105779646,0.2056755940828912,0.1873056520943845
0.1441557158383559,0.279796588621676,0.5776750530463777,0.7860939364356221,0.272863008585293,0.4341559518871837,0.80310442144873,0.4851514699298612,0.3448156428099121,0.2482635569999362,0.2037348514253676,0.1840131699286629
0.1379310344827586,0.2710032842462125,0.5761594422552289,0.7940123657663521,0.2709033221351251,0.4287639983409373,0.7913452492944496,0.4819181216733821,0.3439969772347996,0.247849359587077,0.2012765773925044,0.1800499969514054
0.1495899614662582,0.2787371543595719,0.572749317975144,0.7837075604729363,0.2784621127286301,0.4302156781418498,0.8010348071495766,0.4878873799930359,0.3482792279353884,0.2516727203211623,0.2062793806874542,0.1852935796597768
0.1672759608734315,0.2954762157008157,0.5710821461048803,0.765375854214123,0.2878872713699141,0.4373703857320613,0.8137347130761994,0.4962940854598816,0.3535060927611071,0.2575670681195437,0.2148617759951697,0.196634351563929
0.1692520501926687,0.2921919694882932,0.5672931191270082,0.7659182123874606,0.2911534154535274,0.4331190377436748,0.8067732831608655,0.4972889618464906,0.354167322648698,0.2588096603581215,0.2170612843403631,0.200109749405524
0.1646082402924612,0.2814916834410425,0.5632009699909064,0.7739451133528582,0.2914333706606943,0.4251347988386562,0.791533396048918,0.4909714967915237,0.3502629175981612,0.255782833110304,0.2117565877431319,0.1936467288579964
0.1599644303922537,0.2765123424091534,0.5632009699909064,0.7790432801822323,0.2891937290033595,0.4226462048942347,0.7858889934148636,0.4876884047157141,0.3485940993104317,0.2539985981010642,0.2084788890326476,0.1891348088531187
0.1649046536903468,0.2817035702934632,0.5631251894513489,0.7737281700835232,0.2916200074654722,0.4251347988386562,0.7921919096895578,0.4893299507536189,0.3516168645108473,0.2566749506149238,0.2122741191184715,0.1941345039936589
0.1787372789250074,0.2948405551435533,0.5619127008184298,0.7594099143074087,0.2988988428518104,0.4307341352136043,0.8073377234242708,0.4990797393423867,0.3579142920117132,0.2623462690371503,0.2208996420407987,0.206145966709347
0.1780456476632743,0.2902849878165059,0.559184601394362,0.7621217051740969,0.3002986188876447,0.4265864786395686,0.8081843838193791,0.5026115505148485,0.3595516231619383,0.2637163066335309,0.2243929788243412,0.2088897018474483
0.1649046536903468,0.2754529081470494,0.5586541376174599,0.7768738474888817,0.2944195595371408,0.4190170053919536,0.7990592662276575,0.4951002337959508,0.35454516829875,0.260179697954502,0.2197783240608962,0.2023047375160051
0.1571979053453216,0.2670833774764275,0.5585783570779024,0.7854431066276168,0.2907801418439716,0.4148693488179179,0.7889934148635936,0.4877381485350445,0.3503258918731698,0.2560695851653603,0.2140423513175486,0.1954758856167307
0.1644106313605375,0.2778896069498887,0.5607759927250683,0.7758976027768738,0.2928331466965286,0.4216092907507258,0.7998118532455315,0.4918171417201413,0.3530022985610378,0.257981265532403,0.216371242506577,0.198524480214621
0.1746862958205711,0.2903909312427163,0.5618369202788723,0.763965722963445,0.2970324748040314,0.4285566155122356,0.819002822201317,0.5012684673929264,0.3581976762492522,0.2622825463582489,0.221805321947643,0.2063898542771782
0.1734018377630669,0.2907087615213475,0.5630494089117914,0.7645080811367828,0.2956326987681971,0.4294898382413936,0.8218250235183443,0.5017161617669005,0.357316036399131,0.2617409035875868,0.2217190667184198,0.2055362477897689
0.1603596482561012,0.2794787583430448,0.5650197029402849,0.7773077340275518,0.2883538633818589,0.4253421816673579,0.8072436500470367,0.4913694473461672,0.3505463018357001,0.2555279423946983,0.2140854789321603,0.1954758856167307
0.1478114810789447,0.2662358300667443,0.5651712640193999,0.7910836316303287,0.2822881672265771,0.4190170053919536,0.8015992474129822,0.4850022384718699,0.3466733839226676,0.2508443254954438,0.2076163367404149,0.188403146149625
0.1543325758324276,0.2667655471977963,0.5605486511063958,0.7871786527822974,0.2882605449794699,0.4160099543757777,0.8136406396989652,0.4890314878376361,0.3485626121729274,0.2526604218441343,0.2099021003148315,0.190293274800317
0.16401541349669,0.2647526220997986,0.5517581085177327,0.7829482590302637,0.2982456140350877,0.409062629614268,0.8326434619002822,0.4966422921951947,0.3525614786359772,0.2563244758809661,0.2146892655367231,0.1971830985915493
0.1608536705859104,0.2515096938234982,0.5446347377993331,0.7914090465343312,0.3011384845091452,0.3977602654500207,0.8340545625587958,0.4966422921951947,0.3505777889732044,0.2541897661377684,0.2122309915038599,0.1968782391317602
0.1454401738958601,0.2416569551859307,0.5494089117914519,0.8049680008677731,0.2908734602463605,0.3962048942347573,0.8231420507996238,0.4838581306272695,0.3420447747095312,0.2465430446695979,0.2029585543623582,0.1851716358758612
0.1339788558442841,0.241233181481089,0.5579721127614429,0.8113678273131576,0.2801418439716312,0.4018042306097055,0.8111947318908749,0.4720688454459533,0.3349916559085614,0.2401070541005543,0.1952387113468754,0.1768184866776416
0.1396107104041102,0.2589257336582264,0.566232191573204,0.7993274758650613,0.2777155655095185,0.4161136457901286,0.8070555032925681,0.4722180769039447,0.335432475833622,0.2409673102657235,0.1960150084098848,0.1798061093835741
0.1502815927279913,0.2809619663099904,0.5738102455289482,0.7821889575875909,0.2781821575214632,0.4320821236001659,0.8067732831608655,0.4738596229418494,0.3365345256462735,0.2433250493850761,0.198602665286583,0.1837692823608316
0.1488983302045252,0.2876364021612458,0.5796453470748711,0.7794771667209025,0.2738895110115715,0.4393405226047284,0.8009407337723424,0.4726657712779187,0.3360622185837086,0.2436436627795832,0.1999827489541553,0.1841351137125785
0.1339788558442841,0.2832927216866193,0.5879054258866323,0.7898904436489859,0.2617581187010078,0.4428660306926587,0.7828786453433677,0.463811371437099,0.332283762083189,0.2408717262473714,0.1956268598783801,0.1762697396500213
0.1278529789546487,0.2861531941943002,0.5947256744468021,0.7918429330730015,0.2546659201194475,0.4489838241393613,0.7718720602069614,0.4610257175545939,0.3305204823829465,0.2389600458803288,0.193384223918575,0.1718187915371014
0.1406975595296907,0.2987604619133382,0.5939678690512277,0.7782839787395596,0.2611982082866741,0.4545831605143094,0.7757290686735653,0.4680893398995175,0.3348657073585441,0.2422736251832027,0.1975244749212921,0.1777940369489665
0.1580871455389783,0.3059646148956457,0.5857077902394665,0.7650504393101204,0.2745427398282941,0.4525093322272915,0.7908748824082784,0.4757498880764065,0.3389905223716112,0.246415599311795,0.2026135334454651,0.1862691299311017
0.1596680169943681,0.298972348765759,0.5794937859957563,0.7677622301768087,0.2790220231429638,0.4448361675653256,0.7953904045155221,0.4806745261901208,0.3412261091344186,0.2484228636971898,0.2055462112390564,0.1893177245289921
0.1492935480683727,0.2841402690963025,0.5768414671112458,0.7811042412409155,0.2758491974617394,0.4357113231024471,0.7807149576669803,0.4745062925931453,0.3375421140464121,0.2454597591282737,0.2019234916116789,0.183647338576916
0.146230609623555,0.2799025320478864,0.5762352227947863,0.7849007484542792,0.274729376633072,0.4332227291580257,0.7650047036688618,0.4668457444162562,0.3334172990333449,0.2411903396418785,0.1973950920774572,0.178586671544418
0.1555182294239699,0.2914503655048204,0.577220369809033,0.7738366417181907,0.278555431131019,0.4395479054334301,0.7711194731890874,0.4703278117693876,0.3360307314462042,0.2439941375135411,0.200845301246388,0.1823059569538443
0.1649046536903468,0.3005615001589151,0.576689906032131,0.7640741945981127,0.2833146696528555,0.4435918705931149,0.7902163687676387,0.4803760632741382,0.3419188261595138,0.2497291786146689,0.20748695389658,0.1904761904761905
0.1649046536903468,0.2961118762580781,0.5735071233707184,0.7663520989261309,0.2851810377006346,0.4393405226047284,0.7986829727187205,0.4865940406904442,0.3458862054850594,0.2536481233671063,0.2108077802216759,0.1930979818303762
0.1498863748641438,0.2751350778684182,0.5699454380115186,0.7853346349929493,0.2803284807764091,0.4265864786395686,0.794543744120414,0.4807242700094514,0.3432727730722,0.2504301280825846,0.2056755940828912,0.185537467227608
0.1459341962256694,0.2609386587562241,0.5628220672931191,0.7947716672090249,0.2828480776409108,0.414765657403567,0.7905926622765757,0.4783365666815898,0.3419188261595138,0.2482635569999362,0.2036485961961444,0.1818181818181818
0.154727793696275,0.2649645089522195,0.559033040315247,0.7878294825903027,0.2892870474057484,0.4141435089174616,0.8010348071495766,0.4847037755558872,0.3444692842973645,0.2510354935321481,0.2072713158235218,0.1874885677702579
0.1664855251457366,0.2740756436063142,0.5565322825098514,0.7767653758542141,0.2963792459873087,0.4169431771049357,0.8154280338664158,0.4914191911654977,0.3486885607229447,0.2555279423946983,0.2136973304006555,0.1973660142674227
0.1637190000988044,0.2676130946074795,0.553879963625341,0.7816465994142532,0.2967525195968645,0.411862297801742,0.81862652869238,0.4924638113714371,0.3483107150728927,0.2548269929267827,0.2136973304006555,0.1977318456191695
0.1495899614662582,0.250662146413815,0.552667474992422,0.7980258162490509,0.2908734602463605,0.4027374533388635,0.8111947318908749,0.4851017261105308,0.3439025158222866,0.2499522079908239,0.2067106568335705,0.1892567526370343
0.1421796265191186,0.2397499735141434,0.5505456198848135,0.8076797917344614,0.2886338185890257,0.3959975114060556,0.8029162746942615,0.4801770879968164,0.3407223149343493,0.2455872044860766,0.2005865355587182,0.1807206877629413
0.1472186542831736,0.2450471448246635,0.5504698393452562,0.8021477383664172,0.2910600970511385,0.398486105350477,0.8138287864534337,0.4845048002785654,0.3425170817720961,0.2475626075320206,0.2029154267477466,0.1842570574964941
0.1542337713664657,0.2537345057739167,0.551303425280388,0.7939038941316846,0.293859649122807,0.4033596018249689,0.8326434619002822,0.4914191911654977,0.3454453855599987,0.2511310775505002,0.2071850605942985,0.1906591061520639
0.1490959391364489,0.2516156372497086,0.5536526220066688,0.7978088729797158,0.29003359462486,0.4039817503110742,0.8354656632173094,0.4889817440183057,0.3430523631096697,0.2498566239724718,0.2059774873851727,0.1887080056094141
0.1357573362315976,0.238584595825829,0.5546377690209154,0.8118017138518276,0.2830347144456887,0.3981750311074243,0.8222013170272812,0.4786350295975725,0.3364715513712649,0.2433569107245268,0.1980851339112433,0.1790134747881226
0.1293350459440767,0.2354062930395168,0.5572900879054259,0.8170083523158694,0.2783687943262412,0.398486105350477,0.813170272812794,0.4708749937820226,0.3313706350955635,0.2386414324858217,0.1928235649286238,0.1720626791049326
0.13694298982314,0.2496027121517109,0.5616095786602001,0.8055103590411108,0.2793952967525196,0.4083367897138117,0.8105362182502351,0.4716211510719793,0.3330709405207973,0.2412222009813292,0.1958424979514383,0.177306261813304
0.1455389783618219,0.2676130946074795,0.5678993634434677,0.7916259898036664,0.2794886151549086,0.4215055993363749,0.8119473189087487,0.4759488633537283,0.3365345256462735,0.2454916204677245,0.2015784706947858,0.1855984391195659
0.1423772354510424,0.2747113041635766,0.575325856320097,0.7896735003796508,0.2735162374020157,0.4301119867274989,0.8027281279397931,0.4731134656518928,0.3357473472086653,0.244886255018161,0.2007159184025531,0.1846838607401987
0.1284458057504199,0.268248755164742,0.5814640800242498,0.8006291354810716,0.2630645763344532,0.431045209456657,0.7920978363123236,0.465701636571656,0.3317799678831197,0.2409354489262728,0.1951093285030405,0.1769404304615572
0.1263709119652208,0.2694141328530564,0.5838890572900879,0.8011714936544094,0.2606382978723404,0.4333264205723766,0.7811853245531515,0.4619211063025419,0.32989073963286,0.2391830752564838,0.1928666925432354,0.1725504542405951
0.1353621183677502,0.2827630045555673,0.586465595635041,0.7894565571103156,0.263251213139231,0.4416217337204479,0.7847601128880527,0.4658508680296473,0.3331339147958059,0.2424647932199069,0.1975676025359037,0.1791963904639961
0.1451437604979745,0.2927216866193452,0.5861624734768112,0.7789348085475648,0.2681037700634565,0.4462878473662381,0.7866415804327375,0.4693329353827787,0.3372587298088731,0.24663862868795,0.203691723810756,0.188098286689836
0.1464282185554787,0.2929335734717661,0.5852531070021219,0.778175507104892,0.2692235908921239,0.4457693902944836,0.7796801505174036,0.4691339601054569,0.3376050883214207,0.246861658064105,0.2041229999568724,0.1888909212852875
0.1377334255508349,0.2880601758660874,0.5885116702030919,0.7853346349929493,0.2631578947368421,0.4456656988801327,0.7672624647224835,0.4640103467144207,0.3341100160584401,0.2431657426878226,0.199077069047311,0.182366928845802
0.1365477719592925,0.2828689479817777,0.5857077902394665,0.7886972556676429,0.2643710339678985,0.4411032766486935,0.7614299153339605,0.4629159826891509,0.3319059164331371,0.2414770916969349,0.1960581360244965,0.1790134747881226
0.1545301847643513,0.2875304587350354,0.5752500757805395,0.7764399609502115,0.2792086599477417,0.4363334715885524,0.7726246472248353,0.4720688454459533,0.3362826285462389,0.2453004524310202,0.2021822572993488,0.1858423266873971
0.1686592233968975,0.2931454603241868,0.5685056077599273,0.7658097407527932,0.29003359462486,0.4343633347158855,0.7856067732831609,0.4793314430681988,0.3414465190969489,0.2497610399541196,0.2086945271057058,0.1935857569660386
0.1676711787372789,0.2872126284564042,0.5648681418611701,0.7693893046968219,0.2918066442702501,0.4290750725839901,0.7834430856067732,0.4816196587573993,0.3421707232595485,0.2517364430000637,0.2092983137102687,0.19632949210414
0.1546289892303132,0.2715330013772645,0.5637314337678084,0.7845753335502766,0.2863941769316909,0.4205723766072169,0.7748824082784571,0.475799631895737,0.3379829339714726,0.2473714394953164,0.2035192133523095,0.1891957807450765
0.1492935480683727,0.264858565526009,0.562973628372234,0.7908666883609936,0.284341172079134,0.4168394856905848,0.7726246472248353,0.4722180769039447,0.3360307314462042,0.2449181163576116,0.2009315564756113,0.183647338576916
0.1571979053453216,0.27036762368895,0.5609275538041831,0.7837075604729363,0.2892870474057484,0.4180837826627955,0.7859830667920977,0.4781873352235984,0.3404704178343147,0.2484865863760912,0.2052874455513865,0.1889518931772452
0.1655962849520798,0.2741815870325246,0.5572143073658685,0.7771992623928842,0.2956326987681971,0.4173579427623393,0.8071495766698025,0.4895786698502711,0.3467993324726849,0.254126043458867,0.2126191400353646,0.1977318456191695
0.163323782234957,0.2662358300667443,0.5532737193088815,0.7825143724915935,0.2969391564016424,0.4108253836582331,0.8113828786453434,0.4928120181067502,0.349097893510501,0.2558784171286561,0.2150342864536162,0.2001707212974818
0.1516648552514573,0.2444114842674011,0.5466050318278266,0.800086777307734,0.2955393803658082,0.395582745748652,0.8033866415804327,0.48724071034174,0.3451305141849555,0.251481552284458,0.2085651442618709,0.1921834034510091
0.1472186542831736,0.2321220468269944,0.5411488329796909,0.8087645080811368,0.2967525195968645,0.3858357527996682,0.798871119473189,0.4827140227826693,0.3417928776094965,0.2481998343210348,0.2034760857376978,0.1868788488506798
0.1594704080624444,0.239644030087933,0.5372082449227039,0.798242759518386,0.3049645390070922,0.3868726669431771,0.8091251175917215,0.489230463114958,0.3451934884599641,0.2508443254954438,0.2077457195842498,0.1916346564233888
0.1703388993182492,0.2482254476109757,0.5350863898150955,0.7878294825903027,0.3114968271743188,0.3895686437163003,0.8214487300094073,0.4961945978212207,0.3506092761107088,0.2547951315873319,0.2141717341613835,0.1985854521065788
0.1599644303922537,0.2338171416463608,0.5326614125492574,0.8009545503850743,0.3080440462859276,0.3808585649108253,0.8253057384760112,0.4958463910859075,0.3495072262980572,0.2539030140827121,0.212576012420753,0.1979757331870008
0.1465270230214405,0.2162305328954338,0.5303879963625341,0.817333767219872,0.3030981709593132,0.370696806304438,0.8141110065851364,0.4864448092324528,0.3432097987971914,0.2486458930733448,0.2054599560098331,0.1902323029083592
0.1409939729275763,0.2141116643712257,0.5331918763261595,0.8214556893372383,0.2987122060470325,0.371630029033596,0.8074317968015051,0.4809729891061036,0.3390849837841242,0.2444720576053017,0.20037089748566,0.1848058045241143
0.1473174587491354,0.2257654412543701,0.5366777811458018,0.8120186571211628,0.299552071668533,0.3796142679386147,0.8203198494825964,0.4835596677112869,0.3406593406593406,0.2457146498438794,0.2026997886746884,0.1866959331748064
0.1536409445706946,0.238584595825829,0.5409214913610185,0.8020392667317496,0.2999253452780889,0.388842803815844,0.8297271872060207,0.4856986519424962,0.3426115431846091,0.248072388963232,0.2061068702290076,0.1916346564233888
0.1463294140895168,0.2378429918423561,0.5459987875113671,0.806378132118451,0.2933930571108623,0.3919535462463708,0.8185324553151458,0.4779883599462766,0.3385497024465506,0.2460332632383865,0.2029585543623582,0.1879763429059203
0.1287422191483055,0.2289437440406822,0.5531979387693241,0.820587916259898,0.280608435983576,0.3925756947324761,0.7985888993414864,0.4655026612943342,0.3321893006706761,0.2401389154400051,0.1951093285030405,0.1792573623559539
0.1257780851694496,0.2278843097785782,0.5546377690209154,0.8227573489532487,0.2783687943262412,0.3929904603898797,0.788428974600188,0.460379047903298,0.3289461255077301,0.2368253361371312,0.1912278431879933,0.1750503018108652
0.1360537496294832,0.2400678037927746,0.5554713549560473,0.8109339407744874,0.2826614408361329,0.3995230194939859,0.7955785512699904,0.4653534298363428,0.33200037784565,0.2401389154400051,0.1953680941907103,0.1803548564111944
0.1455389783618219,0.2539463926263375,0.5581236738405577,0.7985681744223885,0.2855543113101904,0.4081294068851099,0.7995296331138287,0.4720688454459533,0.3362826285462389,0.2444083349264003,0.201319705007116,0.186817876958722
0.1408951684616144,0.252251297806971,0.5604728705668385,0.8020392667317496,0.2819148936170213,0.4088552467855662,0.7921919096895578,0.4692334477441178,0.3346452973960138,0.243006435990569,0.2001121317979902,0.1847448326321565
0.1294338504100385,0.2433520500052971,0.5628978478326766,0.8127779585638355,0.2750093318402389,0.4062629614267938,0.776387582314205,0.4599810973486544,0.3286942284076955,0.2367934747976805,0.1929098201578471,0.1761477958661057
0.1285446102163817,0.2479076173323445,0.566914216429221,0.8110424124091551,0.2721164613661814,0.4111364579012858,0.7671683913452493,0.455603641247575,0.3259548474448188,0.2342764289810743,0.1885970586966835,0.1707822693738186
0.1427724533148898,0.2753469647208391,0.5756289784783268,0.7891311422063131,0.2735162374020157,0.4305267523849025,0.7757290686735653,0.4606277669999503,0.3296388425328254,0.2384821257885681,0.1942467762108078,0.1776720931650509
0.1527517043770378,0.2972772539463926,0.5836617156714156,0.7724265104675128,0.2732362821948488,0.4468063044379926,0.7851364063969896,0.4681390837188479,0.335621398658648,0.2445357802842031,0.2032604476646397,0.1877324553380891
0.1478114810789447,0.2962178196842885,0.5866929372537133,0.7756806595075387,0.269036954087346,0.4483616756532559,0.7847601128880527,0.4712729443366661,0.3388645738215939,0.2470528261008092,0.2053305731659982,0.1894396683129077
0.1357573362315976,0.2829748914079881,0.586465595635041,0.7891311422063131,0.2635311683463979,0.4417254251347988,0.7783631232361241,0.4679898522608566,0.3367549356088038,0.2447588096603581,0.2009315564756113,0.1835253947930004
0.138326252346606,0.2829748914079881,0.58441952106699,0.7876125393209676,0.2659574468085106,0.4403774367482372,0.7787394167450612,0.4691339601054569,0.3376050883214207,0.2448225323392595,0.2002415146418251,0.1830376196573379
0.1508744195237624,0.2894374404068227,0.5794937859957563,0.7774162056622194,0.27491601343785,0.4401700539195355,0.7898400752587018,0.475252449883102,0.3412261091344186,0.2481998343210348,0.2052011903221633,0.1904761904761905
0.1638178045647663,0.2983366882084966,0.5759321006365565,0.7658097407527932,0.2832213512504666,0.4420364993778515,0.8005644402634055,0.4812714520220862,0.3452879498724771,0.2519594723762187,0.2103765040755596,0.1965124077800134
0.1602608437901393,0.2998198961754423,0.5795695665353138,0.767002928734136,0.2793019783501306,0.4452509332227292,0.7996237064910631,0.4811719643834253,0.3456657955225291,0.2524692538074301,0.2108509078362876,0.196939211023718
0.1473174587491354,0.2919800826358724,0.5838890572900879,0.7780670354702245,0.2705300485255693,0.444421401907922,0.7865475070555032,0.4750534746057802,0.3421077489845398,0.2487096157522462,0.2051580627075516,0.1905981342601061
0.1475150676810591,0.2877423455874562,0.5808578357077903,0.7802364681635752,0.2724897349757372,0.4402737453338863,0.7802445907808089,0.472367308361936,0.3393683680216632,0.2460651245778372,0.2023116401431836,0.1863910737150173
0.160458452722063,0.2920860260620828,0.5738860260685056,0.7709079075821673,0.2828480776409108,0.4375777685607631,0.7948259642521166,0.480127344177486,0.3439654900972952,0.2508761868348945,0.2080044852719196,0.1925492348027559
0.1634225867009189,0.291874139209662,0.5715368293422249,0.7692808330621542,0.2857409481149683,0.4359187059311489,0.8121354656632173,0.4885340496443317,0.3496331748480746,0.2564837825782196,0.2150774140682279,0.2007804402170599
0.1570991008793597,0.2747113041635766,0.5640345559260382,0.7815381277795856,0.2874206793579694,0.4223351306511821,0.8105362182502351,0.4871909665224096,0.3477754337353191,0.2545083795322755,0.2132660542545392,0.1991341991341991
0.1468234364193261,0.2523572412331814,0.5560018187329494,0.7986766460570561,0.2874206793579694,0.4059518871837412,0.7998118532455315,0.4791822116102074,0.3411316477219056,0.2485184477155419,0.2055462112390564,0.1903542466922748
0.1427724533148898,0.2410212946286682,0.5510003031221582,0.8067035470224536,0.2886338185890257,0.3969307341352135,0.7953904045155221,0.4757001442570761,0.337636575458925,0.2444083349264003,0.2009315564756113,0.1846228888482409
0.1550242070941606,0.2486492213158173,0.5470597150651713,0.7960733268250353,0.2968458379992534,0.3979676482787225,0.8086547507055503,0.4810724767447644,0.3397462136717151,0.2471484101191614,0.20511493509294,0.1907200780440217
0.1621381286434147,0.2574425256912808,0.5478175204607457,0.7876125393209676,0.2997387084733109,0.4027374533388635,0.819379115710254,0.4861463463164702,0.343650618722252,0.250716880137641,0.2107215249924527,0.1988293396744101
0.1559134472878174,0.245682805381926,0.544255835101546,0.7971580431717106,0.2989921612541993,0.3945458316051431,0.8161806208842897,0.4838083868079391,0.3420447747095312,0.2488051997705983,0.2080044852719196,0.1955368575086885
0.1437604979745084,0.2244941201398453,0.5384207335556229,0.8146219763531836,0.2968458379992534,0.38023641642472,0.8038570084666039,0.4750534746057802,0.3358103214836739,0.2426240999171605,0.2004571527148833,0.1853545515517346
0.1416856041893093,0.2202563830914291,0.5369809033040316,0.8179845970278772,0.2967525195968645,0.3771256739941933,0.7914393226716839,0.4689847286474656,0.3329764791082843,0.239597272669343,0.1963169017121663,0.1810865191146881
0.1516648552514573,0.2329695942366776,0.5384207335556229,0.805944245579781,0.3005785740948115,0.3843840729987557,0.7962370649106302,0.4750534746057802,0.3368808841588211,0.2430382973300197,0.2010609393194462,0.1879763429059203
0.1564074696176267,0.2452590316770843,0.543573810245529,0.7970495715370431,0.299645390070922,0.3939236831190378,0.8033866415804327,0.479580162164851,0.340974212034384,0.2475944688714713,0.2069262949066287,0.1956588012926041
0.1485031123406778,0.2463184659391884,0.5503940588056987,0.8008460787504068,0.2917133258678612,0.3991082538365823,0.7993414863593602,0.4768939959210068,0.3395572908466892,0.2472758554769642,0.2057618493121145,0.1917566002073044
0.1348680960379409,0.239644030087933,0.5560775992725069,0.8118017138518276,0.2818215752146323,0.3997304023226877,0.7854186265286924,0.4673929264288912,0.33505463018357,0.2425922385777098,0.1987320481304179,0.1830985915492957
0.1285446102163817,0.2427163894480347,0.5632009699909064,0.8136457316411758,0.2744494214259051,0.406159270012443,0.7757290686735653,0.463811371437099,0.3325986334582323,0.2401070541005543,0.1963169017121663,0.1795012499237851
0.1431676711787372,0.2686725288695836,0.5705516823279783,0.792385291246339,0.276782381485629,0.4237868104520946,0.7846660395108184,0.4687360095508133,0.3355584243836393,0.244440196265851,0.2020960020701255,0.1871837083104688
0.1537397490366564,0.2906028180951371,0.578053955744165,0.7752467729688687,0.2771556550951848,0.439651596847781,0.7919096895578551,0.4748544993284584,0.3396832393967064,0.2491556745045562,0.2079613576573079,0.1955978294006463
0.1461318051575931,0.2910265917999787,0.5841921794483177,0.7792602234515674,0.2697835013064577,0.4441103276648694,0.7888993414863592,0.4741083420385017,0.3401555464592714,0.2486458930733448,0.2078319748134731,0.1943174196695323
0.140499950597767,0.2787371543595719,0.5797969081539861,0.7885887840329754,0.2697835013064577,0.4350891746163418,0.7778927563499529,0.4687857533701438,0.3367864227463081,0.2447269483209074,0.2029585543623582,0.1870617645265532
0.1429700622468135,0.2769361161139951,0.5766141254925735,0.7882633691289728,0.2729563269876819,0.431978432185815,0.7722483537158983,0.4675421578868825,0.3362196542712302,0.2437392467979354,0.2004571527148833,0.1847448326321565
0.1552218160260843,0.2928276300455556,0.5785086389815096,0.7732942835448531,0.2775289287047406,0.4411032766486935,0.7832549388523048,0.4758493757150674,0.3419188261595138,0.2491238131651054,0.2065812739897356,0.19187854399122
0.1553206204920462,0.3003496133064943,0.5838890572900879,0.7694977763314893,0.2742627846211273,0.4484653670676068,0.8001881467544684,0.4837586429886086,0.3471456909852325,0.2538074300643599,0.2129641609522577,0.1995000304859459
0.148305503408754,0.2953702722746053,0.585632009699909,0.7757891311422064,0.2699701381112355,0.4472210700953961,0.8011288805268107,0.4837586429886086,0.3474920494977802,0.2543172114955713,0.2124897571915297,0.1991951710261569
0.1370417942891018,0.2833986651128297,0.5857077902394665,0.7881548974943052,0.2645576707726764,0.4414143508917462,0.7936030103480716,0.4797791374421729,0.3435876444472433,0.2508443254954438,0.2064087635312891,0.191573684531431
0.1397095148700721,0.2789490412119927,0.5804789330100031,0.7890226705716455,0.269036954087346,0.4356076316880962,0.795766698024459,0.4797293936228424,0.3435246701722347,0.2501433760275282,0.2050718074783284,0.1893177245289921
0.154036162434542,0.2933573471766076,0.5797969081539861,0.7737281700835232,0.2762224710712953,0.4422438822065532,0.8097836312323612,0.4872904541610705,0.3496331748480746,0.255559803734149,0.2121878638892483,0.1978537894030852
0.1586799723347495,0.3067062188791185,0.585783570779024,0.7642911378674477,0.274729376633072,0.4528204064703442,0.8222013170272812,0.4923145799134457,0.3529708114235335,0.2596061938443892,0.2169750291111398,0.2036461191390769
0.1391166880743009,0.3079775399936433,0.6016974840860867,0.7743789998915284,0.255692422545726,0.4644338448776441,0.8220131702728127,0.4855494204845048,0.3504518404231871,0.2584591856241636,0.2134816923275974,0.1948661666971526
0.1032506669301452,0.3196313168767877,0.6375416792967566,0.7881548974943052,0.2166853303471445,0.4946080464537536,0.8110065851364063,0.4636621399791076,0.3410371863093926,0.2518001656789652,0.2020960020701255,0.1743186391073715
0.0893192372295227,0.3249284881873079,0.6520915428917854,0.7930361210543443,0.2011944755505786,0.5071547075902115,0.8227657572906867,0.4569964681888276,0.34021852073428,0.2533613713120499,0.1985164100573597,0.1635266142308395
0.1233079735204031,0.3304375463502489,0.629887844801455,0.77166720902484,0.230869727510265,0.4946080464537536,0.8739416745061147,0.5007710291996219,0.3770269844768413,0.2944624992034665,0.2380644326562298,0.1977928175111273
0.2056120936666337,0.3425150969382349,0.5754774173992119,0.7202516541924288,0.3032848077640911,0.4632932393197843,0.9253998118532456,0.5850370591454013,0.4608772316508707,0.3922768113171478,0.3373873291068271,0.2901652338272057
0.3121233079735204,0.3292721686619345,0.4842376477720521,0.6685106844560148,0.4096677864874953,0.3944421401907922,0.9282220131702728,0.6712430980450679,0.5699171888283636,0.5297266297075129,0.4734549532065381,0.4171696847753186
0.4489674933306986,0.32810679097362,0.3784480145498636,0.5939906714394186,0.5394736842105263,0.3214433844877644,0.8625587958607713,0.7564542605581257,0.7002739380962878,0.693493914484165,0.6313020226851254,0.567160538991525
0.6094259460527616,0.3751456722110392,0.2891027584116399,0.4819394728278555,0.6702127659574469,0.2833886354209872,0.7669802445907808,0.8317166592050937,0.8232941843257031,0.85066590199452,0.7886746884029845,0.7273336991646852
0.7681059183875112,0.4622311685559911,0.2296150348590482,0.3501464367068012,0.7818215752146324,0.2853587722936541,0.6555973659454375,0.8666865641943989,0.890172864384899,0.9448480214108202,0.9071031181265364,0.8713493079690264
0.902183578697757,0.5114948617438289,0.1620187935738102,0.2514372491593448,0.8867114594998133,0.2631688096225632,0.5019755409219191,0.849723921802716,0.9043420762618471,0.97218505065953,0.9712770086686504,0.9796353880860924
0.906629779666041,0.4446445598050639,0.1107911488329796,0.2832194381169324,0.9203994027622248,0.19535462463708,0.3991533396048918,0.7727702332985127,0.8467835889039329,0.9042885362900658,0.9185750636132316,0.960429242119383
0.7538780752890031,0.3020447081258607,0.125947256744468,0.4400694218461872,0.8389324374766703,0.1359394442140191,0.2998118532455314,0.5509625429040442,0.6241695267483234,0.6863888357866565,0.7192823564928624,0.7858057435522224
0.5267266080426836,0.2512978069710774,0.2638678387390118,0.5907365223993926,0.64678984695782,0.2055163832434674,0.1905926622765757,0.2657314828632542,0.3095815359425675,0.3727139488944115,0.427869064562039,0.518383025425279
0.3470012844580575,0.3064943320266977,0.4412700818429827,0.6611346132986224,0.4526875699888018,0.3538987971795935,0.1523047977422389,0.1001840521315226,0.0993104316886551,0.1299305422799974,0.1824729374218312,0.2807755624657033
0.2887066495405592,0.3114736730585866,0.4894665050015156,0.6905304262935242,0.3954833893243748,0.3892575694732477,0.2174035747883348,0.1320200965030095,0.0955634623256399,0.0958707704071879,0.1270970802604908,0.2107798304981403
0.2597569410137338,0.314440088992478,0.5137920581994544,0.7049571537043063,0.3668346397909668,0.4074035669846537,0.3735653809971778,0.2609560762075312,0.1921345130514185,0.164754986299624,0.1688877388191659,0.2224254618620816
0.2073905740539472,0.2975950842250238,0.5418308578357078,0.7422713960299382,0.3248413587159388,0.4183948569058482,0.5279397930385701,0.3674078495746903,0.2671368745867313,0.213407251640859,0.192435416397119,0.2113895494177184
0.1831834798932911,0.2757707384256806,0.5449378599575628,0.7667859854648009,0.3114035087719298,0.4097884695147241,0.6363123236124176,0.4334676416455255,0.3109669699927579,0.2367616134582297,0.1994652175788157,0.1976099018352539
0.1893093567829266,0.2717448882296853,0.5372840254622613,0.7654843258487906,0.3190556177678238,0.4025300705101617,0.7020696142991533,0.4678903646221957,0.3341415031959445,0.2491556745045562,0.2095139517833268,0.2039509785988659
0.1833810888252149,0.2812797965886216,0.5485753258563201,0.7638572513287775,0.3092571855169839,0.4149730402322688,0.7403574788334901,0.4784857981395811,0.3427689788721307,0.2517683043395144,0.213050416181481,0.2074263764404609
0.1673747653393933,0.2734399830490517,0.5553197938769324,0.7765484325848792,0.297592385218365,0.4158025715470759,0.7605832549388523,0.4786350295975725,0.3412890834094272,0.2471802714586121,0.2048561694052701,0.1971830985915493
0.1449461515660507,0.251191863544867,0.5566080630494089,0.8003037205770691,0.2862075401269131,0.4057445043550394,0.7714016933207902,0.4753021937024324,0.3371957555338644,0.2391830752564838,0.1916591193341096,0.1797451374916163
0.1351645094358265,0.2449412013984531,0.5596392846317066,0.8088729797158043,0.2797685703620754,0.4047075902115305,0.7877704609595484,0.4770929711983286,0.3368808841588211,0.2354871598802013,0.1847155733816362,0.1695018596427047
0.1394131014721865,0.2534166754952855,0.562443164595332,0.8022562100010847,0.2800485255692422,0.4108253836582331,0.8148635936030103,0.4884843058250013,0.3421077489845398,0.2382590964124132,0.1869582093414413,0.1713919882933967
0.1360537496294832,0.2565949782815976,0.5672931191270082,0.8023646816357523,0.2754759238521836,0.415698880132725,0.8373471307619942,0.4974879371238123,0.3472086652602412,0.2415089530363856,0.190667184198042,0.1756600207304432
0.1250864539077166,0.239644030087933,0.5635040921491361,0.817116823950537,0.2725830533781261,0.4048112816258814,0.8438381937911571,0.4980848629557777,0.3469882552977109,0.2391830752564838,0.1880795273213438,0.1695018596427047
0.1135263313901788,0.2167602500264858,0.5560775992725069,0.8352315869400152,0.2717431877566256,0.3885317295727914,0.8428974600188146,0.4938068944933592,0.343178311659687,0.2334480341553559,0.1795833872428516,0.1581610877385525
0.1100681750815136,0.2081788325034431,0.5525916944528645,0.8414144701160646,0.2722097797685704,0.3819991704686852,0.8489181561618062,0.4955976719892553,0.3429579016971567,0.2318549671828203,0.1761331780739207,0.1540149990854216
0.1207390574053947,0.2130522301091216,0.5478933010003032,0.8331706258813321,0.2801418439716312,0.3811696391538781,0.8544684854186265,0.50166641794757,0.3462640511351113,0.234754349072835,0.1799715357743563,0.160538991524907
0.1328920067187037,0.2179256277148002,0.5420581994543802,0.8239505369345916,0.2894736842105263,0.3795105765242638,0.8588899341486358,0.5079341391832065,0.3499165590856136,0.2394061046326387,0.1855349980592573,0.1684043655874642
0.1301254816717715,0.2059540205530246,0.535692634131555,0.8316520229959866,0.2920865994774169,0.3692451265035255,0.8512699905926622,0.5052479729393623,0.3473346138102585,0.2374625629261454,0.1836373830163453,0.1657216023413206
0.1232091690544412,0.186884203835152,0.527280994240679,0.8452109773294284,0.2940462859275849,0.3542098714226462,0.8372530573847601,0.4977864000397951,0.3429579016971567,0.232109857898426,0.1767800922930952,0.1588927504420462
0.1224187333267463,0.1887911855069392,0.5292512882691724,0.8445601475214232,0.2923665546845838,0.3564910825383658,0.8376293508936971,0.4956971596279162,0.3421077489845398,0.2298795641368763,0.1741061801871739,0.1557222120602402
0.1271613476929157,0.2072253416675495,0.5388754167929676,0.8325197960733268,0.2887271369914147,0.3721484861053505,0.8508936970837253,0.5010694921156047,0.3456972826600334,0.2327152233479895,0.178462069262949,0.1603560758490336
0.1266673253631064,0.2151710986333297,0.5448620794180055,0.8287232888599632,0.2848077640910788,0.3801327250103691,0.8593603010348072,0.5044520718300751,0.348720047860449,0.23497737844899,0.1816966403588218,0.1655386866654472
0.1166880743009584,0.2029876046191333,0.5438769324037588,0.8404382254040568,0.2807017543859649,0.3734964744919121,0.8562558795860772,0.5007710291996219,0.3447211813973992,0.2311858790543554,0.1761763056885323,0.1595634412535821
0.102657840134374,0.1847653353109439,0.541527735677478,0.8574682720468598,0.2755692422545726,0.3629199502281211,0.841486359360301,0.4893299507536189,0.3365345256462735,0.2229019307971707,0.1647474878164489,0.1447472715078349
0.0990020748937852,0.182434579934315,0.5426644437708397,0.8607224210868857,0.2730496453900709,0.3626088759850684,0.8366886171213546,0.4842063373625827,0.3325356591832237,0.2183457592557191,0.1594859188338293,0.1378574477166026
0.108388499160162,0.1940883568174594,0.5438011518642013,0.8495498427161298,0.2768756998880179,0.3690377436748237,0.8487300094073377,0.4900263642242451,0.3353065272836046,0.2216911998980437,0.1639280631388278,0.1424303396134382
0.1131311135263313,0.2038351520288165,0.5471354956047287,0.8419568282894023,0.2770623366927958,0.3760887598506843,0.8600188146754468,0.4965428045565338,0.3393053937466545,0.2252596699165233,0.168283952214603,0.1479787817815986
0.1024602312024503,0.1938764699650386,0.5481964231585329,0.8530209350254908,0.2712765957446809,0.3719411032766487,0.8573847601128881,0.4951997214346118,0.3389275480966026,0.223093098833875,0.1655237848794583,0.1436497774525943
0.0938642426637683,0.1767136349189532,0.5425128826917247,0.8664714177242652,0.2708100037327361,0.3597055163832434,0.843085606773283,0.4889320001989753,0.3346138102585094,0.2178359778245077,0.1582352180100918,0.1338333028473873
0.0938642426637683,0.1720521241656954,0.5391785389511974,0.8688577936869508,0.2727696901829041,0.3551430941518042,0.8400752587017873,0.4888822563796448,0.3336062218583709,0.2166571082648314,0.1555613059041704,0.1303579050057923
0.1049303428514969,0.1864604301303103,0.5409972719005759,0.8554073109881767,0.2768756998880179,0.3634384072998756,0.8549388523047977,0.4981346067751082,0.3389275480966026,0.2207672210539731,0.1606934920429551,0.1381013352844338
0.1149095939136449,0.2007627926687148,0.543573810245529,0.8426076580974076,0.2800485255692422,0.3721484861053505,0.8679209783631232,0.5070884942545889,0.3441544129223212,0.2256101446504811,0.1667313580885841,0.147551978537894
0.1098705661495899,0.1947240173747218,0.5431191270081843,0.8484651263694543,0.2779955207166854,0.368830360846122,0.8679209783631232,0.508879271750485,0.3441859000598256,0.2249091951825654,0.1651356363479535,0.1463325406987379
0.1047327339195731,0.1835999576226294,0.5391027584116399,0.8570343855081897,0.2779955207166854,0.3606387391124015,0.8663217309501411,0.5064915684226236,0.3422651846720615,0.2217230612374944,0.1604347263552853,0.1394427169075056
0.1081908902282383,0.1861425998516792,0.5381933919369506,0.8537802364681636,0.2802351623740202,0.3613645790128578,0.8712135465663217,0.5102223548724072,0.3443748228848515,0.2217867839163958,0.1593134083753827,0.1388329979879275
0.1167868787669202,0.2002330755376628,0.5417550772961504,0.8418483566547348,0.2820082120194103,0.370696806304438,0.8888993414863594,0.5207680445704621,0.3500739947731352,0.226056203402791,0.1644024668995558,0.1442594963721724
0.1223199288607845,0.2056361902743934,0.5414519551379207,0.8360993600173554,0.2849010824934677,0.3730817088345085,0.9055503292568202,0.5304183455205691,0.3546396297112629,0.2290830306506085,0.1690602492776124,0.1509664044875312
0.1166880743009584,0.1964191121940883,0.5391027584116399,0.8438008460787504,0.2835946248600224,0.3669639153878059,0.9126999059266228,0.5317116848231608,0.3550489624988193,0.2278722997514815,0.1678958036830983,0.1509054325955734
0.1030530579982215,0.1840237313274711,0.5407699302819037,0.8576852153161948,0.2761291526689063,0.362090418913314,0.9140169332079022,0.5277321792767249,0.3530652728360465,0.2240170776779456,0.1618148100228576,0.1417596488019023
0.1053255607153443,0.1848712787371543,0.5395574416489846,0.8559496691615144,0.2779955207166854,0.3616756532559104,0.9111006585136404,0.5298711635079342,0.3536950155861331,0.2233479895494806,0.1601328330530038,0.1398085482592524
0.1124394822645983,0.1910159974573577,0.5384965140951803,0.8490074845427922,0.2820082120194103,0.36395686437163,0.925964252116651,0.5423568621598767,0.3593941874744167,0.2279041610909322,0.1660413162547979,0.1490762758368392
0.1186641636201956,0.1918635448670409,0.5343285844195211,0.8451025056947608,0.2875139977603584,0.3614682704272086,0.939604891815616,0.5552902551857931,0.3657860763877956,0.2323010259351303,0.1710441195497477,0.1559660996280714
0.1158976385732635,0.1794681640004237,0.5275841163989088,0.8529124633908234,0.2904068682344158,0.3507880547490668,0.9406396989651928,0.5585733472616027,0.3670770490254731,0.2316000764672146,0.1690602492776124,0.1536491677336748
0.1120442644007509,0.1616696683970759,0.5178084267959988,0.864193513396247,0.2946061963419186,0.3353380340107839,0.939604891815616,0.5581753967069591,0.3652193079127177,0.2279997451092844,0.1644024668995558,0.1466374001585269
0.115502420709416,0.1481089098421442,0.5055319793876932,0.8691832085909534,0.3037513997760358,0.3203027789299046,0.9444026340545624,0.5629508033626822,0.3666047419629081,0.2275536863569744,0.1630655108465951,0.1460276812389488
0.1320027665250469,0.1569022142176077,0.4990906335253107,0.8557327258921792,0.3155095184770437,0.3201990875155537,0.9591721542803386,0.5740436750733722,0.3727132466387481,0.2330019754030459,0.1703972053305732,0.1576123407109322
0.1435628890425847,0.1660133488717025,0.4966656562594725,0.8446686191560907,0.3224150802538261,0.3229987557030278,0.9732831608654752,0.5847883400487489,0.3790736484146226,0.2386414324858217,0.1775995169707163,0.169075056399
0.144056911372394,0.1589151393156054,0.4913610184904516,0.8480312398307843,0.3259611795446062,0.3159477395271672,0.9686735653809972,0.5884693826792021,0.3806165181523348,0.2378767603390046,0.1769957303661534,0.1691970001829157
0.1393142970062247,0.1484267401207754,0.4873446498939073,0.8559496691615144,0.3262411347517731,0.3080671920364994,0.9576669802445908,0.5877729692085759,0.3799867754022482,0.2357739119352577,0.174321818260232,0.1652338272056582
0.1461318051575931,0.1494861743828795,0.4829493785995756,0.8517192754094804,0.332120194102277,0.305578598092078,0.9595484477892756,0.5927970949609511,0.3830725148776725,0.237398840247244,0.1761331780739207,0.1666971526126456
0.1603596482561012,0.1636825934950736,0.4821915732040012,0.8366417181906931,0.3393057110862262,0.3120074657818332,0.9680150517403576,0.6039894543103019,0.3904719921911899,0.2437392467979354,0.1849312114546944,0.1778550088409243
0.173303033297105,0.1733234452802203,0.479236132161261,0.8246013667425968,0.347237775289287,0.3147034425549564,0.970555032925682,0.612197184499826,0.3975880852671684,0.2510354935321481,0.1936861172208565,0.1903542466922748
0.1736982511609524,0.1597626867252886,0.4691573204001213,0.831326608091984,0.3535834266517357,0.3012235586893405,0.9549388523047976,0.6082674227727205,0.3977770080921944,0.2525011151468808,0.1963600293267779,0.1924882629107981
0.1691532457267068,0.1435533425150969,0.4609730221279176,0.8421737715587374,0.3564762971257932,0.2876399834093737,0.9291627469426152,0.5994130229319007,0.3943449101042225,0.2520550563945708,0.1963169017121663,0.1910249375038107
0.1760695583440371,0.1520288166119292,0.4618066080630494,0.8340383989586723,0.3592758491974617,0.2923060970551638,0.9132643461900282,0.5949360791921604,0.3951320885418307,0.2571210093672338,0.2027860439039117,0.1968172672398024
0.1941507756150578,0.1761839177879012,0.4652167323431343,0.8116932422171602,0.3657148189622994,0.306511820821236,0.9126058325493884,0.5984678903646222,0.4009257218426273,0.2675715287070668,0.2162849872773537,0.2132796780684104
0.2038336132793202,0.1900625066214641,0.4677174901485298,0.7993274758650613,0.3687943262411348,0.3150145167980091,0.9099717779868298,0.5971745510620305,0.4046412040681382,0.2760147836615051,0.2274119118471557,0.224803365648436
0.1963244738662187,0.187943638097256,0.4719612003637466,0.8044256426944354,0.362635311683464,0.3168809622563251,0.8893697083725306,0.584340645674775,0.4008312604301143,0.2764608424138151,0.2292232716608444,0.2251691970001829
0.1866416362019563,0.1926051488505138,0.4827978175204607,0.8074628484651264,0.3513437849944009,0.3265242637909581,0.8638758231420508,0.5679749291150574,0.3940930130041878,0.274708468744026,0.2268512528572044,0.2203524175355161
0.1871356585317656,0.2133700603877529,0.4971961200363747,0.7965072133637053,0.3427584919746174,0.3466403981750311,0.8580432737535277,0.5587225787195942,0.3907553764287289,0.2763652583954629,0.2297839306507957,0.2196817267239802
0.1956328426044857,0.2414450683335098,0.5107608366171567,0.7775246772968869,0.3383725270623367,0.3696598921609291,0.8603010348071496,0.5568820574043676,0.3922352718914323,0.2823233288727458,0.2372450079786087,0.2279129321382842
0.1978065408556467,0.2612564890348553,0.5232646256441346,0.7661351556567958,0.3316536020903322,0.387909581086686,0.8603951081843837,0.5523056260259663,0.3914166063163198,0.2846810679920984,0.2410402380644326,0.2326077678190354
0.1863452228040707,0.2619980930183281,0.5325856320096999,0.7719926239288426,0.320548712206047,0.394649523019494,0.8400752587017873,0.5377804307814754,0.3847728203029063,0.2814630727075766,0.2376331565101134,0.2260228034875922
0.1707341171820966,0.258819790232016,0.5422855410730525,0.7821889575875909,0.307204180664427,0.3996267109083368,0.8170272812793979,0.5208177883897926,0.3752637047765988,0.2748996367807303,0.2300426963384655,0.2151698067191025
0.1651022626222705,0.2623159232969593,0.5491057896332222,0.7835990888382688,0.3002986188876447,0.4060555785980921,0.8061147695202258,0.5127095458389296,0.3712963254510533,0.2730198177531384,0.2279294432224953,0.211511493201634
0.1728090109672957,0.2754529081470494,0.5525916944528645,0.7725349821021803,0.3018850317282568,0.4148693488179179,0.8134524929444967,0.5162911008307217,0.3746024748890079,0.2776715733129421,0.2341829473411825,0.2196207548320224
0.1778480387313506,0.2804322491789384,0.5522885722946348,0.7673283436381387,0.3044046285927585,0.4171505599336375,0.8255879586077141,0.5221608715117146,0.3781605214269971,0.281749824762633,0.2393582610945789,0.2251082251082251
0.1713269439778678,0.2712151710986332,0.5506971809639285,0.7755721878728713,0.3022583053378126,0.4115512235586894,0.8199435559736594,0.5183305974232701,0.3757674989766681,0.2789778882304212,0.2363824556863759,0.2198646423998536
0.1588775812666732,0.2658120563619027,0.5563049408911792,0.7852261633582818,0.2929264650989175,0.4126918291165491,0.8111947318908749,0.5116649256329902,0.3709814540760099,0.2744535780284203,0.2300426963384655,0.2118773245533809
0.158284754470902,0.2686725288695836,0.5588814792361322,0.784032975376939,0.2911534154535274,0.4159062629614268,0.8143932267168391,0.510321842511068,0.370886992663497,0.2736889058816033,0.2286626126708932,0.2101091396866044
0.1657938938840035,0.2766182858353639,0.5588056986965748,0.7757891311422064,0.2946995147443076,0.4197428452924098,0.8340545625587958,0.5193254738098791,0.3757360118391637,0.2786911361753648,0.2348298615603571,0.2162063288823852
0.1700424859203636,0.2820214005720944,0.5594119430130342,0.7706909643128322,0.2963792459873087,0.4227498963085856,0.8488240827845719,0.5265383276127942,0.3800497496772568,0.2829924170012107,0.2397895372406952,0.221327967806841
0.1608536705859104,0.2775717766712575,0.5632767505304638,0.7780670354702245,0.2895670026129153,0.4231646619659892,0.8479774223894637,0.5246978062975676,0.3793885197896659,0.281749824762633,0.2377625393539483,0.2186452045606975
0.1528505088429997,0.2711092276724229,0.5647923613216126,0.7857685215316196,0.2849010824934677,0.4210908336789714,0.8374412041392286,0.516987514301348,0.3747599105765295,0.2768750398266743,0.2314227800060379,0.2118163526614231
0.1537397490366564,0.2723805487869477,0.5650197029402849,0.7846838051849442,0.2851810377006346,0.4218166735794277,0.8373471307619942,0.5168880266626872,0.3730910922888001,0.2752819728541388,0.2299564411092422,0.2090116456313639
0.1654974804861179,0.2825511177031465,0.5633525310700213,0.7729688686408505,0.2917133258678612,0.4257569473247615,0.8482596425211665,0.5229070288016714,0.3760823703517114,0.2785955521570127,0.2349161167895803,0.2151698067191025
0.1710305305799822,0.2871066850301939,0.562291603516217,0.7675452869074737,0.2950727883538634,0.427208627125674,0.8544684854186265,0.5261403770581505,0.3778456500519538,0.2810170139552667,0.2377194117393367,0.2196207548320224
0.1590751901985969,0.2765123424091534,0.5638829948469233,0.77958563835557,0.2883538633818589,0.4230609705516384,0.8435559736594542,0.5200716310998359,0.3741931421014515,0.2775122666156885,0.2331047569758916,0.2145600877995244
0.1477126766129829,0.2647526220997986,0.5641861170051531,0.7918429330730015,0.2828480776409108,0.4175653255910411,0.827563499529633,0.5115654379943292,0.3689662772757329,0.2725418976613776,0.2267218700133695,0.2052313883299799
0.1525540954451141,0.2678249814599003,0.5626705062140043,0.7876125393209676,0.2861142217245241,0.4179800912484446,0.826716839134525,0.5120628761876337,0.3692496615132719,0.2736251832027018,0.2268081252425928,0.2050484726541064
0.1627309554391858,0.2768301726877846,0.5613822370415278,0.7774162056622194,0.2916200074654722,0.4216092907507258,0.8325493885230479,0.5176341839526439,0.373280015113826,0.2778308800101956,0.2323715875274938,0.2129748186086214
0.1655962849520798,0.2789490412119927,0.5605486511063958,0.7748128864301985,0.2935796939156402,0.4220240564081294,0.8374412041392286,0.5203203501964881,0.3754211404641204,0.2801886191295482,0.2352180100918618,0.2179745137491616
0.1588775812666732,0.27036762368895,0.5596392846317066,0.782839787395596,0.2909667786487495,0.4171505599336375,0.8286923800564441,0.5160423817340696,0.3714222740010706,0.2767157331294207,0.2318109285375426,0.2123041277970855
0.146922240885288,0.261150545608645,0.5622158229766596,0.7941208374010196,0.2836879432624113,0.4144545831605143,0.8166509877704609,0.5098244043177635,0.3666362291004125,0.2723507296246734,0.2271962737740975,0.2036461191390769
0.1475150676810591,0.2670833774764275,0.5660048499545317,0.7907582167263261,0.2816349384098544,0.4199502281211115,0.8138287864534337,0.5072377257125802,0.365439717875248,0.2722551456063213,0.2270668909302626,0.2034022315712456
0.1629285643711095,0.2883780061447187,0.5693391936950591,0.7713417941208374,0.2868607689436357,0.4327042720862712,0.8226716839134524,0.511863900910312,0.3696904814383325,0.2770343465239279,0.2344417130288524,0.2137064813121151
0.1727102065013338,0.2947346117173429,0.5664595331918764,0.7627725349821022,0.2932064203060844,0.4338448776441311,0.8328316086547506,0.5176839277719744,0.3728077080512611,0.2806984005607596,0.2382369431146763,0.2205963051033473
0.1619405197114909,0.2711092276724229,0.5578205516823279,0.7807788263369129,0.2934863755132512,0.4163210286188304,0.8346190028222013,0.5149480177087997,0.3702572499134103,0.2777671573312942,0.2342260749557942,0.2148649472593134
0.148305503408754,0.2486492213158173,0.5522127917550773,0.7997613624037314,0.2905001866368048,0.4014931563666528,0.8281279397930386,0.5082823459185196,0.3652822821877263,0.2726056203402791,0.2273687842325441,0.2049265288701908
0.1525540954451141,0.2573365822650704,0.555244013337375,0.7930361210543443,0.2905935050391938,0.4078183326420572,0.8220131702728127,0.5058946425906581,0.3650933593627004,0.2718090868540114,0.2268081252425928,0.2037680629229925
0.1642130224286137,0.2778896069498887,0.5609275538041831,0.7760060744115413,0.2926465098917507,0.4218166735794277,0.8307619943555974,0.5106203054270507,0.3693441229257848,0.2757598929458995,0.2329753741320568,0.2119992683372965
0.166880743009584,0.2795847017692551,0.5600181873294938,0.7737281700835232,0.2944195595371408,0.4219203649937785,0.8365004703668861,0.5138536536835299,0.370603608425958,0.2778627413496463,0.2360374347694829,0.2159014694225962
0.1580871455389783,0.2658120563619027,0.5569869657471961,0.7855515782622845,0.2921799178798059,0.4131065947739527,0.8263405456255879,0.5088295279311545,0.3672344847129948,0.2748677754412795,0.2322422046836589,0.2109627461740137
0.1449461515660507,0.2544761097573895,0.5589572597756897,0.7985681744223885,0.2848077640910788,0.408958938199917,0.8138287864534337,0.499776152813013,0.3618816713372588,0.2691645956796024,0.2249967654289041,0.2012072434607646
0.1495899614662582,0.27036762368895,0.5667626553501061,0.7879379542249701,0.2821948488241881,0.4220240564081294,0.8130761994355596,0.4980351191364473,0.3614723385497024,0.2693557637163066,0.2246948721266227,0.2018779342723004
0.1613476929157198,0.2978069710774446,0.577371930888148,0.7674368152728062,0.2811683463979096,0.4427623392783078,0.8244590780809031,0.5055961796746754,0.3671400233004818,0.2758873383037023,0.2324147151421055,0.2118773245533809
0.1612488884497579,0.3087191439771162,0.5851773264625644,0.7619047619047619,0.2763157894736842,0.4534425549564496,0.832173095014111,0.5089290155698155,0.3701942756384018,0.2790734722487733,0.2364687109155992,0.2168160478019632
0.1480090900108684,0.3015149909948087,0.5902546226129131,0.7728603970061828,0.2669839492347891,0.4533388635420987,0.828316086547507,0.5038054021787793,0.3667936647879342,0.2757917542853502,0.2326303532151637,0.2098652521187732
0.1366465764252544,0.2911325352261892,0.5915428917853895,0.7843583902809415,0.2607316162747294,0.449191206968063,0.8211665098777047,0.4980848629557777,0.3617242356497371,0.2706939399732365,0.2266787423987579,0.2011462715688068
0.1394131014721865,0.2886958364233499,0.58767808426796,0.7841414470116064,0.2644643523702874,0.4453546246370801,0.8284101599247412,0.5000248719096653,0.362385465537328,0.2707576626521379,0.2255142968042437,0.2015730748125114
0.1538385535026183,0.2914503655048204,0.578584419521067,0.7748128864301985,0.2768756998880179,0.4404811281625881,0.8417685794920037,0.5078843953638761,0.3664787934128909,0.2744535780284203,0.2307327381722517,0.209926224010731
0.1586799723347495,0.2889077232757707,0.5729766595938164,0.7734027551795205,0.2826614408361329,0.4354002488593944,0.8479774223894637,0.511764413271651,0.3681476117006203,0.2762059516982094,0.2325009703713287,0.2134625937442839
0.1479102855449066,0.2733340396228413,0.570172779630191,0.7872871244169649,0.2792086599477417,0.4258606387391123,0.8386641580432737,0.5060438740486495,0.3642746937875878,0.2720002548907156,0.2276706775348255,0.2077922077922078
0.1407963639956526,0.2640110181163258,0.568960290997272,0.7960733268250353,0.2765957446808511,0.420468685192866,0.8253057384760112,0.4971397303884992,0.3583236247992695,0.2664245204868413,0.2221503428645361,0.1997439180537772
0.1419820175871949,0.2692022460006356,0.5718399515004547,0.7927107061503418,0.2753826054497947,0.4249274160099544,0.8238005644402634,0.4958463910859075,0.3564658836865141,0.2651500669088129,0.2212015353430801,0.1977318456191695
0.1495899614662582,0.2815976268672528,0.5747953925431949,0.7821889575875909,0.2772489734975737,0.4330153463293239,0.8316086547507056,0.4990797393423867,0.3576623949116786,0.2672529153125597,0.2244792340535645,0.2018779342723004
0.1523564865131904,0.2829748914079881,0.5735829039102759,0.7800195248942401,0.2792086599477417,0.432911654914973,0.8371589840075259,0.5024125752375267,0.3591737775118864,0.2685910915694896,0.2263337214818648,0.2053533321138955
0.1422784309850805,0.2688844157220044,0.5713094877235526,0.7927107061503418,0.2758491974617394,0.4245126503525508,0.8285042333019755,0.4980848629557777,0.3556157309738972,0.2643216720830943,0.2206840039677405,0.1980367050789586
0.1332872245825511,0.2617862061659073,0.5730524401333738,0.8012799652890769,0.2705300485255693,0.4221277478224803,0.8154280338664158,0.4895786698502711,0.3498220976731006,0.2582680175874594,0.2139560960883253,0.1891348088531187
0.1371405987550637,0.2675071511812691,0.5742649287662929,0.7962902700943704,0.2716498693542367,0.4258606387391123,0.8113828786453434,0.4868427597870965,0.3475235366352845,0.2573759000828395,0.2132660542545392,0.1895616120968233
0.148305503408754,0.2799025320478864,0.5745680509245227,0.7838160321076039,0.27668906308324,0.4320821236001659,0.8122295390404515,0.4902253395015669,0.3490349192354923,0.2608169247435162,0.2187001336956053,0.1976708737272118
0.1528505088429997,0.2841402690963025,0.5741891482267354,0.7791517518168999,0.2791153415453528,0.4338448776441311,0.8129821260583255,0.4903248271402278,0.3496331748480746,0.2622825463582489,0.2211584077284685,0.2024266812999207
0.1417844086552712,0.2667655471977963,0.570172779630191,0.7940123657663521,0.2763157894736842,0.4226462048942347,0.8013170272812793,0.4797791374421729,0.3430523631096697,0.2561970305231632,0.2138267132444904,0.1938906164258277
0.1280505878865724,0.2492848818730797,0.5682024856016975,0.8105000542358173,0.2710899589399029,0.4127955205309001,0.7891815616180621,0.4690842162861265,0.3360937057212129,0.2491556745045562,0.205589338853668,0.1837692823608316
0.1320027665250469,0.2543701663311791,0.568808729918157,0.8057273023104458,0.2725830533781261,0.415698880132725,0.7867356538099718,0.4675421578868825,0.3351805787335873,0.2481042503026827,0.2038642342692025,0.1826108164136333
0.1441557158383559,0.2732280961966309,0.5729766595938164,0.7894565571103156,0.2757558790593505,0.4277270841974285,0.7913452492944496,0.4728647465552406,0.3384867281715419,0.2518957496973173,0.2089964204079872,0.1901103591244436
0.1487995257385634,0.2799025320478864,0.5741891482267354,0.7834906172036014,0.2772489734975737,0.4317710493571132,0.7937911571025399,0.4744565487738148,0.3398721622217324,0.2534250939909513,0.2115840772846854,0.1933418693982074
0.1384250568125679,0.2686725288695836,0.574113367687178,0.7949886104783599,0.2723030981709593,0.426275404396516,0.7893697083725304,0.4698801173954136,0.3375736011839164,0.2506850187981903,0.2069262949066287,0.1880373147978782
0.1315087441952376,0.2608327153300137,0.5738102455289482,0.8026900965397549,0.2693169092945129,0.4222314392368312,0.7832549388523048,0.4664975376809432,0.3355899115211436,0.2480086662843306,0.2030016819769698,0.1819401256020974
0.137634621084873,0.2706854539675812,0.5761594422552289,0.7943377806703547,0.2707166853303472,0.4286603069265865,0.7847601128880527,0.4689349848281351,0.33810888252149,0.2496335945963168,0.2062793806874542,0.18492774830803
0.1521588775812666,0.2880601758660874,0.577371930888148,0.7774162056622194,0.2768756998880179,0.4379925342181667,0.8014111006585136,0.4779883599462766,0.3439654900972952,0.2557191104314025,0.2152499245266744,0.193768672641912
0.1546289892303132,0.2873185718826146,0.5750227341618672,0.7765484325848792,0.2793952967525196,0.4360223973454998,0.8126058325493885,0.4845048002785654,0.3470827167102239,0.2587140763397693,0.2191314098417217,0.1988293396744101
0.1410927773935382,0.2728043224917894,0.5750227341618672,0.7913005748996637,0.2730496453900709,0.4289713811696392,0.8045155221072436,0.4805252947321295,0.3442803614723386,0.2553686356974447,0.2139560960883253,0.1935247850740808
0.1280505878865724,0.2700497934103189,0.5831312518945135,0.7998698340383991,0.2619447555057858,0.4331190377436748,0.7959548447789275,0.4743073173158235,0.3412890834094272,0.2519913337156694,0.2082632509595894,0.1830985915492957
0.1271613476929157,0.2764063989829431,0.5882843285844196,0.7971580431717106,0.2583053378126166,0.4397552882621319,0.8089369708372531,0.4804755509127991,0.3456657955225291,0.2551456063212897,0.2114115668262388,0.1856594110115237
0.1379310344827586,0.2878482890136666,0.5882843285844196,0.7854431066276168,0.26334453154162,0.4453546246370801,0.8235183443085606,0.4898771327662538,0.3508296860732391,0.259956668578347,0.2170181567257515,0.1939515883177855
0.1427724533148898,0.2848818730797753,0.5823734464989391,0.784249918646274,0.2693169092945129,0.4398589796764828,0.8259642521166509,0.4908222653335323,0.3499480462231178,0.2602115592939527,0.2178375814033726,0.1955368575086885
0.1355597272996739,0.2700497934103189,0.5772961503485905,0.7958563835557002,0.269036954087346,0.4290750725839901,0.8156161806208843,0.4840073620852608,0.3456343083850247,0.2561014465048111,0.2126191400353646,0.1890128650692031
0.1245924315779073,0.2558533742981247,0.5755531979387694,0.8090899229851395,0.2649309443822322,0.4209871422646205,0.8095014111006584,0.4782868228622594,0.3412261091344186,0.251258522908303,0.2060206149997843,0.1804158283031522
0.1264697164311826,0.2558533742981247,0.574113367687178,0.8080052066384641,0.2667039940276223,0.4200539195354624,0.8167450611476952,0.4806745261901208,0.3422022103970528,0.2516408589817115,0.2058481045413378,0.1806597158709834
0.1358561406975595,0.2662358300667443,0.5743407093058502,0.7975919297103807,0.270996640537514,0.4252384902530071,0.8324553151458136,0.4875889170770532,0.3461695897225983,0.2554004970368954,0.2109371630655108,0.1884641180415828
0.133386029048513,0.263799131263905,0.5744922703849652,0.8001952489424016,0.2696901829040687,0.4240978846951472,0.8393226716839134,0.4910212406108541,0.3482792279353884,0.2577900974956987,0.213999223702937,0.1911468812877263
0.1220235154628989,0.2504502595613941,0.5736586844498334,0.8133203167371732,0.2649309443822322,0.4170468685192866,0.8240827845719662,0.483460180072626,0.3433042602097044,0.2535206780093035,0.208780782334929,0.1849887201999878
0.1121430688667127,0.2403856340714058,0.5740375871476205,0.823842065299924,0.2599850690556178,0.4123807548734964,0.8061147695202258,0.4728647465552406,0.3368493970213168,0.2475307461925699,0.2019666192262906,0.1768794585695994
0.1159964430392253,0.2413391249072994,0.5717641709608973,0.8212387460679033,0.263251213139231,0.4112401493156367,0.8092191909689558,0.4739591105805104,0.3370068327088384,0.2479449436054291,0.2024410229870186,0.1777330650570087
0.1296314593419622,0.2565949782815976,0.5722188541982419,0.805944245579781,0.2693169092945129,0.4191206968063045,0.8206961429915335,0.4821170969507038,0.3423911332220788,0.2529471738991907,0.2099452279294432,0.1872446802024266
0.1384250568125679,0.2631634707066426,0.570172779630191,0.7977004013450483,0.274822695035461,0.4208834508502696,0.8253057384760112,0.4883848181863404,0.3467363581976763,0.2566749506149238,0.2158105835166257,0.1940735321017011
0.1331884201165892,0.2537345057739167,0.5675204607456805,0.8055103590411108,0.2739828294139604,0.4144545831605143,0.817121354656632,0.4844053126399045,0.3443748228848515,0.2547632702478812,0.2122309915038599,0.1909639656118529
0.1251852583736784,0.2440936539887699,0.5667626553501061,0.8147304479878512,0.2706233669279582,0.4091663210286188,0.8073377234242708,0.4778888723076157,0.3400925721842627,0.250493850761486,0.2059774873851727,0.1829766477653801
0.1328920067187037,0.2498145990041317,0.5648681418611701,0.8075713200997939,0.2753826054497947,0.4107216922438822,0.8089369708372531,0.477689897030294,0.3398721622217324,0.2510673548715988,0.2065812739897356,0.1838302542527894
0.1403023416658433,0.2615743193134865,0.567596241285238,0.7975919297103807,0.2772489734975737,0.4182911654914973,0.8172154280338664,0.481569914938069,0.3427689788721307,0.2544446568533741,0.2114978220554621,0.1905981342601061
0.1370417942891018,0.2668714906240067,0.5738860260685056,0.7966156849983729,0.2718365061590145,0.4252384902530071,0.8169332079021637,0.4817688902153907,0.3436191315847476,0.2556235264130504,0.213999223702937,0.1940735321017011
0.127655370022725,0.258819790232016,0.5754016368596545,0.8058357739451134,0.2665173572228443,0.4223351306511821,0.8015051740357478,0.4746057802318063,0.3395887779841935,0.2518001656789652,0.2091258032518221,0.1873666239863423
0.125481671771564,0.2580781862485432,0.5764625644134587,0.8074628484651264,0.2648376259798432,0.4227498963085856,0.7904045155221072,0.4685370342734915,0.3364400642337605,0.248837061110049,0.206063742614396,0.1822449850618864
0.1293350459440767,0.2712151710986332,0.5829796908153987,0.7985681744223885,0.2625979843225084,0.4336374948154293,0.7946378174976481,0.4716211510719793,0.3385811895840549,0.2514496909450073,0.2084788890326476,0.1859642704713127
0.1422784309850805,0.2884839495709291,0.5853288875416793,0.7827313157609286,0.2672639044419559,0.4435918705931149,0.8073377234242708,0.4792319554295379,0.343461695897226,0.2559421398075575,0.2149049036097813,0.1938906164258277
0.1393142970062247,0.2888017798495603,0.5877538648075175,0.7841414470116064,0.2643710339678985,0.445458316051431,0.8111947318908749,0.4811719643834253,0.3447841556724078,0.2574396227617409,0.2167593910380817,0.1974879580513383
0.1311135263313901,0.2765123424091534,0.5853288875416793,0.7948801388436924,0.2619447555057858,0.4377851513894649,0.8021636876763876,0.4748544993284584,0.3411001605844013,0.2534888166698528,0.2112390563677923,0.1906591061520639
0.1239008003161742,0.2647526220997986,0.5824492270384966,0.8048595292331056,0.2603583426651736,0.430008295313148,0.7952022577610536,0.4698303735760832,0.3371327812588557,0.2491875358440069,0.2060206149997843,0.1834644229010426
0.1317063531271613,0.2681428117385315,0.5788875416792968,0.7988935893263912,0.2662374020156775,0.4292824554126918,0.801975540921919,0.4731134656518928,0.3386441638590636,0.2505575734403874,0.2091258032518221,0.1864520456069752
0.146922240885288,0.2864710244729314,0.5803273719308881,0.7811042412409155,0.2725830533781261,0.4392368311903775,0.8142991533396049,0.4813709396607472,0.3435876444472433,0.2556872490919518,0.2160262215896839,0.193768672641912
0.1487007212726015,0.2910265917999787,0.5822218854198242,0.7778500922008895,0.2722097797685704,0.4427623392783078,0.8199435559736594,0.4854001890265134,0.3459176926225637,0.2574396227617409,0.2178807090179842,0.1956588012926041
0.1290386325461911,0.2760885687043118,0.5866171567141558,0.7962902700943704,0.2602650242627846,0.4385109912899212,0.8136406396989652,0.4805750385514599,0.3430208759721654,0.2537118460460077,0.2122741191184715,0.1873056520943845
0.1198498172117379,0.268248755164742,0.5880569869657472,0.8054018874064431,0.2549458753266144,0.4356076316880962,0.8086547507055503,0.4750037307864498,0.3400295979092541,0.2505894347798382,0.2071419329796869,0.1802329126272788
0.1231103645884793,0.2768301726877846,0.5916944528645044,0.7991105325957263,0.2542926465098917,0.4423475736209041,0.8136406396989652,0.4778391284882853,0.341257596271923,0.2518001656789652,0.2086082718764825,0.1831595634412536
0.1341764647762079,0.293463290602818,0.5950287966050318,0.7845753335502766,0.2574654721911161,0.4527167150559933,0.8245531514581373,0.4849524946525395,0.3457917440725463,0.2566749506149238,0.2149911588390046,0.1914517407475154
0.133386029048513,0.2880601758660874,0.5918460139436194,0.7877210109556351,0.2590518850317282,0.4479469099958523,0.8268109125117591,0.4868925036064269,0.346610409647659,0.257535206780093,0.2167593910380817,0.1926711785866715
0.1217271020650133,0.269837906557898,0.5877538648075175,0.8035578696170951,0.2560656961552818,0.4361260887598506,0.8115710253998117,0.479132467790877,0.3410686734468969,0.2535844006882049,0.2108509078362876,0.1841351137125785
0.1180713368244244,0.2597732810679097,0.5834343740527433,0.8106085258704848,0.2569988801791714,0.4282455412691829,0.7948259642521166,0.4702283241307267,0.3360307314462042,0.2486140317338941,0.2044248932591538,0.1771233461374306
0.1249876494417547,0.2651763958046403,0.5819187632615944,0.8041002277904328,0.2611982082866741,0.4299046038987972,0.7953904045155221,0.470924737601353,0.3371012941213515,0.2490282291467533,0.2056324664682796,0.180171940735321
0.1345716826400553,0.2757707384256806,0.5821461048802667,0.7934700075930144,0.2655841731989549,0.4351928660306927,0.8111006585136405,0.4790827239715466,0.3425170817720961,0.2538074300643599,0.2127053952645879,0.1890128650692031
0.134769291571979,0.2714270579510541,0.5788875416792968,0.7955309686516976,0.2677304964539007,0.4308378266279552,0.8185324553151458,0.4837586429886086,0.3455398469725118,0.2567068119543745,0.2172337947988096,0.1924272910188403
0.1287422191483055,0.2569128085602288,0.5731282206729312,0.8062696604837835,0.2683837252706234,0.4198465367067607,0.8080903104421449,0.4794806745261901,0.3426115431846091,0.2536799847065571,0.2130072885668693,0.1876714834461313
0.1291374370121529,0.2483313910371861,0.5666868748105487,0.8103915826011499,0.2725830533781261,0.4112401493156367,0.7984007525870178,0.4753519375217629,0.3402814950092887,0.250270821385331,0.2080476128865312,0.182062069386013
0.1392154925402628,0.2568068651340184,0.5650197029402849,0.8005206638464041,0.2783687943262412,0.4142472003318125,0.8079962370649105,0.4808735014674427,0.3433357473472087,0.2534569553304021,0.2116703325139086,0.1866349612828486
0.1503803971939531,0.2686725288695836,0.5648681418611701,0.7883718407636403,0.2836879432624113,0.4199502281211115,0.8231420507996238,0.4907227776948714,0.3486885607229447,0.2590326897342764,0.2193901755293915,0.1968782391317602
0.1527517043770378,0.2628456404280114,0.559033040315247,0.7901073869183208,0.2883538633818589,0.4131065947739527,0.8286923800564441,0.4927125304680894,0.3495387134355616,0.2600522525966992,0.2208133868115754,0.2004755807572709
0.1415867997233475,0.2444114842674011,0.5543346468626857,0.8056188306757782,0.2860209033221351,0.4008710078805475,0.8168391345249294,0.4855494204845048,0.3450675399099468,0.2561651691837125,0.215293052141286,0.1939515883177855
0.1331884201165892,0.2303210085814174,0.5506971809639285,0.8174422388545395,0.284247853676745,0.3915387805889672,0.8028222013170272,0.4777893846689549,0.3392109323341415,0.2506850187981903,0.2085651442618709,0.185537467227608
0.1389190791423772,0.2381608221209873,0.5519096695968475,0.8102831109664823,0.2862075401269131,0.3962048942347573,0.8053621825023517,0.480027856538825,0.3400925721842627,0.2509080481743452,0.210678397377841,0.1868788488506798
0.1492935480683727,0.2524631846593919,0.5542588663231283,0.7972665148063781,0.2896603210153042,0.4048112816258814,0.8196613358419567,0.4871909665224096,0.3444377971598602,0.2556872490919518,0.2169750291111398,0.1962075483202243
0.1517636597174192,0.2545820531835999,0.5538041830857836,0.7947716672090249,0.2911534154535274,0.4055371215263376,0.8227657572906867,0.4881858429090185,0.3453194370099814,0.2571528707066845,0.2182257299348773,0.1997439180537772
0.1420808220531568,0.2494967687255005,0.5575932100636557,0.8027985681744224,0.284247853676745,0.4055371215263376,0.8091251175917215,0.478137591404268,0.3411001605844013,0.2534250939909513,0.2130072885668693,0.1933418693982074
0.1294338504100385,0.2439877105625595,0.5633525310700213,0.8125610152945004,0.274729376633072,0.4068851099128993,0.796142991533396,0.4697806297567527,0.3364085770962562,0.249283119862359,0.2080476128865312,0.1846228888482409
0.1378322300167967,0.2609386587562241,0.5690360715368293,0.7992190042303937,0.2751959686450168,0.4190170053919536,0.7974600188146754,0.4719693578072924,0.3381403696589943,0.2511948002294016,0.2105058869193944,0.1863910737150173
0.1479102855449066,0.2810679097362008,0.5757805395574417,0.7833821455689337,0.2758491974617394,0.4334301119867275,0.8121354656632173,0.4785355419589116,0.3430208759721654,0.2556235264130504,0.2168025186526933,0.1945003353454057
0.1389190791423772,0.2804322491789384,0.5821461048802667,0.7885887840329754,0.2676371780515117,0.4375777685607631,0.8269990592662276,0.4826145351440084,0.3448156428099121,0.2566112279360224,0.218139474705654,0.1959636607523931
0.1222211243948226,0.2668714906240067,0.5852531070021219,0.804751057598438,0.2578387458006719,0.4330153463293239,0.8315145813734712,0.4807740138287817,0.3420447747095312,0.2532339259542471,0.2118428429723552,0.1856594110115237
0.1132299179922932,0.2641169615425363,0.5901788420733556,0.8111508840438226,0.2505599104143337,0.4349854832019909,0.8276575729068674,0.4770929711983286,0.3392109323341415,0.2507487414770917,0.2073575710527451,0.1791963904639961
0.1214306886671277,0.2796906451954656,0.5950287966050318,0.7985681744223885,0.2514930944382232,0.4459767731231854,0.8250235183443085,0.478585285778242,0.3414780062344532,0.2528197285413879,0.2113253115970155,0.1844399731723675
0.1322991799229325,0.3007733870113359,0.6016974840860867,0.7818635426835883,0.2524262784621127,0.4608046453753629,0.8333960489181562,0.4844053126399045,0.3461695897225983,0.2577900974956987,0.2182688575494889,0.1935247850740808
0.1282481968184962,0.3007733870113359,0.6048044862079418,0.784032975376939,0.2486002239641657,0.4629821650767317,0.8335841956726247,0.484902750833209,0.3461695897225983,0.2581087108902059,0.2192176650709449,0.1949271385891104
0.1167868787669202,0.2871066850301939,0.6038951197332526,0.7973749864410457,0.2438409854423292,0.4557237660721692,0.8173095014111006,0.4764960453663633,0.3419503132970182,0.2534569553304021,0.2136542027860439,0.1876105115541735
0.1098705661495899,0.2779955503760991,0.6026826311003335,0.8058357739451134,0.2413213885778275,0.4503318125259228,0.8036688617121355,0.469034472466796,0.337919959696464,0.248837061110049,0.2078319748134731,0.18047680019511
0.1162928564371109,0.2837164953914609,0.6018490451652015,0.7994359474997288,0.2448674878686077,0.4526130236416424,0.8047036688617122,0.4715714072526489,0.3386441638590636,0.250716880137641,0.2096864622417734,0.1821840131699286
0.1264697164311826,0.2939930077338701,0.601394361927857,0.7885887840329754,0.249906681597611,0.4572791372874326,0.8134524929444967,0.4783365666815898,0.3423596460845745,0.2543809341744727,0.2142579893906068,0.1901713310164014
0.1267661298290683,0.2893314969806123,0.5977568960290996,0.7907582167263261,0.2522396416573348,0.4526130236416424,0.8124176857949199,0.4802765756354773,0.3428949274221481,0.2548269929267827,0.2150774140682279,0.1911468812877263
0.1169844876988439,0.2692022460006356,0.5909366474689299,0.8064866037531185,0.251866368047779,0.4379925342181667,0.7969896519285042,0.4723175645426056,0.3383607796215246,0.2511629388899509,0.2095139517833268,0.1840741418206207
0.1143167671178737,0.2601970547727513,0.5865413761745984,0.812452543659833,0.2532661440836133,0.4306304437992534,0.7809031044214486,0.4665472815002736,0.3340785289209358,0.2482316956604855,0.2059343597705611,0.18047680019511
0.1297302638079241,0.2705795105413708,0.5821461048802667,0.7986766460570561,0.263251213139231,0.4327042720862712,0.779868297271872,0.4687360095508133,0.3359047828961869,0.2504619894220353,0.2098589727002199,0.1857813547954393
0.1429700622468135,0.2777836635236783,0.5771445892694755,0.7877210109556351,0.2726763717805151,0.4328079635006221,0.7920037629350892,0.4758493757150674,0.3404074435593061,0.2554642197157968,0.2161987320481304,0.1932199256142918
0.1436616935085466,0.2707913973937917,0.5716126098817824,0.7909751599956611,0.2763157894736842,0.4256532559104106,0.798024459078081,0.4792816992488683,0.3423281589470701,0.2571528707066845,0.218139474705654,0.1951100542649838
0.1349669005039027,0.2560652611505455,0.5677478023643528,0.80334092634776,0.2746360582306831,0.415698880132725,0.790310442144873,0.4740088543998408,0.3389590352341069,0.2528834512202893,0.2127916504938111,0.1878543991220047
0.1310147218654283,0.2539463926263375,0.5692634131555017,0.8064866037531185,0.2718365061590145,0.415698880132725,0.7844778927563498,0.4710739690593443,0.3370698069838471,0.2501433760275282,0.2094708241687152,0.1821230412779708
0.138326252346606,0.2667655471977963,0.572749317975144,0.7959648551903677,0.2731429637924599,0.4244089589381999,0.792662276575729,0.4761478386310501,0.3401870335967757,0.2528515898808386,0.2121878638892483,0.1865739893908908
0.1471198498172117,0.2829748914079881,0.5775992725068203,0.782839787395596,0.2743561030235162,0.4357113231024471,0.8095954844778928,0.4846042879172263,0.3446267199848862,0.2578219588351494,0.2190451546124984,0.1951710261569416
0.1474162632150973,0.2828689479817777,0.577371930888148,0.7827313157609286,0.2746360582306831,0.4354002488593944,0.8153339604891815,0.4861463463164702,0.3454453855599987,0.2588096603581215,0.2207271315823522,0.1959026888604353
0.1363501630273688,0.2678249814599003,0.5750985147014247,0.7965072133637053,0.2707166853303472,0.4264827872252178,0.8043273753527751,0.4793811868875292,0.3413205705469316,0.2542216274772191,0.2149049036097813,0.188403146149625
0.1274577610908012,0.2601970547727513,0.5764625644134587,0.8052934157717757,0.2657708100037327,0.4236831190377437,0.7971777986829728,0.4749042431477889,0.338297805346516,0.2507487414770917,0.2099883555440548,0.1824279007377598
0.1323979843888943,0.267189320902638,0.5776750530463777,0.7990020609610586,0.2672639044419559,0.4279344670261303,0.8057384760112888,0.4798288812615033,0.3415094933719576,0.2539985981010642,0.213050416181481,0.1870007926345954
0.1495899614662582,0.279796588621676,0.5735071233707184,0.7830567306649311,0.2779955207166854,0.4312525922853588,0.8215428033866415,0.4884345620056708,0.3474605623602759,0.25963805518384,0.2202096002070125,0.1959026888604353
0.1546289892303132,0.2770420595402055,0.5676720218247955,0.7817550710489207,0.2839678984695782,0.4259643301534633,0.8264346190028221,0.4929612495647416,0.3491608677855096,0.261836487605939,0.221934704791478,0.198524480214621
0.1421796265191186,0.2541582794787583,0.5608517732646257,0.8003037205770691,0.2822881672265771,0.4100995437577769,0.8136406396989652,0.4856489081231657,0.3437450801347649,0.2557509717708532,0.213999223702937,0.1891957807450765
0.1338800513783223,0.2428223328742451,0.5591088208548045,0.8106085258704848,0.2794886151549086,0.4033596018249689,0.8018814675446848,0.4773416902949808,0.3388645738215939,0.2503664054036832,0.2070988053650752,0.1811474910066459
0.1374370121529493,0.2635872444114842,0.5713094877235526,0.7980258162490509,0.2736095558044046,0.4218166735794277,0.8111006585136405,0.479580162164851,0.3415094933719576,0.2535525393487542,0.2114115668262388,0.1851716358758612
0.1489971346704871,0.2893314969806123,0.5807820551682328,0.7786093936435623,0.2732362821948488,0.4408958938199918,0.8273753527751646,0.4860966024971397,0.345949179760068,0.2583636016058115,0.2180532194764308,0.193158953722334
0.1368441853571781,0.2991842356181798,0.5971506517126403,0.7802364681635752,0.2574654721911161,0.45696806304438,0.8282220131702727,0.4811719643834253,0.3446896942598949,0.2579494041929522,0.217190667184198,0.1933418693982074
0.1063136053749629,0.3056467846170145,0.6251894513488937,0.793578479227682,0.2257372153788727,0.4792617171298217,0.8133584195672625,0.4640103467144207,0.3375736011839164,0.2524373924679793,0.2087376547203174,0.1797451374916163
0.0756842209267859,0.3387011335946604,0.6723249469536223,0.793578479227682,0.1822508398656215,0.527685607631688,0.8067732831608655,0.4463015470327812,0.33200037784565,0.2493149812018097,0.2022685125285721,0.1651728553137004
0.066989427922142,0.3736624642440936,0.7040012124886329,0.7803449397982428,0.1586412840612169,0.5664661965989216,0.8269990592662276,0.4448589762721981,0.3370383198463428,0.2568342573121774,0.2067106568335705,0.164014389366502
0.0923821756743404,0.3893420913232333,0.6957411336768718,0.7584336695954008,0.1757185516983949,0.5685400248859395,0.8812793979303856,0.4868925036064269,0.3732485279763217,0.2958962594787485,0.243369129253461,0.1932808975062496
0.1557158383558936,0.4005720945015361,0.6551985450136405,0.7179737498644104,0.2305897723030981,0.5462463708004978,0.9365945437441204,0.5702134009849276,0.4539500613999181,0.3861594341426113,0.3315219735196446,0.2721175538076946
0.2616342258670092,0.3946392626337535,0.569642315853289,0.662870159453303,0.3332400149309444,0.4848610535047697,0.938005644402634,0.6564194398845943,0.561919455902264,0.5161218377620596,0.458662181394747,0.3889396987988537
0.4115206007311531,0.4007839813539569,0.459154289178539,0.5773945113352857,0.4720977976857036,0.4122770634591456,0.8743179680150517,0.7498383325871761,0.6989514783211059,0.6789970050340917,0.6163798680294993,0.541186513017499
0.5909495109178935,0.4410424833139103,0.3503334343740528,0.4582926564703329,0.6238335199701381,0.3575279966818747,0.7896519285042333,0.8401233646719396,0.831134481564281,0.8370929713885172,0.7754345107172123,0.7066642277909885
0.758225471791325,0.5043966521877317,0.2673537435586541,0.3339841631413385,0.753919372900336,0.3318125259228536,0.6727187206020696,0.8904143660150227,0.9058534588620548,0.930669725355254,0.8907146245741148,0.8487897079446376
0.902183578697757,0.5285517533637037,0.1742194604425583,0.2426510467512745,0.8792459873086973,0.2798631273330568,0.4973659454374411,0.88235586728349,0.9213136433766806,0.9509653985853568,0.9479449691637556,0.954453996707518
0.9141389190791424,0.4478228625913761,0.1073052440133373,0.2773619698448856,0.9260918253079508,0.1946287847366238,0.3792097836312323,0.804208327115356,0.8623382348310715,0.875422162747722,0.8905852417302799,0.9346991037131884
0.7774923426538879,0.298972348765759,0.1056380721430736,0.4285714285714285,0.862541993281075,0.1205931148900871,0.2597365945437441,0.5720041784808239,0.6417708366132435,0.6673357547951316,0.7016000345020917,0.7715992927260534
0.5649639363699239,0.2428223328742451,0.2284783267656865,0.5740318906605922,0.6865434863755133,0.177208627125674,0.1454374412041392,0.2737402377754564,0.3263012059573664,0.3743388772063977,0.4332168887738819,0.5268581184074143
0.3692322892994764,0.2864710244729314,0.4098211579266444,0.6591821238746068,0.4824561403508772,0.3225839900456242,0.1126058325493885,0.0906332388200766,0.0994993545136811,0.1338494870324348,0.1955837322637685,0.2971160295103957
0.3071830846754274,0.2880601758660874,0.4585480448620794,0.6923744440828723,0.4231989548338933,0.3566984653670676,0.196519285042333,0.1310252201164005,0.0954690009131269,0.0994073790862167,0.1411135550092724,0.2280958478141576
0.2794190297401442,0.2761945121305222,0.471354956047287,0.7137433561123766,0.4022023142963793,0.3596018249688926,0.3750705550329257,0.2732427995821519,0.1978021978021978,0.1688650990887656,0.181308491827317,0.235900249984757
0.226855053848434,0.2781014938023095,0.5130342528038799,0.7415120945872654,0.3517170586039567,0.3891538780588968,0.5474129821260584,0.3839725414117296,0.277811014200699,0.2223284266870579,0.2094276965541036,0.2290104261935248
0.1924710996937061,0.2782074372285199,0.5394816611094272,0.7603861590194164,0.3192422545726017,0.4071961841559519,0.6714957666980245,0.4526190120877481,0.3250417204571932,0.248837061110049,0.218139474705654,0.2128528748247058
0.1891117478510028,0.2675071511812691,0.5344043649590785,0.7677622301768087,0.3207353490108249,0.398486105350477,0.7456255879586078,0.4864448092324528,0.346515948235146,0.259733639202192,0.2237891922197783,0.2116944088775074
0.1758719494121134,0.2568068651340184,0.5369051227644741,0.7804534114329104,0.312989921612542,0.3949605972625467,0.7871119473189087,0.4949510023379595,0.3505463018357001,0.2591601350920792,0.2204252382800707,0.2077922077922078
0.1498863748641438,0.2355122364657272,0.541527735677478,0.8056188306757782,0.297779022023143,0.3877021982579842,0.8052681091251176,0.4907725215142018,0.3456657955225291,0.2514178296055566,0.2090395480225989,0.1927931223705871
0.1309159173994664,0.2208920436486915,0.5456956653531373,0.8235166503959215,0.286300858529302,0.3834508502695977,0.8163687676387582,0.4874396856190618,0.3411316477219056,0.2441215828713439,0.1992927071203691,0.1770623742454728
0.1299278727398478,0.2233287424515308,0.5481206426189754,0.8227573489532487,0.284341172079134,0.3863542098714226,0.8370649106302915,0.4916181664428194,0.3402814950092887,0.2413815076785828,0.1945055418984776,0.1704774099140296
0.1322003754569706,0.2343468587774128,0.5543346468626857,0.815923635969194,0.2815416200074654,0.3959975114060556,0.8553151458137346,0.4965428045565338,0.3421392361220441,0.2414452303574842,0.1947643075861474,0.1711481007255655
0.1235055824523268,0.2328636508104672,0.5599424067899363,0.8214556893372383,0.2740761478163494,0.3991082538365823,0.8587017873941675,0.4939561259513505,0.340785289209358,0.238609571146371,0.1908828222711002,0.1675507591000548
0.1057207785791917,0.2195147791079563,0.5640345559260382,0.8380518494413711,0.2630645763344532,0.3953753629199502,0.8458137347130762,0.4857981395811571,0.3356843729336566,0.2326833620085388,0.1818260232026566,0.155478324492409
0.097717616836281,0.2180315711410106,0.5691118520763868,0.8432584879054127,0.2562523329600597,0.3980713396930734,0.8317968015051739,0.4790827239715466,0.3320948392581631,0.2285732492193972,0.1760469228446975,0.1476129504298518
0.1042387115897638,0.2298972348765758,0.5725977568960291,0.8334960407853347,0.2571855169839492,0.4062629614267938,0.8377234242709313,0.4819181216733821,0.3343619131584748,0.2302300388708341,0.1787639625652305,0.1502957136759954
0.1097717616836281,0.2408094077762474,0.5761594422552289,0.8249267816465994,0.257558790593505,0.4140398175031107,0.8540921919096895,0.4907227776948714,0.3401870335967757,0.235742050595807,0.1851899771423642,0.1576123407109322
0.1044363205216875,0.2381608221209873,0.5783570779023947,0.8291571753986332,0.2537327360955581,0.4142472003318125,0.8578551269990593,0.4932597124807242,0.3411316477219056,0.2356464665774549,0.1852762323715875,0.1573074812511432
0.0912953265487599,0.2234346858777412,0.57790239466505,0.8439093177134179,0.2477603583426652,0.4067814184985484,0.8505174035747883,0.4865442968711138,0.3364400642337605,0.2302619002102848,0.1771251132099884,0.1476739223218096
0.0822053156802687,0.2180315711410106,0.5810093967869052,0.8517192754094804,0.2416013437849944,0.4062629614267938,0.8475070555032925,0.4825647913246779,0.3331024276583016,0.226502262155101,0.1717772889981455,0.1399914639351259
0.0845766228633534,0.2300031783027863,0.5877538648075175,0.8442347326174205,0.238521836506159,0.4167357942762339,0.8620884289746001,0.4885340496443317,0.3374476526338991,0.2287325559166507,0.1746237115625135,0.1430400585330163
0.0932714158679972,0.2369954444326729,0.5860866929372537,0.835990888382688,0.2436543486375513,0.4189133139776027,0.8807149576669803,0.4991792269810476,0.3434302087597217,0.2337347862104123,0.1802303014620261,0.1495030790805439
0.0903072818891413,0.2262951583854221,0.5807062746286754,0.8430415446360776,0.2456140350877193,0.409995852343426,0.8821260583254938,0.5017161617669005,0.3437450801347649,0.233543618173708,0.1801440462328028,0.1485885007011767
0.0793399861673747,0.2042589257336582,0.5732797817520461,0.8602885345482157,0.2449608062709966,0.3942347573620904,0.8671683913452493,0.4938566383126896,0.3388330866840895,0.2279678837698337,0.1729848622072713,0.1388939698798854
0.0778579191779468,0.1965250556202987,0.5690360715368293,0.8651697581082548,0.2469204927211646,0.3874948154292824,0.8523047977422389,0.4868427597870965,0.3340785289209358,0.2231886828522271,0.1671626342347004,0.1334674714956405
0.089121628297599,0.2046826994384998,0.566232191573204,0.8547564811801714,0.253919372900336,0.3895686437163003,0.8512699905926622,0.4893796945729493,0.3341100160584401,0.2238896323201427,0.1683270798292146,0.1376745320407292
0.0998913150874419,0.2123106261256488,0.5633525310700213,0.8449940340600933,0.2607316162747294,0.3913313977602655,0.8583254938852305,0.4960951101825598,0.3375736011839164,0.2272350729624673,0.1731573726657178,0.1445643558319614
0.0950498962553107,0.205530246848183,0.5621400424371021,0.8510684456014753,0.2592385218365062,0.3871837411862298,0.8564440263405457,0.4960951101825598,0.3370383198463428,0.2265978461734531,0.1727260965196015,0.1442594963721724
0.0821065112143068,0.1893209026379912,0.5606244316459533,0.8664714177242652,0.2541060097051139,0.3781625881377022,0.8422389463781749,0.4884843058250013,0.3323467363581977,0.2207672210539731,0.1648768706602837,0.1343210779830498
0.0776603102460231,0.1823286365081046,0.5589572597756897,0.8725458292656469,0.2529861888764464,0.373600165906263,0.8355597365945437,0.4847037755558872,0.3295443811203123,0.2165615242464793,0.1600897054383922,0.1284068044631425
0.0890228238316371,0.1935586396864074,0.5582752349196727,0.8605054778175506,0.2587719298245614,0.3786810452094566,0.8488240827845719,0.4934089439387156,0.3331024276583016,0.2197157968520996,0.1645749773580023,0.1344430217669654
0.1024602312024503,0.2046826994384998,0.5559260381933919,0.8474888816574466,0.2665173572228443,0.3825176275404396,0.8711194731890876,0.5064915684226236,0.340785289209358,0.2252596699165233,0.1711735023935826,0.1441985244802146
0.0995949016895563,0.2001271321114524,0.5548651106395878,0.8512853888708102,0.2658641284061216,0.3796142679386147,0.8805268109125117,0.5116649256329902,0.3428004660096351,0.2259924807238896,0.1714753956958641,0.1443204682641302
0.0828969469420017,0.1856128827206271,0.5572143073658685,0.867881548974943,0.2565322881672266,0.3741186229780174,0.8801505174035748,0.5076854200865543,0.3393368808841588,0.2209583890906773,0.1650493811187303,0.1350527406865435
0.0778579191779468,0.1801038245576861,0.557138526826311,0.8735220739776548,0.2541993281075028,0.3713189547905433,0.8832549388523048,0.5065910560612844,0.3379829339714726,0.2177085324667049,0.159874067365334,0.1296262423022986
0.0906036952870269,0.188473355228308,0.5534252803879963,0.8622410239722312,0.2625046659201195,0.3728743260058068,0.8997177798682972,0.5144505795154952,0.3408482634843666,0.2190467087236347,0.1620304480959158,0.1329187244680202
0.0957415275170437,0.1961012819154571,0.5549408911791452,0.8555157826228441,0.2639977603583427,0.3776441310659478,0.9247412982126058,0.5259911456001592,0.3454768726975031,0.221882367934748,0.1665588476301376,0.1391988293396744
0.0875407568422092,0.1903803369000953,0.557138526826311,0.863000325414904,0.2587719298245614,0.3762961426793861,0.9410159924741296,0.5303686017012387,0.3458862054850594,0.2201618556044096,0.1638418079096045,0.1373087006889824
0.0739057405394723,0.1727937281491683,0.5550166717187026,0.8794880138843694,0.2536394176931691,0.3663417669017005,0.938758231420508,0.5273342287220812,0.3422336975345572,0.2144268145032817,0.1559494544356751,0.1270044509481129
0.0731153048117775,0.1691916516580145,0.5530463776902091,0.8816574465777199,0.2544792833146697,0.3632310244711738,0.935653809971778,0.525195244490872,0.340312982146793,0.2100299496590836,0.1514210549014534,0.1209682336442899
0.0844778183973915,0.1837059010488399,0.5547135495604729,0.8679900206096106,0.2587719298245614,0.3714226462048942,0.9424270931326432,0.5310650151718649,0.3432412859346957,0.2116548779710699,0.1532324147151421,0.1268215352722395
0.0917893488785693,0.195041847653353,0.5572143073658685,0.8582275734895324,0.2607316162747294,0.3786810452094566,0.9509877704609596,0.5400686464706761,0.3469882552977109,0.214936595934493,0.1574157933324708,0.1337113590634717
0.0924809801403023,0.1972666596037715,0.5582752349196727,0.856708970604187,0.2604516610675625,0.3804437992534218,0.9476011288805268,0.5415609610505895,0.3470827167102239,0.2143312304849295,0.157027644800966,0.1346869093347966
0.082699338010078,0.1845534484585231,0.5566838435889664,0.8685323787829483,0.2567189249720045,0.3731854002488594,0.9358419567262464,0.537631199323484,0.3426430303221134,0.2076084878608296,0.14922154655626,0.1268215352722395
0.0775615057800612,0.1736412755588515,0.5528190360715369,0.876993166287016,0.2567189249720045,0.3652011613438407,0.9306679209783628,0.5368850420335274,0.3399036493592368,0.2024788122092652,0.1428386595937379,0.1202365709407963
0.0888252148997134,0.1781968428858989,0.5474386177629584,0.8684239071482807,0.2653975363941769,0.3637494815429282,0.9447789275634996,0.5450927722230513,0.3428634402846438,0.2036576817689415,0.1453831888558244,0.1240168282421803
0.1014721865428317,0.1784087297383197,0.5379660503182783,0.861373250894891,0.2771556550951848,0.357320613853173,0.9634054562558796,0.5570810326816894,0.3470197424352153,0.2057286688332377,0.1487902704101436,0.1299920736540455
0.1010769686789843,0.16537768831444,0.5288723855713853,0.8683154355136132,0.2825681224337439,0.344773952716715,0.9732831608654752,0.5642441426652739,0.3483736893479014,0.2050277193653221,0.1474101867425712,0.1302969331138345
0.0896156506274083,0.1455662676130946,0.5234919672628069,0.8848031239830784,0.280515117581187,0.33139776026545,0.9685794920037628,0.5643436303039348,0.3463899996851287,0.2007901612183776,0.1419329796868935,0.1235900249984757
0.0888252148997134,0.1348659815658438,0.5165201576235223,0.8906605922551253,0.284434490481523,0.3213396930734135,0.9716839134524928,0.5700641695269363,0.3486570735854404,0.1997068756770534,0.1408979169362142,0.1212121212121212
0.1091789348878569,0.1441890030723593,0.5074264928766293,0.8747152619589977,0.299645390070922,0.3196806304437992,0.9824082784571968,0.5809083221409741,0.3546711168487673,0.2037851271267444,0.147668952430241,0.1306627644655813
0.1282481968184962,0.1571141010700285,0.5021218551076084,0.8576852153161948,0.3118701007838746,0.3223766072169224,0.9866415804327376,0.5902601601750983,0.3610944928996505,0.2099025043012808,0.1563807305817915,0.1430400585330163
0.1338800513783223,0.1547833456933997,0.4962109730221279,0.8557327258921792,0.3182157521463233,0.3171920364993779,0.9746001881467544,0.5922996567676467,0.3641487452375704,0.2138533103931689,0.16082287488679,0.1482836412413877
0.1304218950696571,0.1431295688102553,0.4904516520157624,0.8636511552229093,0.3200821201941023,0.3076524263790958,0.9507055503292569,0.5851862906033926,0.362668849774867,0.2144905371821831,0.1607797472721784,0.1470642034022315
0.1404011461318051,0.1481089098421442,0.4863595028796605,0.8556242542575115,0.3272676371780515,0.3072376607216922,0.9289746001881468,0.5810078097796348,0.3643691552001007,0.2187280953291276,0.1657394229525165,0.1536491677336748
0.1589763857326351,0.1731115584277995,0.4899969687784177,0.8325197960733268,0.3338932437476671,0.3219618415595189,0.924082784571966,0.5840421827587923,0.3716111968260966,0.2295928120818199,0.1795402596282399,0.1680385342357173
0.1723149886374864,0.1968428858989299,0.4968172173385874,0.8131033734678382,0.335946248600224,0.3382413936126089,0.9211665098777044,0.5849873153260707,0.3770269844768413,0.24080800356847,0.1944624142838659,0.1830376196573379
0.1694496591245924,0.2086026062082847,0.5073507123370719,0.8086560364464692,0.3281075027995521,0.3512028204064704,0.9061147695202256,0.5775257424265036,0.3779086243269624,0.2477219142292742,0.2029154267477466,0.1910859093957685
0.1612488884497579,0.2184553448458523,0.5206880872991816,0.8081136782731316,0.3160694288913774,0.3650974699294898,0.8826904985888994,0.5639954235686216,0.3742561163764602,0.2503982667431338,0.2059774873851727,0.1900493872324858
0.1612488884497579,0.2380548786947769,0.5347074871173083,0.7981342878837184,0.3073908174692049,0.3842803815844048,0.8644402634054561,0.5519574192906531,0.3715167354135836,0.2539985981010642,0.2094708241687152,0.1908420218279373
0.1720185752396008,0.2626337535755906,0.5440284934828736,0.77958563835557,0.3067375886524823,0.4027374533388635,0.8598306679209784,0.5485748395761827,0.3734059636638434,0.261167399477474,0.2189588993832751,0.2004146088653131
0.1784408655271218,0.2805381926051488,0.5519096695968475,0.7668944570994685,0.3048712206047032,0.4168394856905848,0.8576669802445908,0.5435507138238074,0.3737208350388866,0.2671254699547569,0.2268943804718161,0.2079751234680812
0.169746072522478,0.2782074372285199,0.5569111852076387,0.7728603970061828,0.297685703620754,0.4192243882206553,0.8542803386641581,0.5323583544744566,0.3701942756384018,0.2667749952207991,0.2263337214818648,0.2063288823852204
0.1489971346704871,0.2667655471977963,0.5646408002424977,0.7901073869183208,0.2832213512504666,0.4189133139776027,0.8432737535277516,0.5190270108938965,0.3632671053874492,0.2625055757344039,0.2201664725924009,0.1955368575086885
0.1410927773935382,0.2700497934103189,0.5730524401333738,0.7927107061503418,0.2742627846211273,0.426171712982165,0.8351834430856068,0.5102223548724072,0.3587014704493215,0.2600841139361499,0.2173631776426446,0.1894396683129077
0.146922240885288,0.287954232439877,0.5813882994846924,0.7803449397982428,0.2719298245614035,0.44068851099129,0.8444967074317968,0.5113167188976769,0.360086904499512,0.2633658318995731,0.2216759391038082,0.195049082373026
0.1523564865131904,0.3015149909948087,0.5869202788723856,0.7704740210434972,0.2710899589399029,0.4510576524263791,0.8540921919096895,0.5146495547928169,0.3632671053874492,0.2675078060281654,0.2280156984517186,0.2027315407597097
0.1438593024404703,0.2998198961754423,0.5922249166414064,0.7760060744115413,0.2637178051511759,0.4538573206138531,0.8526810912511757,0.5116649256329902,0.3617557227872414,0.2662970751290384,0.2274119118471557,0.2002926650813974
0.1318051575931232,0.2886958364233499,0.593513185813883,0.7882633691289728,0.2572788353863382,0.4492948983824139,0.8389463781749765,0.5008705168382829,0.3555212695613842,0.2605938953673612,0.2199077069047311,0.1899274434485702
0.1299278727398478,0.2867888547515626,0.5935889663534405,0.7903243301876559,0.2563456513624487,0.4484653670676068,0.82793979303857,0.4941053574093419,0.3521521458484209,0.2572165933855859,0.215293052141286,0.1837083104688738
0.1373382076869874,0.3005615001589151,0.5977568960290996,0.7792602234515674,0.2572788353863382,0.4580049771878888,0.8349012229539041,0.4982838382330996,0.3556157309738972,0.2607532020646148,0.2188726441540518,0.1888909212852875
0.1435628890425847,0.3116855599110075,0.6010154592300698,0.7701486061394945,0.2582120194102277,0.4657818332642057,0.8404515522107244,0.5047007909267274,0.360181365912025,0.2661377684317849,0.225600552033467,0.1985854521065788
0.1417844086552712,0.3054348977645937,0.5978326765686572,0.7742705282568608,0.2593318402388951,0.4604935711323103,0.8333019755409218,0.5039048898174402,0.3608425957996159,0.266233352450137,0.2259455729503601,0.1991341991341991
0.129829068273886,0.2892255535544019,0.595407699302819,0.7891311422063131,0.2552258305337813,0.4509539610120283,0.8222953904045155,0.4983833258717604,0.3566548065115401,0.2620913783215446,0.2206840039677405,0.1920614596670934
0.1303230906036953,0.280326305752728,0.5886632312822068,0.7934700075930144,0.259611795446062,0.4419328079635006,0.8183443085606773,0.4976371685818038,0.354450706886237,0.2603708659912062,0.2176219433303144,0.1878543991220047
0.1436616935085466,0.2876364021612458,0.5836617156714156,0.7822974292222583,0.2689436356849571,0.4421401907922024,0.8269990592662276,0.5046510471073969,0.3589533675493561,0.2645447014592493,0.2220209600207012,0.1936467288579964
0.151170832921648,0.2940989511600804,0.582525007578054,0.774921358064866,0.2732362821948488,0.4445250933222729,0.8360301034807149,0.5117146694523206,0.3634245410749709,0.2685910915694896,0.2271100185448742,0.2005975245411865
0.1530481177749234,0.2883780061447187,0.5769930281903608,0.7767653758542141,0.2774356103023516,0.4378888428038158,0.8273753527751646,0.5089787593891459,0.3621020812997891,0.2676033900465175,0.226549359554923,0.1991951710261569
0.144748542634127,0.2755588515732598,0.5741891482267354,0.7879379542249701,0.2752892870474058,0.4296972210700954,0.8117591721542803,0.5014674426702482,0.3566548065115401,0.2620913783215446,0.2205977487385173,0.1923053472349247
0.1422784309850805,0.2710032842462125,0.572749317975144,0.7916259898036664,0.2750093318402389,0.4264827872252178,0.812793979303857,0.4985823011490822,0.3544192197487326,0.2598929458994456,0.2174925604864795,0.1881592585817938
0.1527517043770378,0.2833986651128297,0.5737344649893907,0.77958563835557,0.2793019783501306,0.4332227291580257,0.8247412982126059,0.5047505347460578,0.3582921376617652,0.2634614159179252,0.2218915771768663,0.1940735321017011
0.1603596482561012,0.2915563089310308,0.5736586844498334,0.7712333224861699,0.2829413960432997,0.4371630029033596,0.839981185324553,0.5128587772969209,0.3636134638999969,0.2679220034410247,0.2270668909302626,0.2026705688677519
0.1586799723347495,0.2818095137196736,0.5679751439830252,0.7770907907582167,0.2857409481149683,0.4284529240978847,0.8438381937911571,0.5158434064567478,0.3646840265751441,0.268431784872236,0.2272394013887092,0.20328028778733
0.1479102855449066,0.2623159232969593,0.562291603516217,0.7930361210543443,0.2840612168719671,0.4150767316466196,0.8365945437441203,0.5112172312590161,0.3601183916370163,0.2642260880647423,0.2215465562599732,0.1956588012926041
0.1445509337022033,0.2560652611505455,0.560397090027281,0.7980258162490509,0.2836879432624113,0.4107216922438822,0.832173095014111,0.5066905436999454,0.3571900878491136,0.261390428853629,0.2174925604864795,0.1888909212852875
0.148305503408754,0.2624218667231698,0.5620642618975448,0.7927107061503418,0.284434490481523,0.4149730402322688,0.8428033866415804,0.5111674874396857,0.3599609559494947,0.2640986427069394,0.2203821106654591,0.1915127126394732
0.1519612686493429,0.2714270579510541,0.5657017277963019,0.7860939364356221,0.2839678984695782,0.4219203649937785,0.8586077140169331,0.517534696313983,0.3639913095500488,0.2679538647804754,0.225126148272739,0.1977318456191695
0.1443533247702796,0.2669774340502172,0.5682782661412549,0.7924937628810066,0.278742067935797,0.4215055993363749,0.8575729068673564,0.5151469929861215,0.3632985925249536,0.2663607978079398,0.2241342131366714,0.1948661666971526
0.1366465764252544,0.2576544125437016,0.567596241285238,0.8014969085584119,0.2755692422545726,0.4164247200331813,0.8415804327375354,0.5040541212754315,0.3575679334991656,0.2610718154591219,0.217665070944926,0.1866959331748064
0.1346704871060172,0.2621040364445386,0.5722946347377993,0.8004121922117367,0.2716498693542367,0.4218166735794277,0.8318908748824082,0.4968412674725165,0.3536950155861331,0.2584273242847129,0.2152067969120628,0.1830985915492957
0.1411915818595,0.2847759296535649,0.5835101545923007,0.7852261633582818,0.2679171332586786,0.440584819576939,0.8385700846660394,0.5004725662836393,0.3563714222740011,0.2613267061747276,0.2204252382800707,0.1890128650692031
0.1426736488489279,0.2985485750609175,0.5922249166414064,0.7773077340275518,0.2631578947368421,0.4533388635420987,0.8517403574788334,0.506441824603293,0.3602128530495292,0.2646084241381508,0.2252986587311856,0.1957807450765197
0.1384250568125679,0.2960059328318677,0.593664746892998,0.780995769606248,0.2602650242627846,0.453027789299046,0.8467544684854186,0.5024125752375267,0.3580717276992349,0.2631428025234181,0.2223228533229827,0.193768672641912
0.1242960181800217,0.2806441360313592,0.593513185813883,0.7965072133637053,0.2537327360955581,0.445458316051431,0.8302916274694262,0.4910212406108541,0.3505148146981958,0.2561651691837125,0.2123603743476948,0.1810865191146881
0.1182689457563481,0.2785252675071511,0.5966201879357381,0.8009545503850743,0.2489734975737215,0.4464952301949398,0.8234242709313264,0.4846540317365567,0.3462010768601027,0.252692283183585,0.2077025919696381,0.1746234985671605
0.1296314593419622,0.2925097997669244,0.5979084571082146,0.7875040676863001,0.2535460992907801,0.4541683948569058,0.8347130761994356,0.489230463114958,0.3485940993104317,0.2560377238259096,0.2122741191184715,0.1815133223583928
0.1384250568125679,0.3026803686831232,0.5985147014246742,0.7775246772968869,0.2573721537887271,0.4596640398175031,0.8456255879586078,0.4934586877580461,0.3521206587109166,0.259415025807685,0.2185276232371587,0.1906591061520639
0.1302242861377334,0.2970653670939718,0.60071233707184,0.7849007484542792,0.2520530048525569,0.4583160514309415,0.8427093132643462,0.4903745709595583,0.3501369690481439,0.2577900974956987,0.2169319014965282,0.1896225839887811
0.1156012251753779,0.2809619663099904,0.6004092149136102,0.8011714936544094,0.2453340798805524,0.4503318125259228,0.8228598306679209,0.4799781127194946,0.3430208759721654,0.2519594723762187,0.2091689308664338,0.1787695872202914
0.1113526331390178,0.2796906451954656,0.6027584116398909,0.8041002277904328,0.2419746173945502,0.4512650352550809,0.8126058325493885,0.4750534746057802,0.3399351364967411,0.2491556745045562,0.2056755940828912,0.1739528077556246
0.1250864539077166,0.293463290602818,0.602076386783874,0.7895650287449832,0.2488801791713326,0.4574865201161344,0.8175917215428035,0.4805750385514599,0.343650618722252,0.2529471738991907,0.2112390563677923,0.1825498445216755
0.1389190791423772,0.3006674435851255,0.5966201879357381,0.7782839787395596,0.2587719298245614,0.4572791372874326,0.8299153339604891,0.4888822563796448,0.3485940993104317,0.2583317402663608,0.2178807090179842,0.1916956283153466
0.1350657049698646,0.2915563089310308,0.5930585025765384,0.7850092200889468,0.2590518850317282,0.4504355039402737,0.8266227657572907,0.4882853305476795,0.3478384080103278,0.2576307907984452,0.2169750291111398,0.1893177245289921
0.1263709119652208,0.281385740014832,0.5924522582600789,0.7949886104783599,0.2554124673385592,0.4450435503940274,0.8079021636876763,0.4802765756354773,0.3422336975345572,0.2524055311285286,0.2105490145340061,0.1812084628986037
0.128347001284458,0.2832927216866193,0.592300697180964,0.7930361210543443,0.2564389697648376,0.4458730817088345,0.7958607714016933,0.4764463015470327,0.3395572908466892,0.2503664054036832,0.2085220166472592,0.1792573623559539
0.1378322300167967,0.2913444220786099,0.5907093058502577,0.7837075604729363,0.2618514371033968,0.4486727498963086,0.8033866415804327,0.4798786250808337,0.3417928776094965,0.2529790352386414,0.2114978220554621,0.18492774830803
0.1414879952573856,0.2928276300455556,0.5890421339799939,0.7808872979715804,0.2645576707726764,0.4483616756532559,0.8107243650047037,0.4823160722280257,0.3432097987971914,0.2538711527432613,0.2146892655367231,0.1901713310164014
0.1374370121529493,0.2835046085390401,0.5854804486207942,0.7878294825903027,0.2648376259798432,0.4413106594773953,0.8053621825023517,0.4779883599462766,0.3403444692842974,0.250716880137641,0.2115840772846854,0.1868788488506798
0.1296314593419622,0.26771903803369,0.5801758108517733,0.8001952489424016,0.2644643523702874,0.430008295313148,0.7925682031984947,0.4705267870467094,0.3351805787335873,0.2455553431466259,0.2053305731659982,0.1780379245167977
0.1285446102163817,0.269308189426846,0.5821461048802667,0.800086777307734,0.2626913027248974,0.4320821236001659,0.7901222953904045,0.4672436949708999,0.3336377089958752,0.2439304148346396,0.2036485961961444,0.176391683433937
0.1393142970062247,0.2860472507680898,0.5858593513185815,0.7855515782622845,0.2655841731989549,0.4427623392783078,0.8016933207902164,0.4735611600258668,0.3383607796215246,0.2486140317338941,0.2097727174709966,0.1850496920919456
0.1490959391364489,0.2950524419959741,0.5847984237647772,0.7755721878728713,0.2708100037327361,0.4464952301949398,0.8167450611476952,0.4809729891061036,0.3428634402846438,0.2539985981010642,0.2161124768189071,0.1929150661545027
0.1414879952573856,0.2872126284564042,0.5850257653834495,0.7838160321076039,0.2670772676371781,0.4428660306926587,0.8201317027281279,0.4809729891061036,0.3422651846720615,0.2530108965780921,0.2141286065467719,0.1899274434485702
0.1302242861377334,0.2789490412119927,0.5877538648075175,0.7941208374010196,0.2600783874580067,0.44068851099129,0.8140169332079022,0.4766452768243546,0.3384237538965333,0.248295418339387,0.2066244016043472,0.1805987439790256
0.1271613476929157,0.2821273439983048,0.5924522582600789,0.7942293090356871,0.255785740948115,0.4453546246370801,0.8130761994355596,0.4736606476645276,0.3362511414087346,0.246415599311795,0.2030016819769698,0.1746844704591183
0.1311135263313901,0.2960059328318677,0.5992725068202486,0.7849007484542792,0.2534527808883912,0.4568643716300291,0.82483537158984,0.477142715017659,0.3376995497339337,0.2477219142292742,0.2058481045413378,0.1782818120846289
0.1336824424463986,0.3043754635024896,0.603288875416793,0.7792602234515674,0.2521463232549459,0.4637080049771879,0.8337723424270931,0.4809232452867731,0.3393998551591675,0.2496654559357675,0.2094708241687152,0.1820010974940552
0.1261733030332971,0.2988664053395486,0.6051076083661715,0.7862024080702895,0.2474804031354983,0.4622563251762754,0.8292568203198495,0.4777893846689549,0.3372272426713688,0.2476581915503727,0.2070988053650752,0.1788305591122492
0.1149095939136449,0.2893314969806123,0.6069263413155502,0.7972665148063781,0.2410414333706607,0.458834508502696,0.8165569143932266,0.4687360095508133,0.3322207878081804,0.2430382973300197,0.2007590460171648,0.1696238034266203
0.1142179626519118,0.2901790443902955,0.6080630494089118,0.7972665148063781,0.2400149309443822,0.4599751140605558,0.810912511759172,0.4650052231010297,0.3297333039453383,0.2409354489262728,0.1972657092336223,0.1654167428815316
0.1186641636201956,0.3036338595190168,0.6142770536526221,0.7879379542249701,0.2383351997013811,0.4708627125673994,0.8205079962370649,0.4696313982987614,0.3322207878081804,0.2437711081373861,0.1993358347349808,0.1708432412657765
0.1193557948819286,0.3140163152876363,0.6212488632919067,0.7821889575875909,0.2343225083986562,0.4807133969307341,0.8317968015051739,0.4750534746057802,0.3357473472086653,0.2475307461925699,0.2035192133523095,0.177306261813304
0.1104633929453611,0.2999258396016527,0.6179145195513792,0.7942293090356871,0.2321761851437103,0.4715885524678557,0.8260583254938852,0.4707257623240312,0.33294499197078,0.2445039189447524,0.2000690041833786,0.1724894823486372
0.0959391364489675,0.2784193240809408,0.6136708093361625,0.8133203167371732,0.2279768570362075,0.4581086686022397,0.8134524929444967,0.4607272546386111,0.3260493088573318,0.2374307015866947,0.1917453745633329,0.1613925980123163
0.0959391364489675,0.2734399830490517,0.6100333434374053,0.8158151643345265,0.2301231802911534,0.4532351721277478,0.8074317968015051,0.456051335621549,0.3229320822444032,0.2338940929076658,0.1876913787898391,0.1557222120602402
0.1078944768303527,0.282445174276936,0.6073810245528948,0.8046425859637705,0.2374020156774916,0.4558274574865202,0.8164628410159923,0.4621698253991942,0.3259233603073145,0.237398840247244,0.1927804373140121,0.1623071763916834
0.1178737278925007,0.2845640428011441,0.601242800848742,0.7981342878837184,0.2459873086972751,0.4526130236416424,0.8260583254938852,0.4685370342734915,0.3295443811203123,0.2411903396418785,0.1979557510674084,0.1694408877507469
0.1137239403221025,0.2730162093442101,0.5961655046983934,0.8062696604837835,0.2471071295259425,0.443488179178764,0.8169332079021637,0.4646072725463861,0.3274662300450266,0.2390874912381316,0.1964031569413895,0.1675507591000548
0.1063136053749629,0.258819790232016,0.5916944528645044,0.8175507104892071,0.2463605823068309,0.4335338034010784,0.7999999999999999,0.4563000547182013,0.3224597751818382,0.2344675970177786,0.1896321214473627,0.1596244131455399
0.1068076277047722,0.2645407352473778,0.5953319187632616,0.8144050330838486,0.244307577454274,0.4388220655329738,0.7905926622765757,0.4537631199323484,0.3222078780818036,0.2346587650544829,0.189718376676586,0.1598073288214133
0.1189605770180812,0.2880601758660874,0.6029099727190057,0.7957479119210327,0.2454273982829414,0.4554126918291166,0.7931326434619002,0.4605282793612894,0.3268050001574357,0.2408398649079207,0.1977401129943503,0.1698067191024937
0.1256792807034878,0.3003496133064943,0.6065474386177631,0.7857685215316196,0.2463605823068309,0.4639153878058897,0.8020696142991534,0.4667960005969258,0.3312446865455462,0.2454916204677245,0.2042092551860956,0.1769404304615572
0.1206402529394328,0.2952643288483949,0.6066989996968778,0.7910836316303287,0.2439343038447181,0.4616341766901701,0.7967074317968016,0.4654529174750038,0.3307094052079726,0.2443446122474989,0.2028291715185233,0.1741966953234559
0.1132299179922932,0.2817035702934632,0.6027584116398909,0.8020392667317496,0.2428144830160507,0.4521982579842389,0.7863593603010348,0.4597821220713326,0.3257659246197928,0.2395654113298923,0.1968344330875059,0.1665752088287299
0.1178737278925007,0.2787371543595719,0.5970748711730828,0.8010630220197419,0.2485069055617768,0.4469099958523433,0.7858889934148636,0.4594339153360194,0.3251361818697063,0.2386732938252724,0.1958424979514383,0.1664532650448143
0.1318051575931232,0.2882720627185082,0.5932100636556532,0.7885887840329754,0.2574654721911161,0.4488801327250104,0.7920978363123236,0.4653036860170124,0.3290720740577474,0.2426240999171605,0.2011471945486695,0.1733430888360466
0.139808319336034,0.297383197372603,0.5935889663534405,0.7794771667209025,0.2610115714818962,0.4536499377851514,0.7984948259642521,0.4688354971894742,0.3324097106332064,0.2465430446695979,0.2064950187605123,0.1805377720870678
0.1366465764252544,0.2938870643076596,0.593513185813883,0.7829482590302637,0.259518477043673,0.4518871837411862,0.7912511759172154,0.4643088096304034,0.3305834566579552,0.2449499776970624,0.2039936171130374,0.1790744466800805
0.1257780851694496,0.2799025320478864,0.5919217944831767,0.7961817984597027,0.2554124673385592,0.4439029448361676,0.7808090310442145,0.4580908322140974,0.3260807959948361,0.2405531128528643,0.1989045585888644,0.1723065666727638
0.1252840628396403,0.281915457145884,0.5937405274325553,0.7953140253823625,0.2541060097051139,0.4461841559518871,0.7792097836312324,0.457046212008158,0.3255140275197582,0.2390556298986809,0.1984732824427481,0.1709042131577343
0.1361525540954451,0.2985485750609175,0.5973022127917551,0.7808872979715804,0.2569988801791714,0.4567606802156781,0.7938852304797742,0.4646570163657166,0.3311817122705375,0.2438985534951889,0.2046836589468236,0.1775501493811353
0.1415867997233475,0.3064943320266977,0.5987420430433466,0.7738366417181907,0.2586786114221724,0.4616341766901701,0.8095014111006584,0.4712729443366661,0.3351176044585787,0.2477856369081756,0.2090395480225989,0.1823059569538443
0.1295326548760003,0.2971713105201822,0.6013185813882994,0.7852261633582818,0.2513997760358343,0.458834508502696,0.8084666039510819,0.4679401084415261,0.3320633521206587,0.2451730070732173,0.2042523828007073,0.176391683433937
0.1132299179922932,0.2838224388176713,0.6041982418914822,0.8010630220197419,0.2418812989921612,0.4542720862712567,0.7996237064910631,0.4611252051932548,0.327308794357505,0.2401707767794558,0.1975244749212921,0.1665752088287299
0.1116490465369034,0.287424515308825,0.6080630494089118,0.800086777307734,0.2388017917133258,0.458730817088345,0.8021636876763876,0.4610257175545939,0.3272458200824963,0.2394698273115401,0.1964462845560012,0.1635875861227974
0.1222211243948226,0.3016209344210191,0.6101091239769627,0.7869617095129623,0.2425345278088839,0.4670261302364165,0.816274694261524,0.4683380589961697,0.3315910450580938,0.2431338813483719,0.2013628326217277,0.1697457472105359
0.1304218950696571,0.3077656531412225,0.6082903910275841,0.7792602234515674,0.2475737215378873,0.4687888842803815,0.8265286923800564,0.4735611600258668,0.3348027330835354,0.2462244312750908,0.2045542761029887,0.1759648801902323
0.1211342752692421,0.3000317830278631,0.6097302212791755,0.7883718407636403,0.2422545726017171,0.4659892160929075,0.8207902163687676,0.4708252499626921,0.33294499197078,0.2442808895685974,0.2014059602363393,0.1723675385647216
0.1077956723643908,0.2882720627185082,0.6115489542285542,0.801713851827747,0.2348824188129899,0.4615304852758192,0.8038570084666039,0.4627170074118291,0.3272773072200006,0.238609571146371,0.1945917971277009,0.1636485580147552
0.1092777393538187,0.2900731009640851,0.6117762958472265,0.7999783056730665,0.2353490108249347,0.462567399419328,0.8020696142991534,0.4619211063025419,0.3262382316823577,0.2372713948894411,0.1933410963039634,0.1630998109871349
0.1191581859500049,0.3010912172899671,0.6120036374658988,0.788914198936978,0.2399216125419933,0.4680630443799253,0.8111006585136405,0.4676416455255434,0.3294499197077994,0.2404575288345122,0.1979988786820201,0.168770196939211
0.1208378618713565,0.3022565949782815,0.611700515307669,0.7873955960516325,0.2408547965658828,0.468374118622978,0.8191909689557855,0.4709744814206835,0.3320633521206587,0.242783406614414,0.2001983870272135,0.1743186391073715
0.1102657840134374,0.2865769678991418,0.6085177326462564,0.8012799652890769,0.2378686076894363,0.4585234342596433,0.8159924741298211,0.4669452320549171,0.3293554582952864,0.2392467979353852,0.1958424979514383,0.1691360282909579
0.0965319632447386,0.2676130946074795,0.6054865110639589,0.8185269552012149,0.2332026875699888,0.4472210700953961,0.8063969896519284,0.4585385265880715,0.3228376208318902,0.2324284712929331,0.1871307197998878,0.1575513688189744
0.0927773935381879,0.264858565526009,0.6063958775386481,0.8218895758759084,0.2309630459126539,0.4464952301949398,0.8045155221072436,0.4549569715962792,0.3203501369690482,0.2301025935130312,0.1842411696209082,0.1537101396256326
0.1021638178045647,0.2836105519652505,0.6126098817823582,0.8071374335611238,0.2315229563269877,0.4598714226462049,0.8078080903104422,0.4563000547182013,0.3223653137693252,0.233543618173708,0.1897615042911976,0.1613925980123163
0.1094753482857425,0.3031041423879648,0.6208699605941195,0.7932530643236794,0.2298432250839866,0.475114060555786,0.8040451552210724,0.4567974929115058,0.324254542019585,0.2374307015866947,0.1954974770345452,0.1680995061276751
0.1040411026578401,0.3088250874033266,0.629205819945438,0.7932530643236794,0.2221911160880926,0.4836167565325591,0.7887111947318909,0.4524697806297568,0.3221449038067949,0.2358694959536099,0.1932117134601285,0.1660264618011097
0.0937654381978065,0.3008793304375463,0.6314034555926038,0.8030155114437575,0.2160321015304218,0.4812318540024886,0.7713076199435559,0.4429189673183107,0.3166976290185459,0.2304849295864398,0.1858800189761504,0.155783183952198
0.0994960972235945,0.3042695200762792,0.6294331615641103,0.7980258162490509,0.2198581560283688,0.4815429282455413,0.7691439322671683,0.4417251156543799,0.3162568090934853,0.2301981775313834,0.1854918704446457,0.1554173526004512
0.1143167671178737,0.3173005615001588,0.6274628675356169,0.7832736739342662,0.2281634938409854,0.486520116134384,0.7788334901222953,0.4510769536885042,0.3226172108693599,0.2365385840820748,0.1933410963039634,0.1663313212608987
0.127655370022725,0.3229155630893102,0.6211730827523492,0.7730773402755179,0.2383351997013811,0.4849647449191208,0.7862652869238006,0.4575436502014625,0.3275292043200353,0.2415408143758363,0.1997239832664855,0.1760258520821901
0.1265685208971445,0.311049899353745,0.6135192482570475,0.7796941099902376,0.2425345278088839,0.4739734549979262,0.7786453433678269,0.4558026165248968,0.3257974117572972,0.2396291340087937,0.1979557510674084,0.1740747515395402
0.1180713368244244,0.2951583854221845,0.6087450742649289,0.7924937628810066,0.2414147069802165,0.4629821650767317,0.765569143932267,0.4503307963985475,0.321483673919204,0.2354552985407506,0.1921335230948376,0.1664532650448143
0.1203438395415472,0.2947346117173429,0.6066232191573204,0.7915175181689988,0.2437476670399403,0.4613231024471174,0.7651928504233302,0.4504302840372084,0.3216411096067257,0.235519021219652,0.1915297364902747,0.165904518017194
0.1322991799229325,0.3043754635024896,0.6043498029705971,0.7800195248942401,0.2508398656215005,0.4644338448776441,0.7807149576669803,0.4595831467940109,0.3273402814950093,0.2414452303574842,0.1983438995989132,0.1743186391073715
0.1374370121529493,0.3070240491577497,0.6023037284025463,0.7757891311422064,0.2545726017170586,0.4643301534632932,0.7962370649106302,0.4669452320549171,0.3310557637205202,0.2452048684126681,0.2044680208737655,0.1807816596548991
0.1293350459440767,0.2983366882084966,0.6023037284025463,0.7846838051849442,0.2506532288167226,0.4600788054749067,0.7979303857008466,0.4646570163657166,0.329418432570295,0.2433250493850761,0.2019666192262906,0.1774891774891775
0.1178737278925007,0.2838224388176713,0.6007881176113974,0.7984597027877209,0.2462672639044419,0.4519908751555371,0.7912511759172154,0.4578421131174452,0.3246009005321326,0.2382272350729624,0.1945055418984776,0.1682824218035485
0.1131311135263313,0.2781014938023095,0.6003334343740527,0.8039917561557653,0.244307577454274,0.4488801327250104,0.798024459078081,0.455603641247575,0.3226486980068642,0.2354552985407506,0.1896752490619744,0.1620632888238522
0.1197510127457761,0.2881661192922979,0.6023795089421037,0.795205553747695,0.246173945502053,0.4551016175860639,0.810912511759172,0.4612246928319156,0.3253880789697408,0.237398840247244,0.1931254582309052,0.1658435461252363
0.1243948226459835,0.2921919694882932,0.6017732646256442,0.790541273456991,0.2486935423665547,0.4566569888013272,0.8147695202257761,0.4649057354623688,0.3274662300450266,0.2388644618619766,0.1960150084098848,0.1697457472105359
0.11411915818595,0.2738637567538934,0.5963928463170658,0.8056188306757782,0.2471071295259425,0.4441103276648694,0.8073377234242708,0.4601800726259762,0.3242860291570894,0.2353597145223985,0.1915297364902747,0.1632217547710505
0.1001877284853275,0.2550058268884415,0.593664746892998,0.8228658205879162,0.2422545726017171,0.4330153463293239,0.7991533396048919,0.4532159379197134,0.3193740357064139,0.2296246734212706,0.1839824039332384,0.1535272239497591
0.1001877284853275,0.2552177137408624,0.5938163079721127,0.8227573489532487,0.2421612541993281,0.4332227291580257,0.7994355597365945,0.4542108143063225,0.318712805818823,0.2294653667240171,0.1833354897140639,0.1536491677336748
0.1149095939136449,0.2732280961966309,0.595407699302819,0.8055103590411108,0.248133631952221,0.4430734135213604,0.8095014111006584,0.4613241804705765,0.3233414150319595,0.233989676926018,0.1902359080519256,0.1629778672032193
0.1191581859500049,0.2835046085390401,0.5994998484389209,0.7979173446143834,0.2475737215378873,0.4508502695976774,0.8207902163687676,0.4659503556683082,0.3279070499700872,0.2378448989995539,0.1954974770345452,0.168465337479422
0.1116490465369034,0.2829748914079881,0.6048802667474993,0.8023646816357523,0.2407614781634938,0.4543757776856077,0.8167450611476952,0.4633139332437944,0.326930948707453,0.2369846428343847,0.193384223918575,0.1654167428815316
0.1050291473174587,0.2820214005720944,0.6092755380418309,0.8064866037531185,0.2348824188129899,0.4568643716300291,0.8064910630291627,0.4573944187434711,0.3235303378569854,0.2336392021920601,0.1886401863112951,0.1604170477409914
0.1069064321707341,0.2962178196842885,0.6179903000909366,0.7981342878837184,0.2304031354983203,0.4698257984238905,0.8030103480714957,0.4593344276973585,0.3258603860323058,0.2358057732747084,0.1909690775003235,0.1613925980123163
0.1159964430392253,0.3125331073206907,0.6226886935434981,0.7847922768196117,0.2318962299365435,0.4809207797594359,0.8132643461900282,0.4675421578868825,0.3312446865455462,0.2420505958070477,0.1980851339112433,0.1698676909944515
0.117676118960577,0.3139103718614259,0.6223855713852683,0.7831652022995986,0.232829413960433,0.4814392368311903,0.8221072436500471,0.4730637218325623,0.3345823231210051,0.2453004524310202,0.2023978953724069,0.1756600207304432
0.1123406777986365,0.3014090475685983,0.617535616853592,0.7924937628810066,0.2332960059723777,0.4720033181252593,0.8142050799623706,0.4701288364920658,0.332472684908215,0.2431338813483719,0.1992495795057575,0.1708432412657765
0.1037446892599545,0.2932514037503972,0.6182934222491664,0.8013884369237444,0.2288167226577081,0.4684778100373289,0.8026340545625588,0.464706760185047,0.3287572026827041,0.2402982221372586,0.1951093285030405,0.164989939637827
0.1109574152751704,0.3118974467634283,0.6261745983631404,0.7878294825903027,0.2273236282194849,0.4830982994608046,0.8003762935089369,0.4652041983783515,0.3299222267703643,0.241572675715287,0.1971363263897874,0.1673068715322236
0.1256792807034878,0.3324504714482466,0.6295089421036678,0.7692808330621542,0.2321761851437103,0.4954375777685608,0.8066792097836312,0.4688852410088047,0.3330709405207973,0.245427897788823,0.2029585543623582,0.1750503018108652
0.1292362414781148,0.3372179256277147,0.6301909669596848,0.7649419676754529,0.2334826427771557,0.4981335545416839,0.8115710253998117,0.4708749937820226,0.3348657073585441,0.2473077168164149,0.2064518911459007,0.1802938845192366
0.1228139511905938,0.3266235830066744,0.6274628675356169,0.7738366417181907,0.2320828667413214,0.4911862297801742,0.8033866415804327,0.4672436949708999,0.3320948392581631,0.2436755241190339,0.2036054685815327,0.1757209926224011
0.1178737278925007,0.3159232969594236,0.6236738405577448,0.7819720143182558,0.2321761851437103,0.4833056822895065,0.7873000940733772,0.459931353529324,0.3280644856576089,0.2393105206142866,0.197653857765127,0.1693189439668313
0.1231103645884793,0.3147579192711092,0.6188238860260685,0.779802581624905,0.2375886524822695,0.4794690999585234,0.7840075258701786,0.4586877580460627,0.3275292043200353,0.2392467979353852,0.1961443912537197,0.1687092250472532
0.1349669005039027,0.3277889606949888,0.6190512276447407,0.766569042195466,0.2430944382232176,0.4858979676482787,0.7888993414863592,0.4619708501218724,0.3284423313076608,0.2423692092015548,0.2005865355587182,0.1748064142430339
0.1327932022527418,0.3414556626761309,0.6304940891179145,0.760711573923419,0.2349757372153789,0.5005184570717545,0.7920978363123236,0.4574441625628015,0.3274977171825309,0.2437073854584847,0.2023116401431836,0.175111273702823
0.1039422981918782,0.356711516050429,0.6635344043649591,0.7688469465234841,0.2010078387458007,0.5304852758191622,0.7856067732831609,0.441177933641745,0.3218930067067603,0.2401707767794558,0.1948936904299823,0.16212426071581
0.0687679083094555,0.3750397287848289,0.7035465292512884,0.7787178652782297,0.1597611048898843,0.5668809622563251,0.7789275634995295,0.4220265631995225,0.3149973235933121,0.2366660294398776,0.1867856988829948,0.1436497774525943
0.0704475842308072,0.379807182964297,0.7057441648984542,0.7753552446035362,0.1592011944755506,0.5707175445873082,0.8111006585136405,0.4385912550365617,0.3318114550206241,0.2555279423946983,0.2020097468409022,0.1509054325955734
0.1287422191483055,0.4037503972878482,0.6781600484995454,0.731098817659182,0.2037140724150802,0.5635628369970967,0.8752587017873941,0.5104710739690593,0.3989420321798546,0.3276620149111068,0.2742916289300039,0.2167550759100055
0.229621578895366,0.4070346435003707,0.6031373143376781,0.674042737824059,0.297592385218365,0.5137909581086686,0.9304797742238946,0.6116002586678606,0.5059982996945749,0.4505830625119479,0.3960408849786518,0.3293701603560758
0.3604386918288706,0.3865875622417628,0.4881782358290391,0.612756264236902,0.4301045166106756,0.4251347988386562,0.9043273753527752,0.703327861513207,0.6316634654743538,0.6001083285541325,0.5404321386984087,0.4670446923968051
0.5246517142574845,0.3940036020764911,0.367535616853592,0.5188198286148172,0.5819335572974991,0.3462256325176275,0.8161806208842897,0.7919216037407353,0.7669636953304575,0.7586822150003186,0.6939664467158322,0.6225230168892142
0.6910384349372592,0.4373344633965461,0.2709154289178539,0.4052500271179086,0.7199514744307577,0.3014309415180423,0.71241768579492,0.8568372879669701,0.8590005982556127,0.8715988020136368,0.8189934014749645,0.7675141759648803
0.8547574350360635,0.4933785358618496,0.1854349802970596,0.2866905304262935,0.8499440089585666,0.2703235172127747,0.5524929444967074,0.8639506541312243,0.8841903082590762,0.9069330274644748,0.893776685211541,0.8906773977196514
0.9358759015907518,0.480877211569022,0.114277053652622,0.2485085150233213,0.9320642030608436,0.215470759021153,0.4056444026340545,0.818086852708551,0.8600396737932555,0.8685401134263685,0.885711821279165,0.9320773123590026
0.8377630668906233,0.3559699120669562,0.1001818732949378,0.3663087102722638,0.8944568868980963,0.1447532144338449,0.308560677328316,0.6436352783166691,0.7017223464214869,0.7055375007965335,0.7362746366498469,0.8097676970916409
0.6188123703191385,0.2375251615637249,0.1833889057290088,0.5472393968977113,0.7397349757372154,0.1437163002903359,0.1759172154280338,0.3363677063124907,0.3966434711420386,0.4301280825845919,0.4831155388795446,0.5759404914334493
0.3757533840529592,0.2743934738849454,0.3961048802667475,0.66167697147196,0.4940276222471071,0.3073413521360431,0.0964252116650987,0.0725762324031239,0.1095752385150665,0.1504811062257057,0.2105490145340061,0.3082129138467167
0.276751309159174,0.3212204682699438,0.5056077599272507,0.6920490291788698,0.379805897723031,0.405122355868934,0.1229539040451552,0.0359150375565836,0.0334708271671022,0.0528579621487287,0.0975977918661318,0.1831595634412536
0.2691433652801107,0.3255641487445703,0.5145498635950289,0.6941099902375529,0.3707540126913027,0.4133139776026545,0.2820319849482596,0.1774362035517087,0.1293806480052898,0.1152743261326706,0.1327467977746151,0.1939515883177855
0.2241873332674637,0.3318148108909841,0.5535768414671113,0.7155873739017248,0.3254945875326615,0.4430734135213604,0.4664158043273754,0.3142317067104412,0.2265814414811549,0.1825973363920219,0.1756156466985811,0.2035851472471191
0.1684616144649738,0.3260938658756224,0.592149136101849,0.7491051090139929,0.2753826054497947,0.4667150559933637,0.5972718720602069,0.3980997861015768,0.2850845429641991,0.2170713056776907,0.1881657825505671,0.183952198036705
0.1563086651516648,0.305540841190804,0.5866929372537133,0.7662436272914633,0.2730496453900709,0.4529240978846952,0.680244590780809,0.442073322389693,0.3140841966056866,0.2317912445039189,0.1919178850217794,0.1744405828912871
0.1609524750518723,0.2947346117173429,0.5754774173992119,0.7692808330621542,0.2821015304217992,0.4399626710908337,0.7336782690498589,0.4616723872058896,0.3253565918322366,0.2374944242655961,0.1955406046491568,0.1762087677580635
0.1541349669005039,0.2915563089310308,0.5784328584419521,0.7745959431608634,0.2770623366927958,0.4403774367482372,0.7714016933207902,0.4688354971894742,0.32989073963286,0.2380360670362582,0.1959287531806615,0.175111273702823
0.1291374370121529,0.2752410212946286,0.5860109123976963,0.7967241566330405,0.2606382978723404,0.4375777685607631,0.7850423330197553,0.4670447196935781,0.3273402814950093,0.2315682151277639,0.1866563160391599,0.1627339796353881
0.1132299179922932,0.2641169615425363,0.5902546226129131,0.8111508840438226,0.2504665920119447,0.4350891746163418,0.7825964252116651,0.4600805849873153,0.3212632639566737,0.2230612374944242,0.1750118600940182,0.1481007255655143
0.109080130421895,0.2690963025744252,0.5969233100939679,0.8108254691398199,0.2444942142590519,0.4420364993778515,0.7887111947318909,0.458488782768741,0.3193740357064139,0.2194927674759446,0.1693621425798939,0.1401134077190415
0.1140203537199881,0.2845640428011441,0.6041982418914822,0.8001952489424016,0.242347891004106,0.4545831605143094,0.8082784571966134,0.4670944635129085,0.3222708523568122,0.221436309182438,0.1722516927588735,0.1443204682641302
0.112637091196522,0.2909206483737684,0.609806001818733,0.7977004013450483,0.2381485628966032,0.4615304852758192,0.8139228598306679,0.4705765308660399,0.3233099278944551,0.2229975148155228,0.1744512011040669,0.14627156880678
0.0990020748937852,0.2772539463926263,0.61048802667475,0.8121271287558304,0.2313363195222098,0.4553090004147657,0.8092191909689558,0.4649554792816992,0.3202871626940395,0.2188555406869304,0.1680683141415448,0.1387720260959697
0.0842802094654678,0.262209979870749,0.6110184904516521,0.8279639874172904,0.2240574841358716,0.4483616756532559,0.8078080903104422,0.4610257175545939,0.3173273717686325,0.2144268145032817,0.1610816405744598,0.1296872141942564
0.0881335836379804,0.2600911113465409,0.6065474386177631,0.826879271070615,0.2286300858529302,0.4442140190792202,0.8152398871119473,0.4656021489329951,0.3185553701313013,0.2137895877142675,0.1604778539698969,0.1286506920309737
0.0976188123703191,0.2635872444114842,0.6016974840860867,0.8199370864518928,0.2360955580440463,0.4426586478639569,0.8354656632173094,0.4748544993284584,0.3231524922069335,0.2181545912190148,0.1662569543278561,0.1351746844704591
0.1004841418832131,0.2542642229049687,0.592982722036981,0.8230827638572513,0.2428144830160507,0.4321858150145168,0.8455315145813733,0.480027856538825,0.3257029503447842,0.219779519531001,0.1683270798292146,0.1378574477166026
0.0883311925699041,0.2348765759084648,0.588360109123977,0.8396789239613841,0.2399216125419933,0.419535462463708,0.8397930385700847,0.4750534746057802,0.3218930067067603,0.215382654686803,0.162720489929702,0.131089567709286
0.0776603102460231,0.2233287424515308,0.5882843285844196,0.8515023321401453,0.2349757372153789,0.4137287432600581,0.8255879586077141,0.46614933094563,0.3158159891684247,0.2099980883196329,0.1553456678311122,0.1220657276995305
0.0806244442248789,0.2250238372708973,0.5872234010306153,0.8490074845427922,0.2370287420679358,0.4138324346744089,0.8266227657572907,0.4652041983783515,0.3146194779432602,0.2080226852736889,0.1531892871005305,0.1205414304005853
0.0896156506274083,0.2384786523996185,0.5899515004546833,0.8371840763640308,0.2395483389324375,0.4223351306511821,0.841862652869238,0.473809879122519,0.3190591643313706,0.2121009367233798,0.1594427912192176,0.1277361136516066
0.0938642426637683,0.2436698802839283,0.5904061836920279,0.8321943811693242,0.2413213885778275,0.4251347988386562,0.8571966133584196,0.4810724767447644,0.3223968009068296,0.2144268145032817,0.1625048518566438,0.1309066520334126
0.0770674834502519,0.2305328954338383,0.5939678690512277,0.8481397114654518,0.2311496827174319,0.4211945250933222,0.8628410159924741,0.4793314430681988,0.3206335212065871,0.2106034537691964,0.1574157933324708,0.1232851655386866
0.0578006125876889,0.2118868524208072,0.595407699302819,0.8683154355136132,0.2211646136618141,0.4130029033596019,0.8599247412982125,0.4739591105805104,0.3168865518435719,0.2052188874020264,0.1499547160046578,0.1126760563380281
0.0624444224878964,0.2113571352897552,0.5913913307062747,0.8659290595509275,0.2258305337812617,0.4100995437577769,0.8630291627469425,0.4775904093916331,0.3172643974936239,0.2045179379341107,0.1492646741708716,0.1118834217425766
0.0747949807331291,0.223646572730162,0.5907093058502577,0.8529124633908234,0.2320828667413214,0.4155951887183741,0.8714016933207902,0.4824155598666866,0.3213262382316824,0.208118269292041,0.1537499460904817,0.1183464422901042
0.0774627013140994,0.228625913762051,0.5922249166414064,0.8488990129081245,0.2324561403508772,0.4190170053919536,0.8741298212605833,0.4837088991692782,0.3236247992694984,0.2109220671637035,0.1563376029671799,0.1223096152673617
0.0672858413200276,0.2163364763216442,0.5912397696271597,0.8608308927215533,0.2281634938409854,0.4123807548734964,0.8646284101599246,0.4780878475849375,0.3199408041814919,0.207353597145224,0.1517229482037348,0.1158465947198341
0.0593814840430787,0.2070134548151287,0.5906335253107002,0.8699425100336261,0.2248040313549832,0.4074035669846537,0.851552210724365,0.4715714072526489,0.3154066563808684,0.2024788122092652,0.1459438478457756,0.1078592768733614
0.0663966011263709,0.2163364763216442,0.5919217944831767,0.8612647792602234,0.2274169466218738,0.412899211945251,0.8508936970837253,0.4734616723872059,0.3161938348184767,0.2033072070349837,0.1478414628886876,0.1098103774160112
0.078450745973718,0.2331814810890983,0.5947256744468021,0.8460787504067686,0.2313363195222098,0.4229572791372875,0.8667920978363123,0.4846540317365567,0.3234043893069681,0.2103804243930415,0.155733816362617,0.1195658801292604
0.0825017290781543,0.2387964826782497,0.5956350409214913,0.840872111942727,0.232736095558044,0.4263790958108669,0.8777046095954844,0.4931602248420633,0.3282534084826349,0.2143630918243803,0.1603053435114504,0.1249923785135053
0.075585416460824,0.2262951583854221,0.5919975750227342,0.8510684456014753,0.2317095931317656,0.4177727084197428,0.8734713076199435,0.4924140675521066,0.3264586416448881,0.2111450965398585,0.1565532410402381,0.1210901774282056
0.074893785199091,0.2164424197478545,0.5854046680812368,0.856492027334852,0.2354423292273236,0.4084404811281625,0.8624647224835372,0.4889320001989753,0.3230580307944205,0.2071942904479704,0.1508172682968905,0.1140784098530577
0.0792411817014129,0.2202563830914291,0.5848742043043347,0.852261633582818,0.2377752892870474,0.4098921609290751,0.8672624647224835,0.4945530517833159,0.3259548474448188,0.2080864079525903,0.1515504377452883,0.116822144991159
0.0907024997529888,0.2309566691386799,0.583737496210973,0.8404382254040568,0.2439343038447181,0.4143508917461634,0.8840075258701786,0.5077351639058848,0.3320633521206587,0.2126425794940419,0.1574589209470824,0.1268215352722395
0.0968283766426242,0.233075537662888,0.5805547135495606,0.835990888382688,0.2486935423665547,0.4133139776026545,0.8908748824082784,0.5114659503556683,0.3325041720457193,0.2121009367233798,0.1585371113123733,0.1285287482470581
0.0838849916016204,0.2177137408623794,0.5794937859957563,0.8509599739668077,0.2432810750279955,0.4050186644545831,0.8812793979303856,0.5043028403720837,0.3268050001574357,0.2047728286497164,0.1493078017854832,0.1179806109383574
0.0735105226756249,0.2037292086026061,0.5774477114277053,0.8637596268575767,0.2396416573348264,0.3967233513065118,0.8807149576669803,0.5018156494055613,0.3224912623193425,0.1988784808513349,0.141631086384612,0.1087738552527285
0.0815136844185357,0.2109333615849136,0.5764625644134587,0.8557327258921792,0.2440276222471071,0.3996267109083368,0.8961429915333959,0.5089787593891459,0.3251991561447149,0.1998980437137577,0.1430111700521844,0.1107859276873361
0.0942594605276158,0.2313804428435215,0.5813882994846924,0.8382687927107061,0.2470138111235535,0.4130029033596019,0.9140169332079022,0.5209670198477839,0.3319688907081458,0.2043267698974064,0.1489627808685902,0.1205414304005853
0.0942594605276158,0.2414450683335098,0.5885116702030919,0.8331706258813321,0.2426278462112729,0.4227498963085856,0.9265286923800564,0.5270357658060987,0.3347082716710224,0.2053463327598292,0.1503859921507741,0.1246265471617584
0.082007706748345,0.2313804428435215,0.5907850863898151,0.8449940340600933,0.2354423292273236,0.4194317710493571,0.9225776105362182,0.5230562602596628,0.330079662457886,0.1985280061173771,0.1428817872083495,0.1160904822876653
0.0744985673352435,0.2158067591905921,0.5854046680812368,0.8570343855081897,0.2352556924225457,0.4081294068851099,0.912793979303857,0.5188280356165746,0.3233414150319595,0.1902440578601924,0.1330055634622849,0.1053594293030912
0.0765734611204426,0.2113571352897552,0.5805547135495606,0.8582275734895324,0.2391750653228816,0.4026337619245126,0.9183443085606772,0.5225588220663583,0.3223653137693252,0.1872809532912763,0.1293828438349075,0.1020669471373696
0.0910977176168362,0.2200444962390083,0.5756289784783268,0.8458618071374335,0.2490668159761105,0.4035669846536707,0.9365945437441204,0.5338506690543701,0.3271513586699833,0.1896068310711782,0.1333074567645663,0.1091396866044753
0.0942594605276158,0.216548363174065,0.570703243407093,0.8458618071374335,0.2535460992907801,0.398486105350477,0.9487300094073376,0.5420086554245634,0.3295443811203123,0.1899254444656853,0.134170009056799,0.1123102249862813
0.0856634719889339,0.1956775082106155,0.5623673840557745,0.8612647792602234,0.2546659201194475,0.3825176275404396,0.942238946378175,0.5400189026513456,0.3251046947322019,0.1837124832727968,0.127657739250442,0.1059081763307115
0.0761782432565952,0.1760779743616908,0.5556986965747196,0.8764508081136784,0.2542926465098917,0.3683119037743675,0.9357478833490124,0.5377804307814754,0.3204445983815612,0.1766074045752883,0.1200672790787941,0.0987134930796902
0.0852682541250864,0.1807394851149486,0.551985450136405,0.8691832085909534,0.2608249346771183,0.3681045209456657,0.9428033866415804,0.5452420036810427,0.3241600806070721,0.1780093035111196,0.122568680726269,0.103225413084568
0.0986068570299377,0.1888971289331497,0.5476659593816308,0.8575767436815273,0.2697835013064577,0.3691414350891746,0.955032925682032,0.5578769337909765,0.3310557637205202,0.1830433951443318,0.1293397162202958,0.1122492530943235
0.1025590356684122,0.1861425998516792,0.5426644437708397,0.8568174422388546,0.274822695035461,0.3643716300290336,0.959736594543744,0.5663831268964832,0.3348657073585441,0.1857834703370929,0.1318842454823823,0.1157856228278763
0.0973223989724335,0.1706748596249602,0.5355410730524401,0.8676646057056079,0.27668906308324,0.3519286603069266,0.9492944496707432,0.5652887628712132,0.3344878617084921,0.1841585420251067,0.1303316513563635,0.1137125785013109
0.0965319632447386,0.1652717448882296,0.5322825098514702,0.870918754745634,0.2782754759238522,0.3470551638324347,0.9344308560677328,0.5612595135054469,0.3339210932334142,0.1847957688141209,0.1295984819079657,0.113041887689775
0.1129335045944076,0.1855069392944167,0.5341770233404062,0.8515023321401453,0.2849010824934677,0.358253836582331,0.9261523988711192,0.5627518280853604,0.3393683680216632,0.1919964315299815,0.1381377496010696,0.1226754466191085
0.1272601521588776,0.2142176077974361,0.5436495907850865,0.8289402321292981,0.2858342665173572,0.3787847366238075,0.9222013170272813,0.5663831268964832,0.3482162536603798,0.2051233033836742,0.1546124983827144,0.1405402109627462
0.1322003754569706,0.2372073312850937,0.5563807214307366,0.8144050330838486,0.2803284807764091,0.3987971795935296,0.90931326434619,0.5646420932199174,0.3546396297112629,0.2177403938061556,0.169232759736059,0.1547466617889153
0.1271613476929157,0.2437758237101387,0.5649439224007275,0.8138626749105109,0.2726763717805151,0.4078183326420572,0.8824082784571965,0.5519574192906531,0.3536005541736201,0.2232524055311285,0.1744943287186786,0.1590146942259618
0.1272601521588776,0.251721580675919,0.5705516823279783,0.8097407527931445,0.2693169092945129,0.4155951887183741,0.8611476952022578,0.5379296622394668,0.3515224030983344,0.2276174090358758,0.1790227282529003,0.1602951039570758
0.1379310344827586,0.2721686619345269,0.5769930281903608,0.7934700075930144,0.2703434117207913,0.430008295313148,0.8536218250235184,0.5316121971844998,0.3545766554362543,0.2361562480086662,0.1904084185103722,0.1708432412657765
0.1529493133089615,0.292403856340714,0.579948469233101,0.7748128864301985,0.2756625606569615,0.4419328079635006,0.851552210724365,0.5345968263443267,0.3608111086621116,0.2474351621742178,0.2045542761029887,0.1857813547954393
0.1572967098112834,0.2983366882084966,0.5809336162473477,0.7693893046968219,0.2770623366927958,0.445458316051431,0.8434619002822201,0.5307665522558822,0.3616297742372241,0.2531702032753457,0.2114978220554621,0.1934028412901652
0.1470210453512498,0.2890136667019811,0.5820703243407094,0.779802581624905,0.2714632325494587,0.4417254251347988,0.8243650047036688,0.516191613192061,0.3548915268112976,0.250493850761486,0.2093845689394919,0.1886470337174562
0.1389190791423772,0.2835046085390401,0.58441952106699,0.7870701811476299,0.2662374020156775,0.440584819576939,0.8063029162746943,0.5008705168382829,0.3474605623602759,0.24708468744026,0.2052443179367749,0.1816352661423084
0.1387214702104535,0.2927216866193452,0.5911639890876023,0.7825143724915935,0.2619447555057858,0.4497096640398175,0.8061147695202258,0.4962443416405512,0.3445952328473818,0.2476581915503727,0.2059343597705611,0.1824279007377598
0.1471198498172117,0.309460747960589,0.5966201879357381,0.7692808330621542,0.2625979843225084,0.4616341766901701,0.8150517403574787,0.4972889618464906,0.3457602569350421,0.2515134136239088,0.2121878638892483,0.1896225839887811
0.1503803971939531,0.3180421654836317,0.6002576538344953,0.7630979498861048,0.2619447555057858,0.4682704272086271,0.8191909689557855,0.4972889618464906,0.3479013822853364,0.2540623207799656,0.216241859662742,0.1948661666971526
0.1372394032210256,0.309460747960589,0.6041982418914822,0.774704414795531,0.2532661440836133,0.4668187474077146,0.8132643461900282,0.4905238024175496,0.3440914386473126,0.2512266615688523,0.2126622676499763,0.1888299493933296
0.1327932022527418,0.3058586714694352,0.6049560472870568,0.7789348085475648,0.2506532288167226,0.4655744504355039,0.8066792097836312,0.4830622295179824,0.340312982146793,0.248295418339387,0.2078751024280847,0.1816962380342662
0.1371405987550637,0.3171946180739485,0.6097302212791755,0.7707994359474997,0.2498133631952221,0.4743882206553297,0.8138287864534337,0.4859473710391484,0.3419818004345225,0.250716880137641,0.2100746107732781,0.1851106639839034
0.1454401738958601,0.3379595296111876,0.618369202788724,0.7556134070940449,0.2484135871593878,0.4904603898797179,0.8240827845719662,0.4905238024175496,0.3455083598350074,0.2549544382845854,0.2152499245266744,0.1919395158831778
0.1459341962256694,0.344633965462443,0.6226129130039406,0.7519253715153488,0.2459873086972751,0.4965781833264205,0.828316086547507,0.4911704720688455,0.346043641172581,0.2561333078442617,0.2175788157157027,0.1946832510212792
0.1330896156506274,0.3292721686619345,0.6215519854501363,0.7667859854648009,0.2405748413587159,0.4883865615927002,0.821354656632173,0.4850519822912003,0.3408482634843666,0.2505575734403874,0.2099021003148315,0.1850496920919456
0.1239996047821361,0.3125331073206907,0.6166262503789027,0.7803449397982428,0.2393617021276596,0.4767731231854002,0.8218250235183443,0.4814206834800775,0.3365030385087692,0.2448543936787102,0.2013628326217277,0.1727943418084263
0.1259756941013733,0.302362538404492,0.607759927250682,0.7844668619156091,0.2458006718924972,0.4657818332642057,0.8336782690498589,0.4848032631945481,0.3376050883214207,0.2438666921557382,0.1996808556518739,0.1695628315346625
0.1357573362315976,0.302362538404492,0.6002576538344953,0.7791517518168999,0.2549458753266144,0.4605972625466611,0.8490122295390404,0.4924638113714371,0.3417613904719922,0.2474670235136685,0.2036485961961444,0.1746844704591183
0.1332872245825511,0.2897552706854539,0.5932100636556532,0.7869617095129623,0.2582120194102277,0.4496059726254666,0.8578551269990593,0.4976371685818038,0.342989388834661,0.2485184477155419,0.2048561694052701,0.1761477958661057
0.1193557948819286,0.2686725288695836,0.5887390118217641,0.8054018874064431,0.2543859649122807,0.4362297801742015,0.8534336782690498,0.4929612495647416,0.3385497024465506,0.2443446122474989,0.1984301548281364,0.167489787208097
0.1136251358561407,0.2575484691174912,0.5852531070021219,0.8142965614491811,0.253826054497947,0.4284529240978847,0.838381937911571,0.4845545440978958,0.3345823231210051,0.2402026381189065,0.1927373096994005,0.1614535699042741
0.1230115601225175,0.2626337535755906,0.5815398605638072,0.8064866037531185,0.2604516610675625,0.4284529240978847,0.8325493885230479,0.4846540317365567,0.3357788343461696,0.2421780411648505,0.1935567343770216,0.1629778672032193
0.1330896156506274,0.2779955503760991,0.5848742043043347,0.7931445926890118,0.263251213139231,0.4381999170468686,0.8249294449670743,0.4885340496443317,0.3384867281715419,0.2463837379723443,0.2003277698710484,0.1705383818059874
0.1295326548760003,0.2769361161139951,0.5868444983328281,0.7956394402863651,0.2602650242627846,0.4390294483616757,0.8125117591721543,0.4878376361737054,0.3397777008092195,0.247403300834767,0.2029154267477466,0.1740747515395402
0.1147119849817211,0.2603029981989617,0.586314034555926,0.8122356003904979,0.2536394176931691,0.4305267523849025,0.8006585136406396,0.4814704272994081,0.3360937057212129,0.2438985534951889,0.197179454004399,0.167489787208097
0.1108586108092085,0.257760355969912,0.5874507426492878,0.8155982210651914,0.2511198208286674,0.430008295313148,0.7909689557855127,0.4740088543998408,0.3315280707830851,0.2399477474033008,0.1923491611678958,0.1606609353088226
0.1173797055626914,0.2729102659179998,0.5932858441952107,0.8043171710597679,0.2505599104143337,0.441518042306097,0.7958607714016933,0.4766452768243546,0.3336062218583709,0.2421780411648505,0.1955837322637685,0.1646241082860801
0.1334848335144748,0.2958999894056573,0.5973779933313125,0.7837075604729363,0.255692422545726,0.4555163832434675,0.8063969896519284,0.4861960901358006,0.3399036493592368,0.2490919518256547,0.2039936171130374,0.1755380769465276
0.1353621183677502,0.2963237631104989,0.596241285237951,0.7825143724915935,0.2572788353863382,0.4548942347573621,0.8113828786453434,0.4906232900562105,0.3432097987971914,0.251704581660613,0.2072713158235218,0.1795012499237851
0.1287422191483055,0.2801144189003072,0.5897241588360109,0.7944462523050222,0.2581187010078388,0.442554956449606,0.802351834430856,0.4870914788837487,0.3414465190969489,0.2498884853119225,0.2047699141760469,0.1761477958661057
0.1253828673056022,0.2710032842462125,0.5857077902394665,0.8009545503850743,0.2590518850317282,0.4352965574450436,0.794543744120414,0.4842560811819132,0.3393683680216632,0.2487096157522462,0.2022253849139604,0.1731601731601731
0.1341764647762079,0.2771480029664159,0.5834343740527433,0.7929276494196767,0.2645576707726764,0.4368519286603069,0.7968015051740357,0.4855494204845048,0.340785289209358,0.2502070987064296,0.2043817656445422,0.176391683433937
0.1453413694298982,0.2890136667019811,0.5833585935131859,0.7806703547022454,0.2699701381112355,0.442554956449606,0.8057384760112888,0.489230463114958,0.3436191315847476,0.2532657872936978,0.2096864622417734,0.1834644229010426
0.1401047327339195,0.2897552706854539,0.5878296453470749,0.7832736739342662,0.2646509891750653,0.4459767731231854,0.8078080903104422,0.4899766204049147,0.3439969772347996,0.2532020646147964,0.2107215249924527,0.1853545515517346
0.129829068273886,0.280326305752728,0.5889663534404365,0.7936869508623495,0.2591452034341172,0.4421401907922024,0.799247412982126,0.4845048002785654,0.3396202651216978,0.2495380105779646,0.205589338853668,0.1783427839765868
0.1279517834206106,0.2786312109333615,0.5892694755986663,0.7955309686516976,0.2581187010078388,0.441518042306097,0.7905926622765757,0.4782868228622594,0.3358418086211783,0.24663862868795,0.2018803639970673,0.1736479482958356
0.1327932022527418,0.2867888547515626,0.5913913307062747,0.7888057273023105,0.2590518850317282,0.4469099958523433,0.796519285042333,0.4806745261901208,0.3377310368714381,0.2483910023577391,0.2040798723422607,0.1766355710017682
0.1424760399170042,0.3070240491577497,0.5984389208851167,0.7730773402755179,0.2593318402388951,0.461737868104521,0.8095014111006584,0.4862955777744615,0.3419188261595138,0.2525329764863315,0.2096002070125501,0.183647338576916
0.1350657049698646,0.3167708443691068,0.6110942709912095,0.7722095671981777,0.2479469951474431,0.475114060555786,0.8168391345249294,0.4880366114510272,0.3426115431846091,0.2539985981010642,0.2117997153577435,0.1862081580391439
0.1239996047821361,0.3133806547303739,0.6171567141558049,0.7800195248942401,0.2390817469204927,0.4776026545002074,0.8066792097836312,0.4770929711983286,0.3376050883214207,0.2496017332568661,0.2061499978436193,0.1784647277605024
0.1152060073115304,0.3075537662888017,0.6198090330403153,0.7877210109556351,0.2332960059723777,0.4765657403566985,0.796519285042333,0.4697308859374223,0.332567146320728,0.2441215828713439,0.1986457929011946,0.169075056399
0.1228139511905938,0.3148638626973196,0.6191270081842983,0.7799110532595727,0.2373086972751026,0.4796764827872252,0.8046095954844779,0.4712232005173357,0.3324097106332064,0.2437073854584847,0.1983438995989132,0.170355466130114
0.1284458057504199,0.3178302786312109,0.6169293725371324,0.7752467729688687,0.2413213885778275,0.4796764827872252,0.8195672624647223,0.4758493757150674,0.3335117604458579,0.2455553431466259,0.2012334497778928,0.1743796109993293
0.1203438395415472,0.3076597097150121,0.6158684449833284,0.7849007484542792,0.2380552444942142,0.4739734549979262,0.8256820319849483,0.4737601353031885,0.3312446865455462,0.2438666921557382,0.1991201966619226,0.1727333699164685
0.107696867898429,0.2866829113253522,0.6105638072143074,0.8025816249050872,0.2353490108249347,0.4599751140605558,0.8181561618062088,0.466597025319604,0.3253880789697408,0.2370802268527369,0.1910984603441583,0.1626120358514725
0.1005829463491749,0.2735459264752621,0.6066232191573204,0.8132118451025058,0.2345091452034341,0.4509539610120283,0.8130761994355596,0.4608764860966025,0.3205390597940741,0.232109857898426,0.1848018286108595,0.1540149990854216
0.1099693706155518,0.2795847017692551,0.6037435586541376,0.8049680008677731,0.2406681597611049,0.4518871837411862,0.8200376293508937,0.4614236681092374,0.3199722913189962,0.2324921939718346,0.185578125673869,0.1562099871959027
0.1189605770180812,0.2843521559487234,0.6002576538344953,0.7975919297103807,0.2470138111235535,0.4518871837411862,0.8370649106302915,0.466597025319604,0.3225542365943512,0.235965079971962,0.1901496528227024,0.1633436985549661
0.1151072028455686,0.2766182858353639,0.5976811154895423,0.8036663412517626,0.2468271743187756,0.4462878473662381,0.8353715898400753,0.4646072725463861,0.3219874681192733,0.2353597145223985,0.1907103118126536,0.1643802207182489
0.1036458847939927,0.268248755164742,0.6004092149136102,0.8141880898145135,0.2397349757372154,0.4441103276648694,0.7985888993414864,0.4515743918818086,0.3150288107308165,0.2291467533295099,0.1839824039332384,0.155783183952198
0.0991996838257089,0.2711092276724229,0.6059411943013034,0.8152728061611889,0.2342291899962672,0.449191206968063,0.7660395108184385,0.4418743471123713,0.3105261500676973,0.2245587204486076,0.1796265148574632,0.1487714163770502
0.1092777393538187,0.2867888547515626,0.6094270991209458,0.8016053801930795,0.2368421052631579,0.4593529655744504,0.7653809971777987,0.4456548773814853,0.3128247111055134,0.2274262409991716,0.182731703109501,0.152307786110603
0.1168856832328821,0.2968534802415509,0.6107911488329797,0.7922768196116715,0.2396416573348264,0.4651596847781004,0.7739416745061147,0.4522708053524349,0.3175162945936585,0.2321735805773274,0.1897615042911976,0.1607219072007804
0.1223199288607845,0.2916622523572412,0.6029099727190057,0.791951404707669,0.2470138111235535,0.4572791372874326,0.7762935089369709,0.4542108143063225,0.3186813186813187,0.2340533996049194,0.192564799240954,0.1660874336930675
0.1153048117774923,0.2757707384256806,0.5969233100939679,0.8039917561557653,0.2473870847331093,0.4453546246370801,0.7621825023518344,0.4494851514699299,0.3143046065682169,0.2307716816414962,0.1872601026437228,0.1609048228766538
0.1095741527517043,0.2635872444114842,0.5926795998787512,0.8134287883718407,0.2472937663307204,0.4365408544172542,0.7553151458137346,0.4463015470327812,0.3121634812179225,0.2282864971643408,0.1833786173286755,0.1566367904396073
0.1222211243948226,0.2733340396228413,0.5898757199151259,0.8014969085584119,0.2549458753266144,0.4393405226047284,0.7649106302916273,0.4533651693777049,0.3175477817311629,0.2320142738800739,0.1891577176866347,0.1629778672032193
0.134769291571979,0.2850937599321961,0.5885874507426493,0.7884803123983078,0.2616648002986189,0.4442140190792202,0.784101599247413,0.4646570163657166,0.3241285934695677,0.2391830752564838,0.1973519644628455,0.1726723980245107
0.1339788558442841,0.2781014938023095,0.5842679599878752,0.7924937628810066,0.2639977603583427,0.4378888428038158,0.7912511759172154,0.4683878028155002,0.326742025882427,0.241031032944625,0.1991201966619226,0.1756600207304432
0.1239996047821361,0.2669774340502172,0.5840406183692028,0.8036663412517626,0.2594251586412841,0.4321858150145168,0.7828786453433677,0.4640103467144207,0.3240971063320634,0.2372713948894411,0.194807435200759,0.1691970001829157
0.1173797055626914,0.2664477169191651,0.5886632312822068,0.8076797917344614,0.2534527808883912,0.4350891746163418,0.7749764816556914,0.4565487738148535,0.3194684971189269,0.2324921939718346,0.18876956915513,0.1611487104444851
0.1225175377927082,0.2744994173111558,0.5905577447711428,0.8006291354810716,0.2547592385218365,0.4403774367482372,0.7757290686735653,0.4566482614535144,0.3193110614314053,0.2329382527241445,0.1893733557596929,0.1639534174745442
0.1342752692421697,0.2894374404068227,0.5920733555622917,0.7866362946089598,0.2593318402388951,0.4486727498963086,0.7874882408278456,0.4620205939412028,0.3228376208318902,0.2366978907793283,0.1944624142838659,0.1712700445094811
0.1315087441952376,0.2871066850301939,0.5926038193391938,0.7892396138409805,0.2577454273982829,0.4479469099958523,0.791533396048918,0.4627170074118291,0.3228691079693945,0.2357101892563563,0.193858627679303,0.1709651850496921
0.1151072028455686,0.2729102659179998,0.5950287966050318,0.8056188306757782,0.2484135871593878,0.4426586478639569,0.7796801505174036,0.4553549221509227,0.3173903460436412,0.2300707321735806,0.186871954112218,0.160843850984696
0.1078944768303527,0.2692022460006356,0.5979084571082146,0.8113678273131576,0.2432810750279955,0.4428660306926587,0.7761053621825024,0.4513256727851564,0.3143046065682169,0.226502262155101,0.1822141717341614,0.1547466617889153
0.1152060073115304,0.282445174276936,0.6017732646256442,0.8006291354810716,0.244307577454274,0.4519908751555371,0.7833490122295389,0.4541610704869919,0.3168865518435719,0.2300707321735806,0.1853624876008107,0.1584049753063837
0.1262721074992589,0.3013031041423879,0.6067747802364353,0.7849007484542792,0.2464539007092198,0.464537536291995,0.7936030103480716,0.4611252051932548,0.3211373154066564,0.2349455171095393,0.1919178850217794,0.1669410401804768
0.12261634225867,0.3043754635024896,0.6117762958472265,0.7853346349929493,0.2416946621873834,0.4695147241808378,0.7938852304797742,0.4610257175545939,0.3212632639566737,0.2352959918434971,0.1923922887825074,0.1667581245046034
0.1074004545005434,0.2911325352261892,0.6139739314943923,0.8004121922117367,0.2332026875699888,0.464537536291995,0.7828786453433677,0.4522210615331045,0.3158159891684247,0.2294653667240171,0.1853624876008107,0.1568806780074386
0.0940618515956921,0.297383197372603,0.6286753561685359,0.8046425859637705,0.2178051511758119,0.4776026545002074,0.7741298212605833,0.4410287021837537,0.3095815359425675,0.225068501879819,0.1799284081597447,0.1485885007011767
0.0892204327635609,0.3335099057103506,0.6582297665959381,0.7886972556676429,0.1972751026502426,0.5155537121526338,0.7855126999059265,0.435855344973387,0.3100223558676281,0.2283820811826929,0.1823435545779963,0.1482836412413877
0.0686691038434937,0.3759932196207225,0.7043801151864201,0.7782839787395596,0.1592011944755506,0.5679178763998342,0.8018814675446848,0.4252599114560016,0.3085739475424289,0.2310265723571019,0.1844136800793548,0.1442594963721724
0.0521687580278628,0.3830914291768195,0.7221127614428614,0.7837075604729363,0.1405375139977603,0.5835752799668188,0.8189087488240828,0.4191911654976869,0.3092351774300199,0.2352641305040464,0.185578125673869,0.139625632583379
0.0659025787965616,0.3628562347706324,0.6971051833889057,0.7865278229742922,0.1623740201567749,0.5565118208212361,0.8436500470366886,0.4459035964781376,0.3372272426713688,0.2672210539731091,0.2158537111312373,0.1614535699042741
0.1357573362315976,0.357770950312533,0.6398908760230373,0.7507321835340058,0.2305897723030981,0.5149315636665284,0.8799623706491062,0.5286773118440035,0.4194086715576687,0.3570063085452112,0.3037477897097512,0.2424242424242424
0.2724039126568521,0.3578768937387435,0.535162170354653,0.6757782839787395,0.3595558044046286,0.4432807963500622,0.9071495766698024,0.6422921951947471,0.5440662489373091,0.4968775887338305,0.4415836460085393,0.376196573379672
0.4480782531370418,0.3633859519016844,0.4043649590785086,0.5765267382579455,0.5231429637924598,0.3564910825383658,0.879868297271872,0.7654081480376064,0.6981328127459933,0.6674950614923852,0.6058567300642602,0.5417352600451193
0.6231597668214603,0.3839389765865028,0.2847074871173082,0.4698991213797592,0.679451287793953,0.2846329323931978,0.8138287864534337,0.8828533054767945,0.8466261532164112,0.8257503345440643,0.7615905464268772,0.7061154807633682
0.7715640746961764,0.4181587032524631,0.1953622309790845,0.3708645189283003,0.8045912653975363,0.2402530070510161,0.7050799623706491,0.9363776550763568,0.9109858622752608,0.8946026890970497,0.8522447923405357,0.8294006463020548
0.9012943385041003,0.4258925733658226,0.1015459230069718,0.2956936761036989,0.923572228443449,0.1799046038987971,0.544214487300094,0.9209073272645876,0.9046569476368904,0.8771745364175111,0.8753611937723724,0.9054325955734408
0.9117676118960576,0.3668820849666278,0.0512276447408305,0.3200997939038941,0.9594998133631952,0.1166528411447532,0.4354656632173094,0.8333084614236681,0.8272930507887528,0.7782132160836042,0.7984646569198257,0.8685446009389672
0.7655370022725028,0.2491789384468693,0.0791906638375265,0.4606790324330188,0.8732736095558045,0.0780796350062214,0.3282220131702728,0.5820524299855743,0.5888409584684656,0.5625438093417447,0.605641091991202,0.7044692396805073
0.5215887758126667,0.221527704205954,0.2465898757199151,0.6087428137542032,0.6549085479656588,0.17907507258399,0.1979303857008466,0.2558324628164951,0.2690890771119997,0.2805072325240553,0.341311942036486,0.4510090848119017
0.304515364094457,0.2666596037715859,0.4452106698999697,0.7048486820696388,0.4301045166106756,0.3371007880547491,0.1245531514581373,0.0447694373974033,0.0507257785194747,0.0714012617090422,0.1230862121016086,0.2196207548320224
0.2444422487896453,0.2823392308507256,0.5025765383449531,0.7296886864085043,0.3664613661814109,0.384072998755703,0.1862652869238005,0.0819778142565786,0.0604238168708082,0.0627031160389982,0.0880234614223487,0.1590146942259618
0.2333761486019168,0.314440088992478,0.5340254622612913,0.7193838811150884,0.3418253079507279,0.4211945250933222,0.3801505174035747,0.2403621350047257,0.1729903334487862,0.1429299687758873,0.1434855738129124,0.1841351137125785
0.2017587194941212,0.3388070770208708,0.5757047590178842,0.7242651046751275,0.3012318029115342,0.4616341766901701,0.5673565380997178,0.3698452967218823,0.2604301142983092,0.2027018415854202,0.1826885754948894,0.193768672641912
0.1719197707736389,0.3228096196630998,0.587147620491058,0.7488881657446579,0.2801418439716312,0.4616341766901701,0.6769520225776106,0.4397851067004925,0.3042916968418401,0.2275536863569744,0.1927804373140121,0.1852935796597768
0.1517636597174192,0.2809619663099904,0.5726735374355866,0.7813211845102506,0.2794886151549086,0.4313562836997097,0.7182502351834431,0.4574441625628015,0.316225321955981,0.2295290894029185,0.1886401863112951,0.1742576672154137
0.1348680960379409,0.2586079033795952,0.569642315853289,0.8020392667317496,0.2734229189996268,0.4182911654914973,0.7416745061147695,0.4570959558274884,0.316414244781007,0.2251003632192697,0.181308491827317,0.1634656423388818
0.1264697164311826,0.261150545608645,0.57790239466505,0.8054018874064431,0.2643710339678985,0.4251347988386562,0.7765757290686736,0.4610257175545939,0.3186498315438144,0.2250366405403683,0.180359684305861,0.1604170477409914
0.1257780851694496,0.26771903803369,0.5831312518945135,0.8023646816357523,0.2608249346771183,0.431978432185815,0.802351834430856,0.4689349848281351,0.3221763909442993,0.2265659848340024,0.1813947470565403,0.1612096823364429
0.1124394822645983,0.2605148850513825,0.5882843285844196,0.8134287883718407,0.2513064576334453,0.431978432185815,0.8095014111006584,0.4680893398995175,0.3192480871563966,0.2229656534760721,0.1750118600940182,0.1534662520578013
0.0940618515956921,0.2418688420383515,0.5889663534404365,0.832953682611997,0.2422545726017171,0.423372044794691,0.7993414863593602,0.4578918569367756,0.3119745583928965,0.2143630918243803,0.1643162116703325,0.1379793915005182
0.086256298784705,0.2356181798919376,0.5904819642315854,0.8404382254040568,0.2376819708846584,0.4212982165076731,0.7982126058325493,0.4555041536089141,0.3091407160175069,0.2092015548333652,0.1590115150731013,0.1302969331138345
0.0908013042189506,0.2468481830702404,0.5950287966050318,0.8323028528039917,0.2369354236655468,0.4299046038987972,0.8110065851364063,0.4598816097099935,0.3116281998803489,0.2114637099343656,0.161297278647518,0.1337113590634717
0.1045351249876494,0.2645407352473778,0.5971506517126403,0.8155982210651914,0.2421612541993281,0.4400663625051846,0.8256820319849483,0.467144207332239,0.3170754746685978,0.2170075829987892,0.1681976969853797,0.1421864520456069
0.0958403319830056,0.262209979870749,0.6022279478629887,0.8215641609719059,0.2348824188129899,0.4423475736209041,0.8335841956726247,0.4715216634333184,0.3190276771938664,0.2185369272924233,0.1691465045068357,0.1422474239375648
0.0794387906333366,0.2514037503972878,0.6070021218551076,0.836207831652023,0.2242441209406495,0.4402737453338863,0.8334901222953903,0.4684375466348306,0.3161623476809723,0.2148728732555916,0.1629792556173718,0.1341991341991342
0.0763758521885189,0.2552177137408624,0.6120794180054563,0.8358824167480203,0.2196715192235909,0.4456656988801327,0.8269990592662276,0.4649554792816992,0.3143990679807298,0.2123558274389855,0.1585802389269849,0.128223888787269
0.0813160754866119,0.2583960165271745,0.6106395877538647,0.8315435513613191,0.2228443449048152,0.4461841559518871,0.8272812793979303,0.4689847286474656,0.3166346547435373,0.2136621423564646,0.1607366196575667,0.1306017925736236
0.091986957810493,0.2664477169191651,0.6081388299484692,0.8215641609719059,0.2294699514744307,0.4484653670676068,0.8265286923800564,0.4727155150972491,0.318807267231336,0.2161473268336201,0.1638849355242161,0.1352356563624169
0.0861574943187432,0.2540523360525479,0.6037435586541376,0.8311096648226488,0.2293766330720418,0.4394442140190793,0.8222013170272812,0.4717703825299706,0.3171384489436065,0.2143630918243803,0.1609953853452365,0.131089567709286
0.0728188914138919,0.2284140269096302,0.5956350409214913,0.8516108037748129,0.2280701754385965,0.4212982165076731,0.8118532455315146,0.4639606028950903,0.3112503542302969,0.2079271012553367,0.1528442661836374,0.1189561612096823
0.0664954055923327,0.2159127026168026,0.5915428917853895,0.861373250894891,0.2276969018290407,0.4123807548734964,0.8068673565380996,0.4601800726259762,0.307629333417299,0.2034665137322373,0.1471082934402898,0.1100542649838424
0.07272008694793,0.222587138468058,0.5915428917853895,0.8546480095455039,0.2305897723030981,0.4155951887183741,0.81862652869238,0.4654529174750038,0.3126357882804875,0.208341298668196,0.1525855004959675,0.1187732455338089
0.0808220531568026,0.2283080834834198,0.5894210366777812,0.8472719383881115,0.2357222844344904,0.4169431771049357,0.8338664158043274,0.4751529622444411,0.3182719858937624,0.2133116676225068,0.1599171949799457,0.1294433266264252
0.0852682541250864,0.2226930818942684,0.5819187632615944,0.8477058249267816,0.2424412094064949,0.409062629614268,0.8319849482596424,0.4769934835596677,0.3189647029188577,0.2138214490537182,0.1614266614913529,0.1319431741966953
0.0780555281098705,0.2028816611929229,0.5733555622916036,0.8616986657988935,0.244307577454274,0.3936126088759851,0.8258701787394167,0.4720688454459533,0.3155011177933814,0.2096157522462244,0.155733816362617,0.1258459850009145
0.0739057405394723,0.186884203835152,0.5650954834798424,0.8722204143616444,0.2473870847331093,0.3801327250103691,0.8268109125117591,0.4707257623240312,0.3137063509556346,0.2073217358057733,0.1516798205891232,0.1201146271568806
0.0812172710206501,0.187413920966204,0.5598666262503789,0.867881548974943,0.2541060097051139,0.3767109083367897,0.8466603951081842,0.481569914938069,0.3193740357064139,0.2115274326132671,0.1556044335187821,0.1250533504054631
0.0950498962553107,0.1933467528339866,0.5535010609275538,0.8572513287775247,0.2645576707726764,0.3753629199502281,0.8632173095014111,0.4927125304680894,0.3252936175572279,0.2161473268336201,0.1613404062621296,0.134260106091092
0.0925797846062641,0.1855069392944167,0.5497878144892392,0.8626749105109014,0.2656774916013438,0.3689340522604728,0.8620884289746001,0.4927622742874198,0.324254542019585,0.2148410119161409,0.1604778539698969,0.1335284433875983
0.0764746566544807,0.1704629727725394,0.5513792058199454,0.8792710706150342,0.2570921985815603,0.3626088759850684,0.8555032925682031,0.4885340496443317,0.3202556755565351,0.2099662269801822,0.1541380946219864,0.1255411255411255
0.0702499752988835,0.164847971183388,0.5521370112155198,0.8854539537910837,0.2536394176931691,0.3604313562836997,0.8499529633113828,0.4861960901358006,0.3177367045561888,0.2063977569617026,0.1486177599516971,0.1198097676970916
0.0828969469420017,0.1784087297383197,0.5521370112155198,0.8716780561883067,0.259611795446062,0.3670676068021568,0.8634995296331137,0.495448440531264,0.3220819295317863,0.2096476135856751,0.1534480527882003,0.1258459850009145
0.0925797846062641,0.1948299608009322,0.5564565019702941,0.8579021585855299,0.26157148189623,0.3780588967233513,0.8788334901222953,0.5037059145401184,0.3273402814950093,0.2132160836041547,0.1584077284685384,0.1318212304127797
0.0915917399466456,0.1959953384892467,0.5581236738405577,0.8577936869508623,0.2600783874580067,0.3797179593529656,0.8779868297271872,0.5044023280107447,0.3268364872949401,0.2113362645765628,0.1569413895717428,0.1315773428449484
0.0785495504396798,0.1877317512448352,0.5621400424371021,0.8692916802256211,0.2514930944382232,0.3784736623807548,0.8664158043273753,0.4970402427498384,0.321011366856639,0.2048365513286178,0.1494803122439298,0.1234071093226023
0.0744985673352435,0.1935586396864074,0.5694149742346165,0.8685323787829483,0.2450541246733856,0.3862505184570717,0.861994355597366,0.4910212406108541,0.3176107560061715,0.2011724972917861,0.1444343813343684,0.1161514541796232
0.0840826005335441,0.2080728890772327,0.5724461958169142,0.8557327258921792,0.2477603583426652,0.3954790543343011,0.8731890874882409,0.4995771775356912,0.3208854183066217,0.2034346523927866,0.1483158666494156,0.1210292055362478
0.092678589072226,0.2058480771268142,0.5642618975447105,0.8521531619481506,0.2568122433743934,0.3887391124014931,0.8963311382878645,0.5127095458389296,0.3265531030574011,0.2064933409800548,0.1529736490274723,0.1287726358148893
0.0887264104337516,0.1980082635872443,0.5616853591997576,0.8584445167588675,0.2565322881672266,0.383139776026545,0.901599247412982,0.5150475053474606,0.3256714632072798,0.2040718791818008,0.1506016302238323,0.1265776477044083
0.0754866119948621,0.1927110922767242,0.5680509245225827,0.8683154355136132,0.2463605823068309,0.3850062214848611,0.8927563499529633,0.5092274784857981,0.3205075726565698,0.1966800484292359,0.1425367662914564,0.1166392293152856
0.0724236735500444,0.1933467528339866,0.570854804486208,0.869725566764291,0.2431877566256066,0.3871837411862298,0.8952963311382878,0.5098244043177635,0.3188702415063447,0.1922513222455872,0.1371026868503903,0.1113346747149564
0.0826005335441161,0.2089204364869159,0.5741891482267354,0.8561666124308495,0.2459873086972751,0.3971381169639154,0.9087488240827846,0.5200218872805054,0.3230265436569162,0.1948320907410947,0.1410272997800492,0.1179196390463996
0.0972235945064717,0.2252357241233181,0.5747196120036374,0.8397873955960516,0.2525195968645017,0.4054334301119868,0.9210724365004704,0.5312142466298562,0.3291035611952517,0.2009813292550819,0.1482727390348039,0.1280409731113956
0.1021638178045647,0.2262951583854221,0.5716126098817824,0.8365332465560257,0.2567189249720045,0.4037743674823724,0.9200376293508936,0.535293239814953,0.3325356591832237,0.2035620977505894,0.1518954586621814,0.1341381623071764
0.1013733820768698,0.2177137408623794,0.5660806304940892,0.8413059984813971,0.2597984322508399,0.3957901285773538,0.8969896519285042,0.5322091230164653,0.3301426367328946,0.1998343210348563,0.1485315047224738,0.1289555514907627
0.1031518624641833,0.2109333615849136,0.5598666262503789,0.8438008460787504,0.2644643523702874,0.3883243467440896,0.8745061147695202,0.5310152713525345,0.3303315595579206,0.1988784808513349,0.1469789105964549,0.1281629168953112
0.1181701412903863,0.2218455344845852,0.5560775992725069,0.8300249484759735,0.2738895110115715,0.3910203235172128,0.8862652869238006,0.5432522509078247,0.338297805346516,0.2044223539157586,0.1542674774658214,0.1388939698798854
0.1293350459440767,0.2354062930395168,0.5572900879054259,0.8170083523158694,0.2783687943262412,0.398486105350477,0.9079021636876764,0.5552902551857931,0.3472716395352498,0.210985789842605,0.1625479794712554,0.1485275288092189
0.1279517834206106,0.2348765759084648,0.5579721127614429,0.8179845970278772,0.2773422918999627,0.3986934881791788,0.910818438381938,0.5611102820474556,0.351963223023395,0.2147135665583381,0.1658688057963514,0.1509054325955734
0.1198498172117379,0.2250238372708973,0.557138526826311,0.8275301008786203,0.2740761478163494,0.3933015346329324,0.900752587017874,0.5598666865641944,0.3539154255486634,0.2169119989804371,0.1649199982748954,0.1473690628620206
0.1256792807034878,0.229685348024155,0.5560018187329494,0.8218895758759084,0.2774356103023516,0.3948569058481957,0.8916274694261523,0.5612595135054469,0.3587959318618344,0.2227426240999171,0.1705697157890197,0.1541369428693372
0.1479102855449066,0.2516156372497086,0.554561988481358,0.7984597027877209,0.2889137737961926,0.4046038987971796,0.891533396048918,0.5699646818882754,0.3689033030007242,0.2359969413114127,0.1867856988829948,0.1729162855923419
0.1648058492243849,0.2695200762792668,0.5544862079418006,0.7800195248942401,0.2969391564016424,0.4132102861883036,0.8944496707431797,0.5756354772919465,0.37614534462672,0.2473714394953164,0.2007590460171648,0.1879763429059203
0.163323782234957,0.2616802627396969,0.5500151561079115,0.7847922768196117,0.2989921612541993,0.4063666528411448,0.8898400752587018,0.5702631448042581,0.3771529330268585,0.2527878672019372,0.2068400396774054,0.193463813182123
0.1503803971939531,0.2372073312850937,0.5424371021521673,0.8044256426944354,0.2974990668159761,0.3892575694732477,0.8698965192850423,0.5537979406058797,0.3697219685758368,0.2505894347798382,0.2041229999568724,0.1870007926345954
0.1457365872937456,0.23360525479394,0.5434222491664141,0.8088729797158043,0.2946995147443076,0.3881169639153878,0.8527751646284101,0.5392230015420585,0.3629837211499103,0.2499522079908239,0.2030879372061931,0.1845619169562831
0.1546289892303132,0.2438817671363491,0.5439527129433163,0.7987851176917237,0.2985255692422546,0.3935089174616341,0.850423330197554,0.5331045117644133,0.3595516231619383,0.2509717708532467,0.2054599560098331,0.1881592585817938
0.156209860685703,0.2525691280856022,0.5489542285541072,0.7933615359583468,0.2961926091825308,0.4011820821236002,0.8521166509877705,0.5282793612893598,0.3574419849491483,0.2524373924679793,0.2083495061888127,0.1905981342601061
0.1455389783618219,0.2487551647420277,0.5544862079418006,0.8012799652890769,0.2877939529675252,0.4031522189962671,0.8424270931326434,0.5182311097846093,0.3514279416858213,0.2503345440642324,0.2071850605942985,0.1871837083104688
0.1308171129335046,0.2381608221209873,0.5581236738405577,0.8147304479878512,0.278648749533408,0.400352550808793,0.8254938852304797,0.5011689797542656,0.3420762618470355,0.2443127509080482,0.1991201966619226,0.1769404304615572
0.1244936271119454,0.2393261998093018,0.5638072143073659,0.8175507104892071,0.2721164613661814,0.4049149730402323,0.8156161806208843,0.4919166293588022,0.3360307314462042,0.2412540623207799,0.1954974770345452,0.1724894823486372
0.1296314593419622,0.2500264858565525,0.5675204607456805,0.8093068662544745,0.2722097797685704,0.4126918291165491,0.8172154280338664,0.49057354623688,0.3351176044585787,0.2428789906327662,0.1978694958381852,0.1765745991098104
0.1344728781740934,0.253310732069075,0.5661564110336466,0.8049680008677731,0.2753826054497947,0.4133139776026545,0.8242709313264346,0.4915186788041586,0.3359677571711956,0.2453323137704709,0.2017509811532324,0.1821840131699286
0.1265685208971445,0.2453649751032948,0.5665353137314338,0.8134287883718407,0.2713699141470698,0.4096847781003732,0.823612417685795,0.4869422474257573,0.3331339147958059,0.2428152679538647,0.1990339414326993,0.1777940369489665
0.112637091196522,0.2305328954338383,0.5666868748105487,0.8286148172252956,0.2647443075774542,0.4025300705101617,0.8106302916274694,0.4744565487738148,0.3251991561447149,0.2355827438985535,0.1904084185103722,0.1664532650448143
0.1054243651813062,0.2315923296959423,0.5729766595938164,0.8319774378999891,0.2574654721911161,0.4074035669846537,0.8104421448730008,0.4678406208028652,0.3204131112440568,0.2312496017332568,0.1843274248501315,0.1591366380098774
0.1077956723643908,0.2524631846593919,0.5860109123976963,0.8200455580865603,0.2505599104143337,0.4264827872252178,0.8208842897460018,0.4709744814206835,0.3226486980068642,0.2330019754030459,0.1859231465907621,0.1618803731479788
0.1117478510028653,0.2716389448034749,0.5966959684752955,0.8081136782731316,0.2458006718924972,0.4431771049357113,0.8349012229539041,0.4778391284882853,0.3264901287823924,0.2366978907793283,0.1907965670418769,0.1674288153161393
0.108388499160162,0.2766182858353639,0.6027584116398909,0.8073543768304589,0.2405748413587159,0.4498133554541684,0.8282220131702727,0.4746057802318063,0.3255140275197582,0.2368890588160326,0.1905378013542071,0.1668190963965612
0.094852287323387,0.2658120563619027,0.6054865110639589,0.820370972990563,0.2324561403508772,0.4463915387805889,0.8124176857949199,0.4646072725463861,0.3203501369690482,0.232332887274581,0.1845861905378013,0.1591976099018352
0.0972235945064717,0.2635872444114842,0.6021521673234314,0.820154029721228,0.2356289660321015,0.4429697221070095,0.8024459078080902,0.4617718748445505,0.3181460373437451,0.2301981775313834,0.1818260232026566,0.1551734650326199
0.1110562197411323,0.2716389448034749,0.5973022127917551,0.8084390931771341,0.2451474430757745,0.4435918705931149,0.8060206961429914,0.4679898522608566,0.3222078780818036,0.2333524501370038,0.1866131884245482,0.1622462044997256
0.1232091690544412,0.2793728149168343,0.5934374052743255,0.7978088729797158,0.2532661440836133,0.4447324761509747,0.8055503292568202,0.4725165398199274,0.3251046947322019,0.2363792773848212,0.1917885021779445,0.169075056399
0.1179725323584626,0.2774658332450471,0.596089724158836,0.8016053801930795,0.2491601343784994,0.4456656988801327,0.7952963311382878,0.4700293488534049,0.3243804905696024,0.2359969413114127,0.1914434812610514,0.1688921407231266
0.1034482758620689,0.2646466786735882,0.5980600181873295,0.8162490508731967,0.2410414333706607,0.44068851099129,0.78137347130762,0.4602298164453067,0.3203816241065525,0.2314726311094118,0.1844136800793548,0.1596244131455399
0.0967295721766623,0.2613624324610658,0.6008638981509549,0.8215641609719059,0.2361888764464352,0.4409995852343426,0.7799623706491062,0.4563497985375317,0.3182719858937624,0.229688396100172,0.1804028119204727,0.1530394488140967
0.1093765438197806,0.2778896069498887,0.6029857532585633,0.8061611888491159,0.2408547965658828,0.4505391953546246,0.7974600188146754,0.4662488185842909,0.3245694133946283,0.2364430000637226,0.1873032302583344,0.1620632888238522
0.1224187333267463,0.2833986651128297,0.5969233100939679,0.7961817984597027,0.2507465472191116,0.4490875155537121,0.8133584195672625,0.4760980948117196,0.3306464309329639,0.2420824571464984,0.1945055418984776,0.1721846228888482
0.1282481968184962,0.269308189426846,0.5822976659593816,0.8001952489424016,0.2625046659201195,0.4321858150145168,0.8094073377234243,0.4796299059841815,0.3331968890708146,0.2433887720639775,0.1966187950144478,0.1747454423510761
0.1230115601225175,0.2480135607585549,0.5711579266444378,0.8139711465451784,0.2668906308324001,0.4141435089174616,0.8057384760112888,0.4784360543202507,0.3322522749456847,0.2411266169629771,0.1937292448354681,0.1693189439668313
0.1191581859500049,0.2445174276936116,0.5716126098817824,0.8178761253932096,0.2647443075774542,0.4126918291165491,0.8090310442144872,0.4812217082027558,0.3335117604458579,0.2417638437519913,0.192435416397119,0.1654777147734894
0.1239996047821361,0.2578662993961224,0.577371930888148,0.8083306215424667,0.2635311683463979,0.4231646619659892,0.8201317027281279,0.4869422474257573,0.3378884725589597,0.2459058178805837,0.1970931987751757,0.1709651850496921
0.1343740737081316,0.2689903591482148,0.5774477114277053,0.7970495715370431,0.2683837252706234,0.4286603069265865,0.8269990592662276,0.491120728249515,0.3403444692842974,0.2497929012935704,0.2026997886746884,0.1799280531674898
0.1330896156506274,0.2590316770844369,0.5713094877235526,0.8027985681744224,0.2715565509518477,0.4196391538780589,0.8196613358419567,0.4904243147788887,0.3394628294341761,0.2495380105779646,0.2033898305084746,0.1812694347905615
0.1195534038138523,0.2363597838754104,0.5654743861776296,0.8217811042412408,0.2687569988801792,0.4045002073828287,0.8078080903104422,0.4812714520220862,0.3339525803709185,0.244663225642006,0.1975676025359037,0.1737698920797512
0.1175773144946151,0.23360525479394,0.5650197029402849,0.8243844234732618,0.2681037700634565,0.4028411447532144,0.8055503292568202,0.4777893846689549,0.332472684908215,0.2436436627795832,0.1958424979514383,0.171635875861228
0.1258768896354115,0.2433520500052971,0.5656259472567445,0.8148389196225186,0.2716498693542367,0.408025715470759,0.8147695202257761,0.4825647913246779,0.3358103214836739,0.2461607085961893,0.2004571527148833,0.1788305591122492
0.1343740737081316,0.2479076173323445,0.5623673840557745,0.8077882633691289,0.2776222471071295,0.4081294068851099,0.8256820319849483,0.4878376361737054,0.3392739066091502,0.248837061110049,0.2042092551860956,0.1847448326321565
0.1290386325461911,0.2393261998093018,0.560397090027281,0.8150558628918538,0.2764091078760732,0.4025300705101617,0.8227657572906867,0.4851514699298612,0.3369753455713341,0.246861658064105,0.2018372363824557,0.1811474910066459
0.1136251358561407,0.2258713846805805,0.5625189451348894,0.8304588350146437,0.2677304964539007,0.3973454997926172,0.8126058325493885,0.4755509127990847,0.3305204823829465,0.2404575288345122,0.1934704791477983,0.1700506066703249
0.1095741527517043,0.2230109121728996,0.5636556532282511,0.8341468705933398,0.2652108995893991,0.3967233513065118,0.8118532455315146,0.4700293488534049,0.327119871532479,0.236952781494934,0.1889420796135766,0.1639534174745442
0.1181701412903863,0.2334993113677295,0.5644892391633829,0.8240590085692591,0.2686636804777902,0.4024263790958108,0.8211665098777047,0.4732129532905537,0.3284423313076608,0.2386414324858217,0.192435416397119,0.1688921407231266
0.1266673253631064,0.2394321432355121,0.5622158229766596,0.8163575225078642,0.2740761478163494,0.4038780588967233,0.8317027281279398,0.4775406655723027,0.330079662457886,0.2405212515134136,0.1967913054728943,0.1761477958661057
0.1180713368244244,0.2348765759084648,0.565550166717187,0.8234081787612539,0.2680104516610676,0.4038780588967233,0.8289746001881467,0.4725662836392578,0.326742025882427,0.2384184031096667,0.1948505628153707,0.1731601731601731
0.0988044659618614,0.2271427057951054,0.5747953925431949,0.8379433778067036,0.2532661440836133,0.4063666528411448,0.8164628410159923,0.4613241804705765,0.319185112881388,0.2321735805773274,0.1866994436537715,0.160234132065118
0.0964331587787768,0.2359360101705688,0.5829039102758412,0.8346892287666775,0.2471071295259425,0.4163210286188304,0.798024459078081,0.4554544097895836,0.3161623476809723,0.230134454852482,0.1830767240263941,0.1560270715200293
0.108388499160162,0.2564890348553872,0.5884358896635344,0.8176591821238746,0.2493467711832774,0.4301119867274989,0.7880526810912513,0.4562005670795404,0.3183979344437797,0.2332887274581023,0.1874326131021693,0.1627949515273459
0.1202450350755854,0.2737578133276829,0.5916944528645044,0.8023646816357523,0.2529861888764464,0.4407922024056407,0.78137347130762,0.4584390389494105,0.3206964954815958,0.2364111387242719,0.1929529477724587,0.1718797634290592
0.1156012251753779,0.2749231910159974,0.596089724158836,0.8043171710597679,0.248040313549832,0.4443177104935711,0.7683913452492944,0.4538626075710093,0.3186498315438144,0.2343720129994265,0.19114158795877,0.1701115785622828
0.1037446892599545,0.2721686619345269,0.6031373143376781,0.8121271287558304,0.2380552444942142,0.4478432185815014,0.7528692380056443,0.4445605133562155,0.3145565036682515,0.2289874466322564,0.1840686591624617,0.1613316261203585
0.1052267562493824,0.2725924356393686,0.6023037284025463,0.8111508840438226,0.2393617021276596,0.4475321443384488,0.7493885230479774,0.4413271650997363,0.3132970181680783,0.2276811317147773,0.1823004269633846,0.1580391439546369
0.1178737278925007,0.285305646784617,0.6017732646256442,0.7977004013450483,0.2456140350877193,0.4533388635420987,0.7611476952022577,0.4479928368900164,0.3172958846311282,0.2314089084305104,0.1865700608099366,0.1635875861227974
0.1164904653690346,0.291874139209662,0.6075325856320097,0.7950970821130274,0.2414147069802165,0.4604935711323103,0.7759172154280338,0.4567974929115058,0.321011366856639,0.2342127063021729,0.1901065252080907,0.1696238034266203
0.1094753482857425,0.2857294204894586,0.6085177326462564,0.8020392667317496,0.2374953340798806,0.4581086686022397,0.7785512699905927,0.4565985176341839,0.3210428539941434,0.2340215382654687,0.1892871005304696,0.1665142369367721
0.1033494713961071,0.2690963025744252,0.601394361927857,0.8139711465451784,0.2389884285181038,0.4451472418083783,0.770931326434619,0.4524697806297568,0.3192480871563966,0.2313133244121583,0.1852762323715875,0.1598073288214133
0.1050291473174587,0.2534166754952855,0.5887390118217641,0.8210218027985682,0.2475737215378873,0.4287639983409373,0.7746001881467545,0.4565985176341839,0.3199093170439875,0.2318549671828203,0.1851899771423642,0.1591976099018352
0.1263709119652208,0.2518275241021294,0.5713094877235526,0.8101746393318148,0.2683837252706234,0.4161136457901286,0.7949200376293508,0.4692334477441178,0.3274347429075223,0.2387370165041738,0.1941605209815845,0.1711481007255655
0.1379310344827586,0.2500264858565525,0.5611548954228555,0.804751057598438,0.2800485255692422,0.4082330982994607,0.8114769520225775,0.4782868228622594,0.3321263263956674,0.2424329318804562,0.2001121317979902,0.1803548564111944
0.129829068273886,0.2366776141540417,0.5578205516823279,0.8160321076038616,0.2783687943262412,0.399419328079635,0.8076199435559737,0.4753519375217629,0.3300481753203816,0.2402982221372586,0.1973950920774572,0.1781598683007134
0.1152060073115304,0.221527704205954,0.5581994543801152,0.8318689662653216,0.2711832773422919,0.3923683119037743,0.791533396048918,0.465154454559021,0.3242860291570894,0.2341171222838208,0.1891145900720231,0.1661484055850253
0.112637091196522,0.2232227990253204,0.5613064565019703,0.8323028528039917,0.2681037700634565,0.3952716715055994,0.7839134524929444,0.4599810973486544,0.3214206996441954,0.2314726311094118,0.185578125673869,0.1618194012560209
0.1260744985673352,0.2399618603665642,0.5630494089117914,0.8164659941425317,0.2733296005972378,0.4047075902115305,0.7927563499529633,0.4663483062229518,0.3247583362196543,0.2353597145223985,0.1913572260318282,0.1695628315346625
0.1297302638079241,0.2431401631528763,0.5625189451348894,0.8127779585638355,0.2753826054497947,0.4058481957693903,0.805456255879586,0.4715714072526489,0.3280329985201046,0.2382590964124132,0.1953249665760986,0.1752332174867386
0.1213318842011658,0.2384786523996185,0.5656259472567445,0.8198286148172252,0.2695035460992908,0.4057445043550394,0.8004703668861711,0.4678406208028652,0.3253251046947322,0.2368571974765819,0.1923491611678958,0.1727943418084263
0.1105621974113229,0.2305328954338383,0.5682024856016975,0.8298080052066384,0.2628779395296752,0.4035669846536707,0.7857008466603951,0.4609262299159329,0.3194684971189269,0.2320461352195246,0.1870013369560529,0.1644411926102067
0.1124394822645983,0.2348765759084648,0.5699454380115186,0.8265538561666125,0.2625979843225084,0.4068851099128993,0.7778927563499529,0.4572451872854798,0.3180200887937278,0.2311540177149047,0.185578125673869,0.1618803731479788
0.1228139511905938,0.2501324292827629,0.572749317975144,0.8129949018331707,0.2658641284061216,0.4163210286188304,0.7865475070555032,0.4618713624832115,0.3215151610567083,0.2352322691645957,0.1910984603441583,0.1688921407231266
0.1266673253631064,0.2623159232969593,0.578584419521067,0.8046425859637705,0.2639977603583427,0.426275404396516,0.7951081843838192,0.4651047107396906,0.3243804905696024,0.2378448989995539,0.195281838961487,0.1727943418084263
0.1166880743009584,0.2598792244941201,0.5844953016065475,0.8113678273131576,0.255692422545726,0.4290750725839901,0.7913452492944496,0.4612246928319156,0.3224597751818382,0.2350092397884407,0.1912709708026049,0.1692579720748734
0.1051279517834206,0.2538404492001271,0.5890421339799939,0.8208048595292331,0.2474804031354983,0.4292824554126918,0.784101599247413,0.4543103019449834,0.3177367045561888,0.2290193079717071,0.1841117867770733,0.1612706542284007
0.1034482758620689,0.2554296005932831,0.5914671112458321,0.8209133311639006,0.2451474430757745,0.4316673579427623,0.7832549388523048,0.4530169626423917,0.3169495261185806,0.2285095265404957,0.183206106870229,0.158953722334004
0.1181701412903863,0.2739697001801038,0.5933616247347682,0.80334092634776,0.2509331840238895,0.4420364993778515,0.7946378174976481,0.4591851962393672,0.3210428539941434,0.2329382527241445,0.1889420796135766,0.1676117309920127
0.1222211243948226,0.2833986651128297,0.5970748711730828,0.7962902700943704,0.2505599104143337,0.449191206968063,0.8071495766698025,0.4665472815002736,0.3256084889322712,0.2366660294398776,0.1942899038254194,0.1734650326199622
0.1188617725521193,0.2733340396228413,0.5924522582600789,0.8032324547130926,0.251866368047779,0.4411032766486935,0.8126058325493885,0.4663980500422823,0.324254542019585,0.2362836933664691,0.1928235649286238,0.1708432412657765
0.1091789348878569,0.2483313910371861,0.5819945438011519,0.8214556893372383,0.2536394176931691,0.4217129821650768,0.8125117591721543,0.4625180321345073,0.3194370099814226,0.2314726311094118,0.1866563160391599,0.1620023169318944
0.1095741527517043,0.2387964826782497,0.5748711730827524,0.8260114979932748,0.2583053378126166,0.4121733720447947,0.8111006585136405,0.4587375018653932,0.3161938348184767,0.2279678837698337,0.1823866821926079,0.1575513688189744
0.1114514376049797,0.2487551647420277,0.5804789330100031,0.8199370864518928,0.255692422545726,0.4208834508502696,0.8264346190028221,0.4634631647017858,0.3192795742939009,0.2310584336965526,0.1857937637469271,0.1626120358514725
0.1053255607153443,0.2561712045767559,0.5905577447711428,0.8195031999132227,0.2466405375139978,0.4313562836997097,0.8417685794920037,0.4641098343530816,0.3204445983815612,0.2322054419167782,0.1872169750291111,0.1640753612584598
0.0943582649935777,0.2492848818730797,0.5940436495907851,0.8290487037639657,0.2392683837252706,0.4304230609705516,0.8358419567262465,0.4576928816594539,0.316130860543468,0.2286688332377493,0.1829904687971708,0.158953722334004
0.079142377235451,0.2375251615637249,0.5973022127917551,0.8433669595400802,0.2301231802911534,0.4268975528826213,0.8020696142991534,0.4454559021041635,0.3094555873925502,0.2231886828522271,0.1754862638547462,0.1499298823242485
0.0819089022823831,0.2433520500052971,0.5994240678993635,0.8389196225187113,0.2300298618887644,0.4311489008710079,0.7867356538099718,0.4412774212804059,0.308007179067351,0.2217230612374944,0.1738905421141156,0.1482836412413877
0.102657840134374,0.268248755164742,0.601242800848742,0.8147304479878512,0.2387084733109369,0.4446287847366238,0.7850423330197553,0.4452071830075113,0.3122264554929311,0.2259924807238896,0.1797127700866865,0.1572465093591854
0.1135263313901788,0.281385740014832,0.6023037284025463,0.8021477383664172,0.2431877566256066,0.4517834923268353,0.7859830667920977,0.4500323334825648,0.315941937718442,0.2304530682469891,0.1859231465907621,0.1664532650448143
0.1089813259559332,0.2707913973937917,0.5982873598060018,0.8099576960624797,0.2435610302351624,0.4439029448361676,0.7746942615239886,0.4482415559866686,0.3133914795805914,0.227489963678073,0.1831198516410057,0.1630388390951771
0.0982116391660903,0.2601970547727513,0.5988936041224614,0.8213472177025708,0.2381485628966032,0.4390294483616757,0.7587017873941674,0.4398845943391534,0.3081331276173683,0.2216274772191423,0.1756587743131927,0.1530394488140967
0.101274577610908,0.2596673376416993,0.5961655046983934,0.8199370864518928,0.2412280701754386,0.4369556200746578,0.7561618062088429,0.4393871561458489,0.3077867691048206,0.2220416746320015,0.1756156466985811,0.1521858423266874
0.1164904653690346,0.269308189426846,0.5913913307062747,0.8067035470224536,0.2513064576334453,0.4384072998755703,0.7695202257761053,0.4494354076505994,0.3121005069429138,0.2273625183202702,0.183206106870229,0.1605999634168648
0.1244936271119454,0.274287530458735,0.5888147923613216,0.7997613624037314,0.2567189249720045,0.4391331397760266,0.779868297271872,0.4551062030542706,0.3159734248559463,0.2314089084305104,0.1885539310820718,0.1676727028839705
0.1189605770180812,0.2498145990041317,0.5755531979387694,0.8152728061611889,0.2622247107129526,0.4180837826627955,0.7754468485418626,0.4532159379197134,0.3154696306558771,0.229688396100172,0.186052529434597,0.1663313212608987
0.108388499160162,0.2151710986333297,0.5588814792361322,0.8388111508840439,0.2675438596491228,0.3896723351306512,0.7686735653809971,0.4495348952892603,0.3125413268679744,0.2256101446504811,0.181308491827317,0.160843850984696
0.1144155715838355,0.2094501536179679,0.5501667171870264,0.8384857359800413,0.2757558790593505,0.3809622563251763,0.7648165569143932,0.4492861761926081,0.3120060455304008,0.2250047792009176,0.1809634709104239,0.1601731601731602
0.1200474261436616,0.2208920436486915,0.5540315247044559,0.8294825903026358,0.2760358342665174,0.3891538780588968,0.7756349952963312,0.4545590210416356,0.3158159891684247,0.2287644172561014,0.1857506361323155,0.1674288153161393
0.1229127556565556,0.222587138468058,0.5529705971506517,0.8270962143399501,0.2779955207166854,0.3892575694732477,0.7844778927563498,0.4589862209620454,0.3186813186813187,0.2315044924488625,0.1891145900720231,0.1714529601853545
0.11411915818595,0.2096620404703887,0.5505456198848135,0.8384857359800413,0.2753826054497947,0.381273330568229,0.7796801505174036,0.4557031288862359,0.3172958846311282,0.2288918626139043,0.1856643809030922,0.168770196939211
0.0991996838257089,0.1971607161775611,0.5531221582297666,0.8531294066601585,0.2667973124300112,0.3769182911654915,0.7694261523988711,0.4489877132766253,0.3122264554929311,0.2237303256228892,0.1785483244921723,0.1598683007133711
0.1089813259559332,0.2116749655683864,0.5559260381933919,0.8402212821347217,0.2695968645016797,0.3859394442140191,0.7631232361241768,0.4460528279361289,0.3108410214427407,0.2233161282100299,0.1779445378876094,0.1582220596305103
0.1225175377927082,0.2331814810890983,0.5610033343437405,0.8217811042412408,0.272863008585293,0.3999377851513895,0.7706491063029162,0.4525692682684176,0.3155011177933814,0.228477665201045,0.1851468495277526,0.1662093774769831
0.1273589566248394,0.2427163894480347,0.5640345559260382,0.8142965614491811,0.2733296005972378,0.4066777270841974,0.7776105362182503,0.4560015918022185,0.3179571145187191,0.2306123749442426,0.187820761633674,0.1698676909944515
0.1203438395415472,0.238584595825829,0.5664595331918764,0.8202625013558955,0.2684770436730123,0.4063666528411448,0.7712135465663217,0.4536138884743571,0.3167606032935546,0.2287006945772,0.1858368913615388,0.1665752088287299
0.1084873036261239,0.2315923296959423,0.5705516823279783,0.8303503633799761,0.2604516610675625,0.4056408129406886,0.7615239887111946,0.4467492414067552,0.313171069618061,0.2251640858981711,0.1803165566912494,0.1587708066581306
0.1106610018772848,0.2405975209238266,0.575325856320097,0.8246013667425968,0.2584919746173946,0.4133139776026545,0.7650987770460959,0.4482912998059991,0.3144620422557385,0.2275536863569744,0.1817397679734333,0.1593195536857508
0.1208378618713565,0.2558533742981247,0.5784328584419521,0.8111508840438226,0.261384845091452,0.4229572791372875,0.7831608654750706,0.4591354524200368,0.3208854183066217,0.233989676926018,0.1892008453012464,0.168465337479422
0.1261733030332971,0.2695200762792668,0.5841163989087602,0.8012799652890769,0.2603583426651736,0.4335338034010784,0.799247412982126,0.4696811421180918,0.3287257155451998,0.2401707767794558,0.1983870272135248,0.1799890250594475
0.1216282975990514,0.2664477169191651,0.5853288875416793,0.8052934157717757,0.257558790593505,0.4328079635006221,0.8008466603951081,0.4724170521812665,0.3297333039453383,0.2418594277703434,0.1998533661103204,0.1809036034388147
0.1159964430392253,0.2607267719038033,0.5855562291603517,0.8113678273131576,0.2546659201194475,0.4302156781418498,0.7920978363123236,0.4669949758742476,0.3260178217198275,0.2379404830179061,0.1950662008884288,0.1743186391073715
0.1172809010967295,0.2664477169191651,0.5886632312822068,0.8076797917344614,0.2533594624860023,0.4350891746163418,0.7911571025399812,0.4649057354623688,0.3248213104946629,0.2370802268527369,0.1939448829085263,0.1724285104566795
0.128347001284458,0.28085602288378,0.5905577447711428,0.7942293090356871,0.2574654721911161,0.443488179178764,0.8092191909689558,0.4723175645426056,0.3292924840202778,0.2415408143758363,0.1983870272135248,0.1790744466800805
0.1302242861377334,0.2820214005720944,0.5899515004546833,0.7926022345156741,0.2586786114221724,0.4436955620074658,0.8225776105362183,0.4770929711983286,0.3323152492206934,0.2436436627795832,0.2014922154655626,0.1811474910066459
0.1138227447880644,0.2650704523784298,0.5903304031524704,0.8102831109664823,0.2507465472191116,0.4356076316880962,0.8187206020696143,0.4717206387106402,0.3277496142825656,0.2388644618619766,0.1960581360244965,0.1733430888360466
0.1021638178045647,0.250662146413815,0.5890421339799939,0.8240590085692591,0.246080627099664,0.4277270841974285,0.8088428974600187,0.4631647017858031,0.3220819295317863,0.2331294207608488,0.187820761633674,0.1627339796353881
0.0985080525639758,0.2501324292827629,0.5914671112458321,0.8263369128972774,0.2428144830160507,0.4290750725839901,0.8049858889934148,0.4596328906133413,0.3195629585314399,0.2312177403938061,0.1841980420062966,0.1584049753063837
0.1051279517834206,0.2625278101493802,0.5952561382237043,0.8163575225078642,0.2436543486375513,0.437681459975114,0.8211665098777047,0.4641098343530816,0.3227116722818728,0.2337347862104123,0.1881226549359555,0.1652338272056582
0.1082896946942001,0.2666596037715859,0.5957108214610488,0.8125610152945004,0.2448674878686077,0.4400663625051846,0.8374412041392286,0.4711237128786748,0.3253880789697408,0.2360288026508634,0.1908828222711002,0.1693799158587891
0.0895168461614464,0.2581841296747536,0.6040466808123675,0.8270962143399501,0.2307764091078761,0.4416217337204479,0.8357478833490122,0.4634631647017858,0.3219244938442646,0.232555916650736,0.1859231465907621,0.1614535699042741
0.0733129137437012,0.2626337535755906,0.6197332525007578,0.8337129840546698,0.2135125046659201,0.4545831605143094,0.8136406396989652,0.4484405312639904,0.3155955792058944,0.2275536863569744,0.1779014102729978,0.1490153039448814
0.0692619306392649,0.3045873503549104,0.6528493482873597,0.8145135047185161,0.1912094064949608,0.4977187888842804,0.8003762935089369,0.4396856190618315,0.3155326049308857,0.2296565347607213,0.1777288998145512,0.1432839461008475
0.0690643217073411,0.3708019917364127,0.7002879660503183,0.7807788263369129,0.1619074281448302,0.5626296142679387,0.7953904045155221,0.4326717405362384,0.3182404987562581,0.2362518320270184,0.1839824039332384,0.1438936650204256
0.0717320422883114,0.3898718084542854,0.7119581691421644,0.7694977763314893,0.1559350503919373,0.5799460804645376,0.8180620884289747,0.4476446301547033,0.3359047828961869,0.2576307907984452,0.2035623409669211,0.1565148466556917
0.1093765438197806,0.3807606738001906,0.6765686571688391,0.7535524460353618,0.1955020530048525,0.5512235586893405,0.8560677328316086,0.5081828582798588,0.3934002959790926,0.3220862805072325,0.2663561478414629,0.2106578867142247
0.1972137140598755,0.3585125542960058,0.5932858441952107,0.7166720902484001,0.2882605449794699,0.4833056822895065,0.8940733772342427,0.5996119982092225,0.4913567807550617,0.4374561906582553,0.378617328675551,0.3121760868239741
0.3390969271811086,0.3436804746265494,0.4738557138526826,0.6463824709838377,0.4287980589772303,0.3943384487764413,0.8832549388523048,0.6960652638909616,0.615825435309676,0.5887975530491303,0.5277957476171994,0.4568623864398512
0.519316273095544,0.3678355758025214,0.3529099727190057,0.5350905738149474,0.5884658454647257,0.3234135213604314,0.8221072436500471,0.7995821519176242,0.7594067823294186,0.7602115592939528,0.6982360805623841,0.629839643924151
0.6807627704772257,0.4145566267613094,0.2625037890269779,0.4224970170300466,0.7203247480403135,0.284425549564496,0.7310442144873001,0.86793015967766,0.8604804937183161,0.8878799464729498,0.8362013197050071,0.784708249496982
0.8172117379705561,0.4544972984426316,0.1864201273113064,0.3271504501572838,0.8315602836879433,0.2519701368726669,0.5901222953904045,0.8711137641148088,0.8848830252841715,0.925826801758746,0.9089144779402252,0.8962258398878118
0.8873629088034779,0.433626443479182,0.1176113973931494,0.299381711682395,0.9070548712206048,0.1946287847366238,0.4395108184383819,0.8292294682385715,0.8679114581693379,0.9022175492257696,0.9154698753611936,0.9439668312907752
0.8186938049599842,0.3302256594978281,0.0963170657775083,0.3900639982644538,0.8878312803284808,0.1295105765242638,0.3606773283160865,0.6928816594538129,0.7374917346264052,0.7628241891289111,0.7908310691335662,0.8500091457837937
0.6343246714751507,0.2355122364657272,0.1699757502273416,0.5396463824709838,0.7554124673385592,0.1335545416839486,0.2586077140169331,0.4195393722330001,0.4516829874996065,0.4946472949722807,0.5482813645577264,0.6344125358209867
0.4033198300563186,0.2445174276936116,0.3535919975750227,0.6618939147412951,0.5332213512504667,0.2635835752799668,0.1796801505174035,0.1638063970551659,0.1679209043105891,0.2048365513286178,0.2647604261008324,0.3626608133650387
0.2582748740243059,0.2554296005932831,0.4726432252197635,0.7359800412192211,0.3914706980216498,0.3503732890916632,0.1527751646284102,0.0658110729741829,0.0467269120564249,0.062511948002294,0.1067408461637987,0.1944393634534479
0.221124394822646,0.2474838436275029,0.4955289481661109,0.7603861590194164,0.3598357596117955,0.3621941103276648,0.2412041392285983,0.1443068198776302,0.1014830441764539,0.0938953673612438,0.1118299046879717,0.170355466130114
0.2013635016302737,0.2786312109333615,0.5329645347074872,0.7552879921900424,0.3273609555804405,0.4030485275819162,0.4160865475070555,0.2795105208177884,0.2000062974275008,0.1643407888867648,0.1573295381032475,0.1855984391195659
0.1801205414484734,0.2800084754740968,0.5501667171870264,0.7662436272914633,0.3068309070548712,0.4153878058896723,0.5777986829727186,0.385017161617669,0.2701911269246513,0.209329000191168,0.1821279165049381,0.1867569050667642
0.1770576030036557,0.2608327153300137,0.5388754167929676,0.7777416205662219,0.3122433743934304,0.3982787225217752,0.6698965192850422,0.4395861314231706,0.3063383607796215,0.2291467533295099,0.1936861172208565,0.188403146149625
0.1609524750518723,0.2347706324822544,0.5325856320096999,0.7998698340383991,0.3086039567002613,0.381273330568229,0.7137347130761994,0.4550067154156096,0.3157215277559117,0.231345185751609,0.1917453745633329,0.182366928845802
0.1373382076869874,0.2169721368789066,0.5379660503182783,0.8219980475105759,0.2941396043299739,0.3762961426793861,0.7398871119473189,0.453713376113018,0.315941937718442,0.2270757662652138,0.1834648725578988,0.1693799158587891
0.1198498172117379,0.2074372285199702,0.5444831767202183,0.8365332465560257,0.2818215752146323,0.3759850684363334,0.7731890874882409,0.458041088394767,0.3181145502062407,0.2243675524119034,0.178117048346056,0.160538991524907
0.117676118960577,0.2155948723381713,0.551985450136405,0.8334960407853347,0.2762224710712953,0.385109912899212,0.8038570084666039,0.4677411331642043,0.3222078780818036,0.2249729178614669,0.1785051968775607,0.1607828790927382
0.1138227447880644,0.2173959105837482,0.5563807214307366,0.8346892287666775,0.2716498693542367,0.3890501866445458,0.8218250235183443,0.4735114162065363,0.3242230548820807,0.2251640858981711,0.1771682408246,0.158648862874215
0.0988044659618614,0.2072253416675495,0.5606244316459533,0.8481397114654518,0.2619447555057858,0.386976358357528,0.8205079962370649,0.4671939511515694,0.3191536257438836,0.219460906136494,0.1691033768922241,0.1477348942137674
0.0847742317952771,0.1927110922767242,0.5609275538041831,0.8633257403189067,0.2551325121313923,0.3800290335960182,0.8155221072436499,0.4594339153360194,0.313737838093139,0.2130567769069011,0.16082287488679,0.1357234314980794
0.0763758521885189,0.1865663735565207,0.562973628372234,0.8710272263803015,0.249906681597611,0.3784736623807548,0.8333960489181562,0.4635626523404467,0.3147139393557732,0.2123876887784362,0.1581920903954802,0.1309066520334126
0.0816124888844975,0.2002330755376628,0.5687329493785995,0.861156307625556,0.2487868607689436,0.3891538780588968,0.8620884289746001,0.4763965577277024,0.3202556755565351,0.2172624737143949,0.1631517660758183,0.1374916163648558
0.0857622764548957,0.2089204364869159,0.5717641709608973,0.8544310662761688,0.2488801791713326,0.3954790543343011,0.8719661335841956,0.4828135104213301,0.3238137220945244,0.2198113808704518,0.1667313580885841,0.1426132552893116
0.0786483549056417,0.1983260938658756,0.5697180963928463,0.8637596268575767,0.2468271743187756,0.388842803815844,0.8571966133584196,0.4774411779336417,0.3207594697566044,0.2159242974574651,0.1619010652520809,0.1362112066337418
0.0699535619009979,0.1904862803263057,0.570703243407093,0.8725458292656469,0.2420679357969392,0.3856283699709664,0.8331138287864533,0.4673431826095608,0.3149973235933121,0.2106353151086471,0.1538793289343166,0.1271873666239863
0.0743997628692817,0.2003390189638732,0.5743407093058502,0.8650612864735872,0.2419746173945502,0.3929904603898797,0.8198494825964252,0.4630652141471422,0.3142416322932082,0.2108264831453514,0.1534911804028119,0.1284068044631425
0.0864539077166287,0.216548363174065,0.576689906032131,0.8502006725241349,0.2462672639044419,0.4025300705101617,0.8244590780809031,0.4681390837188479,0.318334960168771,0.2143630918243803,0.1588390046146547,0.1349917687945857
0.0900108684912558,0.2173959105837482,0.5745680509245227,0.8478142965614492,0.2491601343784994,0.4014931563666528,0.8308560677328315,0.4735114162065363,0.321294751094178,0.2164659402281272,0.1623323413981972,0.1395036887994634
0.0800316174291077,0.204470812586079,0.5729766595938164,0.8598546480095455,0.2455207166853303,0.3940273745333886,0.8252116650987771,0.4708252499626921,0.3197203942189616,0.2137895877142675,0.1587527493854315,0.1351137125785013
0.0670882323881039,0.1926051488505138,0.5744164898454077,0.8730881874389848,0.2384285181037701,0.3892575694732477,0.8147695202257761,0.4662488185842909,0.316130860543468,0.209552029567323,0.1521542243498512,0.1260898725687458
0.0732141092777393,0.1915457145884097,0.568960290997272,0.8701594533029613,0.2447741694662187,0.3850062214848611,0.8161806208842897,0.4676913893448739,0.3164457319185113,0.2093927228700694,0.1521110967352396,0.1260898725687458
0.0851694496591246,0.1953596779319842,0.562443164595332,0.8616986657988935,0.2543859649122807,0.3824139361260888,0.8272812793979303,0.4767945082823459,0.3211688025441607,0.2129293315490983,0.1580627075516453,0.1337723309554295
0.0900108684912558,0.1900625066214641,0.5550166717187026,0.8618071374335612,0.2611982082866741,0.3747407714641227,0.8355597365945437,0.4825647913246779,0.3245694133946283,0.2148728732555916,0.1618579376374692,0.139015913663801
0.0811184665546882,0.1732175018540099,0.5497878144892392,0.8752576201323354,0.2602650242627846,0.3629199502281211,0.8308560677328315,0.4783365666815898,0.3218300324317516,0.2116867393105206,0.1569413895717428,0.1335894152795561
0.0764746566544807,0.1580675919059222,0.5425886632312822,0.8855624254257511,0.2625046659201195,0.350580671920365,0.8179680150517403,0.4707257623240312,0.3171069618061022,0.2067482316956605,0.1491352913270367,0.124443631485885
0.0779567236439087,0.1594448564466574,0.54236132161261,0.8840438225404056,0.26334453154162,0.3510991289921195,0.8221072436500471,0.4726160274585882,0.3172014232186152,0.2060472822277448,0.1488765256393669,0.1245046033778428
0.0971247900405098,0.1802097679838965,0.5425128826917247,0.8628918537802365,0.2723030981709593,0.3613645790128578,0.835277516462841,0.4819181216733821,0.3229950565194118,0.2122283820811827,0.1565532410402381,0.1351746844704591
0.1082896946942001,0.1893209026379912,0.5404668081236739,0.8521531619481506,0.2788353863381859,0.3643716300290336,0.8440263405456256,0.4878376361737054,0.3277496142825656,0.2167845536226343,0.1623754690128089,0.1424303396134382
0.092678589072226,0.1760779743616908,0.5429675659290694,0.867447662436273,0.2698768197088466,0.3597055163832434,0.8444967074317968,0.4883848181863404,0.3265845901949054,0.2157968520996622,0.1595721740630525,0.1368818974452777
0.0846754273293153,0.1702510859201186,0.5450136404971203,0.8748237335936652,0.2649309443822322,0.3581501451679801,0.8392285983066792,0.4870914788837487,0.3249787461821846,0.2126744408334926,0.1553025402165006,0.1305408206816657
0.0901096729572176,0.1755482572306388,0.5445589572597757,0.869074736956286,0.2677304964539007,0.3605350476980506,0.8507055503292569,0.4904740585982192,0.3264586416448881,0.2124514114573376,0.1553025402165006,0.1310285958173282
0.1032506669301452,0.187413920966204,0.542891785389512,0.8558411975268467,0.2750093318402389,0.3652011613438407,0.876387582314205,0.5028105257921703,0.3336062218583709,0.2171031670171414,0.1614266614913529,0.1393817450155478
0.1038434937259164,0.1851891090157855,0.5409214913610185,0.8566004989695194,0.2765024262784621,0.3627125673994193,0.8947318908748824,0.5119633885489727,0.3384237538965333,0.2190467087236347,0.1634105317634882,0.1426742271812694
0.0893192372295227,0.163258819790232,0.536374658987572,0.875799978305673,0.2723964165733483,0.3489216092907507,0.9002822201317027,0.5122121076456251,0.3357788343461696,0.2136302810170139,0.1565101134256264,0.1344430217669654
0.0763758521885189,0.1449306070558321,0.5331918763261595,0.8922876667751384,0.2681970884658455,0.3377229365408544,0.8973659454374412,0.5070884942545889,0.3305519695204509,0.2070987064296183,0.1483158666494156,0.1245655752698006
0.0785495504396798,0.1528763640216124,0.5372082449227039,0.8870810283110966,0.2667973124300112,0.3443591870593115,0.9033866415804328,0.5090782470278068,0.3314336093705721,0.2068438157140126,0.1474964419717945,0.124748490945674
0.0857622764548957,0.1736412755588515,0.5466050318278266,0.8724373576309795,0.2644643523702874,0.3609498133554542,0.9337723424270932,0.52275779734368,0.3388960609590982,0.2124514114573376,0.1543537326950446,0.1331626120358515
0.0879359747060567,0.1768195783451636,0.5471354956047287,0.8696170951296236,0.2651175811870101,0.3629199502281211,0.957384760112888,0.534298363428344,0.3439025158222866,0.215605684062958,0.157502048561694,0.1363941223096152
0.0767710700523663,0.1559487233817141,0.5407699302819037,0.886538670137759,0.2637178051511759,0.3482994608046454,0.9497648165569144,0.5324578421131174,0.3398091879467238,0.21076276046645,0.1505585026092206,0.1289555514907627
0.0709416065606165,0.1496980612353003,0.5407699302819037,0.8928300249484761,0.2610115714818962,0.3452924097884695,0.9251175917215426,0.524747550116898,0.3346452973960138,0.2053463327598292,0.1427092767499029,0.1207853179684165
0.0797352040312222,0.1585973090369742,0.5403910275841164,0.883501464367068,0.2653975363941769,0.3493363749481543,0.9222013170272813,0.5276824354573943,0.3364715513712649,0.2062703116038998,0.1437012118859706,0.1217608682397415
0.0952475051872344,0.1780908994596885,0.54236132161261,0.8649528148389196,0.2715565509518477,0.3602239734549979,0.932643461900282,0.5371835049495101,0.3423281589470701,0.2111769578793092,0.1509466511407254,0.1315163709529906
0.1017685999407173,0.1861425998516792,0.5431949075477418,0.8573598004121922,0.2740761478163494,0.3647863956864372,0.9350893697083724,0.5455902104163558,0.346610409647659,0.2148410119161409,0.1565101134256264,0.1384061947442229
0.0966307677107005,0.1772433520500052,0.5407699302819037,0.8647358715695845,0.2731429637924599,0.3587722936540855,0.9220131702728128,0.5431527632691638,0.345949179760068,0.213184222264704,0.1541380946219864,0.1356014877141637
0.094160656061654,0.1707808030511706,0.5380418308578357,0.8692916802256211,0.2736095558044046,0.3536914143508917,0.908560677328316,0.5405660846639805,0.345571334110016,0.2112406805582107,0.1513347996722301,0.132979696359978
0.1056219741132299,0.1745947663947451,0.5319793876932404,0.8610478359908885,0.2828480776409108,0.3514102032351721,0.9117591721542804,0.5490225339501567,0.3511445574482824,0.2151277639711973,0.1569413895717428,0.1401134077190415
0.1274577610908012,0.1841296747536815,0.5220521370112156,0.8442347326174205,0.2991787980589772,0.3493363749481543,0.9250235183443084,0.5625528528080386,0.3598350073994773,0.2231249601733257,0.1677232932246517,0.153893055301506
0.1353621183677502,0.1840237313274711,0.5159139133070627,0.8398958672307192,0.3067375886524823,0.3449813355454169,0.9274694261523988,0.5700641695269363,0.3665732548254038,0.2292104760084114,0.1763056885323673,0.1651728553137004
0.1341764647762079,0.1736412755588515,0.5094725674446802,0.8458618071374335,0.3100970511384845,0.3355454168394857,0.9123236124176858,0.5676267223797443,0.3670140747504645,0.2311858790543554,0.1779014102729978,0.1673068715322236
0.1365477719592925,0.1627291026591799,0.4997726583813277,0.8502006725241349,0.3172825681224338,0.3236209041891331,0.8912511759172154,0.561160025866786,0.3665417676878995,0.2324921939718346,0.1799715357743563,0.1679775623437595
0.1487995257385634,0.1704629727725394,0.4959078508638981,0.839461980692049,0.3254012691302725,0.3247615097469929,0.8793038570084665,0.5587723225389245,0.3682735602506377,0.2380360670362582,0.1866994436537715,0.1763307115419791
0.1599644303922537,0.1900625066214641,0.501364049712034,0.8232997071265864,0.3272676371780515,0.3380340107839071,0.8727187206020696,0.5582251405262896,0.3712648383135489,0.2456190658255273,0.1973950920774572,0.1894396683129077
0.1666831340776603,0.2003390189638732,0.5035616853591998,0.8144050330838486,0.3291340052258306,0.3445665698880132,0.8617121354656632,0.5524051136646272,0.3712648383135489,0.2508443254954438,0.2045974037176003,0.1968782391317602
0.1622369331093765,0.2012925097997669,0.5076538344953017,0.8163575225078642,0.324468085106383,0.3478846951472418,0.8395108184383818,0.5386260757100931,0.3665102805503952,0.2511948002294016,0.2064518911459007,0.1959026888604353
0.1568026874814741,0.2108274181587032,0.5186420127311306,0.8144050330838486,0.3152295632698768,0.3600165906262961,0.8198494825964252,0.5265880714321246,0.3631726439749362,0.2516408589817115,0.2076163367404149,0.1943783915614901
0.1624345420413002,0.233075537662888,0.5302364352834192,0.7999783056730665,0.3106569615528182,0.3787847366238075,0.8184383819379115,0.5221111276923842,0.3630466954249189,0.2561651691837125,0.2136973304006555,0.2002926650813974
0.171129335045944,0.2523572412331814,0.5373598060018188,0.7853346349929493,0.3103770063456513,0.3931978432185815,0.8249294449670743,0.5219618962343929,0.3643691552001007,0.2613267061747276,0.2206408763531289,0.2091335894152795
0.1684616144649738,0.2502383727089733,0.5379660503182783,0.7878294825903027,0.3087905935050392,0.3925756947324761,0.8289746001881467,0.5197731681838532,0.3649988979501874,0.2637800293124323,0.2231854056152154,0.2113285775257606
0.1543325758324276,0.2345587456298336,0.5375113670809337,0.8036663412517626,0.3023516237402016,0.3845914558274575,0.8204139228598306,0.5095756852211113,0.3591108032368778,0.259415025807685,0.2181826023202656,0.2023047375160051
0.1441557158383559,0.2233287424515308,0.5372840254622613,0.8150558628918538,0.297685703620754,0.3788884280381585,0.8132643461900282,0.4990797393423867,0.3523725558109513,0.2539667367616134,0.2110665459093457,0.193768672641912
0.1441557158383559,0.2319101599745735,0.5434222491664141,0.8106085258704848,0.2939529675251959,0.3872874326005807,0.815898400752587,0.4956474158085858,0.3492238420605183,0.2532657872936978,0.2103333764609479,0.1920614596670934
0.1473174587491354,0.245682805381926,0.5508487420430433,0.8018223234624147,0.2908734602463605,0.3991082538365823,0.8264346190028221,0.4973884494851514,0.3499795333606222,0.2556235264130504,0.2146892655367231,0.1971221266995914
0.1421796265191186,0.2422926157431931,0.5523643528341923,0.806378132118451,0.2875139977603584,0.398486105350477,0.8389463781749765,0.4987315326070736,0.3505777889732044,0.2561651691837125,0.2159399663604606,0.1985854521065788
0.1272601521588776,0.2191969488293251,0.5472870566838436,0.8263369128972774,0.2835946248600224,0.3837619245126504,0.8343367826904986,0.4918668855394717,0.3457917440725463,0.2511629388899509,0.2089964204079872,0.1888909212852875
0.1172809010967295,0.2078610022248119,0.5469081539860564,0.837617962902701,0.2791153415453528,0.3779552053090004,0.822483537158984,0.4850519822912003,0.3409427248968796,0.2468935194035557,0.2021822572993488,0.1802938845192366
0.1189605770180812,0.2182434579934315,0.5529705971506517,0.8314350797266515,0.2762224710712953,0.3870800497718789,0.8244590780809031,0.4857981395811571,0.3421392361220441,0.2484547250366405,0.2026566610600767,0.1804158283031522
0.1251852583736784,0.2319101599745735,0.5579721127614429,0.8210218027985682,0.2760358342665174,0.3972418083782663,0.8358419567262465,0.491120728249515,0.345571334110016,0.2515452749633594,0.2069694225212403,0.1851716358758612
0.1273589566248394,0.2394321432355121,0.561761139739315,0.8160321076038616,0.274729376633072,0.4035669846536707,0.8416745061147695,0.4945530517833159,0.3483107150728927,0.2542216274772191,0.2099452279294432,0.1890128650692031
0.117676118960577,0.2383727089734081,0.5683540466808124,0.8217811042412408,0.2661440836132885,0.4075072583990046,0.8305738476011288,0.4881360990896881,0.3443748228848515,0.2508761868348945,0.2050286798637167,0.1824279007377598
0.1089813259559332,0.2399618603665642,0.5761594422552289,0.8257945547239397,0.2571855169839492,0.4136250518457072,0.8106302916274694,0.4813709396607472,0.3406593406593406,0.2473395781558656,0.2008021736317764,0.1772452899213462
0.11836775022231,0.2579722428223328,0.581842982722037,0.8114762989478251,0.2581187010078388,0.4263790958108669,0.8052681091251176,0.4839576182659305,0.3435246701722347,0.2499840693302746,0.2054168283952214,0.182062069386013
0.1306195040015808,0.2771480029664159,0.5861624734768112,0.7948801388436924,0.2611982082866741,0.438718374118623,0.8151458137347131,0.4923643237327762,0.3500110204981265,0.2573759000828395,0.2141717341613835,0.191573684531431
0.1334848335144748,0.2782074372285199,0.5847226432252197,0.7927107061503418,0.2635311683463979,0.4381999170468686,0.8254938852304797,0.4988807640650649,0.3547655782612803,0.2614222901930798,0.21908828222711,0.1962075483202243
0.1274577610908012,0.2624218667231698,0.578053955744165,0.8042086994251003,0.2647443075774542,0.4258606387391123,0.8205079962370649,0.4948017708799681,0.3512390188607954,0.2582998789269101,0.2146892655367231,0.1897445277726968
0.1227151467246319,0.2457887488081364,0.5697938769324038,0.8152728061611889,0.2676371780515117,0.4121733720447947,0.810912511759172,0.4901258518629061,0.3490664063729966,0.2565156439176703,0.2112821839824039,0.1854764953356502
0.1310147218654283,0.2507680898400254,0.5669899969687784,0.8082221499077991,0.2732362821948488,0.4125881377021982,0.810912511759172,0.4933592001193851,0.350924147485752,0.2595106098260371,0.2148617759951697,0.1915127126394732
0.1439581069064321,0.2639050746901155,0.5664595331918764,0.7943377806703547,0.2796752519596864,0.4187059311489008,0.8197554092191909,0.4984330696910908,0.3540728612361851,0.2643535334225451,0.2215034286453616,0.2006584964331443
0.1431676711787372,0.2621040364445386,0.5657775083358594,0.7956394402863651,0.2797685703620754,0.4173579427623393,0.8232361241768579,0.4987315326070736,0.3536635284486287,0.2646721468170522,0.2227110018544874,0.2029144564355832
0.133386029048513,0.2426104460218243,0.5594119430130342,0.8110424124091551,0.2790220231429638,0.4034632932393198,0.8136406396989652,0.4901755956822365,0.3482792279353884,0.2582361562480086,0.2154655625997326,0.1945003353454057
0.1249876494417547,0.2312744994173111,0.5575932100636557,0.8214556893372383,0.2762224710712953,0.3967233513065118,0.8009407337723424,0.4823160722280257,0.342989388834661,0.2526604218441343,0.208780782334929,0.1854155234436924
0.1367453808912163,0.2432461065790867,0.557138526826311,0.8088729797158043,0.2820082120194103,0.4022189962671091,0.80620884289746,0.486693528329105,0.345949179760068,0.2562607532020646,0.2128779057230344,0.1895006402048655
0.1498863748641438,0.2534166754952855,0.5544104274022431,0.7965072133637053,0.2899402762224711,0.4053297386976358,0.8238946378174976,0.4971397303884992,0.3531597342485595,0.2631109411839674,0.2212877905723034,0.2010852996768489
0.1522576820472285,0.2534166754952855,0.5525159139133071,0.795205553747695,0.2921799178798059,0.4040854417254251,0.8289746001881467,0.499776152813013,0.3553323467363582,0.2653730962849678,0.224177340751283,0.2047436131943174
0.1406975595296907,0.241233181481089,0.5527432555319794,0.8077882633691289,0.2865808137364688,0.3981750311074243,0.81862652869238,0.4916679102621499,0.3508296860732391,0.2611036767985726,0.2187432613102169,0.1970001829156759
0.1300266772058096,0.2302150651552071,0.5529705971506517,0.8191777850092201,0.2813549832026876,0.3929904603898797,0.8137347130761994,0.4855494204845048,0.3463899996851287,0.2563244758809661,0.2127053952645879,0.1903542466922748
0.1324967888548562,0.2366776141540417,0.5557744771142771,0.8146219763531836,0.2808883911907428,0.3980713396930734,0.820602069614299,0.485350445207183,0.346515948235146,0.2569298413305295,0.2133091818691508,0.1930370099384184
0.1418832131212331,0.2448352579722428,0.5544104274022431,0.8052934157717757,0.2861142217245241,0.4010783907092493,0.8373471307619942,0.4929115057454111,0.3505148146981958,0.261613458229784,0.2196058136024496,0.2009633558929333
0.1372394032210256,0.2363597838754104,0.5519096695968475,0.8121271287558304,0.2854609929078014,0.3952716715055994,0.8462841015992474,0.4966920360145253,0.3513334802733084,0.2621232396609954,0.2213309181869151,0.2029144564355832
0.1186641636201956,0.2171840237313274,0.5525159139133071,0.8320859095346567,0.2763157894736842,0.3862505184570717,0.8353715898400753,0.4871909665224096,0.3446267199848862,0.2554642197157968,0.2123603743476948,0.1923053472349247
0.1106610018772848,0.2119927958470177,0.5549408911791452,0.839245037422714,0.270996640537514,0.3854209871422646,0.8184383819379115,0.4751032184251107,0.3361881671337259,0.2475944688714713,0.2033898305084746,0.1811474910066459
0.1178737278925007,0.2250238372708973,0.5585783570779024,0.8286148172252956,0.2722097797685704,0.3942347573620904,0.8048918156161805,0.4695816544794309,0.3328505305582669,0.2453960364493723,0.2019666192262906,0.1805377720870678
0.1286434146823436,0.2428223328742451,0.5631251894513489,0.8135372600065083,0.2745427398282941,0.406159270012443,0.7982126058325493,0.4692334477441178,0.3339210932334142,0.2477537755687249,0.2053305731659982,0.1862691299311017
0.124790040509831,0.2492848818730797,0.570703243407093,0.8123440720251655,0.2680104516610676,0.4144545831605143,0.7928504233301975,0.4674426702482216,0.3325986334582323,0.2468297967246543,0.2050718074783284,0.1860862142552283
0.1102657840134374,0.2461065790867676,0.5795695665353138,0.8219980475105759,0.255692422545726,0.4190170053919536,0.783725305738476,0.4596328906133413,0.3281904342076262,0.2428471292933155,0.1992927071203691,0.1775501493811353
0.0990020748937852,0.2449412013984531,0.5873749621097303,0.8287232888599632,0.2456140350877193,0.4237868104520946,0.7745061147695202,0.4536636322936875,0.3241285934695677,0.2395016886509909,0.1944192866692543,0.1710261569416499
0.1032506669301452,0.2524631846593919,0.5894968172173386,0.8225404056839136,0.2462672639044419,0.4288676897552883,0.7790216368767638,0.4550067154156096,0.3261122831323405,0.2413815076785828,0.1962737740975547,0.1735869764038778
0.1181701412903863,0.2730162093442101,0.5927553804183086,0.8038832845210978,0.2513064576334453,0.4412069680630444,0.7890874882408278,0.4622195692185246,0.3317169936081111,0.2464474606512458,0.2035623409669211,0.1824279007377598
0.1213318842011658,0.2763004555567326,0.5926795998787512,0.8004121922117367,0.2528928704740575,0.4426586478639569,0.7944496707431796,0.4664975376809432,0.3348657073585441,0.2484547250366405,0.2072713158235218,0.1867569050667642
0.1100681750815136,0.2616802627396969,0.5908608669293726,0.814079618179846,0.2486935423665547,0.4342596433015346,0.7882408278457196,0.4623688006765159,0.3328820176957713,0.2455553431466259,0.2023547677577953,0.1807206877629413
0.1032506669301452,0.2480135607585549,0.586314034555926,0.8248183100119318,0.2482269503546099,0.4245126503525508,0.7815616180620883,0.4599810973486544,0.3302370981454076,0.2426240999171605,0.1980851339112433,0.1730382293762575
0.1154036162434542,0.2525691280856022,0.5801758108517733,0.8158151643345265,0.2577454273982829,0.4225425134798839,0.788428974600188,0.4637118837984381,0.3315910450580938,0.2445357802842031,0.2010609393194462,0.1768184866776416
0.1323979843888943,0.267189320902638,0.5777508335859352,0.7990020609610586,0.2672639044419559,0.4280381584404811,0.7986829727187205,0.4715714072526489,0.3359992443086999,0.249824762633021,0.2089964204079872,0.188098286689836
0.134769291571979,0.2675071511812691,0.5760836617156715,0.7975919297103807,0.2694102276969018,0.4271049357113231,0.798871119473189,0.4736606476645276,0.3375736011839164,0.2518638883578665,0.2112821839824039,0.1921834034510091
