Lead I,Lead II,Lead III,aVR,aVL,aVF,V1,V2,V3,V4,V5,V6
0.2751156889087923,0.2191802882679764,0.3615201900237531,0.7898945219462402,0.3857873428510547,0.2518359507400293,0.8033716029646853,0.7800421274354924,0.7048701298701299,0.625758282781148,0.1898750441681924,0.1984361036639857
0.2722794446932378,0.2149931556486029,0.3593032462391133,0.7938074174889419,0.3845088429575964,0.2481075584679697,0.8026158988519111,0.7800947867298578,0.7045093795093795,0.6255885971238282,0.1899392888117953,0.1989276139410187
0.2632482460068667,0.2054110636927289,0.3596199524940617,0.8040149710785982,0.3779032601747283,0.2415546265958648,0.7986048539456474,0.7761716692996313,0.6995310245310244,0.6188435922453654,0.184253637852944,0.1929401251117068
0.2595909837289147,0.1977614944842579,0.3523357086302454,0.810139503232392,0.3777967185169401,0.2335329341317365,0.7955820374945501,0.7735123749341758,0.6955627705627705,0.613710601111441,0.1793068002955253,0.1881590705987489
0.264069264069264,0.2028343666961913,0.3528107680126682,0.8048656005444029,0.3807798849350096,0.2372613264037961,0.7993896236012208,0.7756977356503423,0.6981962481962481,0.6175285284011369,0.1824869101538659,0.1917783735478105
0.2695924764890282,0.2138658507126178,0.3627870150435471,0.7958489282068731,0.3813125932239505,0.248559484803977,0.8033134718790874,0.7795155344918379,0.7034992784992785,0.6231281550926908,0.1877549709292987,0.1982126899016979
0.2713837886251679,0.2120138497463564,0.3553444180522566,0.7958489282068731,0.3851480929043256,0.2446051293639136,0.8030809475366952,0.7792259083728278,0.7026334776334776,0.6217282484198023,0.187626481642093,0.19781054512958
0.2615315718763994,0.1992914083259521,0.3513855898653998,0.8081830554610412,0.3795013850415512,0.2342108236357473,0.7988083127452404,0.7741442864665613,0.6965007215007215,0.6149408221270097,0.1830972342680929,0.1925379803395889
0.2574264815644125,0.1968757548916982,0.3551860649247823,0.8117556992174209,0.3752397187300234,0.2338718788837419,0.7961924138933294,0.772722485518694,0.6946248196248196,0.6123531158528827,0.1813947512126176,0.1899910634495085
0.2664576802507837,0.2069409775344231,0.3558194774346793,0.8013780197346038,0.3815256765395269,0.2412156818438595,0.7984885917744514,0.774670879410216,0.6966450216450216,0.6136681796971112,0.1832578458771,0.1925379803395889
0.2783997611583818,0.2183750704565585,0.3531274742676168,0.7884484518543723,0.3909013424248881,0.2483335216359733,0.8016276703967447,0.7790416008425487,0.7018759018759019,0.6203707631612438,0.1879155825383058,0.1970509383378016
0.2757874309598447,0.2149126338674611,0.3518606492478227,0.7918509697175911,0.3894097592158533,0.2453960004519263,0.8017148670251417,0.7789889415481833,0.7018759018759019,0.6198617061892845,0.1871125244932704,0.194816800714924
0.261456933870727,0.2042837587567437,0.3612034837688044,0.8056311670636271,0.376092051992329,0.2412156818438595,0.7972097078912949,0.7743812532912059,0.6951659451659451,0.6115471089806135,0.1812983842472134,0.1878016085790884
0.25794894760412,0.1991303647636686,0.3586698337292161,0.8103096291255529,0.374493927125506,0.2366964184837871,0.7946810056677808,0.7710637177461822,0.6909451659451659,0.6054384253171001,0.1787285985030998,0.1852993744414655
0.2665323182564562,0.2055721072550124,0.3529691211401425,0.8020585233072474,0.3824845514596207,0.2391820133318268,0.7968318558349077,0.7738020010531859,0.6954184704184704,0.6111653162516439,0.1831614789116957,0.1909740840035746
0.2723540826989102,0.2174088090828569,0.363895486935867,0.7924464103436544,0.3830172597485617,0.251497005988024,0.8003487865135881,0.7777251184834123,0.7016955266955266,0.6192678063886651,0.1884295396871285,0.1974977658623771
0.2695924764890282,0.2124164586520653,0.3599366587490103,0.7966144947260974,0.3822714681440443,0.2465258162919443,0.8010463595407644,0.7780147446024223,0.701010101010101,0.6190556993170153,0.1877870932511001,0.197006255585344
0.2590685176892073,0.2010628875110717,0.359778305621536,0.8086083701939436,0.3749200937566588,0.238504123827816,0.7977910187472751,0.7744075829383886,0.6957431457431458,0.6136257582827812,0.1832257235552986,0.1906613047363717
0.2549634273772204,0.2003381914807955,0.3672209026128266,0.8114154474310992,0.3694864692094609,0.2406507739238503,0.7954367097805551,0.7718272775144813,0.6932900432900432,0.6104017307937047,0.1794031672609296,0.1858802502234137
0.2667562322734736,0.2094371527498188,0.3600950118764845,0.7998468866961552,0.3802471766460686,0.2444921477799118,0.7981398052608633,0.7744602422327541,0.6969336219336218,0.6141348152547406,0.1815874851434261,0.189142091152815
0.2750410509031198,0.2129801111200579,0.3494853523357086,0.7932119768628786,0.3897293841892179,0.243249350355892,0.8015404737683476,0.7779094260136914,0.7004689754689755,0.6189708564883554,0.185249429828788,0.194816800714924
0.2715330646365129,0.2078267171269828,0.3467933491686461,0.7979755018713849,0.388131259322395,0.2386171054118178,0.8018020636535388,0.7779094260136914,0.7009018759018759,0.6179951639587664,0.1859882432302206,0.1956657730116175
0.2575757575757575,0.1909976648683469,0.3433095803642121,0.8148179652943179,0.379394843383763,0.22562422325161,0.7979944775468681,0.773117430226435,0.6942279942279942,0.6106562592796845,0.181651729787029,0.1888739946380697
0.2536199432751156,0.1893872292455109,0.348535233570863,0.8179652943177952,0.3748135520988706,0.2263021127556208,0.7939253015550065,0.7706424433912585,0.6906926406926407,0.608365502905867,0.180045613696958,0.1870866845397676
0.2631736080011942,0.2018681053224897,0.3529691211401425,0.8058863559033685,0.3801406349882804,0.2365834368997853,0.797180642348496,0.7737230121116376,0.6955627705627705,0.6139651295974209,0.1844784941055539,0.1924486148346738
0.271234512613823,0.2104839359046622,0.352652414885194,0.7967846206192584,0.385893884508843,0.2425714608518811,0.7998256067432059,0.7763823064770932,0.6994588744588744,0.6185466423450559,0.18846166200893,0.1979445933869526
0.2603373637856396,0.2038811498510347,0.3627870150435471,0.8064817965294319,0.3747070104410824,0.2415546265958648,0.800058131085598,0.7764086361242759,0.6989177489177488,0.6179103211301066,0.187465870033086,0.1979892761394102
0.2498134049858187,0.1931717529591754,0.3640538400633412,0.8180503572643757,0.366822927764756,0.2345497683877528,0.7957564307513443,0.7725645076355977,0.6929653679653679,0.6112501590803038,0.1817802190742347,0.1912868632707774
0.2444394685773996,0.1902729688380706,0.3697545526524149,0.822643756379721,0.3610696782441934,0.2345497683877528,0.7931986629850313,0.7691153238546604,0.688059163059163,0.6053535824884403,0.1782788859978799,0.1867292225201072
0.2578743095984475,0.2033174973830421,0.3670625494853523,0.8081830554610412,0.3715107607074365,0.242684442435883,0.7956692341229472,0.7737230121116376,0.6933621933621934,0.612013744538243,0.1831293565898943,0.1924039320822162
0.2701149425287356,0.2146710685240357,0.3632620744259699,0.7951684246342294,0.3815256765395269,0.2493503558919896,0.7990699026304316,0.7769352290679304,0.6981601731601731,0.6179951639587664,0.1880440718255115,0.1977211796246648
0.2632482460068667,0.2131411546823416,0.3749802058590658,0.7999319496427356,0.3727892606008949,0.2524008586600383,0.8002615898851911,0.7773565034228541,0.6982323232323232,0.6191829635600051,0.18846166200893,0.1973637176050044
0.2517539931333035,0.2042032369756019,0.3816310372129849,0.8111602585913577,0.3622416364798636,0.248559484803977,0.7980526086324662,0.7740126382306477,0.6932178932178932,0.6129894370678319,0.1821014422922489,0.1898123324396783
0.2488431109120764,0.2091150656252516,0.3973079968329375,0.8102245661789725,0.3549968037502663,0.2574850299401198,0.7991570992588287,0.7732490784623486,0.6937590187590188,0.6133288083824715,0.1798850020879509,0.1877569258266309
0.2581728616211375,0.2255415089781785,0.4101346001583532,0.796189179993195,0.3573407202216067,0.2736413964523783,0.8047958145618369,0.7775144813059505,0.6984848484848485,0.6188011708310356,0.1846712280363624,0.1942359249329758
0.2658605762054038,0.23455994846606,0.4114014251781474,0.7870874447090849,0.3623481781376518,0.2804202914924866,0.8087196628397035,0.7814375987361769,0.7033549783549783,0.6246977474228992,0.1894253316629726,0.2003127792672028
0.2647410061203164,0.232949512843224,0.4106096595407759,0.7886185777475332,0.3618154698487108,0.279064512484465,0.8084290074117134,0.7812796208530806,0.7040764790764791,0.624825011665889,0.1890077414795541,0.1997319034852546
0.2632482460068667,0.2300507287221193,0.4080760095011877,0.7910003402517863,0.3616023865331344,0.276126991300418,0.8067432059293708,0.7793312269615588,0.7032106782106782,0.6227039409493913,0.1855064084031993,0.1950848972296693
0.2661591282280937,0.2339962959980674,0.4098178939034046,0.7871725076556653,0.3630939697421692,0.2795164388204723,0.8076151722133411,0.7788836229594523,0.7021645021645021,0.6221948839774318,0.1855064084031993,0.1932529043789097
0.2739214808180325,0.2472018681053225,0.4191607284243864,0.7758591357604628,0.3654378862135095,0.2920573946446729,0.8120040691759918,0.7821221695629278,0.7069624819624819,0.6273278751113562,0.1895859432719797,0.1989276139410187
0.2791461412151067,0.2558982204686368,0.4253365003958828,0.768288533514801,0.3671425527381206,0.3003050502768049,0.817206801337015,0.7868615060558188,0.7128787878787879,0.6333517159462096,0.1935369888535543,0.2039320822162645
0.2828780414987311,0.2585554392463162,0.4226444972288203,0.7647158897584213,0.3707649691029192,0.3012089029488193,0.8174974567650051,0.7872827804107425,0.7135642135642135,0.6333941373605397,0.194661270116604,0.2036639857015192
0.2731004627556351,0.252999436347532,0.4321456848772764,0.7732221844164683,0.3605369699552525,0.3007569766128121,0.8115099549484086,0.7825171142706687,0.709090909090909,0.6288974674415646,0.1918023834762776,0.1996425379803395
0.2728765487386177,0.2645140510508092,0.4554235946159937,0.7672677781558354,0.3525463456211378,0.3171393062930742,0.8064234849585816,0.7796735123749342,0.7071428571428572,0.6300428456284733,0.1913526709710578,0.1987935656836461
0.2843708016121809,0.2860133666156695,0.4734758511480603,0.7493194964273564,0.3546771787769017,0.3387187888374194,0.8014242115971515,0.7799631384939442,0.711038961038961,0.6379332286938447,0.197648646044136,0.207864164432529
0.2977310046275563,0.3075932039616716,0.4874109263657957,0.7303504593399116,0.3595780950351587,0.3587165292057394,0.7941287603545997,0.7787783043707215,0.7143939393939394,0.6439994909430281,0.20407311040442,0.2184986595174262
0.3007165248544559,0.3113777276753361,0.4885193982581156,0.7266927526369514,0.3612827615597698,0.3617670319737882,0.7860776049992734,0.7755134281200632,0.7120490620490619,0.6433631697280788,0.2055186148854839,0.2212689901697944
0.2949693984176743,0.2988163298172155,0.4760095011876485,0.7365600544402858,0.3613893032175581,0.3485481866455767,0.7761081238192122,0.767693522906793,0.7013347763347763,0.6335214016035295,0.2001541871446468,0.2147453083109919
0.2901179280489625,0.2870601497705129,0.4631828978622329,0.7454916638312352,0.3622416364798636,0.3356682860693707,0.7686964104054643,0.7609531332280147,0.6898989898989899,0.6199041276036144,0.1936333558189586,0.2072386058981233
0.2929541722645171,0.2898784121104759,0.46270783847981,0.7424293977543382,0.3643724696356275,0.3375889729974014,0.7673303298939108,0.7602422327540811,0.6871572871572871,0.6157892504136089,0.1924127075905046,0.2083556747095621
0.3014629049111808,0.3008293743457605,0.4663499604117183,0.7317965294317795,0.3692733858938845,0.3465145181335442,0.7641040546432205,0.7590047393364928,0.6862914862914862,0.6163831502142282,0.195046737978221,0.2146112600536193
0.3054933572174951,0.306224333682261,0.4680918448139352,0.726607689690371,0.3716173023652248,0.3509207999096147,0.7609649760209272,0.757056345444971,0.6849206349206348,0.6160862003139185,0.1977771353313417,0.2169794459338695
0.3066875653082549,0.305821724776552,0.4650831353919241,0.7261823749574685,0.3734285105476241,0.349565020901593,0.7585816015114082,0.7553975776724592,0.6822510822510822,0.6129894370678319,0.1979377469403488,0.2162198391420911
0.3136288998357964,0.3075126821805298,0.4535233570863025,0.7213337870023818,0.3822714681440443,0.346627499717546,0.7575643075134427,0.7531595576619273,0.6802669552669551,0.6115471089806135,0.1992868844560084,0.2181858802502234
0.3298999850723988,0.3039697238102907,0.4120348376880444,0.7139333106498811,0.4078414660132111,0.3293413173652694,0.7646562999564017,0.7601369141653502,0.6865800865800865,0.6177406354727867,0.2051652693456683,0.2268990169794459
0.3364681295715778,0.2988163298172155,0.3879651623119556,0.7129125552909154,0.4206264649477946,0.3171393062930742,0.7724167998837378,0.7667719852553976,0.694047619047619,0.6245280617655793,0.2093732935016543,0.233467381590706
0.3283325869532766,0.2864159755213785,0.3808392715756136,0.7241408642395373,0.4172171318985723,0.3058411478928934,0.7742479290800756,0.7661137440758293,0.6933982683982685,0.6227887837780512,0.2073817095499662,0.2303842716711349
0.3136288998357964,0.2712778806667203,0.3822644497228821,0.7404729499829875,0.4062433411463882,0.2957857869167326,0.7743351257084726,0.7647446024223274,0.6903318903318904,0.6194799134603148,0.2025312389579519,0.223100983020554
0.3077324973876698,0.2612931798051373,0.3751385589865399,0.7491493705341953,0.4044321329639889,0.2862953338605806,0.7766894346751926,0.7676145339652448,0.693037518037518,0.6213888771051628,0.2007323889370723,0.2187667560321715
0.3163905060456784,0.2541267412835172,0.3426761678543151,0.7479584892820687,0.4214787982101001,0.269687041012315,0.782618805406191,0.774170616113744,0.6995670995670995,0.6269460823823867,0.202081526452732,0.2192582663092046
0.3096730855351545,0.2377002979305902,0.3247822644497229,0.7604627424293978,0.4227572981035585,0.2517229691560275,0.7900595843627379,0.7799368088467614,0.7039321789321789,0.6299155813854834,0.2016960585911149,0.2162645218945487
0.2895208240035826,0.2178114179885659,0.3284243863816311,0.7824940455937394,0.4070956744086937,0.239069031747825,0.7907862229327133,0.7769088994207477,0.6992063492063492,0.6221524625631019,0.1950788603000225,0.2063002680965147
0.2610837438423645,0.1982446251711087,0.3501187648456058,0.8090336849268459,0.3796079266993394,0.2330810077957293,0.7893038802499637,0.7728804634017904,0.6917027417027417,0.6130742798964918,0.185249429828788,0.1928507596067918
0.2476489028213166,0.1894677510266527,0.3615201900237531,0.8212827492344336,0.3660771361602386,0.2309343576996949,0.7906118296759193,0.7710637177461822,0.6872294372294372,0.6071777033046283,0.1797243904789438,0.1853440571939231
0.2527242872070458,0.1933327965214591,0.3581947743467934,0.8163490983327663,0.3708715107607074,0.2325160998757202,0.7937799738410114,0.7733280674038967,0.6908008658008657,0.6102320451363848,0.1824547878320645,0.1882484361036639
0.2652634721600239,0.2014654964167807,0.3475851148060174,0.8048656005444029,0.3834434263797144,0.234436786803751,0.7974131666908879,0.7775144813059505,0.6954184704184704,0.6148135578840199,0.1863094664482348,0.1936997319034852
0.2612330198537095,0.1984056687333923,0.3502771179730799,0.808863559033685,0.3796079266993394,0.2333069709637328,0.7970643801772999,0.777751448130595,0.6950216450216451,0.6143469223263904,0.1861488548392277,0.1928507596067918
0.2560829974623078,0.1888235767775183,0.3422011084718923,0.8168594760122492,0.3786490517792457,0.2235905547395774,0.7927336143002471,0.7733280674038967,0.6898629148629148,0.6078564459339075,0.181426873534419,0.1855674709562109
0.2503358710255262,0.1844754005958611,0.3456848772763262,0.8223885675399796,0.3734285105476241,0.2218958309795503,0.7917163203022817,0.7722222222222223,0.6873737373737374,0.6056081109744199,0.179435289582731,0.1831099195710455
0.2585460516494999,0.1918028826797649,0.3428345209817894,0.8137972099353521,0.3802471766460686,0.2259631680036153,0.794913530010173,0.774670879410216,0.692027417027417,0.610189623722055,0.1825832771192702,0.1870420017873101
0.2625018659501418,0.1974394073596908,0.3456848772763262,0.8086083701939436,0.3820583848284679,0.2309343576996949,0.7990989681732306,0.7793312269615588,0.6977994227994228,0.6163407287998982,0.1865664450226462,0.1930294906166219
0.2603373637856396,0.1881794025283839,0.3319081551860649,0.8147329023477373,0.3851480929043256,0.2195232177155123,0.7972387734340939,0.7781727224855186,0.6968253968253968,0.6148984007126798,0.1856991423340079,0.1909740840035746
0.2499626809971637,0.1775505274176665,0.3330166270783848,0.8263014630826813,0.3773705518857873,0.2124053779233985,0.7945938090393838,0.7749868351764087,0.6922438672438672,0.6108683663513342,0.1820050753268446,0.1848078641644325
0.2482460068666965,0.1777920927610918,0.3371338083927158,0.827152092548486,0.3747070104410824,0.2141001016834255,0.7938090393838105,0.7735650342285413,0.6905844155844155,0.6085351885631868,0.1793389226173267,0.1810098302055406
0.2525750111957008,0.1877767936226749,0.3477434679334917,0.8194113644096631,0.3742808438099296,0.2248333521635973,0.7961052172649324,0.7762769878883623,0.6948773448773449,0.6135409154541214,0.1834184574861071,0.1857015192135835
0.25794894760412,0.1942185361140188,0.3486935866983373,0.8128615175229671,0.3777967185169401,0.2298045418596768,0.7982851329748584,0.7789362822538178,0.7005772005772005,0.6213040342765028,0.1890719861231569,0.1929401251117068
0.2589192416778623,0.1931717529591754,0.3448931116389549,0.8129465804695475,0.3798210100149158,0.2276578917636425,0.7941287603545997,0.7785676671932595,0.7062049062049062,0.6292368387562042,0.1921557290160932,0.1934763181411975
0.2590685176892073,0.1814155729124728,0.3211401425178148,0.8189860496767608,0.3879181760068186,0.210936617331375,0.7866298503124546,0.7791732490784624,0.7168470418470418,0.6424723200271497,0.1915132825800649,0.1896782841823056
0.2719062546648753,0.1792414848216442,0.2897862232779097,0.8128615175229671,0.4075218410398465,0.1982826799231725,0.7796250544978928,0.785492364402317,0.7382395382395381,0.6742035379459552,0.1996402299958241,0.1947274352100089
0.300119420809076,0.2035590627264675,0.2777513855898654,0.7839401156856074,0.4317067973577669,0.2110495989153767,0.7643365789856126,0.7788836229594523,0.7557720057720058,0.7319815042633522,0.2297709678455558,0.21952636282395
0.3298999850723988,0.2528383927852484,0.3114806017418844,0.7409833276624703,0.441615171532069,0.2575980115241215,0.7310855980235431,0.732780410742496,0.7363275613275613,0.7894625206804395,0.2765731907102245,0.2591152815013405
0.3519181967457829,0.3195909493517997,0.3961995249406176,0.6931779516842463,0.4288301725974856,0.3346514518133544,0.6662985031245459,0.6394154818325435,0.6693362193362193,0.8379077758452468,0.3376056021329222,0.3095174262734584
0.3930437378713241,0.4167002174088091,0.4996041171813143,0.6184076216400136,0.4233965480502876,0.4397243249350356,0.5717773579421596,0.5314375987361769,0.5928932178932179,0.9051032961438936,0.4279978156821175,0.3848972296693476
0.4611135990446335,0.53402045253241,0.5859065716547902,0.5176930928887378,0.4430002130833156,0.5527059089368432,0.4747275105362593,0.4348341232227489,0.5104617604617604,0.9529970729224112,0.5319135267097106,0.4807417336907953
0.5499328257948947,0.6720347854094533,0.6690419635787808,0.3940966315073154,0.4784785851267846,0.6792452830188679,0.3698299665746257,0.3321221695629278,0.3992784992784992,0.968056675009545,0.650091548617134,0.5972743521000894
0.6668905806836841,0.8160077300909897,0.704038004750594,0.251446070091868,0.5500745791604518,0.7927917749406845,0.2503124545850893,0.2317008952080042,0.2976190476190476,1.0,0.799299733384729,0.7410634495084897
0.7657113001940589,0.9077220388114984,0.6747426761678543,0.1466485199047295,0.6305135307905391,0.846571008925545,0.153146345007993,0.1577672459189047,0.2063492063492063,0.987315997115344,0.9171565320741384,0.8618856121537086
0.8364681295715778,0.9126338674611484,0.5342834520981791,0.1037767948281729,0.7283187726401023,0.7999096147327985,0.1188490045051591,0.1552659294365455,0.1738095238095238,0.9176600347855598,0.945906010086409,0.9137176050044684
0.8393790117928049,0.8481359207665674,0.4012668250197941,0.1361857774753317,0.7750905604091199,0.7072647158513162,0.153204476093591,0.187809373354397,0.136976911976912,0.7254486064565393,0.8643474350326041,0.8882931188561216
0.7913867741453949,0.7765520573315082,0.3623119556611243,0.2013439945559713,0.7539953121670573,0.6430911761382894,0.2139805260863246,0.2236703528172722,0.077056277056277,0.4547999830314343,0.7202788217532363,0.8229669347631814
0.7404836542767578,0.7008615830582172,0.3214568487727632,0.2703300442327322,0.7314084807159599,0.5754152073212065,0.2907426246185147,0.275618746708794,0.0616883116883116,0.2471047384719806,0.593235039028621,0.7562109025915997
0.6936856247201075,0.6248490216603592,0.2711005542359461,0.3371895202449813,0.7148945237587897,0.5042368094000678,0.3624182531608777,0.3407582938388625,0.0965007215007215,0.1305306918932677,0.4884841476341909,0.6857015192135835
0.6239737274220032,0.5863596102745793,0.3433095803642121,0.3972439605307928,0.640848071595994,0.502881030392046,0.4299665746257811,0.4050026329647183,0.1658369408369408,0.1285793068340898,0.4048376216632938,0.6130026809651473
0.535453052694432,0.5593848135920766,0.4782264449722883,0.4618917999319497,0.5322821223098231,0.5321432606485142,0.5041418398488592,0.4708267509215376,0.2569264069264069,0.198998854621813,0.3437088432751919,0.5383824843610366
0.4351395730706076,0.5081729607858926,0.5904988123515441,0.5461041170466145,0.4229703814191348,0.5362105976725793,0.5879377997384101,0.5500263296471827,0.368975468975469,0.3011920417426717,0.290996113199062,0.4533065236818588
0.3375130616509926,0.4314357033577584,0.6463974663499605,0.6422252466825451,0.3344342637971446,0.5024291040560388,0.6714721697427699,0.6351764086361242,0.4912337662337662,0.4177660883213847,0.250746843981883,0.3665773011617515
0.2708613225854605,0.337869393670988,0.6039588281868569,0.7296699557672678,0.3010867249094395,0.4216472714947463,0.7326842028774887,0.7020010531858872,0.5845598845598845,0.5043906163831503,0.213870418553853,0.2871760500446828
0.2333930437378713,0.2503422175698526,0.5113222486144102,0.7972099353521607,0.3055614745365437,0.3271946672692351,0.7720680133701497,0.7453396524486572,0.6441919191919192,0.5536842998345566,0.1764157913333976,0.2157730116175156
0.2123451261382295,0.1968757548916982,0.45083135391924,0.8374447090847227,0.3108885574259535,0.2679923172522878,0.7981979363464612,0.7729594523433386,0.6822871572871573,0.5848216179527426,0.1606758536507018,0.1799374441465594
0.212718316166592,0.1794025283839278,0.4155186064924783,0.8464613814222525,0.3230343064138078,0.243249350355892,0.8159569829966574,0.792259083728278,0.7091630591630592,0.610104780893395,0.161221933121326,0.1714477211796246
0.2154799223764741,0.1719945245188823,0.395249406175772,0.8488431439265057,0.3318772640102279,0.2308213761156931,0.8289783461706147,0.8075302790942601,0.7293650793650793,0.6274975607686761,0.1629244161768012,0.1692582663092046
0.2101059859680549,0.1573395603510749,0.3778305621536025,0.8596461381422253,0.3339015555082036,0.2142130832674273,0.8345007993024269,0.8145866245392311,0.7393217893217894,0.6342849870614687,0.1599049179274678,0.1620196604110813
0.1929392446633826,0.1389805942507448,0.3779889152810768,0.8791255529091528,0.321542723204773,0.2014461642752231,0.8341229472460397,0.8140337019483939,0.7397546897546897,0.6318245450303314,0.1516816035463043,0.150893655049151
0.1880131362889983,0.134471374506804,0.3797307996832937,0.8843143926505614,0.3173875985510334,0.1989605694271833,0.8367097805551519,0.8170352817272248,0.7441197691197691,0.6356424723200272,0.1496900195946163,0.1466041108132261
0.2002537692192864,0.1456639020855141,0.3757719714964371,0.8714698877169106,0.3275090560409119,0.2052875381312845,0.8428426100857433,0.8240389678778304,0.7542568542568542,0.6456539261018963,0.1536089428543895,0.1505361930294906
0.2036124794745484,0.1479990337386263,0.3732383214568487,0.8683225586934332,0.3307053057745578,0.2060784092192972,0.8483941287603546,0.8297525013164824,0.7635281385281385,0.6546048445255165,0.1571745205743471,0.1533512064343163
0.1980146290491118,0.1371285932844834,0.3637371338083927,0.8772541680843825,0.3299595141700405,0.1951191955711219,0.8489754396163348,0.8303054239073197,0.7649350649350649,0.654180630382217,0.1554720375188719,0.1500893655049151
0.193013882669055,0.1275465013286094,0.3555027711797308,0.8850799591697858,0.3291071809077349,0.1854027793469664,0.8472024415055951,0.8283307003686151,0.7622294372294373,0.6507444958214907,0.1509106678230702,0.1436550491510277
0.1909986565158979,0.1262581528303406,0.3574030087094221,0.8869513439945561,0.3270828894097592,0.1851768161789627,0.8468245894492079,0.8289626119010005,0.7653679653679653,0.6537564162389174,0.1505573222832546,0.1424932975871313
0.1978653530377668,0.1400273774055882,0.3697545526524149,0.8758080979925145,0.3278286810142765,0.1991865325951869,0.851794797267839,0.8344918378093733,0.771969696969697,0.6609680566750096,0.1542513892904179,0.1482126899016979
0.1999552171965965,0.1467106852403575,0.3784639746634996,0.8710445729840082,0.32644363946303,0.2070952434753135,0.8547304170905392,0.8377303844128489,0.7783549783549784,0.6673312688245027,0.1568211750345315,0.1515192135835567
0.1923421406180026,0.1405910298735808,0.3825811559778305,0.87861517522967,0.3196249733645855,0.2042707038752683,0.8542072373201569,0.8373354397051078,0.7777777777777777,0.6669494760955331,0.1540265330378079,0.1468275245755138
0.1897298104194656,0.1335856349142443,0.3743467933491686,0.8838040149710786,0.3204773066268911,0.1963619929951417,0.8505159133846825,0.8342022116903632,0.7735569985569986,0.6616892207186188,0.1486942276187722,0.1407059874888293
0.1917450365726228,0.1358402447862146,0.3743467933491686,0.8815073154134061,0.3219688898359258,0.1979437351711671,0.8505159133846825,0.834228541337546,0.7747113997113997,0.661519535061299,0.1474093347467154,0.1405719392314566
0.1946559187938498,0.1446171189306707,0.3855898653998417,0.8752126573664512,0.3202642233113147,0.2081120777313297,0.8551373346897253,0.8396261190100053,0.783044733044733,0.6697492894413101,0.1512640133628858,0.1461572832886505
0.1974921630094044,0.1479990337386263,0.3862232779097387,0.871725076556652,0.322075431493714,0.2107106541633713,0.8581310855980235,0.842259083728278,0.7892135642135641,0.676154923005133,0.1540586553596094,0.1493744414655942
0.1894312583967756,0.1403494645301554,0.3884402216943785,0.8804014971078599,0.3155763903686341,0.206191390803299,0.8586251998256067,0.8427856766719327,0.7894300144300144,0.675348916132864,0.1507179338922617,0.1438337801608579
0.180176145693387,0.1313310250422739,0.3901821060965954,0.8904389248043553,0.3083315576390368,0.2004293300192068,0.8563290219444848,0.8406003159557661,0.7852813852813852,0.6699613965129597,0.1446146927499919,0.136148346738159
0.1810718017614569,0.1347129398502295,0.3947743467933493,0.8881422252466826,0.3074792243767312,0.2043836854592701,0.8581601511408226,0.8415745129015271,0.7884920634920635,0.6720400458151276,0.1429764543381195,0.1352993744414656
0.189953724436483,0.1435703357758273,0.3935075217735551,0.8783599863899286,0.3141913488173876,0.2101457462433623,0.8635372765586397,0.8474986835176409,0.7967893217893217,0.6801425359521487,0.1468311329542899,0.1417783735478105
0.1912972085385878,0.1460665109912231,0.3955661124307206,0.8763184756719974,0.3144044321329639,0.212631341091402,0.8674901903793053,0.8529489204844655,0.8045093795093795,0.6877359691172105,0.1504609553178503,0.1483914209115281
0.180773249738767,0.1350350269747966,0.3960411718131433,0.8881422252466826,0.3067334327722139,0.2051745565472827,0.8677808458072954,0.853949447077409,0.8052669552669552,0.6867602765876215,0.1479232918955382,0.1449061662198391
0.1758471413643827,0.1280296320154602,0.392874109263658,0.8946920721333788,0.3042829746430854,0.1990735510111852,0.8659206510681587,0.8520537124802527,0.8036435786435786,0.6837059347558648,0.1418842953968712,0.136148346738159
0.1786087475742648,0.1321362428536919,0.3950910530482977,0.8909493024838382,0.3055614745365437,0.2028019432832448,0.866705420723732,0.8531332280147446,0.8063131313131312,0.6841725703134943,0.1387363078603321,0.1306076854334227
0.1882370503060158,0.1446171189306707,0.3992082343626286,0.8788703640694115,0.3109950990837417,0.2129702858434075,0.8729254468827206,0.8602422327540811,0.8161616161616162,0.6927416960081451,0.1419806623622755,0.1346738159070598
0.1936856247201074,0.1509783396408728,0.4001583531274743,0.8723205171827153,0.3146175154485404,0.2178284939554852,0.8780119168725476,0.8663243812532913,0.8255050505050505,0.700886607559496,0.1448074266808005,0.1386058981233244
0.1843558740110464,0.1457444238666559,0.409501187648456,0.8804865600544403,0.3048156829320264,0.217376567619478,0.879087341956111,0.8671669299631385,0.8269841269841269,0.7018623000890851,0.1411454819954386,0.1340035746201966
0.1760710553814002,0.137289636846767,0.4106096595407759,0.889673358285131,0.2985297251225229,0.2118404700033894,0.876529574189798,0.8666666666666667,0.826010101010101,0.6992321724006278,0.1344640390607433,0.1246201966041108
0.1802507836990595,0.1453418149609469,0.4175771971496438,0.8830384484518544,0.299168975069252,0.2199751440515195,0.8785060311001308,0.8708530805687204,0.831998556998557,0.703686420905273,0.1336288586939064,0.1222966934763181
0.1918196745782953,0.1610435622835977,0.4239113222486145,0.8681524328002722,0.3052418495631792,0.2333069709637328,0.8862665310274669,0.8788572933122696,0.8432900432900433,0.7133585033725024,0.1363913783688285,0.1264968722073279
0.1923421406180026,0.1639423464047024,0.4285035629453682,0.866281047975502,0.304069891327509,0.2370353632357925,0.8921959017584653,0.8860716166403371,0.8539682539682538,0.7221821575531329,0.1387363078603321,0.1297140303842716
0.183236303925959,0.153313471293985,0.4269200316706256,0.8770840421912216,0.2981035584913701,0.2289006891876623,0.8944630140967883,0.8891258557135334,0.8577561327561327,0.7235820642260213,0.1351064854967717,0.1260053619302949
0.1750261233019853,0.1420404219341332,0.4221694378463975,0.8877169105137803,0.2938418921798423,0.2194102361315105,0.8941723586687982,0.8899947340705634,0.8590548340548341,0.7221821575531329,0.128392920240275,0.1182305630026809
0.1724137931034482,0.1428456397455512,0.4292953285827395,0.8888227288193263,0.2896867675261027,0.2224607388995593,0.8975730271762825,0.8939441811479725,0.8639610389610389,0.7243032282696306,0.1245061193023031,0.1131814119749776
0.1734587251828631,0.1514614703277236,0.4440221694378464,0.8836338890779177,0.2854251012145749,0.2337588972997401,0.9066996076151722,0.90376513954713,0.8788239538239538,0.7361388028676877,0.1268831711156082,0.1176943699731903
0.1704732049559635,0.1541992108865448,0.4557403008709423,0.8838890779176592,0.2793522267206478,0.2398599028358377,0.9144310419997091,0.9127172195892576,0.890981240981241,0.7444958214906886,0.1274292505862324,0.1188114387846291
0.1630840423943872,0.1471132941460665,0.4574821852731592,0.8917999319496428,0.273492435542297,0.2354536210597672,0.91588431913966,0.916350710900474,0.8962842712842712,0.7458108853349171,0.1219363335581895,0.111751563896336
0.1506941334527541,0.1371285932844834,0.4641330166270785,0.9042191221503914,0.2624121031323247,0.2309343576996949,0.916204040110449,0.9182464454976302,0.8991341991341991,0.7450897212913079,0.1136808968552247,0.1010723860589812
0.1473354231974921,0.1398663338433046,0.4766429136975456,0.9046444368832938,0.2558065203494566,0.2372613264037961,0.9198953640459236,0.9231964191679832,0.9071428571428573,0.748780384338014,0.1095371173428415,0.0963806970509383
0.1519629795491864,0.1527498188259924,0.4921615201900239,0.8952024498128616,0.2538887705092691,0.2518359507400293,0.9296613864263916,0.935018430753028,0.9217893217893216,0.7605735375217411,0.1096013619864443,0.0985701519213583
0.1509926854754441,0.1590305177550527,0.5067300079176565,0.8923953725757061,0.2483486043042829,0.261439385380183,0.938264787094899,0.944681411269089,0.9343073593073592,0.7701183557459806,0.1084128360797918,0.098704200178731
0.1362889983579638,0.1521861663579998,0.5243072050673002,0.9043892480435524,0.2318346473471127,0.2629081459722065,0.9416654556023832,0.948446550816219,0.9403318903318902,0.7700335129173207,0.1010889467090681,0.0906166219839142
0.1215106732348111,0.1430872050889765,0.537767220902613,0.9176590677101054,0.2168122735989771,0.2613264037961811,0.9422177009155648,0.95,0.9417027417027416,0.7654520001696856,0.0904243358709967,0.0779714030384271
0.1219585012688461,0.1495289475803204,0.5494853523357087,0.9140013610071454,0.2131898572341785,0.2700259857643204,0.9458218282226422,0.9549499736703528,0.947943722943723,0.7677851779578332,0.0839677491889113,0.0717158176943699
0.122107777280191,0.1622513890007247,0.5741884402216945,0.9071963252807078,0.2049861495844875,0.2877640944526041,0.953407934893184,0.9627435492364402,0.9585137085137084,0.7753786111228949,0.0828434679258616,0.0712243074173369
0.1169577548887893,0.1678073918995088,0.5960411718131433,0.9071963252807078,0.1939058171745152,0.2995141791887922,0.9595407644237756,0.969246972090574,0.9663780663780664,0.7795359097272304,0.0793100125277055,0.0689008042895442
0.1088968502761606,0.1636202592801352,0.6049089469517024,0.9140013610071454,0.1852759428936714,0.2997401423567958,0.9613428280773144,0.969747235387046,0.9684704184704184,0.7775845246680525,0.0715364106517619,0.0608132260947274
0.0969547693685624,0.156534342539657,0.6164687252573239,0.9245491663831236,0.1728105689324525,0.2988362896847813,0.9590466501961924,0.9687203791469194,0.9663419913419912,0.7710516268612395,0.0618354694677331,0.050491510277033
0.0956112852664576,0.1630566068121426,0.631987331749802,0.9218271520925484,0.1666311527807372,0.309004632244944,0.9608777793925302,0.970695102685624,0.968109668109668,0.7699486700886609,0.0573383444155343,0.0467828418230563
0.1027765338110165,0.1794025283839278,0.6487727632620744,0.9091527730520584,0.1660984444917962,0.3264037961812224,0.9665164946955384,0.975329120589784,0.974170274170274,0.7749968183939254,0.0582377694259741,0.0503127792672028
0.1008359456635318,0.1857637490941299,0.6655581947743469,0.9069411364409664,0.1590666950777754,0.3367981019093887,0.9696265077750328,0.9780410742496052,0.9788600288600288,0.7781360030543418,0.0589123381838039,0.0519213583556747
0.093372145096283,0.1826233996295998,0.6752177355502772,0.9128104797550188,0.1504368207969316,0.3380408993334086,0.9677081819502978,0.975144813059505,0.9757215007215008,0.7733848046493872,0.0539976229481867,0.047408400357462
0.0836692043588595,0.1747322650777035,0.6802850356294537,0.9225076556651924,0.1418069465160878,0.3344254886453507,0.9618369423048976,0.9680621379673512,0.9667748917748916,0.7629915581385484,0.0462561433940445,0.0394995531724754
0.0881474846992088,0.1810129640067638,0.6831353919239905,0.91663831235114,0.144150862987428,0.3397356230934357,0.9579130940270312,0.9645076355976828,0.9633838383838385,0.76159165146566,0.0456779416016189,0.040035746201966
0.0981489774593222,0.1971173202351235,0.693428345209818,0.9024328002722016,0.1477732793522267,0.3547621737656762,0.9600930097369568,0.9653501843075304,0.9667027417027416,0.7668094854282442,0.051042369342456,0.0483914209115281
0.1034482758620689,0.2039616716321765,0.695803642121932,0.8957978904389249,0.1507564457702961,0.3604112529657665,0.9585525359686092,0.9636650868878356,0.9666305916305916,0.7699910915029908,0.0564067970832931,0.0566577301161751
0.1011344976862218,0.1997745390128029,0.6924782264449724,0.8993705341953045,0.1502237374813551,0.3562309343576997,0.950239790728092,0.9531595576619272,0.9554112554112554,0.7621431298519493,0.0565352863704988,0.0574173369079535
0.1003134796238244,0.1948627103631532,0.684560570071259,0.9024328002722016,0.1522480289793309,0.3500169472376002,0.9376544106961198,0.939257503949447,0.9379148629148628,0.7511559835404914,0.0564389194050946,0.056970509383378
0.1084490222421256,0.2029148884773331,0.6831353919239905,0.8935011908812521,0.1585339867888344,0.3551011185176815,0.9291382066560092,0.9300421274354924,0.9265873015873016,0.7472107920078056,0.0634094632360027,0.063941018766756
0.125615763546798,0.222964811981641,0.6861441013460017,0.8731711466485199,0.1698274025143831,0.3702406507739238,0.9248946374073536,0.9242496050552924,0.9211760461760462,0.7509014550545116,0.0761299026693649,0.0781948168007149
0.1367368263919988,0.2305338594089701,0.677434679334917,0.8627934671657026,0.180694651608779,0.37250028245396,0.9168725475948264,0.9137967351237494,0.9083333333333332,0.748653120095024,0.0875012045870675,0.0906613047363717
0.1394237945962083,0.2280376841935744,0.666825019794141,0.8626233412725418,0.1861282761559769,0.3669641848378713,0.9026594971661096,0.8978409689310163,0.8882756132756132,0.7384295592415052,0.0946002377051813,0.0962913315460232
0.1472607851918196,0.2265077703518802,0.6471892319873319,0.8588805716230011,0.1983805668016194,0.358942492373743,0.8880395291382066,0.8817008952080043,0.8663059163059162,0.7255758706995292,0.1005749895602454,0.1010723860589812
0.1621883863263173,0.2372976890248812,0.6367379255740302,0.8446750595440626,0.2125506072874493,0.3627838662298045,0.8769074262461851,0.8693522906793049,0.850036075036075,0.718491494506427,0.1115608236163309,0.1118409294012511
0.1780862815345574,0.2468797809807553,0.6218527315914489,0.8306396733582851,0.2288514809290432,0.3641396452378262,0.8703386135736085,0.8601632438125328,0.837193362193362,0.7155644169176602,0.12556615592175,0.1273458445040214
0.1909986565158979,0.252194218536114,0.6049089469517024,0.820432119768629,0.2437673130193905,0.36188001355779,0.8625199825606744,0.8512111637704054,0.8246753246753246,0.7115768039706445,0.1390575310783463,0.1430741733690795
0.1909986565158979,0.2410822127385458,0.5830562153602534,0.8263014630826813,0.251118687406776,0.3462885549655405,0.8513006830402557,0.8368351764086361,0.8037157287157287,0.6966868875408307,0.1438116347049564,0.1481680071492404
0.1890580683684132,0.2289234237861341,0.56326207442597,0.833872065328343,0.2564457702961857,0.3305841147892893,0.8388606307222787,0.8218799368088467,0.7817099567099567,0.6808636999957579,0.1464456650926729,0.1497319034852547
0.2019704433497537,0.2339962959980674,0.5456848772763263,0.8238346376318476,0.2715746857021095,0.3279855383572477,0.8314779828513297,0.8132701421800947,0.7694083694083693,0.6730157383447165,0.1541550223250136,0.1576407506702412
0.2186147186147186,0.2436589097350833,0.5295328582739509,0.8092038108200069,0.2888344342637971,0.329002372613264,0.8286876907426246,0.8095050026329647,0.7643939393939393,0.6736520595596658,0.1646911438758793,0.170420017873101
0.2244364830571727,0.2436589097350833,0.517181314330958,0.8058863559033685,0.2972512252290645,0.3244831092531917,0.8260717918907136,0.8056608741442864,0.7562409812409812,0.6686039112544013,0.1724326234300215,0.1800268096514745
0.2172712345126138,0.2325469039375151,0.5105304829770388,0.8158387206532836,0.2943746004687833,0.3144277482770308,0.8180497020781864,0.7972353870458136,0.7427489177489177,0.6565562295846944,0.1745205743471138,0.18047363717605
0.2152560083594566,0.222562203075932,0.4951702296120349,0.8222184416468188,0.2981035584913701,0.3018867924528301,0.809766022380468,0.7873354397051079,0.7286796536796537,0.6444661265006576,0.1737175163020783,0.1773011617515639
0.2246603970741901,0.2304533376278283,0.4907363420427554,0.8126913916298061,0.3063072661410611,0.3058411478928934,0.8090975148960906,0.7848867825171143,0.7252525252525253,0.6427268485131294,0.1781182743888728,0.1815013404825737
0.238393790117928,0.2401159513648442,0.4807600950118766,0.7998468866961552,0.3194118900490091,0.309004632244944,0.8106670542072374,0.7857293312269615,0.7243506493506493,0.6461205616595258,0.1855064084031993,0.1902591599642537
0.2457829526795044,0.2415653434253966,0.4677751385589866,0.7948281728479075,0.3291071809077349,0.305502203140888,0.8110449062636245,0.7865455502896261,0.7243145743145742,0.646926568531795,0.1902283897080081,0.1955764075067024
0.2371249440214957,0.2293260326918431,0.4619160728424387,0.8062266076896905,0.3248455145962071,0.2947689526607163,0.80735358232815,0.782596103212217,0.7183621933621933,0.6391634497094133,0.1890719861231569,0.1932082216264521
0.2316763696074041,0.2211933327965214,0.4574821852731592,0.8136270840421913,0.3223950564670786,0.2875381312846006,0.8030809475366952,0.7779357556608741,0.7112914862914863,0.6314427523013618,0.1867591789534547,0.1902591599642537
0.2386177041349455,0.2234479426684918,0.4475059382422804,0.8085233072473631,0.3307053057745578,0.2855044627725681,0.8023543089667199,0.777461822011585,0.7102453102453102,0.6305943240147627,0.1890719861231569,0.1928954423592493
0.2483952828780415,0.2318222079072389,0.4432304038004751,0.7984858795508677,0.3391220967398253,0.2899107445486386,0.8061328295305915,0.7819641916798314,0.7167748917748917,0.6381877571798245,0.1956891844142494,0.2013404825737265
0.2529482012240632,0.2339962959980674,0.4376880443388757,0.7947431099013271,0.3443426379714467,0.2893458366286295,0.8091847115244877,0.7845708267509215,0.7208874458874459,0.6427692699274594,0.1986444380199801,0.2058087578194816
0.2482460068666965,0.2222401159513648,0.4245447347585115,0.8035896563456959,0.3454080545493287,0.2764659360524235,0.8065688126725766,0.7809899947340706,0.7165223665223666,0.638527128494464,0.1950788603000225,0.2009383378016085
0.2408568443051201,0.211772284402931,0.4197941409342836,0.81337189520245,0.3416790965267419,0.2674274093322788,0.8028484231943032,0.7771985255397578,0.7104978354978355,0.6325032876596106,0.1899071664899939,0.1934316353887399
0.248022092849679,0.2185361140188421,0.4177355502771181,0.8057162300102075,0.3474323460473045,0.2714947463563439,0.8038947827350675,0.7786466561348078,0.7123015873015872,0.6339031943324991,0.1898107995245896,0.1936103663985701
0.2585460516494999,0.2309364683146791,0.4197941409342836,0.7931269139162981,0.3542510121457489,0.280872217828494,0.8079639587269293,0.7843865192206424,0.7198051948051948,0.6410724133542612,0.194050946002377,0.1991063449508489
0.2604120017913121,0.2356872534020452,0.4251781472684086,0.7895542701599184,0.3538248455145962,0.2861823522765789,0.8102310710652522,0.7862559241706161,0.7233766233766233,0.6451872905442668,0.1957534290578523,0.2016979445933869
0.2513061650992685,0.2252194218536114,0.4239113222486145,0.8002722014290575,0.347751971020669,0.2783866229804541,0.8075570411277431,0.7832543443917852,0.7189754689754689,0.641369363254571,0.1913847932928592,0.1958445040214477
0.2457829526795044,0.2171672437394315,0.4197941409342836,0.807757740728139,0.3451949712337523,0.2712687831883403,0.8045923557622439,0.7806213796735124,0.7153318903318903,0.6370423789929157,0.1871767691368732,0.1895889186773905
0.2502612330198537,0.2215154199210886,0.4190023752969121,0.8028240898264717,0.3487108459407628,0.2739803412043836,0.804912076733033,0.7813586097946288,0.716919191919192,0.6397573495100327,0.1876586039638945,0.1912421805183199
0.2563815494849977,0.2298896851598357,0.4223277909738718,0.7949132357944879,0.3519070956744087,0.2809851994124958,0.8097950879232669,0.7862822538177988,0.7232683982683983,0.646799304288805,0.1918666281198805,0.1976318141197497
0.2584714136438274,0.2328689910620822,0.4235946159936659,0.792191221503913,0.3529725122522906,0.2835837758445373,0.8112774306060166,0.7885992627698788,0.7265873015873016,0.6514656598651,0.1946291477948026,0.2001340482573726
0.2527242872070458,0.2232868991062082,0.4171021377672209,0.8005273902687989,0.3510547624121031,0.2745452491243926,0.8079930242697282,0.784623486045287,0.7215007215007214,0.6459932974165359,0.1905174906042208,0.1950402144772118
0.2461561427078668,0.2138658507126178,0.4126682501979414,0.8092888737665873,0.3478585126784572,0.2664105750762625,0.8039238482778667,0.7803317535545023,0.7165945165945166,0.6402664064819922,0.1853136744723908,0.1874888293118856
0.247723540826989,0.2188582011434093,0.4191607284243864,0.8057162300102075,0.3467930961005753,0.2721726358603548,0.8039819793634646,0.7805950500263297,0.716919191919192,0.6408178848682816,0.1850888182197809,0.1872654155495978
0.2563815494849977,0.2286013366615669,0.4197941409342836,0.7956788023137121,0.3527594289367142,0.2791774940684668,0.8083708763261155,0.784913112164297,0.722077922077922,0.6458236117592161,0.1891683530885612,0.1933422698838248
0.2594417077175698,0.2302117722844029,0.4164687252573239,0.7930418509697176,0.3560622203281482,0.2791774940684668,0.8093300392384828,0.787625065824118,0.7247113997113996,0.6480719467187036,0.1906138575696251,0.1958445040214477
0.2475742648156441,0.2172477655205733,0.4161520190023753,0.8066519224225928,0.3476454293628809,0.2700259857643204,0.8057840430170033,0.783175355450237,0.719083694083694,0.641326941840241,0.1856027753686036,0.1906166219839142
0.2391401701746529,0.2071825428778484,0.4142517814726841,0.8167744130656686,0.3423183464734711,0.2622302564681956,0.8019764569103328,0.7784623486045287,0.7122655122655123,0.6333092945318798,0.1803668369149722,0.1839142091152815
0.2445887445887445,0.2114501972783637,0.4110847189231988,0.8114154474310992,0.3473258043895162,0.2640379618122246,0.8013951460543526,0.7784623486045287,0.7122294372294372,0.6332668731175498,0.181651729787029,0.1846291331546023
0.251679355127631,0.21934133183026,0.4114014251781474,0.803249404559374,0.3522267206477733,0.2698000225963168,0.8046795523906409,0.7819378620326487,0.716991341991342,0.6382726000084843,0.1856670200122065,0.1909740840035746
0.2517539931333035,0.2219180288267976,0.4163103721298496,0.8018033344675061,0.3506285957809503,0.2733024517003728,0.8060746984449935,0.7827540810953133,0.7175324675324676,0.6403088278963222,0.1876907262856959,0.1936103663985701
0.2456336766681593,0.2141074160560431,0.4140934283452099,0.8094589996597483,0.3470061794161517,0.2670884645802733,0.8034587995930824,0.7795681937862032,0.7122294372294372,0.635812157977347,0.1849282066107738,0.1888293118856121
0.2411553963278101,0.207746195345841,0.4110847189231988,0.8153283429738006,0.3447688046025996,0.261439385380183,0.7987501816596425,0.7755134281200632,0.7055916305916305,0.628430831883935,0.1798528797661495,0.1821268990169794
0.2466786087475742,0.2128995893389161,0.409501187648456,0.8094589996597483,0.349350095887492,0.2644898881482318,0.7988083127452404,0.7758030542390731,0.7061327561327562,0.6268612395537267,0.1803668369149722,0.1835120643431635
0.2551127033885654,0.2239310733553426,0.4133016627078386,0.7988261313371896,0.3540379288301726,0.2736413964523783,0.8022089812527249,0.779884149552396,0.7104617604617605,0.6306791668434226,0.1854742860813979,0.1903485254691689
0.2542916853261681,0.2244947258233351,0.4161520190023753,0.7989962572303505,0.3524398039633497,0.2749971754604,0.8021508501671268,0.7812532912058978,0.7116161616161616,0.6323336020022908,0.1871767691368732,0.1928507596067918
0.2454097626511419,0.213785328931476,0.4139350752177356,0.8097141884994896,0.3468996377583635,0.266749519828268,0.7987501816596425,0.778146392838336,0.7061688311688311,0.6265642896534172,0.1834827021297099,0.187444146559428
0.2392148081803254,0.2038006280698929,0.4074425969912906,0.8184756719972781,0.3446622629448114,0.2574850299401198,0.7955529719517512,0.7734597156398104,0.6988816738816739,0.6188860136596955,0.1787928431467026,0.1810098302055406
0.2415285863561725,0.204525324100169,0.4039588281868568,0.8168594760122492,0.3475388877050927,0.2566941588521071,0.7940124981834036,0.7724855186940495,0.6985209235209235,0.6185042209307259,0.1790819440429154,0.1810098302055406
0.2450365726227795,0.2158788952411627,0.4188440221694378,0.808863559033685,0.344981887918176,0.2700259857643204,0.7985757884028485,0.7771195365982095,0.7037157287157286,0.6258431256098078,0.1843821271401497,0.1880697050938337
0.2435438125093297,0.2142684596183267,0.4188440221694378,0.8104797550187139,0.343916471340294,0.2687831883403005,0.7994477546868187,0.7770932069510268,0.7042929292929292,0.6265642896534172,0.1859882432302206,0.1906613047363717
0.2358560979250634,0.2029954102584749,0.41298495645289,0.8208574345015313,0.3404005966332836,0.2588408089481415,0.7961342828077315,0.7740652975250131,0.7003607503607503,0.6213464556908328,0.1829045003372843,0.1860589812332439
0.2311539035676966,0.1944601014574442,0.4061757719714965,0.8280877849608712,0.3393351800554016,0.2504801717320076,0.7923848277866589,0.7704844655081622,0.6949855699855699,0.6145166079837102,0.1789534547557097,0.1818588025022341
0.2362292879534259,0.2002576696996537,0.4068091844813936,0.8221333787002383,0.3427445131046239,0.2546604903400745,0.7938671704694085,0.7720905739863085,0.6956709956709956,0.6145590293980402,0.1799813690533551,0.1835567470956211
0.2474996268099716,0.213785328931476,0.409501187648456,0.8085233072473631,0.3498828041764329,0.2651677776522426,0.7974422322336869,0.7751711427066877,0.7003607503607503,0.6198192847749544,0.184028781600334,0.1899016979445933
0.2497387669801463,0.2167646348337225,0.4106096595407759,0.8057162300102075,0.3511613040698913,0.2676533725002825,0.7986048539456474,0.7762506582411796,0.7021645021645021,0.6216858270054725,0.1858918762648164,0.1925379803395889
0.2424242424242424,0.2083098478138336,0.409501187648456,0.814307587614835,0.3462603878116343,0.2613264037961811,0.7959598895509374,0.7733807266982622,0.6984487734487734,0.6165952572858779,0.1827117664064758,0.1868185880250223
0.2375727720555306,0.2025122795716241,0.4083927157561363,0.8201769309288874,0.3431706797357767,0.2568071404361088,0.792675483214649,0.7696155871511321,0.6923160173160172,0.6096805667500955,0.1787607208249012,0.180875781948168
0.2414539483505,0.2071825428778484,0.4093428345209819,0.8154134059203813,0.3456211378649051,0.2605355327081685,0.7931695974422321,0.7702738283307003,0.6930014430014431,0.6106562592796845,0.1797886351225466,0.1825737265415549
0.2491416629347663,0.2160399388034463,0.4104513064133018,0.8063967335828515,0.3507351374387385,0.2670884645802733,0.7972969045196918,0.7745129015271195,0.6988095238095238,0.6170194714291775,0.1853136744723908,0.1894101876675603
0.2471264367816091,0.2127385457766326,0.408234362628662,0.8092888737665873,0.3500958874920093,0.2640379618122246,0.7982270018892602,0.7758293838862559,0.6990259740259741,0.6182496924447461,0.187241013780476,0.1924486148346738
0.2355575459023735,0.1993719301070939,0.4064924782264449,0.8228989452194625,0.3424248881312593,0.2539826008360636,0.7937799738410114,0.7711427066877303,0.6935786435786435,0.611038052008654,0.1828723780154829,0.1867739052725647
0.2288401253918495,0.1922054915854739,0.4066508313539193,0.8305546104117048,0.3375239718730023,0.2490114111399841,0.7911059439035024,0.7672459189046866,0.6883477633477634,0.6066686463326688,0.1789534547557097,0.1818588025022341
0.2414539483505,0.2041227151944601,0.4033254156769596,0.81702960190541,0.3476454293628809,0.256129250932098,0.7908734195611103,0.7690363349131121,0.6902236652236652,0.6084927671488568,0.180655937811185,0.1835120643431635
0.2472010747872816,0.2125775022143489,0.4076009501187648,0.8092888737665873,0.3503089708075858,0.2636990170602191,0.7947100712105799,0.7730647709320695,0.6957792207792207,0.6143045009120605,0.1851530628633837,0.1900804289544236
0.2435438125093297,0.2094371527498188,0.4093428345209819,0.813031643416128,0.3471127210739399,0.262004293300192,0.7965702659497167,0.7741969457609268,0.6969696969696969,0.6158316718279387,0.1855385307250008,0.1910634495084897
0.2362292879534259,0.2000966261373702,0.4064924782264449,0.8221333787002383,0.342851054762412,0.254434527172071,0.792617352129051,0.7709320695102686,0.6923881673881674,0.6113774233232937,0.1827760110500787,0.1863270777479893
0.2285415733691596,0.1909976648683469,0.4049089469517024,0.831320176930929,0.3379501385041551,0.2475426505479606,0.7901177154483361,0.766535018430753,0.6872294372294372,0.6050990540024604,0.1777970511708586,0.1800268096514745
0.2327959396924914,0.1967952331105564,0.4072842438638164,0.825876148349779,0.340080971659919,0.2524008586600383,0.7918907135590757,0.7674828857293312,0.6876623376623376,0.6066262249183388,0.1786322315376955,0.1815460232350312
0.2410061203164651,0.2056526290361542,0.4072842438638164,0.8165192242259273,0.346047304496058,0.2586148457801378,0.7947100712105799,0.7712216956292786,0.6917027417027417,0.6127349085818521,0.1831936012334971,0.187444146559428
0.2392894461859978,0.2054915854738707,0.4104513064133018,0.8176250425314733,0.3437033880247176,0.2597446616201558,0.797180642348496,0.7736703528172723,0.6949855699855699,0.6150680863699997,0.1851530628633837,0.1898123324396783
0.2307060755336617,0.1958289717368548,0.4098178939034046,0.8275774072813883,0.3378435968463669,0.252626821828042,0.7939543670978056,0.7700368615060559,0.6902597402597402,0.609171509778136,0.1808165494201921,0.1848078641644325
0.2263024331989849,0.1893872292455109,0.4066508313539193,0.8334467505954406,0.335712763690603,0.2469777426279516,0.7884609795087923,0.765560821484992,0.6844516594516594,0.602808297628643,0.1765764029424046,0.1797140303842717
0.2317510076130765,0.1962315806425638,0.4083927157561363,0.8268118407621641,0.339015555082037,0.2524008586600383,0.7899142566487429,0.7660084254870985,0.6854978354978355,0.6045899970305011,0.1772509717002345,0.1816800714924039
0.2412300343334826,0.2083903695949754,0.4121931908155187,0.8149030282408983,0.344449179629235,0.2623432380521975,0.7944775468681877,0.7701948393891522,0.6914862914862915,0.6106562592796845,0.1824869101538659,0.1877569258266309
0.2402597402597402,0.2095981963121024,0.4166270783847982,0.8148179652943179,0.3423183464734711,0.2648288329002373,0.7962505449789276,0.7711953659820958,0.6934343434343434,0.6115471089806135,0.183643313738717,0.1899910634495085
0.2306314375279892,0.198566712295676,0.415360253365004,0.8261313371895204,0.3359258470061794,0.2565811772681053,0.7916872547594827,0.7669826224328594,0.6882034632034632,0.6053535824884403,0.1780219074234685,0.1846291331546023
0.2292133154202119,0.1930107093968918,0.4074425969912906,0.829874106839061,0.3375239718730023,0.2499152638119986,0.7889841592791745,0.7645866245392311,0.6845598845598845,0.6015780766130743,0.1755484886447592,0.1798033958891867
0.2375727720555306,0.2022707142281987,0.4079176563737134,0.8202619938754679,0.3432772213935648,0.2565811772681053,0.7895364045923557,0.7666666666666666,0.6867243867243867,0.6050142111738006,0.1787928431467026,0.1823503127792671
0.2465293327362293,0.2124164586520653,0.4087094220110847,0.8097992514460702,0.3494566375452801,0.2639249802282228,0.7935474494986194,0.7705371248025277,0.6906565656565655,0.6100623594790651,0.1829366226590858,0.1885165326184093
0.2427974324526048,0.211772284402931,0.4155186064924783,0.8122660768969038,0.3445557212870232,0.2659586487402553,0.7961052172649324,0.7720115850447604,0.6939393939393939,0.6140923938404107,0.1839002923131284,0.1905272564789991
0.2345872518286311,0.2005797568242209,0.4109263657957245,0.8228138822728821,0.3401875133177072,0.2564681956841035,0.7913384682458945,0.7670089520800422,0.6865079365079365,0.60552326814576,0.17782917349266,0.1838248436103663
0.2292133154202119,0.1936548836460262,0.4085510688836105,0.8295338550527391,0.3372043468996377,0.2507061349000113,0.7872983577968319,0.7635597682991048,0.6827200577200577,0.6017053408560642,0.1749060422087308,0.1786863270777479
0.2331691297208538,0.1991303647636686,0.4110847189231988,0.8244300782579108,0.3391220967398253,0.2554513614280871,0.7903211742479291,0.7655871511321748,0.6848124098124098,0.6031476689432826,0.1766727699078089,0.1802502234137623
0.2394387221973428,0.2084708913761172,0.4161520190023753,0.815923783599864,0.3418921798423183,0.263811998644221,0.7944775468681877,0.7695892575039494,0.6896825396825397,0.6092987740211259,0.181426873534419,0.1861930294906166
0.2399611882370503,0.2067799339721394,0.4117181314330958,0.8165192242259273,0.3438099296825058,0.2609874590441758,0.7943903502397907,0.770221169036335,0.6906204906204906,0.6097654095787555,0.1839002923131284,0.1891867739052725
0.2310792655620241,0.1942185361140188,0.4058590657165479,0.8281728479074516,0.3394417217131898,0.2501412269800022,0.7906990263043162,0.7660084254870985,0.6842712842712841,0.6026386119713232,0.1792746779737239,0.183467381590706
0.2263770712046574,0.1877767936226749,0.4031670625494855,0.8342973800612454,0.3369912635840613,0.2447181109479155,0.7887225693939834,0.7625329120589784,0.6792568542568541,0.598226784881008,0.1760303234717805,0.1786416443252904
0.2297357814599193,0.1927691440534664,0.4058590657165479,0.8297890438924804,0.3384828467930961,0.249124392723986,0.7885481761371893,0.7643496577145866,0.6828643578643578,0.6012387052984347,0.1787607208249012,0.1809204647006256
0.2413793103448275,0.2049279330058781,0.4050673000791767,0.8166893501190882,0.3470061794161517,0.257372048356118,0.7931114663566342,0.7686677198525539,0.6891053391053391,0.6081109744198872,0.1840609039221355,0.1877569258266309
0.2400358262427228,0.2047668894435945,0.4074425969912906,0.8175399795848929,0.3451949712337523,0.2580499378601288,0.7955239064089522,0.7697472353870458,0.6901875901875901,0.6095957239214356,0.1851851851851852,0.1898570151921358
0.2292879534258844,0.1926886222723247,0.4066508313539193,0.8300442327322218,0.3378435968463669,0.2493503558919896,0.7906990263043162,0.7657977883096366,0.6856421356421357,0.6034870402579222,0.1809129163855963,0.1844950848972296
0.2267502612330198,0.1872936629358241,0.4015835312747427,0.8343824430078258,0.3377370551885787,0.2437012766918992,0.7878796686528121,0.7632438125329121,0.6811327561327561,0.5984388919526578,0.1782788859978799,0.1796246648793565
0.2324227496641289,0.195345841050004,0.4050673000791767,0.8268118407621641,0.34061367994886,0.2507061349000113,0.7909315506467083,0.7645602948920484,0.6827922077922077,0.600050905697196,0.1795959011917381,0.1812332439678284
0.2388416181519629,0.2053305419115871,0.4112430720506731,0.8179652943177952,0.3430641380779884,0.2598576432041576,0.7943031536113937,0.7685097419694575,0.6883838383838384,0.6064989606753489,0.1838039253477241,0.1871313672922251
0.2407075682937751,0.2051694983493034,0.4068091844813936,0.8169445389588296,0.3459407628382697,0.2581629194441306,0.7941287603545997,0.7699315429173249,0.6907647907647908,0.6087897170491665,0.1857633869776107,0.1894548704200178
0.228616211374832,0.1934938400837426,0.4096595407759303,0.8299591697856414,0.3363520136373322,0.2510450796520166,0.7911640749891004,0.7664560294892049,0.6861471861471861,0.603741568743902,0.1818123413960361,0.1849865951742627
0.2286908493805045,0.1898703599323617,0.402375296912114,0.8319156175569923,0.3388024717664606,0.2458479267879335,0.7868042435692486,0.762374934175882,0.681060606060606,0.598269206295338,0.17805402974527,0.1793118856121537
0.2343633378116136,0.1992108865448103,0.4087094220110847,0.8236645117386867,0.3407202216066481,0.2546604903400745,0.7886644383083854,0.7645339652448657,0.684054834054834,0.6011538624697748,0.1803025922713693,0.1819034852546917
0.2393640841916703,0.2100008052178114,0.4191607284243864,0.8151582170806397,0.3408267632644364,0.2659586487402553,0.7936346461270164,0.7687467087941022,0.6905122655122655,0.6079837101768973,0.1848318396453696,0.1888739946380697
0.2369756680101507,0.2062162815041468,0.4167854315122724,0.8185607349438585,0.3399744300021308,0.2624562196361993,0.7938671704694085,0.7693786203264876,0.6914862914862915,0.6103168879650448,0.1852815521505894,0.1891867739052725
0.2330944917151813,0.198566712295676,0.4101346001583532,0.8247703300442327,0.3394417217131898,0.2546604903400745,0.7905246330475222,0.7660874144286467,0.6856421356421357,0.6025961905569932,0.1801098583405608,0.1831992850759607
0.2274220032840722,0.1898703599323617,0.4050673000791767,0.832596121129636,0.3369912635840613,0.246751779459948,0.7881121929952042,0.7627962085308057,0.6800865800865801,0.5970814066940993,0.1750987761395393,0.1776139410187667
0.2295865054485744,0.1951847974877204,0.4109263657957245,0.8285130996937735,0.3366716386106967,0.252626821828042,0.7894201424211597,0.7632964718272774,0.6825396825396824,0.6001781699401858,0.1766406475860075,0.1794012511170688
0.2378713240782206,0.2050084547870198,0.4126682501979414,0.818645797890439,0.3419987215001066,0.2600836063721613,0.792704548757448,0.7671406003159558,0.6883838383838384,0.6063716964323591,0.1820050753268446,0.1857908847184986
0.2364532019704433,0.2046863676624527,0.4152019002375298,0.8196665532494046,0.340080971659919,0.2607614958761721,0.7945647434965848,0.7691943127962085,0.6907647907647908,0.6085351885631868,0.1836754360605184,0.1882931188561215
0.225705329153605,0.195345841050004,0.419477434679335,0.8306396733582851,0.3310249307479224,0.2557903061800926,0.7929080075570412,0.7663243812532912,0.6870851370851371,0.6038264115725619,0.1801741029841636,0.1839142091152815
0.2253321391252425,0.1993719301070939,0.4283452098178939,0.8287682885335148,0.3277221393564883,0.2617783301321885,0.7932567940706292,0.7648762506582412,0.6853174603174603,0.602765876214313,0.1785358645722913,0.1818141197497765
0.2361546499477534,0.2204686367662452,0.4467141726049089,0.8114154474310992,0.3293202642233113,0.2831318495085301,0.7975875599476819,0.7688256977356503,0.6914502164502164,0.6087897170491665,0.1823262985448588,0.1873994638069705
0.2480967308553515,0.239391255334568,0.4584323040380048,0.7946580469547465,0.3339015555082036,0.3005310134448085,0.8061328295305915,0.7762243285939968,0.7008658008658009,0.6182921138590761,0.1885259066525328,0.1949061662198391
0.2503358710255262,0.2433368226105161,0.4615993665874902,0.7913405920381084,0.3343277221393565,0.3044853688848717,0.8102601366080512,0.7788572933122696,0.7039682539682539,0.623000890849701,0.1908065915004336,0.1971403038427167
0.2442901925660546,0.2374587325871648,0.4628661916072843,0.7978904389248044,0.3296398891966758,0.3008699581968139,0.8085452695829095,0.7760663507109005,0.7005772005772005,0.6191829635600051,0.1879155825383058,0.1916890080428954
0.2416778623675175,0.2359288187454707,0.4652414885193984,0.8001871384824771,0.326976347751971,0.3005310134448085,0.807586106670542,0.7734860452869932,0.6961399711399712,0.61468629364103,0.1855706530468022,0.187846291331546
0.2531721152410807,0.2514695225058378,0.4715756136183689,0.7853861857774754,0.3330492222458981,0.31374985877302,0.8084871384973114,0.7757503949447078,0.699062049062049,0.619310227802995,0.1892325977321641,0.1924486148346738
0.2685475444096133,0.2738545776632579,0.4831353919239905,0.7648009527050017,0.340080971659919,0.3336346175573381,0.8106670542072374,0.7802264349657715,0.7075036075036075,0.6292368387562042,0.1942436799331856,0.1998212689901698
0.2696671144947007,0.2835977131814156,0.4997624703087886,0.7590166723375299,0.3352865970594502,0.3462885549655405,0.8079058276413312,0.7808583464981569,0.71002886002886,0.6336062444321895,0.1979056246185474,0.2037533512064343
0.2633228840125391,0.2851276270231097,0.5162311955661124,0.7618237495746852,0.3252716812273599,0.3532934131736527,0.7948263333817759,0.7733280674038967,0.7039321789321789,0.6294489458278539,0.1953358388744338,0.2002680965147453
0.2676518883415435,0.2922135437635881,0.5209817893903406,0.755614154474311,0.3267632644363946,0.3599593266297593,0.7807004795814562,0.7649025803054239,0.6956349206349206,0.6228736266067112,0.1929909093829301,0.1997319034852546
0.2752649649201373,0.3024398099685965,0.5249406175771972,0.7459169785641374,0.330811847432346,0.3685459270138967,0.7761662549048104,0.7640863612427594,0.6969336219336218,0.6265642896534172,0.197038321929909,0.2053619302949061
0.2889983579638752,0.3137128593284484,0.5179730799683295,0.7321367812181014,0.3430641380779884,0.3739690430459835,0.7746257811364627,0.7652711953659821,0.6992424242424242,0.6306367454290926,0.2021457710963348,0.2124664879356568
0.283176593521421,0.3025203317497383,0.5083135391923991,0.7413235794487922,0.3421052631578947,0.3626708846458027,0.7676791164074989,0.761216429699842,0.6925324675324674,0.6222797268060918,0.1994474960650155,0.2104110813226094
0.2746678608747574,0.2856912794911023,0.4932699920823438,0.7550187138482478,0.3411463882378009,0.3454976838775279,0.7589594535677954,0.7521063717746183,0.6783549783549784,0.606541382089679,0.1913847932928592,0.2025022341376228
0.2699656665173906,0.2830340607134229,0.4980205859065717,0.7591867982306907,0.3361389303217558,0.3453847022935261,0.7511408225548611,0.7456556082148499,0.6697330447330447,0.5971662495227591,0.1875943593202916,0.1987488829311886
0.2786983131810718,0.2956759803526854,0.5043547110055424,0.7475331745491665,0.3401875133177072,0.3564568975257032,0.7515477401540474,0.7466034755134281,0.6711038961038961,0.5998387986255462,0.1915775272236677,0.2047363717605004
0.2942230183609494,0.3141959900152991,0.5079968329374506,0.7289043892480437,0.3500958874920093,0.3708055586939328,0.7552681296323208,0.7511848341232228,0.6772005772005771,0.6081109744198872,0.1995117407086184,0.2164432529043789
0.3042245111210628,0.3154843385135679,0.4889944576405385,0.7225246682545083,0.3636266780311102,0.364817534741837,0.7586397325970062,0.7539231174302264,0.6806998556998557,0.6115471089806135,0.202466994314349,0.2208668453976764
0.3045230631437528,0.2912472823898865,0.4408551068883611,0.7351139843484179,0.3800340933304922,0.3306970963732911,0.7593954367097805,0.7534491837809373,0.6784271284271284,0.607389810376278,0.1991262728470013,0.216130473637176
0.3019853709508882,0.2765117964409373,0.4172604908946952,0.7443007825791087,0.3862135094822075,0.311942153428991,0.7607324516785351,0.7523696682464455,0.6753246753246753,0.6024689263140034,0.1954000835180367,0.2111706881143878
0.3008658008658008,0.2769144053466463,0.4204275534441806,0.7447260973120109,0.38429575964202,0.3132979324370127,0.7658189216683622,0.7551079515534492,0.6781024531024531,0.6049293683451407,0.1961067745976679,0.2117962466487935
0.3068368413195999,0.2873017151139383,0.4280285035629455,0.735879550867642,0.3860004261666311,0.3233532934131736,0.7729690451969191,0.7618220115850447,0.6885642135642135,0.6166376787002079,0.2023385050271433,0.2189008042895442
0.3015375429168532,0.2740961430066833,0.4134600158353128,0.7459169785641374,0.3870658427445131,0.3088916506609422,0.7762534515332074,0.7657977883096366,0.691991341991342,0.6204131845755738,0.2032700523593845,0.2188561215370866
0.289595462009255,0.2424510830179563,0.3765637371338084,0.7693943518203472,0.3910078840826763,0.2735284148683765,0.7759918616480163,0.7652711953659821,0.6884199134199134,0.6139227081830908,0.1968134656772991,0.2088025022341376
0.2736229287953425,0.2162815041468717,0.3589865399841647,0.792361347397074,0.3855742595354783,0.2488984295559823,0.7784624327859323,0.7657187993680885,0.6865440115440115,0.609341195435456,0.1899071664899939,0.1972743521000894
0.2590685176892073,0.2074241082212738,0.3722882026920032,0.8052909152773052,0.370658427445131,0.2474296689639588,0.782706002034588,0.7666929963138494,0.6853535353535354,0.6063716964323591,0.1861488548392277,0.1920911528150134
0.2466039707419017,0.206135759723005,0.3961995249406176,0.813031643416128,0.353718303856808,0.2551124166760818,0.787589013224822,0.7680358083201685,0.687987012987013,0.6081109744198872,0.1849924512543767,0.1916890080428954
0.2351097178683385,0.1971978420162654,0.4031670625494855,0.8243450153113304,0.3431706797357767,0.2512710428200203,0.7902921087051301,0.7681147972617166,0.6866883116883117,0.6056929538030799,0.1809129163855963,0.187846291331546
0.2213016868189281,0.180529833319913,0.3996832937450515,0.8410173528411025,0.3345408054549328,0.2382781606598125,0.7866007847696556,0.763638757240653,0.6793290043290043,0.5965299283078098,0.1736853939802769,0.1788203753351206
0.2204806687565308,0.1755374828891215,0.3916072842438639,0.8440796189179993,0.3366716386106967,0.2319511919557112,0.7842464758029356,0.7620063191153238,0.6774891774891775,0.5927968438467739,0.1708265073399505,0.1747095621090259
0.2311539035676966,0.1862468797809807,0.3900237529691212,0.832425995236475,0.3447688046025996,0.2388430685798215,0.7870948989972388,0.7657451290152711,0.6823953823953823,0.598141942052348,0.1747775529215251,0.1785522788203753
0.2392894461859978,0.1934133183026008,0.3868566904196358,0.8239197005784281,0.3516940123588323,0.2427974240198847,0.7922395000726639,0.7702474986835176,0.6889610389610389,0.60552326814576,0.1796601458353409,0.1852993744414655
0.2376474100612031,0.1901119252757871,0.3838479809976247,0.8266417148690032,0.3514809290432559,0.2394079764998305,0.7927336143002471,0.7706161137440758,0.6898268398268398,0.6065838035040089,0.1809129163855963,0.1871760500446827
0.2251082251082251,0.1780336581045173,0.3866983372921615,0.8401667233752979,0.3415725548689537,0.2319511919557112,0.7885481761371893,0.7664560294892049,0.6841991341991341,0.5986509990243075,0.1759982011499791,0.1803395889186773
0.2216002388416181,0.1736049601417183,0.3855898653998417,0.8445049336509016,0.3394417217131898,0.2284487628516552,0.7856706874000873,0.7640337019483938,0.6797619047619047,0.5933059008187334,0.1721756448556101,0.1750670241286863
0.2304821615166442,0.1818181818181818,0.3828978622327791,0.8351480095270502,0.3466865544427871,0.2333069709637328,0.7879668652812092,0.7660347551342812,0.6831890331890331,0.5980995206380181,0.1748096752433265,0.1785522788203753
0.2375727720555306,0.191319751992914,0.3865399841646874,0.8260462742429399,0.3505220541231621,0.2412156818438595,0.7931114663566342,0.771274354923644,0.6901875901875901,0.6066262249183388,0.1795316565481353,0.1846291331546023
0.2307060755336617,0.1878573154038167,0.3941409342834521,0.8318305546104118,0.3430641380779884,0.241441645011863,0.795087923266967,0.7726698262243286,0.6922438672438672,0.6086624528061766,0.1803025922713693,0.1851206434316354
0.222495894909688,0.1768258313873903,0.3898653998416468,0.8422932970398095,0.3386959301086725,0.2321771551237148,0.7897689289347478,0.7676408636124276,0.6863997113997113,0.6020022907563739,0.1749702868523337,0.1786863270777479
0.2222719808926705,0.1779531363233755,0.3925574030087095,0.8418679823069072,0.3376305135307905,0.2339848604677437,0.7836360994041563,0.7634807793575565,0.6854978354978355,0.6025537691426632,0.1744884520253124,0.176586237712243
0.235184355874011,0.1903534906192125,0.3895486935866984,0.8279176590677102,0.3478585126784572,0.2415546265958648,0.7823572155209999,0.7684570826750922,0.6996031746031746,0.619310227802995,0.1823584208666602,0.1836014298480786
0.2551127033885654,0.2028343666961913,0.3716547901821062,0.809969377339231,0.3679948860004262,0.2439272398599028,0.7854672286004941,0.7827014218009478,0.7281746031746031,0.6504051245068512,0.1945327808293983,0.1955317247542448
0.2707120465741155,0.2016265399790643,0.3361836896278701,0.8017182715209255,0.3911144257404645,0.2304824313636877,0.7776776631303589,0.7852290679304897,0.7472943722943722,0.6803970644381284,0.2044264559442356,0.2028596961572833
0.2825794894760412,0.209759239874386,0.3271575613618369,0.7906600884654644,0.4026209247815895,0.2329680262117275,0.7467809911350094,0.7529225908372827,0.7363275613275613,0.7117464896279642,0.2227683016928463,0.2147453083109919
0.2897447380206001,0.2220790723890812,0.3363420427553444,0.7800272201429059,0.4046452162795653,0.2448310925319173,0.7280627815724459,0.726987888362296,0.7209595959595959,0.7265091418147882,0.2346856830811731,0.2234584450402144
0.2970592625765039,0.2331105564055077,0.3423594615993666,0.7700748553929909,0.4078414660132111,0.2547734719240763,0.7288475512280191,0.7263559768299105,0.722979797979798,0.7322784541636619,0.2393755420641804,0.228775692582663
0.3113151216599492,0.264594572831951,0.3740300870942201,0.7453215379380741,0.4073087577242701,0.2882160207886114,0.7119023397761953,0.693707214323328,0.7032828282828283,0.7517074619267807,0.2629212039446211,0.2505361930294906
0.3380355276907001,0.3265158225299944,0.4391132224861442,0.6973460360666894,0.4045386746217771,0.354875155349678,0.64205784043017,0.591284886782517,0.6247113997113997,0.7795783311415603,0.3161157688477723,0.2971849865951743
0.3864009553664726,0.4100169095740398,0.5008709422011085,0.625723035045934,0.4182825484764542,0.4354310247429668,0.5404447028048249,0.4770405476566614,0.5389971139971139,0.8273872650914182,0.39796344479779,0.3677837354781054
0.4577548887893715,0.5150978339640874,0.5559778305621537,0.5295168424634229,0.4506712124440656,0.5288667947124618,0.4413893329457927,0.3793048973143759,0.4535353535353535,0.870741950536631,0.4990845138286595,0.4606791778373547
0.5505299298402746,0.6402286818584427,0.6052256532066509,0.4105988431439265,0.5003196249733646,0.6341656310021466,0.3246911786077604,0.2632174828857293,0.3284632034632034,0.8695965723497222,0.6124763097876715,0.5744861483467382
0.6639050604567845,0.7679362267493357,0.6156769596199525,0.2785811500510378,0.5776688685275942,0.7274884193876396,0.1991570992588285,0.1489204844655081,0.2076479076479076,0.8740508208543672,0.7508913944299893,0.7119302949061662
0.7905657560829975,0.8627908849343747,0.5338083927157562,0.1562606328683226,0.6957170253569145,0.7647723421082362,0.0978346170614735,0.0803317535545023,0.136976911976912,0.8944130997327452,0.8907198612315699,0.850402144772118
0.8937901179280491,0.8812303728158466,0.3509105304829771,0.0876998979244641,0.8308118474323459,0.7124618687153993,0.0623455893038801,0.0893891521853606,0.1353174603174603,0.8868196665676835,0.9607144004368636,0.9326184092940124
0.9209583519928348,0.8451566148643207,0.2221694378463974,0.0912725416808437,0.893564883869593,0.6412834707942604,0.0939979654120039,0.1324381253291205,0.1254689754689755,0.7582403597335937,0.9206257428286916,0.9358355674709562
0.8914763397522018,0.7804171028263145,0.1575613618368962,0.142225246682545,0.8943106754741104,0.572816630889165,0.158261880540619,0.1821221695629278,0.0879509379509379,0.5159292410808977,0.782307025151778,0.8743521000893656
0.8406478578892372,0.7104436750140914,0.1277909738717339,0.2082340932289895,0.8679948860004261,0.5130493729522088,0.2435692486557186,0.2423117430226435,0.0705627705627705,0.299113392440504,0.6399730172496868,0.8004021447721179
0.7857142857142857,0.6414365085755698,0.1086302454473475,0.2759441987070433,0.8352865970594502,0.4578013783753247,0.323557622438599,0.3120326487625066,0.0932900432900433,0.1631527595130021,0.5276412579101217,0.7297587131367291
0.703836393491566,0.6029470971897899,0.2064924782264449,0.3429738006124532,0.7438738546771788,0.4657100892554512,0.3966865281209126,0.3766192733017378,0.1495670995670995,0.1365121113137911,0.4363174970286852,0.6542895442359249
0.6120316465144052,0.5749255173524438,0.3463182897862232,0.4100034025178632,0.6313658640528447,0.4959891537679357,0.4674320592937073,0.4365718799368088,0.2218253968253968,0.1750731769397191,0.3630143586778452,0.574888293118856
0.5151515151515151,0.536436105966664,0.4761678543151227,0.4855392990813202,0.518538248455146,0.5153090046322448,0.5423048975439616,0.5045550289626118,0.3146464646464647,0.2532982649641539,0.3086312678680415,0.4976764968722073
0.4117778772951186,0.4754811176423222,0.5754552652414886,0.5767267778155836,0.4112507990624334,0.5079652016721273,0.6253742188635373,0.585781990521327,0.4272005772005772,0.3574852585585204,0.2631460601972311,0.4127792672028597
0.3088520674727571,0.402689427490136,0.6509897070467142,0.6737835998638995,0.3123801406349882,0.4839001242797424,0.7005377125417818,0.6630858346498156,0.5361471861471861,0.4595936028507191,0.2248241302881372,0.32609472743521
0.2443648305717271,0.3169337305741203,0.6190023752969122,0.755784280367472,0.2772213935648839,0.4122698000225963,0.7502979218136898,0.7182464454976303,0.6124098124098124,0.5255164807194672,0.1836754360605184,0.2421358355674709
0.2139125242573518,0.2464771720750463,0.5450514647664292,0.8103946920721335,0.2803111016407414,0.3364591571573834,0.785496294143293,0.7568983675618747,0.6630952380952381,0.5650532388749842,0.155407792875269,0.1848972296693476
0.2084639498432601,0.2132216764634834,0.4913697545526524,0.8310649880911877,0.2944811421265715,0.2939780815727036,0.8096497602092719,0.7827277514481306,0.6963924963924965,0.5944512790056421,0.1500112428126305,0.165638963360143
0.2096581579340199,0.2024317577904823,0.467458432304038,0.8360837019394354,0.3033240997229916,0.277934696644447,0.824821973550356,0.800763559768299,0.7195887445887446,0.6159589360709287,0.1519707044425171,0.1612153708668454
0.199880579190924,0.1847169659392865,0.4533650039588282,0.8509697175910174,0.3011932665672277,0.2604225511241668,0.832204621421305,0.8088467614533965,0.7306637806637807,0.6251219615661987,0.1501718544216376,0.1538873994638069
0.1884609643230332,0.1640228681858442,0.4368962787015044,0.8684926845865941,0.2985297251225229,0.2399728844198395,0.8340066850748438,0.8109531332280148,0.7332251082251081,0.6246977474228992,0.1446789373935948,0.1444593386952636
0.1770413494551425,0.1508172960785892,0.4351543942992875,0.8819326301463084,0.290965267419561,0.2301434866116823,0.8360122075279756,0.8141126908899421,0.7386363636363636,0.6290247316845544,0.1439080016703607,0.1419571045576407
0.1827138378862516,0.1527498188259924,0.4269200316706256,0.8776794828172849,0.2977839335180055,0.228561744435657,0.8429588722569394,0.8208530805687203,0.7487373737373737,0.637721121622195,0.1475699463557226,0.1462019660411081
0.1925660546350201,0.1587889524116273,0.4178939034045922,0.8689179993194965,0.3077988493500959,0.2295785786916732,0.8496148815579131,0.8275144813059505,0.7576839826839826,0.6479871038900438,0.1514246249718929,0.1513404825737265
0.1906254664875354,0.152508253482567,0.4096595407759303,0.8733412725416809,0.3092904325591306,0.2222347757315557,0.8503415201278883,0.8286203264876251,0.7607503607503606,0.6510838671361303,0.1507179338922617,0.1495084897229669
0.1817435438125093,0.1397858120621627,0.4034837688044339,0.8850799591697858,0.3050287662476028,0.2110495989153767,0.8476384246475803,0.8270405476566615,0.7595959595959596,0.6471386756034447,0.1457068516912402,0.141331546023235
0.1783101955515748,0.1384169417827522,0.4079176563737134,0.8878019734603607,0.3010867249094395,0.2117274884193876,0.8478128179043743,0.8278304370721431,0.7600288600288599,0.6462902473168456,0.1427194757637082,0.1367292225201072
0.1846544260337363,0.1484016426443353,0.4140934283452099,0.8788703640694115,0.3035371830385681,0.2209919783075358,0.8521435837814271,0.832201158504476,0.7667748917748917,0.6535867305815977,0.1457068516912402,0.1412868632707774
0.1898790864308105,0.1555680811659553,0.4172604908946952,0.8721503912895543,0.3060941828254847,0.2270929838436335,0.8578694957128324,0.8374144286466562,0.7746392496392496,0.6618164849616086,0.150203976743439,0.1476318141197497
0.1879384982833258,0.1503341653917384,0.4110847189231988,0.8759782238856755,0.3068399744300021,0.2212179414755395,0.8586833309112049,0.8373354397051078,0.7751803751803752,0.6625376490052179,0.1493366740548007,0.1447274352100089
0.180773249738767,0.1400273774055882,0.4060174188440222,0.885505273902688,0.3034306413807798,0.2121794147553948,0.854236302862956,0.8337282780410742,0.770995670995671,0.6583379289865525,0.1432334329125309,0.1371760500446827
0.1789072995969547,0.142120943715275,0.4140934283452099,0.8854202109561076,0.2993820583848284,0.2165856965314653,0.8535096642929807,0.8337546076882569,0.7723304473304473,0.6568956008993341,0.1400854453759918,0.1329311885612153
0.1857739961188237,0.1539576455431194,0.4228028503562946,0.8752977203130318,0.3012998082250159,0.2278838549316461,0.8582764133120186,0.8383622959452344,0.7794372294372294,0.6643617698214058,0.1431049436253252,0.1361036639857015
0.1942827287654873,0.1694983493034866,0.4353127474267618,0.8622830894862199,0.3032175580652035,0.243249350355892,0.8627234413602675,0.8435755660874144,0.7881313131313131,0.6737369023883257,0.1483087597571552,0.1420464700625558
0.1956262128675922,0.1674047829937998,0.4281868566904196,0.8625382783259613,0.3066268911144257,0.2392949949158287,0.8621130649614882,0.8442601369141652,0.7895382395382394,0.6743308021889451,0.1477305579647297,0.1405272564789991
0.1818181818181818,0.1556486029470971,0.4345209817893903,0.8766587274583192,0.2945876837843597,0.2333069709637328,0.859322772852783,0.8412848867825171,0.7861111111111111,0.6697068680269801,0.1417236837878642,0.1331099195710455
0.1758471413643827,0.1515419921088654,0.4391132224861442,0.8822728819326302,0.2887278926060089,0.232064173539713,0.8610085743351257,0.8426276987888361,0.787950937950938,0.6696220251983203,0.1391538980437506,0.129579982126899
0.1822660098522167,0.1585473870682019,0.4392715756136184,0.8748724055801292,0.2933091838909014,0.2370353632357925,0.8657462578113647,0.8484728804634017,0.7974025974025973,0.6775124082636915,0.1419164177186727,0.1340482573726541
0.1847290640394088,0.1618487800950157,0.4406967537608868,0.871725076556652,0.2945876837843597,0.2398599028358377,0.8708908588867896,0.8540284360189573,0.8051948051948051,0.6845119416281339,0.1447431820371976,0.137444146559428
0.1748022092849679,0.1502536436105966,0.4387965162311956,0.8834637631847567,0.288195184317068,0.2310473392836967,0.8709199244295887,0.8551079515534492,0.8059523809523809,0.6843422559708142,0.1415951945006585,0.1341823056300268
0.1637557844454396,0.138094854658185,0.4383214568487729,0.8962232051718272,0.2804176432985297,0.2223477573155575,0.8682749600348786,0.8524223275408109,0.8033549783549784,0.6795062147371993,0.1346567729915518,0.1260500446827524
0.1604717121958501,0.1360012883484983,0.4411718131433096,0.8992004083021437,0.2771148519070956,0.2218958309795503,0.8694375817468392,0.853686150605582,0.8064213564213564,0.6782759937216307,0.1318300086730268,0.122207327971403
0.1632333184057322,0.1413962476849987,0.4459224069675376,0.8947771350799593,0.2775410185382485,0.227318947011637,0.8757738700770237,0.8609531332280147,0.8155122655122655,0.6868451194162815,0.13597378818541,0.126988382484361
0.1682340647857889,0.1471938159272083,0.4467141726049089,0.8888227288193263,0.2808438099296825,0.2317252287877075,0.8822845516640023,0.8676671932596103,0.824025974025974,0.6950748737962925,0.139571488227169,0.1324843610366398
0.1666666666666666,0.1426040744021257,0.4411718131433096,0.8922252466825451,0.2815896015341999,0.2265280759236244,0.8831565179479727,0.8702738283307003,0.8287878787878787,0.6979171085563993,0.1372908033792682,0.1288203753351206
0.1556202418271383,0.1329414606651099,0.4456057007125892,0.9035386185777476,0.2722139356488386,0.2213309230595412,0.881267257666037,0.8706424433912585,0.8291847041847041,0.6953718236966021,0.1308663390189842,0.1206881143878463
0.1518883415435139,0.1355181576616474,0.4584323040380048,0.9043892480435524,0.2651821862348178,0.2276578917636425,0.8827786658915856,0.8725118483412323,0.8318181818181819,0.6963475162261911,0.1263049693231826,0.1159070598748883
0.1600985221674877,0.1496094693614623,0.4688836104513064,0.8922252466825451,0.267526102706158,0.2413286634278612,0.8890858886789711,0.8790942601369142,0.8413059163059163,0.7054681203071311,0.1276219845170409,0.1171134941912421
0.1653978205702343,0.1601578226910379,0.4782264449722883,0.8836338890779177,0.2681653526528872,0.252061913908033,0.8956547013515478,0.8862295945234334,0.8514069264069264,0.7153523098460104,0.1299026693649417,0.1193476318141197
0.1598746081504702,0.1534745148562686,0.4766429136975456,0.8903538618577749,0.264756019603665,0.2468647610439498,0.8957709635227438,0.8868088467614534,0.852020202020202,0.7144614601450813,0.1273650059426295,0.1164879356568364
0.1501716674130467,0.141718334809566,0.4742676167854316,0.9020074855392992,0.2585766034519497,0.2377132527398033,0.8944048830111903,0.8876250658241179,0.8525974025974026,0.7112374326560048,0.1211653978349555,0.1072832886505808
0.147783251231527,0.1430066833078347,0.4818685669041965,0.9026879891119428,0.2543149371404218,0.2413286634278612,0.8974858305478856,0.8919431279620852,0.8582251082251081,0.7143766173164214,0.1188204683434518,0.1038427167113494
0.1521122555605314,0.1537966019808358,0.4937450514647665,0.894521946240218,0.2534626038781163,0.2530787481640492,0.9058567068740008,0.9007109004739335,0.8688672438672439,0.7227336359394223,0.1208120522951399,0.1073279714030384
0.1559187938498283,0.1628150414687173,0.5035629453681711,0.8876318475671998,0.2529298955891753,0.2629081459722065,0.9140531899433222,0.9111637704054764,0.8844877344877343,0.7352903745810887,0.1232854710738492,0.110857908847185
0.1500223914017017,0.1576616474756421,0.505938242280285,0.8936713167744131,0.2479224376731301,0.2601965879561631,0.9175991861648016,0.9169036334913112,0.8923160173160173,0.7390658804564545,0.1201696058591115,0.1076854334226988
0.134945514255859,0.1475159030517755,0.5179730799683295,0.90762164001361,0.2330066055827828,0.257372048356118,0.9184420869059732,0.9191679831490256,0.8949494949494949,0.7370296525686167,0.1118820468343451,0.0983467381590705
0.1291983878190774,0.147676946614059,0.5303246239113224,0.910854031983668,0.2248028979330918,0.2618913117161903,0.9221043452986484,0.923591363875724,0.9002525252525253,0.7395749374284138,0.1057145610484725,0.0924486148346738
0.131736080011942,0.1587889524116273,0.5469517022961204,0.9035386185777476,0.2209673982527168,0.2756750649644108,0.9312309257375382,0.934228541337546,0.9131673881673882,0.7501802910109023,0.1052969708650541,0.093118856121537
0.1363636363636363,0.1703035671149045,0.5597783056215361,0.8948621980265397,0.220008523332623,0.2882160207886114,0.9408516204040108,0.9443127962085308,0.928066378066378,0.7611250159080305,0.105746683370274,0.0945040214477211
0.1331542021197193,0.170142523552621,0.5661124307205068,0.89673358285131,0.2155337737055188,0.2904756524686476,0.945560238337451,0.9512374934175882,0.937085137085137,0.7649429431977263,0.0996755645498056,0.0873547810545129
0.1208389311837587,0.1649086077784041,0.5821060965954079,0.906515821708064,0.2013637332196888,0.2925093209806801,0.9459962214794362,0.954160084254871,0.93989898989899,0.7609977516650406,0.0880472840576916,0.0730563002680965
0.1109120764293178,0.1698204364280537,0.6128266033254157,0.9095780877849609,0.183997443000213,0.3068579821489097,0.9500653974712978,0.9586097946287518,0.9453823953823952,0.7621855512662793,0.0800488259291381,0.0631814119749776
0.1135244066278549,0.1815766164747564,0.6304038004750595,0.9018373596461382,0.1799488600042616,0.3214326064851429,0.9599186164801627,0.9693259610321222,0.9598484848484848,0.7732999618207271,0.0795669911021168,0.0644325290437891
0.1135990446335273,0.1872936629358241,0.6414885193982581,0.8988601565158217,0.176326443639463,0.3293413173652694,0.9688708036622584,0.9785413375460768,0.9724747474747476,0.7819539303440377,0.0799203366419324,0.0672028596961572
0.1019555157486191,0.179724615508495,0.6513064133016628,0.9094079618918,0.1647134029405497,0.3275336120212405,0.9721842755413458,0.9817798841495524,0.977092352092352,0.7826326729733171,0.0745237865792939,0.0634048257372654
0.0880728466935363,0.1686931314920685,0.6590657165479019,0.923188159237836,0.1521414873215427,0.3225624223251609,0.9725039965121348,0.9825697735650342,0.977164502164502,0.7774572604250627,0.0654974141530949,0.0547363717605004
0.0796387520525451,0.1713503502697479,0.682185273159145,0.9265906771010548,0.1382910718090773,0.3327307648853237,0.9733178317105072,0.9843601895734598,0.9794011544011544,0.7767785177957834,0.0588802158620025,0.0477211796246648
0.0839677563815494,0.1859247926564136,0.7016627078384798,0.9163831235113984,0.134881738759855,0.3497909840695966,0.9787821537567214,0.9896261190100052,0.9867243867243868,0.781656980443728,0.0565995310141016,0.0469615728328865
0.0862068965517241,0.2028343666961913,0.7301662707838481,0.906175569921742,0.1268911144257404,0.3718223929499492,0.9845080656881268,0.9951290152711956,0.993939393939394,0.7868323929919824,0.0553146381420448,0.046604110813226
0.0750111957008508,0.1992914083259521,0.7469517022961204,0.9144266757400475,0.1132537822288514,0.375437803638007,0.9840139514605436,0.993707214323328,0.9932178932178932,0.7829720442879567,0.0479586264495197,0.0392761394101876
0.0638901328556501,0.1890651421209437,0.7504354711005543,0.9261653623681524,0.1041977413168549,0.3694497796859112,0.9795959889550936,0.9894944707740916,0.9875180375180376,0.7737665973783566,0.0390607433105264,0.0295352993744414
0.0637408568443051,0.1922054915854739,0.7569279493269994,0.924634229329704,0.1018538248455145,0.3739690430459835,0.977241679988374,0.9868615060558188,0.9853896103896104,0.7707546769609299,0.0353987986251646,0.0275692582663092
0.0668010150768771,0.2058941943795797,0.7771971496437056,0.9156175569921742,0.097165991902834,0.3908032990622528,0.9783171050719373,0.9878620326487624,0.9891774891774892,0.7767785177957834,0.0393498442067392,0.0348972296693476
0.0752351097178683,0.2153152427731701,0.7778305621536027,0.9058353181354204,0.1030257830811847,0.3976951756863631,0.977997384101148,0.9872301211163772,0.9897546897546896,0.7805964450854793,0.0434293790755195,0.0419124218051831
0.0723242274966412,0.2123359368709235,0.7783056215360254,0.9091527730520584,0.1007884082676326,0.3957744887583323,0.9720680133701498,0.9805687203791468,0.982106782106782,0.7760997751665041,0.0430117888921011,0.0418230563002681
0.0680698611733094,0.2057331508172961,0.774505146476643,0.915022116366111,0.0990837417430215,0.3897864648062365,0.963086760645255,0.9698525539757769,0.9695887445887446,0.7668943282569042,0.0408595933314059,0.0385612153708668
0.0756829377519032,0.2127385457766326,0.7718131433095804,0.9070261993875468,0.105369699552525,0.393627838662298,0.9547740154047376,0.9608741442864666,0.9602092352092352,0.7604886946930811,0.0440075808679451,0.041733690795353
0.0893416927899686,0.2274740317255818,0.7719714964370546,0.8914596801633209,0.1150649904112507,0.4040221443904643,0.9501816596424938,0.954844655081622,0.9533910533910532,0.7608280660077208,0.0533872988339597,0.0533512064343163
0.1014330497089117,0.2390691682100008,0.7691211401425179,0.8783599863899286,0.1246537396121883,0.41125296576658,0.9433803226275252,0.9458662453923116,0.9442279942279942,0.7607856445933908,0.0644373775336481,0.0655049151027703
0.1049410359755187,0.236572992994605,0.756769596199525,0.8777645457638653,0.1312593223950564,0.4050389786464806,0.9321028920215084,0.9325434439178516,0.9276334776334776,0.7538709540576083,0.0723394686967974,0.0747542448614834
0.1056874160322436,0.226990901038731,0.7363420427553445,0.8823579448792107,0.1387172384402301,0.3910292622302564,0.9154483359976748,0.9141390205371248,0.9042568542568542,0.7400415729860434,0.0771256946452089,0.0796693476318141
0.1197193610986714,0.2334326435300748,0.7192399049881236,0.8709595100374278,0.154485403792883,0.3894475200542311,0.90175846533934,0.8982885729331227,0.8848124098124097,0.7299028549611845,0.086087822427805,0.0891867739052725
0.1367368263919988,0.2442225622030759,0.7043547110055425,0.8555631167063629,0.1716386106967824,0.3917071517342673,0.8937073099840139,0.8869668246445498,0.8710317460317459,0.7268060917150978,0.1000931547332241,0.1055406613047363
0.1494999253619943,0.2506643046944198,0.689944576405384,0.8448451854372236,0.185595567867036,0.3911422438142582,0.8847260572591192,0.8757503949447077,0.8562409812409811,0.7234972213973615,0.1127172272011821,0.1197944593386952
0.1571876399462606,0.2494564779772928,0.6712589073634205,0.8411024157876831,0.1973151502237374,0.3835724776861371,0.8719953495131522,0.860531858873091,0.8367604617604617,0.7122979680142537,0.1201696058591115,0.12609472743521
0.1650992685475444,0.2412432563008294,0.6383214568487728,0.8410173528411025,0.2140421904964841,0.3660603321658568,0.8565906118296759,0.8439441811479725,0.8130952380952381,0.6956687735969118,0.1253412996691401,0.1309651474530831
0.1665173906553216,0.2343989049037765,0.6218527315914489,0.843824430078258,0.2206477732793522,0.3553270816856852,0.8460107542508356,0.8310689836756188,0.7951298701298701,0.6836635133415349,0.1333397577976936,0.1398570151921358
0.1762949693984176,0.237378210806023,0.6069675376088679,0.8365940796189181,0.23258043895163,0.3521635973336345,0.8408661531754105,0.8233807266982622,0.7849206349206349,0.6791668434225598,0.145995952587453,0.1541108132260947
0.1944320047768323,0.2406796038328368,0.5748218527315916,0.8246002041510718,0.2563392286383976,0.3430120890294882,0.8366516494695538,0.8176408636124276,0.7766233766233765,0.6764094514911129,0.1581060679065882,0.1684539767649687
0.2003284072249589,0.2286013366615669,0.5385589865399842,0.8275774072813883,0.2728531855955678,0.3215455880691447,0.8280482488010463,0.8078462348604529,0.7615800865800866,0.6657616764942944,0.1618643795573544,0.1727435210008936
0.1953276608449022,0.2141074160560431,0.5208234362628663,0.838040149710786,0.2751971020669081,0.3050502768048808,0.8182240953349804,0.7969457609268036,0.7450577200577201,0.650532388749841,0.1615431563393402,0.1708668453976765
0.2004776832363039,0.221354376358805,0.524148851939826,0.831320176930929,0.2777541018538248,0.311377245508982,0.812614445574771,0.7903633491311216,0.736038961038961,0.6436601196283884,0.1655905688863191,0.174396782841823
0.2131661442006269,0.2354456880586199,0.524782264449723,0.8166893501190882,0.286597059450245,0.3214326064851429,0.8116843482052027,0.7892048446550817,0.732936507936508,0.6434480125567387,0.1743278404163052,0.1842716711349419
0.2189132706374085,0.2360898623077542,0.5140142517814726,0.813031643416128,0.2943746004687833,0.3180431589650886,0.8120040691759918,0.7877040547656661,0.7302308802308801,0.643151062656429,0.1813947512126176,0.1917336907953529
0.2200328407224959,0.2264272485707384,0.4926365795724466,0.8175399795848929,0.3022586831451097,0.3036944977968591,0.8069175991861648,0.7819115323854661,0.7214285714285714,0.635854579391677,0.1812020172818091,0.1914209115281501
0.2161516644275265,0.2118528061840727,0.4722090261282661,0.8274072813882273,0.3064138077988493,0.2861823522765789,0.8021508501671268,0.7760400210637177,0.712085137085137,0.6261824969244475,0.1783431306414827,0.1888739946380697
0.2122704881325571,0.2053305419115871,0.4676167854315123,0.8331064988091189,0.3052418495631792,0.2799683651564795,0.8006394419415782,0.7733543970510794,0.7078282828282828,0.6219403554914521,0.1791461886865182,0.1885165326184093
0.218987908643081,0.2128190675577744,0.4680918448139352,0.8252807077237156,0.3098231408480716,0.2853914811885663,0.8020927190815289,0.7768562401263823,0.7122655122655123,0.6280490391549655,0.1844784941055539,0.1944593386952636
0.2227198089267054,0.2128190675577744,0.4601741884402217,0.8231541340592039,0.3151502237374813,0.2825669415885211,0.80470861793344,0.7790942601369141,0.7133116883116882,0.6295762100708439,0.1871446468150717,0.1987042001787309
0.2164502164502164,0.1994524518882357,0.4470308788598575,0.8337870023817625,0.3151502237374813,0.2685572251722969,0.8030518819938962,0.7767772511848341,0.7079725829725829,0.6245280617655793,0.1847354726799653,0.194816800714924
0.2089864158829676,0.1942185361140188,0.4527315914489312,0.8407621640013611,0.3079053910078841,0.2668625014122698,0.7983432640604563,0.7721958925750395,0.7038600288600289,0.6187587494167056,0.1813305065690148,0.1890974084003574
0.2088371398716226,0.1930912311780336,0.45083135391924,0.8414426675740048,0.308438099296825,0.2653937408202463,0.7970643801772999,0.770695102685624,0.7025974025974026,0.6161286217282484,0.1809129163855963,0.1890527256478999
0.2152560083594566,0.2016265399790643,0.4538400633412511,0.8332766247022797,0.3119539740038355,0.2723985990283583,0.8006685074843772,0.7745392311743022,0.7075757575757575,0.6224494124634116,0.1848960842889724,0.1950402144772118
0.2186147186147186,0.207343586440132,0.4581155977830562,0.8284280367471929,0.3129128489239292,0.277934696644447,0.8047667490190379,0.7791469194312797,0.713059163059163,0.6291095745132144,0.1873695030676817,0.19781054512958
0.2116733840871771,0.2020291488847733,0.4623911322248614,0.8351480095270502,0.3065203494566376,0.2757880465484126,0.802470571137916,0.776592943654555,0.709090909090909,0.6252492258091885,0.1822941762230573,0.1918677390527256
0.2048813255709807,0.1911587084306305,0.4554235946159937,0.8447601224906431,0.3039633496697208,0.2656197039882498,0.8005522453131813,0.7734597156398104,0.7051226551226552,0.6188435922453654,0.176223057402589,0.1841376228775692
0.2060755336617405,0.1920444480231903,0.4546318289786224,0.843654304185097,0.305135307905391,0.2660716303242571,0.8008138351983722,0.7745129015271195,0.7059523809523809,0.6183769566877361,0.175612733288362,0.1824396782841822
0.2121958501268846,0.2013849746356389,0.4600158353127475,0.8351480095270502,0.3076923076923076,0.2745452491243926,0.804912076733033,0.778909952606635,0.7123015873015872,0.6261400755101175,0.1801741029841636,0.1889633601429848
0.2214509628302731,0.2060552379418632,0.4495645288994458,0.8274072813882273,0.3178137651821862,0.2740933227883855,0.8085743351257085,0.7819641916798314,0.7172799422799423,0.6313154880583719,0.1832578458771,0.1945040214477212
0.2127929541722645,0.1952653192688622,0.4467141726049089,0.838040149710786,0.3125932239505646,0.2653937408202463,0.807673303298939,0.7812796208530806,0.7159812409812409,0.6291944173418742,0.1812020172818091,0.1926720285969615
0.1989102851171816,0.1784362670102262,0.4430720506730009,0.854882613133719,0.3038568080119326,0.2522878770760366,0.8030518819938962,0.7771195365982095,0.7106421356421356,0.6235523692359903,0.1760945681153833,0.184361036639857
0.2021943573667711,0.1792414848216442,0.4376880443388757,0.8525859135760464,0.3080119326656723,0.2509320980680148,0.8020927190815289,0.7761716692996313,0.7093434343434343,0.622110041148772,0.1727538466480357,0.1803395889186773
0.2072697417525003,0.1914002737740558,0.4506730007917657,0.8433140523987751,0.3073726827189431,0.2641509433962263,0.8054643220462142,0.7796735123749342,0.7146464646464646,0.6277945106689857,0.1750666538177379,0.1831099195710455
0.2078668457978802,0.1963926242048474,0.4593824228028504,0.8403368492684588,0.3048156829320264,0.270816856852333,0.8071791890713559,0.7819115323854661,0.7161616161616162,0.6297883171424936,0.1761266904371848,0.1841376228775692
0.2030153754291685,0.1900314034946453,0.4571654790182106,0.8464613814222525,0.3020455998295333,0.2655067224042481,0.8038075861066706,0.7791469194312797,0.7124458874458873,0.6258431256098078,0.1747133082779223,0.1821268990169794
0.196372592924317,0.181335051131331,0.4541567695961995,0.8547975501871384,0.2984231834647347,0.2582759010281323,0.7985757884028485,0.7748025276461294,0.7062049062049062,0.6191829635600051,0.1717901769939931,0.1789991063449508
0.2014479773100462,0.1850390530638537,0.4506730007917657,0.8499489622320519,0.3031110164074153,0.2597446616201558,0.7970643801772999,0.7739599789362822,0.7044733044733045,0.6186314851737157,0.1718865439593974,0.1794012511170688
0.2113001940588147,0.1966341895482728,0.4524148851939826,0.838210275603947,0.3096100575324951,0.2684442435882951,0.8006975730271764,0.7774881516587677,0.7089105339105339,0.6241886904509397,0.1760945681153833,0.1851653261840929
0.2135393342289893,0.2017070617602061,0.4577988915281077,0.8342123171146649,0.3093969742169188,0.2738673596203818,0.8030518819938962,0.7804107424960506,0.713095238095238,0.6280066177406355,0.1795959011917381,0.1886058981233244
0.2082400358262427,0.1922860133666157,0.4505146476642914,0.8422082340932291,0.3081184743234604,0.2647158513162355,0.8009300973695683,0.778251711427067,0.709018759018759,0.6232129979213508,0.1763836690115961,0.1842269883824843
0.1977907150320943,0.178919397697077,0.4463974663499605,0.8553079278666214,0.3019390581717451,0.2538696192520618,0.7965702659497167,0.7732754081095313,0.7012265512265512,0.6134560726254614,0.1701198162603193,0.1761394101876675
0.1959247648902821,0.1755374828891215,0.4437054631828979,0.8581150051037768,0.3015128915405923,0.2504801717320076,0.7956692341229472,0.7723012111637704,0.7000360750360749,0.6106562592796845,0.1689634126754682,0.1758266309204647
0.2056277056277056,0.1835896610033014,0.4387965162311956,0.8483327662470228,0.3101427658214362,0.254434527172071,0.8002034587995931,0.7766192733017377,0.7062049062049062,0.6174012641581471,0.1745205743471138,0.1833780160857908
0.2137632482460068,0.1870520975923988,0.4285035629453682,0.8418679823069072,0.3194118900490091,0.253191729748051,0.8009882284551664,0.7788836229594523,0.7079365079365079,0.6185042209307259,0.1769618708040217,0.187444146559428
0.2062248096730855,0.1775505274176665,0.4258115597783057,0.8511398434841785,0.3149371404219049,0.2455089820359281,0.7979944775468681,0.7750921537651395,0.7019119769119769,0.6114198447376236,0.1724647457518229,0.1825737265415549
0.202642185400806,0.17054513245833,0.4196357878068092,0.8569241238516503,0.3144044321329639,0.238504123827816,0.792762679843046,0.769431279620853,0.6944083694083694,0.6041657828872016,0.1666184831839645,0.1749776586237712
0.2003284072249589,0.1700620017714792,0.4235946159936659,0.8585403198366792,0.3114212657148945,0.2395209580838323,0.7913384682458945,0.7684834123222748,0.6930014430014431,0.6026810333856532,0.165815425138929,0.1741733690795353
0.2057023436333781,0.1831870520975924,0.4380047505938243,0.8485028921401837,0.3104623907948007,0.2538696192520618,0.7950007266385699,0.7725645076355977,0.6975829725829725,0.6084927671488568,0.1708586296617519,0.1810098302055406
0.2106284520077623,0.191319751992914,0.4435471100554237,0.8413576046274244,0.3120605156616237,0.2615523669641848,0.7967446592065107,0.7743285939968404,0.6985930735930735,0.6092987740211259,0.1733962930840641,0.1857015192135835
0.2057769816390506,0.182945486754167,0.4373713380839273,0.8485879550867643,0.3106754741103771,0.2535306745000565,0.7953495131521582,0.7715903106898367,0.69505772005772,0.6056081109744199,0.1708265073399505,0.1819481680071492
0.1981639050604567,0.1748127868588453,0.4376880443388757,0.8572643756379722,0.3052418495631792,0.2478815952999661,0.7906990263043162,0.7671932596103213,0.6898989898989899,0.5997115343825563,0.1664899938967588,0.1762734584450402
0.2004776832363039,0.1794025283839278,0.4416468725257323,0.8535216059884314,0.3054549328787556,0.2525138402440401,0.7913965993314925,0.7674828857293312,0.6878427128427128,0.5983540491239978,0.1663293822877517,0.1763628239499553
0.2107777280191073,0.1885820114340929,0.43784639746635,0.8427186117727118,0.3141913488173876,0.2575980115241215,0.7958726929225403,0.7723275408109531,0.6928571428571428,0.6045899970305011,0.1721435225338087,0.1836014298480786
0.2176444245409762,0.1899508817135035,0.4258115597783057,0.8381252126573666,0.3230343064138078,0.2543215455880691,0.797732887661677,0.7749868351764087,0.6985209235209235,0.6092987740211259,0.1765121582988018,0.1886505808757819
0.2138378862516793,0.18173766003704,0.4178939034045922,0.8446750595440626,0.3230343064138078,0.2457349452039317,0.795146054352565,0.7717219589257504,0.6944444444444444,0.6042082043015314,0.1731714368314542,0.1848972296693476
0.2077922077922077,0.173363394798293,0.4142517814726841,0.8525008506294658,0.3199445983379501,0.238504123827816,0.7910768783607034,0.7668509741969457,0.6871572871572871,0.5966147711364698,0.1674536635508014,0.1774352100089365
0.2103298999850724,0.1785973105725099,0.4191607284243864,0.8483327662470228,0.3200511399957383,0.2439272398599028,0.7908443540183112,0.7665876777251185,0.6856782106782107,0.5962329784075002,0.1671324403327872,0.1767202859696157
0.2211524108075832,0.1927691440534664,0.4240696753760887,0.8346376318475672,0.3261240144896654,0.2556773245960908,0.795087923266967,0.7710110584518167,0.692063492063492,0.6015780766130743,0.1719186662811988,0.1830205540661304
0.2201821167338408,0.1951847974877204,0.4308788598574822,0.8339571282749235,0.323140848071596,0.2597446616201558,0.7983432640604563,0.773407056345445,0.6948051948051948,0.6053111610741102,0.1749381645305322,0.1878016085790884
0.2142110762800418,0.1865689669055479,0.4264449722882027,0.8418679823069072,0.3203707649691029,0.252061913908033,0.79529138206656,0.7704844655081622,0.6902236652236652,0.6002205913545159,0.17262535736083,0.1852993744414655
0.2104791759964173,0.1804493115387712,0.422486144101346,0.8472269479414768,0.3190922650756446,0.2464128347079426,0.7898561255631449,0.7659820958399157,0.6847041847041847,0.5938573792050228,0.1698628376859079,0.1815013404825737
0.2130915061949544,0.1808519204444802,0.4175771971496438,0.8455256890098675,0.322608139782655,0.244944074115919,0.7889550937363755,0.7657714586624539,0.6838744588744589,0.5938998006193527,0.1695737367896951,0.1825737265415549
0.219286460665771,0.1886625332152346,0.4199524940617577,0.8378700238176251,0.3262305561474536,0.2512710428200203,0.7942450225257957,0.7705371248025277,0.6907647907647908,0.601790183684724,0.1738138832674825,0.1872654155495978
0.2179429765636662,0.1892261856832273,0.4239113222486145,0.8382953385505274,0.3239931813339015,0.2530787481640492,0.7962796105217265,0.7716956292785676,0.691991341991342,0.6022992406566835,0.1740066171982911,0.1881143878462913
0.20906105388864,0.1818987035993236,0.4283452098178939,0.8472269479414768,0.3161090986575751,0.2495763190599932,0.7933730562418253,0.7688783570300157,0.6870129870129871,0.5958936070928605,0.1699270823295107,0.1828865058087578
0.2052545155993431,0.1762621789193977,0.4253365003958828,0.8524157876828854,0.3144044321329639,0.2444921477799118,0.7884609795087923,0.7648499210110584,0.6809163059163058,0.5895728163576974,0.1648517554848864,0.176586237712243
0.2057769816390506,0.1791609630405025,0.4299287410926367,0.8505444028581152,0.3132324738972938,0.2482205400519715,0.7896526667635518,0.7648499210110584,0.6815656565656565,0.5900394519153269,0.1649481224502907,0.1771671134941912
0.2168980444842513,0.1889040985586601,0.4254948535233571,0.8390609050697516,0.3227146814404432,0.2534176929160546,0.792559221043453,0.7685887309110058,0.6871212121212121,0.5951724430492513,0.1688349233882625,0.1823056300268096
0.2176444245409762,0.1907560995249215,0.4275534441805226,0.8376998979244641,0.3225015981248668,0.2554513614280871,0.7952623165237611,0.7709320695102686,0.6905122655122655,0.5997115343825563,0.1726896020044328,0.1870866845397676
0.2115987460815047,0.181335051131331,0.421852731591449,0.8461211296359308,0.3200511399957383,0.246751779459948,0.7935765150414184,0.768378093733544,0.6871212121212121,0.5958511856785306,0.1718544216375959,0.1853440571939231
0.2057769816390506,0.1703035671149045,0.4125098970704672,0.8553079278666214,0.3190922650756446,0.2356795842277708,0.7890713559075716,0.7629015271195366,0.6803391053391054,0.5885122809994486,0.1673251742635957,0.1791331546023235
0.2062248096730855,0.1740880908285691,0.4191607284243864,0.8530112283089487,0.317174515235457,0.2407637555078522,0.7891004214503706,0.7633491311216429,0.6804834054834055,0.5889364951427482,0.1682245992740355,0.179982126899017
0.2172712345126138,0.1868910540301151,0.4207442596991291,0.8399965974821368,0.3245258896228425,0.250254208564004,0.7943612846969916,0.7679568193786203,0.6868686868686869,0.5964875068934798,0.1736853939802769,0.1876228775692582
0.2229437229437229,0.1899508817135035,0.4147268408551069,0.8350629465804695,0.3305987641167696,0.2503671901480058,0.7957854962941433,0.7696155871511321,0.6895743145743145,0.5984388919526578,0.1756769779319649,0.1906166219839142
0.216226302433199,0.1827039214107416,0.4148851939825811,0.8427186117727118,0.3258043895163008,0.2452830188679245,0.7918035169306787,0.7663243812532912,0.6858225108225108,0.5933059008187334,0.1710834859143619,0.1847631814119749
0.2089864158829676,0.1792414848216442,0.4231195566112431,0.8487580809799252,0.3178137651821862,0.2457349452039317,0.7885481761371893,0.7637704054765666,0.6817821067821067,0.5882577525134688,0.1659439144261347,0.1781501340482573
0.2121958501268846,0.1815766164747564,0.4210609659540776,0.8456107519564479,0.3207969316002557,0.246751779459948,0.7881121929952042,0.7624275934702475,0.6808441558441558,0.5875365884698597,0.1654620795991134,0.1768990169794459
0.2204060307508583,0.1894677510266527,0.4191607284243864,0.8368492684586595,0.3272959727253356,0.251497005988024,0.7931695974422321,0.7662717219589258,0.6857503607503608,0.5926271581894541,0.1696058591114966,0.1823949955317247
0.2168980444842513,0.1871326193735405,0.4220110847189232,0.8400816604287172,0.3237800980183251,0.2509320980680148,0.7960761517221333,0.7692206424433912,0.6892857142857142,0.5958511856785306,0.1724647457518229,0.1870866845397676
0.2095835199283474,0.1764232224816813,0.4164687252573239,0.8498638992854713,0.3204773066268911,0.241441645011863,0.7927336143002471,0.7664823591363875,0.6858225108225108,0.5914393585882154,0.1702804278693264,0.183958891867739
0.2052545155993431,0.1684515661486432,0.4099762470308789,0.8564988091187479,0.3196249733645855,0.2335329341317365,0.7889260281935765,0.7626908899420748,0.6802669552669551,0.586348788868621,0.1669075840801773,0.1793565683646112
0.2067472757127929,0.1715113938320315,0.4128266033254157,0.8541170466144947,0.3196249733645855,0.2366964184837871,0.7893910768783607,0.7635071090047393,0.6812049062049061,0.5874941670555297,0.1673572965853971,0.1802949061662198
0.2180922525750112,0.1855221837507045,0.4161520190023753,0.8402517863218782,0.3266567227786064,0.2477686137159643,0.7936346461270164,0.7677725118483412,0.6862914862914862,0.5924998939464643,0.1731393145096527,0.1876228775692582
0.2193610986714435,0.1885820114340929,0.4196357878068092,0.8378700238176251,0.32644363946303,0.2510450796520166,0.7961633483505305,0.7689046866771985,0.6879509379509379,0.5941543291053324,0.1747775529215251,0.190437890974084
0.20906105388864,0.1802077461953458,0.4250197941409342,0.848162640353862,0.317174515235457,0.2470907242119535,0.792762679843046,0.7657187993680885,0.6823232323232323,0.5884274381707887,0.1705052841219363,0.1846291331546023
0.2036124794745484,0.1736854819228601,0.4237529691211402,0.854712487240558,0.3137651821862348,0.2421195345158738,0.7894201424211597,0.7617430226434966,0.6786075036075037,0.5826581258219149,0.1665221162185602,0.1797587131367292
0.2088371398716226,0.1757790482325469,0.4167854315122724,0.8506294658046956,0.3198380566801619,0.2411027002598576,0.790204912076733,0.7625065824117957,0.6795454545454545,0.5830399185508846,0.1672930519417943,0.1808310991957104
0.2183908045977011,0.1875352282792495,0.419477434679335,0.8389758421231712,0.3258043895163008,0.2503671901480058,0.7944194157825898,0.7668773038441284,0.6848484848484848,0.5897000806006873,0.1718865439593974,0.1868185880250223
0.2210031347962382,0.1893872292455109,0.4175771971496438,0.8365090166723375,0.3282548476454293,0.2509320980680148,0.7967446592065107,0.7695629278567667,0.6883838383838384,0.5941967505196624,0.1736853939802769,0.1890527256478999
0.212867592177937,0.1777920927610918,0.4121931908155187,0.8472269479414768,0.3242062646494779,0.240876737091854,0.795087923266967,0.7663243812532912,0.6839105339105338,0.5885547024137785,0.1695416144678937,0.1824843610366398
0.2024182713837886,0.166921652306949,0.41298495645289,0.8589656345695815,0.3165352652887278,0.2335329341317365,0.7915128615026886,0.7630858346498157,0.6785353535353534,0.5820642260212956,0.1635668626128296,0.1737265415549597
0.2043588595312733,0.1710282631451807,0.4169437846397467,0.8557332425995237,0.316641806946516,0.2378262343238052,0.7906990263043162,0.763059505002633,0.6783910533910533,0.5818945403639758,0.1638880858308438,0.1745755138516532
0.2164502164502164,0.1861663579998389,0.4210609659540776,0.8407621640013611,0.3238866396761133,0.2499152638119986,0.7946228745821828,0.7663770405476567,0.683982683982684,0.5893182878717177,0.169637981433298,0.1836461126005361
0.2177937005523212,0.1885820114340929,0.4229612034837688,0.8387206532834298,0.3242062646494779,0.2522878770760366,0.7970062490917018,0.7696682464454977,0.687987012987013,0.5938573792050228,0.1735569046930712,0.1890974084003574
0.2077922077922077,0.1753764393268379,0.4183689627870151,0.8513950323239198,0.3185595567867036,0.2413286634278612,0.7929952041854381,0.7655871511321748,0.6829365079365078,0.5864760531116108,0.1699270823295107,0.1851206434316354
0.2037617554858934,0.1696593928657702,0.4155186064924783,0.8567539979584893,0.316641806946516,0.2363574737317817,0.7889260281935765,0.7615323854660347,0.6771645021645021,0.5811733763203666,0.1653657126337091,0.1780160857908847
0.2071204657411553,0.1752153957645543,0.4193190815518607,0.8519054100034026,0.317707223524398,0.2415546265958648,0.7891004214503706,0.7625065824117957,0.6788600288600288,0.5836338183515039,0.166811217114773,0.1794012511170688
0.2153306463651291,0.1856027055318463,0.4223277909738718,0.8416978564137463,0.322608139782655,0.2499152638119986,0.7931695974422321,0.7671406003159558,0.6860028860028861,0.5902939804013067,0.1729787029006456,0.1880250223413762
0.2200328407224959,0.1880988807472421,0.4172604908946952,0.8377849608710446,0.3277221393564883,0.2499152638119986,0.7952623165237611,0.7691153238546604,0.688059163059163,0.591821151317185,0.1754521216793549,0.1910187667560321
0.2068219137184654,0.1768258313873903,0.4229612034837688,0.8512249064307589,0.3163221819731515,0.2440402214439046,0.7938381049266096,0.765376513954713,0.6829365079365078,0.5873244813982099,0.1718544216375959,0.1864164432529043
0.2007762352589938,0.1700620017714792,0.4226444972288203,0.8582000680503574,0.3121670573194118,0.2391820133318268,0.7906408952187182,0.7615323854660347,0.6776334776334777,0.5828278114792348,0.1673894189071986,0.1796246648793565
0.2072697417525003,0.1739270472662855,0.4163103721298496,0.8525008506294658,0.3188791817600682,0.2396339396678341,0.7916872547594827,0.7630858346498157,0.6793650793650794,0.5840156110804735,0.168031865343227,0.1803842716711349
0.2133154202119719,0.1814155729124728,0.4185273159144894,0.8451003742769649,0.3225015981248668,0.24562196361993,0.7966574625781137,0.7682464454976303,0.6862914862914862,0.5908454587875961,0.1724647457518229,0.185254691689008
0.2148828183310941,0.1868105322489733,0.4256532066508314,0.8413576046274244,0.3211165565736203,0.252061913908033,0.8003197209707891,0.7708794102159031,0.6905483405483405,0.5944512790056421,0.1745205743471138,0.1882484361036639
0.2117480220928496,0.1847169659392865,0.4283452098178939,0.8442497448111603,0.3180268484977626,0.251497005988024,0.7979363464612702,0.7689046866771985,0.6873015873015872,0.5914817800025454,0.1714368314541775,0.1836907953529937
0.2057769816390506,0.1838312263467268,0.4392715756136184,0.8480775774072814,0.3101427658214362,0.2547734719240763,0.7967155936637117,0.766640337019484,0.6853535353535354,0.5895728163576974,0.1691882689280781,0.1796246648793565
0.20906105388864,0.1930912311780336,0.4505146476642914,0.8413576046274244,0.3086511826124015,0.2652807592362445,0.8002906554279902,0.7692733017377568,0.6884559884559884,0.5933907436473932,0.1705695287655391,0.1823949955317247
0.2183908045977011,0.2112891537160801,0.4661916072842439,0.8263865260292617,0.310036224163648,0.2836967574285391,0.8087777939253015,0.7759610321221696,0.6962481962481962,0.601790183684724,0.1751951431049436,0.1888293118856121
0.2217495148529631,0.2212738545776633,0.4788598574821853,0.8192412385165023,0.3082250159812486,0.2951078974127217,0.81235285568958,0.779304897314376,0.7013347763347763,0.6086200313918466,0.1787928431467026,0.1936997319034852
0.2145842663084042,0.209356630968677,0.4706254948535234,0.8296189179993195,0.3058810995099083,0.283809739012541,0.809940415637262,0.7761979989468141,0.6971139971139971,0.6027234547999831,0.1752915100703479,0.1886058981233244
0.2074936557695178,0.2013849746356389,0.4699920823436263,0.8378700238176251,0.3009801832516514,0.2780476782284488,0.8078476965557332,0.7733017377567141,0.6931457431457432,0.5983540491239978,0.1738781279110854,0.1848972296693476
0.2197342886998059,0.2204686367662452,0.4815518606492479,0.8207723715549506,0.3058810995099083,0.2955598237487289,0.8089231216392966,0.7760663507109005,0.6967171717171717,0.6038264115725619,0.1775079502746458,0.1903485254691689
0.2360053739364084,0.2485707383847331,0.502296120348377,0.7966995576726777,0.3104623907948007,0.3226754039091628,0.8099694811800611,0.7801474460242233,0.7041847041847041,0.6145590293980402,0.1849603289325752,0.2004021447721179
0.238692342140618,0.2620983976165553,0.5231987331749803,0.7880231371214699,0.3053483912209674,0.3396226415094339,0.8054933875890132,0.7799368088467614,0.7076118326118326,0.6206252916472236,0.1909672031094407,0.2060768543342269
0.2364532019704433,0.2621789193976971,0.5281076801266826,0.7892990813201769,0.3020455998295333,0.3414303468534629,0.7934311873274233,0.7716429699842022,0.6999278499278498,0.6151529291986596,0.1887828852269442,0.2012511170688114
0.2357068219137184,0.2644335292696674,0.5342834520981791,0.7885335148009528,0.2994886000426167,0.3451587391255225,0.7808458072954513,0.7649815692469721,0.6926406926406926,0.6102320451363848,0.1860203655520221,0.1976318141197497
0.2434691745036572,0.2764312746597955,0.5412509897070468,0.7777305205852332,0.3026848497762625,0.3561179527736978,0.7763406481616044,0.7634807793575565,0.6915945165945165,0.6098502524074153,0.1871125244932704,0.201295799821269
0.2539931333034781,0.2781222320637732,0.5220902612826605,0.7708404219122151,0.316641806946516,0.3504688735736075,0.7742188635372765,0.7639810426540284,0.691991341991342,0.6116743732236033,0.1901641450644052,0.2101429848078642
0.2546648753545305,0.2674933569530558,0.4999208234362629,0.7760292616536236,0.3246324312806307,0.3351033781493616,0.7683766894346752,0.7589784096893101,0.6844155844155844,0.6041657828872016,0.1885901512961356,0.2121983914209115
0.2387669801462905,0.2521136967549722,0.5034045922406969,0.7932970398094591,0.3120605156616237,0.3256129250932097,0.7599476820229618,0.7510005265929437,0.6735930735930736,0.5910999872735757,0.1817159744306318,0.2047363717605004
0.2375727720555306,0.2563008293743458,0.5140142517814726,0.79168084382443,0.3075857660345195,0.3322788385493164,0.7508501671268711,0.743812532912059,0.66497113997114,0.5813006405633565,0.1771546047348302,0.1999553172475424
0.2536945812807882,0.2718415331347129,0.5105304829770388,0.7743280027220143,0.3202642233113147,0.3419952547734719,0.7512570847260572,0.7451026856240126,0.6668831168831169,0.5840580324948034,0.1806238154893835,0.2059428060768543
0.2711598746081504,0.2906836299218939,0.5105304829770388,0.7544232732221845,0.3328361389303217,0.3551011185176815,0.7593954367097805,0.7532122169562928,0.6761183261183261,0.593645272133373,0.1892647200539655,0.2173369079535299
0.2758620689655172,0.2789274498751912,0.4774346793349169,0.757995916978564,0.3473258043895162,0.3351033781493616,0.7639877924720244,0.756187467087941,0.6804834054834055,0.5975480422517288,0.1920914843724904,0.218722073279714
0.2704134945514255,0.2488123037281584,0.4297703879651623,0.7769649540660089,0.3594715533773706,0.2970285843407524,0.7640459235576225,0.7535545023696683,0.6757936507936507,0.5914393585882154,0.1865343227008448,0.2100983020554065
0.2663084042394387,0.237780819711732,0.4169437846397467,0.785130996937734,0.3608565949286171,0.2846006101005536,0.765412004069176,0.75405476566614,0.6746392496392496,0.5904636660586264,0.183643313738717,0.20437890974084
0.2679504403642334,0.2443836057653595,0.4262866191607284,0.7807077237155496,0.3588323034306414,0.2926223025646819,0.7709925882865862,0.7578988941548183,0.6801226551226551,0.5951300216349213,0.18823680575632,0.2109919571045576
0.2739214808180325,0.252999436347532,0.4305621536025337,0.7727968696835659,0.3617089281909226,0.300192068692803,0.7782299084435401,0.7649025803054239,0.6893217893217893,0.6054384253171001,0.196267386206675,0.2206434316353887
0.2754142409314823,0.2359288187454707,0.3938242280285037,0.7808778496087105,0.3751331770722352,0.2751101570444018,0.7818340357506177,0.7695892575039494,0.6931096681096681,0.6080685530055573,0.1975844014005332,0.2206434316353887
0.2599641737572772,0.2054110636927289,0.3665874901029296,0.8058012929567882,0.3732154272320477,0.2440402214439046,0.7834326406045633,0.7693786203264876,0.6902958152958152,0.6004751198404955,0.1885901512961356,0.2075067024128686
0.2366771159874608,0.1820597471616072,0.3700712589073634,0.8314052398775094,0.3554229703814191,0.2289006891876623,0.782967591919779,0.7664823591363875,0.6846320346320347,0.5922877868748144,0.1785679868940927,0.192225201072386
0.2227944469323779,0.1790804412593606,0.3936658749010294,0.840932289894522,0.3376305135307905,0.2352276578917636,0.7874146199680279,0.7659820958399157,0.6832251082251082,0.5910151444449159,0.1742957180945039,0.1851653261840929
0.2195103746827884,0.183348095659876,0.4090261282660333,0.8405069751616198,0.3300660558278286,0.2435882951078973,0.7930533352710362,0.7704318062137967,0.6876262626262627,0.594536121834302,0.1744563297035109,0.1859696157283288
0.2178683385579937,0.179724615508495,0.4052256532066509,0.8433991153453556,0.3301725974856169,0.239746921251836,0.7946519401249819,0.7716166403370195,0.6883477633477634,0.5935180078903831,0.1731071921878513,0.1849865951742627
0.212718316166592,0.1686931314920685,0.3946159936658749,0.8521605988431439,0.3300660558278286,0.2282227996836515,0.7916581892166836,0.768088467614534,0.6825757575757575,0.58715479574089,0.1673251742635957,0.179177837354781
0.2074936557695178,0.1595136484419035,0.3878068091844814,0.8599863899285473,0.3285744726187939,0.2194102361315105,0.7893620113355617,0.7664033701948394,0.6798701298701298,0.5825732829932551,0.1635989849346311,0.1755138516532618
0.2126436781609195,0.1679684354617924,0.3933491686460808,0.8525859135760464,0.3304922224589814,0.227318947011637,0.7914547304170905,0.7687467087941022,0.6829365079365078,0.585373096339032,0.165815425138929,0.1777033065236818
0.2242872070458277,0.1807713986633384,0.3938242280285037,0.8392310309629126,0.3385893884508843,0.2363574737317817,0.7957564307513443,0.7729857819905213,0.6893217893217893,0.5931786365757434,0.1711477305579647,0.1828418230563002
0.2274966412897447,0.1803687897576294,0.3862232779097387,0.8376148349778837,0.3434903047091412,0.2334199525477347,0.7964540037785206,0.7746445497630332,0.6911616161616161,0.5955542357782209,0.1732678037968584,0.1842269883824843
0.2138378862516793,0.1674853047749416,0.3900237529691212,0.8521605988431439,0.3324099722991689,0.2257372048356118,0.7931114663566342,0.7708794102159031,0.6856782106782107,0.5899121876723371,0.1691561466062767,0.1792672028596961
0.2075682937751903,0.1609630405024559,0.3903404592240697,0.859220823409323,0.3278286810142765,0.2212179414755395,0.7913094027030955,0.768088467614534,0.6813492063492064,0.5843125609807832,0.1662972599659503,0.174396782841823
0.2180176145693387,0.1730413076737257,0.3919239904988123,0.8468866961551549,0.3347538887705092,0.230256468195684,0.7943612846969916,0.7708530805687203,0.6845598845598845,0.58715479574089,0.1672609296199929,0.176496872207328
0.228616211374832,0.1870520975923988,0.396991290577989,0.8333616876488602,0.34061367994886,0.2418935713478703,0.7980235430896672,0.7749341758820432,0.6898989898989899,0.594620964662962,0.1715974430631845,0.183467381590706
0.2294372294372294,0.1869715758112569,0.3950910530482977,0.8329363729159579,0.3417856381845301,0.2412156818438595,0.7983141985176573,0.7758557135334386,0.6928932178932179,0.597293513765749,0.1726896020044328,0.1854334226988382
0.2200328407224959,0.1777920927610918,0.396991290577989,0.8432289894521947,0.3344342637971446,0.2354536210597672,0.7935474494986194,0.7710637177461822,0.6882034632034632,0.5923302082891444,0.1692525135716809,0.179177837354781
0.2120465741155396,0.1715919156131733,0.401741884402217,0.8509697175910174,0.3271894310675474,0.2327420630437238,0.7897398633919488,0.766535018430753,0.6830086580086581,0.5868578458405803,0.1650444894156949,0.1741733690795353
0.2180922525750112,0.1788388759159352,0.4031670625494855,0.8437393671316775,0.3310249307479224,0.2383911422438142,0.7915419270454875,0.7681937862032648,0.6855339105339104,0.589954609086667,0.167421541229,0.1772117962466488
0.2310046275563516,0.191319751992914,0.4003167062549485,0.8297890438924804,0.3411463882378009,0.2460738899559371,0.7944194157825898,0.7733017377567141,0.6935425685425685,0.6015780766130743,0.1747775529215251,0.1859249329758713
0.2357814599193909,0.192527578710041,0.3925574030087095,0.826471588975842,0.3472192627317281,0.2441532030279065,0.7915419270454875,0.7771195365982095,0.707034632034632,0.6166376787002079,0.1807523047765892,0.1897229669347631
0.2403343782654127,0.1810129640067638,0.3604117181314332,0.829874106839061,0.3612827615597698,0.2247203705795955,0.7873564888824299,0.7827277514481306,0.7248917748917749,0.6365757434352861,0.1832899681989014,0.1873994638069705
0.2517539931333035,0.1740880908285691,0.3224069675376088,0.8270670296019054,0.3822714681440443,0.206191390803299,0.7768638279319866,0.7823591363875725,0.7413059163059164,0.6691553896406907,0.1937297227843628,0.1920464700625558
0.2783997611583818,0.1992108865448103,0.3152810768012668,0.7986560054440286,0.4036863413594715,0.2213309230595412,0.74823426827496,0.7509478672985781,0.7357864357864358,0.7162855809612694,0.2256914329767755,0.220017873100983
0.3074339453649798,0.2620983976165553,0.3773555027711798,0.7488941816944539,0.4034732580438951,0.2875381312846006,0.7035895945356779,0.6763823064770932,0.6888888888888889,0.7604886946930811,0.2770550255372458,0.2648793565683646
0.3446783101955515,0.3440695708189065,0.4593824228028504,0.6843314052398776,0.4024078414660132,0.3744209693819907,0.6258392675483214,0.5677461822011585,0.608044733044733,0.8064735078267511,0.3485593138672063,0.3265862377122431
0.4061053888640095,0.4451244061518641,0.5279493269992083,0.5959510037427697,0.4231834647347112,0.4697774262795164,0.5212905101002762,0.4593206951026856,0.5263347763347763,0.8646756882874476,0.444412322122643,0.409159964253798
0.4683534855948648,0.5509300265721878,0.6039588281868569,0.5045933991153454,0.4420413381632218,0.5711219071291379,0.4173230635082109,0.3539757767245918,0.4184343434343434,0.8787595978449921,0.5451479232918955,0.5054512957998212
0.5657560829974623,0.684193574361865,0.6593824228028504,0.3787002381762504,0.4929682505859791,0.6843294542989493,0.2958872256939397,0.235097419694576,0.2871212121212121,0.8737962923683876,0.6682727827567376,0.6301608579088472
0.6951783848335572,0.8201948627103632,0.6522565320665085,0.2331575365770671,0.5876837843596846,0.7772003163484351,0.1777939253015549,0.1325171142706687,0.1796897546897547,0.8905103296143895,0.8195689184414249,0.7785522788203753
0.8107926556202419,0.8924229003945567,0.549010292953286,0.1291255529091528,0.7049861495844875,0.7910970511806575,0.1037930533352709,0.0941548183254344,0.1331890331890332,0.9013277902685276,0.9370402492692173,0.8997319034852547
0.8727422003284072,0.8739834125130848,0.3813143309580365,0.1035216059884314,0.8055614745365438,0.7183369110834933,0.096381339921523,0.1199052132701421,0.1307359307359306,0.8418953887922624,0.9547396485817996,0.942627345844504
0.8624421555456039,0.8097270311619292,0.2768012668250197,0.1433310649880912,0.8334753888770509,0.6359733363461755,0.1405318994332219,0.1599262769878883,0.0962481962481962,0.6382726000084843,0.854004047412547,0.9017873100983022
0.8125839677563816,0.7379821241645865,0.2414885193982581,0.2095951003742769,0.8097165991902834,0.5729296124731668,0.2102020055224531,0.2083464981569247,0.0561327561327561,0.3842531710007212,0.6995278018695192,0.8251563896336015
0.7689207344379758,0.6703438280054754,0.2011084718923199,0.2702449812861517,0.7921372256552311,0.511128686024178,0.2944630140967882,0.2758293838862559,0.0636363636363637,0.2042166885843973,0.5758568629340528,0.7601876675603217
0.7157784743991641,0.6147837990176344,0.2045922406967537,0.3298741068390609,0.7530364372469635,0.4733928369675742,0.3714576369713704,0.3488151658767772,0.113023088023088,0.1219191447842871,0.4763419099932543,0.6949061662198391
0.6280788177339902,0.5742813431033095,0.3110055423594615,0.4012419190200749,0.6546984871084593,0.482883290023726,0.442232233686964,0.4116903633491311,0.181024531024531,0.1312094345225469,0.3906395554270663,0.6163985701519215
0.5277653381101657,0.5312021901924471,0.4389548693586699,0.4811160258591357,0.5400596633283613,0.4983617670319737,0.5132393547449499,0.4739863085834649,0.2630952380952381,0.190769100241802,0.3232790466094889,0.5320375335120644
0.4240931482310792,0.4763668572348821,0.5510688836104515,0.5691561755699218,0.4282974643085446,0.4998305276239972,0.5920651068158698,0.5495523959978936,0.3687229437229437,0.2869384465278072,0.2708875397513732,0.444816800714924
0.3341543513957307,0.4146066510991223,0.6205859065716548,0.6530282408982647,0.3407202216066481,0.4813015478477007,0.676500508646999,0.6364665613480779,0.4911976911976911,0.4034700716921902,0.2342359705759532,0.3615281501340482
0.2652634721600239,0.3303808680248007,0.6012668250197942,0.7368152432800272,0.2979970168335819,0.4153203027906451,0.740764423775614,0.7049763033175356,0.5878427128427128,0.4927671488567429,0.1992226398124056,0.2820822162645219
0.2151813703537841,0.2451083017956357,0.5396674584323041,0.8103946920721335,0.2830811847432345,0.3335216359733364,0.7797703822118878,0.7492101105845183,0.6478354978354979,0.5434607389810376,0.1626353152805884,0.2110813226094727
0.1955515748619196,0.1922054915854739,0.4772763262074426,0.8495236474991493,0.2900063924994673,0.2742063043723873,0.8030518819938962,0.7745129015271195,0.6823232323232323,0.5704407584948883,0.143394044521538,0.1720732797140303
0.1954769368562471,0.1751348739834125,0.4437054631828979,0.8586253827832597,0.3011932665672277,0.250254208564004,0.819822700188926,0.7936018957345972,0.7089466089466089,0.5927968438467739,0.1412097266390414,0.1617068811438784
0.2041349455142558,0.1770673967308157,0.4292953285827395,0.8525859135760464,0.3122735989772001,0.2465258162919443,0.8324952768492951,0.8086624539231174,0.727994227994228,0.6108259449370043,0.1441971025665735,0.1601429848078641
0.1957008508732647,0.1662774780578146,0.42596991290578,0.8631337189520245,0.3073726827189431,0.2377132527398033,0.8390640895218718,0.8160874144286466,0.737987012987013,0.6189284350740254,0.1439401239921621,0.1548704200178731
0.1854008060904612,0.1475964248329173,0.4109263657957245,0.8788703640694115,0.305135307905391,0.2192972545475087,0.839209417235867,0.8174828857293313,0.7414862914862914,0.6213040342765028,0.1406957694902187,0.1467381590705987
0.1824899238692342,0.1396247684998792,0.4015835312747427,0.8847397073834639,0.3060941828254847,0.2103717094113659,0.8408952187182096,0.8193259610321222,0.7439393939393939,0.6230433122640309,0.1372265587356654,0.1389633601429848
0.1845051500223913,0.1438924229003945,0.4055423594615994,0.8813371895202451,0.3063072661410611,0.2146650096034346,0.8461851475076297,0.8253027909426013,0.7535353535353535,0.6310185381580623,0.1371623140920625,0.1385612153708668
0.1887595163457232,0.1506562525163056,0.4101346001583532,0.8752977203130318,0.3077988493500959,0.2211049598915377,0.8533643365789856,0.8315692469720906,0.7639249639249639,0.6402664064819922,0.1397642221579775,0.1416443252904378
0.190103000447828,0.1464691198969321,0.3988915281076802,0.8767437904048997,0.3124866822927764,0.2142130832674273,0.8549920069757303,0.834149552395998,0.7678210678210678,0.6439994909430281,0.1400854453759918,0.1419124218051832
0.183684131959994,0.1370480715033417,0.3941409342834521,0.8854202109561076,0.309503515874707,0.2058524460512936,0.8521435837814271,0.8320168509741969,0.7665584415584416,0.6417935773978706,0.1379011274934952,0.1392314566577301
0.1784594715629198,0.1319751992914083,0.3950910530482977,0.891119428376999,0.3054549328787556,0.2025759801152412,0.8502252579566923,0.829489204844655,0.7645382395382395,0.6391634497094133,0.1351707301403745,0.1363270777479892
0.1855500821018062,0.138094854658185,0.3919239904988123,0.8838040149710786,0.3116343490304709,0.2057394644672918,0.854672286004941,0.8335966298051606,0.7711038961038961,0.6454418190302466,0.1388647971475378,0.1396782841823056
0.1948051948051948,0.1468717288026411,0.3897070467141727,0.8739367131677442,0.3189857234178564,0.2111625804993785,0.8603110013079494,0.8403370194839389,0.7791847041847041,0.6539261018962373,0.1435867784523465,0.1455764075067024
0.1909986565158979,0.1454223367420887,0.3950910530482977,0.8768288533514801,0.3144044321329639,0.212066433171393,0.8617933439906991,0.8421274354923644,0.7828282828282828,0.6560895940270649,0.1429443320163181,0.145710455764075
0.1826391998805792,0.1366454625976326,0.395249406175772,0.8862708404219123,0.3083315576390368,0.2059654276352954,0.8588286586251999,0.8383886255924171,0.7775613275613276,0.650489967335511,0.1370980694484597,0.1375781948168007
0.1802507836990595,0.1350350269747966,0.3973079968329375,0.8884824770330044,0.3059876411676965,0.20562648288329,0.8577241679988373,0.8366771985255398,0.777056277056277,0.6499809103635515,0.1355561980019916,0.1341823056300268
0.1886102403343782,0.1425235526209839,0.3942992874109264,0.8797209935352162,0.3130193905817174,0.209693819907355,0.8619677372474931,0.841969457609268,0.7844877344877345,0.6568107580706741,0.139796344479779,0.1384718498659517
0.1913718465442603,0.1500120782671712,0.4031670625494855,0.8741919020074855,0.3119539740038355,0.2181674387074907,0.8676355180933004,0.8472617166929963,0.7905122655122655,0.6648708267933654,0.1426873534419067,0.1424932975871313
0.1908493805045529,0.1478379901763427,0.4000000000000001,0.8756379720993537,0.3125932239505646,0.215568862275449,0.8684493532916727,0.8489468141126909,0.7944444444444444,0.6684766470114114,0.1413382159262471,0.1415102770330652
0.1815942678011643,0.1339882438199532,0.3923990498812352,0.888227288193263,0.3085446409546132,0.2030279064512484,0.8649905536985903,0.8468141126908898,0.793001443001443,0.6647435625503755,0.1348495069223603,0.1338695263628239
0.1747275712792954,0.1319751992914083,0.4031670625494855,0.8932460020415108,0.3000213083315576,0.2055135012992882,0.8639441941578259,0.8460768825697734,0.7922077922077921,0.6627921774911976,0.1303202595483601,0.1294459338695263
0.1821913718465442,0.1441339882438199,0.4112430720506731,0.8825280707723717,0.3026848497762625,0.2169246412834707,0.8675773870077024,0.8499736703528172,0.7978354978354978,0.6694099181266704,0.1322797211782467,0.1315013404825737
0.1907001044932079,0.1526692970448506,0.4098178939034046,0.8731711466485199,0.3091838909013424,0.2224607388995593,0.8727510536259264,0.8558715113217483,0.8056277056277056,0.6769609298774022,0.1357489319328001,0.1344504021447721
0.1862218241528586,0.1500926000483131,0.4142517814726841,0.8770840421912216,0.30460259961645,0.2222347757315557,0.8755704112774306,0.8594260136914165,0.8097763347763348,0.6788698935222501,0.1346888953133532,0.1336461126005362
0.1765935214211076,0.1427651179644094,0.4202692003167063,0.8864409663150732,0.2956531003622415,0.2191842729635069,0.873855544252289,0.8585308056872037,0.8094877344877345,0.6764518729054427,0.1295814461469275,0.1279714030384271
0.1721152410807583,0.1398663338433046,0.424228028503563,0.8905239877509357,0.2911783507351374,0.218506383459496,0.8753378869350384,0.8593733543970511,0.8099206349206348,0.6752216518898742,0.1263692139667855,0.1245308310991957
0.183534855948649,0.1506562525163056,0.4210609659540776,0.8783599863899286,0.3003409333049222,0.2249463337475991,0.8801627670396744,0.8646392838335967,0.818001443001443,0.6822211852543164,0.1289389997108991,0.1263628239499553
0.1874906702492909,0.1555680811659553,0.4223277909738718,0.8734263354882613,0.3027913914340507,0.2289006891876623,0.886528120912658,0.8719325961032122,0.8275974025974026,0.6916811606498962,0.1324403327872538,0.1314119749776586
0.183534855948649,0.1506562525163056,0.4212193190815519,0.8782749234433482,0.300234391647134,0.2250593153316009,0.8894346751925593,0.8755660874144287,0.831926406926407,0.6937173885377339,0.1296456907905303,0.1280607685433422
0.1747275712792954,0.1410741605604316,0.4210609659540776,0.888397414086424,0.2940549754954187,0.2182804202914925,0.8867897107978492,0.874275934702475,0.8313852813852813,0.6906206252916472,0.1220648228453952,0.1193923145665773
0.1682340647857889,0.1381753764393268,0.4289786223277911,0.8935862538278327,0.2868101427658214,0.2190712913795051,0.8880685946810056,0.8764876250658241,0.8369769119769119,0.6932507529801044,0.1185634897690405,0.1148793565683646
0.1746529332736229,0.1523472099202834,0.4432304038004751,0.8825280707723717,0.286597059450245,0.2340978420517455,0.8924574916436565,0.882675092153765,0.84498556998557,0.700080600687227,0.1202980951463171,0.1173369079535299
0.1802507836990595,0.1583058217247765,0.4430720506730009,0.8761483497788364,0.2905391007884083,0.2382781606598125,0.8998692050574044,0.8914165350184307,0.8566378066378065,0.7103041615407458,0.1245061193023031,0.1218945487042001
0.1798029556650246,0.1544407762299702,0.4364212193190815,0.878445049336509,0.292563392286384,0.2330810077957293,0.904170905391658,0.8966561348077936,0.8657647907647907,0.7162007381326094,0.1229321255340336,0.1201519213583556
0.1657710105985968,0.1425235526209839,0.4427553444180522,0.892735624362028,0.2803111016407414,0.2270929838436335,0.9055951169888098,0.899315429173249,0.8673160173160173,0.7149280957027109,0.1143233432912531,0.1093833780160857
0.1617405582922824,0.1414767694661406,0.449089469517023,0.8955427015991834,0.2754101853824846,0.228561744435657,0.9074843772707456,0.9031595576619272,0.8713924963924963,0.7162007381326094,0.1079952458963733,0.1011617515638963
0.1658456486042692,0.1522666881391416,0.4617577197149644,0.8875467846206194,0.274025143831238,0.2406507739238503,0.9139078622293272,0.911611374407583,0.8844877344877343,0.7263818775717983,0.1080273682181748,0.1022788203753351
0.1698761009105836,0.164103389966986,0.476326207442597,0.8790404899625723,0.2720008523332623,0.2542085640040673,0.9215520999854672,0.920695102685624,0.8965007215007215,0.7361812242820176,0.1092801387684301,0.1061662198391421
0.1600238841618152,0.1583863435059183,0.4861441013460016,0.8876318475671998,0.2616663115278073,0.2536436560840583,0.925970062490917,0.9255660874144286,0.9025613275613276,0.7383022949985153,0.1061000289100896,0.1042895442359249
0.1467383191521122,0.1482405990820516,0.4943784639746635,0.9005614154474311,0.2494140208821648,0.2494633374759913,0.928266240372039,0.9292785676671932,0.9092352092352092,0.7398718873287236,0.0996434422280042,0.0963806970509383
0.1389013285565009,0.152105644576858,0.5186064924782265,0.9030282408982648,0.2356701470274877,0.2607614958761721,0.9316959744223224,0.9348341232227488,0.9171717171717172,0.7434777075467697,0.0932189778677202,0.0865058087578194
0.1424839528287804,0.1700620017714792,0.5461599366587491,0.8914596801633209,0.2289580225868314,0.2832448310925319,0.9390204912076732,0.9442074776197998,0.9301948051948052,0.7534467399143088,0.092126818926472,0.0855674709562109
0.1459173010897149,0.1792414848216442,0.5570863024544735,0.8846546444368834,0.2276795226933731,0.2936391368206982,0.9458218282226422,0.9533175355450236,0.9428571428571428,0.7618461799516396,0.0903922135491953,0.0844504021447721
0.1368861024033437,0.1745712215154199,0.5670625494853524,0.8922252466825451,0.2179842318346473,0.2938650999887018,0.9520709199244296,0.9589520800421276,0.9507575757575756,0.7659610571416452,0.0859272108187979,0.0789097408400357
0.1185251530079116,0.1591915613173363,0.5757719714964371,0.910854031983668,0.2018964415086298,0.2861823522765789,0.9554425228891148,0.9616113744075828,0.9533910533910532,0.7645187290544267,0.0765153705309819,0.0688114387846291
0.1113599044633527,0.1552459940413882,0.5832145684877278,0.9170636270840422,0.1942254421478798,0.2860693706925771,0.9569539311146634,0.965007898894155,0.9583333333333331,0.7656641072413355,0.0689987472294497,0.0600983020554066
0.1139722346618898,0.1641839117481278,0.595249406175772,0.910854031983668,0.1920946089921159,0.2965766580047452,0.9634355471588432,0.9718799368088468,0.9674603174603176,0.7711788911042295,0.0667180623815489,0.057864164432529
0.1112106284520077,0.1749738304211288,0.6224861441013462,0.906685947601225,0.1809077349243554,0.3139758219410236,0.9726202586833308,0.980674038967878,0.9797619047619048,0.7794934883129004,0.0642446436028396,0.0569258266309204
0.1068069861173309,0.1804493115387712,0.6424386381631038,0.9063456958149032,0.1711059024078414,0.3248220540051971,0.9734922249673011,0.9824381253291206,0.9831890331890332,0.7790692741696009,0.0563104301178889,0.0498212689901697
0.0903866248693834,0.1726386987680167,0.6619160728424388,0.9197856413746172,0.1528872789260601,0.3262908145972206,0.9720680133701498,0.9805160610847816,0.9795815295815296,0.7693547702880414,0.0447463942693778,0.0375781948168007
0.0775488878937154,0.1700620017714792,0.6840855106888362,0.9284620619258253,0.1362667803111016,0.3323918201333182,0.9711379160005812,0.979410215903107,0.9775613275613276,0.7626521868239089,0.0363303459574058,0.030071492403932
0.0845648604269293,0.1853611401884209,0.6992874109263658,0.9163831235113984,0.1360536969955252,0.3485481866455767,0.975061764278448,0.9815955766192732,0.9812049062049062,0.7645187290544267,0.0356878995213774,0.0316353887399463
0.0958351992834751,0.2020291488847733,0.7081551860649249,0.9011568560734944,0.1411676965693586,0.3634617557338153,0.9809620694666472,0.9865455502896262,0.988852813852814,0.7722394264624782,0.0401207799299733,0.0390080428954423
0.0888192267502612,0.1994524518882357,0.7179730799683294,0.906515821708064,0.1328574472618793,0.3651564794938425,0.9809620694666472,0.9851500789889416,0.988059163059163,0.7707122555466001,0.0390607433105264,0.0378909740840035
0.0772503358710255,0.1824623560673162,0.7091053048297705,0.92208234093229,0.1276369060302578,0.350129928821602,0.9738700770236886,0.9787783043707214,0.9802669552669552,0.7616764942943198,0.0329896244900581,0.0302502234137622
0.0761307657859382,0.1818181818181818,0.7102137767220904,0.9231030962912556,0.1263584061367995,0.3500169472376002,0.97000435983142,0.9740126382306477,0.9764790764790764,0.7594705807491622,0.0312871414345828,0.0306076854334227
0.0848634124496193,0.1947016668008696,0.7170229612034839,0.9112793467165704,0.1304069891327509,0.3615410688057847,0.9711088504577824,0.9732227488151658,0.9768037518037518,0.7621007084376193,0.0350775754071504,0.0361930294906166
0.0906851768920734,0.2037201062887511,0.7224069675376089,0.9031983667914256,0.132644363946303,0.3696757428539148,0.9671850021799158,0.9698525539757769,0.972979797979798,0.7613795443940101,0.0380649513346824,0.0394995531724754
0.0868786386027765,0.2065383686287141,0.736025336500396,0.9038788703640694,0.1253995312167057,0.376567619478025,0.9590175846533934,0.9615323854660348,0.9634920634920634,0.7568404530607051,0.0370691593588384,0.0399016979445933
0.0794894760412001,0.2036395845076093,0.7460015835312748,0.9095780877849609,0.1167696569358618,0.3780363800700485,0.948495858160151,0.9472617166929964,0.9458513708513708,0.7444534000763586,0.0331181137772638,0.036550491510277
0.086804000597104,0.2111281101537966,0.7452098178939035,0.9014971078598164,0.122309823140848,0.383007569766128,0.9363173957273652,0.9336756187467088,0.9301226551226552,0.7353752174097485,0.0366836914972214,0.0396782841823056
0.1024033437826541,0.2248973347290442,0.7391923990498813,0.8853351480095272,0.135414447048796,0.3905773358942492,0.93117279465194,0.926487625065824,0.9221861471861472,0.7353752174097485,0.0507532684462432,0.0551385165326184
0.1244215554560382,0.2326274257186569,0.7078384798099763,0.8686628104797551,0.1617302365224802,0.384815275110157,0.925970062490917,0.9191943127962084,0.9128787878787878,0.7357570101387181,0.0686454016896341,0.0747542448614834
0.128825197790715,0.2264272485707384,0.6861441013460017,0.8695134399455599,0.1720647773279352,0.3727262456219635,0.9122801918325824,0.9053712480252764,0.8962481962481963,0.7305815975904638,0.0809161286177764,0.0886505808757819
0.1306165099268547,0.2219985506079394,0.6737925574030088,0.8707893841442668,0.1776049435329214,0.3652694610778443,0.8980962069466648,0.8874144286466561,0.8712121212121212,0.7159462096466297,0.0867302688638334,0.0947721179624664
0.1389013285565009,0.2270714228198727,0.6661916072842439,0.8633889077917659,0.1860217344981888,0.3660603321658568,0.8856852201714868,0.8735123749341758,0.8527417027417027,0.70657107707971,0.0954675403938196,0.103976764968722
0.1574861919689505,0.2348015138094855,0.641963578780681,0.8486730180333447,0.207436607713616,0.3628968478138063,0.8767039674465921,0.8627435492364401,0.837049062049062,0.6997836507869173,0.1078988789309691,0.1169794459338695
0.1792804896253172,0.2445446493276431,0.614726840855107,0.8311500510377681,0.2321542723204773,0.3599593266297593,0.8693794506612411,0.8531068983675618,0.8242424242424242,0.6959233020828915,0.1213260094439626,0.1321268990169794
0.1820420958351992,0.2384249939608664,0.5968329374505147,0.8328513099693774,0.2401448966545919,0.3493390577335893,0.8583054788548176,0.8411795681937861,0.807070707070707,0.6868451194162815,0.1303523818701615,0.1411528150134048
0.1813703537841468,0.2247362911667606,0.5713380839271577,0.8404219122150391,0.2482420626464948,0.3305841147892893,0.846911786077605,0.826197998946814,0.7854617604617604,0.6714461460145081,0.1333397577976936,0.1421358355674709
0.1896551724137931,0.2248973347290442,0.5540775930324625,0.8356583872065328,0.2599616450031962,0.3244831092531917,0.8380467955239064,0.815850447604002,0.7685425685425685,0.6588045645441819,0.1382544730333108,0.1471403038427167
0.2039856695029109,0.2370561236814558,0.5474267616785432,0.8210275603946922,0.272427018964415,0.3306970963732911,0.8315070483941287,0.8090573986308583,0.7593795093795093,0.6558774869554151,0.1483730044007581,0.1593833780160858
0.2145096283027317,0.2444641275465013,0.5398258115597785,0.8110751956447773,0.2824419347965054,0.3331826912213309,0.829821246911786,0.805608214849921,0.7532828282828282,0.6543078946252069,0.1580418232629854,0.1714477211796246
0.2142857142857143,0.2390691682100008,0.5296912114014252,0.8141374617216741,0.2857447261879394,0.3257259066772116,0.8245313181223659,0.7983149025803055,0.742027417027417,0.6447630764009673,0.1611576884777231,0.1741733690795353
0.2106284520077623,0.2234479426684918,0.5067300079176565,0.8244300782579108,0.2908587257617728,0.3066320189809061,0.8158988519110595,0.7892838335966298,0.7293290043290043,0.6335638230178594,0.1610613215123189,0.1723413762287756
0.2137632482460068,0.21217489330864,0.4779097387173396,0.8285981626403539,0.3027913914340507,0.2884419839566151,0.8111611684348206,0.7845971563981042,0.7209595959595959,0.6272006108683664,0.1637595965436381,0.1746648793565683
0.2253321391252425,0.2256220307593203,0.4799683293745052,0.8149030282408983,0.3103558491370125,0.2986103265167777,0.8154047376834762,0.7865718799368088,0.722041847041847,0.6296186314851737,0.1725289903954258,0.1842269883824843
0.2345872518286311,0.2318222079072389,0.4723673792557404,0.8063967335828515,0.3195184317067973,0.300192068692803,0.8165964249382357,0.787914691943128,0.7224386724386723,0.6306367454290926,0.1777649288490572,0.190437890974084
0.2294372294372294,0.2211128110153797,0.4623911322248614,0.8149880911874787,0.3191988067334327,0.2891198734606259,0.8130213631739572,0.7848341232227488,0.7185425685425686,0.6256734399524881,0.1777970511708586,0.1916443252904379
0.2201821167338408,0.2096787180932442,0.4593824228028504,0.8263014630826813,0.3135520988706584,0.2800813467404813,0.8082546141549194,0.7793575566087414,0.709992784992785,0.6163407287998982,0.1735247823712697,0.1859249329758713
0.2190625466487535,0.2051694983493034,0.4527315914489312,0.8292786662129977,0.3150436820796931,0.2745452491243926,0.8051446010754252,0.7764876250658241,0.7050505050505049,0.612056165952573,0.1722720118210144,0.183467381590706
0.2266009852216748,0.2156373298977373,0.4574821852731592,0.8194964273562437,0.3187726401022799,0.2835837758445373,0.8088068594681005,0.7789626119010006,0.7072510822510822,0.6157892504136089,0.1771224824130288,0.1892314566577301
0.2301836094939543,0.2188582011434093,0.456215360253365,0.8157536577067029,0.3217558065203494,0.2853914811885663,0.8105217264932423,0.7820168509741969,0.7128787878787879,0.6235099478216605,0.1811377726382063,0.1938337801608579
0.2248843110912076,0.2102423705612368,0.4505146476642914,0.8232391970057843,0.3199445983379501,0.2773697887244379,0.8096206946664729,0.7816745655608215,0.7123015873015872,0.623085733678361,0.1790819440429154,0.1912421805183199
0.215629198387819,0.1975199291408326,0.4451306413301663,0.8352330724736305,0.3151502237374813,0.2665235566602643,0.8068013370149687,0.779015271195366,0.7065295815295816,0.6157044075849489,0.1741672288072981,0.1850759606791778
0.215629198387819,0.192527578710041,0.4354711005542359,0.8378700238176251,0.3184530151289154,0.2595186984521523,0.8040982415346607,0.7776987888362297,0.7058080808080808,0.6145590293980402,0.1721435225338087,0.1824843610366398
0.2266756232273473,0.2000161043562283,0.426603325415677,0.8276624702279687,0.3292137225655231,0.2616653485481866,0.8079930242697282,0.7812532912058978,0.7108585858585859,0.6194374920459849,0.1745205743471138,0.1869079535299374
0.2345126138229586,0.2086319349384008,0.4270783847980998,0.818645797890439,0.3347538887705092,0.267879335668286,0.8129632320883593,0.7853607161664033,0.7154761904761905,0.624825011665889,0.1786643538594969,0.1934763181411975
0.2304821615166442,0.2015460181979225,0.4215360253365005,0.8246852670976523,0.3336884721926273,0.260874477460174,0.8119750036331929,0.7860189573459715,0.7161976911976912,0.6234251049930005,0.177443705631043,0.1908400357462019
0.215778474399164,0.1891456639020855,0.4281868566904196,0.8396563456958149,0.3209034732580438,0.2545475087560727,0.8084580729545124,0.7819905213270142,0.7097041847041846,0.6164679930428881,0.1707943850181491,0.1818141197497765
0.2113748320644872,0.1902729688380706,0.4399049881235155,0.8415277305205852,0.313871723844023,0.2595186984521523,0.8078186310129342,0.7815955766192733,0.7098484848484848,0.6164679930428881,0.1691240242844753,0.1790884718498659
0.216077026421854,0.1965536677671309,0.4422802850356295,0.8354882613133721,0.3164287236309397,0.2648288329002373,0.8109577096352274,0.7840705634544497,0.7152958152958153,0.6212191914478429,0.1726574796826314,0.1827077747989276
0.2250335871025526,0.2058136725984378,0.4414885193982582,0.825535896563457,0.323140848071596,0.2710428200203366,0.8141258538003197,0.7868088467614534,0.7196248196248196,0.6274127179400162,0.1767691368732132,0.1886505808757819
0.2199582027168234,0.2029954102584749,0.4465558194774348,0.8299591697856414,0.3178137651821862,0.270816856852333,0.8128760354599622,0.7859926276987889,0.7186868686868686,0.6276672464259959,0.1748739198869294,0.1859696157283288
0.2139125242573518,0.1943795796763024,0.4424386381631038,0.8379550867642056,0.3148305987641168,0.263247090724212,0.8063362883301846,0.781147972617167,0.7125901875901876,0.6215585627624826,0.1691561466062767,0.1787310098302055
0.209508881922675,0.195345841050004,0.4539984164687252,0.8399115345355564,0.3077988493500959,0.2681052988362896,0.8068304025577678,0.7804897314375987,0.7113275613275613,0.6201586560895941,0.1680961099868298,0.1773011617515639
0.2203313927451858,0.2058941943795797,0.4516231195566113,0.8281728479074516,0.3163221819731515,0.2746582307083945,0.8104054643220462,0.7847814639283833,0.716991341991342,0.6246553260085691,0.1722720118210144,0.1836907953529937
0.2289894014031945,0.209759239874386,0.4408551068883611,0.8211976862878531,0.3261240144896654,0.2735284148683765,0.8123819212323791,0.787809373354397,0.7201659451659452,0.627539982183006,0.1756769779319649,0.1885612153708668
0.2280191073294521,0.2028343666961913,0.4292953285827395,0.8254508336168767,0.3293202642233113,0.2644898881482318,0.8115390204912076,0.786361242759347,0.7171356421356421,0.6255885971238282,0.1745848189907166,0.1868632707774798
0.2184654426033736,0.189709316370078,0.4237529691211402,0.8377849608710446,0.3243128063072661,0.2534176929160546,0.804912076733033,0.781042654028436,0.71010101010101,0.6184193781020659,0.1694452475024895,0.1803842716711349
0.2148828183310941,0.1900314034946453,0.4321456848772764,0.8396563456958149,0.3189857234178564,0.2565811772681053,0.8038075861066706,0.7793838862559241,0.7073232323232322,0.6141772366690706,0.1669718287237801,0.1770777479892761
0.2237647410061203,0.2029954102584749,0.4386381631037213,0.8277475331745492,0.323140848071596,0.2679923172522878,0.8068885336433658,0.7818325434439178,0.7086219336219336,0.6155771433419591,0.1667790947929716,0.1772117962466488
0.2256306911479325,0.2118528061840727,0.4520981789390341,0.8219632528070773,0.3199445983379501,0.2789515309004631,0.8091265804388897,0.785676671932596,0.7122294372294372,0.6198192847749544,0.1691882689280781,0.1798033958891867
0.218838632631736,0.2051694983493034,0.4533650039588282,0.8293637291595781,0.3147240571063285,0.2747712122923963,0.8081092864409243,0.7845444971037389,0.7105339105339106,0.6176557926441268,0.1677106421252128,0.1774798927613941
0.2107777280191073,0.1952653192688622,0.4509897070467142,0.8392310309629126,0.3097165991902834,0.2669754829962716,0.8039529138206656,0.7798578199052133,0.7046536796536796,0.6108259449370043,0.1623462143843757,0.1703753351206434
0.2101059859680549,0.1955068846122876,0.4530482977038796,0.8394862198026539,0.3085446409546132,0.267879335668286,0.8021799157099259,0.777066877303844,0.7019480519480519,0.6064141178466891,0.1609328322251132,0.1680518319928507
0.2176444245409762,0.2046058458813109,0.454948535233571,0.8303844845185437,0.313339015555082,0.2748841938763981,0.8041563726202586,0.779594523433386,0.7052308802308802,0.6095533025071057,0.166200893000546,0.1752457551385165
0.2280191073294521,0.2074241082212738,0.4383214568487729,0.8229840081660429,0.3262305561474536,0.2710428200203366,0.8078476965557332,0.7833070036861506,0.7094877344877345,0.6152377720273194,0.1739744948764896,0.186952636282395
0.2277205553067622,0.1982446251711087,0.4209026128266033,0.8280027220142906,0.3319838056680161,0.2582759010281323,0.8054061909606162,0.7817798841495524,0.7066017316017316,0.6130318584821618,0.174616941312518,0.1884271671134942
0.2167487684729064,0.1857637490941299,0.4196357878068092,0.8408472269479416,0.3245258896228425,0.249124392723986,0.8006103763987792,0.7757767245918905,0.6981240981240981,0.6054808467314301,0.1694452475024895,0.1817247542448614
0.2198835647111509,0.1877767936226749,0.4169437846397467,0.8379550867642056,0.3277221393564883,0.2495763190599932,0.7986920505740445,0.7749078462348604,0.6967171717171717,0.6023840834853434,0.1677106421252128,0.1781501340482573
0.2257799671592775,0.1977614944842579,0.4240696753760887,0.8293637291595781,0.3294268058810995,0.2591797537001468,0.8020927190815289,0.7783307003686151,0.7004689754689755,0.6047596826878209,0.1700555716167164,0.1806523681858802
0.2283176593521421,0.2023512360093405,0.4275534441805226,0.825535896563457,0.3300660558278286,0.2635860354762173,0.8063653538729836,0.7808320168509741,0.7033189033189032,0.6084079243201969,0.1713083421669718,0.1826184092940125
0.2187639946260635,0.1920444480231903,0.4277117973079969,0.8364239537257571,0.3232473897293842,0.2563552141001016,0.8043017003342537,0.7783043707214323,0.7002525252525252,0.6064565392610191,0.169413125180688,0.1806523681858802
0.2121212121212121,0.1811740075690474,0.4204275534441806,0.8459510037427697,0.3209034732580438,0.246186871539939,0.7982851329748584,0.7740389678778304,0.6932539682539682,0.5993721630679167,0.1650123670938935,0.1757372654155496
0.2130915061949544,0.1799661808519204,0.4158353127474268,0.8459510037427697,0.323140848071596,0.2437012766918992,0.7966283970353146,0.7722222222222223,0.6902236652236652,0.5952572858779113,0.1631171501076098,0.1751563896336014
0.2218241528586356,0.1917223608986231,0.4205859065716549,0.8348077577407282,0.3278286810142765,0.2536436560840583,0.8004069175991863,0.7752238020010532,0.6946608946608945,0.5985661561956476,0.1683209662394398,0.1820822162645219
0.2272727272727272,0.2029954102584749,0.4311955661124307,0.825706022456618,0.3281483059876411,0.2653937408202463,0.8025868333091121,0.7776197998946813,0.6971500721500722,0.6026386119713232,0.1730429475442484,0.1890974084003574
0.2204060307508583,0.1996134954505194,0.4391132224861442,0.8314903028240898,0.3205838482846793,0.2657326855722516,0.8009300973695683,0.775434439178515,0.6932900432900432,0.5989479489246172,0.1712762198451704,0.1874888293118856
0.2099567099567099,0.1868910540301151,0.4362628661916074,0.8441646818645799,0.3140848071595994,0.2557903061800926,0.7978491498328731,0.7718272775144813,0.6871572871572871,0.5912696729308956,0.1659760367479361,0.1803842716711349
0.2110016420361247,0.1838312263467268,0.4280285035629455,0.8451854372235456,0.3176006818666098,0.2507061349000113,0.7982270018892602,0.772538177988415,0.6853535353535354,0.5900818733296569,0.1648517554848864,0.1776586237712243
0.2222719808926705,0.1959094935179966,0.4278701504354712,0.8323409322898946,0.3256978478585126,0.2591797537001468,0.800116262171196,0.7752501316482359,0.6898989898989899,0.5960208713358505,0.1678391314124185,0.1809204647006256
0.2274966412897447,0.204525324100169,0.433729216152019,0.8247703300442327,0.3275090560409119,0.267314427748277,0.8015114082255487,0.7774091627172196,0.6928932178932179,0.5997963772112163,0.1686100671356525,0.1819481680071492
0.2194357366771159,0.1984861905145342,0.4389548693586699,0.832596121129636,0.3199445983379501,0.264941814484239,0.8008138351983722,0.7745129015271195,0.6899711399711399,0.5959360285071905,0.1645947769104751,0.1783735478105451
0.2085385878489326,0.1888235767775183,0.4430720506730009,0.8439094930248384,0.3107820157681653,0.2596316800361541,0.7955820374945501,0.770115850447604,0.6845238095238094,0.5892758664573877,0.1615110340175387,0.1738605898123324
0.2165994924615614,0.1920444480231903,0.4324623911322249,0.8376148349778837,0.3200511399957383,0.2581629194441306,0.7939253015550065,0.7693259610321221,0.6830086580086581,0.5882577525134688,0.16221772509717,0.1736818588025022
0.2262277951933124,0.2019486271036315,0.4311955661124307,0.8268969037087446,0.3274025143831238,0.2646028697322336,0.7981398052608633,0.7729857819905213,0.6872655122655121,0.5929241080897638,0.1667790947929716,0.1798033958891867
0.2263024331989849,0.2054110636927289,0.4380047505938243,0.8250255188839741,0.3251651395695717,0.2694610778443113,0.8018892602819357,0.775724065297525,0.6902958152958152,0.5964026640648199,0.1706658957309434,0.1860142984807864
0.2208538587848932,0.1930107093968918,0.4253365003958828,0.8346376318475672,0.3255913062007244,0.2562422325160998,0.7996802790292109,0.773012111637704,0.6865800865800865,0.5916938870741951,0.1686100671356525,0.1845844504021447
0.2104045379907448,0.1823013125050326,0.4261282660332541,0.8462912555290916,0.3178137651821862,0.2490114111399841,0.7950007266385699,0.7682991047919957,0.6799062049062048,0.584439825223773,0.161832257235553,0.1766309204647006
0.2165248544558889,0.1881794025283839,0.4248614410134601,0.8397414086423954,0.322608139782655,0.2527398034120438,0.7945066124109867,0.7681147972617166,0.6798340548340548,0.585330674924702,0.1609649545469146,0.174798927613941
0.2258546051649499,0.2023512360093405,0.4329374505146477,0.8268969037087446,0.3265501811208182,0.2655067224042481,0.797325970062491,0.7717482885729331,0.6839105339105338,0.5882577525134688,0.1658796697825318,0.1805630026809651
0.2321988356471115,0.2036395845076093,0.4220110847189232,0.8225586934331406,0.3347538887705092,0.2625692012202011,0.7991570992588287,0.7739599789362822,0.6870129870129871,0.591778729902855,0.170023449294915,0.1866845397676497
0.2235408269891028,0.1909171430872051,0.415360253365004,0.8342973800612454,0.330811847432346,0.2511580612360185,0.7997384101148088,0.7741969457609268,0.6866522366522366,0.5924574725321343,0.1688349233882625,0.1845844504021447
0.2139125242573518,0.1794025283839278,0.4131433095803642,0.8458659407961893,0.3246324312806307,0.2423454976838775,0.795320447609359,0.7693259610321221,0.6804112554112554,0.5860094175539813,0.1628280492113969,0.1761394101876675
0.2132407822062994,0.1798051372896368,0.415360253365004,0.8459510037427697,0.3234604730449605,0.2434753135238955,0.7943031536113937,0.7671932596103213,0.6785714285714285,0.5824460187502651,0.1610613215123189,0.17390527256479
0.2224212569040155,0.1907560995249215,0.4174188440221695,0.8349778836338891,0.3293202642233113,0.2518359507400293,0.7986339194884464,0.7707477619799895,0.6838383838383838,0.5872820599838798,0.165205101024702,0.1807417336907953
0.2290640394088669,0.1900314034946453,0.4019002375296913,0.8315753657706704,0.3392286383976134,0.2458479267879335,0.800058131085598,0.7742232754081095,0.6879509379509379,0.5917363084885251,0.1693167582152838,0.1874888293118856
0.219137184654426,0.1803687897576294,0.4038004750593825,0.84237835998639,0.3315576390368634,0.2396339396678341,0.7975875599476819,0.7706161137440758,0.6835858585858585,0.5883425953421287,0.167036073367383,0.1857462019660411
0.2112255560531422,0.1734439165794347,0.4069675376088678,0.8504593399115346,0.3248455145962071,0.2360185289797763,0.7947391367533789,0.7685624012638231,0.6795815295815295,0.5831671827938744,0.16199286884456,0.1783288650580875
0.2121958501268846,0.1758595700136887,0.4098178939034046,0.8486730180333447,0.3246324312806307,0.2387300869958196,0.7929952041854381,0.7666929963138494,0.6770923520923521,0.5799431553047979,0.1588770036298223,0.1733243967828418
0.2194357366771159,0.1898703599323617,0.4220110847189232,0.8371895202449814,0.3255913062007244,0.2528527849960456,0.7964540037785206,0.7698788836229594,0.6816017316017317,0.585415517753362,0.1619286242009572,0.1770777479892761
0.2147335423197492,0.196151058861422,0.444338875692795,0.8365090166723375,0.3147240571063285,0.2652807592362445,0.8,0.7726171669299631,0.6847041847041847,0.5885971238281085,0.1636953519000353,0.1806076854334227
0.2074190177638453,0.1892261856832273,0.4462391132224862,0.8443348077577408,0.3088642659279778,0.2611004406281776,0.7979654120040692,0.770984728804634,0.680988455988456,0.5836762397658338,0.1618643795573544,0.1788203753351206
0.2044334975369458,0.1758595700136887,0.4261282660332541,0.8530962912555291,0.3135520988706584,0.2444921477799118,0.7945066124109867,0.7675355450236967,0.675937950937951,0.5773130276163408,0.158780636664418,0.1753798033958891
0.2046574115539632,0.1696593928657702,0.413618368962787,0.8562436202790066,0.3179203068399744,0.2356795842277708,0.7941287603545997,0.7674828857293312,0.6765873015873016,0.5795613625758284,0.1610291991905175,0.1777479892761394
0.2163009404388714,0.1768258313873903,0.4030087094220111,0.8457808778496088,0.3298529725122522,0.2369223816517907,0.797325970062491,0.7711953659820958,0.6802669552669551,0.5840156110804735,0.1645947769104751,0.1843163538873994
0.2216002388416181,0.1835896610033014,0.4052256532066509,0.8392310309629126,0.3328361389303217,0.2424584792678793,0.8008429007411714,0.7750921537651395,0.6847763347763347,0.5895728163576974,0.1689312903536667,0.1892314566577301
0.2149574563367666,0.1781947016668008,0.4085510688836105,0.8458659407961893,0.326976347751971,0.2398599028358377,0.7979363464612702,0.7712216956292786,0.6813131313131313,0.5874093242268698,0.1668433394365744,0.1853440571939231
0.2021943573667711,0.1722360898623078,0.4239113222486145,0.856328683225587,0.3126997656083529,0.2411027002598576,0.7948844644673739,0.7671406003159558,0.6761544011544011,0.5819793831926356,0.1609328322251132,0.1773011617515639
0.202940737423496,0.1751348739834125,0.4280285035629455,0.8543722354542362,0.3118474323460473,0.2447181109479155,0.7934893184130214,0.7652185360716166,0.6740981240981241,0.5772706062020108,0.1575921107577655,0.1730563002680965
0.215927750410509,0.1848780095015702,0.4196357878068092,0.8417829193603267,0.3238866396761133,0.248559484803977,0.795320447609359,0.7681411269088994,0.6783189033189033,0.5821914902642855,0.1625068259933828,0.1790884718498659
0.212419764143902,0.1802077461953458,0.4177355502771181,0.8462912555290916,0.322075431493714,0.2444921477799118,0.7993314925156227,0.7717482885729331,0.6825757575757575,0.5857973104823315,0.1659117921043333,0.1836907953529937
0.2045081355426183,0.1704646106771881,0.4155186064924783,0.8559033684926847,0.317174515235457,0.2369223816517907,0.7981688708036623,0.7709057398630859,0.6804834054834055,0.5821066474356256,0.1643377983360637,0.1815907059874888
0.2021197193610986,0.1653917384652548,0.4106096595407759,0.8599863899285473,0.3170679735776688,0.2316122472037058,0.7935474494986194,0.766245392311743,0.6753607503607504,0.5785856700462394,0.1601297741800777,0.174396782841823
0.2031646514405135,0.1713503502697479,0.420110847189232,0.8561585573324262,0.3147240571063285,0.2391820133318268,0.7950588577241681,0.7661400737230121,0.6757215007215007,0.5772281847876809,0.1583630464809996,0.1724754244861483
0.2124944021495745,0.1854416619695628,0.4280285035629455,0.843484178291936,0.3186660984444918,0.2518359507400293,0.7985467228600495,0.7704318062137967,0.6808441558441558,0.5818521189496458,0.1630529054640069,0.18047363717605
0.2224212569040155,0.1915613173363395,0.4190023752969121,0.8345525689009868,0.3287875559343703,0.2529657665800475,0.8003487865135881,0.773117430226435,0.6839105339105338,0.5852882535103722,0.1666184831839645,0.1873994638069705
0.2141364382743693,0.1816571382558982,0.4172604908946952,0.8445049336509016,0.3234604730449605,0.2453960004519263,0.7990699026304316,0.7722485518694049,0.682142857142857,0.5842277181521233,0.1655905688863191,0.1863270777479893
0.2062248096730855,0.1676463483372252,0.4063341250989708,0.8564137461721675,0.3214361815469848,0.2317252287877075,0.795320447609359,0.7673512374934176,0.6762265512265513,0.5772281847876809,0.1593588384568436,0.1784182305630026
0.2041349455142558,0.1635397374989934,0.4026920031670626,0.8598162640353861,0.3212230982314084,0.2274319285956388,0.79529138206656,0.7667193259610321,0.6748556998556998,0.5750646926568532,0.15678905271273,0.1758713136729222
0.216077026421854,0.1765037442628231,0.4028503562945369,0.8461211296359308,0.329746430854464,0.2365834368997853,0.7990989681732306,0.770984728804634,0.6797258297258297,0.5789674627752089,0.161221933121326,0.1809651474530831
0.2203313927451858,0.1827844431918834,0.4061757719714965,0.8403368492684588,0.3316641806946516,0.2422325160998757,0.8010172939979654,0.7731964191679831,0.6836580086580086,0.583506554108514,0.165429957277312,0.1863717605004468
0.2114494700701597,0.1724776552057331,0.4045922406967538,0.850884654644437,0.3258043895163008,0.234436786803751,0.7985757884028485,0.7708267509215376,0.680050505050505,0.5802825266194376,0.1633420063602197,0.1830205540661304
0.2033139274518584,0.163700781061277,0.404750593824228,0.860156515821708,0.3199445983379501,0.2283357812676533,0.7945066124109867,0.7672722485518694,0.6748556998556998,0.5749374284138633,0.158780636664418,0.1766756032171581
0.20906105388864,0.1711893067074644,0.4074425969912906,0.8529261653623682,0.323140848071596,0.2345497683877528,0.7963086760645255,0.7689836756187467,0.6778138528138528,0.579858312476138,0.1619286242009572,0.1781948168007149
0.2177937005523212,0.182945486754167,0.4120348376880444,0.8416978564137463,0.3278286810142765,0.2444921477799118,0.8020055224531318,0.7739599789362822,0.683982683982684,0.5884274381707887,0.1689634126754682,0.1860142984807864
0.2236901030004478,0.1956679281745712,0.424228028503563,0.8316604287172509,0.3279352226720647,0.2577109931081233,0.8054352565034152,0.7767509215376514,0.6877344877344878,0.5932634794044034,0.1720471555684044,0.1897676496872207
0.2161516644275265,0.198566712295676,0.4460807600950119,0.8344675059544062,0.3151502237374813,0.2675403909162806,0.8075570411277431,0.7758557135334386,0.6874098124098124,0.5922453654604846,0.1681603546304327,0.18485254691689
0.2077175697865353,0.1992108865448103,0.4653998416468725,0.8388907791765907,0.3026848497762625,0.2748841938763981,0.8051736666182241,0.7726434965771458,0.6836580086580086,0.5885971238281085,0.1617358902701487,0.177882037533512
0.2129422301836095,0.2108865448103712,0.4771179730799684,0.8297890438924804,0.3024717664606861,0.2871991865325951,0.807295451242552,0.7749868351764087,0.685966810966811,0.5904212446442965,0.1621213581317657,0.1789097408400357
0.2261531571876399,0.2231258555439246,0.4731591448931117,0.8157536577067029,0.3132324738972938,0.2944300079087108,0.8130213631739572,0.7791732490784624,0.6906926406926407,0.5928816866754338,0.1681282323086312,0.1868185880250223
0.2335423197492163,0.2278766406312908,0.466825019794141,0.8090336849268459,0.3205838482846793,0.2954468421647271,0.8170033425374219,0.7839652448657188,0.6970779220779221,0.601026598226785,0.1748739198869294,0.1935656836461126
0.2239886550231378,0.2199855060793945,0.4715756136183689,0.818645797890439,0.3121670573194118,0.2917184498926675,0.8148234268274961,0.782596103212217,0.6965728715728715,0.6029355618716329,0.1747133082779223,0.1906613047363717
0.2212270488132557,0.225783074321604,0.4888361045130642,0.8171997277985711,0.3043895163008736,0.3018867924528301,0.8093591047812818,0.7788836229594523,0.6937229437229437,0.600050905697196,0.1720471555684044,0.1860589812332439
0.2313778175847141,0.2435783879539415,0.502296120348377,0.801973460360667,0.3071595994033667,0.3191729748051067,0.8043888969626508,0.7778567667193259,0.6941558441558441,0.6004751198404955,0.17285021361344,0.1889633601429848
0.2439170025376922,0.270633706417586,0.5288994457640539,0.7805375978223886,0.3071595994033667,0.3476443339735622,0.7984595262316524,0.7771985255397578,0.6963924963924965,0.6053960039027702,0.1792104333301211,0.1978552278820375
0.2518286311389759,0.2913278041710282,0.5528107680126684,0.7651412044913236,0.3048156829320264,0.370692577109931,0.790088649905537,0.7746182201158504,0.6974025974025975,0.6112925804946338,0.1820693199704474,0.2044682752457551
0.2460068666965218,0.2941460665109912,0.5708630245447349,0.7669275263695134,0.2944811421265715,0.3790532143260648,0.7819502979218137,0.7687467087941022,0.6905483405483405,0.6056929538030799,0.1777328065272558,0.2001340482573726
0.2444394685773996,0.2877848458007891,0.5615201900237531,0.771180673698537,0.2965054336245472,0.37125748502994,0.7723877343409388,0.7606371774618219,0.6797258297258297,0.5940270648623426,0.1723041341428158,0.1927613941018766
0.2456336766681593,0.2720830984781383,0.5279493269992083,0.7788363388907793,0.3086511826124015,0.3483222234775731,0.7671268710943178,0.7568457082675092,0.6727633477633477,0.588172909684809,0.171244097523369,0.1915549597855227
0.2475742648156441,0.2645140510508092,0.5091053048297705,0.7817284790745153,0.3164287236309397,0.3362331939893797,0.7660805115535533,0.7563191153238547,0.6716810966810967,0.5859669961396513,0.1735569046930712,0.1961572832886505
0.2497387669801463,0.2712778806667203,0.5176563737133809,0.7768798911194283,0.3150436820796931,0.3440289232855044,0.7643075134428136,0.7571353343865193,0.6723665223665224,0.586306367454291,0.1775721949182487,0.2023681858802502
0.248320644872369,0.2711168371044368,0.5205067300079177,0.7778155835318136,0.3131259322395056,0.3450457575415207,0.7609068449353291,0.7542917324907846,0.6682178932178933,0.5814703262206762,0.176447913655199,0.2023235031277926
0.2534706672637707,0.2692648361381753,0.5060965954077593,0.7757740728138823,0.3216492648625612,0.3386058072534177,0.7577387007702369,0.7515797788309637,0.6652236652236653,0.5786705128748992,0.1745848189907166,0.2002680965147453
0.2646663681146439,0.265802399549078,0.4755344418052257,0.7712657366451174,0.3398678883443426,0.3252739803412044,0.7615753524197064,0.7533175355450237,0.6678932178932179,0.5825732829932551,0.1777649288490572,0.2046470062555853
0.2775787430959844,0.2583138739028907,0.4332541567695963,0.7678632187818987,0.3633070530577456,0.304937295220879,0.7688998692050574,0.7601895734597156,0.6748917748917748,0.5878335383701693,0.1826153994410716,0.2125111706881143
0.2769816390506046,0.250986391818987,0.420110847189232,0.7720313031643418,0.367355636053697,0.2951078974127217,0.7741316669088795,0.7634281200631912,0.6774531024531024,0.5905060874729564,0.1844463717837525,0.2159517426273458
0.2672786983131811,0.2390691682100008,0.4172604908946952,0.783855052739027,0.3613893032175581,0.2857304259405716,0.7748583054788548,0.7630858346498157,0.6772366522366523,0.5878335383701693,0.1821014422922489,0.2115281501340482
0.2572772055530676,0.2269103792575892,0.4145684877276327,0.796019054100034,0.3552098870658428,0.276126991300418,0.7738410114808894,0.7622169562927856,0.6748917748917748,0.5835913969371739,0.1801741029841636,0.2077747989276139
0.2590685176892073,0.2215154199210886,0.4001583531274743,0.7978904389248044,0.3612827615597698,0.2672014461642751,0.7775323354163639,0.7663770405476567,0.6791125541125541,0.5892334450430577,0.1820693199704474,0.2072386058981233
0.264517092103299,0.2153957645543119,0.3765637371338084,0.7979755018713849,0.3731088855742595,0.2545475087560727,0.7842464758029356,0.773012111637704,0.6867965367965367,0.5964875068934798,0.182037197648646,0.2060321715817694
0.2557844454396178,0.2035590627264675,0.3716547901821062,0.8092038108200069,0.3685275942893671,0.2444921477799118,0.7902630431623311,0.7779357556608741,0.6908008658008657,0.5989479489246172,0.1803025922713693,0.2010723860589812
0.2295865054485744,0.1808519204444802,0.3827395091053048,0.8361687648860158,0.346047304496058,0.2325160998757202,0.790088649905537,0.7736176935229068,0.6830808080808081,0.5847367751240827,0.1701198162603193,0.1877122430741733
0.206597999701448,0.1621708672195829,0.3947743467933493,0.859050697516162,0.3256978478585126,0.2237035363235792,0.7883737828803953,0.7685624012638231,0.6747835497835497,0.5729860433546855,0.1603867527544891,0.1759606791778373
0.2060755336617405,0.1595941702230453,0.3908155186064926,0.8607519564477714,0.3265501811208182,0.2205400519715286,0.7893910768783607,0.7682727751448131,0.6734848484848485,0.5717558223391168,0.1582988018373968,0.1722966934763181
0.212569040155247,0.165311216684113,0.3882818685669043,0.8540319836679143,0.3320903473258044,0.2235905547395774,0.7932858596134282,0.7720905739863085,0.6790764790764791,0.5779493488312901,0.1618643795573544,0.1768990169794459
0.2134646962233168,0.1672437394315162,0.3901821060965954,0.8525008506294658,0.3320903473258044,0.22562422325161,0.7958145618369423,0.7754607688256977,0.6841269841269841,0.5830823399652145,0.1645626545886736,0.1797587131367292
0.2057769816390506,0.1568564296642242,0.3860649247822645,0.8623681524328003,0.3279352226720647,0.2169246412834707,0.792617352129051,0.7723802001053186,0.6807720057720057,0.5793492555041786,0.1605152420416947,0.1735478105451295
0.1940588147484699,0.1493679040180368,0.3963578780680918,0.873001020755359,0.3162156403153633,0.2152299175234437,0.789972387734341,0.7672195892575039,0.6738095238095237,0.570652865566538,0.1532234749927724,0.163538873994638
0.2023436333781161,0.156534342539657,0.3925574030087095,0.864494726097312,0.3233539313871724,0.2189583097955033,0.7909315506467083,0.7688783570300157,0.67507215007215,0.5718830865821067,0.1541229000032122,0.1647453083109919
0.212718316166592,0.1684515661486432,0.3941409342834521,0.8523307247363049,0.3301725974856169,0.2278838549316461,0.7952332509809621,0.773880989994734,0.6814935064935065,0.5790523056038689,0.1616716456265458,0.1745755138516532
0.2153306463651291,0.1734439165794347,0.3984164687252574,0.848162640353862,0.3307053057745578,0.2328550446277257,0.7971225112628978,0.7757767245918905,0.6843434343434344,0.5821914902642855,0.1656869358517233,0.1807417336907953
0.2108523660247798,0.1694983493034866,0.4000000000000001,0.8528411024157878,0.326976347751971,0.2307083945316913,0.7954657753233542,0.7741179568193787,0.6824314574314574,0.5805370551054173,0.1637595965436381,0.1783735478105451
0.2043588595312733,0.1614461711893067,0.3979414093428346,0.8607519564477714,0.3229277647560196,0.22438142582759,0.7916872547594827,0.7706161137440758,0.6768037518037517,0.5745132142705638,0.1596800616748578,0.172207327971403
0.2100313479623824,0.165713825589822,0.3944576405384007,0.855222864920041,0.3282548476454293,0.2260761495876172,0.792704548757448,0.7714849921011059,0.677994227994228,0.5751919568998431,0.1604188750762905,0.1729669347631814
0.2214509628302731,0.1750543522022707,0.3885985748218528,0.843824430078258,0.3382697634775197,0.2305954129476895,0.7953495131521582,0.7750921537651395,0.6852092352092352,0.5849913036100625,0.1670039510455816,0.1810991957104557
0.228914763397522,0.1828649649730252,0.3881235154394299,0.8354031983667914,0.3438099296825058,0.2359055473957745,0.7942159569829966,0.7776987888362297,0.6935064935064935,0.5958511856785306,0.17262535736083,0.1872207327971403
0.2260785191819674,0.1773089620742411,0.3832145684877277,0.8399965974821368,0.3433837630513531,0.230256468195684,0.7894782735067577,0.7796471827277515,0.703030303030303,0.6067534891613288,0.1730750698660499,0.1854334226988382
0.2336169577548887,0.1687736532732104,0.3505938242280285,0.8402517863218782,0.3597911783507351,0.2125183595074002,0.7830838540909751,0.7849657714586624,0.7222582972582973,0.6325881304882706,0.176833381516816,0.1828865058087578
0.2572772055530676,0.179724615508495,0.3217735550277118,0.8209424974481117,0.3864265927977839,0.2099197830753587,0.7697718354890277,0.7808320168509741,0.7378427128427127,0.677045772706062,0.1959140406668594,0.1950402144772118
0.2892969099865651,0.2268298574764474,0.3464766429136975,0.7778155835318136,0.4009162582569784,0.2518359507400293,0.7402412440052317,0.7436545550289626,0.7243145743145742,0.7310482331480932,0.2360348205968327,0.2289097408400357
0.3100462755635169,0.2931798051372896,0.4327790973871734,0.7309458999659749,0.3867462177711485,0.3291153541972658,0.6857142857142857,0.6590837282780411,0.6608225108225109,0.7702031985746405,0.2888439176383669,0.274798927613941
0.3407971339005821,0.3780497624607457,0.5346001583531276,0.6685947601224906,0.3743873854677178,0.4250367190148006,0.5970353146345008,0.5493680884676145,0.5742063492063492,0.8186060323251177,0.3653592881693489,0.3411974977658624
0.4052097327959397,0.4839359046622112,0.6061757719714964,0.5759612112963594,0.3962284253142979,0.5249124392723985,0.4992878942014242,0.4520010531858873,0.4964285714285714,0.8767233699571544,0.4668015804182326,0.4309204647006255
0.4848484848484848,0.603269184314357,0.6718923198733175,0.4675059544062607,0.4310675474110377,0.6320189809061123,0.397674756576079,0.3512638230647709,0.386038961038961,0.8873287235396429,0.573415566477145,0.5365951742627345
0.593222869084938,0.7495772606490056,0.729532858273951,0.3285130996937735,0.4889196675900277,0.7552818890520845,0.2802790292108705,0.2462348604528699,0.2726190476190476,0.9050608747295636,0.7124088529118885,0.672609472743521
0.7047320495596359,0.8718093244222562,0.7334916864608076,0.2004083021435863,0.5672277860643511,0.8423906903174782,0.1741316669088795,0.1626382306477092,0.179978354978355,0.922920290162474,0.8575053804889018,0.8135835567470955
0.800567248843111,0.9149689991142606,0.6150435471100555,0.1230010207553589,0.6754741103771574,0.8304146424132864,0.1204766749019037,0.1471300684570826,0.151984126984127,0.9114665082933866,0.9398670135877422,0.9057193923145666
0.8375130616509927,0.8795394154118689,0.4669833729216153,0.1207043211976863,0.751651395695717,0.7526833126200428,0.1348931841302136,0.1770405476566614,0.1410894660894661,0.8029949518516949,0.9199832963926632,0.919928507596068
0.8048962531721152,0.8065061599162574,0.3925574030087095,0.1777815583531813,0.7533560622203281,0.6749519828267992,0.1869786368260426,0.2129278567667193,0.0952020202020201,0.565138081703644,0.7962481128135941,0.8660857908847185
0.7530228392297358,0.7301715113938321,0.352652414885194,0.2477033004423273,0.729810355849137,0.6071630324257145,0.2609504432495277,0.2616640337019483,0.0676767676767676,0.3319475671318881,0.6551026308181556,0.7964253798033959
0.7102552619793999,0.6446573798212416,0.2750593824228028,0.3172847907451515,0.7253356062220327,0.5194893232403118,0.3399215230344426,0.3280674038967877,0.0876984126984126,0.1662919441734187,0.5351257588898526,0.7277033065236818
0.6500223914017017,0.5925597874224978,0.3005542359461599,0.3791255529091527,0.6737694438525463,0.4920347983278725,0.4082836796977183,0.3915745129015271,0.1398989898989898,0.1060959572392143,0.4342937907551958,0.6514298480786417
0.5598596805493357,0.5607536838714873,0.4292953285827395,0.447260973120109,0.5661623694864693,0.5156479493842503,0.4782735067577386,0.4515534491837809,0.2144300144300144,0.1404997242608068,0.3534419067810221,0.5670688114387846
0.4650694133452753,0.5197680972703116,0.549643705463183,0.5228819326301464,0.4580225868314511,0.5297706473844763,0.5522743787240226,0.517219589257504,0.3082251082251082,0.221991261188648,0.2939192444829912,0.4846291331546024
0.3674429019256605,0.4501167565826556,0.6197941409342835,0.6153453555631168,0.3647986362667803,0.5060445147440967,0.6358668798139805,0.5983675618746709,0.4256854256854256,0.331183981673949,0.2454787832064501,0.3972296693476318
0.2860128377369756,0.3734600209356631,0.6418052256532067,0.7022796869683566,0.299168975069252,0.4600610100553609,0.7100130794942595,0.6756714060031594,0.5381313131313131,0.4411402876171891,0.2109472872699238,0.3168900804289544
0.2319002836244215,0.2824704082454304,0.5778305621536026,0.7811330384484519,0.2821223098231408,0.3734041351259745,0.7582037494550211,0.7279357556608741,0.6109307359307359,0.5068510584142876,0.1742957180945039,0.240437890974084
0.199582027168234,0.2150736774297447,0.5136975455265242,0.8351480095270502,0.2806307266141061,0.3032425714608519,0.7882284551664002,0.7617956819378621,0.6569985569985569,0.5438849531243372,0.1467668883106871,0.1847631814119749
0.1952530228392297,0.1863274015621225,0.4663499604117183,0.8528411024157878,0.2935222672064776,0.266184611908259,0.8083127452405173,0.7836756187467088,0.688059163059163,0.5722224578967463,0.1399248337669847,0.1638963360142984
0.2036871174802209,0.1831065303164506,0.4422802850356295,0.8496937733923103,0.3075857660345195,0.2553383798440853,0.8237465484667926,0.8008952080042128,0.7122294372294372,0.594536121834302,0.1421412739712826,0.1607238605898123
0.1944320047768323,0.1720750463000241,0.4400633412509898,0.8607519564477714,0.3017259748561687,0.2468647610439498,0.8341520127888389,0.8112954186413902,0.7252525252525253,0.6061171679463794,0.1415951945006585,0.1558534405719392
0.1781609195402299,0.152910862388276,0.4368962787015044,0.8801463082681185,0.2911783507351374,0.2322901367077166,0.837320156953931,0.8132174828857294,0.7285353535353535,0.6064141178466891,0.1354277087147859,0.1453976764968722
0.1700253769219286,0.1403494645301554,0.4294536817102138,0.8914596801633209,0.2878755593437034,0.2207660151395322,0.8369132393547449,0.8140600315955766,0.7324675324675324,0.6074746532049379,0.1317978863512254,0.1394101876675603
0.1775638154948499,0.1405910298735808,0.4140934283452099,0.8870364069411365,0.2984231834647347,0.2154558806914472,0.8399651213486412,0.8185360716166403,0.739105339105339,0.6125652229245324,0.1334361247630978,0.1398570151921358
0.1866696521868935,0.1473548594894919,0.4079176563737134,0.8782749234433482,0.3069465160877903,0.2180544571234888,0.8467083272780119,0.8256450763559767,0.7495670995670995,0.624867433080219,0.1385114516077222,0.1460679177837354
0.1848783400507538,0.1414767694661406,0.4001583531274743,0.8824430078257911,0.3083315576390368,0.2111625804993785,0.8510972242406627,0.829989468141127,0.7558802308802308,0.6316124379586816,0.1392181426873534,0.1478105451295799
0.17696671144947,0.1285932844834528,0.3916072842438639,0.8936713167744131,0.3055614745365437,0.1990735510111852,0.8492660950443249,0.827567140600316,0.7535714285714286,0.627539982183006,0.1332755131540907,0.1399910634495084
0.1760710553814002,0.1289958933891618,0.3942992874109264,0.894011568560735,0.3039633496697208,0.200316348435205,0.8467083272780119,0.825329120589784,0.7523088023088023,0.624782590251559,0.129774180077736,0.1329311885612153
0.1744290192566054,0.1350350269747966,0.4096595407759303,0.8917148690030623,0.2976773918602173,0.2100327646593605,0.8501961924138933,0.8289362822538178,0.7571789321789322,0.6292368387562042,0.1303523818701615,0.13266309204647
0.1846544260337363,0.1461470327723649,0.4098178939034046,0.8800612453215381,0.3049222245898146,0.2178284939554852,0.854497892748147,0.8334123222748815,0.7632034632034632,0.636703007678276,0.1344319167389419,0.1385165326184093
0.1815942678011643,0.1441339882438199,0.4121931908155187,0.8828683225586934,0.3019390581717451,0.2172635860354762,0.8567940706292689,0.8357030015797787,0.7676046176046176,0.6419632630551902,0.1366804792650413,0.1415549597855228
0.1688311688311688,0.1278685884531765,0.4072842438638164,0.8987750935692412,0.2944811421265715,0.2040447407072647,0.8544397616625491,0.8338862559241705,0.7649350649350649,0.6392482925380732,0.1329542899360765,0.1378016085790884
0.1691297208538587,0.1257750221434898,0.4025336500395883,0.8996257230350461,0.2962923503089708,0.2009942379392159,0.851969190524633,0.8312532912058979,0.7625180375180375,0.636703007678276,0.1299347916867431,0.1335120643431635
0.1787580235856098,0.138094854658185,0.4064924782264449,0.8877169105137803,0.3018325165139569,0.210936617331375,0.8535387298357797,0.8337809373354397,0.7667027417027417,0.6403088278963222,0.1304808711573672,0.1338248436103664
0.1856247201074787,0.1497705129237458,0.4148851939825811,0.8775944198707044,0.3038568080119326,0.2222347757315557,0.8597587559947683,0.8405476566614007,0.775974025974026,0.6497688032919018,0.135363464071183,0.1402144772117962
0.1826391998805792,0.1502536436105966,0.4221694378463975,0.8790404899625723,0.2992755167270402,0.2251722969156027,0.8628397035314634,0.8431016324381253,0.7802308802308803,0.6531625164382981,0.1367126015868426,0.1419124218051832
0.173608001194208,0.1411546823415734,0.4234362628661917,0.8889928547124873,0.2924568506285958,0.2191842729635069,0.8597296904519691,0.840047393364929,0.7778499278499279,0.6499809103635515,0.131155439915197,0.1347631814119749
0.1686818928198238,0.1331830260085353,0.4182106096595408,0.8959680163320859,0.2907521841039846,0.2117274884193876,0.856881267257666,0.8384149552395997,0.7762987012987013,0.6476477325754041,0.1254697889563457,0.1273011617515639
0.1719659650694133,0.139302681375312,0.4232779097387174,0.8908642395372576,0.2913914340507138,0.2178284939554852,0.8608632466211307,0.8421537651395471,0.7815295815295814,0.6518050311797396,0.124955831807523,0.1257819481680071
0.1821913718465442,0.1507367742974475,0.4240696753760887,0.8790404899625723,0.2984231834647347,0.2260761495876172,0.8646127016422032,0.8473407056345446,0.7895743145743145,0.6583379289865525,0.1276862291606437,0.1294012511170688
0.1779370055232124,0.1481600773009098,0.4281868566904196,0.882783259612113,0.2939484338376305,0.2258501864196135,0.8680715012352855,0.8502106371774618,0.7945526695526695,0.6619013277902686,0.1278147184478494,0.1313226094727435
0.1573369159576056,0.1306063290119977,0.437212984956453,0.9038788703640694,0.2761559769870019,0.2166986781154672,0.8697863682604273,0.8499210110584517,0.7942279942279942,0.6607135281890298,0.1235424496482605,0.1256478999106345
0.1507687714584266,0.1204605845881311,0.4311955661124307,0.9129806056481796,0.2735989772000852,0.2074341882273189,0.8660078476965557,0.84797261716693,0.7929292929292928,0.6575319221142834,0.1195592817448845,0.1188561215370866
0.161218092252575,0.1289153716080199,0.4256532066508314,0.902517863218782,0.2828681014276582,0.2113885436673822,0.8680424356924866,0.8503422854133754,0.7967171717171717,0.6610528995036695,0.1224181683852108,0.1216264521894548
0.1741304672339155,0.1397858120621627,0.4196357878068092,0.8894181694453897,0.2940549754954187,0.2169246412834707,0.8738264787094898,0.8569773565034229,0.8037878787878788,0.66979171085564,0.1272686389772253,0.1289544235924933
0.1728616211374831,0.1391416378130284,0.4210609659540776,0.8904389248043553,0.2927764756019603,0.2169246412834707,0.8776631303589594,0.8618220115850447,0.8101010101010101,0.6761125015908032,0.1278468407696508,0.1296246648793565
0.1548738617704134,0.1245671954263628,0.4305621536025337,0.9084722694794148,0.2766886852759428,0.2101457462433623,0.8767039674465921,0.8608478146392838,0.8091991341991341,0.6719552029864676,0.1205550737207285,0.120509383378016
0.1484549932825794,0.1235204122715194,0.4421219319081552,0.9126403538618576,0.2681653526528872,0.2135351937634165,0.8758901322482198,0.8609531332280147,0.8115079365079365,0.6727187884444068,0.11515852365809,0.1137622877569258
0.1595014181221077,0.135679201223931,0.442596991290578,0.8998809118747874,0.2759428936714255,0.2222347757315557,0.8806568812672577,0.8669562927856767,0.8196969696969696,0.6812030713103976,0.1157688477723169,0.1142537980339589
0.1683087027914614,0.1491263386746115,0.4503562945368172,0.8878019734603607,0.2795653100362241,0.2343238052197492,0.8870222351402411,0.8746445497630332,0.831060606060606,0.6921477962075256,0.1203944621117214,0.1194369973190348
0.1635318704284221,0.1471132941460665,0.4565320665083136,0.8916298060564819,0.2741316854890261,0.2352276578917636,0.8926318849004505,0.8806213796735123,0.8389610389610389,0.6995715437152675,0.1216472326619768,0.1213583556747095
0.1526347216002388,0.1304452854497141,0.4470308788598575,0.9066008846546446,0.2695503942041338,0.2200881256355213,0.8928353437000436,0.882411795681938,0.8414502164502163,0.6979595299707293,0.1160579486685297,0.1154155495978552
0.1462904911180773,0.1212658023995491,0.4422802850356295,0.9151071793126916,0.2666737694438525,0.2119534515873912,0.893794506612411,0.8835703001579778,0.8447330447330447,0.6968989946124804,0.1099547075262599,0.1094280607685433
0.1512165994924615,0.1318141557291247,0.4525732383214569,0.906685947601225,0.2666737694438525,0.2230256468195683,0.9005086469989827,0.8909162717219589,0.8530663780663781,0.7033046281763035,0.10972985127365,0.1106344950848972
0.1597999701447977,0.1450197278363797,0.460332541567696,0.8948621980265397,0.270189644150863,0.23500169472376,0.906147362301991,0.8993680884676145,0.8661976911976912,0.7152674670173504,0.112556615592175,0.114834673815907
0.157710105985968,0.1484821644254771,0.4714172604908948,0.894181694453896,0.2649691029192414,0.241441645011863,0.9121639296613864,0.9055555555555556,0.8762987012987012,0.7218427862384933,0.1106292762840898,0.1121983914209115
0.1470368711748022,0.1434898139946855,0.4844022169437847,0.9028581150051038,0.2529298955891753,0.2425714608518811,0.9127743060601656,0.9074249605055292,0.8791486291486291,0.7223518432104526,0.102919919051749,0.1019660411081322
0.138453500522466,0.1413157259038569,0.4983372921615203,0.9089826471588978,0.2421691881525676,0.2459609083719353,0.9143147798285132,0.9102685624012636,0.8835858585858586,0.723921435540661,0.0960457421862452,0.0927613941018766
0.1380803104941035,0.1548433851356792,0.5257323832145685,0.9020074855392992,0.2326869806094182,0.2652807592362445,0.9218718209562564,0.918852027382833,0.8963203463203463,0.7321087685063421,0.0946323600269827,0.0915549597855227
0.1494999253619943,0.1715919156131733,0.5344418052256533,0.8866110922082342,0.2379075218410398,0.2801943283244831,0.9305914837959598,0.9286993154291732,0.9108225108225108,0.7427565435031606,0.0955317850374225,0.0941465594280607
0.1467383191521122,0.1760206135759723,0.549010292953286,0.8858455256890099,0.2309823140848071,0.2884419839566151,0.9364627234413604,0.936466561348078,0.9209235209235208,0.7509862978831715,0.0929619992933089,0.0932529043789097
0.1271831616659202,0.1609630405024559,0.5607284243863817,0.9049846886696156,0.2130833155763903,0.2821150152525138,0.938468245894492,0.938309636650869,0.9244949494949496,0.7483561701947145,0.0838713822235071,0.0838248436103663
0.1175548589341692,0.154118689105403,0.5678543151227237,0.914086423953726,0.2039207330066055,0.2797424019884758,0.9418107833163786,0.941969457609268,0.927922077922078,0.7458108853349171,0.0743952972920882,0.0732350312779267
0.11277802657113,0.1585473870682019,0.5866983372921616,0.9144266757400475,0.1941189004900916,0.2896847813806349,0.9473913675337888,0.9491047919957872,0.9378427128427128,0.7529376829423494,0.0716327776171661,0.0707774798927614
0.1177787729511867,0.173363394798293,0.6052256532066509,0.9037938074174888,0.1914553590453867,0.3066320189809061,0.9541927045487574,0.9577935755660876,0.9505050505050504,0.7614643872226702,0.0707975972503292,0.071805183199285
0.1141215106732348,0.1780336581045173,0.6221694378463976,0.9033684926845869,0.1831451097379075,0.3160094904530561,0.9602092719081528,0.9635597682991048,0.9587301587301588,0.7657913714843253,0.0659150043365134,0.0664879356568364
0.0940438871473354,0.1639423464047024,0.6368962787015044,0.922252466825451,0.1638610696782441,0.3112642639249802,0.9601511408225548,0.9625065824117957,0.9575036075036074,0.7609129088363806,0.0546400693842151,0.0534405719392314
0.0778474399164054,0.1559706900716644,0.6557403008709424,0.9356924123851652,0.1459620711698274,0.3125070613490001,0.9613718936201134,0.9627962085308056,0.9566738816738816,0.7553132821448267,0.0449391282001863,0.0444593386952636
0.0789670100014927,0.1649891295595458,0.6711005542359463,0.9303334467505956,0.1415938632005113,0.3242571460851881,0.9647144310419996,0.9662453923117432,0.9617965367965368,0.7567131888177153,0.0415662844110372,0.0423145665773011
0.086804000597104,0.1818181818181818,0.6875692794932701,0.9169785641374618,0.1417004048582996,0.3419952547734719,0.970382211887807,0.9709583991574512,0.9683621933621932,0.7609977516650406,0.0397995567119591,0.0421805183199285
0.0789670100014927,0.1858442708752717,0.7119556611243073,0.9192752636951346,0.1278499893458342,0.3535193763416562,0.972416799883738,0.9724591890468668,0.9695887445887446,0.7607432231790608,0.0355272879123703,0.0390527256478999
0.0674727571279295,0.1799661808519204,0.7249406175771973,0.928972439605308,0.1152780737268271,0.3539713026776635,0.9684057549774744,0.967904160084255,0.9648629148629148,0.7529376829423494,0.0277215637146252,0.0316353887399463
0.0621734587251828,0.179322006602786,0.7349168646080761,0.9322898945219464,0.1081397826550181,0.3570218054457124,0.965208545269583,0.9643233280674038,0.9614357864357864,0.7477198489797651,0.0236741511676463,0.0266756032171581
0.067696671144947,0.1893067074643691,0.7429928741092637,0.9239537257570604,0.1093117408906882,0.3669641848378713,0.9648597587559948,0.9644286466561348,0.9626623376623376,0.7492894413099733,0.0267900163823841,0.0309204647006255
0.0759814897745932,0.2041227151944601,0.754394299287411,0.9113644096631508,0.1114425740464521,0.3814258275901028,0.9663711669815436,0.9656398104265402,0.9643939393939394,0.7532346328426591,0.0326684012720439,0.0392761394101876
0.077026421854008,0.2031564538207585,0.75027711797308,0.9112793467165704,0.113573407202216,0.3792791774940685,0.9637552681296324,0.9618220115850448,0.9622655122655122,0.7530649471853392,0.0342423950403135,0.0414209115281501
0.0687416032243618,0.1922860133666157,0.7464766429136976,0.921742089145968,0.1089921159173236,0.3702406507739238,0.9567504723150706,0.9528436018957346,0.9515151515151514,0.7439019216900692,0.0310622851819729,0.0379356568364611
0.0648604269293924,0.1876962718415331,0.7458432304038005,0.9263354882613136,0.1064351161304069,0.3668512032538695,0.9485830547885482,0.9430753027909426,0.939141414141414,0.7351631103380987,0.0311586521473772,0.0378909740840035
0.0761307657859382,0.2011434092922135,0.7480601741884403,0.9128104797550188,0.1136799488600042,0.377132527398034,0.9417526522307804,0.9359136387572408,0.9294733044733045,0.7315572901200527,0.0373582602550512,0.0459785522788203
0.0921032989998507,0.2153957645543119,0.7423594615993667,0.8962232051718272,0.1269976560835286,0.3850412382781606,0.935648888242988,0.9295681937862031,0.922907647907648,0.7332541466932507,0.0475731585879027,0.0579982126899017
0.102701895805344,0.2157983734600209,0.720665083135392,0.8899285471248723,0.1419134881738759,0.3775844537340413,0.9257956692341228,0.9186150605581884,0.909054834054834,0.7272727272727274,0.0552182711766406,0.0674709562109025
0.0988207195103746,0.2075046300024156,0.7124307205067302,0.8965634569581492,0.1418069465160878,0.3687718901819003,0.9121929952041854,0.9037124802527646,0.8885281385281385,0.7136978746871421,0.058848093540201,0.0702859696157283
0.0963576653231825,0.2075046300024156,0.7178147268408552,0.8980095270500171,0.1382910718090773,0.3708055586939328,0.8989972387734341,0.8876513954713007,0.8698773448773448,0.7052984346498112,0.068484790080627,0.077390527256479
0.1140468726675623,0.2177308962074241,0.7003958828186857,0.8825280707723717,0.1568293202642232,0.3717094113659473,0.8899578549629414,0.875829383886256,0.8547258297258297,0.7010138718024859,0.0815906973756063,0.0917783735478105
0.1386774145394835,0.2343989049037765,0.6807600950118765,0.8596461381422253,0.1810142765821436,0.3764546378940232,0.8837668943467519,0.8681411269088994,0.843037518037518,0.7013108217027956,0.0981979377469403,0.1114834673815907
0.1488281833109419,0.2343989049037765,0.6593824228028504,0.8538618577747534,0.1953974003835499,0.3687718901819003,0.8735939543670979,0.8560558188520274,0.827056277056277,0.6940991812667034,0.1098583405608557,0.1239946380697051
0.148081803254217,0.2232868991062082,0.63895486935867,0.860156515821708,0.2017898998508416,0.353632357925658,0.859177445138788,0.8394154818325434,0.8047979797979797,0.6781911508929708,0.1151906459798914,0.1287310098302055
0.1525600835945663,0.2167646348337225,0.6169437846397468,0.8610071452875128,0.212337523971873,0.341317365269461,0.8474640313907862,0.826777251184834,0.785966810966811,0.6658040979086244,0.121358131765764,0.1357462019660411
0.1706224809673085,0.2278766406312908,0.6004750593824228,0.8448451854372236,0.2307692307692307,0.34312507061349,0.8417090539165819,0.819431279620853,0.7746031746031746,0.6620285920332585,0.1328579229706723,0.1468275245755138
0.1883116883116883,0.2371366454625976,0.5808392715756137,0.829874106839061,0.2499467291711058,0.3426731442774827,0.8372620258683331,0.8142443391258557,0.7656926406926406,0.6593984643448013,0.1447431820371976,0.1603217158176943
0.1955515748619196,0.2335131653112166,0.5585114806017419,0.8276624702279687,0.2627317281056893,0.3321658569653146,0.8317395727365209,0.8070826750921538,0.7541486291486291,0.6512111313791202,0.150974912466673,0.1671581769436997
0.1908493805045529,0.2220790723890812,0.5460015835312749,0.8364239537257571,0.2634775197102066,0.3197378827251158,0.8227292544688272,0.7972617166929963,0.7388888888888888,0.6379756501081746,0.15181009283351,0.166130473637176
0.1911479325272428,0.2163620259280135,0.5341250989707047,0.8393160939094931,0.2677391860217345,0.311377245508982,0.8158697863682604,0.7887045813586098,0.726010101010101,0.6258855470241379,0.1520991937297227,0.1653708668453976
0.2030153754291685,0.2215154199210886,0.5192399049881236,0.8297890438924804,0.281163434903047,0.3097955033329567,0.8152303444266821,0.786940494997367,0.7217171717171716,0.6237644763076402,0.1577848446885741,0.1729222520107238
0.2177937005523212,0.2300507287221193,0.5043547110055424,0.8168594760122492,0.2968250585979117,0.3103604112529657,0.8165092283098387,0.7874144286466561,0.7215007215007214,0.6264794468247572,0.1660402813915389,0.1833333333333333
0.216226302433199,0.2250583782913278,0.4978622327790974,0.820432119768629,0.2977839335180055,0.3045983504688735,0.8144165092283099,0.7835703001579778,0.7163059163059162,0.623085733678361,0.1684815778484469,0.1853440571939231
0.2079414838035528,0.21217489330864,0.4902612826603325,0.8319156175569923,0.2944811421265715,0.2928482657326856,0.8082255486121204,0.7781990521327014,0.7079365079365079,0.6144741865693802,0.166200893000546,0.1821268990169794
0.2039110314972383,0.2053305419115871,0.4853523357086303,0.8378700238176251,0.2933091838909014,0.2862953338605806,0.8038657171922685,0.7736703528172723,0.7014790764790765,0.6077716031052476,0.1646911438758793,0.1794012511170688
0.2142857142857143,0.2137048071503342,0.479809976247031,0.8274923443348079,0.3025783081184743,0.2901367077166421,0.8057840430170033,0.7759347024749869,0.7034992784992785,0.6111228948373139,0.170633773409142,0.1854781054512958
0.2233169129720853,0.2183750704565585,0.4699920823436263,0.8198366791425656,0.3122735989772001,0.2900237261326403,0.8081383519837233,0.780463401790416,0.7081529581529582,0.6172739999151572,0.1768012591950146,0.1930294906166219
0.2152560083594566,0.2102423705612368,0.4711005542359462,0.8287682885335148,0.3060941828254847,0.2846006101005536,0.8068594681005669,0.7798578199052133,0.7067460317460318,0.6167225215288679,0.1772509717002345,0.1932529043789097
0.2085385878489326,0.2038006280698929,0.4725257323832147,0.8359986389928548,0.3008736415938632,0.2806462546604903,0.8029937509082983,0.7762506582411796,0.7029220779220778,0.611886480295253,0.173621149336674,0.188337801608579
0.206000895656068,0.1972783637974072,0.4650831353919241,0.840932289894522,0.3015128915405923,0.2734154332843746,0.8012788838831565,0.7745918904686677,0.6995310245310244,0.6077716031052476,0.1703767948347306,0.1839142091152815
0.212419764143902,0.2019486271036315,0.4608076009501188,0.8347226947941477,0.3075857660345195,0.2752231386284035,0.8036331928498766,0.7775934702474987,0.7022727272727273,0.6106986806940143,0.1726574796826314,0.1865058087578195
0.2185400806090461,0.2087124567195426,0.4609659540775931,0.8277475331745492,0.3118474323460473,0.2799683651564795,0.8080802208981253,0.7821221695629278,0.7103535353535353,0.6193950706316549,0.1778934181362629,0.1920464700625558
0.2178683385579937,0.2069409775344231,0.4589073634204276,0.8290234773732562,0.3120605156616237,0.277934696644447,0.8086615317541055,0.7830173775671405,0.7108225108225108,0.6208798201332033,0.1777006842054544,0.1917336907953529
0.2066726377071204,0.1967952331105564,0.46270783847981,0.8407621640013611,0.3027913914340507,0.2721726358603548,0.8040982415346607,0.7799368088467614,0.7067460317460318,0.6165528358715481,0.1726574796826314,0.1851206434316354
0.2030153754291685,0.1935743618648844,0.4639746634996042,0.8445049336509016,0.2998082250159812,0.2704779121003276,0.8022380467955239,0.777172195892575,0.7038600288600289,0.612904594239172,0.1683530885612412,0.1793118856121537
0.2098820719510374,0.2012239310733553,0.4644497228820269,0.8365940796189181,0.3044960579586618,0.2760140097164161,0.8049702078186309,0.7801211163770405,0.7068181818181818,0.6153650362703094,0.1703125501911278,0.1810991957104557
0.2164502164502164,0.2056526290361542,0.4593824228028504,0.8304695474651244,0.3109950990837417,0.2772568071404361,0.8078476965557332,0.7845181674565561,0.7128066378066378,0.6213888771051628,0.1743920850599081,0.1865951742627346
0.2154052843708016,0.1994524518882357,0.4494061757719715,0.8343824430078258,0.3135520988706584,0.2693480962603095,0.8079930242697282,0.785202738283307,0.7139610389610389,0.6215585627624826,0.1747133082779223,0.1869079535299374
0.2054784296163606,0.1867300104678315,0.4454473475851149,0.8468016332085745,0.3077988493500959,0.259066772116145,0.8036622583926755,0.7803844128488678,0.7073232323232322,0.6136681796971112,0.1685779448138511,0.1810098302055406
0.2042095835199283,0.1864884451244061,0.4476642913697546,0.8475671997277987,0.3062007244832729,0.2596316800361541,0.8019183258247348,0.7780674038967879,0.7041125541125541,0.6102744665507148,0.1644020429796665,0.1754244861483467
0.2129422301836095,0.1959900152991384,0.4478226444972288,0.8376148349778837,0.3123801406349882,0.2664105750762625,0.8043598314198517,0.7814375987361769,0.7076118326118326,0.6154498790989692,0.1672609296199929,0.1773905272564789
0.2171219585012688,0.2042032369756019,0.454948535233571,0.8308948621980266,0.3129128489239292,0.2746582307083945,0.8077314343845371,0.7842548709847288,0.7133116883116882,0.6224918338777415,0.1715974430631845,0.1821268990169794
0.2151067323481116,0.2023512360093405,0.4557403008709423,0.8330214358625383,0.3112081823993181,0.2736413964523783,0.8069175991861648,0.7833596629805161,0.7124098124098124,0.6190132779026853,0.1706980180527448,0.1819928507596068
0.2045827735482907,0.1888235767775183,0.4514647664291371,0.8462061925825112,0.305135307905391,0.2626821828042028,0.802499636680715,0.7787256450763559,0.7049422799422799,0.6096805667500955,0.165815425138929,0.1765415549597855
0.2021197193610986,0.1847169659392865,0.4486144101346003,0.849778836338891,0.3042829746430854,0.2587278273641396,0.8008138351983722,0.7766456029489205,0.7016955266955266,0.6053535824884403,0.1635668626128296,0.1740840035746202
0.2095835199283474,0.1927691440534664,0.4486144101346003,0.8411874787342635,0.3097165991902834,0.26437690656423,0.8022089812527249,0.7783307003686151,0.7045093795093795,0.609341195435456,0.1677106421252128,0.1786863270777479
0.2183908045977011,0.2015460181979225,0.4471892319873318,0.8315753657706704,0.3164287236309397,0.2700259857643204,0.8054933875890132,0.7812796208530806,0.7089826839826839,0.6135409154541214,0.1718222993157945,0.1833333333333333
0.2138378862516793,0.1958289717368548,0.4456057007125892,0.8371895202449814,0.3137651821862348,0.2653937408202463,0.8043017003342537,0.7800421274354924,0.7073593073593073,0.6103593093793748,0.1705052841219363,0.1809651474530831
0.2021197193610986,0.1845559223770029,0.4482977038796517,0.849778836338891,0.3044960579586618,0.258501864196136,0.7993314925156227,0.7758030542390731,0.7012265512265512,0.6018326050990541,0.1651729787029006,0.1745308310991957
0.2016718913270637,0.1839117481278686,0.4478226444972288,0.850374276964954,0.3042829746430854,0.2578239746921251,0.7973841011480889,0.7734597156398104,0.6962121212121212,0.5952572858779113,0.1616395233047444,0.1716711349419124
0.2104791759964173,0.1901119252757871,0.4414885193982582,0.8421231711466485,0.3126997656083529,0.2599706247881595,0.7997093445720098,0.7753291205897841,0.6982323232323232,0.5993721630679167,0.1649160001284892,0.1778373547810545
0.2165994924615614,0.196151058861422,0.4405384006334125,0.8354882613133721,0.3173875985510334,0.263811998644221,0.8026158988519111,0.7780147446024223,0.7016594516594516,0.6042506257158614,0.1696058591114966,0.1834226988382484
0.2168980444842513,0.193735405427168,0.4349960411718132,0.8365090166723375,0.3194118900490091,0.2601965879561631,0.8004359831419852,0.7767772511848341,0.6985930735930735,0.599075213167607,0.1688991680318653,0.1819034852546917
0.2068219137184654,0.1848780095015702,0.4391132224861442,0.8469717591017354,0.3108885574259535,0.2554513614280871,0.7959308240081383,0.7730911005792522,0.6924242424242424,0.5910575658592458,0.1642414313706594,0.1756478999106345
0.2013733393043738,0.182542877848458,0.4459224069675376,0.8513099693773393,0.3047091412742382,0.2562422325160998,0.7940124981834036,0.7696682464454977,0.6889610389610389,0.5877911169558394,0.1608364652597089,0.1718051831992851
0.2096581579340199,0.1942990578951606,0.4514647664291371,0.8404219122150391,0.3087577242701896,0.2664105750762625,0.7970643801772999,0.7720379146919432,0.6906565656565655,0.5896576591863574,0.1645947769104751,0.1766756032171581
0.2139871622630243,0.1990498429825268,0.4514647664291371,0.8354031983667914,0.3118474323460473,0.2698000225963168,0.799883737828804,0.7749078462348604,0.694047619047619,0.5929241080897638,0.1689312903536667,0.1819034852546917
0.2133900582176444,0.1940574925517352,0.4430720506730009,0.8383804014971079,0.3142978904751757,0.263247090724212,0.7988955093736375,0.7737493417588205,0.6923520923520924,0.5903788232299665,0.1678391314124185,0.1802055406613047
0.2056277056277056,0.1843948788147194,0.4405384006334125,0.8479074515141205,0.3096100575324951,0.2556773245960908,0.7944484813253888,0.7692206424433912,0.6858946608946609,0.5850337250243923,0.1631171501076098,0.1730116175156389
0.2007015972533214,0.1848780095015702,0.4519398258115598,0.8504593399115346,0.3022586831451097,0.2599706247881595,0.792413893329458,0.7668246445497631,0.6823953823953823,0.5828278114792348,0.1597121839966593,0.1685880250223413
0.2079414838035528,0.1956679281745712,0.4576405384006335,0.8406771010547806,0.3054549328787556,0.2695740594283131,0.7939834326406046,0.768378093733544,0.6838023088023087,0.5840156110804735,0.1616395233047444,0.1702859696157283
0.2163009404388714,0.2044448023190272,0.4574821852731592,0.8312351139843485,0.3115278073726827,0.2756750649644108,0.7975875599476819,0.7724855186940495,0.6894300144300144,0.5873669028125398,0.1659117921043333,0.175692582663092
0.2148828183310941,0.1951847974877204,0.4421219319081552,0.83693433140524,0.3156829320264223,0.2636990170602191,0.7966865281209126,0.7714323328067404,0.6879148629148628,0.5841004539091335,0.166425749253156,0.1767202859696157
0.2054784296163606,0.181335051131331,0.4348376880443389,0.8496087104457299,0.3113147240571063,0.251497005988024,0.792413893329458,0.7672722485518694,0.681998556998557,0.5759131209434523,0.1628601715331984,0.1730563002680965
0.1992834751455441,0.1778726145422337,0.4411718131433096,0.8549676760802996,0.3048156829320264,0.2512710428200203,0.7913965993314925,0.7651658767772512,0.6791847041847041,0.5733254146693251,0.1612540554431274,0.1715817694369973
0.212867592177937,0.1901119252757871,0.4364212193190815,0.8407621640013611,0.3161090986575751,0.2581629194441306,0.7931114663566342,0.7675618746708794,0.6829365079365078,0.5790098841895389,0.1653657126337091,0.1785522788203753
0.2250335871025526,0.2000966261373702,0.4302454473475851,0.8285981626403539,0.3268698060941828,0.2629081459722065,0.7979363464612702,0.7718272775144813,0.687987012987013,0.5845670894667628,0.1712762198451704,0.1869973190348525
0.2228690849380504,0.1955874063934294,0.42596991290578,0.8321708063967337,0.3267632644363946,0.2582759010281323,0.7967446592065107,0.7704844655081622,0.6853535353535354,0.5792644126755186,0.1688028010664611,0.1847184986595174
0.209210329899985,0.1789999194782189,0.4223277909738718,0.8487580809799252,0.318239931813339,0.2453960004519263,0.7922395000726639,0.7657977883096366,0.6795815295815295,0.5725618292113859,0.1627638045677941,0.1768543342269883
0.2032392894461859,0.1723971334245913,0.4220110847189232,0.8556481796529433,0.3140848071595994,0.2406507739238503,0.7912222060746985,0.7638230647709321,0.6764069264069263,0.5695499087939592,0.1599691625710706,0.1726988382484361
0.2146589043140767,0.181335051131331,0.415360253365004,0.8444198707043212,0.3244193479650543,0.2444921477799118,0.7934021217846243,0.7667983149025803,0.680050505050505,0.5735375217409748,0.1641129420834537,0.1776139410187667
0.2220480668756531,0.1880988807472421,0.41298495645289,0.8365940796189181,0.3305987641167696,0.2483335216359733,0.797180642348496,0.7703001579778831,0.6855339105339104,0.579900733890468,0.1696701037550994,0.1843163538873994
0.2135393342289893,0.181335051131331,0.4177355502771181,0.8450153113303845,0.3228212230982313,0.2453960004519263,0.7962796105217265,0.7686677198525539,0.6827922077922077,0.5772281847876809,0.1670039510455816,0.1809204647006256
0.2053291536050156,0.1729607858925839,0.4186856690419637,0.8541170466144947,0.3167483486043043,0.2398599028358377,0.7921523034442668,0.7646919431279621,0.6772727272727272,0.5692953803079795,0.1615752786611416,0.1740840035746202
0.2063740856844305,0.1736854819228601,0.4178939034045922,0.8530962912555291,0.317707223524398,0.2399728844198395,0.790350239790728,0.763059505002633,0.6748917748917748,0.5661986170618929,0.1601940188236806,0.1718498659517426
0.2153306463651291,0.1824623560673162,0.4161520190023753,0.8433991153453556,0.3247389729384189,0.2455089820359281,0.7916000581310856,0.7656924697209058,0.6787518037518038,0.5709498154668476,0.1644662876232694,0.1767649687220732
0.2176444245409762,0.1860053144375554,0.4182106096595408,0.8402517863218782,0.3255913062007244,0.2487854479719805,0.7959308240081383,0.7691153238546604,0.6829004329004328,0.5760828066007722,0.1683852108830426,0.1821715817694369
0.2144349902970592,0.182140268942749,0.4174188440221695,0.8440796189179993,0.3235670147027487,0.2457349452039317,0.7944484813253888,0.7671406003159558,0.6810966810966811,0.5740041572986044,0.1678391314124185,0.1808310991957104
0.2013733393043738,0.1747322650777035,0.4305621536025337,0.8553929908132017,0.3098231408480716,0.2452830188679245,0.7915419270454875,0.7639020537124803,0.6755050505050504,0.5675985237347814,0.1632777617166168,0.1741286863270777
0.2009255112703388,0.1740880908285691,0.4302454473475851,0.8560734943858456,0.3096100575324951,0.2447181109479155,0.7895073390495568,0.7611374407582938,0.6706349206349206,0.562380689772197,0.1596479393530564,0.1693029490616621
0.2105538140020898,0.1823818342861743,0.4261282660332541,0.8461211296359308,0.3179203068399744,0.2490114111399841,0.7918907135590757,0.7645339652448657,0.6756854256854257,0.5678530522207611,0.1634704956474253,0.1730116175156389
0.2183161665920286,0.1901119252757871,0.4248614410134601,0.8376998979244641,0.3238866396761133,0.2539826008360636,0.7960470861793344,0.7691943127962085,0.681962481962482,0.5745132142705638,0.167807009090617,0.1792672028596961
0.2126436781609195,0.183348095659876,0.4235946159936659,0.8445049336509016,0.3202642233113147,0.2487854479719805,0.7948263333817759,0.7669299631384939,0.6791847041847041,0.5710770797098376,0.1657190581735248,0.1780160857908847
0.2030153754291685,0.1725581769868749,0.4228028503562946,0.8556481796529433,0.3136586405284466,0.2409897186758558,0.7908443540183112,0.7624539231174302,0.6727633477633477,0.5650956602893141,0.1608043429379075,0.1716264521894548
0.2007015972533214,0.1722360898623078,0.4270783847980998,0.8571793126913916,0.310568932452589,0.2422325160998757,0.7882865862519983,0.7607951553449184,0.6715728715728716,0.5630170109871464,0.159005492917028,0.168722073279714
0.2120465741155396,0.184153313471294,0.426603325415677,0.8444198707043212,0.3187726401022799,0.2504801717320076,0.7918035169306787,0.7641653501843075,0.6747113997113997,0.5664531455478726,0.16221772509717,0.1730116175156389
0.2169726824899238,0.1885820114340929,0.4248614410134601,0.8392310309629126,0.3229277647560196,0.2529657665800475,0.7956111030373492,0.7670879410215903,0.6806277056277057,0.5735375217409748,0.1672288072981915,0.1797587131367292
0.2120465741155396,0.1808519204444802,0.4199524940617577,0.8461211296359308,0.3211165565736203,0.2457349452039317,0.7939253015550065,0.766535018430753,0.6803030303030303,0.5735799431553049,0.1677106421252128,0.1809204647006256
0.1993581131512165,0.1694983493034866,0.4245447347585115,0.8593058863559034,0.3104623907948007,0.2395209580838323,0.7906990263043162,0.7622169562927856,0.673953823953824,0.5659016671615832,0.1613504224085316,0.172207327971403
0.1954769368562471,0.1708672195828971,0.4354711005542359,0.860837019394352,0.304069891327509,0.24437916619591,0.7893329457927626,0.7601369141653502,0.6698412698412698,0.560598990370339,0.1583630464809996,0.1692582663092046
0.2087625018659501,0.1858442708752717,0.4367379255740301,0.8453555631167063,0.3130193905817174,0.2553383798440853,0.7931695974422321,0.7636650868878356,0.6748917748917748,0.5648411318033344,0.1615752786611416,0.1747542448614834
0.2174951485296312,0.1972783637974072,0.4405384006334125,0.8343824430078258,0.3180268484977626,0.2646028697322336,0.7962796105217265,0.7673512374934176,0.6801226551226551,0.5708649726381878,0.1661045260351418,0.1795352993744414
0.2171965965069413,0.1950237539254368,0.4368962787015044,0.8357434501531134,0.3190922650756446,0.2617783301321885,0.7944194157825898,0.7658767772511849,0.678138528138528,0.5685742162643703,0.1641771867270566,0.1770330652368185
0.2102552619793999,0.1842338352524358,0.4304038004750594,0.8453555631167063,0.3163221819731515,0.2518359507400293,0.7915128615026886,0.762085308056872,0.6729076479076479,0.562423111186527,0.1594873277440493,0.171313672922252
0.2123451261382295,0.1832675738787342,0.4240696753760887,0.8446750595440626,0.3198380566801619,0.2490114111399841,0.7905827641331202,0.7603212216956293,0.6703823953823953,0.5606414117846689,0.1578490893321769,0.1689454870420018
0.2213763248246006,0.1908366213060632,0.4199524940617577,0.8355733242599525,0.3277221393564883,0.2527398034120438,0.7936346461270164,0.7635597682991048,0.6762626262626262,0.5673439952488016,0.1639202081526452,0.1764075067024128
0.2245111210628452,0.1984056687333923,0.4280285035629455,0.8297890438924804,0.3272959727253356,0.2609874590441758,0.7990408370876326,0.7687730384412849,0.6828643578643578,0.574301107198914,0.1699913269731136,0.1837354781054513
0.2200328407224959,0.1918834044609066,0.4247030878859858,0.8357434501531134,0.3251651395695717,0.2552253982600836,0.7980526086324662,0.7678251711427067,0.6811327561327561,0.5729012005260256,0.1697985930423051,0.1831099195710455
0.2137632482460068,0.1824623560673162,0.419477434679335,0.8442497448111603,0.3225015981248668,0.246751779459948,0.7937799738410114,0.7631911532385466,0.6753968253968253,0.5663258813048827,0.1654942019209148,0.1782394995531724
0.2134646962233168,0.1823013125050326,0.4197941409342836,0.8445899965974822,0.3221819731515022,0.246751779459948,0.7915709925882866,0.760821484992101,0.6718614718614719,0.5639927035167354,0.1641129420834537,0.17609472743521
0.2209284967905657,0.1926081004911828,0.424228028503563,0.8348077577407282,0.3260174728318772,0.255564343012089,0.7943903502397907,0.7642180094786729,0.6757936507936507,0.5690832732363298,0.1680639876650284,0.1819034852546917
0.2283176593521421,0.1993719301070939,0.4220110847189232,0.8270670296019054,0.3319838056680161,0.2595186984521523,0.797616625490481,0.7664560294892049,0.6805555555555555,0.574343528613244,0.1714047091323761,0.1864164432529043
0.2235408269891028,0.1955068846122876,0.4243863816310372,0.8318305546104118,0.3277221393564883,0.2577109931081233,0.797180642348496,0.7662717219589258,0.6804112554112554,0.5729436219403555,0.1699270823295107,0.185254691689008
0.2148081803254217,0.1843143570335776,0.4209026128266033,0.8427186117727118,0.3227146814404432,0.248559484803977,0.7927917453858451,0.7624012638230647,0.673953823953824,0.5647987103890044,0.1644020429796665,0.1783288650580875
0.2141364382743693,0.1832675738787342,0.420110847189232,0.843654304185097,0.3225015981248668,0.2475426505479606,0.7917163203022817,0.7610847814639284,0.6714646464646464,0.5621261612862173,0.1620249911663615,0.174798927613941
0.2204060307508583,0.1934938400837426,0.4269200316706256,0.8347226947941477,0.3247389729384189,0.2571460851881143,0.7959017584653393,0.7641390205371248,0.6768037518037517,0.5679378950494209,0.1661045260351418,0.1789544235924932
0.2258546051649499,0.1988887994202431,0.4261282660332541,0.8286832255869344,0.3288940975921585,0.2606485142921703,0.7981107397180642,0.7669826224328594,0.6812049062049061,0.5726466720400458,0.1692846358934824,0.1840929401251117
0.2198835647111509,0.1878573154038167,0.4172604908946952,0.8379550867642056,0.3276155976987002,0.249689300643995,0.7970934457200988,0.765666140073723,0.6789321789321789,0.5695074873796293,0.167807009090617,0.1827077747989276
0.2117480220928496,0.1773089620742411,0.413618368962787,0.848162640353862,0.3230343064138078,0.2409897186758558,0.7917163203022817,0.7607951553449184,0.672150072150072,0.5619140542145675,0.1627316822459927,0.176496872207328
0.2116733840871771,0.1798051372896368,0.4186856690419637,0.8468866961551549,0.3212230982314084,0.2446051293639136,0.7914256648742916,0.7602685624012637,0.6708152958152958,0.5598778263267298,0.1617037679483473,0.1751563896336014
0.2132407822062994,0.1855221837507045,0.426603325415677,0.8429738006124533,0.3196249733645855,0.2513840244040221,0.794913530010173,0.7631911532385466,0.6749278499278499,0.5646714461460146,0.1653978349555105,0.1790884718498659
0.2201821167338408,0.192124969804332,0.4248614410134601,0.8355733242599525,0.3252716812273599,0.2554513614280871,0.7954076442377561,0.7653238546603476,0.678138528138528,0.5697620158656089,0.1693810028588866,0.1841823056300268
0.2122704881325571,0.1859247926564136,0.4294536817102138,0.8433140523987751,0.3180268484977626,0.2527398034120438,0.7939253015550065,0.762954186413902,0.6751082251082251,0.5666652526195224,0.1662651376441489,0.1798033958891867
0.2055530676220331,0.1784362670102262,0.4289786223277911,0.8511398434841785,0.3134455572128702,0.247316687379957,0.7920651068158697,0.7605318588730912,0.6705627705627706,0.562380689772197,0.1618001349137515,0.1743074173369079
0.2051052395879982,0.1796440937273533,0.4323040380047506,0.850714528751276,0.3119539740038355,0.2493503558919896,0.7912512716174974,0.7603738809899947,0.6705266955266954,0.5594960335977602,0.1606437313289004,0.1736371760500447
0.2121212121212121,0.1893872292455109,0.4365795724465558,0.8415277305205852,0.3155763903686341,0.2577109931081233,0.7940124981834036,0.763059505002633,0.6746392496392496,0.5635684893734357,0.1632456393948154,0.1767649687220732
0.2185400806090461,0.193735405427168,0.4315122723673792,0.8356583872065328,0.3218623481781377,0.2589537905321433,0.7967155936637117,0.7657714586624539,0.677020202020202,0.5666228312051924,0.1668754617583759,0.1809204647006256
0.2110762800417972,0.1866494886866897,0.4334125098970705,0.843654304185097,0.3157894736842105,0.2546604903400745,0.795116988809766,0.7634017904160084,0.6751443001443,0.5647562889746744,0.1662651376441489,0.1791331546023235
0.2027168234064786,0.1748127868588453,0.4278701504354712,0.8546274242939776,0.311740890688259,0.24437916619591,0.7913965993314925,0.7606371774618219,0.6713564213564214,0.5608959402706487,0.1617358902701487,0.1734584450402145
0.203090013434841,0.1765842660439648,0.4304038004750594,0.8535216059884314,0.3111016407415299,0.2465258162919443,0.7924720244150559,0.7607951553449184,0.6707792207792207,0.5601747762270395,0.1606758536507018,0.1720732797140303
0.2148081803254217,0.1951042757065786,0.441963578780681,0.8370193943518204,0.3156829320264223,0.2635860354762173,0.7981979363464612,0.7651132174828856,0.6773809523809524,0.5675985237347814,0.1667148501493688,0.179177837354781
0.2151067323481116,0.2084708913761172,0.4679334916864608,0.8297890438924804,0.3070530577455785,0.2823409784205175,0.8038947827350675,0.7693786203264876,0.6838744588744589,0.5757010138718025,0.1715331984195817,0.1846738159070599
0.2103298999850724,0.2100008052178114,0.4809184481393507,0.8317454916638313,0.2992755167270402,0.2879900576206078,0.8053480598750182,0.7701421800947866,0.6849206349206348,0.5769736563017012,0.1705695287655391,0.1831992850759607
0.2068219137184654,0.2057331508172961,0.4799683293745052,0.8359135760462743,0.2971446835712763,0.2846006101005536,0.8038947827350675,0.7678251711427067,0.682034632034632,0.5738768930556145,0.1683530885612412,0.1789544235924932
0.2114494700701597,0.2116112408406474,0.4817102137767222,0.8302143586253828,0.2998082250159812,0.2894588182126313,0.8056387153030083,0.7690363349131121,0.6824675324675324,0.5738768930556145,0.1682567215958369,0.1789991063449508
0.2209284967905657,0.2244947258233351,0.486935866983373,0.8179652943177952,0.3048156829320264,0.3003050502768049,0.8103473332364481,0.7733280674038967,0.6882034632034632,0.578882619946549,0.1719186662811988,0.1836907953529937
0.2260038811762949,0.2344794266849182,0.4958036421219319,0.8098843143926506,0.3054549328787556,0.3104733928369675,0.8133120186019475,0.7770405476566614,0.6938311688311688,0.5850337250243923,0.1758054672191706,0.1888739946380697
0.2251082251082251,0.2380223850551574,0.5046714172604909,0.8085233072473631,0.3018325165139569,0.3161224720370579,0.8108414474640314,0.7753027909426013,0.6927849927849927,0.5847791965384126,0.1753878770357521,0.188337801608579
0.2217495148529631,0.239391255334568,0.5144893111638955,0.8097141884994896,0.2961858086511826,0.3205287538131284,0.8033425374218863,0.770984728804634,0.6901515151515151,0.5809612692487168,0.1738781279110854,0.1857015192135835
0.222346618898343,0.2475239552298897,0.5292161520190025,0.8050357264375638,0.2916045173662902,0.3316009490453055,0.7954948408661532,0.7673249078462349,0.6888528138528138,0.5820642260212956,0.1759660788281777,0.1877122430741733
0.2377220480668756,0.2725662291649891,0.5456848772763263,0.7830894862198026,0.2970381419134881,0.3549881369336797,0.7876762098532191,0.7656924697209058,0.6908730158730159,0.5872820599838798,0.1819087083614403,0.1969168900804289
0.2493655769517838,0.2864964973025203,0.5485352335708631,0.7690541000340253,0.3043895163008736,0.3658343689978533,0.782618805406191,0.7655871511321748,0.6929292929292928,0.5914817800025454,0.1859882432302206,0.2042448614834674
0.2466786087475742,0.2801352765923182,0.5417260490894696,0.7739877509356924,0.3048156829320264,0.3588295107897412,0.7761081238192122,0.761216429699842,0.6875180375180374,0.5855003605820219,0.1834827021297099,0.2031277926720285
0.2368263919988057,0.2633062243336823,0.5293745051464768,0.7884484518543723,0.3019390581717451,0.3426731442774827,0.7667780845807295,0.7535281727224855,0.6751803751803751,0.5699741229372588,0.1759018341845748,0.194816800714924
0.2341394237945962,0.255012480876077,0.518923198733175,0.7943177951684246,0.3035371830385681,0.3331826912213309,0.7609649760209272,0.7482885729331227,0.6658369408369409,0.5597505620837399,0.1714368314541775,0.1910634495084897
0.2433945364979847,0.2637893550205331,0.516547901821061,0.7844504933650903,0.3108885574259535,0.3384928256694159,0.7594826333381776,0.7476303317535545,0.6654040404040403,0.5604717261273492,0.1740708618418939,0.1965594280607685
0.254440961337513,0.2776391013769224,0.5203483768804434,0.7708404219122151,0.3176006818666098,0.349565020901593,0.7600639441941579,0.7501579778830963,0.6703823953823953,0.5661986170618929,0.1804632038803764,0.2038427167113494
0.2570532915360501,0.279007971656333,0.5176563737133809,0.7686287853011228,0.3203707649691029,0.3494520393175912,0.7586687981398053,0.7485781990521326,0.6675685425685426,0.5619140542145675,0.1786001092158941,0.2028596961572833
0.2563815494849977,0.2725662291649891,0.5062549485352337,0.7723715549506637,0.3236735563605369,0.3408654389334539,0.7569539311146635,0.7457609268035807,0.6636363636363636,0.5563992703516736,0.1762551797243904,0.1999553172475424
0.2674279743245261,0.263386746114824,0.4647664291369755,0.7709254848587955,0.345514596207117,0.3197378827251158,0.7601511408225549,0.7488678251711427,0.6663059163059163,0.5585203410681713,0.1796280235135395,0.2042001787310098
0.2846693536348708,0.2612931798051373,0.4240696753760887,0.7622490643075877,0.3715107607074365,0.3036944977968591,0.7673593954367097,0.7550026329647183,0.6722943722943723,0.5638654392737454,0.1849282066107738,0.2118409294012511
0.2827287654873861,0.2557371769063531,0.4174188440221695,0.7663320857434501,0.3723630939697421,0.2973675290927578,0.7739863391948845,0.7596893101632438,0.6768759018759019,0.5686166376787003,0.18846166200893,0.2150580875781947
0.2749664128974473,0.2467187374184717,0.415993665874901,0.7754338210275604,0.367355636053697,0.2905886340526494,0.7752070919924429,0.7602159031068983,0.6782828282828283,0.5687439019216901,0.18823680575632,0.2123771224307417
0.2635467980295566,0.2289234237861341,0.4052256532066509,0.7914256549846888,0.3627743447688046,0.2743192859563891,0.7745967155936636,0.7615587151132175,0.6790043290043289,0.5681924235354008,0.1856027753686036,0.2081769436997319
0.2584714136438274,0.210564457685804,0.3800475059382423,0.8039299081320178,0.3675687193692734,0.2524008586600383,0.7761953204476094,0.7625065824117957,0.6779220779220779,0.5639927035167354,0.1811698949600077,0.2009383378016085
0.2542916853261681,0.2056526290361542,0.3790973871733967,0.8089486219802654,0.3650117195823567,0.248559484803977,0.7838686237465485,0.767693522906793,0.6825396825396824,0.5657319815042634,0.1801419806623622,0.1973190348525469
0.2395133602030153,0.1940574925517352,0.3876484560570072,0.8234943858455258,0.3514809290432559,0.2435882951078973,0.7878506031100131,0.7688783570300157,0.6829365079365078,0.5645017604886947,0.1761266904371848,0.1922698838248436
0.2152560083594566,0.1774700056365247,0.4064924782264449,0.8461211296359308,0.3278286810142765,0.2386171054118178,0.7883737828803953,0.7652448657187993,0.6775252525252524,0.5593687693547703,0.1690919019626738,0.1845844504021447
0.1952530228392297,0.1599967791287543,0.4144101346001584,0.8667063627084043,0.3108885574259535,0.229126652355666,0.7865135881412585,0.7620063191153238,0.670959595959596,0.5507996436601197,0.1610291991905175,0.1736371760500447
0.1951783848335572,0.1562122554150898,0.4071258907363421,0.8687478734263355,0.313339015555082,0.2239294994915828,0.7866879813980526,0.7609004739336493,0.6683261183261183,0.5464302379841345,0.1578812116539783,0.1695263628239499
0.2036124794745484,0.162895563249859,0.4026920031670626,0.8604117046614495,0.3207969316002557,0.2269800022596317,0.7902630431623311,0.7650078988941548,0.672979797979798,0.5511390149747594,0.1620571134881629,0.1746201966041108
0.2054037916106881,0.1655527820275384,0.4039588281868568,0.8580299421571964,0.3217558065203494,0.2293526155236696,0.792617352129051,0.767403896787783,0.6768398268398268,0.5548296780214652,0.1651729787029006,0.1788203753351206
0.1988356471115091,0.1569369514453659,0.4009501187648457,0.866281047975502,0.3180268484977626,0.2222347757315557,0.792530155500654,0.7661927330173776,0.6746031746031746,0.5525389216476477,0.1618643795573544,0.1747542448614834
0.1910732945215703,0.1467106852403575,0.3973079968329375,0.8761483497788364,0.3136586405284466,0.2137611569314202,0.7882575207091992,0.7617693522906793,0.6686868686868687,0.5451575955542358,0.1565963187819215,0.1682305630026809
0.190103000447828,0.1449392060552379,0.3958828186856691,0.8775944198707044,0.3135520988706584,0.2119534515873912,0.7866298503124546,0.7607688256977356,0.6685425685425685,0.5443515886819668,0.1563393402075102,0.1677390527256479
0.1951037468278847,0.1527498188259924,0.4006334125098971,0.870619258251106,0.3154698487108459,0.2191842729635069,0.7910187472751053,0.7652185360716166,0.6744227994227994,0.5499512153735207,0.161221933121326,0.1734137622877569
0.2013733393043738,0.1588694741927691,0.3993665874901029,0.8638142225246684,0.3203707649691029,0.2230256468195683,0.7936346461270164,0.7682201158504476,0.6783549783549784,0.5545751495354856,0.1636311072564324,0.1771224307417337
0.1914464845499328,0.1497705129237458,0.4025336500395883,0.874276964954066,0.3122735989772001,0.2178284939554852,0.7910768783607034,0.7658767772511849,0.676010101010101,0.5521147075043482,0.1611576884777231,0.1734137622877569
0.1818181818181818,0.1409131169981479,0.4055423594615994,0.884399455597142,0.3043895163008736,0.212631341091402,0.7869205057404447,0.7608741442864666,0.6699134199134199,0.5451575955542358,0.1562750955639073,0.1660857908847185
0.186744290192566,0.1475159030517755,0.4080760095011877,0.8781898604967676,0.3069465160877903,0.2181674387074907,0.7850312454585089,0.7599526066350711,0.6703102453102453,0.5458363381835151,0.1566284411037229,0.1647006255585344
0.2022689953724436,0.1620098236572993,0.4038004750593825,0.8616876488601566,0.3195184317067973,0.226754039091628,0.7837814271181514,0.7639810426540284,0.6809163059163058,0.5598778263267298,0.1653657126337091,0.1754244861483467
0.2080161218092252,0.1666800869635236,0.4006334125098971,0.8559033684926847,0.3247389729384189,0.2290136707716642,0.784973114372911,0.7701685097419695,0.6974025974025975,0.5802825266194376,0.1743278404163052,0.1836461126005361
0.2169726824899238,0.1624929543441501,0.3733966745843231,0.8530112283089487,0.3402940549754953,0.2162467517794599,0.7830838540909751,0.7808846761453396,0.7214646464646464,0.6068807534043186,0.1811377726382063,0.1858802502234137
0.2267502612330198,0.1537966019808358,0.3355502771179731,0.8519904729499831,0.3598977200085233,0.1967009377471472,0.7681150995494841,0.7743812532912059,0.7282828282828283,0.6315275951300217,0.1892325977321641,0.1882484361036639
0.2466786087475742,0.1889846203398019,0.3624703087885986,0.8220483157536577,0.3651182612401449,0.2310473392836967,0.7317541055079203,0.7250921537651396,0.7005411255411255,0.6628345989055276,0.2156692685747325,0.2106791778373548
0.2713091506194954,0.2523552620983976,0.4348376880443389,0.7745831915617557,0.3582995951417003,0.3012089029488193,0.6755704112774307,0.6352290679304897,0.6322510822510822,0.6903236753913377,0.2600301949824933,0.2508489722966934
0.3150470219435736,0.3327159996779129,0.5000791765637372,0.7072133378700239,0.3675687193692734,0.3809739012540955,0.5891585525359685,0.5240652975250131,0.541053391053391,0.7201883510796251,0.3271016029038578,0.3113047363717605
0.3731153903567696,0.4229003945567277,0.5542359461599368,0.6264886015651583,0.3907948007670999,0.4634504575754152,0.4894637407353583,0.4233017377567141,0.4601010101010101,0.7701607771603105,0.4176544280620603,0.3922698838248436
0.438572921331542,0.5200096626137369,0.6063341250989708,0.537853011228309,0.4199872150010654,0.5502203140888035,0.3817177735794216,0.3186940494997367,0.3531746031746031,0.7898443134094092,0.5200603899649867,0.4872654155495979
0.5324675324675324,0.6357999838956438,0.6349960411718133,0.4232732221844165,0.4774131685489026,0.641622415546266,0.2507484377270745,0.1948130595050026,0.2149350649350649,0.7770330462817632,0.6371462529311618,0.6042001787310097
0.648081803254217,0.7581930912311782,0.6302454473475851,0.2927015991833957,0.5615810782015768,0.7257936956276126,0.1372765586397325,0.0952869931542917,0.1044733044733044,0.7833538370169263,0.7802511965564871,0.7466487935656836
0.7859381997313033,0.8437072228037685,0.505938242280285,0.1689350119088125,0.7017898998508416,0.7414981358038639,0.0697282371748291,0.0727488151658767,0.0885642135642135,0.8346413269418402,0.9192444829912306,0.8854781054512958
0.8727422003284072,0.85586601175618,0.3458432304038005,0.1131337189520244,0.8176006818666098,0.6929160546830866,0.0673157971225112,0.10231700895208,0.1052669552669552,0.8228905951724431,0.9744948764896728,0.9572386058981234
0.8786386027765339,0.8046541589499959,0.2324623911322248,0.136781218101395,0.8598977200085233,0.6165405038978646,0.1073971806423484,0.1486045286993154,0.0937229437229437,0.6708522462138888,0.913526709710578,0.942225201072386
0.836169577548888,0.7231661164344955,0.1623119556611243,0.203980945899966,0.853185595567867,0.5342899107445487,0.1798866443830837,0.2038177988414954,0.0687229437229437,0.4313833623212998,0.7660531303202595,0.8694369973190348
0.7906403940886699,0.6567356469925115,0.1282660332541567,0.2650561415447432,0.8321968889835926,0.4756524686476104,0.26676355180933,0.2711953659820958,0.0715007215007215,0.2308573367836083,0.6300150974912466,0.7970509383378016
0.7358560979250636,0.6039133585634915,0.1406175771971496,0.3241748894181694,0.7889409759215853,0.4428878092870861,0.3501525940996948,0.3445497630331753,0.1118686868686868,0.1223009375132567,0.5210561819408307,0.7261840929401251
0.6442752649649202,0.5683227312988163,0.2649247822644497,0.3952024498128616,0.6816535265288728,0.4623206417353971,0.4262171196047086,0.4079778830963664,0.173989898989899,0.1117380053450981,0.426809289775465,0.6446827524575514
0.5482161516644275,0.5201707061760206,0.3740300870942201,0.4753317454916638,0.5764969102919242,0.4674048130154784,0.4907426246185146,0.4612164296998419,0.2395021645021645,0.1473719933822593,0.3485914361890078,0.5585344057193923
0.4463352739214808,0.4652548514373137,0.4823436262866192,0.5623511398434842,0.467291711059024,0.4675177945994802,0.5631158261880541,0.5265666140073723,0.3313852813852813,0.2259788741356637,0.2891008962127782,0.4724754244861483
0.3452754142409314,0.4052661244866736,0.5786223277909739,0.6516672337529773,0.3627743447688046,0.4598350468873572,0.6449353291672723,0.6074249605055292,0.4463203463203463,0.333008102490137,0.2445151135524075,0.386550491510277
0.260859829825347,0.34109026491666,0.6315122723673794,0.73366791425655,0.2847858512678457,0.4336233193989379,0.7170469408516204,0.6808056872037914,0.551046176046176,0.4329529546515081,0.2081205229513989,0.303976764968722
0.2039110314972383,0.2538851759400918,0.5806809184481394,0.8121810139503234,0.2612401448966545,0.3544232290136707,0.7648016276703967,0.7315165876777251,0.6208152958152958,0.4933186272430322,0.1682245992740355,0.224798927613941
0.1710703090013434,0.1838312263467268,0.5127474267616786,0.8678972439605309,0.2606008949499254,0.2809851994124958,0.7924429588722569,0.7613744075829384,0.6605699855699856,0.5238196241462691,0.1413060936044457,0.1730116175156389
0.1628601283773697,0.152508253482567,0.4685669041963579,0.8891629806056482,0.2695503942041338,0.243249350355892,0.8102310710652522,0.7805950500263297,0.6861111111111111,0.5461332880838248,0.1348495069223603,0.1553172475424486
0.1683833407971339,0.149287382236895,0.4503562945368172,0.8876318475671998,0.2796718516940123,0.234436786803751,0.8256648742915274,0.7969457609268036,0.7085497835497835,0.5676833665634413,0.1378690051716938,0.1537980339588918
0.1659202866099418,0.140510508092439,0.438479809976247,0.8937563797209935,0.2819092265075644,0.2240424810755847,0.8360703386135736,0.8085834649815692,0.722979797979798,0.5803249480337676,0.1386399408949279,0.1494638069705093
0.1575608299746231,0.1262581528303406,0.4281868566904196,0.9060054440285812,0.279458768378436,0.2104846909953677,0.8377270745531172,0.8101895734597157,0.7265512265512266,0.5821490688499555,0.1323439658218496,0.1400804289544236
0.1515151515151515,0.1155487559384813,0.420110847189232,0.9151071793126916,0.277860643511613,0.1999774036831996,0.8392384827786659,0.8118483412322275,0.7291847041847042,0.5818521189496458,0.1270759050464167,0.1327077747989276
0.151291237498134,0.1182864964973025,0.4258115597783057,0.913746172167404,0.2757298103558491,0.2040447407072647,0.8438308385409098,0.816929963138494,0.736940836940837,0.5892758664573877,0.1284892872056792,0.1318588025022341
0.1588296760710554,0.1271438924229003,0.427236737925574,0.9048145627764548,0.2806307266141061,0.2107106541633713,0.8485975875599477,0.822827804107425,0.7464285714285714,0.599117634581937,0.132376088143651,0.1352993744414656
0.1595014181221077,0.1274659795474676,0.4264449722882027,0.904304185096972,0.2813765182186235,0.2105976725793695,0.8528992878942014,0.8267245918904685,0.7526695526695526,0.6069231748186484,0.1352349747839774,0.1378016085790884
0.148380355276907,0.1138577985345036,0.4232779097387174,0.917744130656686,0.2745578521201789,0.1999774036831996,0.8511553553262607,0.8254607688256976,0.7516233766233765,0.6052263182454504,0.1314124184896084,0.1314566577301161
0.1444245409762651,0.1081407520734359,0.4205859065716549,0.9230180333446752,0.2725335606222032,0.1950062139871201,0.84941142275832,0.8233280674038967,0.7498917748917748,0.6015780766130743,0.1270116604028139,0.1253798033958891
0.1492013733393043,0.1127304935985184,0.4193190815518607,0.9179142565498468,0.2763690603025783,0.1978307535871652,0.8509518965266676,0.8250131648235914,0.7535353535353535,0.6040809400585416,0.1266904371847997,0.1253351206434316
0.1540528437080161,0.121668411305258,0.426603325415677,0.9104287172507656,0.2774344768804602,0.2066433171393062,0.8557186455457055,0.8303844128488678,0.761038961038961,0.6126076443388623,0.1303523818701615,0.1307864164432529
0.1583818480370204,0.1277075448908929,0.4292953285827395,0.9048145627764548,0.2795653100362241,0.2118404700033894,0.8581892166836215,0.833359662980516,0.7659090909090909,0.6165952572858779,0.1334361247630978,0.1338695263628239
0.151440513509479,0.1186085836218697,0.4261282660332541,0.9134909833276624,0.2757298103558491,0.2042707038752683,0.856561546286877,0.8318062137967351,0.7629870129870129,0.6135409154541214,0.1304808711573672,0.1298480786416443
0.1469622331691297,0.1099122312585554,0.4185273159144894,0.920636270840422,0.2750905604091199,0.1954581403231274,0.854468827205348,0.829489204844655,0.7604617604617605,0.6106562592796845,0.125951623783367,0.1239946380697051
0.1498731153903567,0.1145824945647797,0.4215360253365005,0.9165532494045594,0.2761559769870019,0.1998644220991978,0.8558639732597006,0.8309110057925224,0.7632756132756132,0.6124803800958725,0.1253734219909415,0.1239946380697051
0.1559934318555008,0.1267412835171913,0.4324623911322249,0.9066008846546446,0.2769017685915192,0.2122923963393967,0.8617642784479,0.8368878357030016,0.7724747474747475,0.6210919272048531,0.1308020943753814,0.1300268096514745
0.1582325720256754,0.1277075448908929,0.4296120348376881,0.9048145627764548,0.279458768378436,0.2119534515873912,0.8653684057549774,0.8407319641916798,0.7787518037518038,0.6267763967250669,0.1335967363721049,0.1321268990169794
0.1527839976115838,0.1197358885578548,0.4254948535233571,0.9122150391289556,0.2769017685915192,0.2048356117952773,0.8628397035314634,0.8392048446550816,0.777958152958153,0.6254613328808384,0.1305772381227715,0.1271224307417337
0.1450962830273175,0.1111200579756824,0.4248614410134601,0.9211466485199048,0.2716812273598977,0.1986216246751779,0.8597006249091702,0.837124802527646,0.7758297258297259,0.6203283417469139,0.1257910121743599,0.1208221626452189
0.1425585908344529,0.1133746678476528,0.4346793349168646,0.9214018373596462,0.2665672277860643,0.2037057959552592,0.861706147362302,0.8390468667719853,0.7785353535353535,0.6223221482204218,0.1247630978767145,0.120017873100983
0.1489774593222869,0.1247282389886464,0.4433887569279494,0.9117046614494728,0.2681653526528872,0.2147779911874364,0.8682458944920797,0.8455502896261189,0.7878066378066377,0.6319093878589913,0.1290996113199062,0.125201072386059
0.1507687714584266,0.1255334568000644,0.441330166270784,0.9102585913576048,0.2700831024930747,0.2146650096034346,0.8718790873419562,0.8495523959978936,0.7945526695526695,0.6374665931362152,0.1311233175933956,0.1268096514745308
0.1425585908344529,0.1138577985345036,0.4356294536817102,0.9210615855733244,0.2661410611549115,0.2043836854592701,0.8709780555151868,0.84826224328594,0.7938672438672438,0.6356424723200272,0.1259195014615656,0.1202412868632707
0.1321092700403045,0.1048393590466221,0.4400633412509898,0.9317795168424636,0.2572981035584913,0.1996384589311942,0.8701060892312164,0.8482885729331227,0.7931096681096681,0.6344970941331185,0.1196235263884873,0.1133601429848078
0.1336766681594267,0.1102343183831226,0.4475059382422804,0.9281218101395032,0.2558065203494566,0.2060784092192972,0.87147216974277,0.8512374934175881,0.797150072150072,0.6382726000084843,0.1186598567344447,0.1120196604110813
0.1394237945962083,0.1213463241806908,0.4570071258907364,0.9189350119088124,0.2567653952695504,0.2172635860354762,0.8775468681877634,0.8583464981569247,0.807070707070707,0.646926568531795,0.1221290674889981,0.1171134941912421
0.1385281385281385,0.1226346726789596,0.4615993665874902,0.9187648860156516,0.2545280204559983,0.219749180883516,0.8828077314343845,0.863823064770932,0.8155122655122655,0.653204937852628,0.1234782050046577,0.1185880250223413
0.1306911479325272,0.1138577985345036,0.4608076009501188,0.927866621299762,0.2492009375665885,0.2133092305954129,0.8833309112047667,0.8642706687730385,0.8174963924963925,0.6522292453230392,0.119141691561466,0.111751563896336
0.1226302433198984,0.106047185763749,0.4623911322248614,0.9366281047975502,0.242914979757085,0.2084510224833352,0.8833890422903647,0.8641916798314901,0.8173881673881673,0.6507020744071608,0.1132633066718062,0.1045129579982126
0.1262128675921779,0.1131331025042274,0.4688836104513064,0.930758761483498,0.2433411463882377,0.2157948254434527,0.8870803662258393,0.8696155871511322,0.8249639249639249,0.6571925507996437,0.1134239182808133,0.1046023235031278
0.1324824600686669,0.1243256300829374,0.4775930324623912,0.9213167744130658,0.2448327295972725,0.2266410575076262,0.8948118006103764,0.8781200631911532,0.8365079365079364,0.668010011453782,0.1163791718865439,0.1079535299374441
0.1325570980743394,0.1289153716080199,0.4866191607284245,0.918849948962232,0.2419561048369912,0.2330810077957293,0.8998401395146054,0.8848341232227488,0.8455266955266955,0.6758155516904935,0.1156403584851113,0.1079088471849866
0.1250186595014181,0.1221515419921088,0.4891528107680126,0.9266757400476354,0.2356701470274877,0.2293526155236696,0.901119023397762,0.8873880989994734,0.8484487734487735,0.6750519662325543,0.1096013619864443,0.1008489722966934
0.1161367368263919,0.1161124084064739,0.4962787015043548,0.9349268458659408,0.2269337310888557,0.2276578917636425,0.9014968754541492,0.8888888888888888,0.8509018759018758,0.6736520595596658,0.1038835887057916,0.0928507596067917
0.1164352888490819,0.123278846928094,0.5095803642121933,0.9310139503232392,0.2226720647773279,0.237374307987798,0.906147362301991,0.8950763559768299,0.8594516594516595,0.6806515929241082,0.1025665735119334,0.0915996425379803
0.1201671891327063,0.1326998953216845,0.5203483768804434,0.9238686628104796,0.2217131898572341,0.2478815952999661,0.9148088940560964,0.9050552922590838,0.8718614718614719,0.6916387392355662,0.1046224021072243,0.0945933869526362
0.119047619047619,0.1370480715033417,0.5312747426761679,0.922252466825451,0.2172384402301299,0.2547734719240763,0.9224240662694376,0.9138493944181147,0.8842352092352093,0.7005048148305265,0.1044296681764157,0.0943252904378909
0.1111359904463352,0.1302037201062887,0.5344418052256533,0.930418509697176,0.2105263157894736,0.2510450796520166,0.9243133265513732,0.9180621379673513,0.8894660894660894,0.7002502863445469,0.0970415341620892,0.0853440571939231
0.1013584117032392,0.1247282389886464,0.5444180522565322,0.9388397414086423,0.2001917749840187,0.2508191164840131,0.9250108995785497,0.9211427066877304,0.8944805194805194,0.7011835574598058,0.0902316019401882,0.0775692582663092
0.099641737572772,0.1297205894194379,0.5578780680918449,0.9372235454236136,0.1944385254634562,0.259066772116145,0.9324226129922976,0.9293575566087416,0.9049062049062048,0.7076740338522887,0.0872442260126561,0.0750223413762287
0.1058366920435885,0.1444560753683871,0.5737133808392717,0.9259101735284112,0.1935861922011506,0.2751101570444018,0.9437000435983142,0.941390205371248,0.9211760461760462,0.7207822508802444,0.0885612412065144,0.0774352100089365
0.1047171219585012,0.1481600773009098,0.5833729216152019,0.9245491663831236,0.189431067547411,0.2812111625804993,0.9508792326696702,0.9503686150605584,0.9331529581529582,0.7280787341449964,0.0863769233240178,0.0759606791778373
0.089864158829676,0.1383364200016104,0.5955661124307207,0.9382443007825793,0.17472831877264,0.2786125861484578,0.9535532626071792,0.9540021063717746,0.937121212121212,0.7269333559580877,0.0763226366001734,0.0658176943699732
0.0751604717121958,0.1297205894194379,0.6098178939034047,0.9511738686628104,0.1594928617089282,0.2777087334764433,0.9555587850603108,0.9562664560294892,0.940079365079365,0.7245153353412804,0.0659471266583148,0.0532618409294012
0.0755336617405582,0.1371285932844834,0.6235946159936661,0.9470057842803676,0.1551246537396121,0.2877640944526041,0.9621275977328876,0.9637177461822012,0.9493145743145744,0.7283332626309762,0.0612893899971089,0.0489276139410187
0.0750858337065233,0.150897817859731,0.6517814726840856,0.9399455597141888,0.1453228212230982,0.3075358716529205,0.9707891294869933,0.9724065297525012,0.961075036075036,0.7365205955966573,0.0598117631942436,0.0497319034852546
0.0631437527989252,0.1513809485465818,0.6779097387173397,0.9464954066008848,0.1279565310036224,0.3171393062930742,0.9766313035895946,0.978146392838336,0.9686868686868688,0.7407627370296526,0.0555073720728534,0.0464253798033958
0.0495596357665323,0.1437313793381109,0.6916864608076011,0.95831915617557,0.1136799488600042,0.316687379957067,0.9773870077023687,0.9783570300157975,0.9683261183261184,0.7360963814533578,0.0460955317850374,0.0363270777479892
0.0399313330347813,0.1404299863112972,0.7056215360253365,0.96554950663491,0.1021734498188791,0.3192859563891085,0.9764569103328004,0.9775934702474988,0.967099567099567,0.7309209689051034,0.0360733673829944,0.0247095621090259
0.0402298850574712,0.1479185119574845,0.7198733174980207,0.9614664851990474,0.0974856168761986,0.3296802621172749,0.9787821537567214,0.9801474460242232,0.972150072150072,0.7338480464938701,0.0324114226976326,0.0216711349419124
0.0438125093297507,0.1616877365327321,0.7391923990498813,0.9521095610751956,0.0935435755380353,0.3461755733815387,0.9861648016276704,0.9860716166403368,0.980050505050505,0.7405930513723328,0.033214480742668,0.0254244861483467
0.0426929392446633,0.1653917384652548,0.7488519398258117,0.9508336168764888,0.0894949925420839,0.3522765789176363,0.9872402267112338,0.9867825171142706,0.9811688311688312,0.7399567301573835,0.0305804503549516,0.0249329758713136
0.03209434243917,0.1603188662533215,0.7613618368962788,0.9595100374276966,0.0777754101853824,0.3531804315896508,0.9835779683185584,0.9833070036861504,0.9767676767676768,0.7338480464938701,0.0242202306382705,0.0181858802502234
0.0299298402746678,0.1626539979064337,0.7705463182897864,0.9595100374276966,0.0731941189004901,0.3580386397017285,0.9799738410114808,0.9781990521327012,0.972077922077922,0.7280363127306666,0.0193697600462561,0.0140750670241286
0.0339602925809822,0.1735244383605765,0.7832145684877276,0.9515141204491324,0.0717025356914553,0.3702406507739238,0.9784624327859324,0.9768825697735648,0.9714646464646464,0.7276545200016968,0.0194661270116603,0.0156389633601429
0.0417972831765935,0.1864884451244061,0.7922406967537611,0.9401156856073496,0.0743660771361602,0.3825556434301208,0.9787240226711232,0.9760136914165348,0.9721861471861472,0.7322360327493319,0.0245735761780861,0.0229669347631814
0.0454545454545454,0.189709316370078,0.7909738717339668,0.9363729159578088,0.0773492435542297,0.3843633487741498,0.9744513878796688,0.9714586624539232,0.968037518037518,0.7322784541636619,0.0283640101506536,0.0285969615728328
0.0447081653978205,0.1876962718415331,0.7884402216943786,0.9378189860496768,0.0776688685275942,0.3821037170941136,0.9638424647580291,0.961216429699842,0.955952380952381,0.7241759640266408,0.0279785422890366,0.0281054512957998
0.0441856993581131,0.1838312263467268,0.7819477434679336,0.94020074855393,0.0794800767099936,0.3770195458140323,0.9525650341520128,0.9488941548183256,0.94011544011544,0.7131888177151827,0.0272718512094054,0.0271224307417336
0.0535154500671742,0.1955068846122876,0.7851148060174189,0.9287172507655668,0.0851267845727679,0.3862840357021805,0.9451533207382647,0.9395471300684572,0.9295093795093796,0.7106011114410555,0.034435128971122,0.0348078641644325
0.0696372592924317,0.2091150656252516,0.7778305621536027,0.912300102075536,0.0990837417430215,0.3932888939102926,0.9388751634936782,0.9318588730911006,0.9209235209235208,0.7105586900267257,0.0457743085670232,0.0494191242180518
0.080534408120615,0.2149931556486029,0.7661124307205068,0.9030282408982648,0.110803324099723,0.3932888939102926,0.9297195175119896,0.9206687730384412,0.9081890331890332,0.707461926780639,0.0574025890591371,0.0624664879356568
0.0860576205403791,0.2116917626217892,0.747901821060966,0.9015821708063968,0.1208182399318133,0.3843633487741498,0.9148088940560964,0.903291205897841,0.8868326118326119,0.6951172952106224,0.0651119462914779,0.0693029490616622
0.0889685027616062,0.2058941943795797,0.7304829770387966,0.9030282408982648,0.1287023226081397,0.374195006213987,0.8988519110594391,0.8843865192206425,0.8629148629148629,0.6815848640393671,0.0723073463749959,0.0759159964253798
0.1056874160322436,0.2145100249617521,0.7116389548693587,0.888907791765907,0.1470274877477093,0.3735171167099762,0.8883011190233978,0.8719589257503949,0.847041847041847,0.6774699868493615,0.0851562750955639,0.0911528150134048
0.1273324376772652,0.226185683227313,0.6888361045130643,0.8704491323579449,0.1701470274877476,0.3735171167099762,0.8805406190960616,0.8631121642969983,0.8343434343434343,0.6773851440207017,0.1014101699270823,0.1109025915996425
0.1392745185848634,0.2258635961027458,0.6627078384798101,0.8638142225246684,0.1874067760494353,0.3640266636538243,0.8713849731143729,0.8518694049499737,0.8187590187590188,0.6718703601578077,0.1154476245543027,0.1251563896336014
0.1442752649649201,0.2162815041468717,0.6332541567695963,0.8660258591357605,0.2009375665885361,0.3467404813015479,0.8573463159424503,0.8358083201685098,0.797041847041847,0.6582955075722225,0.1221611898107995,0.1320822162645219
0.1478578892371995,0.2076656735646992,0.6090261282660334,0.8684926845865941,0.2116982740251438,0.3320528753813129,0.844499346025287,0.8215639810426539,0.7757575757575756,0.643151062656429,0.1269795380810125,0.1364611260053619
0.1653978205702343,0.2155568081165955,0.5870150435471101,0.8543722354542362,0.2315150223737481,0.3297932437012767,0.8370876326115391,0.8125329120589784,0.7639971139971139,0.6369575361642558,0.1365198676560342,0.1472743521000893
0.1858486341244962,0.2263467267895966,0.5651623119556612,0.8370193943518204,0.2534626038781163,0.329567280533273,0.8338032262752506,0.8073986308583464,0.7565295815295815,0.6361515292919866,0.148597860653368,0.1614387846291331
0.1938349007314524,0.2252194218536114,0.5456848772763263,0.8330214358625383,0.2657148945237588,0.3217715512371483,0.8283389042290364,0.8003949447077409,0.7469696969696968,0.6314851737156918,0.1565963187819215,0.1705987488829312
0.1897298104194656,0.2120138497463564,0.5285827395091053,0.84237835998639,0.26859151928404,0.3064060558129025,0.8203458799593083,0.7909952606635071,0.7314574314574314,0.6179103211301066,0.1579133339757797,0.1706434316353887
0.193013882669055,0.2062162815041468,0.5102137767220903,0.8435692412385166,0.2771148519070956,0.2957857869167326,0.8121784624327859,0.7823328067403896,0.7181818181818181,0.6061595893607093,0.1583630464809996,0.1701966041108132
0.2007762352589938,0.2146710685240357,0.5105304829770388,0.8346376318475672,0.2825484764542936,0.3018867924528301,0.8091265804388897,0.7791469194312797,0.7141774891774891,0.603699147329572,0.1643056760142623,0.1763181411974977
0.2142110762800418,0.2242531604799098,0.5007125890736343,0.8219632528070773,0.2954400170466652,0.3050502768048808,0.8104054643220462,0.7797525013164823,0.7136724386724387,0.6060323251177195,0.1718544216375959,0.1855227882037533
0.2173458725182862,0.221354376358805,0.4883610451306414,0.8217080639673359,0.3018325165139569,0.2986103265167777,0.8095916291236739,0.7777777777777778,0.7096320346320346,0.6040385186442117,0.1759339565063762,0.1893208221626452
0.2089864158829676,0.2075046300024156,0.4788598574821853,0.8337870023817625,0.2990624334114639,0.2855044627725681,0.8042145037058567,0.7726434965771458,0.7024531024531024,0.5952572858779113,0.173846005589284,0.1849865951742627
0.2056277056277056,0.1996940172316612,0.4706254948535234,0.8398264715889759,0.2994886000426167,0.2770308439724325,0.7997674756576079,0.7687467087941022,0.6960678210678211,0.5882577525134688,0.1711477305579647,0.1823056300268096
0.2104045379907448,0.2054110636927289,0.4717339667458433,0.8341272541680845,0.3024717664606861,0.281437125748503,0.8007847696555733,0.7691943127962085,0.6959595959595959,0.5887668094854283,0.1744884520253124,0.1862377122430741
0.2196596506941334,0.2145905467428939,0.4699920823436263,0.8239197005784281,0.3096100575324951,0.287312168116597,0.8037785205638716,0.7722748815165876,0.6991702741702741,0.5932634794044034,0.179049821721114,0.1926720285969615
0.2230183609493954,0.2172477655205733,0.4682501979414094,0.8206022456617897,0.3125932239505646,0.2885549655406168,0.805086469989827,0.7738020010531859,0.7006132756132756,0.5951724430492513,0.1808165494201921,0.1952636282394995
0.2113001940588147,0.2013849746356389,0.4617577197149644,0.8356583872065328,0.3065203494566376,0.2751101570444018,0.8014532771399505,0.7693786203264876,0.6942279942279942,0.5875365884698597,0.1749702868523337,0.1878909740840036
0.2063740856844305,0.1933327965214591,0.4565320665083136,0.8428036747192924,0.3047091412742382,0.2675403909162806,0.7982270018892602,0.7666666666666666,0.6903318903318904,0.5832096042082043,0.1713725868105746,0.1825737265415549
0.2111509180474697,0.1987277558579595,0.4571654790182106,0.8371895202449814,0.3079053910078841,0.2716077279403456,0.8002615898851911,0.7688783570300157,0.6933621933621934,0.5858397318966615,0.1733641707622627,0.185254691689008
0.2193610986714435,0.207343586440132,0.4565320665083136,0.8279176590677102,0.3139782655018112,0.2774827703084396,0.8044470280482487,0.7734597156398104,0.7011544011544012,0.5937301149620329,0.1781825190324756,0.1914209115281501
0.2199582027168234,0.2052500201304453,0.4513064133016627,0.8286832255869344,0.3162156403153633,0.2740933227883855,0.8054352565034152,0.774565560821485,0.7015151515151515,0.5943240147626523,0.1780219074234685,0.1919571045576407
0.2103298999850724,0.1963121024237056,0.4539984164687252,0.8389758421231712,0.3083315576390368,0.2687831883403005,0.8029937509082983,0.7718799368088467,0.6983044733044732,0.591778729902855,0.1733962930840641,0.1865951742627346
0.2019704433497537,0.1896287945889363,0.4585906571654791,0.8472269479414768,0.3008736415938632,0.2657326855722516,0.8005522453131813,0.7700105318588731,0.6957792207792207,0.588045645441819,0.1689634126754682,0.1811885612153708
0.2066726377071204,0.1952653192688622,0.4598574821852732,0.8416127934671658,0.3037502663541445,0.2701389673483221,0.8017148670251417,0.7723275408109531,0.6975108225108225,0.5902939804013067,0.1700555716167164,0.183065236818588
0.2183908045977011,0.2039616716321765,0.4519398258115598,0.8302994215719633,0.3148305987641168,0.2734154332843746,0.8058421741026014,0.7773301737756714,0.7037878787878787,0.5975904636660586,0.1749381645305322,0.1888293118856121
0.2139871622630243,0.1994524518882357,0.4524148851939826,0.8351480095270502,0.3115278073726827,0.2704779121003276,0.807295451242552,0.7786993154291733,0.7055555555555555,0.6007720697408052,0.1754199993575535,0.1894101876675603
0.2044334975369458,0.1874547064981077,0.449089469517023,0.8469717591017354,0.3058810995099083,0.2607614958761721,0.8034878651358814,0.7749868351764087,0.7,0.5948754931489416,0.1692846358934824,0.1817247542448614
0.1957008508732647,0.1784362670102262,0.4498812351543943,0.8567539979584893,0.2992755167270402,0.2547734719240763,0.8001743932567941,0.771090047393365,0.6945165945165945,0.588172909684809,0.1639523304744467,0.17390527256479
0.2003284072249589,0.1847169659392865,0.4524148851939826,0.8507995916978566,0.3018325165139569,0.2600836063721613,0.8015695393111466,0.7727488151658768,0.6972582972582972,0.5909303016162559,0.1660724037133404,0.1763628239499553
0.2092849679056575,0.1980030598276834,0.4595407759303246,0.8386355903368493,0.3057745578521202,0.2719466726923511,0.8057840430170033,0.7771985255397578,0.703066378066378,0.5980995206380181,0.1710513635925604,0.1825737265415549
0.2101059859680549,0.1971978420162654,0.456215360253365,0.8385505273902689,0.3074792243767312,0.270251948932324,0.8065978782153757,0.778041074249605,0.7043290043290042,0.5998812200398762,0.172015033246603,0.1832886505808757
0.2042842215256008,0.1859247926564136,0.4465558194774348,0.8478223885675401,0.3066268911144257,0.2588408089481415,0.8020636535387298,0.773880989994734,0.6984487734487734,0.5946633860772919,0.1673251742635957,0.176988382484361
0.1982385430661292,0.1774700056365247,0.4427553444180522,0.8558183055461043,0.3035371830385681,0.2516099875720257,0.7990989681732306,0.7703528172722486,0.6933261183261182,0.5883850167564587,0.1627959268895955,0.1718498659517426
0.2022689953724436,0.1834286174410177,0.4459224069675376,0.8502892140183737,0.3053483912209674,0.2569201220201106,0.8005522453131813,0.771669299631385,0.6965367965367965,0.5908454587875961,0.1644020429796665,0.1746201966041108
0.2101059859680549,0.1955068846122876,0.4530482977038796,0.8394862198026539,0.3085446409546132,0.267879335668286,0.8047958145618369,0.7762506582411796,0.7023448773448773,0.5961905569931701,0.169413125180688,0.1818588025022341
0.2104045379907448,0.1935743618648844,0.448456057007126,0.8403368492684588,0.3102493074792243,0.2648288329002373,0.8041273070774597,0.775144813059505,0.701010101010101,0.5957239214355408,0.1699270823295107,0.1827524575513851
0.2023436333781161,0.18173766003704,0.4421219319081552,0.8511398434841785,0.3066268911144257,0.2543215455880691,0.7991280337160296,0.7699052132701422,0.6924242424242424,0.5870275314979002,0.1653978349555105,0.176496872207328
0.1974175250037319,0.1756180046702632,0.4406967537608868,0.8571793126913916,0.3036437246963562,0.2494633374759913,0.7956401685801483,0.7659820958399157,0.6865079365079365,0.5804097908624274,0.1614467893739359,0.172207327971403
0.2020450813554262,0.1826233996295998,0.4446555819477434,0.850884654644437,0.3055614745365437,0.2559032877640945,0.7962505449789276,0.7671669299631385,0.6887806637806637,0.5817672761209859,0.1641771867270566,0.1752904378909741
0.2104045379907448,0.1930107093968918,0.4475059382422804,0.8406771010547806,0.310568932452589,0.2641509433962263,0.799941868914402,0.7712480252764613,0.6930014430014431,0.5877486955415094,0.1693488805370852,0.1812779267202859
0.2124944021495745,0.1923665351477574,0.4416468725257323,0.8397414086423954,0.3140848071595994,0.2616653485481866,0.8002034587995931,0.7722485518694049,0.6929653679653679,0.5878335383701693,0.1694773698242908,0.1815907059874888
0.2037617554858934,0.1800467026330622,0.4359461599366588,0.8512249064307589,0.3097165991902834,0.2509320980680148,0.795116988809766,0.7666929963138494,0.6853535353535354,0.5787977771178892,0.164434165301468,0.1749329758713136
0.2015226153157187,0.1771479185119574,0.4349960411718132,0.8540319836679143,0.3085446409546132,0.248559484803977,0.7922976311582619,0.763638757240653,0.6815656565656565,0.5747253213422135,0.1618965018791558,0.1718945487042001
0.2086132258546051,0.1852806184072792,0.4357878068091845,0.8457808778496088,0.313339015555082,0.2545475087560727,0.7947682022961778,0.7655344918378094,0.6838383838383838,0.5779917702456201,0.164434165301468,0.1748882931188561
0.2151067323481116,0.1926886222723247,0.4367379255740301,0.8381252126573666,0.3176006818666098,0.2600836063721613,0.7977910187472751,0.768852027382833,0.687987012987013,0.5821914902642855,0.1688028010664611,0.1804289544235925
0.2171965965069413,0.1938159272083098,0.4345209817893903,0.8363388907791767,0.3198380566801619,0.2600836063721613,0.7983432640604563,0.7695102685624012,0.6878066378066378,0.5824884401645952,0.1705052841219363,0.1829758713136729
0.2095835199283474,0.1826233996295998,0.4286619160728425,0.8466315073154135,0.3163221819731515,0.2501412269800022,0.7937509082982125,0.7646656134807793,0.6807359307359307,0.5738768930556145,0.1653014679901063,0.1774798927613941
0.2011494252873563,0.1748127868588453,0.4311955661124307,0.8555631167063629,0.309503515874707,0.24562196361993,0.7909896817323063,0.7617430226434966,0.676948051948052,0.5683621091927206,0.1617358902701487,0.1729669347631814
0.2082400358262427,0.1848780095015702,0.4359461599366588,0.8461211296359308,0.3129128489239292,0.2543215455880691,0.7938381049266096,0.7634807793575565,0.6784632034632034,0.5711195011241675,0.1644662876232694,0.1773458445040214
0.2165994924615614,0.1955874063934294,0.4392715756136184,0.8357434501531134,0.3178137651821862,0.2630211275562083,0.7968609213777068,0.7673512374934176,0.6831168831168831,0.5767615492300514,0.1693810028588866,0.1839142091152815
0.2176444245409762,0.1916418391174813,0.4292953285827395,0.8371895202449814,0.3219688898359258,0.2566941588521071,0.7964830693213195,0.767403896787783,0.682972582972583,0.5765494421584016,0.1698307153641065,0.183958891867739
0.2088371398716226,0.1785973105725099,0.4221694378463975,0.8491833957128276,0.3180268484977626,0.244944074115919,0.7919488446446737,0.7628225381779884,0.6771284271284271,0.56887116616468,0.1645947769104751,0.1770777479892761
0.2027168234064786,0.1728802641114421,0.4240696753760887,0.8556481796529433,0.3130193905817174,0.2416676081798666,0.7890422903647726,0.7596629805160611,0.673051948051948,0.563356382301786,0.1613504224085316,0.1718498659517426
0.2120465741155396,0.1862468797809807,0.4305621536025337,0.8433140523987751,0.3174941402088216,0.2533047113320528,0.7918325824734778,0.7620063191153238,0.676010101010101,0.5673864166631316,0.1654942019209148,0.1768543342269883
0.2166741304672339,0.1955068846122876,0.4389548693586699,0.8357434501531134,0.3179203068399744,0.2629081459722065,0.7955239064089522,0.765666140073723,0.6807359307359307,0.5737920502269547,0.169637981433298,0.1830205540661304
0.216226302433199,0.1938159272083098,0.4365795724465558,0.83693433140524,0.3184530151289154,0.260874477460174,0.7958436273797413,0.7663507109004739,0.6808802308802309,0.5735799431553049,0.1701198162603193,0.1839142091152815
0.2098820719510374,0.1835896610033014,0.4299287410926367,0.8458659407961893,0.3162156403153633,0.2512710428200203,0.7917453858450806,0.7617693522906793,0.674963924963925,0.5667925168625123,0.1657511804953262,0.1786416443252904
0.2107030900134348,0.1812545293501892,0.4234362628661917,0.8466315073154135,0.3189857234178564,0.247316687379957,0.787908734195611,0.7590047393364928,0.6706709956709956,0.5621685827005473,0.1630529054640069,0.1759159964253798
0.2177937005523212,0.1894677510266527,0.4248614410134601,0.8382953385505274,0.3235670147027487,0.2535306745000565,0.7919488446446737,0.7627172195892575,0.6757215007215007,0.5674288380774616,0.1668433394365744,0.1806970509383378
0.2218241528586356,0.1982446251711087,0.4334125098970705,0.8314052398775094,0.3234604730449605,0.2627951643882046,0.7959889550937364,0.765666140073723,0.6790764790764791,0.571586136681797,0.1706658957309434,0.186148346738159
0.2213016868189281,0.1979225380465416,0.4338875692794933,0.8318305546104118,0.3230343064138078,0.2626821828042028,0.7943031536113937,0.7647182727751448,0.6773448773448774,0.5710346582955076,0.1715010760977803,0.1865058087578195
0.209508881922675,0.1844754005958611,0.4324623911322249,0.8456107519564479,0.3150436820796931,0.2527398034120438,0.7911059439035024,0.7603212216956293,0.669949494949495,0.5629745895728164,0.1665221162185602,0.1793118856121537
0.2080907598148977,0.1811740075690474,0.4291369754552652,0.848162640353862,0.3151502237374813,0.2493503558919896,0.78793779973841,0.7581621906266456,0.6674242424242424,0.5580112840962118,0.1624747036715814,0.1748882931188561
0.2138378862516793,0.189709316370078,0.4335708630245448,0.8404219122150391,0.3178137651821862,0.2569201220201106,0.7900595843627379,0.7608478146392839,0.6706349206349206,0.5613201544139482,0.1655263242427162,0.1793118856121537
0.2210031347962382,0.197358885578549,0.4334125098970705,0.8323409322898946,0.3229277647560196,0.2622302564681956,0.7931114663566342,0.7635860979462875,0.6746392496392496,0.5663258813048827,0.169413125180688,0.1849419124218052
0.215629198387819,0.194943232144295,0.4399049881235155,0.8366791425654986,0.3168548902620924,0.2627951643882046,0.7934602528702223,0.763928383359663,0.6752164502164502,0.5677257879777712,0.1698628376859079,0.1850759606791778
0.2107030900134348,0.1855221837507045,0.4319873317498021,0.8444198707043212,0.3160025569997869,0.2533047113320528,0.7898270600203459,0.7592417061611375,0.6704906204906205,0.5619564756288975,0.1653335903119077,0.1792225201072386
0.2077922077922077,0.1831065303164506,0.4334125098970705,0.8473120108880572,0.3134455572128702,0.2521748954920348,0.7873274233396308,0.7571090047393365,0.6685064935064934,0.558859712382811,0.1636311072564324,0.1767202859696157
0.212419764143902,0.1909171430872051,0.4389548693586699,0.8405920381082002,0.3149371404219049,0.2596316800361541,0.7888969626507776,0.7588467614533965,0.6708874458874459,0.5618716328002377,0.1660081590697375,0.1799374441465594
0.2178683385579937,0.198969321201385,0.4432304038004751,0.8332766247022797,0.3173875985510334,0.266749519828268,0.7929661386426391,0.762374934175882,0.6754329004329004,0.5676833665634413,0.1708265073399505,0.1860589812332439
0.2177937005523212,0.1979225380465416,0.441330166270784,0.8337870023817625,0.3180268484977626,0.2653937408202463,0.7933149251562273,0.7626908899420748,0.6753607503607504,0.5685742162643703,0.1709871189489576,0.186550491510277
0.209210329899985,0.1879378371849585,0.4399049881235155,0.8439945559714189,0.3123801406349882,0.257936956276127,0.7899433221915418,0.7592943654555029,0.6707070707070707,0.5635260679591058,0.1661366483569432,0.18047363717605
0.206597999701448,0.1866494886866897,0.4430720506730009,0.8462061925825112,0.3093969742169188,0.2580499378601288,0.7878215375672141,0.7569510268562402,0.6678571428571429,0.5593687693547703,0.1633741286820211,0.1767649687220732
0.2149574563367666,0.1978420162653998,0.4470308788598575,0.8354882613133721,0.3140848071595994,0.2674274093322788,0.7912512716174974,0.7597946287519748,0.6706709956709956,0.563356382301786,0.1664578715749574,0.1809651474530831
0.2234661889834303,0.2086319349384008,0.4505146476642914,0.8249404559373937,0.3189857234178564,0.276126991300418,0.7955820374945501,0.7640337019483938,0.676010101010101,0.5694226445509694,0.1709228743053547,0.1878909740840036
0.2227944469323779,0.2063773250664305,0.4473475851148061,0.826471588975842,0.3195184317067973,0.2735284148683765,0.7953785786949571,0.7633228014744602,0.6757936507936507,0.569804437279939,0.1715974430631845,0.1886058981233244
0.2139125242573518,0.1936548836460262,0.4411718131433096,0.8382953385505274,0.3152567653952695,0.2623432380521975,0.7903793053335271,0.7587677725118483,0.669047619047619,0.5620413184575574,0.1663936269313546,0.1816800714924039
0.2107030900134348,0.1887430549963765,0.4383214568487729,0.8427186117727118,0.313871723844023,0.257936956276127,0.7874727510536259,0.7561084781463928,0.665151515151515,0.5584354982395113,0.1635026179692268,0.1782394995531724
0.2152560083594566,0.1955068846122876,0.4421219319081552,0.8365090166723375,0.3158960153419987,0.2639249802282228,0.7904665019619241,0.7586887835703001,0.6687590187590187,0.5626776396725067,0.1665221162185602,0.181367292225201
0.2195103746827884,0.2032369756019003,0.4479809976247031,0.8300442327322218,0.3169614319198807,0.2714947463563439,0.795087923266967,0.7623486045286993,0.673015873015873,0.5681924235354008,0.1701840609039221,0.1860589812332439
0.2187639946260635,0.198566712295676,0.4405384006334125,0.8329363729159579,0.3189857234178564,0.2655067224042481,0.7932277285278303,0.7622432859399684,0.6735569985569986,0.567980316463751,0.1703767948347306,0.1865058087578195
0.2108523660247798,0.1847974877204284,0.4302454473475851,0.8446750595440626,0.3167483486043043,0.2521748954920348,0.7887516349367825,0.7573986308583465,0.6676767676767676,0.561489840071268,0.1655263242427162,0.18047363717605
0.206299447678758,0.1847974877204284,0.4399049881235155,0.8473120108880572,0.3102493074792243,0.2556773245960908,0.787530882139224,0.7553185887309111,0.6652958152958153,0.558732448139821,0.1632456393948154,0.1772117962466488
0.2133900582176444,0.1959900152991384,0.4468725257323832,0.8373596461381423,0.3130193905817174,0.2659586487402553,0.7902921087051301,0.7578199052132701,0.6681096681096681,0.5619564756288975,0.1663936269313546,0.1804289544235925
0.2228690849380504,0.2043642805378855,0.4432304038004751,0.8274923443348079,0.3210100149158321,0.2705908936843295,0.792588286586252,0.7605581885202738,0.6718614718614719,0.5663258813048827,0.171019241270759,0.1860142984807864
0.2202567547395133,0.2016265399790643,0.4433887569279494,0.8304695474651244,0.3190922650756446,0.2687831883403005,0.7932567940706292,0.760821484992101,0.6722943722943723,0.5660713528189031,0.1717580546721916,0.1862823949955317
0.2096581579340199,0.1900314034946453,0.4430720506730009,0.8426335488261314,0.3115278073726827,0.2605355327081685,0.7889260281935765,0.7568720379146919,0.6666305916305916,0.5589869766258008,0.1672288072981915,0.1793118856121537
0.2048066875653082,0.1867300104678315,0.4470308788598575,0.8471418849948962,0.3067334327722139,0.2596316800361541,0.7861938671704694,0.7545286993154291,0.6644300144300144,0.5559750562083741,0.1651087340592978,0.1764521894548704
0.2130168681892819,0.197358885578549,0.4503562945368172,0.8368492684586595,0.3115278073726827,0.2682182804202915,0.7892166836215666,0.7578199052132701,0.668073593073593,0.5599626691553897,0.1675179081944043,0.1812779267202859
0.2186147186147186,0.2040421934133183,0.4514647664291371,0.8301292956788024,0.3151502237374813,0.2733024517003728,0.7929080075570412,0.7611901000526593,0.6719336219336219,0.5654774530182837,0.1714689537759789,0.1860589812332439
0.2152560083594566,0.2009018439487881,0.4525732383214569,0.8337019394351821,0.3123801406349882,0.2714947463563439,0.7916291236738846,0.7596366508688783,0.6703823953823953,0.564289653417045,0.1699913269731136,0.1839142091152815
0.2084639498432601,0.1908366213060632,0.4471892319873318,0.8428887376658728,0.3093969742169188,0.2624562196361993,0.787589013224822,0.7553185887309111,0.66497113997114,0.5580537055105418,0.1646911438758793,0.1762734584450402
0.2071204657411553,0.1883404460906675,0.4451306413301663,0.8450153113303845,0.3090773492435542,0.2599706247881595,0.7860776049992734,0.7533965244865719,0.661976911976912,0.5552538921647648,0.1619607465227586,0.1729222520107238
0.2129422301836095,0.1967952331105564,0.4492478226444973,0.8371895202449814,0.3118474323460473,0.2674274093322788,0.7889550937363755,0.7564244339125855,0.6663419913419913,0.5595384550120901,0.1655905688863191,0.1779714030384271
0.2183908045977011,0.2041227151944601,0.4522565320665083,0.8302143586253828,0.3147240571063285,0.2736413964523783,0.7922395000726639,0.7595839915745128,0.6703463203463204,0.5643320748313749,0.1692203912498795,0.1835120643431635
0.2151813703537841,0.2011434092922135,0.453206650831354,0.8336168764886016,0.3121670573194118,0.2718336911083493,0.7916000581310856,0.7596629805160611,0.6699134199134199,0.5653077673609639,0.1696701037550994,0.1836907953529937
0.2078668457978802,0.1885014896529511,0.4437054631828979,0.8445049336509016,0.3101427658214362,0.2596316800361541,0.7868914401976457,0.75492364402317,0.6643939393939393,0.5584779196538413,0.1644984099450708,0.1763181411974977
0.2066726377071204,0.1870520975923988,0.4435471100554237,0.8459510037427697,0.3092904325591306,0.2586148457801378,0.7846533934021218,0.7523433385992627,0.6617243867243867,0.5544478852924958,0.1614467893739359,0.173100983020554
0.2131661442006269,0.1971978420162654,0.4497228820269202,0.8368492684586595,0.3118474323460473,0.267879335668286,0.7876762098532191,0.7554239073196419,0.6655844155844156,0.5595384550120901,0.1636953519000353,0.1769436997319035
0.219137184654426,0.2054110636927289,0.4533650039588282,0.8291085403198368,0.3149371404219049,0.2748841938763981,0.7913384682458945,0.7596629805160611,0.6711038961038961,0.5667500954481822,0.1692203912498795,0.1839142091152815
0.2168980444842513,0.1998550607939447,0.4470308788598575,0.8333616876488602,0.3153633070530577,0.2687831883403005,0.7904665019619241,0.7585571353343865,0.6704906204906205,0.5657744029185934,0.1696058591114966,0.1838695263628239
0.2083146738319152,0.1891456639020855,0.4441805225653207,0.843824430078258,0.3102493074792243,0.260309569540165,0.784973114372911,0.7537124802527646,0.6642135642135643,0.5586476053111612,0.1645305322668722,0.1771671134941912
0.2024182713837886,0.1864079233432643,0.4511480601741884,0.8486730180333447,0.3036437246963562,0.2607614958761721,0.7837814271181514,0.7513428120063191,0.65995670995671,0.5536418784202266,0.1605152420416947,0.1723413762287756
0.209807433945365,0.1979225380465416,0.4581155977830562,0.8383804014971079,0.3066268911144257,0.2713817647723421,0.7869786368260427,0.7547393364928909,0.6642857142857143,0.5579264412675519,0.1631171501076098,0.1758713136729222
0.2201821167338408,0.2107255012480876,0.4615993665874902,0.825706022456618,0.3129128489239292,0.2815501073325048,0.7895073390495568,0.7581358609794628,0.6697691197691197,0.5649259746319942,0.1667469724711702,0.1812779267202859
0.2216748768472906,0.2133021982446252,0.4633412509897071,0.8234943858455258,0.313339015555082,0.2840357021805446,0.7914256648742916,0.7586361242759346,0.6696608946608946,0.5645441819030247,0.1665542385403617,0.1813226094727435
0.2124944021495745,0.2066188904098558,0.4696753760886777,0.8322558693433142,0.3047091412742382,0.2816630889165066,0.7887516349367825,0.7559505002632965,0.6663059163059163,0.55970814066941,0.162603192958787,0.1762287756925826
0.2142110762800418,0.2124969804332071,0.4775930324623912,0.8281728479074516,0.3032175580652035,0.2885549655406168,0.7896817323063509,0.7557398630858346,0.6655483405483406,0.55966571925508,0.1615431563393402,0.1742627345844503
0.222346618898343,0.2322248168129479,0.4991290577988916,0.8131167063627085,0.3018325165139569,0.3101344480849621,0.7969481180061038,0.7611637704054766,0.672943722943723,0.5691256946506597,0.168031865343227,0.1819034852546917
0.2268995372443648,0.2446251711087849,0.5138558986539985,0.8039299081320178,0.3001278499893458,0.3240311829171844,0.8036622583926755,0.7670616113744075,0.6805555555555555,0.5782887201459297,0.1737496386238797,0.1886058981233244
0.2260038811762949,0.2462356067316209,0.518923198733175,0.8035896563456959,0.2977839335180055,0.3269687041012314,0.8058131085598024,0.7677461822011584,0.6811327561327561,0.5799855767191279,0.1741672288072981,0.1890974084003574
0.2198089267054784,0.2370561236814558,0.5140142517814726,0.8120108880571623,0.2950138504155124,0.3187210484690995,0.802528702223514,0.7645866245392311,0.6777417027417028,0.5749798498281934,0.1700876939385178,0.1837354781054513
0.2230183609493954,0.2368145583380304,0.5067300079176565,0.8103096291255529,0.299701683358193,0.3160094904530561,0.802412440052318,0.764612954186414,0.6768759018759019,0.5733254146693251,0.1685458224920497,0.1826184092940125
0.235035079862666,0.252194218536114,0.5114806017418845,0.7953385505273904,0.3067334327722139,0.3284374646932549,0.8063653538729836,0.7689310163243813,0.6823593073593074,0.5787977771178892,0.1726574796826314,0.1891867739052725
0.2436184505150022,0.2677349222964812,0.5238321456848773,0.782238856753998,0.3086511826124015,0.3438029601175009,0.8084580729545124,0.7729857819905213,0.689069264069264,0.5868154244262505,0.1795316565481353,0.1974530831099195
0.2422749664128974,0.2705531846364442,0.5322248614410136,0.7815583531813542,0.3048156829320264,0.3487741498135804,0.8009010318267694,0.770589784096893,0.6895021645021645,0.5894879735290375,0.1819408306832418,0.2002234137622877
0.2396626362143603,0.2733714469764071,0.5433095803642123,0.7815583531813542,0.2992755167270402,0.3547621737656762,0.787908734195611,0.7630331753554502,0.6834415584415584,0.586263946039961,0.1813626288908162,0.1989276139410187
0.2474996268099716,0.2831951042757066,0.5460015835312749,0.7718611772711806,0.3039633496697208,0.3625579030618008,0.7770672867315797,0.757345971563981,0.6782828282828283,0.5834217112798541,0.1827117664064758,0.2021000893655049
0.2589938796835349,0.2951928496658346,0.5452098178939034,0.7589316093909493,0.3124866822927764,0.370692577109931,0.7741316669088795,0.758794102159031,0.6795093795093794,0.586263946039961,0.1870161575278661,0.2100089365504915
0.2660098522167488,0.3008293743457605,0.5412509897070468,0.751956447771351,0.3187726401022799,0.3732911535419727,0.7731725039965122,0.7588204318062137,0.6804112554112554,0.5874517456411997,0.1897465548809868,0.2141197497765862
0.2592177937005523,0.2833561478379902,0.5214568487727633,0.7651412044913236,0.3205838482846793,0.3538583210936617,0.7659642493823572,0.753001579778831,0.6717532467532467,0.5769312348873712,0.1851851851851852,0.2091152815013404
0.2482460068666965,0.2621789193976971,0.502929532858274,0.7825791085403199,0.3189857234178564,0.3323918201333182,0.757854962941433,0.7448393891521853,0.6594516594516594,0.5631442752301362,0.1763515466897947,0.2003574620196604
0.245111210628452,0.2600853530880103,0.5057798891528108,0.7853861857774754,0.3157894736842105,0.331939893797311,0.7520999854672287,0.739362822538178,0.6512987012987013,0.5554659992364146,0.172015033246603,0.1963806970509383
0.2566054635020152,0.2735324905386907,0.5076801266825021,0.7717761143246004,0.3233539313871724,0.3421082363574737,0.75529719517512,0.7421800947867297,0.6556637806637806,0.5612353115852883,0.1771867270566316,0.2034405719392314
0.2750410509031198,0.2831145824945648,0.4874109263657957,0.7562095951003743,0.3432772213935648,0.3416563100214665,0.7608487138497312,0.7483149025803054,0.6635642135642136,0.5702286514232385,0.1854100414377951,0.2138516532618409
0.2797432452604866,0.2742571865689669,0.4600158353127475,0.7582511058183056,0.3558491370125719,0.3256129250932097,0.7603255340793489,0.7483149025803054,0.6638528138528139,0.5697195944512791,0.1857633869776107,0.2141197497765862
0.2801164352888491,0.255415089781786,0.4221694378463975,0.7679482817284791,0.3689537609205199,0.2988362896847813,0.7588141258538003,0.7464981569246972,0.660966810966811,0.5650108174606542,0.1816196074652276,0.209159964253798
0.283624421555456,0.2451083017956357,0.3944576405384007,0.7714358625382784,0.3807798849350096,0.2817760705005084,0.7616625490481035,0.7488941548183254,0.6625541125541126,0.5649683960463243,0.1813305065690148,0.2088471849865951
0.2913121361397223,0.2504227393509944,0.3885985748218528,0.7642055120789384,0.388131259322395,0.2833578126765336,0.7689289347478564,0.7547656661400738,0.6696969696969697,0.5728587791116956,0.186245221804632,0.2141644325290438
0.2878787878787879,0.25380465415895,0.4025336500395883,0.7643756379720995,0.3810995099083741,0.290814597220653,0.7759627961052172,0.7601105845181674,0.6776334776334777,0.5821490688499555,0.1915132825800649,0.2196604110813226
0.2758620689655172,0.2359288187454707,0.392874109263658,0.7806226607689692,0.3756658853611762,0.2747712122923963,0.777793925301555,0.7611111111111111,0.6768759018759019,0.5810885334917066,0.1895216986283768,0.2147006255585344
0.2551873413942379,0.2084708913761172,0.3825811559778305,0.8069921742089146,0.3643724696356275,0.2518359507400293,0.7759337305624182,0.7572933122696156,0.669011544011544,0.5693802231366395,0.1785679868940927,0.2001787310098302
0.2364532019704433,0.1920444480231903,0.3900237529691212,0.8263014630826813,0.3484977626251864,0.2430233871878883,0.7774451387879668,0.7563191153238547,0.6656565656565656,0.562338268357867,0.170248305547525,0.1894101876675603
0.2249589490968801,0.1905950559626379,0.4117181314330958,0.8336168764886016,0.3330492222458981,0.249689300643995,0.7822990844354019,0.7570300157977883,0.6660894660894661,0.5636957536164257,0.1681282323086312,0.1873100983020554
0.2185400806090461,0.189709316370078,0.4234362628661917,0.8376998979244641,0.3245258896228425,0.253191729748051,0.7868914401976457,0.7600315955766193,0.6685064935064934,0.5663258813048827,0.1681924769522341,0.1870866845397676
0.2133900582176444,0.184958531282712,0.4251781472684086,0.8431439265056143,0.3202642233113147,0.2505931533160095,0.7874146199680279,0.7601105845181674,0.6682539682539682,0.5645017604886947,0.1646268992322765,0.1825737265415549
0.202642185400806,0.1708672195828971,0.4202692003167063,0.8567539979584893,0.3142978904751757,0.2388430685798215,0.7832873128905682,0.7560821484992101,0.6617965367965367,0.5555084206507446,0.1583630464809996,0.1741733690795353
0.1986863711001641,0.1660359127143892,0.4193190815518607,0.8615175229669957,0.311740890688259,0.2352276578917636,0.7823862810637988,0.7552922590837283,0.6603896103896103,0.5542781996351759,0.1577848446885741,0.1734137622877569
0.2060755336617405,0.1736854819228601,0.4185273159144894,0.8532664171486901,0.3172810568932452,0.2401988475878431,0.7854090975148961,0.7592417061611375,0.6658730158730158,0.5603020404700293,0.1628601715331984,0.1814119749776586
0.2133154202119719,0.1818181818181818,0.4191607284243864,0.8448451854372236,0.3222885148092904,0.246186871539939,0.787908734195611,0.7633754607688257,0.6707070707070707,0.566156195647563,0.167807009090617,0.186952636282395
0.2097327959396925,0.1771479185119574,0.4175771971496438,0.8493535216059885,0.3201576816535265,0.2423454976838775,0.7882865862519983,0.7637440758293839,0.6701659451659451,0.5653077673609639,0.1663615046095531,0.1841376228775692
0.1992834751455441,0.1664385216200982,0.4186856690419637,0.8610071452875128,0.3123801406349882,0.2352276578917636,0.7846243278593228,0.759083728278041,0.664069264069264,0.5582233911678616,0.1604509973980919,0.1759606791778373
0.196521868935662,0.1687736532732104,0.4291369754552652,0.8613473970738347,0.3069465160877903,0.2405377923398485,0.7834326406045633,0.7576092680358083,0.6618326118326119,0.5556356848937344,0.157624233079567,0.1714924039320822
0.2033139274518584,0.182945486754167,0.442596991290578,0.8499489622320519,0.3072661410611549,0.2553383798440853,0.7863973259700624,0.7604265402843602,0.6658008658008657,0.5601323548127095,0.1603225081108862,0.1754244861483467
0.2102552619793999,0.192124969804332,0.4460807600950119,0.8411874787342635,0.3109950990837417,0.2630211275562083,0.7897398633919488,0.7642443391258557,0.6718614718614719,0.5670470453484919,0.1647553885194821,0.1816353887399464
0.2096581579340199,0.189709316370078,0.4424386381631038,0.8428036747192924,0.3118474323460473,0.2600836063721613,0.7892748147071647,0.7640073723012112,0.6725468975468974,0.5680227378780809,0.1643377983360637,0.1810098302055406
0.206299447678758,0.1830260085353088,0.4364212193190815,0.8482477033004424,0.3114212657148945,0.253191729748051,0.7834617061473623,0.7578988941548183,0.6675324675324675,0.5631866966444662,0.1595194500658507,0.1746201966041108
0.2099567099567099,0.1855221837507045,0.4335708630245448,0.8448451854372236,0.3150436820796931,0.2539826008360636,0.7790437436419124,0.7575566087414428,0.6724025974025973,0.5700165443515888,0.1630850277858083,0.177882037533512
0.2280937453351246,0.198969321201385,0.4215360253365005,0.8274072813882273,0.3319838056680161,0.259066772116145,0.7796831855834908,0.768957345971564,0.6960317460317459,0.5966147711364698,0.1746490636343195,0.1888739946380697
0.2476489028213166,0.2027538449150495,0.3874901029295329,0.814307587614835,0.3573407202216067,0.2495763190599932,0.7792762679843046,0.7818325434439178,0.7253246753246753,0.6322911805879609,0.1870804021714689,0.1974977658623771
0.2618301238990894,0.2029954102584749,0.3578780680918448,0.8060564817965294,0.3774770935435755,0.2391820133318268,0.7584362737974132,0.7619799894681412,0.7248917748917749,0.6608407924320198,0.2013105907294979,0.2063002680965147
0.2686221824152858,0.2310169900958209,0.3985748218527316,0.7873426335488263,0.3686341359471553,0.2734154332843746,0.7119604708617934,0.6914691943127962,0.6805194805194804,0.6859966911296823,0.2272011821014423,0.2254244861483467
0.2922077922077922,0.29543441500926,0.4752177355502772,0.7399625723035047,0.3596846366929469,0.3458366286295334,0.6407789565470134,0.5830437072143233,0.5956349206349206,0.7046196920205321,0.27239728887604,0.2645665773011617
0.3494551425585908,0.3886786375714631,0.5371338083927159,0.6580469547465124,0.3797144683571276,0.4333973562309343,0.5466356634210143,0.4699842022116903,0.5082972582972582,0.7453442497772876,0.3521570139089653,0.3384718498659517
0.4244663382594416,0.4965778243014735,0.5901821060965955,0.5582681184076217,0.4154059237161729,0.5280759236244492,0.4512716174974567,0.375144813059505,0.4286075036075036,0.7942561404997244,0.4559442356493527,0.4355674709562109
0.5073145245559039,0.6069731862468798,0.631353919239905,0.4527900646478394,0.4606861282761559,0.6201559145859225,0.3311727946519401,0.2556608741442864,0.3022727272727273,0.7926441267551861,0.5637467476149176,0.5418677390527256
0.5978504254366324,0.7107657621386586,0.6435471100554236,0.3463763184756719,0.5212017898998508,0.697322336459157,0.1964830693213195,0.1232227488151658,0.1528860028860028,0.7641793577397871,0.6825350936365681,0.6603217158176943
0.7251828631138977,0.8174571221515421,0.5830562153602534,0.2175059544062606,0.6324312806307266,0.7506496441080103,0.0892021508501671,0.0401527119536597,0.0667027417027417,0.7791116955839309,0.8293019819472551,0.80437890974084
0.8634124496193462,0.878331588694742,0.4096595407759303,0.1064988091187478,0.7894736842105263,0.7314427748277029,0.0457782299084435,0.0459978936282253,0.0756132756132756,0.8218300598141943,0.948732774404934,0.9296246648793566
0.9306612927302584,0.8742249778565101,0.2589073634204276,0.0704321197686288,0.888131259322395,0.6747260196587956,0.0698444993460252,0.0943391258557135,0.0953463203463203,0.7703728842319604,0.966785519257332,0.9762287756925826
0.9188684878340052,0.8037684193574364,0.1453681710213776,0.114324600204151,0.9178563818453016,0.5849056603773585,0.1232379014678098,0.1485255397577672,0.076046176046176,0.5742162643702542,0.8577944813851145,0.9293118856121536
0.8544558889386475,0.7085111522666883,0.094695170229612,0.2013439945559713,0.8889835925847007,0.499943509207999,0.200145327713995,0.2055028962611901,0.0482683982683982,0.3294447036864209,0.6902123285471073,0.837756925826631
0.7996715927750412,0.6411949432321444,0.0787015043547109,0.2681184076216401,0.8552098870658427,0.4470681278951531,0.2822264205784043,0.2735913638757241,0.0558441558441558,0.1567047045348492,0.5591211332755132,0.7598748882931189
0.7411553963278102,0.6160721475159031,0.1534441805225653,0.3147329023477374,0.788301725974856,0.4561066546152976,0.3659933149251562,0.3492627698788836,0.1125901875901875,0.101811394391889,0.4643924062831261,0.6928507596067918
0.6506194954470818,0.5939286577019084,0.3019794140934284,0.3780197346036067,0.6737694438525463,0.493503558919896,0.4447609359104781,0.4152975250131648,0.1853535353535353,0.1284520425911,0.3864315312710802,0.6206881143878463
0.5490371697268248,0.5448908929865528,0.4209026128266033,0.4618067369853691,0.5612614532282122,0.5015252513840244,0.5117570120622003,0.4735387045813586,0.2596681096681096,0.1828787171764306,0.3211910956923967,0.5394995531724754
0.4361845051500223,0.4740317255817699,0.5209817893903406,0.5635420210956108,0.447048796079267,0.4875155349678002,0.5822700188926028,0.5397314375987362,0.3519119769119769,0.2620794977304543,0.2623108798303941,0.4455317247542449
0.325496342737722,0.4099363877928979,0.6297703879651625,0.6605137801973461,0.3314510973790752,0.4813015478477007,0.6587705275396017,0.618378093733544,0.4627344877344877,0.3655877486955415,0.2197809257653143,0.3549597855227882
0.2525003731900283,0.3472904420645785,0.6614410134600159,0.7351990472949983,0.2686980609418282,0.4486498700711784,0.7265223078040982,0.6906003159557662,0.5646464646464646,0.4605268739659781,0.1886543959397385,0.2792672028596961
0.2084639498432601,0.2724051856027055,0.6076009501187649,0.7997618237495748,0.2553803537183038,0.3770195458140323,0.775381485249237,0.7427330173775671,0.633008658008658,0.5200865396852332,0.1585879027336096,0.214343163538874
0.1857739961188237,0.2112891537160801,0.5355502771179732,0.8450153113303845,0.2634775197102066,0.3083267427409332,0.7995930824008138,0.7701948393891522,0.6699134199134199,0.547787723242693,0.1400854453759918,0.1761840929401251
0.1718166890580683,0.1748933086399871,0.4935866983372922,0.8721503912895543,0.2676326443639463,0.267879335668286,0.809824153466066,0.7819905213270142,0.6862914862914862,0.5594536121834303,0.1297099354341331,0.1540661304736371
0.1668159426780116,0.1667606087446654,0.488202692003167,0.8793807417488942,0.2658214361815469,0.260309569540165,0.8204330765877053,0.7928909952606634,0.7015151515151515,0.572604250625716,0.126561947897594,0.1436103663985701
0.1730108971488281,0.1718334809565987,0.4850356294536817,0.8731711466485199,0.2712550607287449,0.2626821828042028,0.8303153611393693,0.8042127435492364,0.7172438672438672,0.5870275314979002,0.1283607979184735,0.1420464700625558
0.1701000149276011,0.1676463483372252,0.4829770387965162,0.8769989792446411,0.2698700191774984,0.259066772116145,0.8375526812963232,0.8116640337019484,0.7278138528138528,0.5971238281084292,0.1298384247213388,0.1421358355674709
0.1632333184057322,0.1535550366374104,0.4699920823436263,0.888397414086424,0.2693373108885574,0.2444921477799118,0.8404592355762244,0.8147709320695102,0.733044733044733,0.6003054341831757,0.1282965532748707,0.1380697050938337
0.1555456038214658,0.1373701586279088,0.4543151227236738,0.901241919020075,0.2692307692307692,0.2275449101796407,0.839354744949862,0.8142706687730384,0.7326839826839827,0.5980146778093581,0.124955831807523,0.1325290437890974
0.1542767577250335,0.1357597230050728,0.4536817102137768,0.9028581150051038,0.2684849776262518,0.226189131171619,0.8404301700334255,0.8155871511321748,0.7358225108225108,0.6007296483264752,0.1255019112781472,0.1327524575513851
0.1582325720256754,0.1434898139946855,0.4606492478226445,0.8965634569581492,0.2689111442574046,0.2340978420517455,0.8462723441360268,0.8220379146919431,0.7455627705627705,0.6108259449370043,0.1312518068806013,0.1379803395889186
0.164576802507837,0.1471938159272083,0.4546318289786224,0.8909493024838382,0.2755167270402727,0.2345497683877528,0.8509809620694666,0.8273301737756714,0.7529581529581529,0.6199041276036144,0.1352992194275802,0.1407506702412868
0.1561427078668458,0.138497463563894,0.4552652414885194,0.9003062266076898,0.2693373108885574,0.2286747260196588,0.8496148815579131,0.8258557135334386,0.7520923520923521,0.6183345352734061,0.1311233175933956,0.1352993744414656
0.1500970294073742,0.1302842418874305,0.4517814726840856,0.9081320176930928,0.2661410611549115,0.2216698678115467,0.8460107542508356,0.8233543970510795,0.7497113997113998,0.6140923938404107,0.1262407246795798,0.1283288650580875
0.1497238393790118,0.1310894596988485,0.4544734758511481,0.9078768288533516,0.2649691029192414,0.223251609987572,0.8467083272780119,0.8245655608214849,0.7525613275613275,0.6149832435413397,0.1245061193023031,0.1277926720285969
0.1553216898044484,0.139302681375312,0.4584323040380048,0.9003912895542703,0.2676326443639463,0.2303694497796858,0.8513878796686528,0.8291732490784623,0.7590187590187589,0.6224918338777415,0.1276541068388423,0.1327524575513851
0.1556948798328108,0.1411546823415734,0.4614410134600158,0.8992004083021437,0.2668868527594289,0.2327420630437238,0.8540328440633629,0.833070036861506,0.7654040404040403,0.6289823102702244,0.1296135684687289,0.1356121537086684
0.1518883415435139,0.1375312021901925,0.4623911322248614,0.9032834297380062,0.2639036863413594,0.2304824313636877,0.8523470425810201,0.8321221695629278,0.764033189033189,0.627539982183006,0.1256625228871543,0.1298480786416443
0.1452455590386625,0.1312505032611321,0.4641330166270785,0.9104287172507656,0.2585766034519497,0.226754039091628,0.8503415201278883,0.8290416008425487,0.7601010101010102,0.6226615195350614,0.1196556487102887,0.121805183199285
0.1436035229138677,0.1309284161365649,0.4669833729216153,0.9115345355563116,0.2563392286383976,0.2275449101796407,0.851707600639442,0.8307266982622433,0.7625901875901876,0.6245704831799093,0.1183707558382319,0.1211349419124218
0.1502463054187192,0.1384169417827522,0.467458432304038,0.9037938074174888,0.2609205199232899,0.2329680262117275,0.856881267257666,0.8366245392311742,0.7703823953823953,0.6312306452297121,0.1217114773055796,0.1269436997319035
0.1559187938498283,0.1450197278363797,0.4685669041963579,0.8969887716910515,0.2646494779458768,0.2380521974918088,0.8615608196483069,0.8423117430226434,0.7794011544011543,0.6402664064819922,0.1252128103819344,0.1322609472743521
0.145021645021645,0.1324583299782591,0.4669833729216153,0.9098332766247024,0.2574046452162795,0.2286747260196588,0.8611539020491208,0.8423644023170089,0.7809163059163059,0.639502821024053,0.1217757219491825,0.1276139410187667
0.1318107180176145,0.1182059747161607,0.4669833729216153,0.924974481116026,0.2479224376731301,0.2186193650434978,0.8605725911931406,0.8412848867825171,0.779040404040404,0.635812157977347,0.1176640647586007,0.1219392314566577
0.1318107180176145,0.1193332796521459,0.469200316706255,0.9242939775433824,0.247283187726401,0.2202011072195232,0.861851475076297,0.8423380726698262,0.781024531024531,0.6381029143511645,0.1172464745751823,0.1202859696157283
0.1348708762501866,0.1297205894194379,0.4831353919239905,0.9171486900306228,0.2447261879394843,0.2325160998757202,0.8659206510681587,0.8476303317535545,0.7884920634920635,0.6472235184321046,0.1196235263884873,0.1218498659517426
0.1429317808628153,0.1414767694661406,0.4891528107680126,0.9062606328683228,0.2484551459620711,0.2429104056038865,0.8710943176863828,0.8534491837809373,0.7961038961038961,0.6546048445255165,0.1196235263884873,0.1225201072386059
0.1405433646812957,0.1398663338433046,0.491053048297704,0.9085573324259952,0.2461112294907308,0.2423454976838775,0.8710652521435838,0.8548709847288045,0.7984487734487734,0.6541382089678871,0.113937875429636,0.1147006255585344
0.1303179579041647,0.1318946775102665,0.4970704671417261,0.9185947601224906,0.2367355636053697,0.2389560501638233,0.8686528120912659,0.851922064244339,0.7954906204906205,0.649641539048912,0.1076097780347563,0.105272564789991
0.1319599940289595,0.1355181576616474,0.5007125890736343,0.9157026199387548,0.2367355636053697,0.2427974240198847,0.8685946810056677,0.8518430753027909,0.7953823953823954,0.649641539048912,0.1071600655295364,0.1046470062555853
0.1406926406926406,0.1465496416780739,0.5038796516231195,0.9048996257230352,0.2419561048369912,0.2516099875720257,0.8723441360267403,0.8556082148499209,0.8005772005772005,0.656004751198405,0.1116250682599338,0.110455764075067
0.1442752649649201,0.150897817859731,0.5048297703879652,0.9005614154474311,0.2441934796505433,0.25499943509208,0.8749019037930533,0.8582411795681938,0.8044733044733045,0.6604165782887201,0.1149979120490829,0.1148793565683646
0.1368861024033437,0.1429261615266929,0.5048297703879652,0.9089826471588978,0.2388663967611336,0.2494633374759913,0.8728091847115246,0.8559241706161138,0.8013347763347763,0.6567259152420143,0.1124602486267707,0.1112600536193029
0.128825197790715,0.1335051131331024,0.5035629453681711,0.9185947601224906,0.2335393138717238,0.2423454976838775,0.869205057404447,0.8521590310689836,0.7964285714285714,0.650489967335511,0.107352799460345,0.1046023235031278
0.1291983878190774,0.1377727675336178,0.5110055423594616,0.9160428717250768,0.2313019390581717,0.2481075584679697,0.8707164656299956,0.855134281200632,0.800036075036075,0.6533322020956179,0.1072564324949407,0.1053172475424486
0.141364382743693,0.1465496416780739,0.5024544734758513,0.9044743109901328,0.242914979757085,0.2511580612360185,0.8764423775614009,0.8618746708794102,0.8099206349206348,0.662452806176558,0.1110468664675082,0.1112600536193029
0.1367368263919988,0.1438924229003945,0.5070467141726049,0.9085573324259952,0.238014063498828,0.2509320980680148,0.8833018456619677,0.8706424433912585,0.8194444444444444,0.6711491961141984,0.1154155022325013,0.1162645218945487
0.1227048813255709,0.1262581528303406,0.5019794140934284,0.9259101735284112,0.2297038141913488,0.2366964184837871,0.8851039093155065,0.8730911005792523,0.8225829725829725,0.6719976244007977,0.112331759339565,0.113047363717605
0.1164352888490819,0.1141798856590707,0.491686460807601,0.935862538278326,0.228744939271255,0.2246073889955937,0.8857724167998837,0.8733543970510794,0.8253968253968254,0.6708522462138888,0.1067103530243166,0.1070151921358355
0.1204657411553963,0.1221515419921088,0.4989707046714173,0.92931269139163,0.2290645642446196,0.2328550446277257,0.888969626507775,0.8789889415481832,0.8336940836940836,0.6764942943197727,0.1064854967717066,0.1043342269883824
0.1316614420062695,0.1393832031564538,0.5089469517022961,0.9138312351139845,0.2337523971873002,0.2484465032199751,0.896003487865136,0.8879673512374934,0.8456349206349206,0.6864209052729819,0.1078346342873662,0.1051385165326184
0.1309896999552172,0.1452612931798051,0.5217735550277118,0.9111092208234094,0.2289580225868314,0.2571460851881143,0.9026594971661096,0.8963665086887835,0.8569624819624819,0.6946082382386629,0.1078025119655648,0.1053619302949061
0.1212867592177937,0.140510508092439,0.5333333333333334,0.9191051378019736,0.2180907734924355,0.257936956276127,0.903909315506467,0.8989994734070563,0.8616522366522366,0.6973232087557799,0.1018277601105007,0.0976764968722073
0.1124048365427675,0.137289636846767,0.5456848772763263,0.9259101735284112,0.2076496910291924,0.2600836063721613,0.9042581020200552,0.9006582411795683,0.8644300144300144,0.6957111950112417,0.0921589412482734,0.0860589812332439
0.1135244066278549,0.1483211208631935,0.5648456057007126,0.9194453895882954,0.202002983166418,0.2746582307083945,0.9090539165818922,0.9057925223802,0.8707431457431456,0.698341322699699,0.0869551251164434,0.0796693476318141
0.1172563069114793,0.1617682583138739,0.5835312747426762,0.9102585913576048,0.1983805668016194,0.290814597220653,0.9169597442232236,0.9156134807793576,0.8834776334776335,0.709370890425487,0.0884969965629115,0.0815013404825737
0.1137483206448723,0.1656333038086802,0.5984164687252574,0.9101735284110242,0.1908161090986575,0.2988362896847813,0.926347914547304,0.9270405476566612,0.8983044733044733,0.7205701438085947,0.0905528251582024,0.0831099195710455
0.0997163755784445,0.1502536436105966,0.5980997624703088,0.9262504253147328,0.1809077349243554,0.287877076036606,0.9302717628251708,0.9324644549763034,0.9065656565656564,0.722988164425402,0.0852205197391667,0.0773011617515639
0.0878489326765188,0.1338272002576697,0.5911322248614411,0.9417318815923784,0.1748348604304283,0.2738673596203818,0.9315506467083272,0.9360452869931544,0.911075036075036,0.7220973147244729,0.0766438598181876,0.0678731009830205
0.0889685027616062,0.1389805942507448,0.598733174980206,0.9384144266757402,0.173023652248029,0.2801943283244831,0.9380322627525068,0.9440494997367036,0.9204545454545454,0.7279090484876767,0.0729497928110243,0.0659070598748883
0.0870279146141215,0.1516225138900072,0.6275534441805227,0.9328002722014292,0.1620498614958448,0.2992882160207886,0.947885481761372,0.9542654028436018,0.9347763347763348,0.7388537733848047,0.0727570588802158,0.0672475424486148
0.0828481862964621,0.1575811256945004,0.6481393507521774,0.9320347056822048,0.1520349456637545,0.310812337588973,0.9561110303734924,0.9632701421800948,0.9468253968253968,0.7469138421074959,0.0702193954579036,0.0651921358355674
0.0697865353037766,0.1529913841694178,0.666825019794141,0.9419020074855392,0.136479863626678,0.314314766693029,0.9598314198517656,0.9677725118483412,0.952958152958153,0.747762270394095,0.0609039221354919,0.0545129579982126
0.0543364681295715,0.1470327723649247,0.6880443388756928,0.9538108200068052,0.1183677818026848,0.3177042142130832,0.9609649760209272,0.9693786203264876,0.9538600288600289,0.7425444364315107,0.0476052809097041,0.0398123324396783
0.0483654276757724,0.151703035671149,0.710055423594616,0.9548315753657708,0.1066481994459833,0.3287764094452604,0.9646853654992008,0.9732227488151658,0.959054834054834,0.7427989649174903,0.0389643763451222,0.0316353887399463
0.051350947902672,0.1686126097109268,0.7368171021377673,0.944198707043212,0.0998295333475388,0.3502429104056039,0.9714285714285716,0.9814112690889942,0.9684704184704184,0.7507741908115217,0.0376152388294626,0.0331992850759606
0.0503060158232571,0.1773089620742411,0.7561361836896279,0.94020074855393,0.0924781589601534,0.3632357925658117,0.9750908298212468,0.9855186940494997,0.9737373737373738,0.7545072752725577,0.0359770004175901,0.0330205540661304
0.0396327810120913,0.1712698284886062,0.7669041963578781,0.9494726097312012,0.0812912848923929,0.3628968478138063,0.9747420433076588,0.985387045813586,0.975108225108225,0.7510711407118313,0.0293276798046962,0.0265415549597855
0.025526197939991,0.1618487800950157,0.7783056215360254,0.9624021776114324,0.0674408693799275,0.3602982713817647,0.9736084871384972,0.9840179041600842,0.9730158730158728,0.7449624570483181,0.0213613439979441,0.0184986595174262
0.0235109717868338,0.1637813028424189,0.7862232779097388,0.9625723035045934,0.0632857447261879,0.3644785899898317,0.9742479290800756,0.9832280147446024,0.972113997113997,0.7412293725872822,0.0164466287623269,0.013047363717605
0.0318704284221525,0.1791609630405025,0.7987331749802059,0.949642735624362,0.064990411250799,0.3797311038300757,0.9791890713559076,0.9871511321748287,0.9772727272727272,0.7456836210919273,0.0171854421637595,0.0149687220732797
0.0278399761158381,0.1857637490941299,0.8204275534441806,0.948536917318816,0.0548689537609205,0.3920460964862727,0.9821828222642056,0.9880726698262244,0.9808080808080808,0.7506045051542019,0.0189200475410362,0.0174709562109026
0.0207493655769517,0.180529833319913,0.8251781472684087,0.9552568900986732,0.0482633709780524,0.390125409558242,0.9769800901031828,0.9829910479199578,0.9752525252525251,0.7439443431043993,0.0152259805338729,0.0130026809651474
0.0170921032989998,0.1750543522022707,0.8221694378463976,0.9602756039469208,0.0466652461112294,0.3851542198621625,0.970353146345008,0.9753027909426012,0.9665584415584416,0.7360963814533578,0.0112749349522983,0.0090259159964253
0.0227645917301089,0.1808519204444802,0.8216943784639748,0.953980945899966,0.0508203707649691,0.3891085753022257,0.9660514460107542,0.9695102685624012,0.9598484848484848,0.7329571967929411,0.0125598278243551,0.0131367292225201
0.0361994327511568,0.1959900152991384,0.8229612034837689,0.9383293637291596,0.0599829533347539,0.4001807705344028,0.9636680715012352,0.9659820958399156,0.957251082251082,0.7346540533661393,0.0189521698628376,0.0226094727435209
0.0406777130915061,0.2025122795716241,0.8261282660332543,0.9323749574685268,0.0621137864905178,0.4058298497344932,0.9571864554570556,0.9590573986308584,0.951010101010101,0.7346116319518093,0.0255693681539301,0.0326184092940125
0.038662486938349,0.1963926242048474,0.8183689627870151,0.9367131677441308,0.0632857447261879,0.3988249915263812,0.9449207963958728,0.9457609268035808,0.9344877344877344,0.7244729139269503,0.0274324628184125,0.03485254691689
0.0394835050007463,0.1933327965214591,0.810609659540776,0.9379040489962572,0.0664819944598337,0.3938538018303016,0.930794942595553,0.9292522380200104,0.9147907647907648,0.7122131251855938,0.0298095146317175,0.0355674709562109
0.0570980743394536,0.2062162815041468,0.7987331749802059,0.920976522626744,0.082995951417004,0.3987120099423793,0.918703676791164,0.9164560294892048,0.8986291486291487,0.7064013914223901,0.0388358870579165,0.0445487042001787
0.076727869831318,0.2235284644496336,0.7909738717339668,0.900731541340592,0.0996164500319625,0.4080894814145294,0.9102165382938526,0.9063191153238548,0.8861111111111111,0.7047893776778519,0.0524878738235199,0.0605004468275245
0.0862068965517241,0.2263467267895966,0.7764053840063342,0.8937563797209935,0.1113360323886639,0.4049259970624788,0.901235285568958,0.8938651922064245,0.8695887445887446,0.699995757858567,0.0657865150493077,0.0745755138516532
0.0909837289147634,0.2203881149851034,0.754394299287411,0.8942667574004765,0.1222032814830598,0.3928369675742853,0.8863246621130649,0.8775144813059504,0.846933621933622,0.6868026980019515,0.0747165205101024,0.0831099195710455
0.1010598596805493,0.2157178516788791,0.7241488519398258,0.8909493024838382,0.1395695717025356,0.3787142695740593,0.8718790873419562,0.8598999473407056,0.8242784992784993,0.6743732236032749,0.0828755902476631,0.0914209115281501
0.1181519629795491,0.222562203075932,0.7011876484560572,0.8775944198707044,0.1594928617089282,0.3753248220540052,0.8608341810783317,0.8470774091627172,0.8072871572871573,0.6664404191235735,0.095499662715621,0.105674709562109
0.1397223466188983,0.2331910781866495,0.6764845605700713,0.8596461381422253,0.1831451097379075,0.3740820246299853,0.8536549920069757,0.8376777251184833,0.7951298701298701,0.6637254486064567,0.1118178021907423,0.1240840035746202
0.1523361695775488,0.2352846444963362,0.6536817102137767,0.8513950323239198,0.1997656083528659,0.3674161111738787,0.8474349658479872,0.8282780410742496,0.7812049062049062,0.6568531794850041,0.1240564067970833,0.1388739946380697
0.1536796536796537,0.2265077703518802,0.6335708630245448,0.8553079278666214,0.2075431493714042,0.3539713026776635,0.8355762243859904,0.8149815692469721,0.7631673881673882,0.643151062656429,0.1291959782853104,0.1447721179624665
0.1550977757874309,0.2178919397697077,0.6136183689627871,0.859050697516162,0.2152141487321542,0.3408654389334539,0.8239209417235867,0.8021590310689837,0.7447330447330447,0.6300004242141434,0.1336609810157078,0.1478999106344951
0.1674130467233915,0.2199049842982526,0.5914489311163896,0.8509697175910174,0.2315150223737481,0.3344254886453507,0.8186019473913675,0.794286466561348,0.7327922077922078,0.6228736266067112,0.1413382159262471,0.1549597855227882
0.1845051500223913,0.2321442950318061,0.579255740300871,0.8347226947941477,0.2478158960153419,0.3386058072534177,0.8174974567650051,0.7917851500789889,0.7287518037518037,0.6221524625631019,0.1513603803282901,0.1669794459338695
0.1951783848335572,0.2350430791529108,0.5623119556611245,0.8270670296019054,0.2611336032388664,0.3346514518133544,0.814939688998692,0.7887835703001579,0.7225829725829725,0.6192678063886651,0.1574314991487584,0.1756032171581769
0.1895058964024481,0.2198244625171108,0.5444180522565322,0.8383804014971079,0.2631578947368421,0.3174782510450796,0.8089231216392966,0.7812796208530806,0.7119047619047619,0.6104017307937047,0.1570781536089428,0.1751117068811439
0.1851022540677713,0.2074241082212738,0.5293745051464768,0.8473970738346377,0.2649691029192414,0.3034685346288555,0.8020636535387298,0.7736966824644549,0.6998196248196248,0.5987782632672973,0.1553114259098647,0.1724307417336908
0.1958501268846096,0.2165230694902971,0.5244655581947744,0.8365090166723375,0.2743447688046026,0.3081007795729296,0.7988664438308386,0.7713533438651922,0.6958874458874459,0.5955966571925508,0.1584594134464039,0.1758713136729222
0.2089864158829676,0.2283597713181415,0.5200316706254949,0.8227288193263015,0.2852120178989984,0.314879674613038,0.8013951460543526,0.773407056345445,0.6981601731601731,0.5992024774105968,0.1653335903119077,0.1838248436103663
0.2114494700701597,0.2280376841935744,0.5138558986539985,0.821537938074175,0.2890475175793735,0.3123940797649983,0.8014242115971515,0.7735387045813585,0.6979076479076478,0.600050905697196,0.1694773698242908,0.1885165326184093
0.2096581579340199,0.2202270714228198,0.5024544734758513,0.8267267778155836,0.2916045173662902,0.3027906451248446,0.797703822118878,0.769141653501843,0.6914141414141414,0.5933059008187334,0.1666827278275673,0.1844950848972296
0.2042842215256008,0.2131411546823416,0.4999208234362629,0.8335318135420212,0.2886213509482207,0.2969156027567506,0.792413893329458,0.762954186413902,0.6833694083694084,0.5855003605820219,0.1609649545469146,0.1775245755138516
0.209508881922675,0.2182140268942748,0.4986539984164687,0.8278325961211298,0.2927764756019603,0.3000790871088012,0.7939834326406046,0.764612954186414,0.6849206349206348,0.5885122809994486,0.1632777617166168,0.1797140303842717
0.2187639946260635,0.2285208148804252,0.4996041171813143,0.8171146648519906,0.2990624334114639,0.3076488532369224,0.7983723296032553,0.7692469720905739,0.6905122655122655,0.595511814363891,0.1696701037550994,0.1864164432529043
0.2213763248246006,0.2287623802238505,0.4942201108471893,0.8154984688669616,0.3027913914340507,0.3059541294768952,0.8011335561691614,0.7715113217482885,0.6921356421356422,0.5958087642642006,0.1706658957309434,0.1890974084003574
0.2139125242573518,0.2164425477091553,0.4859857482185274,0.8262164001361008,0.300234391647134,0.2943170263247091,0.7978200842900741,0.7686413902053713,0.6874819624819625,0.5903788232299665,0.166811217114773,0.1848972296693476
0.2105538140020898,0.2071825428778484,0.4747426761678543,0.8330214358625383,0.3016194331983806,0.283809739012541,0.7959598895509374,0.7660347551342812,0.6851370851370852,0.5864336316972808,0.1625389483151842,0.1794459338695263
0.2147335423197492,0.2098397616555278,0.4712589073634205,0.8292786662129977,0.3057745578521202,0.2844876285165518,0.7980816741752652,0.7679568193786203,0.6881673881673881,0.5868578458405803,0.1609649545469146,0.1779714030384271
0.2227944469323779,0.2258635961027458,0.4856690419635788,0.8162640353861859,0.3066268911144257,0.3007569766128121,0.8018892602819357,0.7731964191679831,0.6931096681096681,0.5935604293047131,0.1645947769104751,0.18266309204647
0.2253321391252425,0.2309364683146791,0.4904196357878068,0.8120959510037429,0.3068399744300021,0.306067111060897,0.805057404447028,0.7759610321221696,0.6974386724386724,0.598269206295338,0.1671324403327872,0.1856121537086684
0.2179429765636662,0.2192608100491182,0.4829770387965162,0.8224736304865602,0.304069891327509,0.2952208789967235,0.8014532771399505,0.7740126382306477,0.6944083694083694,0.5955966571925508,0.1653335903119077,0.1824843610366398
0.2096581579340199,0.207746195345841,0.4779097387173396,0.8332766247022797,0.2999147666737694,0.2853914811885663,0.7989536404592356,0.7714060031595577,0.6915945165945165,0.5929665295040937,0.1627638045677941,0.1792672028596961
0.2133900582176444,0.2164425477091553,0.4870942201108472,0.8265566519224227,0.2994886000426167,0.2947689526607163,0.7996802790292109,0.7709583991574512,0.6918109668109668,0.5937725363763628,0.1633098840384183,0.179982126899017
0.2228690849380504,0.2287623802238505,0.4913697545526524,0.8146478394011569,0.3048156829320264,0.3048243136368771,0.8037203894782735,0.7755660874144287,0.6976551226551226,0.6007296483264752,0.1672288072981915,0.1842716711349419
0.2210031347962382,0.2261051614461711,0.4899445764053841,0.8171146648519906,0.3038568080119326,0.3024517003728392,0.8065106815869786,0.7778304370721432,0.7014069264069265,0.6042082043015314,0.1667790947929716,0.1828865058087578
0.2115987460815047,0.2178919397697077,0.4937450514647665,0.8268118407621641,0.2959727253356062,0.2980454185967687,0.8043017003342537,0.7748815165876777,0.6974386724386724,0.5994145844822467,0.161607400982943,0.1768543342269883
0.2056277056277056,0.2063773250664305,0.4837688044338877,0.8362538278325962,0.2950138504155124,0.2865212970285843,0.799883737828804,0.7716166403370195,0.6923881673881674,0.5928816866754338,0.1582345571937939,0.173994638069705
0.2110016420361247,0.2087929785006844,0.4771179730799684,0.8320006805035727,0.3010867249094395,0.2857304259405716,0.7990408370876326,0.771274354923644,0.6913419913419914,0.5914817800025454,0.1599370402492692,0.1766309204647006
0.2216748768472906,0.2210322892342378,0.4787015043547111,0.8194113644096631,0.3081184743234604,0.2949949158287199,0.8011044906263625,0.7755134281200632,0.6976190476190476,0.599117634581937,0.1655905688863191,0.1819481680071492
0.2219734288699806,0.2204686367662452,0.4768012668250198,0.8194964273562437,0.308970807585766,0.2938650999887018,0.802383374509519,0.7761979989468141,0.6975829725829725,0.6008569125694652,0.1662651376441489,0.1833780160857908
0.2107030900134348,0.211369675497222,0.4826603325415678,0.8307247363048657,0.2989558917536756,0.2895717997966331,0.7991570992588287,0.7720115850447604,0.6932539682539682,0.5941967505196624,0.1609328322251132,0.1768990169794459
0.2060755336617405,0.2058941943795797,0.4818685669041965,0.8362538278325962,0.2959727253356062,0.2855044627725681,0.7940706292690015,0.7681937862032648,0.687987012987013,0.5869002672549104,0.1555041598406732,0.169615728328865
0.2123451261382295,0.2151541992108865,0.486935866983373,0.8278325961211298,0.2987428084380993,0.2937521184047,0.79529138206656,0.7685624012638231,0.6872294372294372,0.5852458320960421,0.1562108509203045,0.1718498659517426
0.218987908643081,0.2267493356953056,0.4954869358669834,0.8179652943177952,0.3005540166204986,0.304937295220879,0.7983723296032553,0.7716166403370195,0.6907287157287157,0.5908454587875961,0.1617358902701487,0.1794012511170688
0.2206299447678757,0.2294870762541267,0.4973871733966747,0.8154984688669616,0.3011932665672277,0.3075358716529205,0.7990989681732306,0.772538177988415,0.6913419913419914,0.5924150511178043,0.1640808197616523,0.1829311885612153
0.2105538140020898,0.2178919397697077,0.4959619952494062,0.8274072813882273,0.2943746004687833,0.2989492712687831,0.795320447609359,0.7676408636124276,0.6848124098124098,0.5852034106817122,0.159615817031255,0.1764075067024128
0.2046574115539632,0.2062162815041468,0.4855106888361046,0.83693433140524,0.2937353505220541,0.2869732233645916,0.7910187472751053,0.7646656134807793,0.678030303030303,0.5768888134730412,0.1545404901866306,0.1695710455764075
0.2086878638602776,0.2124164586520653,0.4891528107680126,0.831320176930929,0.2954400170466652,0.2926223025646819,0.792559221043453,0.765955766192733,0.6795454545454545,0.5784159843889196,0.1561787285985031,0.1710008936550491
0.2197342886998059,0.2232063773250664,0.486935866983373,0.8194113644096631,0.3039633496697208,0.2994011976047904,0.7968899869205057,0.7696945760926803,0.6851010101010101,0.5848216179527426,0.1624747036715814,0.1788203753351206
0.2177937005523212,0.2190192447056929,0.482818685669042,0.8227288193263015,0.304069891327509,0.2949949158287199,0.7981398052608633,0.7718799368088467,0.6867243867243867,0.586306367454291,0.1645626545886736,0.1818141197497765
0.206597999701448,0.2039616716321765,0.4769596199524941,0.8370193943518204,0.2979970168335819,0.2823409784205175,0.7939253015550065,0.7675618746708794,0.6805916305916306,0.5782038773172699,0.1592945938132408,0.1751563896336014
0.2032392894461859,0.1960705370802802,0.4685669041963579,0.8430588635590337,0.2984231834647347,0.2738673596203818,0.7905246330475222,0.7626382306477093,0.6734126984126984,0.5701862300089086,0.1544762455430278,0.1684539767649687
0.2077922077922077,0.2037201062887511,0.473950910530483,0.8365090166723375,0.2999147666737694,0.2810981809964976,0.7902921087051301,0.7625855713533438,0.6735569985569986,0.5715437152674671,0.1556968937714818,0.1714477211796246
0.2176444245409762,0.2196634189548273,0.4845605700712589,0.8224736304865602,0.3033240997229916,0.2960117500847361,0.7935474494986194,0.7661137440758293,0.6782828282828283,0.57803419165995,0.160001284892872,0.177882037533512
0.2171219585012688,0.2189387229245511,0.4842438638163104,0.8230690711126235,0.3031110164074153,0.2954468421647271,0.7955820374945501,0.7682201158504476,0.6795815295815295,0.5797310482331481,0.1613825447303331,0.1790437890974084
0.2098820719510374,0.209356630968677,0.4806017418844023,0.8323409322898946,0.299168975069252,0.2874251497005988,0.7907571573899143,0.7640073723012112,0.6744588744588744,0.5723921435540662,0.1553114259098647,0.1728328865058087
0.2045081355426183,0.2062162815041468,0.4859857482185274,0.8370193943518204,0.2935222672064776,0.2870862049485933,0.7866298503124546,0.7607951553449184,0.6687590187590187,0.5658592457472533,0.1511355240756802,0.1667113494191242
0.2102552619793999,0.2144295031806104,0.4897862232779098,0.8294487921061585,0.2962923503089708,0.2942040447407072,0.7890132248219736,0.7626119010005266,0.6705988455988456,0.5692105374793196,0.1537053098197937,0.1699285075960679
0.2216002388416181,0.2219180288267976,0.4802850356294537,0.8189860496767608,0.3075857660345195,0.296124731668738,0.7929952041854381,0.7658504476040021,0.6765151515151514,0.5746404785135537,0.1597443063184607,0.1779267202859696
0.2182415285863561,0.2125775022143489,0.4690419635787807,0.825876148349779,0.308970807585766,0.2855044627725681,0.7943612846969916,0.7669562927856767,0.6777056277056277,0.5755313282144827,0.1627959268895955,0.1813226094727435
0.2071951037468278,0.1971173202351235,0.4622327790973873,0.8403368492684588,0.3033240997229916,0.2722856174443565,0.7922395000726639,0.7644549763033176,0.6739177489177489,0.5717982437534468,0.1614146670521345,0.1794012511170688
0.2006269592476489,0.1880988807472421,0.4584323040380048,0.8487580809799252,0.3000213083315576,0.2646028697322336,0.7895364045923557,0.7603212216956293,0.6681818181818181,0.5658168243329234,0.1569496643217371,0.1736371760500447
0.2124944021495745,0.2040421934133183,0.4646080760095012,0.8336168764886016,0.3064138077988493,0.277934696644447,0.7892457491643656,0.7609004739336493,0.6696608946608946,0.5668773596911721,0.1582345571937939,0.1744861483467381
0.2227198089267054,0.2212738545776633,0.4768012668250198,0.818645797890439,0.309503515874707,0.2944300079087108,0.7921232379014679,0.7650342285413375,0.6757575757575757,0.5736647859839648,0.1630850277858083,0.1809204647006256
0.2226451709210329,0.2195828971736855,0.4736342042755344,0.8196665532494046,0.310568932452589,0.2920573946446729,0.7931114663566342,0.7661137440758293,0.6756493506493506,0.5712891867814873,0.1629565384986026,0.1817247542448614
0.2151813703537841,0.2104839359046622,0.4715756136183689,0.8286832255869344,0.3059876411676965,0.284939554852559,0.790233977619532,0.7617956819378621,0.6693001443001443,0.564289653417045,0.1577206000449712,0.1747542448614834
0.2086132258546051,0.2050889765681617,0.4749010292953286,0.8352330724736305,0.3001278499893458,0.2824539600045193,0.787734340938817,0.7597946287519748,0.6661976911976912,0.5603868832986892,0.1524846615913398,0.1684092940125111
0.209210329899985,0.2124969804332071,0.488202692003167,0.8310649880911877,0.2960792669933944,0.2923963393966783,0.7885191105943903,0.7599789362822539,0.6672438672438672,0.5617443685572477,0.1513925026500915,0.1692135835567471
0.2205553067622033,0.2211128110153797,0.481076801266825,0.8200068050357264,0.3065203494566376,0.2958987685007343,0.7909896817323063,0.7636124275934703,0.6709235209235209,0.5663683027192128,0.1553756705534676,0.1755585344057194
0.2195850126884609,0.2178919397697077,0.4768012668250198,0.8222184416468188,0.3073726827189431,0.2920573946446729,0.7919779101874728,0.7649815692469721,0.674025974025974,0.5690408518219998,0.1586521473772124,0.1781501340482573
0.209508881922675,0.2083903695949754,0.4794932699920824,0.8330214358625383,0.299168975069252,0.2864083154445825,0.7888097660223805,0.7614007372301211,0.6692279942279943,0.5622958469435372,0.1552150589444605,0.173503127792672
0.2033139274518584,0.2012239310733553,0.4785431512272368,0.8403368492684588,0.2951203920733006,0.2809851994124958,0.7842174102601366,0.7569773565034228,0.6626623376623376,0.5557205277223943,0.1510070347884745,0.1680518319928507
0.2039110314972383,0.2044448023190272,0.4836104513064134,0.8382953385505274,0.2938418921798423,0.2850525364365608,0.7874727510536259,0.759478672985782,0.6652958152958153,0.5590718194544607,0.152805884809354,0.1695710455764075
0.2177190625466487,0.2153152427731701,0.4756927949326999,0.8246852670976523,0.3064138077988493,0.2899107445486386,0.7914256648742916,0.762664560294892,0.6698051948051947,0.5636957536164257,0.1576563554013684,0.1761394101876675
0.2129422301836095,0.2142684596183267,0.4837688044338877,0.8279176590677102,0.300234391647134,0.2920573946446729,0.7920941723586687,0.764402317008952,0.6718253968253968,0.5666652526195224,0.160611609007099,0.1804289544235925
0.2067472757127929,0.2007408003865046,0.4703087885985749,0.8386355903368493,0.3003409333049222,0.2777087334764433,0.7884900450515914,0.7608741442864666,0.668975468975469,0.5626776396725067,0.1577206000449712,0.1764075067024128
0.202940737423496,0.1938964489894517,0.4649247822644498,0.8444198707043212,0.2994886000426167,0.2709298384363348,0.7847405900305189,0.7571090047393365,0.663961038961039,0.5557629491367243,0.1537695544633966,0.1708668453976765
0.2058516196447231,0.2018681053224897,0.4744259699129058,0.8385505273902689,0.2983166418069465,0.2799683651564795,0.785147507629705,0.7587151132174829,0.6658369408369409,0.5582658125821915,0.1553114259098647,0.1718051831992851
0.2104045379907448,0.2096787180932442,0.4801266825019794,0.8318305546104118,0.299701683358193,0.2874251497005988,0.7905536985903211,0.7627172195892575,0.6702380952380953,0.5657319815042634,0.1590697375606309,0.17609472743521
0.2143603522913867,0.2180529833319913,0.488202692003167,0.8251105818305547,0.299701683358193,0.2962377132527398,0.7898851911059439,0.7631911532385466,0.6701659451659451,0.5670046239341621,0.1581703125501911,0.17609472743521
0.2016718913270637,0.2054915854738707,0.4904196357878068,0.8390609050697516,0.2900063924994673,0.2882160207886114,0.7868333091120476,0.7585308056872038,0.6633838383838383,0.5600475119840496,0.1528701294529568,0.1706434316353887
0.1951037468278847,0.1904340124003543,0.4747426761678543,0.850714528751276,0.2905391007884083,0.272059654276353,0.7839558203749455,0.7559505002632965,0.6596320346320346,0.5553387349934247,0.149593652629212,0.1667560321715817
0.1993581131512165,0.1942185361140188,0.4731591448931117,0.8462912555290916,0.2941615171532069,0.2740933227883855,0.7868333091120476,0.7587151132174829,0.6627344877344877,0.5573749628812625,0.1515852365809,0.1706881143878462
0.2079414838035528,0.2054915854738707,0.4771179730799684,0.8354882613133721,0.2988493500958875,0.2834707942605355,0.7893038802499637,0.7616640337019484,0.6667027417027417,0.5620413184575574,0.1546368571520349,0.1767202859696157
0.2036124794745484,0.2034785409453257,0.4823436262866192,0.8389758421231712,0.2940549754954187,0.2839227205965428,0.7904955675047232,0.7622959452343339,0.6682539682539682,0.5628473253298265,0.1548938357264463,0.1780607685433422
0.1937602627257799,0.1922860133666157,0.4812351543942993,0.8504593399115346,0.2873428510547623,0.2756750649644108,0.7882284551664002,0.759373354397051,0.6641053391053391,0.5576719127815722,0.1528701294529568,0.1737265415549597
0.1977907150320943,0.1891456639020855,0.4663499604117183,0.8498638992854713,0.295333475388877,0.2681052988362896,0.7838395582037495,0.7553712480252764,0.6608946608946609,0.5529631357909474,0.1511676463974816,0.170420017873101
0.2033139274518584,0.1992108865448103,0.4747426761678543,0.8413576046274244,0.2963988919667589,0.2782736413964523,0.7871820956256358,0.7578199052132701,0.6634559884559884,0.5556781063080644,0.1536410651761909,0.173100983020554
0.2105538140020898,0.2080682824704083,0.4766429136975456,0.832596121129636,0.3008736415938632,0.2851655180205626,0.7903793053335271,0.7612427593470248,0.6687590187590187,0.5632715394731261,0.1585879027336096,0.1792225201072386
0.2065233616957754,0.2053305419115871,0.479809976247031,0.8363388907791767,0.2970381419134881,0.2842616653485481,0.7916872547594827,0.7628225381779884,0.6702380952380953,0.5653077673609639,0.1611898107995246,0.1806523681858802
0.2009255112703388,0.1984861905145342,0.4782264449722883,0.8431439265056143,0.2935222672064776,0.2789515309004631,0.7885772416799884,0.7594260136914166,0.6654040404040403,0.5586051838968311,0.1575921107577655,0.1752457551385165
0.202642185400806,0.19695627667284,0.4715756136183689,0.8429738006124533,0.2970381419134881,0.275562083380409,0.7843627379741317,0.7556345444971037,0.6619408369408369,0.5543630424638358,0.154412000899425,0.1713583556747095
0.202940737423496,0.2032369756019003,0.4832937450514648,0.8394862198026539,0.2933091838909014,0.2841486837645463,0.7865717192268565,0.7576619273301738,0.6641053391053391,0.5566113774233233,0.1559859946676945,0.173994638069705
0.2083893118375877,0.2108865448103712,0.4867775138558987,0.8323409322898946,0.2959727253356062,0.2907016156366512,0.7906699607615172,0.761216429699842,0.668073593073593,0.5609383616849786,0.1595836947094536,0.1793118856121537
0.2107777280191073,0.2122554150897818,0.4844022169437847,0.8302994215719633,0.2985297251225229,0.290814597220653,0.7911931405318995,0.7625592417061611,0.6693362193362193,0.5628049039154965,0.1589091259516238,0.179579982126899
0.2048066875653082,0.2057331508172961,0.4840855106888361,0.8371044572984008,0.2943746004687833,0.2860693706925771,0.7871530300828368,0.7585308056872038,0.6638888888888889,0.5576294913672422,0.152805884809354,0.1722966934763181
0.1996566651739065,0.2048474112247363,0.4934283452098179,0.8405069751616198,0.2874493927125506,0.2888939102926223,0.7863101293416654,0.7569246972090574,0.6606060606060606,0.5525813430619777,0.1484372490443609,0.1672028596961572
0.2091356918943125,0.2127385457766326,0.4889944576405385,0.8308948621980266,0.2957596420200298,0.2928482657326856,0.787385554425229,0.7583991574512902,0.6626262626262626,0.5542781996351759,0.1512961356846872,0.1708221626452189
0.2160023884161815,0.2212738545776633,0.4912114014251781,0.8225586934331406,0.2999147666737694,0.2995141791887922,0.7918325824734778,0.7622169562927856,0.6677849927849927,0.5609807830993085,0.1560823616330988,0.1749329758713136
0.2142110762800418,0.2186971575811256,0.4896278701504355,0.8248553929908133,0.299168975069252,0.2971415659247542,0.7938381049266096,0.7632964718272774,0.6705266955266954,0.5636957536164257,0.1589733705952266,0.1766309204647006
0.2037617554858934,0.2060552379418632,0.4870942201108472,0.8375297720313033,0.292563392286384,0.2874251497005988,0.7897107978491499,0.759768299104792,0.6656565656565656,0.5572476986382726,0.1558253830586874,0.1728328865058087
0.1990595611285266,0.2003381914807955,0.4859857482185274,0.8432289894521947,0.2895802258683145,0.2830188679245283,0.7867461124836507,0.7570300157977883,0.6613275613275613,0.5525389216476477,0.1548617134046448,0.1728328865058087
0.2118226600985222,0.2091955874063934,0.4761678543151227,0.831320176930929,0.3020455998295333,0.2857304259405716,0.7883156517947972,0.7591627172195892,0.6650072150072149,0.5558902133797141,0.1588770036298223,0.1793565683646112
0.222197342886998,0.2190192447056929,0.4734758511480603,0.8201769309288874,0.3103558491370125,0.2916054683086656,0.7927336143002471,0.7631121642969984,0.6709235209235209,0.5631018538158062,0.1636953519000353,0.1872207327971403
0.2145096283027317,0.2118528061840727,0.4756927949326999,0.8283429738006125,0.304069891327509,0.2874251497005988,0.7924720244150559,0.7632964718272774,0.6708874458874459,0.5641199677597252,0.1631813947512126,0.1867739052725647
0.2058516196447231,0.2024317577904823,0.4755344418052257,0.8382953385505274,0.2978904751757937,0.2807592362444921,0.7872111611684348,0.7583201685097419,0.6628066378066377,0.5561023204513639,0.1562750955639073,0.1770330652368185
0.2041349455142558,0.2056526290361542,0.4855106888361046,0.8375297720313033,0.2934157255486895,0.2865212970285843,0.7848568522017149,0.7553975776724592,0.658946608946609,0.5519874432613584,0.1516494812245029,0.168722073279714
0.2094342439170025,0.2214348981399468,0.505304829770388,0.8262164001361008,0.2904325591306201,0.3047113320528754,0.7858450806568813,0.7575302790942601,0.6627705627705627,0.5551690493361049,0.152420416947737,0.1692135835567471
0.2154052843708016,0.2291649891295596,0.5078384798099762,0.818645797890439,0.2939484338376305,0.3110383007569766,0.7916581892166836,0.761216429699842,0.6666305916305916,0.5584354982395113,0.1555362821624747,0.1753798033958891
0.2087625018659501,0.2194218536114019,0.5027711797307997,0.8275774072813883,0.2908587257617728,0.3024517003728392,0.7929370730998402,0.7615850447604002,0.6665223665223665,0.558774869554151,0.1557290160932832,0.176586237712243
0.1969696969696969,0.2004992350430791,0.4905779889152811,0.8443348077577408,0.286597059450245,0.2847135916845554,0.7887225693939834,0.7584781463928383,0.6614718614718615,0.5518177576040385,0.1519385821207156,0.1697944593386952
0.2012240632930288,0.2000966261373702,0.4807600950118766,0.8421231711466485,0.2928830172597485,0.2809851994124958,0.7866589158552536,0.7571353343865193,0.6612554112554112,0.5501209010308404,0.1514246249718929,0.1677390527256479
0.2089864158829676,0.2103228923423786,0.4844022169437847,0.8322558693433142,0.2972512252290645,0.2894588182126313,0.7919779101874728,0.7611637704054766,0.6667748917748917,0.5574173842955924,0.15701390896534,0.1756032171581769
0.2242872070458277,0.2352846444963362,0.5010292953285828,0.8103946920721335,0.3024717664606861,0.3129589876850073,0.7984013951460543,0.7670879410215903,0.6752164502164502,0.5674712594917916,0.1649481224502907,0.1873994638069705
0.222495894909688,0.2449472582333521,0.5238321456848773,0.8063116706362708,0.2936288088642659,0.3277595751892441,0.8016276703967447,0.7698525539757768,0.6781024531024531,0.5717134009247868,0.1677106421252128,0.1900804289544236
0.2187639946260635,0.2410016909574039,0.5238321456848773,0.8105648179652943,0.290965267419561,0.3250480171732007,0.8013370149687545,0.7673775671406003,0.6752886002886003,0.5678954736350911,0.1631171501076098,0.1824843610366398
0.2165248544558889,0.2418069087688219,0.5303246239113224,0.8113303844845186,0.287129767739186,0.3279855383572477,0.8035169306786805,0.7660874144286467,0.6733766233766234,0.5656471386756035,0.1596800616748578,0.1788203753351206
0.2204806687565308,0.2539656977212335,0.5460015835312749,0.8027390268798913,0.2846793096100575,0.3419952547734719,0.8053189943322192,0.7686150605581885,0.6766594516594516,0.5699317015229288,0.1619286242009572,0.1822162645218945
0.2360800119420809,0.2704726628553023,0.5450514647664292,0.785130996937734,0.2961858086511826,0.3532934131736527,0.8085743351257085,0.7741442864665613,0.6839466089466089,0.5780766130742799,0.1655905688863191,0.1882931188561215
0.2357068219137184,0.2699895321684515,0.5450514647664292,0.7855563116706363,0.295866183677818,0.3529544684216472,0.8106379886644383,0.7753027909426013,0.6870851370851371,0.5785432486319094,0.1639523304744467,0.187846291331546
0.2278698313181072,0.2661244866736452,0.5540775930324625,0.7921061585573326,0.2872363093969742,0.3534063947576545,0.8037494550210724,0.7704318062137967,0.6808441558441558,0.5714588724388071,0.1598406732838649,0.1813226094727435
0.228466935363487,0.2811015379660198,0.5822644497228822,0.783855052739027,0.2781802684849776,0.3740820246299853,0.8009300973695683,0.7683254344391784,0.6786075036075037,0.571586136681797,0.1610291991905175,0.1810991957104557
0.247723540826989,0.3035671149045817,0.5855898653998417,0.7609731201088805,0.2907521841039846,0.3909162806462546,0.7990989681732306,0.7694839389152186,0.6851370851370852,0.5813006405633565,0.1687385564228582,0.1902591599642537
0.2598895357516047,0.3187857315403817,0.5897070467141726,0.746002041510718,0.2981035584913701,0.4031182917184498,0.7921523034442668,0.7688256977356503,0.6875901875901875,0.5856700462393416,0.1759018341845748,0.200491510277033
0.2576503955814301,0.323455994846606,0.6036421219319082,0.7448111602585914,0.2918176006818666,0.4113659473505818,0.7837232960325534,0.7654818325434438,0.68502886002886,0.5848640393670725,0.1770903600912274,0.20218945487042
0.2546648753545305,0.324261212658024,0.6115597783056216,0.7460871044572985,0.2870232260813978,0.414755394870636,0.7748583054788548,0.758794102159031,0.6785714285714285,0.5800279981334578,0.172239889499213,0.1963360142984808
0.2590685176892073,0.3178194701666801,0.5895486935866984,0.7470227968696836,0.2975708502024291,0.402440402214439,0.7682022961778812,0.7537651395471301,0.6707792207792207,0.5709073940525178,0.1677106421252128,0.1916890080428954
0.2622779519331243,0.3032450277800145,0.5540775930324625,0.7528921401837362,0.311740890688259,0.379505140662072,0.7662839703531463,0.7529489204844655,0.667027417027417,0.5661986170618929,0.1669075840801773,0.1925379803395889
0.2612330198537095,0.294629197197842,0.5393507521773556,0.757995916978564,0.3160025569997869,0.3682069822618913,0.7631448917308531,0.75260663507109,0.6648268398268399,0.5649259746319942,0.1674536635508014,0.1945933869526362
0.2595163457232423,0.291005717046461,0.5358669833729216,0.7608880571623001,0.3158960153419987,0.3644785899898317,0.7589885191105944,0.7496050552922591,0.6607864357864357,0.5621685827005473,0.1680961099868298,0.1956657730116175
0.2603373637856396,0.2819872775585796,0.5163895486935868,0.7651412044913236,0.323140848071596,0.3511467630776184,0.7545124255195466,0.7469457609268035,0.6579004329004329,0.5589021337971408,0.167421541229,0.1939678284182305
0.2693685624720107,0.2821483211208632,0.4973871733966747,0.7599523647499151,0.3359258470061794,0.3444808496215117,0.755704112774306,0.7482359136387572,0.6589826839826839,0.55970814066941,0.1673572965853971,0.1945487042001787
0.2803403493058665,0.2820677993397214,0.4741092636579573,0.7537427696495408,0.3515874707010441,0.3361202124053779,0.7617206801337014,0.7524486571879937,0.6633838383838383,0.5635260679591058,0.1717259323503903,0.2024575513851653
0.3000447828034035,0.2796521459054675,0.4275534441805226,0.7437904048996258,0.3813125932239505,0.317817195797085,0.7682894928062781,0.7599526066350711,0.6708874458874459,0.5709073940525178,0.1800134913751566,0.2146559428060768
0.3033288550529929,0.267815444077623,0.3971496437054632,0.7482136781218102,0.3938845088429575,0.2986103265167777,0.770440342973405,0.7617693522906793,0.6721861471861471,0.5709073940525178,0.1809450387073977,0.2155049151027703
0.2925809822361546,0.2575891778726145,0.4000000000000001,0.7596971759101736,0.3852546345621138,0.2925093209806801,0.770207818631013,0.7597946287519748,0.671067821067821,0.5683621091927206,0.1773152163438373,0.2096067917783735
0.2854903716972682,0.2581528303406071,0.4161520190023753,0.7634399455597143,0.3747070104410824,0.2987233081007795,0.7710507193721843,0.7595050026329647,0.6703823953823953,0.5673015738344717,0.1751951431049436,0.2043342269883824
0.2863113897596656,0.2625010065222642,0.4229612034837688,0.7607179312691392,0.3731088855742595,0.3041464241328663,0.7739282081092864,0.761506055818852,0.6709235209235209,0.5687439019216901,0.1737496386238797,0.2010277033065237
0.2717569786535304,0.2528383927852484,0.4348376880443389,0.774072813882273,0.3587257617728532,0.3015478477008247,0.780031972097079,0.7651132174828856,0.6734126984126984,0.5689560089933399,0.1698949600077093,0.1950402144772118
0.2457829526795044,0.2330300346243659,0.4509897070467142,0.7993365090166723,0.3347538887705092,0.2934131736526946,0.7839267548321465,0.765666140073723,0.673015873015873,0.5656471386756035,0.1649802447720921,0.1867292225201072
0.2222719808926705,0.2122554150897818,0.4600158353127475,0.8236645117386867,0.3148305987641168,0.2821150152525138,0.7806423484958582,0.759478672985782,0.6635642135642136,0.5570355915666229,0.1556647714496803,0.174798927613941
0.2080907598148977,0.2032369756019003,0.4723673792557404,0.8365090166723375,0.3006605582782868,0.2801943283244831,0.7807004795814562,0.7578199052132701,0.659054834054834,0.5530479786196073,0.1505573222832546,0.1677837354781054
0.2164502164502164,0.2122554150897818,0.4722090261282661,0.8270670296019054,0.3066268911144257,0.2864083154445825,0.7818921668362157,0.7601895734597156,0.6620129870129869,0.5544054638781657,0.1520028267643185,0.1699285075960679
0.2264517092103299,0.2266688139141637,0.4796516231195567,0.8137121469887717,0.3112081823993181,0.2992882160207886,0.7886063072227875,0.7648235913638757,0.667965367965368,0.5589445552114708,0.1549580803700491,0.1755138516532618
0.2198835647111509,0.2186971575811256,0.4775930324623912,0.8216230010207555,0.3072661410611549,0.2928482657326856,0.7881412585380032,0.7652711953659821,0.6677849927849927,0.5566962202519833,0.1540907776814108,0.1753351206434316
0.2072697417525003,0.206135759723005,0.479809976247031,0.8354882613133721,0.2974643085446409,0.284939554852559,0.7835198372329604,0.7610847814639284,0.661075036075036,0.5491876299155815,0.1486621052969708,0.1693029490616621
0.2033885654575309,0.2003381914807955,0.4766429136975456,0.8407621640013611,0.295866183677818,0.2797424019884758,0.7822990844354019,0.759083728278041,0.6578643578643579,0.5456666525261953,0.1458995856220487,0.1653261840929401
0.2144349902970592,0.2034785409453257,0.4593824228028504,0.8328513099693774,0.309503515874707,0.2756750649644108,0.7854090975148961,0.7626908899420748,0.6634199134199134,0.5498239511305307,0.1483730044007581,0.168319928507596
0.2210777728019107,0.2059747161607215,0.4500395882818686,0.8276624702279687,0.3173875985510334,0.2740933227883855,0.7881412585380032,0.7657187993680885,0.6695887445887446,0.5559750562083741,0.1527095178439497,0.1724307417336908
0.2103298999850724,0.2021096706659151,0.4653998416468725,0.8358285130996939,0.30460259961645,0.2769178623884306,0.7908443540183112,0.7662717219589258,0.67012987012987,0.5580537055105418,0.154797468761042,0.1735924932975871
0.1992088371398716,0.1905950559626379,0.4663499604117183,0.8483327662470228,0.2962923503089708,0.269122133092306,0.7863973259700624,0.7634544497103739,0.6648268398268399,0.5534721927629068,0.1520349490861199,0.1707327971403038
0.2018958053440812,0.1893067074643691,0.4581155977830562,0.8473970738346377,0.3009801832516514,0.2652807592362445,0.7845661967737247,0.7621906266456029,0.6633477633477634,0.5501209010308404,0.1508785455012688,0.1697944593386952
0.2155545603821465,0.2013044528544971,0.4527315914489312,0.8332766247022797,0.3125932239505646,0.2718336911083493,0.7854090975148961,0.7638493944181147,0.6673520923520924,0.553217664276927,0.1526131508785455,0.172207327971403
0.2204806687565308,0.2114501972783637,0.462074425969913,0.8251956447771351,0.3129128489239292,0.2822279968365156,0.7865426536840575,0.7658504476040021,0.6733405483405484,0.5632715394731261,0.1559217500240917,0.1752457551385165
0.2174951485296312,0.209759239874386,0.4653998416468725,0.8277475331745492,0.3096100575324951,0.2823409784205175,0.7831710507193721,0.7657714586624539,0.6788600288600288,0.5712467653671573,0.1590376152388294,0.1763628239499553
0.2177190625466487,0.2037201062887511,0.4527315914489312,0.8308097992514462,0.3140848071595994,0.2735284148683765,0.7779101874727511,0.7699578725645075,0.6931096681096681,0.5865184745259407,0.1618965018791558,0.1776586237712243
0.2348111658456486,0.2029954102584749,0.4152019002375298,0.8214528751275944,0.3389090134242488,0.2596316800361541,0.772852783025723,0.7799894681411268,0.7182178932178932,0.6185466423450559,0.1714368314541775,0.183958891867739
0.2570532915360501,0.2162009823657299,0.3941409342834521,0.8018033344675061,0.361922011506499,0.2613264037961811,0.7553843918035169,0.7639810426540284,0.7205627705627705,0.6526110380520087,0.1909993254312421,0.2010723860589812
0.2816091954022989,0.268620661889041,0.444972288202692,0.7601224906430759,0.3623481781376518,0.3162354536210597,0.716058712396454,0.7008952080042127,0.6801948051948051,0.6890510329614391,0.2272011821014423,0.2335567470956211
0.3009404388714733,0.3311055640550769,0.5268408551068884,0.7160598843143927,0.3486043042829746,0.3893345384702293,0.6472024415055951,0.5982885729331227,0.5968614718614719,0.7130615534721928,0.2754489094471748,0.2752010723860589
0.3404985818778922,0.4101779531363234,0.5984164687252574,0.6518373596461382,0.3526528872789261,0.4703423341995254,0.5463450079930242,0.4831490258030542,0.5006132756132756,0.7454290926059476,0.3478526227875751,0.3375781948168007
0.4057321988356471,0.5113938320315645,0.6590657165479019,0.5611602585913577,0.3788621350948221,0.5629872330810077,0.4480453422467664,0.3875460768825697,0.4175685425685425,0.7934077122131252,0.4461469274999197,0.4257819481680071
0.4930586654724586,0.6337869393670987,0.7144893111638956,0.446750595440626,0.4225442147879821,0.6686250141226979,0.3378288039529137,0.2798578199052132,0.3022727272727273,0.8016798880074661,0.5571295493238251,0.5350312779267202
0.6005373936408419,0.7601256139785812,0.7350752177355504,0.3187308608370194,0.4923290006392499,0.7646593605242346,0.2133992152303443,0.163243812532912,0.1712121212121212,0.793619819284775,0.6863576499309371,0.6652815013404826
0.7191371846544261,0.8673806264594573,0.6943784639746635,0.1945389588295339,0.5906669507777541,0.8253304711332051,0.1099258828658624,0.087519747235387,0.090079365079365,0.815721376150681,0.8320966239439787,0.806166219839142
0.8269891028511719,0.9037764715355504,0.5371338083927159,0.1138992854712487,0.720541231621564,0.7948254434527171,0.0663275686673448,0.0890995260663506,0.0932539682539682,0.8502099860009332,0.938549998393884,0.9137622877569258
0.8788625167935513,0.8912955954585715,0.402375296912114,0.090932289894522,0.8028979330918389,0.7379957066998079,0.0877488737102164,0.1286993154291732,0.1024170274170274,0.7846264794468248,0.9486042851177284,0.9519660411081324
0.8758023585609793,0.8391980030598277,0.3065716547901821,0.1201939435182034,0.8329426805881099,0.6672692351146763,0.1441941578258973,0.1800421274354923,0.0854617604617604,0.5883850167564587,0.8490572098551283,0.916934763181412
0.8273622928795343,0.7564216120460585,0.2463974663499604,0.1914766927526369,0.8186660984444918,0.5877301999774036,0.2246766458363609,0.2393891521853607,0.0655483405483405,0.3518432104526365,0.6990780893642993,0.8415102770330654
0.7667562322734737,0.670907480473468,0.2068091844813935,0.2711806736985369,0.7886213509482208,0.5136142808722178,0.3057404447028047,0.3060294892048446,0.0777777777777778,0.1731642132948712,0.5680190164145065,0.762645218945487
0.6904015524705179,0.6118850148965296,0.2527315914489311,0.3458659407961892,0.7187300234391647,0.4885323692238165,0.3818631012934166,0.3724591890468667,0.1271645021645021,0.1013871802485894,0.4586425106806719,0.6800268096514746
0.610314972383938,0.5820114340929221,0.363895486935867,0.4072813882272882,0.6242275729810355,0.5072873121681165,0.452085452695829,0.4327014218009478,0.1931457431457431,0.1176345819369617,0.3700170248305547,0.5963360142984808
0.5267950440364233,0.5516547226024641,0.4813935075217736,0.4709084722694794,0.5250372895802259,0.5278499604564455,0.523325098096207,0.4947604002106371,0.2753968253968253,0.1825817672761209,0.3083421669718287,0.5210455764075067
0.4245409762651141,0.4907802560592641,0.5786223277909739,0.5613303844845186,0.4193479650543362,0.5198282679923172,0.6020345879959308,0.5674828857293313,0.3799062049062049,0.2774784711322275,0.2571713083421669,0.4368185880250223
0.319226750261233,0.417102826314518,0.6571654790182107,0.6602585913576047,0.317707223524398,0.4962151169359394,0.6775178026449643,0.6441021590310689,0.4905844155844155,0.3815382004836041,0.2148340882078956,0.3471403038427167
0.2405582922824302,0.3356147837990176,0.66381631037213,0.7481286151752298,0.2593223950564671,0.4414190486950626,0.7325098096206947,0.7035018430753028,0.5756132756132756,0.4600602384083486,0.174616941312518,0.2607685433422699
0.1976414390207493,0.2595217006200177,0.6050673000791765,0.8127764545763867,0.2485616876198593,0.3669641848378713,0.7719226856561546,0.7444707740916271,0.6316017316017315,0.5067662155856276,0.1411133596736372,0.1938337801608579
0.1885356023287057,0.2174088090828569,0.5418844022169439,0.8402517863218782,0.2632644363946303,0.314879674613038,0.7989827060020346,0.773591363875724,0.6702020202020202,0.5398549187629916,0.1313481738460055,0.1663092046470062
0.1866696521868935,0.2014654964167807,0.5143309580364213,0.8496937733923103,0.2712550607287449,0.2939780815727036,0.8144746403139078,0.7901263823064771,0.6946969696969697,0.5653501887752937,0.1308984613407857,0.1585790884718498
0.1774145394835049,0.1936548836460262,0.5186064924782265,0.8591357604627424,0.2631578947368421,0.2900237261326403,0.8236302862955965,0.8003949447077409,0.7105339105339106,0.5791795698468587,0.1284250425620763,0.1509383378016085
0.1637557844454396,0.1777920927610918,0.5163895486935868,0.8752126573664512,0.2541018538248455,0.2780476782284488,0.8259845952623165,0.8040547656661401,0.7134920634920635,0.5788401985322191,0.121358131765764,0.1377569258266309
0.1560680698611733,0.1708672195828971,0.5190815518606494,0.8832936372915959,0.2478158960153419,0.2740933227883855,0.8308385409097515,0.8072143233280673,0.7183982683982684,0.5801552623764477,0.1185634897690405,0.13047363717605
0.1685326168084788,0.1772284402930992,0.5051464766429138,0.872830894862198,0.2613466865544427,0.2736413964523783,0.8363028629559658,0.814402317008952,0.729004329004329,0.5913969371738854,0.1233175933956506,0.1343163538873994
0.1749514852963128,0.1824623560673162,0.5018210609659541,0.8664511738686629,0.2669933944172171,0.276126991300418,0.8412730707745967,0.820984728804634,0.7381313131313131,0.6031052475289527,0.1280395747004593,0.1421805183199285
0.1679355127630989,0.166116434495531,0.4845605700712589,0.8790404899625723,0.2678457276795226,0.258501864196136,0.8424066269437581,0.8231437598736177,0.7422799422799422,0.6056081109744199,0.1270437827246153,0.1425826630920464
0.1574861919689505,0.1530719059505596,0.481076801266825,0.8918849948962232,0.2615597698700191,0.2481075584679697,0.8402848423194303,0.820405476566614,0.7392496392496392,0.6016629194417342,0.1191095692396646,0.1318588025022341
0.1553963278101209,0.1581447781624929,0.4954869358669834,0.8904389248043553,0.2551672704027274,0.2568071404361088,0.8398197936346462,0.8199315429173248,0.741017316017316,0.6029779832859627,0.11493366740548,0.1239946380697051
0.167786236751754,0.1731218294548675,0.4986539984164687,0.8754678462061926,0.2629448114212657,0.2684442435882951,0.844354018311292,0.8240126382306476,0.7473665223665223,0.6078140245195776,0.1168288843917638,0.1270777479892761
0.1747275712792954,0.1826233996295998,0.5026128266033254,0.8664511738686629,0.2665672277860643,0.2765789176364253,0.8485975875599477,0.8282780410742496,0.7538600288600288,0.6142196580834005,0.1211011531913526,0.132171581769437
0.1679355127630989,0.1735244383605765,0.4991290577988916,0.8751275944198708,0.2629448114212657,0.2688961699243023,0.8487429152739427,0.8290416008425487,0.7541847041847042,0.6135833368684512,0.1202659728245157,0.1305183199285076
0.1636811464397671,0.1663579998389564,0.494061757719715,0.8813371895202451,0.2616663115278073,0.262004293300192,0.8489463740735358,0.8286466561348078,0.7549783549783549,0.6132863869681415,0.1176640647586007,0.1268096514745308
0.1618898343036274,0.164103389966986,0.4934283452098179,0.8835488261313373,0.2606008949499254,0.260309569540165,0.8485394564743496,0.8288836229594524,0.7559884559884559,0.613795443940101,0.1175676977931965,0.12609472743521
0.1670398566950291,0.168934696835494,0.4920031670625496,0.8781047975501872,0.2646494779458768,0.2631341091402101,0.8522017148670251,0.8323591363875724,0.7606782106782106,0.6181648496160863,0.1190132022742603,0.1297587131367292
0.1682340647857889,0.1729607858925839,0.4973871733966747,0.8752977203130318,0.263690603025783,0.267879335668286,0.8572300537712542,0.8369404949973671,0.7666305916305916,0.6240614262079499,0.1204265844335228,0.1326184092940125
0.1611434542469025,0.1696593928657702,0.5060965954077593,0.8809969377339232,0.2558065203494566,0.2686702067562986,0.8559802354308966,0.8353080568720378,0.7664862914862915,0.6236796334789803,0.1186598567344447,0.129579982126899
0.1492013733393043,0.1613656494081649,0.5149643705463184,0.8922252466825451,0.2443000213083315,0.2659586487402553,0.8533643365789856,0.8336756187467087,0.7641414141414141,0.6214737199338227,0.1158330924159198,0.1250670241286863
0.1506194954470816,0.1588694741927691,0.5070467141726049,0.892735624362028,0.2479224376731301,0.261439385380183,0.854265368405755,0.8355450236966824,0.7676406926406926,0.6243159546939295,0.1157688477723169,0.1240840035746202
0.1592028660994178,0.1631371285932845,0.4972288202692004,0.8855903368492686,0.2574046452162795,0.260874477460174,0.8599331492515623,0.8415481832543443,0.7764790764790764,0.6322911805879609,0.119366547814076,0.1276139410187667
0.1653978205702343,0.1747322650777035,0.5068883610451307,0.8758931609390951,0.2584700617941615,0.2725115806123601,0.8649033570701933,0.8476040021063718,0.7834415584415584,0.6379756501081746,0.120747807651537,0.1294906166219839
0.1630094043887147,0.1818181818181818,0.5258907363420429,0.8735113984348419,0.2504794374600468,0.2842616653485481,0.8659497166109578,0.8488414955239599,0.7868326118326118,0.6414117846689009,0.1171179852879766,0.1244414655942806
0.1539035676966711,0.1769868749496739,0.5358669833729216,0.8812521265736646,0.2405710632857447,0.28437464693255,0.8641476529574189,0.8473407056345446,0.7846320346320346,0.6374665931362152,0.1100189521698628,0.1151474530831099
0.1537542916853261,0.1756985264514051,0.5334916864608077,0.8821027560394693,0.2412103132324738,0.2826799231725228,0.8643801772998111,0.8487098472880463,0.7878427128427128,0.6372969074788954,0.1073849217821464,0.1118856121537086
0.1648753545305269,0.1869715758112569,0.5320665083135393,0.8697686287853011,0.2496271041977413,0.2901367077166421,0.8708036622583927,0.8556345444971037,0.7968975468975468,0.6456963475162263,0.1118820468343451,0.1171134941912421
0.1712195850126884,0.1948627103631532,0.5341250989707047,0.8620279006464785,0.2535691455359045,0.2963506948367416,0.8759773288766167,0.8614270668773037,0.8045093795093795,0.6548593730114962,0.1151906459798914,0.1227435210008936
0.1625615763546798,0.1895482728077945,0.542042755344418,0.8696835658387208,0.2447261879394843,0.2954468421647271,0.8769364917889841,0.8630068457082676,0.808008658008658,0.6574046578712934,0.1134239182808133,0.1207327971403038
0.1540528437080161,0.183348095659876,0.5479018210609661,0.8778496087104457,0.2366290219475814,0.293187210484691,0.8767911640749891,0.8640863612427594,0.8099567099567099,0.6541382089678871,0.1077703896437634,0.1133154602323503
0.1516644275264964,0.1754569611079797,0.5374505146476644,0.8833787002381763,0.2384402301299808,0.2839227205965428,0.8783897689289347,0.8670616113744076,0.8141414141414142,0.6557926441267552,0.1060357842664867,0.111349419124218
0.1600238841618152,0.1823013125050326,0.5331749802058592,0.8749574685267099,0.2458981461751545,0.2871991865325951,0.8852201714867025,0.873880989994734,0.8239538239538239,0.6655495694226445,0.1084128360797918,0.1137622877569258
0.1614420062695925,0.1922860133666157,0.5498020585906572,0.8689179993194965,0.2412103132324738,0.300192068692803,0.891323935474495,0.8807793575566089,0.8339466089466089,0.675264073304204,0.1078988789309691,0.1118856121537086
0.1565905359008807,0.1911587084306305,0.5578780680918449,0.8723205171827153,0.2351374387385467,0.3022257372048356,0.8949571283243715,0.8843601895734597,0.837987012987013,0.6764094514911129,0.1020526163631107,0.1036639857015192
0.1488281833109419,0.1858442708752717,0.5637371338083927,0.8795508676420553,0.2275729810355849,0.3005310134448085,0.8929516058712397,0.8849394418114798,0.8392496392496392,0.6747125949179146,0.0957887636118338,0.0958891867739052
0.1462158531124048,0.189709316370078,0.5770387965162314,0.8789554270159919,0.2211804815682932,0.3079877979889278,0.896526667635518,0.8895208004212743,0.8468253968253968,0.6796334789801893,0.0920946966046705,0.0940571939231456
0.157710105985968,0.1983251469522506,0.5695961995249408,0.8678121810139503,0.2319411890049009,0.311377245508982,0.9032117424792908,0.8977883096366508,0.8577561327561327,0.68816018326051,0.0916771064212521,0.095710455764075
0.1566651739065532,0.2033174973830421,0.5814726840855108,0.8658557332425997,0.2271468144044321,0.3191729748051067,0.9120186019473911,0.9074776197998946,0.8718253968253968,0.7002927077588768,0.0938935466255501,0.0978552278820375
0.1430810568741603,0.1922860133666157,0.588756927949327,0.8793807417488942,0.215107607074366,0.3140888035250254,0.9163493678244442,0.9128488678251712,0.8795454545454545,0.7038136851482628,0.0907134367672095,0.0948614834673815
0.1319599940289595,0.1840727916901521,0.5961995249406177,0.8900986730180334,0.2045599829533347,0.3109253191729748,0.9181514314779828,0.9160347551342812,0.8842712842712842,0.7038985279769229,0.0865375349330249,0.0885165326184092
0.1333034781310643,0.192124969804332,0.6091844813935076,0.8850799591697858,0.2011506499041125,0.3212066433171393,0.921348641185874,0.9215376513954712,0.8927849927849927,0.7100072116404361,0.0849956634865568,0.0858355674709562
0.1385281385281385,0.2070214993155649,0.6275534441805227,0.8741919020074855,0.198700191774984,0.3382668625014122,0.9298939107687836,0.9319905213270142,0.9071428571428573,0.7225215288677725,0.0845138286595355,0.0848972296693476
0.1382295865054485,0.2124969804332071,0.6387965162311957,0.8714698877169106,0.1947581504368207,0.346062591797537,0.9363755268129632,0.940626645602949,0.9198773448773448,0.7288847410172656,0.0802736821817481,0.0794459338695263
0.1239737274220032,0.207746195345841,0.659699129057799,0.8821027560394693,0.1774984018751331,0.3502429104056039,0.9409678825752072,0.9449973670352816,0.92507215007215,0.7282059983879864,0.0706048633195207,0.0694816800714924
0.1107628004179728,0.2072630646589902,0.6867775138558988,0.8899285471248723,0.1590666950777754,0.359507400293752,0.943293125999128,0.9473407056345444,0.9283910533910532,0.7273575701013872,0.0612251453535061,0.0604110813226094
0.1045678459471562,0.2091150656252516,0.7037212984956454,0.8924804355222865,0.1489452375878968,0.3668512032538695,0.9477692195901758,0.9523433385992628,0.9358946608946608,0.730327069104484,0.0539976229481867,0.0529043789097408
0.1067323481116584,0.2217569852645141,0.7239904988123517,0.884569581490303,0.143618154698487,0.3828945881821263,0.9561400959162912,0.9609004739336492,0.947005772005772,0.7377932380265558,0.0509781246988532,0.0507596067917783
0.11247947454844,0.235767775183187,0.7391923990498813,0.8738516502211638,0.1425527381206051,0.3982600836063721,0.9619822700188928,0.9676145339652448,0.9573593073593072,0.7457684639205872,0.0475089139442999,0.0488829311885612
0.0962083893118375,0.2297286415975521,0.7618368962787015,0.8863559033684928,0.1233752397187299,0.4019884758784318,0.9645400377852056,0.969167983149026,0.9585858585858584,0.7417384295592416,0.0379043397256753,0.0407059874888293
0.0826989102851171,0.2255415089781785,0.7821060965954078,0.8962232051718272,0.1068612827615597,0.4062817760705005,0.9644237756140096,0.9687730384412848,0.9582611832611831,0.7355449030670683,0.0272397288876039,0.0298033958891867
0.0779967159277504,0.2279571624124325,0.796991290577989,0.8976692752636952,0.0985510334540805,0.4132866342786125,0.9665746257811364,0.9704318062137968,0.9606782106782108,0.7343146820514996,0.0199800841604831,0.0222520107238605
0.0762800417972831,0.2326274257186569,0.8099762470308789,0.8961381422252467,0.0929043255913062,0.4213083267427409,0.97293997965412,0.9761716692996312,0.9685425685425684,0.7393204089424342,0.0209116314927242,0.0262734584450402
0.0759814897745932,0.2327884692809405,0.8107680126682504,0.8962232051718272,0.0924781589601534,0.4216472714947463,0.9772126144455748,0.9802001053185888,0.9726551226551226,0.7425020150171807,0.022806848479008,0.0310991957104557
0.0666517390655321,0.2226427248570738,0.810609659540776,0.9069411364409664,0.0858725761772853,0.4145294317026324,0.9762825170760064,0.9780674038967878,0.9710678210678212,0.7392779875281043,0.0201728180912916,0.0284182305630026
0.0557545902373488,0.2153957645543119,0.819477434679335,0.9169785641374618,0.0751118687406775,0.4124957631905999,0.9718936201133556,0.973012111637704,0.9654401154401154,0.7331268824502609,0.0129452956859721,0.0205987488829311
0.0585161964472309,0.2206296803285289,0.8239113222486145,0.9126403538618576,0.0756445770296185,0.4178058976386848,0.9692486557186456,0.9701421800947868,0.9619408369408368,0.7288423196029356,0.0087372715299861,0.0177837354781054
0.0651589789520823,0.2379418632740156,0.843705463182898,0.8997107859816265,0.0736202855316428,0.4370127669189921,0.9712832437145764,0.9708530805687204,0.9649350649350648,0.7329147753786113,0.0110500786996884,0.0227435210008936
0.0740409016271085,0.2510669136001288,0.85083135391924,0.8876318475671998,0.0776688685275942,0.4487628516551801,0.9715738991425664,0.9700368615060558,0.96511544011544,0.7363933313536674,0.016607240371334,0.0311885612153708
0.0712792954172264,0.2443836057653595,0.8435471100554237,0.892735624362028,0.078095035158747,0.4414190486950626,0.9631448917308532,0.9622432859399684,0.95523088023088,0.7288847410172656,0.0152259805338729,0.0310098302055406
0.0666517390655321,0.2367340365568886,0.8383214568487729,0.899455597141885,0.0766034519497123,0.4343012089029487,0.9537567214067724,0.9509215376513956,0.942063492063492,0.7178975947058076,0.0122707269281423,0.0264968722073279
0.0724735035079862,0.2440615186407923,0.8403800475059383,0.8922252466825451,0.0800127849989345,0.4400632696870409,0.945240517366662,0.9413638757240652,0.9303391053391052,0.7122555465999237,0.0148405126722559,0.02828418230563
0.0854605164949992,0.2584749174651743,0.8413301662707839,0.8772541680843825,0.0889622842531429,0.4505705569992091,0.9383810492660952,0.9328330700368616,0.92005772005772,0.7099223688117763,0.023802640454852,0.0398570151921358
0.0988953575160471,0.2699895321684515,0.8351543942992875,0.8634739707383464,0.1006818666098444,0.4564455993673031,0.9302717628251708,0.9234333859926276,0.9095959595959596,0.7103890043694058,0.037037037037037,0.0559874888293118
0.1041946559187938,0.2682180529833319,0.8205859065716549,0.8614324600204152,0.1093117408906882,0.4500056490792001,0.918703676791164,0.910242232754081,0.893037518037518,0.7044924277775422,0.0474125469788956,0.0673815907059874
0.102701895805344,0.2600853530880103,0.8077593032462392,0.8665362368152434,0.1125079906243341,0.4397243249350356,0.90382211887807,0.8931806213796736,0.8692279942279941,0.6890934543757689,0.053033953294144,0.0730116175156389
0.1150171667413046,0.2646750946130928,0.7906571654790183,0.8570942497448112,0.1271041977413168,0.4367868037509886,0.891440197645691,0.8785676671932596,0.8502886002886003,0.680736435752768,0.0640840319938325,0.0850312779267202
0.1376324824600686,0.2790884934374749,0.7708630245447348,0.8366791425654986,0.1499041125079906,0.4398373065190374,0.8826333381775905,0.8692733017377567,0.838095238095238,0.6806091715097782,0.0819761652372233,0.1042001787310098
0.1541274817136886,0.2840808438682664,0.7458432304038005,0.8246002041510718,0.1701470274877476,0.4344141904869506,0.8725766603691324,0.857635597682991,0.8218975468975469,0.675348916132864,0.0959493752208409,0.1191689008042895
0.1583818480370204,0.2766728400032208,0.7224069675376089,0.8261313371895204,0.1810142765821436,0.4209693819907354,0.8600784769655574,0.8431016324381253,0.8018759018759019,0.6634709201204768,0.1037872217403873,0.1265415549597855
0.1600985221674877,0.2696674450438844,0.7049881235154395,0.8288533514800953,0.1880460259961645,0.4097842051745565,0.8460107542508356,0.8278830963665087,0.7803391053391053,0.6481143681330337,0.1074812887475506,0.1284182305630027
0.1760710553814002,0.2780417102826314,0.6874109263657958,0.8152432800272202,0.2054123162156403,0.4093322788385493,0.8364191251271617,0.8181411269088994,0.7655122655122655,0.639502821024053,0.1158009700941184,0.1364611260053619
0.1945066427825048,0.2884290200499235,0.6687252573238323,0.7993365090166723,0.2248028979330918,0.4100101683425601,0.8326696701060893,0.8113480779357556,0.7554834054834054,0.6355152080770373,0.1274934952298352,0.149195710455764
0.2045081355426183,0.2906031081407521,0.6519398258115598,0.7924464103436544,0.2376944385254634,0.4054909049824878,0.8286876907426246,0.8054239073196419,0.7459595959595959,0.6309761167437323,0.1370338248048569,0.1600983020554066
0.2018211673384087,0.2759481439729447,0.6286619160728426,0.8017182715209255,0.2435542297038141,0.3869619252061913,0.8208981252724894,0.7969457609268036,0.7316738816738817,0.6187587494167056,0.1410491150300343,0.1638963360142984
0.1944320047768323,0.2612126580239955,0.6153602533650041,0.8137121469887717,0.2427018964415086,0.3719353745339508,0.8131666908879523,0.788678251711427,0.7195526695526696,0.6086624528061766,0.1429443320163181,0.1657283288650581
0.2050306015823257,0.2625815283034061,0.5955661124307207,0.8069071112623342,0.2569784785851268,0.3658343689978533,0.8079639587269293,0.7825171142706687,0.7117243867243866,0.6032749331862725,0.1463171758054672,0.1701072386058981
0.2218987908643081,0.2763507528786537,0.5870150435471101,0.7900646478394011,0.2718943106754741,0.3723873008699582,0.8095044324952768,0.7822801474460241,0.7102813852813853,0.6047172612734909,0.1541550223250136,0.1795352993744414
0.2300343334826093,0.28021579837346,0.5773555027711798,0.7833446750595442,0.2809503515874706,0.3715964297819455,0.8072082546141549,0.781727224855187,0.7078643578643579,0.6042506257158614,0.1592624714914394,0.1849865951742627
0.2243618450515002,0.2722441420404219,0.5735550277117974,0.7908302143586254,0.2781802684849776,0.3647045531578352,0.8031972097078913,0.7766192733017377,0.6994227994227994,0.5971238281084292,0.1574957437923613,0.1819034852546917
0.2207792207792207,0.2616152669297045,0.560253365003959,0.7984858795508677,0.2800980183251652,0.35250254208564,0.797471297776486,0.7709057398630859,0.6905122655122655,0.5877062741271795,0.1551186919790562,0.1771224307417337
0.2216002388416181,0.2626620500845479,0.5607284243863817,0.7974651241919021,0.2805241849563179,0.3534063947576545,0.7972969045196918,0.7700895208004213,0.689069264069264,0.5867305815975905,0.15678905271273,0.17828418230563
0.2333930437378713,0.2733714469764071,0.556769596199525,0.7850459339911534,0.2903260174728319,0.359507400293752,0.799796541200407,0.7725118483412322,0.6924963924963925,0.5909727230305859,0.1624747036715814,0.1872654155495978
0.2395133602030153,0.2764312746597955,0.5498020585906572,0.7799421571963253,0.2970381419134881,0.3591684555417467,0.8016567359395437,0.7752764612954186,0.6946248196248196,0.5935604293047131,0.167036073367383,0.1929848078641644
0.2348858038513211,0.2680570094210484,0.5429928741092637,0.7870023817625043,0.2959727253356062,0.3509207999096147,0.7994768202296179,0.7729857819905213,0.6921356421356422,0.5909727230305859,0.1653014679901063,0.190437890974084
0.2260038811762949,0.2517916096304051,0.5298495645288995,0.8006975161619598,0.2940549754954187,0.3347644333973562,0.7966283970353146,0.769641916798315,0.6865079365079365,0.584397403809443,0.1612540554431274,0.1846291331546023
0.228466935363487,0.2487317819470166,0.5186064924782265,0.8009527050017013,0.2995951417004048,0.3285504462772567,0.7982560674320593,0.7713270142180094,0.6872655122655121,0.5856276248250117,0.1607079759725033,0.1835567470956211
0.2367517539931333,0.262984137209115,0.5290577988915282,0.7886185777475332,0.3020455998295333,0.3423341995254774,0.8030518819938962,0.7768299104791996,0.695995670995671,0.5950027573919314,0.165205101024702,0.187846291331546
0.2399611882370503,0.2718415331347129,0.5396674584323041,0.7821537938074176,0.300767099936075,0.3523895605016382,0.8046214213050429,0.7786993154291733,0.7002886002886002,0.6006448054978154,0.1668754617583759,0.1912421805183199
0.2366024779817883,0.2669297044850632,0.5371338083927159,0.7866621299761823,0.299168975069252,0.3479832787255677,0.8020927190815289,0.7774354923644022,0.6981962481962481,0.598269206295338,0.1643699206578651,0.1870866845397676
0.228466935363487,0.2561397858120621,0.5331749802058592,0.7970398094589997,0.2946942254421479,0.3390577335894249,0.8002034587995931,0.7748815165876777,0.6936147186147186,0.5930937937470836,0.1603546304326877,0.1808310991957104
0.2342140618002687,0.2591996134954505,0.5269992082343627,0.7921061585573326,0.3008736415938632,0.338944752005423,0.8004359831419852,0.7753554502369668,0.6949494949494949,0.594620964662962,0.1607722206161061,0.1823949955317247
0.2445887445887445,0.2687817054513245,0.5236737925574031,0.7811330384484519,0.3093969742169188,0.3444808496215117,0.8038075861066706,0.7797525013164823,0.701010101010101,0.6024265048996734,0.1657511804953262,0.1882484361036639
0.2484699208837139,0.2746597954746759,0.527157561361837,0.7758591357604628,0.3109950990837417,0.3497909840695966,0.8065978782153757,0.782780410742496,0.7057720057720058,0.6075170746192678,0.1675821528380071,0.1915102770330652
0.2424988804299149,0.2671712698284886,0.5250989707046715,0.7831745491663832,0.3073726827189431,0.3439159417015026,0.8037203894782735,0.7799631384939442,0.702994227994228,0.6017053408560642,0.1631813947512126,0.1871760500446827
0.235333631885356,0.2603269184314357,0.5268408551068884,0.7908302143586254,0.3017259748561687,0.3397356230934357,0.7997674756576079,0.7774354923644022,0.6982683982683983,0.5960208713358505,0.1577848446885741,0.1796246648793565
0.2351097178683385,0.2634672678959658,0.5334916864608077,0.7893841442667575,0.2992755167270402,0.344254886453508,0.7995349513152158,0.776592943654555,0.697005772005772,0.5962753998218301,0.1562429732421059,0.1773011617515639
0.2408568443051201,0.2730493598518399,0.5403008709422011,0.7810479755018713,0.3010867249094395,0.3534063947576545,0.8033134718790874,0.7802527646129542,0.702020202020202,0.6029779832859627,0.1607079759725033,0.1847631814119749
0.2438423645320196,0.2719220549158547,0.5315914489311164,0.7798570942497448,0.3062007244832729,0.349565020901593,0.8041563726202586,0.7814375987361769,0.7026695526695526,0.6046324184448311,0.1627316822459927,0.187444146559428
0.2334676817435438,0.2569450036234801,0.524148851939826,0.7937223545423613,0.3012998082250159,0.3363461755733815,0.8013079494259555,0.7787783043707215,0.6987734487734488,0.5992024774105968,0.1591018598824323,0.1822609472743521
0.2251828631138975,0.2456719542636283,0.5195566112430721,0.8044402858115006,0.2969316002557,0.3268557225172297,0.7976456910332801,0.7754870984728804,0.6940115440115441,0.5936876935477029,0.1550544473354534,0.1765415549597855
0.2262277951933124,0.2488123037281584,0.5235154394299287,0.802143586253828,0.2963988919667589,0.3304711332052875,0.7972097078912949,0.7746182201158504,0.6918109668109668,0.5919484155601749,0.1555041598406732,0.1759606791778373
0.2378713240782206,0.2624204847411224,0.5255740300870942,0.7882783259612114,0.3039633496697208,0.340752457349452,0.8006103763987792,0.7779094260136914,0.6959235209235208,0.5972086709370892,0.1606758536507018,0.1819928507596068
0.2404090162710852,0.2661244866736452,0.5274742676167854,0.784960871044573,0.305135307905391,0.3439159417015026,0.8030518819938962,0.7814112690889942,0.7001443001443002,0.6023416620710135,0.1645626545886736,0.1869973190348525
0.2307060755336617,0.2544488284080843,0.5250989707046715,0.7966144947260974,0.2989558917536756,0.334877414981358,0.7995349513152158,0.7773565034228541,0.6939754689754689,0.595511814363891,0.1608685875815104,0.1819481680071492
0.2230929989550679,0.2482486512601658,0.5290577988915282,0.8041850969717592,0.2922437673130194,0.3320528753813129,0.7942740880685947,0.7722222222222223,0.6862193362193362,0.5877911169558394,0.156018116989496,0.1751563896336014
0.2298104194655919,0.2556566551252113,0.5295328582739509,0.7964443688329365,0.2968250585979117,0.3373630098293977,0.7940124981834036,0.7712216956292786,0.6858585858585858,0.5873244813982099,0.1549902026918505,0.174396782841823
0.2387669801462905,0.2625815283034061,0.5239904988123516,0.7877679482817286,0.305135307905391,0.3401875494294429,0.7971225112628978,0.7750131648235914,0.6902236652236652,0.5920756798031647,0.1587485143426167,0.1806970509383378
0.2397372742200328,0.2618568322731299,0.5205067300079177,0.7875978223885676,0.3070530577455785,0.3384928256694159,0.7983432640604563,0.777066877303844,0.6923881673881674,0.5950027573919314,0.1616395233047444,0.1846738159070599
0.2249589490968801,0.2485707383847331,0.5257323832145685,0.8029942157196326,0.2946942254421479,0.3310360411252965,0.7961052172649324,0.773117430226435,0.6863636363636364,0.5885122809994486,0.1578812116539783,0.1786863270777479
0.2206299447678757,0.2421289958933891,0.5222486144101347,0.808863559033685,0.2927764756019603,0.3252739803412044,0.7912222060746985,0.7682464454976303,0.6787518037518038,0.5784159843889196,0.1526773955221483,0.1716264521894548
0.2277951933124347,0.2486512601658748,0.5198733174980207,0.8012929567880231,0.2986362667803111,0.329002372613264,0.7911059439035024,0.7676671932596103,0.6783189033189033,0.5765494421584016,0.1535125758889852,0.1745755138516532
0.2380952380952381,0.2579917867783236,0.5163895486935868,0.7904899625723035,0.3072661410611549,0.3343125070613489,0.794913530010173,0.7716429699842022,0.6832972582972583,0.5824884401645952,0.1588448813080209,0.1816800714924039
0.2392148081803254,0.2583138739028907,0.5146476642913699,0.7897243960530794,0.3085446409546132,0.3339735623093435,0.7961342828077315,0.7728541337546077,0.6856060606060606,0.5859669961396513,0.1629244161768012,0.1864164432529043
0.2316763696074041,0.2453498671390611,0.5051464766429138,0.8008676420551208,0.3064138077988493,0.3214326064851429,0.7930242697282371,0.7694576092680359,0.6798701298701298,0.5797734696474781,0.1595194500658507,0.1824396782841822
0.2208538587848932,0.2325469039375151,0.502929532858274,0.8137972099353521,0.2994886000426167,0.3116032086769856,0.7886644383083854,0.7654291732490784,0.6736652236652236,0.5732405718406652,0.1542835116122193,0.1761840929401251
0.225705329153605,0.2366535147757468,0.5007125890736343,0.808863559033685,0.3036437246963562,0.31374985877302,0.7888969626507776,0.7663243812532912,0.6739177489177489,0.5732405718406652,0.1536410651761909,0.1757819481680071
0.2348111658456486,0.249375956196151,0.5064133016627079,0.7969547465124193,0.3082250159812486,0.3247090724211953,0.792588286586252,0.7692206424433912,0.6783189033189033,0.5784584058032495,0.15701390896534,0.1801608579088471
0.2354082698910284,0.2520331749738304,0.5103721298495646,0.7951684246342294,0.3073726827189431,0.3279855383572477,0.7947391367533789,0.7706424433912585,0.6812770562770561,0.5820642260212956,0.1594552054222479,0.1836461126005361
0.2275712792954172,0.2429342137048071,0.5092636579572447,0.8044402858115006,0.3021521414873215,0.3212066433171393,0.7916000581310856,0.7675882043180621,0.6772005772005771,0.5770160777160311,0.1561144839549002,0.1790884718498659
0.222197342886998,0.2327079474997987,0.5003958828186857,0.8129465804695475,0.3012998082250159,0.3109253191729748,0.7867461124836507,0.7635860979462875,0.6702741702741702,0.5691681160649896,0.1510070347884745,0.1719392314566577
0.222346618898343,0.2339157742169256,0.5024544734758513,0.8121810139503234,0.3006605582782868,0.3125070613490001,0.7874727510536259,0.7642180094786729,0.6708513708513708,0.5697195944512791,0.1516173589027015,0.172207327971403
0.2281683833407971,0.2451888235767775,0.5124307205067301,0.8029942157196326,0.3015128915405923,0.3239182013331827,0.7911059439035024,0.7676145339652448,0.6761544011544011,0.5770160777160311,0.1575599884359641,0.1797587131367292
0.2317510076130765,0.2502616957887108,0.5146476642913699,0.7982306907111263,0.3033240997229916,0.3282115015252514,0.792849876471443,0.7694839389152186,0.677994227994228,0.5785856700462394,0.161221933121326,0.1836461126005361
0.219137184654426,0.2368950801191722,0.5152810768012669,0.8125212657366452,0.2940549754954187,0.3190599932211049,0.7901177154483361,0.7660874144286467,0.6731601731601731,0.5735375217409748,0.158009700941184,0.1786416443252904
0.2145096283027317,0.2269103792575892,0.5054631828978623,0.820432119768629,0.2940549754954187,0.3086656874929386,0.7845661967737247,0.7617956819378621,0.6667748917748917,0.5678530522207611,0.1541871446468151,0.1731903485254691
0.2204060307508583,0.2323858603752314,0.5035629453681711,0.8141374617216741,0.2988493500958875,0.3118291718449892,0.7843336724313327,0.761506055818852,0.666125541125541,0.5668773596911721,0.1546047348302335,0.1747542448614834
0.2296611434542469,0.2443030839842177,0.5073634204275536,0.8025689009867302,0.3041764329852972,0.3214326064851429,0.7888678971079784,0.766061084781464,0.672041847041847,0.5721376150680864,0.158620025055411,0.1815907059874888
0.2305567995223167,0.2433368226105161,0.5035629453681711,0.8025689009867302,0.3060941828254847,0.3195119195571121,0.7913094027030955,0.7674302264349657,0.6746392496392496,0.5749374284138633,0.1597764286402621,0.1841823056300268
0.2230929989550679,0.2327079474997987,0.4984956452889945,0.8124362027900648,0.3025783081184743,0.3101344480849621,0.7882865862519983,0.764402317008952,0.6697330447330447,0.5691681160649896,0.154797468761042,0.1772117962466488
0.2171965965069413,0.226990901038731,0.4997624703087886,0.8188159237835999,0.2978904751757937,0.3066320189809061,0.7843046068885337,0.7603212216956293,0.6637085137085137,0.5642048105883851,0.1506215669268575,0.1718051831992851
0.2204060307508583,0.2364119494323214,0.5114806017418845,0.8120108880571623,0.2961858086511826,0.3174782510450796,0.7840720825461416,0.7611374407582938,0.664069264069264,0.5645017604886947,0.1520349490861199,0.1729669347631814
0.232124197641439,0.2487317819470166,0.5108471892319875,0.7988261313371896,0.3048156829320264,0.3258388882612134,0.787385554425229,0.7634544497103739,0.6691197691197691,0.5698468586942689,0.1561787285985031,0.1785075960679178
0.2274220032840722,0.2465576938561881,0.516547901821061,0.8026539639333107,0.2995951417004048,0.3262908145972206,0.7897398633919488,0.7655871511321748,0.6724025974025973,0.5747677427565435,0.1581381902283897,0.1805183199285076
0.2179429765636662,0.2319027296883807,0.5078384798099762,0.8157536577067029,0.2957596420200298,0.3129589876850073,0.7867751780264497,0.7624275934702475,0.6683621933621934,0.5697195944512791,0.1555041598406732,0.1763628239499553
0.2152560083594566,0.2236089862307754,0.4972288202692004,0.8217080639673359,0.2973577668868528,0.3033555530448536,0.7832582473477693,0.7587151132174829,0.6636363636363636,0.5630594324014764,0.1520991937297227,0.1731903485254691
0.2196596506941334,0.2296481198164103,0.4997624703087886,0.8160088465464445,0.2995951417004048,0.308439724324935,0.7830257230053771,0.7592680358083201,0.664069264069264,0.562423111186527,0.1535446982107866,0.1751117068811439
0.2285415733691596,0.2379418632740156,0.4970704671417261,0.8065668594760124,0.3068399744300021,0.3134109140210145,0.7866589158552536,0.7629805160610847,0.6688672438672439,0.5684045306070505,0.1575278661141627,0.1806523681858802
0.2280191073294521,0.2383444721797246,0.4991290577988916,0.8066519224225928,0.3057745578521202,0.3144277482770308,0.7886353727655864,0.7650342285413375,0.6709235209235209,0.570780129809528,0.1592945938132408,0.1826184092940125
0.2206299447678757,0.2269103792575892,0.492319873317498,0.8168594760122492,0.3028979330918389,0.3039204609648627,0.7854381630576951,0.7612954186413902,0.6661616161616161,0.565138081703644,0.1551508143008576,0.1775245755138516
0.2152560083594566,0.2174088090828569,0.4850356294536817,0.8249404559373937,0.3015128915405923,0.2946559710767145,0.7819793634646127,0.7582148499210111,0.6606782106782106,0.558774869554151,0.1517458481899071,0.1731456657730116
0.2146589043140767,0.2203881149851034,0.4921615201900239,0.8237495746852671,0.2986362667803111,0.2992882160207886,0.782618805406191,0.7587414428646656,0.662085137085137,0.5603868832986892,0.1536410651761909,0.1751117068811439
0.2239886550231378,0.2289234237861341,0.4891528107680126,0.8139673358285131,0.3063072661410611,0.3042594057168681,0.7859904083708763,0.7616377040547656,0.667135642135642,0.5659440885759132,0.1582345571937939,0.1818141197497765
0.2286908493805045,0.2323053385940897,0.4858273950910531,0.8094589996597483,0.3107820157681653,0.3053892215568862,0.7873564888824299,0.763928383359663,0.6704545454545454,0.5701438085945786,0.1605794866852976,0.1853440571939231
0.2140618002686968,0.2247362911667606,0.5019794140934284,0.8217931269139163,0.2949073087577242,0.3058411478928934,0.7848859177445139,0.7611111111111111,0.6663059163059163,0.5650956602893141,0.1556647714496803,0.1802502234137623
0.2048066875653082,0.2185361140188421,0.509422011084719,0.8302994215719633,0.2858512678457277,0.3041464241328663,0.7806423484958582,0.7561611374407582,0.6596320346320346,0.557884019853222,0.1497221419164177,0.1727882037533512
0.2137632482460068,0.2259441178838876,0.5049881235154394,0.8212827492344336,0.2937353505220541,0.3077618348209241,0.7815143147798285,0.756582411795682,0.6605699855699856,0.5582658125821915,0.1503645883524461,0.1722520107238606
0.222197342886998,0.2370561236814558,0.5089469517022961,0.8106498809118748,0.2984231834647347,0.3170263247090724,0.7861648016276704,0.7616640337019484,0.667027417027417,0.5667925168625123,0.155407792875269,0.1787310098302055
0.2213016868189281,0.234962557371769,0.5067300079176565,0.8122660768969038,0.2985297251225229,0.3146537114450344,0.78793779973841,0.7627962085308057,0.6691558441558441,0.5701438085945786,0.1574314991487584,0.1814566577301161
0.2136139722346619,0.2254609871970368,0.5043547110055424,0.8216230010207555,0.2938418921798423,0.3071969269009151,0.7842174102601366,0.759373354397051,0.6642857142857143,0.5655198744326136,0.1533198419581767,0.1762287756925826
0.2126436781609195,0.221354376358805,0.4983372921615203,0.8243450153113304,0.2951203920733006,0.3022257372048356,0.7788402848423194,0.7557398630858346,0.6598124098124099,0.5581809697535316,0.1485336160097651,0.1705987488829312
0.2170473204955963,0.2244142040421934,0.4948535233570864,0.8202619938754679,0.2993820583848284,0.30312958987685,0.7806714140386571,0.7570036861506055,0.6601731601731602,0.5578415984388919,0.1499469981690276,0.172207327971403
0.2229437229437229,0.2328689910620822,0.4992874109263659,0.8124362027900648,0.3021521414873215,0.3105863744209694,0.7843627379741317,0.7602685624012637,0.664033189033189,0.562423111186527,0.1551186919790562,0.1787756925826631
0.2205553067622033,0.2295675980352685,0.4977038796516231,0.8154984688669616,0.3009801832516514,0.3076488532369224,0.7876180787676209,0.7621906266456029,0.6674963924963924,0.5673864166631316,0.1576884777231698,0.1846738159070599
0.2139125242573518,0.2160399388034463,0.485193982581156,0.826471588975842,0.3004474749627104,0.2937521184047,0.7832001162621711,0.7583991574512902,0.6626984126984127,0.5625503754295168,0.1549580803700491,0.1810098302055406
0.2114494700701597,0.2141074160560431,0.4866191607284245,0.8288533514800953,0.2982101001491583,0.2928482657326856,0.7804970207818631,0.7555028962611902,0.6584415584415584,0.557884019853222,0.1514567472936944,0.1757819481680071
0.2158531124048365,0.221354376358805,0.4915281076801267,0.8225586934331406,0.299701683358193,0.2997401423567958,0.7819793634646127,0.7570300157977883,0.6607142857142857,0.560683833198999,0.1517458481899071,0.1762734584450402
0.2207045827735483,0.2341573395603511,0.5064133016627079,0.813031643416128,0.2982101001491583,0.3140888035250254,0.7862519982560674,0.7618483412322274,0.6667748917748917,0.5675985237347814,0.1556005268060775,0.1807417336907953
0.2236901030004478,0.2381029068362992,0.5078384798099762,0.8092888737665873,0.2998082250159812,0.317252287877076,0.7862810637988665,0.7624275934702475,0.6667388167388167,0.5665804097908625,0.155407792875269,0.1809204647006256
0.2139125242573518,0.2276350752878653,0.5079968329374506,0.8203470568220483,0.2927764756019603,0.3100214665009603,0.7826769364917889,0.7577145866245392,0.6605699855699856,0.5611504687566284,0.1506858115704603,0.1753798033958891
0.2082400358262427,0.2203881149851034,0.5057798891528108,0.8274072813882273,0.2894736842105262,0.3041464241328663,0.7790437436419124,0.7542917324907846,0.6564574314574315,0.5579264412675519,0.1477305579647297,0.1710008936550491
0.215927750410509,0.2287623802238505,0.505938242280285,0.818645797890439,0.2949073087577242,0.3100214665009603,0.7810202005522453,0.7567140600315956,0.6584054834054833,0.5600050905697196,0.1509106678230702,0.1747542448614834
0.2210031347962382,0.2383444721797246,0.5140142517814726,0.8106498809118748,0.2957596420200298,0.3197378827251158,0.7849149832873129,0.7601105845181674,0.6634559884559884,0.5647562889746744,0.1553114259098647,0.1810098302055406
0.2243618450515002,0.239391255334568,0.5091053048297705,0.8081830554610412,0.2998082250159812,0.3187210484690995,0.7861938671704694,0.7616377040547656,0.6651875901875902,0.5673439952488016,0.1575921107577655,0.1842269883824843
0.2204806687565308,0.2267493356953056,0.492319873317498,0.81702960190541,0.3027913914340507,0.3038074793808609,0.7823281499782009,0.7579515534491837,0.6599206349206349,0.5617867899715777,0.1539301660724037,0.1787310098302055
0.2111509180474697,0.2206296803285289,0.5000791765637372,0.8256209595100374,0.2935222672064776,0.3022257372048356,0.7793343990699025,0.7546603475513428,0.6560966810966812,0.5581809697535316,0.1503645883524461,0.1738605898123324
0.2104045379907448,0.2256220307593203,0.5114806017418845,0.8234093228989452,0.2890475175793735,0.3099084849169585,0.7815724458654265,0.7559768299104791,0.6579004329004329,0.5595808764264201,0.1513282580064887,0.1744861483467381
0.2160023884161815,0.237378210806023,0.5225653206650832,0.8139673358285131,0.2893671425527381,0.3219975144051519,0.7854672286004941,0.7592680358083201,0.6634920634920634,0.565138081703644,0.155793260736886,0.179982126899017
0.2182415285863561,0.2360898623077542,0.5154394299287411,0.8134569581490304,0.2933091838909014,0.3186080668850977,0.7866589158552536,0.7616640337019484,0.666053391053391,0.567980316463751,0.1573672545051556,0.1816353887399464
0.2096581579340199,0.2219180288267976,0.5057798891528108,0.8257910854031983,0.2905391007884083,0.3051632583888826,0.7832291818049703,0.7577935755660874,0.6608585858585859,0.561489840071268,0.1528701294529568,0.1747542448614834
0.2057769816390506,0.2178114179885659,0.505938242280285,0.8302143586253828,0.287662476028127,0.3024517003728392,0.7796250544978928,0.7545286993154291,0.6562770562770562,0.556950748737963,0.1501397320998361,0.1704647006255585
0.212419764143902,0.2277961188501489,0.5114806017418845,0.8211126233412727,0.2905391007884083,0.311377245508982,0.7811945938090393,0.7561611374407582,0.6583333333333333,0.5601323548127095,0.1532234749927724,0.1750670241286863
0.2213016868189281,0.2364924712134632,0.5097387173396676,0.8114154474310992,0.2974643085446409,0.3169133431250706,0.785496294143293,0.7605581885202738,0.6647186147186147,0.5672591524201417,0.1594230831004465,0.1836461126005361
0.2175697865353038,0.2335131653112166,0.5117973079968331,0.8151582170806397,0.2940549754954187,0.3155575641170489,0.7886644383083854,0.762954186413902,0.6677849927849927,0.5701862300089086,0.1614467893739359,0.185254691689008
0.2098820719510374,0.2286013366615669,0.5184481393507522,0.8221333787002383,0.2863839761346686,0.3144277482770308,0.7887516349367825,0.7606635071090048,0.6646464646464646,0.5661986170618929,0.1576563554013684,0.1798927613941018
0.2068965517241379,0.2358482969643288,0.539034045922407,0.8200068050357264,0.277327935222672,0.3268557225172297,0.7874727510536259,0.759083728278041,0.6626623376623376,0.564289653417045,0.1548617134046448,0.174396782841823
0.2139125242573518,0.2536436105966664,0.5591448931116391,0.8066519224225928,0.2755167270402727,0.3465145181335442,0.7920069757302718,0.7622432859399684,0.6672077922077922,0.5691681160649896,0.1577206000449712,0.1773011617515639
0.2240632930288102,0.2687817054513245,0.567379255740301,0.7927866621299763,0.2800980183251652,0.3600723082137612,0.7991861648016277,0.7681674565560821,0.6754329004329004,0.5783735629745896,0.1640165751180495,0.1848078641644325
0.2286908493805045,0.2754650132860939,0.5707046714172606,0.7866621299761823,0.282228851480929,0.3659473505818552,0.802296177881122,0.7716429699842022,0.6805194805194804,0.584524668052433,0.1682245992740355,0.1891867739052725
0.22525750111957,0.2683790965456156,0.563895486935867,0.792361347397074,0.2820157681653527,0.3586035476217377,0.800058131085598,0.7690363349131121,0.6765873015873016,0.5813854833920163,0.1647875108412836,0.1852993744414655
0.2253321391252425,0.2743377083501087,0.5756136183689629,0.7892140183735965,0.2781802684849776,0.3669641848378713,0.7966283970353146,0.7660084254870985,0.6724025974025973,0.5784584058032495,0.1607079759725033,0.1803842716711349
0.2365278399761158,0.2929382397938642,0.5884402216943786,0.7729669955767268,0.2819092265075644,0.3844763303581516,0.7967155936637117,0.767114270668773,0.6752886002886003,0.5824884401645952,0.1635026179692268,0.1836907953529937
0.2510822510822511,0.3174168612609711,0.605859065716548,0.75178632187819,0.2863839761346686,0.4078635182465258,0.7983432640604563,0.7714323328067404,0.6838744588744589,0.5925847367751241,0.1712119752015675,0.1936103663985701
0.2583221376324824,0.3298172155568081,0.6145684877276326,0.7410683906090508,0.2886213509482207,0.4197265845667156,0.7919488446446737,0.770589784096893,0.6861471861471861,0.5961905569931701,0.175227265426745,0.1990169794459338
0.2528735632183908,0.3275626056848378,0.6220110847189233,0.7454066008846547,0.282228851480929,0.4208564004067336,0.7785205638715303,0.7620326487625065,0.678066378066378,0.5895303949433675,0.1743599627381067,0.1976764968722073
0.2527989252127183,0.3282067799339721,0.6232779097387174,0.7450663490983328,0.2818026848497762,0.4216472714947463,0.7672140677227147,0.7558188520273829,0.671031746031746,0.5844822466381029,0.1734926600494683,0.1986595174262734
0.2632482460068667,0.3375473065464208,0.619477434679335,0.7341782919360327,0.2904325591306201,0.4268444243588294,0.7634064816160441,0.75492364402317,0.6697691197691197,0.584524668052433,0.1756769779319649,0.2022341376228776
0.2703388565457531,0.342298091633787,0.6137767220902614,0.7276284450493364,0.2974643085446409,0.4282002033668511,0.7617497456765006,0.7542917324907846,0.6685425685425685,0.5829126543078947,0.1768976261604188,0.2049151027703306
0.2679504403642334,0.3299782591190917,0.594615993665875,0.7355392990813202,0.3021521414873215,0.4127217263586035,0.757854962941433,0.75144813059505,0.6635281385281385,0.5762524922580919,0.1740387395200925,0.2024575513851653
0.2594417077175698,0.3157259038569933,0.5847980997624703,0.7478734263354884,0.2994886000426167,0.3991639362783866,0.7498910042145036,0.7438915218536072,0.6538239538239539,0.5649259746319942,0.167036073367383,0.1945933869526362
0.2591431556948798,0.3149206860455754,0.5836896278701504,0.7484688669615517,0.2995951417004048,0.3982600836063721,0.7447173375962797,0.7391521853607161,0.6474747474747474,0.5578415984388919,0.1639202081526452,0.191331546023235
0.2692939244663382,0.3275626056848378,0.5870150435471101,0.7360496767608031,0.3057745578521202,0.408315444582533,0.7479145473041708,0.7419167983149025,0.6508297258297259,0.5627624825011667,0.1688991680318653,0.1988829311885612
0.2826541274817136,0.3333601739270473,0.5702296120348378,0.7253317454916639,0.3209034732580438,0.4063947576545023,0.753437000435983,0.7480252764612954,0.6596681096681096,0.5731557290120053,0.1768655038386174,0.2098748882931188
0.2907150320943424,0.324261212658024,0.5349168646080761,0.7255018713848248,0.3385893884508843,0.3874138515421986,0.7571283243714576,0.7516061084781464,0.6622294372294373,0.575276799728503,0.1799813690533551,0.2143878462913315
0.2917599641737572,0.3050970287462758,0.4951702296120349,0.7350289214018374,0.3526528872789261,0.3598463450457575,0.7560819648306932,0.7494734070563455,0.6578282828282829,0.5697620158656089,0.1767370145514117,0.2100983020554065
0.2841468875951634,0.2855302359288187,0.4728424386381631,0.7497448111602586,0.3547837204346899,0.3380408993334086,0.7569248655718646,0.7486308583464981,0.6561327561327561,0.5666652526195224,0.1738781279110854,0.2063449508489723
0.2860874757426481,0.2890731942990579,0.4756927949326999,0.7467676080299422,0.3551033454080545,0.3416563100214665,0.7619822700188926,0.7534491837809373,0.6628427128427129,0.5745980570992237,0.1779576627798657,0.2102323503127792
0.2922824302134647,0.2924551091070134,0.469200316706255,0.7414086423953726,0.3617089281909226,0.3416563100214665,0.7692777212614446,0.7614533965244866,0.6724747474747474,0.5841004539091335,0.1842857601747454,0.2160411081322609
0.2861621137483206,0.2728077945084146,0.4435471100554237,0.7553589656345695,0.3659705945024504,0.3187210484690995,0.7725621275977329,0.7637967351237493,0.6721861471861471,0.5792219912611887,0.1806238154893835,0.2109472743521001
0.2542916853261681,0.2407601256139785,0.4481393507521774,0.7904048996257231,0.3417856381845301,0.2978194554287651,0.7713413748001744,0.7593206951026856,0.6643217893217893,0.5672591524201417,0.1686421894574539,0.1941018766756032
0.2267502612330198,0.222562203075932,0.4707838479809976,0.8156685947601225,0.3144044321329639,0.293187210484691,0.7706438017729982,0.7550026329647183,0.6578282828282829,0.5597505620837399,0.1588770036298223,0.1794012511170688
0.2154799223764741,0.2203881149851034,0.4904196357878068,0.8232391970057843,0.2998082250159812,0.2986103265167777,0.7738410114808894,0.7548446550816219,0.6574314574314574,0.5602596190556994,0.155793260736886,0.1754244861483467
0.2165994924615614,0.2248973347290442,0.4970704671417261,0.8202619938754679,0.2983166418069465,0.3041464241328663,0.7793343990699025,0.7596366508688783,0.6623737373737373,0.5637805964450855,0.1577206000449712,0.1778373547810545
0.2122704881325571,0.2182140268942748,0.4929532858273951,0.8262164001361008,0.2966119752823354,0.2980454185967687,0.7797994477546868,0.7606371774618219,0.6622294372294373,0.562465532600857,0.1564999518165173,0.1770330652368185
0.2015226153157187,0.2063773250664305,0.4924782264449723,0.8386355903368493,0.2891540592371617,0.2895717997966331,0.7751489609068449,0.7567667193259611,0.6564574314574315,0.5569931701522929,0.1515209919372972,0.1708221626452189
0.2021197193610986,0.2022707142281987,0.4831353919239905,0.8404219122150391,0.2927764756019603,0.2833578126765336,0.7741026013660804,0.7536861506055819,0.6524531024531025,0.552369235990328,0.1477948026083325,0.1662198391420911
0.2096581579340199,0.2114501972783637,0.485193982581156,0.831320176930929,0.2973577668868528,0.2905886340526494,0.777706728673158,0.7572143233280674,0.657972582972583,0.5577567556102321,0.1517458481899071,0.1722520107238606
0.2157038363934915,0.2219180288267976,0.4929532858273951,0.8223885675399796,0.2990624334114639,0.3006439950288103,0.7820374945502108,0.7620063191153238,0.665079365079365,0.5651805031179741,0.1573351321833542,0.179579982126899
0.2135393342289893,0.2178114179885659,0.4894695170229612,0.825706022456618,0.2987428084380993,0.2964636764207434,0.7832582473477693,0.7630068457082675,0.665151515151515,0.5666652526195224,0.1593588384568436,0.181367292225201
0.2044334975369458,0.2029148884773331,0.4794932699920824,0.8388057162300103,0.2956531003622415,0.2824539600045193,0.780031972097079,0.7592943654555029,0.6583694083694083,0.5589445552114708,0.1535125758889852,0.1731903485254691
0.2033139274518584,0.2036395845076093,0.4831353919239905,0.8390609050697516,0.2936288088642659,0.2842616653485481,0.777852056387153,0.7566614007372301,0.6558080808080808,0.5552114707504349,0.1501076097780347,0.1678731009830205
0.2130915061949544,0.2167646348337225,0.4883610451306414,0.8265566519224227,0.2987428084380993,0.2954468421647271,0.7798575788402848,0.7595313322801474,0.6613275613275613,0.5606414117846689,0.1527095178439497,0.1702859696157283
0.22555605314226,0.2295675980352685,0.4870942201108472,0.8126913916298061,0.3081184743234604,0.3039204609648627,0.7830257230053771,0.7637967351237493,0.6673881673881673,0.5673015738344717,0.1581060679065882,0.1776139410187667
0.222495894909688,0.2283597713181415,0.4913697545526524,0.8150731541340593,0.3044960579586618,0.3045983504688735,0.7834035750617643,0.7645866245392311,0.669047619047619,0.5701862300089086,0.1610934438341203,0.1821715817694369
0.2146589043140767,0.2181335051131331,0.4878859857482186,0.8249404559373937,0.3000213083315576,0.296124731668738,0.7757593373056242,0.7591890468667719,0.6663780663780663,0.5689984304076698,0.1597121839966593,0.1785075960679178
0.218987908643081,0.2201465496416781,0.4823436262866192,0.8214528751275944,0.3050287662476028,0.2956728053327307,0.7698880976602238,0.7593996840442337,0.6761544011544011,0.580791583591397,0.1620249911663615,0.1774798927613941
0.2393640841916703,0.2305338594089701,0.4596991290577989,0.80435522286492,0.3271894310675474,0.2947689526607163,0.7707600639441942,0.7730647709320695,0.7058080808080808,0.6142620794977305,0.1732035591532556,0.186952636282395
0.2654127481713688,0.2443030839842177,0.4316706254948536,0.782238856753998,0.3552098870658428,0.2945429894927126,0.7644237756140095,0.7771458662453923,0.7269480519480519,0.6561744368557249,0.1919951174070862,0.2037980339588918
0.2813852813852813,0.2695064014816008,0.4471892319873318,0.759782238856754,0.3613893032175581,0.3177042142130832,0.7309112047667491,0.7345971563981043,0.7066738816738816,0.6964747804691809,0.2212264302463782,0.2273011617515638
0.29034184206598,0.3108945969884853,0.5095803642121933,0.7328172847907453,0.3467930961005753,0.3689978533499038,0.6711815143147798,0.6441811479726172,0.6352092352092351,0.718364230263437,0.2589380360412451,0.2568811438784629
0.3246753246753247,0.3845720267332313,0.581631037212985,0.6743790404899627,0.3471127210739399,0.4463902383911422,0.5847405900305188,0.5318588730911006,0.5414141414141413,0.7456836210919273,0.3210304840833895,0.3089365504915102
0.393342289894014,0.494806345116354,0.6527315914489311,0.576981966655325,0.3721500106541657,0.5490904982487854,0.4896090684493533,0.4352817272248551,0.4681457431457431,0.8096551139014976,0.4200314798753654,0.3985701519213583
0.473727422003284,0.6110797970851115,0.7108471892319874,0.4697175910173529,0.409972299168975,0.651451813354423,0.392791745385845,0.3412058978409689,0.3738816738816738,0.8398591609044247,0.5286691722077672,0.5035299374441466
0.5602328705776981,0.7276753361784363,0.7564528899445765,0.3588805716230011,0.45631792030684,0.7495198282679922,0.2670542072373201,0.2226171669299631,0.2419552669552669,0.8326050990540025,0.6478429860910346,0.6218051831992851
0.6597253321391252,0.8371849585312827,0.7610451306413303,0.2443007825791085,0.5258896228425315,0.8279290475652468,0.1438744368551082,0.1154291732490784,0.1226190476190475,0.8333686845119417,0.7841058751726574,0.751697944593387
0.7816838334079714,0.9138416941782754,0.6528899445764055,0.1343143926505614,0.6492648625612615,0.8431815614054908,0.0710943176863827,0.0832806740389678,0.0874098124098124,0.8594578543248633,0.9061706980180528,0.8727882037533513
0.8663979698462457,0.9272888316289556,0.4996041171813143,0.0789384144266757,0.7613466865544427,0.7978759462207659,0.0738264787094898,0.1168509741969457,0.1043290043290042,0.8337928986552412,0.9502425235296008,0.938248436103664
0.8753545305269443,0.8836460262501008,0.3947743467933493,0.0968866961551547,0.8030044747496271,0.7298610326516777,0.1232669670106088,0.1652185360716166,0.0921356421356421,0.6676706401391423,0.8818862227361793,0.9257372654155496
0.8246753246753247,0.7924953699975844,0.323040380047506,0.1739537257570602,0.7908587257617729,0.6402666365382443,0.1936927772126144,0.2142443391258556,0.0582611832611833,0.4197598947948925,0.7339629308406412,0.8533065236818588
0.7601880877742948,0.6908768821966342,0.2598574821852731,0.2643756379720993,0.7661410611549115,0.5464919218167438,0.2705130068304025,0.2717482885729331,0.0506854256854256,0.2099011581046112,0.5929459381324083,0.7701519213583558
0.7023436333781161,0.6325791126499717,0.2682501979414093,0.328087784960871,0.7220328148305988,0.5085301095921364,0.3456183694230489,0.3403896787783043,0.0921717171717172,0.1051202647096254,0.4843403681218079,0.6962019660411082
0.631885356023287,0.614542233674209,0.3819477434679335,0.3778496087104457,0.6334966972086086,0.5365495424245847,0.4244441214939689,0.4072143233280674,0.1634920634920635,0.1108047342298392,0.3997944171404708,0.6235924932975871
0.5512016718913271,0.5870037845237137,0.4991290577988916,0.4383293637291596,0.5365437886213509,0.5590328776409444,0.4980962069466647,0.4703264876250657,0.2457070707070707,0.1699826072201247,0.3355497735376313,0.550089365504915
0.4402149574563367,0.5227474031725582,0.6083927157561362,0.5355563116706363,0.4205199232900063,0.5528188905208451,0.5716029646853654,0.5377303844128489,0.3406204906204906,0.2514317227336359,0.2761556005268061,0.4608132260947274
0.3207941483803552,0.4373943151622514,0.6935866983372923,0.6486900306226608,0.3066268911144257,0.5233306970963733,0.6452259845952623,0.6098209583991575,0.4453102453102453,0.3483646544775803,0.2242780508175131,0.3630026809651474
0.2400358262427228,0.3579998389564378,0.7089469517022962,0.7365600544402858,0.2438738546771787,0.4731668737995705,0.7081819502979217,0.6763559768299104,0.5415223665223665,0.4396979595299707,0.1860203655520221,0.2774352100089365
0.1982385430661292,0.2880264111442145,0.6600158353127474,0.7973800612453217,0.2304496057958661,0.4066207208225059,0.7583781427118151,0.7290942601369141,0.6134920634920634,0.5051542018410894,0.1555041598406732,0.2127792672028597
0.1829377519032691,0.2414042998631129,0.6007917656373715,0.8307247363048657,0.2393991050500745,0.3528414868376454,0.7896817323063509,0.7622959452343339,0.6573593073593074,0.5442667458533068,0.1408885034210272,0.1794459338695263
0.1733094491715181,0.209356630968677,0.5581947743467934,0.8531813542021097,0.2468570210952482,0.3151056377810416,0.8044760935910478,0.779304897314376,0.6810966810966811,0.5635684893734357,0.1365198676560342,0.1640750670241287
0.1633079564114046,0.1863274015621225,0.5342834520981791,0.8710445729840082,0.2478158960153419,0.2903626708846458,0.8112774306060166,0.787809373354397,0.6931457431457432,0.5720103508250965,0.1312518068806013,0.1511617515638963
0.1598746081504702,0.1737660037040019,0.5167062549485353,0.8796359305886357,0.2513317707223524,0.2753361202124053,0.8160732451678535,0.7935229067930489,0.7015873015873015,0.5783735629745896,0.1267546818284025,0.1419571045576407
0.1582325720256754,0.1741686126097109,0.5209817893903406,0.8803164341612795,0.2486682292776475,0.2771438255564343,0.8235721552099986,0.8006845708267509,0.7118326118326118,0.5876638527128495,0.1283607979184735,0.1407953529937444
0.1621883863263173,0.1781141798856591,0.5203483768804434,0.8759782238856755,0.251651395695717,0.2797424019884758,0.8309838686237465,0.8085834649815692,0.7227994227994228,0.598269206295338,0.1312518068806013,0.1424486148346738
0.1552470517987759,0.1707061760206136,0.520665083135392,0.8838890779176592,0.2466439377796718,0.2745452491243926,0.8339776195320447,0.8121116377040548,0.7278499278499277,0.601875026513384,0.1299990363303459,0.1395442359249329
0.1475593372145096,0.1609630405024559,0.5176563737133809,0.8934161279346717,0.2421691881525676,0.2666365382442661,0.8325534079348932,0.8112690889942075,0.7273088023088023,0.6005175412548255,0.1257910121743599,0.1331099195710455
0.148231079265562,0.1583863435059183,0.5111638954869359,0.8943518203470568,0.2448327295972725,0.2625692012202011,0.831826769364918,0.8104002106371775,0.7268037518037518,0.5986934204386375,0.1223218014198066,0.1277926720285969
0.1577847439916405,0.1706256542394718,0.5149643705463184,0.8824430078257911,0.2503728958022587,0.2725115806123601,0.8352855689580003,0.8141653501843075,0.7331890331890332,0.6059899037033896,0.1254376666345443,0.1314566577301161
0.1633079564114046,0.1806908768821966,0.5230403800475061,0.8740217761143246,0.2515448540379288,0.2824539600045193,0.8407208254614155,0.8202738283307003,0.7426406926406927,0.6162134645569084,0.130384504191963,0.1370420017873101
0.1590535900880728,0.1781141798856591,0.5269992082343627,0.8777645457638653,0.2471766460686128,0.282002033668512,0.8426972823717482,0.8222485518694049,0.7467532467532467,0.6192678063886651,0.1305129934791686,0.1357015192135835
0.1507687714584266,0.1692567839600612,0.527157561361837,0.8872065328342974,0.2412103132324738,0.2759010281324144,0.839616334835053,0.8188783570300158,0.7430735930735931,0.613837865354431,0.1255019112781472,0.1283735478105451
0.1495745633676668,0.1659553909332475,0.5231987331749803,0.8895882953385507,0.2417430215214148,0.2721726358603548,0.8378433367243133,0.8178515007898894,0.7417748917748918,0.612862172824842,0.1222896790980052,0.1247542448614834
0.1573369159576056,0.1752959175456961,0.5250989707046715,0.8802313712146989,0.2466439377796718,0.2794034572364705,0.8424647580293562,0.8225645076355976,0.7475108225108225,0.6197768633606245,0.1256304005653528,0.1283288650580875
0.1627108523660247,0.1824623560673162,0.527790973871734,0.8733412725416809,0.2495205625399531,0.2853914811885663,0.8473768347623892,0.8273301737756714,0.7555916305916306,0.6278793534976457,0.1301917702611544,0.1333780160857909
0.1583072100313479,0.1786778323536516,0.5296912114014252,0.8778496087104457,0.2457916045173662,0.2834707942605355,0.8482488010463596,0.8282517114270669,0.7573953823953824,0.6289398888558945,0.1294208345379204,0.1327524575513851
0.1493506493506493,0.16651904340124,0.524782264449723,0.8894181694453897,0.2409972299168975,0.2730764885323691,0.8457200988228455,0.8250131648235914,0.7542568542568542,0.6249098544945489,0.1245382416241045,0.1261394101876675
0.1486042692939244,0.1660359127143892,0.5255740300870942,0.8900986730180334,0.2402514383123801,0.2730764885323691,0.8449643947100712,0.8251711427066877,0.7541847041847042,0.6252068043948585,0.1219042112363881,0.1226094727435209
0.1562173458725182,0.1771479185119574,0.5309580364212194,0.8798911194283769,0.2438738546771787,0.2827929047565246,0.8486557186455457,0.8301474460242233,0.7615079365079365,0.6333092945318798,0.1246024862677074,0.1265415549597855
0.1621883863263173,0.1857637490941299,0.5352335708630246,0.8719802653963934,0.24675047943746,0.2903626708846458,0.8549920069757303,0.8361506055818853,0.7691919191919192,0.6417087345692106,0.128168063987665,0.1296693476318141
0.1581579340200029,0.1836701827844432,0.5396674584323041,0.8752977203130318,0.2422757298103558,0.2904756524686476,0.8558639732597006,0.8369141653501844,0.7722582972582972,0.6436601196283884,0.1268831711156082,0.1281948168007149
0.151291237498134,0.1732023512360093,0.5338083927157562,0.8848247703300443,0.2393991050500745,0.2809851994124958,0.8540909751489609,0.8349131121642971,0.7708513708513709,0.6392907139524032,0.1209084192605441,0.1205540661304736
0.1535303776683086,0.1727192205491585,0.5281076801266826,0.8838040149710786,0.242914979757085,0.2787255677324596,0.8528992878942014,0.8347814639283833,0.7707070707070707,0.638611971323124,0.1167325174263595,0.1160411081322609
0.1565158978952082,0.1834286174410177,0.5426761678543153,0.8764035386185778,0.2401448966545919,0.2913795051406621,0.8587705275396018,0.8418378093733544,0.7806277056277056,0.6476477325754041,0.1195271594230831,0.1202412868632707
0.1579340200029855,0.1893067074643691,0.5515439429928741,0.8724906430758762,0.2382271468144044,0.2986103265167777,0.864438308385409,0.8482095839915745,0.789141414141414,0.6551139014974761,0.1222254344544023,0.1230563002680965
0.1534557396626362,0.1858442708752717,0.5540775930324625,0.8768288533514801,0.234178563818453,0.2971415659247542,0.86676355180933,0.8517640863612427,0.7935425685425684,0.6575319221142834,0.1212296424785583,0.1216264521894548
0.1475593372145096,0.1747322650777035,0.5447347585114807,0.8861007145287513,0.233113147240571,0.2859563891085753,0.8649324226129923,0.8507635597682991,0.7933982683982683,0.6557502227124253,0.116539783495551,0.1154155495978552
0.1431556948798328,0.171752959175457,0.5482185273159145,0.8901837359646139,0.228744939271255,0.2851655180205626,0.8660369132393548,0.8519747235387045,0.7957792207792207,0.6566410724133543,0.113327551315409,0.1106791778373547
0.1441259889535751,0.1775505274176665,0.5574030087094222,0.8865260292616538,0.2264010227999147,0.2925093209806801,0.8719953495131522,0.8590573986308583,0.8067099567099567,0.6654647265939847,0.1154476245543027,0.1136282394995531
0.1508434094640991,0.1827039214107416,0.5534441805225654,0.8800612453215381,0.2324738972938418,0.2947689526607163,0.8784188344717337,0.8656134807793576,0.8154040404040405,0.6731854240020364,0.1176961870804021,0.1169794459338695
0.148081803254217,0.1808519204444802,0.5556611243072052,0.8825280707723717,0.2297038141913488,0.2942040447407072,0.8802208981252725,0.8686940494997367,0.8197330447330446,0.6759852373478131,0.11493366740548,0.1133601429848078
0.1373339304373787,0.1725581769868749,0.5623119556611245,0.8930758761483498,0.2199019816748348,0.290814597220653,0.8798721116116843,0.8695102685624012,0.8208152958152958,0.6731854240020364,0.1072564324949407,0.1037980339588918
0.1344976862218241,0.1715113938320315,0.5661124307205068,0.8952875127594421,0.2165991902834008,0.2913795051406621,0.8810347333236448,0.8703528172722486,0.8209595959595959,0.6713188817715183,0.1033053869133661,0.0978552278820375
0.1433049708911778,0.18173766003704,0.5675376088677753,0.8848247703300443,0.2223524398039633,0.299062252852785,0.8841447464031391,0.8733543970510794,0.8253607503607503,0.676154923005133,0.1066461083807137,0.1018766756032171
0.1498731153903567,0.1889846203398019,0.5678543151227237,0.8772541680843825,0.2269337310888557,0.3042594057168681,0.8875744804534225,0.8769088994207478,0.8303751803751803,0.6819242353540067,0.1108862548585011,0.1076407506702412
0.1457680250783699,0.1852806184072792,0.5692794932699922,0.8815923783599865,0.2235243980396335,0.3022257372048356,0.8873710216538294,0.8772248551869405,0.8305916305916305,0.6820939210113266,0.1101795637788699,0.1069258266309204
0.1355426183012389,0.1735244383605765,0.568012668250198,0.8935862538278327,0.2165991902834008,0.2935261552366964,0.8853654992006976,0.8766192733017377,0.8308802308802309,0.6796334789801893,0.104140567280203,0.1002234137622877
0.1306911479325272,0.1736854819228601,0.5783056215360254,0.8962232051718272,0.2096739825271681,0.2972545475087561,0.8869350385118442,0.8794628751974723,0.8357503607503607,0.6821363424256566,0.0995149529407985,0.0946380697050938
0.1356172563069115,0.1866494886866897,0.5933491686460809,0.8866110922082342,0.2081823993181334,0.3117161902609874,0.8943758174683912,0.8883359662980516,0.8477633477633477,0.6921902176218555,0.1012174359962738,0.0967381590705987
0.1374085684430512,0.1936548836460262,0.603483768804434,0.8818475671997278,0.2060515661623694,0.3203027906451248,0.9028048248801046,0.8984202211690363,0.8621933621933622,0.7032197853476435,0.1032411422697632,0.0995084897229669
0.1322585460516495,0.1905950559626379,0.6083927157561362,0.8864409663150732,0.2007244832729597,0.3198508643091176,0.9069902630431624,0.9043707214323328,0.8704545454545455,0.7082255122385781,0.0999646654460184,0.0960232350312779
0.1177787729511867,0.179724615508495,0.617735550277118,0.9003912895542703,0.1871936927338589,0.3155575641170489,0.9066996076151722,0.9057661927330174,0.8723665223665223,0.7063589700080601,0.0911952715942308,0.0857908847184986
0.1084490222421256,0.178919397697077,0.6359461599366589,0.906175569921742,0.1744086937992755,0.3215455880691447,0.9098386862374654,0.910558188520274,0.8784632034632035,0.7081406694099182,0.0845138286595355,0.0776139410187667
0.1124048365427675,0.1908366213060632,0.6509897070467142,0.8976692752636952,0.1721713189857233,0.3352163597333634,0.918383955820375,0.9206687730384412,0.8921356421356421,0.7192126585500361,0.0839035045453085,0.078686327077748
0.1160620988207195,0.1998550607939447,0.6609659540775931,0.8907791765906772,0.1715320690389942,0.3450457575415207,0.928266240372039,0.9313059505002632,0.9065656565656564,0.7306664404191237,0.0840641161543156,0.0806076854334227
0.1071801761456933,0.1975199291408326,0.6752177355502772,0.8970738346376319,0.1603451949712337,0.3485481866455767,0.933585234704258,0.937704054765666,0.913924963924964,0.7341874178085098,0.07850695448267,0.0743074173369079
0.0924018510225406,0.1879378371849585,0.6878859857482186,0.9105988431439264,0.1455359045386746,0.3462885549655405,0.9344281354454296,0.9402843601895736,0.9186507936507936,0.7325754040639716,0.0688060132986412,0.0636729222520107
0.0839677563815494,0.1873741847169659,0.7045130641330166,0.9157026199387548,0.1339228638397613,0.3518246525816292,0.9383229181804972,0.9440231700895207,0.9234848484848484,0.7334662537649006,0.0618033471459316,0.0557640750670241
0.0838184803702044,0.1971978420162654,0.7241488519398258,0.910513780197346,0.127210739399105,0.3658343689978533,0.9466647289638136,0.9517114270668772,0.933910533910534,0.7406778942009927,0.0598760078378465,0.05437890974084
0.0830721003134796,0.2055721072550124,0.7422011084718925,0.9066008846546446,0.1206051566162369,0.3780363800700485,0.9547740154047376,0.9610847814639284,0.9455988455988455,0.7489924914096636,0.0579486685297613,0.0543342269883824
0.0740409016271085,0.2054915854738707,0.7612034837688045,0.9117897243960532,0.1077136160238653,0.384815275110157,0.9594245022525796,0.9657187993680886,0.9516233766233766,0.7497984982819328,0.0522308952491086,0.0489722966934763
0.0583669204358859,0.1946211450197278,0.7730799683293745,0.926420551207894,0.0925847006179416,0.3814258275901028,0.957825897398634,0.9632701421800948,0.9475108225108224,0.7397446230857337,0.0378079727602711,0.0336014298480786
0.0528437080161218,0.19695627667284,0.7893903404592241,0.9283769989792447,0.0832090347325804,0.3888826121342221,0.9583490771690162,0.9635597682991048,0.9485209235209234,0.7356297458957282,0.0294882914137033,0.025290437890974
0.0578444543961785,0.211369675497222,0.8071258907363421,0.9178291936032664,0.0807585766034519,0.405377923398486,0.9636680715012352,0.9686940494997366,0.9565656565656564,0.7416960081449117,0.029231312839292,0.0272564789991063
0.0560531422600388,0.2204686367662452,0.8288202692003168,0.914086423953726,0.0721287023226081,0.4193876398147101,0.9696555733178318,0.9733280674038968,0.9625180375180374,0.7453866711916176,0.0291349458738877,0.0294459338695263
0.0507538438572921,0.2191802882679764,0.8375296912114015,0.917744130656686,0.0654165778819518,0.4216472714947463,0.9697718354890278,0.9732754081095312,0.9614357864357864,0.7421202222882112,0.0243487199254762,0.0256478999106345
0.0409762651141961,0.2112086319349384,0.8424386381631038,0.9276114324600204,0.0567867036011079,0.4178058976386848,0.9646853654992008,0.9676935229067932,0.9553030303030304,0.7347813176091291,0.0170569528765539,0.0179624664879356
0.0397074190177638,0.2139463724937595,0.8506730007917657,0.9268458659407962,0.0531642872363094,0.4226641057507626,0.9613137625345154,0.9647446024223276,0.9516233766233766,0.7313451830484029,0.0136198644438019,0.0145665773011617
0.04799223764741,0.2310169900958209,0.8666666666666668,0.9131507315413406,0.0536969955252503,0.4402892328550446,0.9624182531608776,0.9653501843075304,0.9542207792207792,0.7347388961947992,0.0182454787832064,0.022207327971403
0.0575459023734885,0.2445446493276431,0.8728424386381632,0.9005614154474311,0.0583848284679309,0.4520393175912326,0.962999564016858,0.9645339652448656,0.9555194805194804,0.7388113519704749,0.0241559859946676,0.0310545129579982
0.0550082101806239,0.2390691682100008,0.8676167854315124,0.9048996257230352,0.0583848284679309,0.4462772568071404,0.9563726202586832,0.957846234860453,0.9481601731601732,0.7348237390234592,0.0247341877870932,0.0303842716711349
0.0501567398119122,0.2310975118769627,0.862074425969913,0.9118747873426336,0.0567867036011079,0.4387074906790192,0.9470425810202008,0.9471563981042652,0.9344155844155844,0.7239638569549909,0.0210722431017314,0.0254691689008042
0.0509777578743095,0.2336742088735003,0.8655581947743469,0.9100034025178632,0.056253995312167,0.4418709750310699,0.9382066560093012,0.936835176408636,0.922077922077922,0.7167522165188988,0.0223250136519867,0.027882037533512
0.0674727571279295,0.2506643046944198,0.8639746634996042,0.8916298060564819,0.0685062859578095,0.4531691334312506,0.933352710361866,0.9310163243812534,0.9164862914862916,0.719382344207356,0.0345314959365262,0.042225201072386
0.0803104941035975,0.2624204847411224,0.8596991290577989,0.8781047975501872,0.0790539100788408,0.4599480284713591,0.925999128033716,0.9225645076355976,0.9069264069264068,0.7194671870360159,0.0462240210722431,0.0568811438784629
0.0863561725630691,0.2622594411788389,0.846714172604909,0.8747022796869685,0.0877903260174728,0.4552028019432832,0.9144891730853072,0.9080568720379146,0.8891053391053391,0.710261740126416,0.0532266872249526,0.0650134048257372
0.0909090909090909,0.2567034382800547,0.82596991290578,0.8750425314732904,0.0980183251651395,0.4437916619591006,0.898939107687836,0.8913902053712479,0.8675324675324675,0.6977050014847496,0.0583983810349812,0.0698838248436103
0.102701895805344,0.2597632659634431,0.8072842438638164,0.8667063627084043,0.1127210739399104,0.4392723985990283,0.8858886789710798,0.8760663507109004,0.8472582972582972,0.686336062444322,0.0680350775754071,0.0788203753351206
0.1262875055978504,0.2745792736935341,0.7862232779097388,0.8455256890098675,0.1366929469422544,0.4422099197830753,0.8767039674465921,0.8665086887835703,0.8352813852813853,0.6862936410299919,0.0848029295557483,0.0978552278820375
0.1383788625167935,0.2831145824945648,0.7771971496437056,0.8340421912215039,0.1483059876411677,0.4450344593831205,0.8683040255776776,0.8555555555555556,0.8213924963924963,0.682730242226276,0.0989688734701744,0.1138963360142984
0.1430064188684878,0.2765117964409373,0.7545526524148853,0.8349778836338891,0.1591732367355636,0.4322675403909162,0.8564162185728819,0.8408899420747762,0.8011904761904761,0.671658253086158,0.1078025119655648,0.1217158176943699
0.1468129571577847,0.2640309203639584,0.7219319081551863,0.8394011568560735,0.1729171105902407,0.4119308552705908,0.8424647580293562,0.8255924170616115,0.779076479076479,0.6553260085691258,0.1125244932703735,0.1254244861483467
0.1565158978952082,0.2623399629599806,0.6981789390340459,0.8347226947941477,0.1878329426805881,0.4022144390464353,0.8321464903357071,0.8132964718272775,0.7615079365079365,0.6442540194290078,0.1197841379974944,0.1327524575513851
0.1732348111658456,0.270633706417586,0.6788598574821854,0.8208574345015313,0.2062646494779458,0.4010846232064173,0.8265077750326988,0.8060031595576619,0.7513708513708514,0.6411572561829212,0.13054511580097,0.1453976764968722
0.186744290192566,0.2767533617843626,0.6622327790973872,0.8098843143926506,0.2215001065416578,0.399502881030392,0.8225548612120331,0.8006582411795682,0.7435425685425685,0.6398421923386927,0.1421412739712826,0.1583109919571045
0.1892073443797581,0.2675738787341976,0.63895486935867,0.8132868322558694,0.2310888557425953,0.384815275110157,0.814503705856707,0.7908636124275934,0.729004329004329,0.6284732532982651,0.1466383990234814,0.1634048257372654
0.1818181818181818,0.2519526531926886,0.6237529691211402,0.8257910854031983,0.2308757724270189,0.3684329454298948,0.8061037639877925,0.7804897314375987,0.7127344877344877,0.6149832435413397,0.1469274999196942,0.1622877569258266
0.1861471861471861,0.2509058700378452,0.6126682501979415,0.8238346376318476,0.2378009801832516,0.363687718901819,0.7995058857724168,0.7736703528172723,0.7029581529581529,0.6060323251177195,0.1501076097780347,0.1654155495978552
0.2011494252873563,0.2581528303406071,0.5950910530482978,0.8115005103776796,0.2544214787982101,0.362444921477799,0.7993314925156227,0.773012111637704,0.7009379509379509,0.6061171679463794,0.1580739455847868,0.1744861483467381
0.2054037916106881,0.2621789193976971,0.5939825811559779,0.8069071112623342,0.2577242701896441,0.3649305163258388,0.8009010318267694,0.7737230121116376,0.7000721500721501,0.6073473889619481,0.1652372233465035,0.1828865058087578
0.2046574115539632,0.2549319590949352,0.5813143309580364,0.8111602585913577,0.261453228212231,0.3553270816856852,0.7963086760645255,0.7694049499736703,0.6928210678210678,0.6016204980274044,0.1661687706787447,0.1831992850759607
0.1985370950888192,0.2399549078025606,0.5648456057007126,0.822643756379721,0.2626251864479011,0.338944752005423,0.7904083708763261,0.7623222748815166,0.6816378066378067,0.5909303016162559,0.1626674376023899,0.1784182305630026
0.1974175250037319,0.237780819711732,0.5629453681710215,0.8244300782579108,0.2625186447901129,0.3367981019093887,0.7884900450515914,0.7601895734597156,0.6773088023088023,0.5870699529122301,0.1620571134881629,0.1785522788203753
0.206597999701448,0.2451083017956357,0.5578780680918449,0.8153283429738006,0.2707223524398039,0.3400745678454412,0.7904665019619241,0.7633754607688257,0.6813852813852814,0.5924574725321343,0.1666827278275673,0.184361036639857
0.2145096283027317,0.24977856510186,0.5504354711005542,0.8082681184076217,0.2789260600894949,0.340752457349452,0.7932858596134282,0.7664823591363875,0.6852813852813852,0.5963178212361601,0.1716938100285888,0.1898570151921358
0.2105538140020898,0.2413237780819711,0.5418844022169439,0.8150731541340593,0.2789260600894949,0.3317139306293074,0.7920941723586687,0.7648235913638757,0.6838023088023087,0.5932210579900735,0.1702804278693264,0.1868185880250223
0.2030153754291685,0.2311780336581045,0.5380839271575614,0.8246852670976523,0.2748774770935435,0.3232403118291718,0.7876762098532191,0.7611374407582938,0.678968253968254,0.5873669028125398,0.1651729787029006,0.1800714924039321
0.206299447678758,0.2339157742169256,0.5365003958828188,0.821367812181014,0.2777541018538248,0.3245960908371935,0.7869205057404447,0.7607161664033703,0.6774170274170274,0.5866881601832605,0.164434165301468,0.1793565683646112
0.2142857142857143,0.2434173443916579,0.5382422802850357,0.8118407621640015,0.2828681014276582,0.331939893797311,0.7908443540183112,0.7651395471300685,0.682142857142857,0.5925847367751241,0.1685458224920497,0.1860142984807864
0.215927750410509,0.2490538690715839,0.5458432304038006,0.8079278666212998,0.2814830598764117,0.3386058072534177,0.7964540037785206,0.7698788836229594,0.687987012987013,0.5989479489246172,0.1717901769939931,0.1896782841823056
0.2107030900134348,0.2424510830179563,0.5441013460015836,0.8143926505614154,0.278393351800554,0.3332956728053327,0.7942450225257957,0.7686677198525539,0.6883477633477634,0.5992024774105968,0.1707622626963476,0.1871313672922251
0.2035378414688759,0.2294065544729849,0.5334916864608077,0.8252807077237156,0.2767952269337311,0.3204157722291266,0.7886063072227875,0.7638493944181147,0.6821067821067821,0.5912696729308956,0.163823841187241,0.1796693476318141
0.202642185400806,0.2297286415975521,0.5358669833729216,0.825706022456618,0.2753036437246963,0.3214326064851429,0.7883447173375963,0.764507635597683,0.6823232323232323,0.5902091375726467,0.1620892358099643,0.1776586237712243
0.2110762800417972,0.2404380384894114,0.5391923990498813,0.8151582170806397,0.2803111016407414,0.330132188453282,0.7930533352710362,0.769141653501843,0.6882395382395382,0.5979722563950283,0.1664578715749574,0.1827524575513851
0.2171219585012688,0.2501006522264273,0.5453681710213777,0.8066519224225928,0.2825484764542936,0.3390577335894249,0.7965121348641185,0.772538177988415,0.693037518037518,0.6039960972298817,0.1706016510873406,0.1874888293118856
0.2113001940588147,0.2419679523311055,0.5415676959619954,0.814307587614835,0.2795653100362241,0.3320528753813129,0.7954657753233542,0.7708794102159031,0.6918109668109668,0.6014083909557545,0.1679676206996241,0.183958891867739
0.2013733393043738,0.2298091633786939,0.5388756927949327,0.8263865260292617,0.2733858938845088,0.3225624223251609,0.7910478128179044,0.7667983149025803,0.6857864357864357,0.5941543291053324,0.1617358902701487,0.1759159964253798
0.2039856695029109,0.23455994846606,0.5426761678543153,0.8223035045933992,0.274025143831238,0.3273076488532369,0.7900595843627379,0.766535018430753,0.6848484848484848,0.5937301149620329,0.1607079759725033,0.1745308310991957
0.212718316166592,0.2467992591996135,0.5482185273159145,0.8109050697516162,0.278393351800554,0.337814936165405,0.7936927772126144,0.7695892575039494,0.6898989898989899,0.5997539557968863,0.1655905688863191,0.1801161751563896
0.212569040155247,0.2479265641355987,0.5507521773555029,0.8103946920721335,0.2774344768804602,0.3395096599254321,0.7960761517221333,0.7718272775144813,0.6936507936507937,0.6038264115725619,0.1695416144678937,0.183065236818588
0.2047320495596357,0.2384249939608664,0.5486935866983373,0.819921742089146,0.2725335606222032,0.3320528753813129,0.7942450225257957,0.7702738283307003,0.6902958152958152,0.6006023840834853,0.1667790947929716,0.1781054512957998
0.1989849231228541,0.2277961188501489,0.5399841646872526,0.8287682885335148,0.2713616023865331,0.3215455880691447,0.7889550937363755,0.7654555028962612,0.6839466089466089,0.5928392652611039,0.161221933121326,0.1712243074173369
0.1986863711001641,0.2280376841935744,0.5410926365795725,0.8288533514800953,0.2707223524398039,0.3221104959891537,0.7878506031100131,0.7643759873617694,0.6823593073593074,0.5900818733296569,0.1595515723876522,0.1696604110813226
0.2045081355426183,0.236170384088896,0.5447347585114807,0.8211976862878531,0.2737055188578734,0.3291153541972658,0.7917744513878796,0.7679304897314375,0.6871212121212121,0.5952572858779113,0.1636311072564324,0.1748436103663985
0.2056277056277056,0.2396328206779934,0.5491686460807601,0.8187308608370194,0.272959727253356,0.3331826912213309,0.7931695974422321,0.7692733017377568,0.689069264069264,0.5973783565944089,0.1660081590697375,0.17828418230563
0.1986117330944917,0.2310975118769627,0.547268408551069,0.8272371554950665,0.26859151928404,0.3265167777652242,0.7907862229327133,0.7662717219589258,0.6839466089466089,0.591821151317185,0.1623462143843757,0.1750223413762288
0.193610986714435,0.221354376358805,0.5387173396674586,0.8352330724736305,0.2679522693373108,0.3165743983730651,0.7856997529428862,0.7616640337019484,0.6767316017316017,0.5841428753234633,0.1575278661141627,0.168319928507596
0.1969696969696969,0.2224816812947902,0.5339667458432305,0.8326811840762164,0.2718943106754741,0.3156705457010507,0.7846824589449207,0.7611374407582938,0.6761544011544011,0.5822763330929454,0.1574314991487584,0.1680518319928507
0.2010747872816838,0.2282792495369997,0.5366587490102931,0.8273222184416469,0.2739186021734498,0.3206417353971302,0.7876180787676209,0.7643759873617694,0.6808080808080808,0.5874093242268698,0.1633098840384183,0.1757819481680071
0.2049559635766532,0.2302922940655447,0.5320665083135393,0.8240898264715891,0.2782868101427658,0.3204157722291266,0.7895945356779538,0.7662190626645603,0.6817460317460318,0.5893607092860477,0.1667469724711702,0.1809651474530831
0.1995073891625615,0.2203881149851034,0.5243072050673002,0.832425995236475,0.2770083102493074,0.3106993560049711,0.7867751780264497,0.7629805160610847,0.6776334776334777,0.5849064607814025,0.1644984099450708,0.1781054512957998
0.1905508284818629,0.2084708913761172,0.5198733174980207,0.8437393671316775,0.2721073939910505,0.3008699581968139,0.7829094608341811,0.7586361242759346,0.67012987012987,0.5765070207440717,0.1595515723876522,0.1719392314566577
0.1942827287654873,0.2143489813994686,0.5235154394299287,0.8385505273902689,0.2735989772000852,0.3062930742289006,0.7808458072954513,0.757451290152712,0.6686868686868687,0.5757858567004625,0.1594230831004465,0.1719839142091152
0.2031646514405135,0.2248168129479024,0.5252573238321459,0.8279176590677102,0.2793522267206478,0.3142017851090272,0.7843918035169306,0.7609004739336493,0.6718253968253968,0.5800279981334578,0.1631813947512126,0.1774352100089365
0.2066726377071204,0.2277155970690071,0.5235154394299287,0.8244300782579108,0.2824419347965054,0.3155575641170489,0.7872983577968319,0.7633491311216429,0.675036075036075,0.5829126543078947,0.1663293822877517,0.1809204647006256
0.1989102851171816,0.2203881149851034,0.5255740300870942,0.8327662470227969,0.2761559769870019,0.3112642639249802,0.7850893765441069,0.7611374407582938,0.6713203463203463,0.5801128409621178,0.1645305322668722,0.1779714030384271
0.1912972085385878,0.2087124567195426,0.518923198733175,0.8432289894521947,0.272959727253356,0.3006439950288103,0.7798575788402848,0.7555555555555555,0.6634920634920634,0.5718830865821067,0.1591018598824323,0.1710902591599642
0.1922675026123302,0.2118528061840727,0.5228820269200317,0.8410173528411025,0.2723204773066269,0.3042594057168681,0.7788402848423194,0.7538967877830437,0.6623737373737373,0.5697195944512791,0.158620025055411,0.1703753351206434
0.199582027168234,0.2211128110153797,0.5255740300870942,0.8320006805035727,0.2765821436181546,0.3117161902609874,0.7836070338613573,0.7581885202738283,0.6674963924963924,0.575234378314173,0.1629565384986026,0.1764075067024128
0.2077175697865353,0.2276350752878653,0.5211401425178148,0.8238346376318476,0.2839335180055401,0.3146537114450344,0.7861066705420723,0.761032122169563,0.6704545454545454,0.5785008272175796,0.1663936269313546,0.1809204647006256
0.2031646514405135,0.2206296803285289,0.5170229612034839,0.8302143586253828,0.2821223098231408,0.3083267427409332,0.7835779683185583,0.7585571353343865,0.6672077922077922,0.575234378314173,0.1635347402910282,0.1775245755138516
0.1945066427825048,0.2106449794669458,0.5157561361836898,0.8403368492684588,0.2763690603025783,0.3008699581968139,0.7804679552390641,0.7549499736703529,0.662085137085137,0.5677682093921013,0.1587163920208152,0.1712243074173369
0.1947305567995223,0.211369675497222,0.5167062549485353,0.8398264715889759,0.2761559769870019,0.3017738108688284,0.7799447754686818,0.7542654028436019,0.6611111111111111,0.5657744029185934,0.158395168802801,0.1708668453976765
0.2021197193610986,0.2215154199210886,0.5208234362628663,0.8302994215719633,0.2799914766673769,0.3102474296689639,0.78264787094899,0.7567403896787783,0.6654040404040403,0.5700165443515888,0.1626674376023899,0.1759159964253798
0.206000895656068,0.2254609871970368,0.5205067300079177,0.8260462742429399,0.2829746430854464,0.3129589876850073,0.7849149832873129,0.7588730911005792,0.6685064935064934,0.5737072073982947,0.1653657126337091,0.1797587131367292
0.1988356471115091,0.2167646348337225,0.5186064924782265,0.8347226947941477,0.2784998934583422,0.3061800926448989,0.7824734776921959,0.7560558188520273,0.6652597402597402,0.5699317015229288,0.1625389483151842,0.17609472743521
0.1919689505896402,0.2051694983493034,0.5103721298495646,0.8446750595440626,0.27626251864479,0.2951078974127217,0.7773870077023689,0.7519483938915219,0.6593795093795093,0.5639078606880754,0.1573351321833542,0.1697497765862377
0.1931631586804,0.2079072389081246,0.5132224861441014,0.842548485879551,0.2761559769870019,0.2980454185967687,0.77793925301555,0.7517114270668773,0.6581890331890332,0.5631442752301362,0.1562750955639073,0.169124218051832
0.2021197193610986,0.2195023753925437,0.5170229612034839,0.8314052398775094,0.2812699765608353,0.3075358716529205,0.7816305769510246,0.7553975776724592,0.6623376623376623,0.5680227378780809,0.1607079759725033,0.1743521000893655
0.2002537692192864,0.2203881149851034,0.5227236737925575,0.8320006805035727,0.2780737268271894,0.3102474296689639,0.7844208690597296,0.7576619273301738,0.6655483405483406,0.5712043439528275,0.1637274742218367,0.1785969615728329
0.1986863711001641,0.2110475883726548,0.5076801266825021,0.8377849608710446,0.2820157681653527,0.2982713817647723,0.7816596424938235,0.7546076882569773,0.6615079365079365,0.566113774233233,0.1611255661559217,0.17609472743521
0.1918196745782953,0.2017070617602061,0.5038796516231195,0.8466315073154135,0.278393351800554,0.2903626708846458,0.7783171050719373,0.7512374934175882,0.6569985569985569,0.5611080473422985,0.1579775786193826,0.1713583556747095
0.1908493805045529,0.2032369756019003,0.5089469517022961,0.8463763184756721,0.2759428936714255,0.2933001920686928,0.777822990844354,0.7502106371774617,0.656060606060606,0.5607262546133288,0.1574314991487584,0.1705987488829312
0.1968950589640244,0.2128190675577744,0.5149643705463184,0.8378700238176251,0.2782868101427658,0.3021127556208338,0.7813399215230344,0.7541074249605055,0.6604617604617605,0.5666228312051924,0.1620571134881629,0.1767649687220732
0.1991341991341991,0.2137048071503342,0.5119556611243072,0.8361687648860158,0.2809503515874706,0.3016608292848265,0.7843627379741317,0.7567140600315956,0.6633477633477634,0.5710346582955076,0.165205101024702,0.1810991957104557
0.1916703985669502,0.2042837587567437,0.5092636579572447,0.8453555631167063,0.2764756019603665,0.2940910631567054,0.7814561836942304,0.7536334913112164,0.6593434343434343,0.5667500954481822,0.1620571134881629,0.1767202859696157
0.1877892222719809,0.1978420162653998,0.5048297703879652,0.8509697175910174,0.2751971020669081,0.2879900576206078,0.7764859758755995,0.7491311216429699,0.6536796536796536,0.5593687693547703,0.1571102759307442,0.1698391420911528
0.1907001044932079,0.1988887994202431,0.5007125890736343,0.8487580809799252,0.2787129767739186,0.2871991865325951,0.7767475657607905,0.7491311216429699,0.6547979797979798,0.5597505620837399,0.1558896277022903,0.1700625558534405
0.2011494252873563,0.211772284402931,0.5038796516231195,0.8359986389928548,0.2851054762412103,0.2973675290927578,0.7819212323790147,0.7541600842548709,0.6603896103896103,0.566113774233233,0.1614467893739359,0.1773905272564789
0.2043588595312733,0.2148321120863194,0.5030878859857483,0.8325110581830556,0.2875559343703388,0.2992882160207886,0.7837814271181514,0.7563981042654029,0.6643217893217893,0.5696347516226191,0.1647553885194821,0.1809204647006256
0.196820420958352,0.2050889765681617,0.4999208234362629,0.8420381082000681,0.2832942680588109,0.2912665235566603,0.7802935619822701,0.7525803054239073,0.6592712842712842,0.5651805031179741,0.1612540554431274,0.1763628239499553
0.1915211225556053,0.197358885578549,0.4959619952494062,0.849098332766247,0.2808438099296825,0.2844876285165518,0.7756140095916291,0.7487888362295945,0.654040404040404,0.5591142408687906,0.156403584851113,0.1705987488829312
0.1954769368562471,0.2033980191641838,0.4996041171813143,0.843654304185097,0.2824419347965054,0.2900237261326403,0.7758174683912221,0.7492101105845183,0.653968253968254,0.5595384550120901,0.15701390896534,0.1714030384271671
0.2034632034632034,0.2155568081165955,0.5064133016627079,0.8326811840762164,0.2858512678457277,0.3009829397808157,0.780031972097079,0.7528962611901,0.6586940836940837,0.5650108174606542,0.1618001349137515,0.176988382484361
0.2031646514405135,0.2149931556486029,0.505938242280285,0.8331915617556993,0.2858512678457277,0.3004180318608066,0.7823862810637988,0.7542654028436019,0.661075036075036,0.5672591524201417,0.1634062510038225,0.1787756925826631
0.1951783848335572,0.2036395845076093,0.5007125890736343,0.8437393671316775,0.2818026848497762,0.2905886340526494,0.7791600058131085,0.7513691416535019,0.6572510822510822,0.5626776396725067,0.1601940188236806,0.1740393208221626
0.1909240185102254,0.1978420162653998,0.4983372921615203,0.8491833957128276,0.2796718516940123,0.2856174443565698,0.7768056968463887,0.7482095839915744,0.6518037518037518,0.5561871632800238,0.1562750955639073,0.1688561215370866
0.1949544708165397,0.2025122795716241,0.4986539984164687,0.8444198707043212,0.2823353931387172,0.2891198734606259,0.7761081238192122,0.7476566614007372,0.6525252525252525,0.556908327323633,0.1561466062767016,0.1693476318141197
0.2036124794745484,0.21217489330864,0.4994457640538401,0.8343824430078258,0.2883017259748561,0.296124731668738,0.7795669234122947,0.7521590310689836,0.658044733044733,0.5625079540151869,0.1608043429379075,0.1758713136729222
0.2083146738319152,0.2152347209920283,0.4954869358669834,0.8301292956788024,0.2929895589175367,0.2968026211727488,0.7817468391222206,0.754449710373881,0.6610028860028859,0.5658168243329234,0.1628601715331984,0.1796693476318141
0.2047320495596357,0.2095981963121024,0.4921615201900239,0.8350629465804695,0.2916045173662902,0.2917184498926675,0.780351693067868,0.7522380200105319,0.657972582972583,0.563313960887456,0.1601940188236806,0.1766756032171581
0.1991341991341991,0.2033980191641838,0.491686460807601,0.8416127934671658,0.287662476028127,0.2871991865325951,0.7762825170760064,0.74797261716693,0.6522366522366522,0.5561871632800238,0.155407792875269,0.170017873100983
0.2015226153157187,0.2108060230292293,0.5013460015835314,0.8362538278325962,0.2861708928190922,0.2957857869167326,0.7774451387879668,0.7488941548183254,0.6531024531024532,0.5580537055105418,0.1569496643217371,0.1717605004468275
0.2160023884161815,0.223770029793059,0.4959619952494062,0.8211976862878531,0.2983166418069465,0.3030166082928482,0.780555151867461,0.7527909426013691,0.6583333333333333,0.564247232002715,0.1622498474189714,0.1785969615728329
0.2222719808926705,0.22739350994444,0.4897862232779098,0.8156685947601225,0.3049222245898146,0.3033555530448536,0.782793198662985,0.754449710373881,0.6602813852813852,0.5663258813048827,0.1645305322668722,0.1809651474530831
0.2115987460815047,0.2169256783960061,0.4918448139350753,0.8273222184416469,0.2965054336245472,0.2968026211727488,0.7811655282662403,0.7518167456556082,0.6574675324675325,0.5628473253298265,0.1620571134881629,0.1773011617515639
0.2012987012987012,0.2087124567195426,0.4975455265241488,0.8375297720313033,0.2873428510547623,0.2929612473166873,0.7769800901031827,0.7484728804634018,0.6525613275613276,0.5572052772239426,0.1582988018373968,0.1719839142091152
0.2069711897298104,0.2123359368709235,0.4924782264449723,0.8323409322898946,0.2930961005753249,0.2937521184047,0.7768638279319866,0.7486308583464981,0.6528138528138528,0.556908327323633,0.1583630464809996,0.1723413762287756
0.2140618002686968,0.221354376358805,0.4953285827395092,0.8235794487921062,0.2971446835712763,0.3010959213648175,0.780235430896672,0.7526592943654555,0.6595598845598846,0.563356382301786,0.1627638045677941,0.1784182305630026
0.2168234064785789,0.2252194218536114,0.4970704671417261,0.8200068050357264,0.2985297251225229,0.3043723873008699,0.7832291818049703,0.7546340179041601,0.6622655122655122,0.5670894667628219,0.1655584465645176,0.1814566577301161
0.2094342439170025,0.2152347209920283,0.4931116389548695,0.8294487921061585,0.2945876837843597,0.2960117500847361,0.7798866443830839,0.7512901527119537,0.658044733044733,0.5628473253298265,0.1626674376023899,0.1768990169794459
0.2035378414688759,0.2095981963121024,0.4945368171021378,0.8357434501531134,0.2898998508416791,0.2926223025646819,0.7765441069611975,0.7480779357556608,0.6523088023088023,0.5575022271242523,0.158780636664418,0.1710008936550491
0.206000895656068,0.2124969804332071,0.4950118764845607,0.8328513099693774,0.291497975708502,0.2947689526607163,0.7770382211887806,0.7483412322274882,0.6527056277056277,0.5580112840962118,0.1577848446885741,0.1705987488829312
0.2142110762800418,0.2228842902004992,0.4980205859065717,0.822643756379721,0.2962923503089708,0.30312958987685,0.7812527248946374,0.7522380200105319,0.657972582972583,0.5650532388749842,0.1615431563393402,0.1766309204647006
0.2151813703537841,0.2257025525404622,0.5016627078384798,0.8206873086083702,0.295866183677818,0.3064060558129025,0.7832582473477693,0.7539757767245918,0.6612193362193363,0.5678106308064311,0.1646911438758793,0.1803395889186773
0.2097327959396925,0.2165230694902971,0.4950118764845607,0.8285981626403539,0.2941615171532069,0.2975934922607615,0.7799738410114808,0.7512111637704055,0.6576839826839826,0.5630170109871464,0.1614789116957374,0.1766756032171581
0.2018958053440812,0.2079877606892664,0.494695170229612,0.8376148349778837,0.2886213509482207,0.2914924867246638,0.7768056968463887,0.7475250131648236,0.6522727272727272,0.5576719127815722,0.1571423982525457,0.1702412868632707
0.2063740856844305,0.213382720025767,0.4959619952494062,0.8321708063967337,0.291497975708502,0.2956728053327307,0.7772707455311728,0.7481305950500263,0.6527777777777778,0.5582658125821915,0.1579454562975811,0.1710902591599642
0.2148081803254217,0.2234479426684918,0.4980205859065717,0.8220483157536577,0.2967185169401236,0.3035815162128573,0.7811364627234414,0.7521853607161664,0.6590909090909091,0.5655622958469436,0.163213517073014,0.1789544235924932
0.2163009404388714,0.2236089862307754,0.4951702296120349,0.8211126233412727,0.2987428084380993,0.3026776635408428,0.7822409533498038,0.7535281727224855,0.6613997113997113,0.5684045306070505,0.1662651376441489,0.1822162645218945
0.2069711897298104,0.2140268942749013,0.4961203483768805,0.8314903028240898,0.2918176006818666,0.2962377132527398,0.7791309402703096,0.7501316482359136,0.656962481962482,0.5636533322020957,0.1623140920625743,0.1763181411974977
0.2001791312136139,0.2076656735646992,0.4978622327790974,0.8387206532834298,0.2863839761346686,0.2923963393966783,0.7766603691323936,0.7467351237493418,0.6521645021645022,0.5581385483392016,0.1577848446885741,0.1710455764075067
0.2049559635766532,0.2131411546823416,0.4983372921615203,0.8331064988091189,0.2896867675261027,0.2964636764207434,0.7764569103328005,0.7477093206951027,0.6538600288600289,0.5589445552114708,0.1576884777231698,0.1717605004468275
0.2150320943424391,0.2250583782913278,0.5007125890736343,0.8210275603946922,0.2960792669933944,0.3056151847248898,0.7809620694666473,0.7522380200105319,0.6594877344877345,0.5649259746319942,0.1622498474189714,0.1775692582663092
0.2174951485296312,0.2252999436347532,0.4956452889944577,0.8194964273562437,0.2994886000426167,0.3040334425488645,0.7822409533498038,0.7538967877830437,0.6619047619047619,0.5670894667628219,0.1646590215540779,0.1809204647006256
0.2062248096730855,0.2139463724937595,0.4973871733966747,0.8319156175569923,0.2908587257617728,0.296689639588747,0.7793634646127016,0.7506319115323855,0.6573232323232323,0.5622110041148772,0.1615431563393402,0.1754691689008042
0.1977907150320943,0.2041227151944601,0.4959619952494062,0.8419530452534877,0.2853185595567867,0.2892328550446277,0.7757012062200263,0.7464454976303317,0.6513347763347763,0.5557629491367243,0.1565320741383187,0.1692582663092046
0.202791461412151,0.209356630968677,0.4956452889944577,0.8363388907791767,0.2889409759215853,0.2927352841486837,0.7769800901031827,0.7475250131648236,0.6533189033189033,0.5583082339965215,0.1588448813080209,0.1712689901697944
0.2111509180474697,0.220951767453096,0.5007125890736343,0.8254508336168767,0.2933091838909014,0.3027906451248446,0.7809330039238483,0.7520010531858873,0.6599206349206349,0.566113774233233,0.1641129420834537,0.1783735478105451
0.2129422301836095,0.2228842902004992,0.5008709422011085,0.8234093228989452,0.2944811421265715,0.3041464241328663,0.7825316087777939,0.7536071616640336,0.6612914862914863,0.5686590590930303,0.1663293822877517,0.1806970509383378
0.2096581579340199,0.2152347209920283,0.4926365795724466,0.8293637291595781,0.2949073087577242,0.2957857869167326,0.7794506612410986,0.7505002632964718,0.6568181818181819,0.5643320748313749,0.1623140920625743,0.1759159964253798
0.2023436333781161,0.2087929785006844,0.4954869358669834,0.8368492684586595,0.2887278926060089,0.2923963393966783,0.7762534515332074,0.7476566614007372,0.6529942279942279,0.5603020404700293,0.1589091259516238,0.1710455764075067
0.2074936557695178,0.2137048071503342,0.4942201108471893,0.8314052398775094,0.2928830172597485,0.2953338605807253,0.7768928934747856,0.7480779357556608,0.6539321789321789,0.5608535188563187,0.1592303491696379,0.1720285969615728
0.2150320943424391,0.2247362911667606,0.4997624703087886,0.8212827492344336,0.2962923503089708,0.3050502768048808,0.7815724458654265,0.7526329647182728,0.660137085137085,0.5673439952488016,0.1639523304744467,0.1789991063449508
0.2170473204955963,0.2312585554392463,0.5084718923198734,0.8166893501190882,0.2949073087577242,0.3127330245170037,0.7856997529428862,0.7559241706161137,0.6646464646464646,0.5724345649683961,0.1677748867688156,0.1827971403038427
0.2123451261382295,0.2285208148804252,0.5130641330166271,0.8207723715549506,0.2900063924994673,0.3123940797649983,0.7852637698009011,0.7539757767245918,0.6621933621933622,0.5696347516226191,0.1656548135299219,0.1792225201072386
0.2101806239737274,0.2331910781866495,0.5268408551068884,0.8195814903028241,0.2837204346899638,0.3206417353971302,0.7841011480889405,0.7523696682464455,0.6604256854256854,0.5674712594917916,0.1631171501076098,0.1754244861483467
0.215778474399164,0.2459135196070537,0.5399841646872526,0.8096291255529092,0.2832942680588109,0.3343125070613489,0.7890422903647726,0.755134281200632,0.6645743145743146,0.5720527722394265,0.1654942019209148,0.1779714030384271
0.2271980892670547,0.2644335292696674,0.552019002375297,0.7933821027560396,0.2874493927125506,0.3514857078296237,0.797529428862084,0.7629015271195366,0.6745670995670996,0.5821914902642855,0.1719507886030002,0.1857462019660411
0.2332437677265263,0.267412835171914,0.5452098178939034,0.7882783259612114,0.2940549754954187,0.3512597446616201,0.8019473913675338,0.7677725118483412,0.6804473304473304,0.5877062741271795,0.1747775529215251,0.1890080428954423
0.2299596954769368,0.2554956115629277,0.5287410926365796,0.796529431779517,0.2972512252290645,0.3369110834933905,0.802470571137916,0.7674828857293312,0.6793650793650794,0.5864760531116108,0.1721756448556101,0.1852993744414655
0.2301089714882818,0.2471213463241806,0.5119556611243072,0.8008676420551208,0.3030044747496271,0.3250480171732007,0.802499636680715,0.7663507109004739,0.6787878787878787,0.5846095108810928,0.1697664707205037,0.1807417336907953
0.2420510523958799,0.2474434334487479,0.4872525732383215,0.7938074174889419,0.3198380566801619,0.3164614167890634,0.80470861793344,0.7708004212743549,0.6832972582972583,0.5875365884698597,0.1715331984195817,0.1831992850759607
0.2566054635020152,0.2480876076978823,0.4577988915281077,0.7852160598843144,0.3401875133177072,0.3064060558129025,0.8032553407934893,0.7749868351764087,0.6889610389610389,0.5950876002205914,0.1777649288490572,0.191331546023235
0.2602627257799671,0.2468797809807553,0.4475059382422804,0.7837699897924465,0.3461538461538461,0.301999774036832,0.7944484813253888,0.7729857819905213,0.6900793650793651,0.5997115343825563,0.1831614789116957,0.1988382484361036
0.2609344678310195,0.235767775183187,0.424228028503563,0.7892140183735965,0.3545706371191136,0.2858434075245735,0.7765150414183984,0.7622959452343339,0.6791486291486291,0.5892758664573877,0.1791140663647168,0.1955317247542448
0.2621286759217793,0.2219985506079394,0.3946159936658749,0.7958489282068731,0.3653313445557212,0.2656197039882498,0.7627670396744659,0.7545286993154291,0.6684343434343434,0.577100920544691,0.1738781279110854,0.1903038427167113
0.2702642185400806,0.2145100249617521,0.3626286619160729,0.7951684246342294,0.3818453015128915,0.2490114111399841,0.7588722569393983,0.7526592943654555,0.6644660894660894,0.573410257497985,0.1725932350390286,0.1903038427167113
0.2753396029258098,0.209759239874386,0.3425178147268409,0.7947431099013271,0.3922863839761346,0.238504123827816,0.7611975003633192,0.7529752501316482,0.6635642135642136,0.5712043439528275,0.1721435225338087,0.1914655942806077
0.2789222271980892,0.2037201062887511,0.323040380047506,0.7959339911534536,0.4013424248881312,0.227318947011637,0.7631158261880541,0.7531858873091101,0.6626984126984127,0.5699317015229288,0.1718222993157945,0.1924932975871313
0.2725033587102552,0.1988887994202431,0.3271575613618369,0.802143586253828,0.3954826337097805,0.2252852784996045,0.760470861793344,0.7498156924697209,0.6591991341991342,0.5653077673609639,0.1693488805370852,0.1890527256478999
0.267726526347216,0.2021096706659151,0.3436262866191608,0.8031643416127935,0.3864265927977839,0.2335329341317365,0.7586978636826043,0.7481305950500263,0.6576839826839826,0.5632291180587962,0.1676785198034114,0.1869973190348525
0.2713091506194954,0.2158788952411627,0.3631037212984956,0.7938924804355224,0.3824845514596207,0.2501412269800022,0.762825170760064,0.7505529225908373,0.6614357864357864,0.5681924235354008,0.1707622626963476,0.1903932082216264
0.2801164352888491,0.2315001207826717,0.3751385589865399,0.7805375978223886,0.3847219262731728,0.2653937408202463,0.7685801482342682,0.7548183254344392,0.6661976911976912,0.5740041572986044,0.1759660788281777,0.1975424486148346
0.284072249589491,0.2348015138094855,0.3730799683293744,0.7766247022796869,0.3882378009801832,0.2669754829962716,0.7691323935474496,0.7548709847288047,0.663961038961039,0.5737072073982947,0.1774115833092416,0.2003127792672028
0.2773548290789669,0.225783074321604,0.3699129057798891,0.7852160598843144,0.3845088429575964,0.2595186984521523,0.7636680715012353,0.7488941548183254,0.6552669552669552,0.5643744962457049,0.1727217243262343,0.1942359249329758
0.2668308702791461,0.2201465496416781,0.3809976247030879,0.7941476692752638,0.3732154272320477,0.2595186984521523,0.7594245022525795,0.7444181147972617,0.6495310245310245,0.5581809697535316,0.1679676206996241,0.1888739946380697
0.2636214360352291,0.2315806425638135,0.4104513064133018,0.7899795848928207,0.3610696782441934,0.277934696644447,0.7611684348205203,0.7451816745655608,0.6521284271284271,0.5607262546133288,0.1691240242844753,0.1901697944593387
0.2617554858934169,0.2414848216442547,0.4338875692794933,0.7857264375637973,0.3518005540166205,0.2933001920686928,0.7660805115535533,0.74884149552396,0.6567460317460316,0.5666652526195224,0.1717580546721916,0.1931188561215371
0.2574264815644125,0.2335936870923584,0.4275534441805226,0.7924464103436544,0.3508416790965267,0.2855044627725681,0.7685220171486703,0.7500263296471826,0.6554112554112553,0.5654350316039537,0.1692846358934824,0.1899016979445933
0.2367517539931333,0.2147515903051775,0.4342042755344419,0.8141374617216741,0.3339015555082036,0.2746582307083945,0.7687254759482633,0.7486835176408636,0.6531024531024532,0.5603444618843593,0.1639202081526452,0.18047363717605
0.2185400806090461,0.2042837587567437,0.4522565320665083,0.8300442327322218,0.3148305987641168,0.27375437803638,0.7672431332655136,0.7457345971563981,0.6487734487734488,0.555084206507445,0.1582666795155954,0.1729222520107238
0.2148081803254217,0.2119333279652145,0.4752177355502772,0.8281728479074516,0.3043895163008736,0.287312168116597,0.7700624909170178,0.7467351237493418,0.6506493506493506,0.5585627624825013,0.1595194500658507,0.1746648793565683
0.2110762800417972,0.2178919397697077,0.4948535233570864,0.827152092548486,0.2952269337310888,0.2984973449327759,0.7756721406772271,0.7519747235387045,0.6582972582972583,0.5669197811055021,0.1639844527962481,0.179579982126899
0.2077175697865353,0.2138658507126178,0.494061757719715,0.8311500510377681,0.2930961005753249,0.2953338605807253,0.7778811219299521,0.7536334913112164,0.6602092352092352,0.5677682093921013,0.1635026179692268,0.1800268096514745
0.1974175250037319,0.2028343666961913,0.4942201108471893,0.8428887376658728,0.2856381845301513,0.2876511128686024,0.7748292399360558,0.7509478672985781,0.6555555555555556,0.5610656259279685,0.1582988018373968,0.1734584450402145
0.1908493805045529,0.1942990578951606,0.4913697545526524,0.8510547805375979,0.2819092265075644,0.2807592362444921,0.7720680133701497,0.7476829910479199,0.6516233766233765,0.5554235778220846,0.1536410651761909,0.1683646112600536
0.1957008508732647,0.1992914083259521,0.4908946951702297,0.8456958149030283,0.2855316428723631,0.2840357021805446,0.7736666182240953,0.7494734070563455,0.6547619047619047,0.5589445552114708,0.1563714625293116,0.1712243074173369
0.2040603075085833,0.21217489330864,0.4984956452889945,0.8341272541680845,0.2889409759215853,0.2957857869167326,0.7786949571283244,0.7540284360189573,0.6598484848484849,0.5655198744326136,0.1612861777649288,0.1773011617515639
0.2088371398716226,0.2166035912714389,0.4970704671417261,0.8291085403198368,0.2927764756019603,0.2983843633487741,0.7793634646127016,0.7553449183780937,0.6618326118326119,0.5677682093921013,0.1634704956474253,0.1798480786416443
0.199880579190924,0.2031564538207585,0.4896278701504355,0.8412725416808439,0.2889409759215853,0.2862953338605806,0.7761662549048104,0.7530805687203791,0.658116883116883,0.5636533322020957,0.1595515723876522,0.1744861483467381
0.1931631586804,0.1948627103631532,0.48756927949327,0.8494385845525689,0.2847858512678457,0.2797424019884758,0.7730562418253161,0.74942074776198,0.6531385281385281,0.5585627624825013,0.1553114259098647,0.1698391420911528
0.1986863711001641,0.2041227151944601,0.494061757719715,0.8414426675740048,0.286597059450245,0.2885549655406168,0.7745095189652667,0.7514218009478673,0.6574675324675325,0.5622958469435372,0.1582024348719925,0.1728328865058087
0.2066726377071204,0.2178114179885659,0.5040380047505939,0.8297039809459,0.2889409759215853,0.3016608292848265,0.7788984159279174,0.7562137967351238,0.6643578643578644,0.5709922368811777,0.164434165301468,0.1806970509383378
0.2151067323481116,0.222964811981641,0.4962787015043548,0.8221333787002383,0.2975708502024291,0.302564681956841,0.7762534515332074,0.7563981042654029,0.6686147186147187,0.5781190344886099,0.1687706787446596,0.1850759606791778
0.2145842663084042,0.2185361140188421,0.4886777513855899,0.8247703300442327,0.299701683358193,0.2968026211727488,0.7684638860630721,0.7553712480252764,0.6748556998556998,0.5852034106817122,0.1697022260769008,0.1835120643431635
0.2214509628302731,0.2166035912714389,0.4704671417260492,0.8218781898604969,0.3107820157681653,0.2888939102926223,0.7638424647580293,0.7631384939441811,0.6945165945165945,0.6058626394603996,0.1741351064854967,0.18485254691689
0.2477981788326616,0.2307754247523955,0.4421219319081552,0.7994215719632529,0.3391220967398253,0.2886679471246186,0.7598314198517657,0.7710110584518167,0.719011544011544,0.6395876638527129,0.1871767691368732,0.1960679177837355
0.2703388565457531,0.2608100491182865,0.4536817102137768,0.7706702960190542,0.3513743873854676,0.3138628403570218,0.7360267402993751,0.7376250658241179,0.7064574314574315,0.6653374623509949,0.2068035077575407,0.2148793565683646
0.2825048514703687,0.3034060713422981,0.5114806017418845,0.7412385165022116,0.34061367994886,0.3644785899898317,0.6816160441796251,0.6468141126908898,0.638095238095238,0.677088194120392,0.2353281295172015,0.2417336907953529
0.3042991491267353,0.35228279249537,0.5613618368962788,0.7029601905410005,0.3393351800554016,0.4164501186306631,0.5909315506467083,0.5224065297525012,0.5296176046176045,0.6743732236032749,0.2763162121358132,0.2779267202859696
0.355276907001045,0.420726306465899,0.5879651623119557,0.6378019734603607,0.3667163861069678,0.4740707264715851,0.4874291527394274,0.4082148499210111,0.4272727272727272,0.6839180418275147,0.3405608557386528,0.3371313672922252
0.4281982385430661,0.5202512279571625,0.6288202692003169,0.5437223545423614,0.405071382910718,0.5584679697209355,0.387879668652812,0.3070036861506056,0.3312409812409813,0.7096254189114666,0.4362853747068838,0.4258266309204647
0.5266457680250783,0.6365246799259199,0.6486144101346002,0.4261653623681525,0.4686767526102706,0.6470455315783527,0.2633628833018456,0.1908899420747762,0.2149350649350649,0.7215882577525136,0.5546561305451159,0.5422698838248436
0.6224063293028811,0.7348417747000563,0.63895486935867,0.3196665532494045,0.5402727466439378,0.7125748502994013,0.1343118732742333,0.0634017904160084,0.0691558441558441,0.6905357824629874,0.6721274613729081,0.663449508489723
0.7480220928496791,0.8160077300909897,0.5319081551860649,0.205256890098673,0.6658853611762199,0.7313297932437012,0.0376689434675192,0.0,0.0065295815295815,0.7170067450048786,0.8112492370948572,0.7986148346738159
0.8849081952530229,0.8718898462033982,0.3513855898653998,0.097652262674379,0.8243128063072661,0.706134900011298,0.0,0.0098999473407056,0.0308080808080808,0.7875111356212617,0.9453278082939836,0.9280607685433424
0.974623078071354,0.899589338916177,0.2155186064924782,0.0319836679142565,0.9340507138291072,0.6770986329228336,0.0216828949280626,0.0619536598209584,0.0707070707070707,0.7858991218767235,1.0,1.0
1.0,0.8548192286013367,0.0736342042755344,0.0410854031983668,1.0,0.5950740029375211,0.0851620404011044,0.1350974196945761,0.0896103896103896,0.6562592796843847,0.9345347081687064,0.9857015192135836
0.9499178981937604,0.7633464852242531,0.0,0.1179823069071112,0.9889196675900276,0.504688735736075,0.1721261444557476,0.2069246972090573,0.0799422799422799,0.426632163916345,0.7740194661270117,0.9028150134048256
0.8713987162263025,0.6854014010789918,0.0131433095803642,0.2038958829533855,0.9285105476241212,0.4546378940232741,0.256939398343264,0.2726434965771458,0.0795093795093795,0.2320027149705171,0.6238154893835727,0.8121090259159964
0.7865353037766831,0.631371285932845,0.0872525732383214,0.28079278666213,0.8430641380779884,0.4431137724550897,0.3414038657171923,0.3414691943127961,0.1164141414141414,0.1390149747592584,0.5059908130159647,0.7247542448614835
0.699731303179579,0.6127707544890892,0.2346793349168646,0.3400816604287172,0.7314084807159599,0.4827703084397242,0.417264932422613,0.4018430753027909,0.1751082251082251,0.1413905739617358,0.4192605441521314,0.6479445933869526
0.6106881624123003,0.5882116112408406,0.3752969121140142,0.4037938074174889,0.6206051566162369,0.5156479493842503,0.483941287603546,0.4582938388625592,0.2445887445887445,0.1885207652823145,0.3525103594487809,0.5744861483467382
0.496492013733393,0.5319268862227232,0.5068883610451307,0.498553929908132,0.4947794587683783,0.5231047339283696,0.5564307513442813,0.5235913638757241,0.3329004329004328,0.2630127688457133,0.2937265105521827,0.4890080428954423
0.3676668159426779,0.4568000644174249,0.6324623911322249,0.6116876488601566,0.3606435116130407,0.5151960230482431,0.6305188199389623,0.5951816745655608,0.4325396825396825,0.3515886819666568,0.2394397867077832,0.3891867739052725
0.2670547842961636,0.3918189870359932,0.7181314330958037,0.7033004423273224,0.2599616450031962,0.5001694723760027,0.6972242406626944,0.663059505002633,0.5293650793650794,0.4408009163025495,0.1977128906877389,0.2999553172475424
0.2150320943424391,0.3195104275706579,0.6863024544734759,0.771180673698537,0.233645855529512,0.4380296011750084,0.7507629704984741,0.7196419167983149,0.6062409812409812,0.5075298010435668,0.1634062510038225,0.2285522788203753
0.1981639050604567,0.2668491827039214,0.6186856690419636,0.8086083701939436,0.2443000213083315,0.3770195458140323,0.7869205057404447,0.7588204318062137,0.6574675324675325,0.5498239511305307,0.1450644052552118,0.1870420017873101
0.1834602179429765,0.234962557371769,0.5870150435471101,0.8337870023817625,0.2445131046239079,0.3433510337814935,0.8046795523906409,0.7791469194312797,0.6853535353535354,0.5731133075976753,0.1399248337669847,0.169124218051832
