Lead I,Lead II,Lead III,aVR,aVL,aVF,V1,V2,V3,V4,V5,V6
0.0785729016292019,0.445482272207396,0.672775045475982,0.7432536622976098,0.2191326530612244,0.5746160794941283,0.8536563400576369,0.5165967188096147,0.3556828976802623,0.2444005676559511,0.1857747740412018,0.1279487486528559
0.0733140853784285,0.4421463972550514,0.6738529946776258,0.7479898667254102,0.2162414965986394,0.573803071364047,0.8466318443804035,0.5122090805036246,0.3518524193301259,0.2401431480224594,0.1805227587330021,0.121302837983475
0.083419261703444,0.446149447197865,0.6700801724718722,0.7402797664941072,0.2227891156462584,0.573170731707317,0.8551873198847264,0.5169782525753529,0.3536604051113903,0.2412846300981058,0.1826398501750671,0.1244761106454316
0.1012579913384203,0.4478650400304994,0.6596375395809472,0.7298160590373389,0.236734693877551,0.5669376693766938,0.8697766570605188,0.5278042731781762,0.3584408420923605,0.2447090763250448,0.1874847325136389,0.1326188480421506
0.1013611053825531,0.4344262295081966,0.6500707404163578,0.7375261592686418,0.2428571428571428,0.5541102077687443,0.8720280979827091,0.5314288439526899,0.358931143321178,0.2432899364472142,0.1868333197622343,0.1335169440785534
0.0886780779542173,0.4158406404879907,0.6452199690089604,0.754928956933583,0.2407312925170067,0.5420957542908762,0.8593299711815563,0.5265165967188097,0.3544571446082187,0.2363793422595175,0.1796677794967836,0.1251945874745539
0.0851722004537017,0.4039268013724741,0.6390891329246109,0.763740500055072,0.2431122448979591,0.5323396567299006,0.8521253602305476,0.5254673788630294,0.3511476113137009,0.2311655457518356,0.1737236381402166,0.1181295653215183
0.0988863683233656,0.405261151353412,0.6310718857373846,0.7556999669567133,0.2538265306122449,0.5275519421860885,0.8604106628242075,0.5322396032048836,0.3533539668433794,0.2314432035540199,0.1744157641885839,0.1217219494671296
0.11775623839967,0.4074532977506671,0.6202923937209459,0.744355105187796,0.2683673469387754,0.5214092140921409,0.8722982708933719,0.5403948874475392,0.3576747464223332,0.2321836243598445,0.177102841788128,0.1286672254819781
0.1156939575170138,0.3979222264582538,0.6149026477127265,0.7509637625289128,0.2709183673469387,0.5132791327913279,0.8723883285302594,0.5410148798168638,0.3558054729874667,0.2290368359350898,0.1740493445159188,0.1262124296491438
0.0999175087646937,0.3823865802516202,0.6142289294616992,0.7682564159048354,0.2648809523809524,0.505420054200542,0.8544668587896254,0.5315242273941244,0.347163913829559,0.2206454001357438,0.1637895936812963,0.11441743503772
0.0900185605279439,0.370758673274876,0.6124772620090279,0.7802621434078643,0.2619047619047619,0.4988256549232159,0.8447406340057637,0.5256581457458985,0.3423221891949867,0.2142592706855063,0.1567054800097711,0.1065141899173751
0.0996081666322953,0.379336637438048,0.6123425183588224,0.7702390131071702,0.2659863945578231,0.5028003613369467,0.8514048991354468,0.5333842045020984,0.3462139551987252,0.2166039365706177,0.1590261379366501,0.1111842893066698
0.1124974221488966,0.3907739229889438,0.6119382874082058,0.7566912655578807,0.2715136054421768,0.5079494128274615,0.8632024495677234,0.5459748187714613,0.3540281310330034,0.2227432590855803,0.1673316505170588,0.1216620763980361
0.1134254485460919,0.3861990087685855,0.6080980933773495,0.7588941513382531,0.2743197278911564,0.5031616982836495,0.8626621037463978,0.5513162914917971,0.3579505408635431,0.2255198371074227,0.1708737073528214,0.1272901448928272
0.1052794390595999,0.3774304231795653,0.607222259651014,0.7683665601938539,0.2715136054421768,0.4983739837398373,0.8514048991354468,0.5497424647081267,0.3588085680139736,0.2249645215030542,0.1692044621773471,0.1244162375763381
0.1067230356774592,0.3822912695386961,0.6097150171798154,0.7647317986562396,0.2704931972789116,0.5024390243902439,0.844920749279539,0.5518885921404044,0.3636196488217449,0.2289442833343617,0.1726650924191841,0.125314333612741
0.1261084759744277,0.4111704155547083,0.6174627770666307,0.7377464478466791,0.2736394557823129,0.5212285456187895,0.8516750720461096,0.5649561236169401,0.3758465357153802,0.2419633491701117,0.187281166028825,0.1408214585079631
0.1487935656836461,0.4418604651162789,0.6243347032271104,0.7078973455226346,0.2786564625850339,0.5403794037940379,0.8559978386167147,0.5756867607783289,0.3884105047038274,0.257234528290245,0.2050728768015634,0.161357921207041
0.1572489173025366,0.4534883720930232,0.6270969480563229,0.6965524837537174,0.2804421768707483,0.5477868112014453,0.848342939481268,0.5766882869133918,0.3949069959856587,0.2682174369099772,0.2176125722661021,0.1753083463058316
0.1542586100226851,0.4583492184521539,0.6324193222394394,0.6953408965745125,0.2758503401360544,0.5536585365853658,0.8297010086455333,0.566959175887066,0.3935280237796096,0.2730301721478373,0.2213581955866786,0.1771045383786372
0.1549804083316147,0.4695005718642774,0.6398302230007411,0.6886220949443771,0.2714285714285714,0.5639566395663957,0.8199747838616716,0.5593285005723007,0.3922716268807649,0.276855679644598,0.2244931194528132,0.1778230152077595
0.1636419880387709,0.4886580251620281,0.6477127265377618,0.6728714616147152,0.2699829931972788,0.578319783197832,0.8261887608069165,0.5575639069057612,0.39466184537125,0.2834886160301105,0.2334093314876638,0.1868638486408813
0.1739533924520519,0.5078154784597788,0.6545172808731389,0.6563498182619231,0.2699829931972788,0.5918699186991869,0.8324027377521613,0.5568962228157192,0.3963166120185089,0.290214105016351,0.2429362429769562,0.1981199856304634
0.1701381728191379,0.5124857033930613,0.6603112578319748,0.6555788082387928,0.2647959183673469,0.5980126467931346,0.8251080691642652,0.5485024799694773,0.3939570373548249,0.2918492009625471,0.2453790407947235,0.199796431565082
0.149927820169107,0.5031452535264963,0.666981068517146,0.6718801630135477,0.2522108843537414,0.5981029810298103,0.810428674351585,0.5344334223578787,0.3864492997885576,0.2874683778614179,0.239719892516896,0.1905161058555861
0.1395133017116931,0.4982844071673655,0.6702822879471805,0.6801409846899438,0.2458333333333333,0.5979223125564589,0.8021433717579252,0.5226058756199924,0.3792173566635001,0.2830875547602888,0.2346714436935102,0.1811759070769967
0.1470406269333883,0.50714830346931,0.6716297244492352,0.6711091529904174,0.2480442176870748,0.6030713640469738,0.8061059077809799,0.5194105303319344,0.3774400147090369,0.2839513790337509,0.2356078495236544,0.1827924799425218
0.1557022066405444,0.5173465497521921,0.6731792764265984,0.6605353012446304,0.2506802721088435,0.6089430894308943,0.8091678674351586,0.5193628386112171,0.3773174394018325,0.286018387116678,0.2393534728442309,0.1885402945754999
0.1517838729634976,0.5109607319862751,0.6712254934986188,0.666372948562617,0.2502551020408163,0.6046070460704607,0.7996217579250721,0.5138305990080122,0.3730273036496798,0.2834577651632011,0.2380506473414217,0.187402706262723
0.1380697050938337,0.4935188715211589,0.6677895304183791,0.6836656019385394,0.2468537414965986,0.5940379403794038,0.7777377521613833,0.499332315909958,0.3641405938773634,0.2751897328314926,0.2295415682761989,0.1771644114477308
0.1326046607547948,0.4858940144872283,0.6661052347908105,0.6910452693027866,0.2455782312925169,0.5892502258355917,0.7642291066282422,0.4909862647844334,0.357919897036742,0.2700067871907201,0.2240045598892598,0.1696802778110406
0.1397195297999587,0.4888486465878764,0.6634103617867008,0.6855380548518559,0.2502551020408163,0.5888888888888889,0.7713436599423631,0.4926077832888211,0.3592988692427911,0.2713950762016413,0.2264066444100643,0.1735720273021194
0.149927820169107,0.4890392680137247,0.6569426665768375,0.6799206961119065,0.2585884353741496,0.584643179765131,0.7869236311239193,0.4998569248378481,0.3626696901909111,0.27531313629913,0.2310479602638221,0.1813555262842773
0.1426067230356774,0.4724552039649256,0.6499359967661523,0.6934684436611961,0.2599489795918367,0.5720867208672087,0.7936779538904899,0.5000476917207173,0.360279471700426,0.2734620842845684,0.2281573161794642,0.1773440306550113
0.1260053619302949,0.4459588257720167,0.6421208650542343,0.7177001872452913,0.2579931972789115,0.5542908762420957,0.7844920749279539,0.4911293399465853,0.3531088162289707,0.266057876226322,0.2186711179871346,0.1651897976290264
0.1188904928851309,0.4355699580632863,0.6394933638752274,0.7273928846789294,0.2568027210884354,0.5476061427280939,0.7749459654178674,0.4829740557039298,0.3475316397511722,0.2601036589128155,0.2132155361941209,0.1577655370614297
0.125386677665498,0.4421463972550514,0.6398302230007411,0.7202335058927194,0.2591836734693877,0.5509485094850949,0.7751260806916427,0.4816863792445632,0.3468268317347471,0.2598568519775406,0.2135005292728605,0.1595018560651419
0.1337389152402557,0.4510102935569957,0.640638684901974,0.7106509527481,0.2621598639455782,0.5556458897922313,0.7753061959654179,0.4840709652804273,0.3486348175160114,0.2627568334670204,0.2174904323752137,0.1655490360435876
0.1272427304598886,0.4486275257338925,0.6431988142558782,0.7154973014649191,0.2578231292517006,0.5562782294489612,0.7678314121037465,0.4828786722624952,0.3479300094995863,0.2632504473375702,0.2181011318296555,0.1666866243563645
0.1131161064136935,0.4397636294319481,0.6461631745603987,0.7281638947020597,0.2501700680272108,0.5540198735320686,0.7535122478386167,0.4747233880198398,0.3435785860938314,0.259548343308447,0.2125641234427163,0.1575859178541492
0.107960404207053,0.4408120472741135,0.6502728558916661,0.7302566361934133,0.2454081632653061,0.5573622402890696,0.746307636887608,0.4716711178939337,0.3429657095578096,0.2590238785709878,0.2106505984854653,0.1536342952939767
0.1207465456795215,0.4605413648494089,0.6558647173751937,0.7119726842163233,0.2471938775510204,0.5704607046070461,0.7590958213256486,0.4799694772987409,0.3497379952808507,0.2648238415499476,0.2176125722661021,0.1618967788288827
0.1322953186223963,0.4762676324818908,0.659435424105639,0.6967727723317546,0.2496598639455782,0.5803071364046973,0.7765670028818444,0.4906047310186952,0.3574602396347256,0.2724131548096501,0.2259995114404364,0.1735720273021194
0.1304392658280057,0.4740754860846358,0.6590985649801253,0.6989756581121268,0.2491496598639455,0.5790424570912376,0.7804394812680115,0.4947539107210988,0.3607084852756412,0.2754365397667674,0.2290530087126455,0.1769249191713567
0.1247679934007011,0.4681662218833396,0.6586269622044061,0.7054741711642251,0.2471088435374149,0.575880758807588,0.7727845821325648,0.4919877909194964,0.3586553488799681,0.2741099524896649,0.2255923784708085,0.1714165968147527
0.1257991338420293,0.470644300419367,0.6597049114060499,0.7034915739618901,0.2468537414965986,0.5777777777777777,0.7680115273775218,0.4913201068294544,0.3585327735727638,0.2735854877522058,0.2240859864831854,0.1685426894982636
0.1360074242111775,0.478459778879146,0.6585595903793033,0.6934684436611961,0.2517857142857143,0.5807588075880759,0.7804394812680115,0.4999046165585654,0.363006772285723,0.2775343987166039,0.2284015959612409,0.173631900371213
0.1404413281088884,0.487133053755242,0.661793437984235,0.6861989205859675,0.2516156462585034,0.5869918699186992,0.7943083573487032,0.5069629912247234,0.3674807709986823,0.2816684148824582,0.2342235974269196,0.1813555262842773
0.1374510208290369,0.4882767823103316,0.6645556828134473,0.6870800748981165,0.2485544217687074,0.5893405600722674,0.7934978386167147,0.5059137733689432,0.3670824012502682,0.2816992657493676,0.2348342968813614,0.1802778110405939
0.128686327077748,0.4776972931757529,0.6627366435356734,0.6978742152219407,0.2460884353741496,0.583107497741644,0.778728386167147,0.4958985120183136,0.3617810192136794,0.2770407848460542,0.2281166028825014,0.1719554544365944
0.1269333883274901,0.4730270682424703,0.6606481169574883,0.7015089767595549,0.2467687074829931,0.5795844625112918,0.7722442363112392,0.49174933231591,0.359635951337603,0.2747269698278522,0.2243709795619249,0.1677643396000478
0.1338420292843885,0.4775066717499046,0.6593006804554334,0.6952307522854939,0.2504251700680271,0.5807588075880759,0.7835014409221902,0.4961846623426173,0.3610455673704532,0.2767939779107793,0.2269359172705805,0.170997485331098
0.1376572489173025,0.4779832253145252,0.657077410227043,0.692917722216103,0.2534013605442176,0.5794941282746161,0.7920569164265131,0.5000953834414346,0.3630680599393252,0.2791077929289813,0.2304372608093803,0.1775236498622919
0.1299236956073417,0.4686427754479602,0.6555952300747827,0.7025002753607226,0.2511054421768707,0.5740740740740741,0.7844020172910664,0.4958985120183136,0.3612294303312598,0.2762078114395015,0.227994462991613,0.1744102502694287
0.1201278614147246,0.4520587113991612,0.6502728558916661,0.7172596100892168,0.2505102040816326,0.5626016260162602,0.769092219020173,0.4874093857306371,0.3551006649710416,0.2707163571296354,0.2206253562413484,0.1648305592144653
0.1173437822231387,0.4455775829203201,0.6475106110624537,0.7225465359621104,0.2510204081632653,0.5577235772357724,0.7656700288184438,0.4829740557039298,0.3520669261177336,0.2671376565681496,0.2177347121569904,0.161357921207041
0.1245617653124355,0.4543461685093403,0.648992791214714,0.7136248485516026,0.2530612244897959,0.5628726287262872,0.7738652737752162,0.4860263258298359,0.3543958569546165,0.2692972172518048,0.2216024753684553,0.1672853550472997
0.1304392658280057,0.4621616469691192,0.6506770868422825,0.7059147483202995,0.2545068027210884,0.5676603432700993,0.7844020172910664,0.4921785578023655,0.3585634173995649,0.2735237860183871,0.2272616236462828,0.1750688540294575
0.1254897917096308,0.4560617613419748,0.6495991376406386,0.712082828505342,0.2530612244897959,0.564137308039747,0.7815201729106629,0.490413964135826,0.3562957742162841,0.2722897513420127,0.2260402247373992,0.1731529158184648
0.1151783872963497,0.443290125810141,0.6473084955871454,0.7249697103205198,0.2503401360544217,0.5564588979223125,0.7681015850144093,0.4814002289202594,0.3496767076272485,0.2664280866292343,0.2189968243628369,0.1635133516944078
0.1138379047226232,0.4381433473122378,0.6445462507579329,0.7287146161471528,0.2515306122448979,0.5522131887985546,0.7594560518731989,0.4753433803891644,0.3453865718750958,0.2624174739310175,0.215129061151372,0.1580649024068973
0.1273458445040214,0.4458635150590925,0.6412450313278986,0.7170393215111797,0.2591836734693877,0.5536585365853658,0.7613472622478387,0.476106447920641,0.3459994484111175,0.2638057629419387,0.2177347121569904,0.1639324631780624
0.1352856259022478,0.4568242470453678,0.6436704170315973,0.706355325476374,0.2608843537414965,0.560523938572719,0.7613472622478387,0.4772510492178557,0.3472252014831612,0.2655334114888628,0.2216024753684553,0.1689019279128248
0.1266240461950917,0.4528211971025542,0.6465674055110152,0.7134045599735653,0.2554421768707482,0.560523938572719,0.7523414985590778,0.4723864937046929,0.3447124076854718,0.2634664034059357,0.2201775099747577,0.1672853550472997
0.1145597030315529,0.4386199008768585,0.6444115071077275,0.7279436061240225,0.2518707482993197,0.552393857271906,0.7389229106628243,0.4622758489126287,0.3382772040572427,0.257666440426976,0.2125641234427163,0.1581846485450844
0.1110538255310373,0.4354746473503621,0.6445462507579329,0.7316885119506553,0.2503401360544217,0.5509485094850949,0.7319884726224785,0.4575543685616177,0.3349983145895259,0.2544579502684025,0.2088185001221398,0.153095437672135
0.1242524231800371,0.447674418604651,0.6445462507579329,0.7175900429562727,0.25578231292517,0.5567299006323396,0.7453170028818444,0.4636112170927127,0.3387675052860601,0.2581292034306164,0.2133376760850093,0.1589031253742066
0.1343575995050525,0.4603507434235607,0.6468368928114263,0.7048133054301134,0.2585034013605442,0.5642276422764227,0.7644092219020174,0.4741987790919496,0.3447124076854718,0.2638983155426668,0.2205439296474228,0.1674649742545802
0.1301299236956073,0.4645444147922226,0.6525634979451593,0.7047031611410948,0.2531462585034013,0.5700993676603433,0.7708933717579252,0.4779187333078977,0.3478074341923819,0.2663972357623249,0.2229867274651901,0.1693210393964794
0.1144565889874201,0.4594929470072435,0.659165936805228,0.7160480229100121,0.2425170068027211,0.5721770551038844,0.7646793948126802,0.4738649370469286,0.3450188459534827,0.2636206577404825,0.2182639850175066,0.162615255658005
0.1126005361930295,0.4629241326725123,0.6628713871858789,0.714946580019826,0.2394557823129251,0.5762420957542909,0.7623378962536024,0.4724818771461274,0.3437318052278368,0.2617696057259209,0.2150069212604836,0.1587235061669261
0.1250773355330996,0.4797941288600838,0.6665768375665296,0.698645225245071,0.2421768707482993,0.5867208672086721,0.7723342939481269,0.4775848912628768,0.3479912971531885,0.2654408588881348,0.2191189642537252,0.1653095437672135
0.1354918539905135,0.493614182234083,0.669608569696153,0.6849873334067628,0.2446428571428571,0.5953026196928636,0.7808897694524496,0.4842617321632964,0.3528943094413631,0.269914234589992,0.2244931194528132,0.1730930427493713
0.1271396164157558,0.4947579107891727,0.6758067776056054,0.6888423835224142,0.2372448979591836,0.6,0.779178674351585,0.4834032811903854,0.3530168847485674,0.2698525328561733,0.2235567136226691,0.1719554544365944
0.1136316766343576,0.4853221502096835,0.677962676008893,0.7015089767595549,0.2303571428571428,0.5969286359530263,0.7667507204610953,0.474771079740557,0.3475622835779732,0.2648855432837663,0.2172054392964742,0.1620165249670698
0.1105382553103732,0.4837018680899732,0.6789058815603314,0.7040422954069832,0.2284013605442176,0.5968383017163505,0.7611671469740634,0.4707172834795879,0.3450494897802837,0.2622323687295613,0.2144776483999674,0.1569273140941204
0.1221901422973809,0.4967594357605794,0.6805228053627972,0.6903844035686748,0.2322278911564625,0.6040650406504066,0.7712536023054756,0.4753910721098817,0.3476848588851776,0.2654717097550442,0.2184268382053578,0.1623757633816309
0.1301299236956073,0.5016202821197101,0.678771137910126,0.683225024782465,0.2366496598639455,0.6052393857271906,0.7800792507204611,0.4807325448302175,0.3500137897220605,0.2686801999136176,0.222620307792525,0.1684828164291701
0.1246648793565683,0.491422035836828,0.6751330593545778,0.6921467121929727,0.2366496598639455,0.5980126467931346,0.7769272334293948,0.4802556276230447,0.3497686391076517,0.2677546739063368,0.2219281817441576,0.1678242126691414
0.1108475974427717,0.4715974075486084,0.670147544296975,0.7108712413261372,0.2340986394557823,0.585275519421861,0.7653097982708934,0.473769553605494,0.345478503355499,0.2627568334670204,0.2150476345574464,0.1596216022033289
0.1061043514126624,0.4543461685093403,0.6611197197332075,0.7234276902742591,0.2378401360544217,0.5710027100271003,0.7623378962536024,0.4699065242273941,0.3421996138877823,0.2592706855062627,0.2106913117824281,0.1546521374685666
0.1160032996494122,0.4524399542508577,0.6532372161961867,0.7192422072915519,0.2468537414965986,0.5648599819331527,0.7659402017291067,0.4719572682182373,0.3420463947537769,0.2588079225026223,0.2108541649702792,0.1556699796431565
0.1213652299443184,0.4581585970263057,0.6537761907970087,0.7130741271065095,0.2487244897959183,0.5679313459801265,0.7730547550432276,0.4758679893170546,0.3437011614010358,0.2614919479237367,0.2150883478544092,0.1614177942761346
0.1130129923695607,0.4530118185284025,0.6555952300747827,0.7205639387597752,0.2442176870748299,0.5666666666666667,0.764499279538905,0.470049599389546,0.3409738608157387,0.2590855803048066,0.2127676899275303,0.1583043946832714
0.1002268508970921,0.446149447197865,0.6590985649801253,0.7312479347945808,0.2366496598639455,0.5657633242999097,0.7452269452449568,0.4593189622281572,0.3350596022431281,0.2528228543222064,0.2053171565833401,0.1486049574901209
0.0985770261909672,0.4458635150590925,0.6600417705315637,0.732349377684767,0.2353741496598639,0.566305329719964,0.7334293948126802,0.4532144219763449,0.3308307541445776,0.2494601098290862,0.2018972396384659,0.1443539695844808
0.1110538255310373,0.4514868471216164,0.655797345550091,0.7224363916730917,0.24328231292517,0.5660343270099367,0.7390129682997119,0.4585082029759634,0.3338338491710845,0.2523292404516567,0.2057650028499307,0.1507603879774877
0.1256960197978964,0.4538696149447197,0.6479148420130701,0.7131842713955281,0.2542517006802721,0.5618789521228545,0.7465778097982709,0.4645650515070584,0.3381852725768394,0.2562164496822361,0.2107320250793909,0.1580649024068973
0.121571458032584,0.4443385436523064,0.6438725325069056,0.7208943716268311,0.2551020408163265,0.5547425474254742,0.7419848703170029,0.4628481495612361,0.3374498207336132,0.2549824150058617,0.20955133946747,0.1569273140941204
0.1100226850897092,0.4298513152878383,0.6411776595027959,0.7354334177772882,0.2520408163265306,0.5460704607046071,0.725864553314121,0.4540251812285387,0.3312904115465939,0.2487813907570802,0.2027522188746844,0.1480062267991857
0.1047638688389358,0.4230842546702249,0.6398302230007411,0.7422623636964424,0.2507653061224489,0.5419150858175248,0.7183897694524496,0.4486360167874857,0.3278583029448718,0.2454494971308694,0.1983958960996661,0.1427373967189558
0.1149721592080841,0.433949675943576,0.6407734285521793,0.7304769247714505,0.2543367346938775,0.5476964769647696,0.7279358789625361,0.4539774895078214,0.3317807127754114,0.2493367063614487,0.203403631626089,0.1499221650101784
0.127036502371623,0.4466260007624856,0.641918749578926,0.7167088886441237,0.2585884353741496,0.5544715447154471,0.7418047550432276,0.4621327737504769,0.3367450127171881,0.2543653976676745,0.2095920527644328,0.1574062986468686
0.1245617653124355,0.4441479222264582,0.6417840059287205,0.7194624958695891,0.2576530612244898,0.5532068654019874,0.7447766570605188,0.4623712323540633,0.3368369441975914,0.2551058184734991,0.210324892109763,0.1580050293378038
0.1130129923695607,0.4336637438048036,0.641918749578926,0.7316885119506553,0.2528061224489795,0.5483288166214996,0.7400036023054756,0.4585082029759634,0.3348450954555205,0.2529771086567532,0.2061721358195586,0.1520775954975452
0.1099195710455764,0.4341402973694243,0.6442767634575219,0.7330102434188787,0.2500850340136054,0.5501355013550135,0.7476585014409223,0.460797405570393,0.3356418349523489,0.253470722527303,0.2060092826317075,0.150341276493833
0.1185811507527325,0.4471025543271062,0.6477800983628647,0.7208943716268311,0.2514455782312925,0.5586269196025294,0.7675612391930836,0.4730541777947348,0.3433334354794227,0.2603813167149997,0.2139483755394511,0.1588432523051131
0.1294081253866776,0.4584445291650781,0.6487233039143029,0.7085582112567462,0.2552721088435374,0.5645889792231256,0.7851224783861672,0.4835940480732545,0.3505960224312812,0.2671068057012402,0.2217246152593436,0.1677044665309543
0.1261084759744277,0.4579679756004574,0.650542343192077,0.7106509527481,0.2527210884353741,0.565672990063234,0.7905259365994236,0.4862170927127051,0.352189501424938,0.2679397791077929,0.2220096083380832,0.1678242126691414
0.1164157558259434,0.451963400686237,0.6526308697702621,0.7192422072915519,0.2474489795918367,0.564137308039747,0.7802593659942364,0.4799217855780237,0.3492170502252322,0.2641451224779416,0.2171240127025486,0.1611184289306669
0.1159001856052794,0.4557758292032023,0.6556626018998855,0.7173697543782355,0.2453231292517006,0.5680216802168022,0.775756484149856,0.4771556657764212,0.3469494070419515,0.2631578947368421,0.215902613793665,0.1591426176505807
0.1294081253866776,0.4732176896683186,0.659165936805228,0.700077101002313,0.2486394557823129,0.5786811201445348,0.7845821325648414,0.4834986646318199,0.3504734471240769,0.2678780773739743,0.2220503216350459,0.1680038318764219
0.138482161270365,0.4812237895539458,0.6588964495048171,0.6906046921467122,0.2525510204081632,0.5822944896115628,0.7916966858789626,0.4879816863792446,0.3532926791897772,0.2710557166656383,0.2263252178161387,0.1747694886839899
0.1344607135491854,0.4743614182234082,0.6566731792764265,0.6966626280427359,0.2522959183673469,0.5775067750677507,0.7862031700288185,0.4849771079740557,0.3508105292188889,0.2691738137841673,0.223963846592297,0.1717159621602203
0.1193029490616622,0.4614944719786503,0.6574816411776595,0.7123031170833791,0.2455782312925169,0.5719060523938573,0.7743155619596542,0.4772987409385731,0.3456930101431067,0.2637132103412106,0.2173275791873626,0.1632738594180337
0.1113631676634357,0.4580632863133815,0.660176514181769,0.7184711972684216,0.2406462585034013,0.5720867208672087,0.7716138328530259,0.473578786722625,0.3430576410382129,0.2603504658480903,0.2128491165214559,0.1577056639923362
0.1157970715611466,0.4647350362180709,0.6619955534595432,0.7123031170833791,0.2413265306122448,0.576513098464318,0.7844020172910664,0.4781571919114841,0.3461833113719241,0.2631270438699327,0.2150069212604836,0.1609986827924799
0.1211590018560528,0.4696911932901257,0.6620629252846458,0.7064654697653926,0.2434523809523809,0.5789521228545619,0.7970100864553314,0.4839755818389927,0.3492170502252322,0.2664280866292343,0.2194446706294275,0.1672254819782062
0.1151783872963497,0.4631147540983605,0.6613892070336185,0.7135147042625839,0.2414115646258503,0.5753387533875338,0.786563400576369,0.4792541014879817,0.3468881193883493,0.2648546924168569,0.2177347121569904,0.1643515746617171
0.1045576407506702,0.4496759435760579,0.6587617058546116,0.7269523075228549,0.2386904761904761,0.5672086720867209,0.7590958213256486,0.4660434948492942,0.3400239021849049,0.2580366508298883,0.2098770458431723,0.155610106574063
0.0988863683233656,0.4430041936713686,0.6577511284780704,0.733781253442009,0.2369897959183673,0.5634146341463415,0.7447766570605188,0.458937428462419,0.3360095608739619,0.2542728450669464,0.2062128491165214,0.1505807687702071
0.1102289131779748,0.4517727792603888,0.6565384356262212,0.7227668245401476,0.2424319727891156,0.5666666666666667,0.7502701729106629,0.4619420068676078,0.3378788343088285,0.2559079410131425,0.2089406400130282,0.155610106574063
0.1196122911940606,0.4560617613419748,0.6534393316714949,0.7151668685978632,0.2482993197278911,0.5666666666666667,0.7549531700288185,0.4663773368943152,0.3408512855085343,0.2586228173011662,0.2131748228971581,0.1618369057597892
0.1174468962672716,0.4441479222264582,0.6464326618608097,0.7233175459852407,0.2517857142857143,0.5563685636856368,0.744506484149856,0.4651850438763831,0.3394723133024852,0.2579749490960696,0.2125641234427163,0.1611184289306669
0.1075479480305217,0.4292794510102935,0.6423903523546453,0.7371957264015859,0.2502551020408163,0.5465221318879855,0.72703530259366,0.4563620755436856,0.3338951368246867,0.2535324242611217,0.2064571288982981,0.1526763261884804
0.1088884306042483,0.4301372474266106,0.6421208650542343,0.7358739949333626,0.2509353741496598,0.5467931345980126,0.7202809798270894,0.451879053796261,0.3322710140042289,0.2514654161781946,0.2034443449230518,0.1492635612501497
0.1167250979583419,0.4391917651544033,0.6433335579060837,0.7265117303667804,0.2534013605442176,0.5518518518518518,0.7302773775216139,0.4573159099580313,0.3349676707627249,0.2531313629913,0.2074749613223678,0.1535744222248832
0.1207465456795215,0.4433854365230651,0.6437377888567001,0.7218856702279987,0.2548469387755102,0.55420054200542,0.7453170028818444,0.4646127432277757,0.3391352312076732,0.2572653791571543,0.2122791303639768,0.159741348341516
0.1156939575170138,0.4369996187571482,0.6425924678299535,0.7283841832800969,0.2534863945578231,0.550316169828365,0.7447766570605188,0.46365890881343,0.3383384917108449,0.2561855988153267,0.2108134516733164,0.1571668063704945
0.1028047020004124,0.427468547464735,0.6442093916324193,0.7407203436501817,0.2471088435374149,0.5468834688346884,0.7360410662824207,0.4581743609309424,0.3339564244782889,0.252606898253841,0.2050728768015634,0.1472278769009699
0.1044545267065374,0.4319481509721691,0.6463652900357071,0.7373058706906047,0.2464285714285714,0.5504968383017164,0.7357708933717579,0.4566959175887066,0.3341096436122943,0.2527303017214784,0.2048285970197866,0.146090288588193
0.1136316766343576,0.4478650400304994,0.6515529205686181,0.7230972574072034,0.2470238095238095,0.5615176151761517,0.7505403458213257,0.4647081266692102,0.3392271626880765,0.2574813352255198,0.2105691718915397,0.1532750568794156
0.1193029490616622,0.4623522683949675,0.6580879876035841,0.7117523956382861,0.2451530612244898,0.5727190605239386,0.7656700288184438,0.474103395650515,0.3445898323782674,0.2620781143950145,0.2166761664359579,0.1604598251706382
0.1117756238399669,0.4598741898589401,0.661254463383413,0.7172596100892168,0.2401360544217687,0.5737127371273713,0.7663904899135447,0.4738172453262114,0.3453865718750958,0.2625408773986549,0.2175311456721765,0.159741348341516
0.1032171581769437,0.4543461685093403,0.6629387590109815,0.7249697103205198,0.2355442176870748,0.5721770551038844,0.7548631123919309,0.4686188477680275,0.341770600312567,0.2588387733695317,0.213011969709307,0.1527960723266674
0.104145184574139,0.4650209683568432,0.6699454288216667,0.7182509086903843,0.2314625850340135,0.58193315266486,0.7497298270893373,0.4666157954979016,0.341402874390954,0.2584685629666193,0.212238417067014,0.152975691533948
0.1174468962672716,0.4819862752573388,0.6731792764265984,0.7013988324705365,0.2348639455782313,0.5922312556458899,0.7603566282420751,0.4719572682182373,0.3454172157018969,0.2618313074597397,0.2172868658903997,0.1598012214106095
0.1303361517838729,0.4881814715974075,0.6691369669204339,0.690935125013768,0.2427721088435373,0.5924119241192412,0.7708933717579252,0.4784910339565051,0.3490331872644256,0.2663046831615969,0.2228645875743017,0.1679439588073284
0.1247679934007011,0.477792603888677,0.665431516539783,0.6998568124242758,0.2427721088435373,0.5850045167118337,0.7726044668587897,0.479301793208699,0.3482058039407961,0.2657493675572284,0.2224574546046739,0.166746497425458
0.1128067642812951,0.4574914220358367,0.6588964495048171,0.7180306201123471,0.2420068027210884,0.5710027100271003,0.7676512968299712,0.4750572300648608,0.3446817638586707,0.2618930091935583,0.2172054392964742,0.1590228715123937
0.1146628170756857,0.4517727792603888,0.6535740753217004,0.7203436501817381,0.246173469387755,0.5646793134598013,0.7716138328530259,0.4732926363983212,0.3423834768485889,0.2598568519775406,0.2145997882908557,0.1550712489522213
0.1244586512683027,0.4597788791460159,0.6529003570706731,0.7104306641700626,0.250595238095238,0.5681120144534779,0.7829610951008646,0.4778233498664632,0.3450188459534827,0.262201517862652,0.2176532855630649,0.1608190635851993
0.1320890905341307,0.4656881433473122,0.6520918951694401,0.7030509968058156,0.2542517006802721,0.5702800361336947,0.7901657060518733,0.4813048454788248,0.3475622835779732,0.2651323502190412,0.2216024753684553,0.166866243563645
0.1241493091359043,0.4559664506290506,0.6504075995418716,0.7128538385284723,0.2520408163265306,0.5645889792231256,0.7809798270893371,0.4766310568485311,0.3440075996690467,0.2618930091935583,0.2177754254539532,0.1623757633816309
0.1064136935450608,0.4391917651544033,0.6501381122414606,0.7320189448177111,0.2448979591836734,0.5564588979223125,0.765850144092219,0.4659004196871423,0.3364692182759783,0.2552909236749553,0.208411367152512,0.1513591186684229
0.1015673334708187,0.439001143728555,0.6531698443710839,0.7346624077541579,0.2409863945578231,0.558446251129178,0.7552233429394812,0.4588420450209844,0.3337725615174823,0.2527920034552972,0.2054392964742284,0.1472877499700634
0.1156939575170138,0.453393061380099,0.6541804217476251,0.7188016301354774,0.246173469387755,0.5658536585365853,0.7565742074927955,0.4628481495612361,0.338032053442834,0.256895168754242,0.2105691718915397,0.1551311220213148
0.124871107444834,0.4609226077011055,0.6534393316714949,0.7096596541469324,0.2504251700680271,0.5689250225835591,0.7632384726224785,0.4698111407859596,0.3429044219042074,0.2613685444560992,0.2166354531389951,0.1635133516944078
0.1171375541348731,0.4507243614182233,0.6512834332682073,0.7196827844476263,0.2486394557823129,0.5626919602529359,0.757114553314121,0.46804654711942,0.3409738608157387,0.2603813167149997,0.2143962218060418,0.1589031253742066
0.1110538255310373,0.435379336637438,0.6444115071077275,0.7317986562396739,0.2504251700680271,0.5508581752484192,0.7394632564841499,0.4621804654711943,0.3362853553151718,0.256123897081508,0.2086963602312515,0.1507603879774877
0.1135285625902247,0.4352840259245139,0.642727211480159,0.7304769247714505,0.2525510204081632,0.5495934959349593,0.7286563400576369,0.4602727966425028,0.3353966843379402,0.255352625408774,0.2082485139646608,0.1498622919410848
0.1256960197978964,0.4495806328631337,0.6448831098834468,0.7157175900429563,0.2561224489795918,0.5579042457091238,0.7371217579250721,0.4671404044257917,0.3402996966261147,0.2597334485099031,0.2143962218060418,0.1584241408214584
0.1316766343575995,0.4579679756004574,0.6469716364616318,0.7076770569445974,0.257312925170068,0.5632339656729901,0.7462175792507205,0.4713372758489126,0.3433027916526216,0.2627568334670204,0.2187118312840973,0.1641719554544365
0.123221282738709,0.4466260007624856,0.6443441352826248,0.7188016301354774,0.2554421768707482,0.5560975609756098,0.7427053314121038,0.4685711560473102,0.3410964361229431,0.261090886653915,0.215129061151372,0.159741348341516
0.1096102289131779,0.4334731223789553,0.6440072761571111,0.7335609648639717,0.2500850340136054,0.549683830171635,0.733699567723343,0.4634204502098435,0.3371433824656023,0.256895168754242,0.2095106261705072,0.1516584840138905
0.1078572901629202,0.4366183759054517,0.6473758674122482,0.7326798105518229,0.2472789115646258,0.5533875338753388,0.7337896253602306,0.4628958412819535,0.3364692182759783,0.255784537545505,0.2078006676980701,0.1486648305592144
0.1189936069292637,0.4495806328631337,0.649262278515125,0.7192422072915519,0.2506802721088435,0.5607949412827462,0.747928674351585,0.4698588325066768,0.341739956485766,0.2602579132473623,0.2137040957576744,0.1559693449886241
0.1255929057537636,0.4613991612657261,0.6532372161961867,0.7088886441238021,0.2508503401360544,0.5691056910569106,0.7637788184438041,0.4773941243800076,0.3472252014831612,0.2661504288270501,0.2211546291018646,0.1659082744581487
0.1164157558259434,0.4626382005337399,0.660176514181769,0.7131842713955281,0.2426870748299319,0.5742547425474255,0.7645893371757925,0.4756772224341854,0.3459994484111175,0.2651632010859505,0.2198925168960182,0.1638127170398754
0.0990925964116312,0.4599695005718642,0.6695411978710503,0.7238682674303337,0.2296768707482993,0.5793134598012647,0.753692363112392,0.4638496756962991,0.3406674225477278,0.2598877028444499,0.2128898298184186,0.1532750568794156
0.0911528150134048,0.4755051467784978,0.6857104358957083,0.7192422072915519,0.216156462585034,0.5975609756097561,0.754592939481268,0.4590328119038535,0.3390739435540711,0.2599185537113593,0.210324892109763,0.1466890192791282
0.0962054031759125,0.4945672893633244,0.6959509533113252,0.7054741711642251,0.211734693877551,0.6134598012646794,0.7693623919308358,0.4642312094620374,0.3423834768485889,0.2649163941506757,0.2148440680726325,0.1516584840138905
0.0864095689832955,0.5222073961113228,0.7218891059758807,0.6946800308404009,0.1913265306122449,0.6439024390243903,0.7806195965417868,0.4603681800839374,0.3457236539699078,0.2702227432590856,0.2200146567869066,0.1541731529158184
0.0627964528768818,0.534502478078536,0.7460082193626625,0.7001872452913316,0.1664115646258503,0.6659439927732611,0.7961095100864555,0.4554559328500572,0.3489412557840223,0.2758376010365891,0.2216024753684553,0.1477068614537181
0.0704268921427098,0.5253526496378191,0.7344876372700936,0.7015089767595549,0.1768707482993197,0.6538392050587172,0.8315021613832854,0.4877432277756581,0.3811479177519689,0.3090331338310607,0.2494096571940395,0.1663273859418033
0.1453908022272633,0.5376477316050323,0.6942666576837566,0.6542570767705694,0.2331632653061224,0.6327009936766034,0.8851765129682998,0.5728252575352919,0.4656023044157755,0.4020176466958722,0.3370246722579594,0.2484133636690216
0.2810888843060425,0.5561380099123141,0.6186754699184801,0.5710981385615155,0.3368197278911564,0.5907859078590786,0.9110230547550432,0.6707363601678749,0.5826923666227439,0.5397359165792559,0.4693428873870205,0.3809723386420787
0.4561765312435554,0.5732939382386579,0.5164050394125177,0.4677827954620552,0.473469387755102,0.5303523035230352,0.8673451008645534,0.7719381915299504,0.7246345723653972,0.7033072129326835,0.6249083950818337,0.5426296251945875
0.6288925551660135,0.5935951200914982,0.4179074311123087,0.3636964423394646,0.6068877551020407,0.4739837398373984,0.7709834293948127,0.8523464326592903,0.8480372628933903,0.8472265070648486,0.7650842765247129,0.6956053167285354
0.7832542792328314,0.6323865802516202,0.34447214175032,0.2589492234827624,0.7168367346938774,0.4430894308943089,0.6304034582132565,0.8815814574589852,0.903870315324978,0.917257974949096,0.8557527888608419,0.8164890432283558
0.9338007836667354,0.6626953869614944,0.2675335174829886,0.1609208062561956,0.8275510204081631,0.4058717253839205,0.4452449567723344,0.8581648225867989,0.9056783011062424,0.9194792373665702,0.8963439459327417,0.9096515387378756
0.9573107857290164,0.620091498284407,0.2220575355386377,0.1730366780482431,0.8659013605442175,0.3551942186088527,0.3373559077809798,0.7748950782144219,0.8401311555787088,0.8396680446720552,0.839793176451429,0.8921686025625674
0.8078985357805734,0.5069576820434616,0.2397089537155561,0.3182068509747769,0.7931122448979591,0.3134598012646793,0.2306376080691642,0.5377241510873713,0.6103943860509301,0.6289874745480349,0.6558505007735526,0.7290144892827205
0.5479480305217571,0.4493900114372854,0.3688607424375126,0.4902522304218526,0.6045068027210885,0.3727190605239385,0.1130223342939481,0.2279187333078977,0.284466644194527,0.3322638366138089,0.3870206009282632,0.4653933660639444
0.3279026603423386,0.462733511246664,0.522064272721148,0.6001762308624298,0.4170918367346938,0.4817524841915085,0.0606988472622478,0.0478347958794353,0.0682438022860294,0.1086567532547665,0.1617132155361941,0.2268590587953538
0.2787172612909878,0.4552039649256575,0.5488782591120394,0.630686198920586,0.3798469387755102,0.4962059620596206,0.1390489913544668,0.1056848531095002,0.0862623724450709,0.0969025729623002,0.126577640257308,0.1705783738474434
0.2679934007011755,0.4593976362943194,0.5588492892272452,0.634100671880163,0.3691326530612244,0.5047877145438121,0.3302413544668588,0.2613029378099962,0.196825299543407,0.1733510211636947,0.1769399886002768,0.1933301401029816
0.2276758094452464,0.4714067861227601,0.5936805228053628,0.6486397180306201,0.3305272108843537,0.5338753387533876,0.5116174351585016,0.3807706982067914,0.2798394263475623,0.2292836428703647,0.2120755638791629,0.1980002394922763
0.1838523406888018,0.4545367899351886,0.6103887354308427,0.6817931490252229,0.3019557823129251,0.5371273712737127,0.6171649855907781,0.4431037771842808,0.3227101400422885,0.2518356265811069,0.2159433270906277,0.1776433960004789
0.1604454526706537,0.4179374761723217,0.599878730714815,0.7154973014649191,0.2988945578231292,0.5126467931345979,0.6639949567723343,0.4608927890118275,0.3347225201483161,0.2547356080705868,0.2104470320006514,0.1637528439707819
0.1440503196535368,0.4113610369805565,0.605874823148959,0.7279436061240225,0.2883503401360544,0.5136404697380307,0.6955151296829971,0.4650896604349485,0.336377286795575,0.2531930647251188,0.2063349890074098,0.1573464255777751
0.1385852753144978,0.4241326725123903,0.6184733544431719,0.7235378345632779,0.2781462585034013,0.5280939476061428,0.7355007204610952,0.4743895459748188,0.3410964361229431,0.2544270994014932,0.2060499959286703,0.1576457909232427
0.1307486079604042,0.4270873046130384,0.6256821397291653,0.7259610089216874,0.2703231292517006,0.5343270099367661,0.7645893371757925,0.4820202212895841,0.3436705175742347,0.2549515641389523,0.2039329044866053,0.1550113758831277
0.1086822025159826,0.4117422798322531,0.6292528464596105,0.7466681352571869,0.2590136054421768,0.5294489611562783,0.7734149855907781,0.4816863792445632,0.3415560935249594,0.249614364163633,0.1971744971907825,0.1441743503772003
0.0896061043514126,0.3975409836065574,0.6316782321633092,0.7650622315232954,0.2496598639455782,0.5243902439024389,0.7715237752161384,0.4772033574971385,0.3371740262924034,0.2431665329795767,0.1881361452650435,0.1312417674529996
0.0876469375128892,0.3999237514296606,0.6347099642929326,0.7647317986562396,0.246938775510204,0.5274616079494129,0.7785482708933718,0.4790633346051125,0.3376030398676187,0.242333559573024,0.1850012213989088,0.1260926835109567
0.0967209733965766,0.4097407548608462,0.635653169844371,0.7542680911994712,0.2499999999999999,0.5327913279132792,0.8016030259365994,0.4897462800457841,0.3446817638586707,0.2468377861417906,0.1906603696767364,0.1319602442821219
0.1022891317797484,0.4127906976744185,0.6341709896921107,0.7495318867716709,0.2532312925170067,0.5332429990966576,0.8201548991354468,0.4997615413964136,0.3506879539116845,0.251496267045104,0.1962380913606383,0.1389055202969704
0.0913590431016704,0.4035455585207776,0.6347773361180354,0.7606564599625509,0.2483843537414965,0.5292682926829267,0.829520893371758,0.5004769172071728,0.3515459810621151,0.2506632936385513,0.1935103004641315,0.133816309424021
0.0780573314085378,0.3915364086923369,0.6349794515933436,0.7746447846679149,0.2427721088435373,0.5237579042457091,0.8315922190201729,0.4997138496756963,0.3496460638004474,0.2470537422101561,0.1877697255923784,0.1239971260926835
0.0791915858939987,0.3910598551277163,0.633834130566597,0.7744244960898777,0.2439625850340135,0.5226738934056007,0.8325828530259366,0.5006676840900419,0.3501363650292649,0.2466526809403344,0.1876068724045272,0.1241168722308705
0.0930088678077954,0.4011627906976743,0.632015091288823,0.7610970371186253,0.2508503401360544,0.5262872628726287,0.8437500000000001,0.5076306753147654,0.35421199399381,0.2511260566421917,0.1929403143066525,0.1325589749730571
0.0976489997937719,0.4022112085398398,0.6297244492353298,0.7580129970261041,0.2541666666666666,0.5252032520325203,0.855727665706052,0.5123044639450592,0.3561119112554776,0.2532239155920281,0.1953016855304942,0.1359118668422943
0.0850690864095689,0.3903926801372473,0.6295223337600215,0.7716708888644124,0.2490646258503401,0.5195121951219512,0.8511347262247838,0.507392216711179,0.3528023779609597,0.2490898994261739,0.190538229785848,0.1296251945874745
0.0667147865539286,0.3736179946626,0.629657077410227,0.7910562837316883,0.2414115646258503,0.5116531165311653,0.8353746397694525,0.4958508202975963,0.3458155854503111,0.24156228790029,0.1821512906115137,0.1175907076996766
0.068673953392452,0.3760960731986275,0.6301960520110489,0.7886331093732789,0.241921768707483,0.5131887985546523,0.8248378962536024,0.4901755055322396,0.3432108601722183,0.2391867711482693,0.1792606465271557,0.1132199736558496
0.0846566302330377,0.3928707586732748,0.6316108603382066,0.770349157396189,0.2476190476190476,0.5221318879855466,0.8240273775216139,0.4938954597481877,0.3465510372935372,0.2429814277781206,0.1847162283201693,0.1208238534307268
0.0906372447927407,0.4015440335493708,0.6337667587414942,0.7621984800088115,0.2487244897959183,0.5276422764227642,0.8225864553314122,0.4964231209462038,0.3482058039407961,0.244986734127229,0.1879732920771923,0.126691414201892
0.0825943493503815,0.3926801372474265,0.6328235531900558,0.7716708888644124,0.2460034013605442,0.5227642276422765,0.809978386167147,0.4909385730637162,0.3444059694174609,0.2412537792311964,0.1837391091930624,0.1219614417435037
0.0699113219220457,0.3800038124285169,0.6321498349390284,0.7856592135697763,0.2412414965986394,0.5163504968383018,0.7909762247838616,0.4821156047310186,0.3385223546716514,0.2355155179860554,0.1766957088185001,0.1120823853430726
0.0739327696432254,0.382958444529165,0.6316108603382066,0.7818041634541248,0.2431972789115646,0.5173441734417343,0.7831412103746399,0.481495612361694,0.3371127386388012,0.2342506324427716,0.1747414705642863,0.1112441623757633
0.0870282532480923,0.3989706443004193,0.6344404769925217,0.7656129529683885,0.2468537414965986,0.526829268292683,0.7880043227665707,0.4869324685234643,0.3409125731621365,0.2369655087307953,0.1788128002605651,0.1168123578014608
0.0881625077335533,0.4079298513152878,0.6399649666509466,0.7598854499394206,0.2437925170068027,0.5348690153568202,0.7953890489913544,0.4919400991987791,0.3440995311494499,0.2398037884864565,0.1826805634720299,0.1214824571907555
0.0788822437616003,0.4033549370949293,0.6427945833052616,0.7673752615926863,0.2381802721088435,0.5345980126467931,0.7954791066282422,0.492417016405952,0.3442221064566543,0.2387240081446289,0.1804413321390766,0.1174709615614896
0.0675396989069911,0.3946816622188333,0.6440746479822138,0.7784998347835664,0.2327380952380952,0.5312556458897922,0.7892651296829971,0.4869324685234643,0.3412496552569485,0.2349293515147776,0.1747414705642863,0.1096275895102383
0.0704268921427098,0.3930613800991231,0.6410429158525903,0.7778389690494547,0.2357993197278911,0.5285456187895212,0.7940381844380404,0.488220144982831,0.340422271933319,0.2333251064354909,0.1726650924191841,0.1078313974374326
0.0824912353062487,0.4033549370949293,0.6404365694266658,0.7655028086793699,0.2411564625850339,0.5329719963866305,0.8105187319884726,0.4982830980541778,0.3455397910091012,0.2364101931264269,0.1771435550850907,0.1133995928631301
0.0854815425861002,0.4061189477697293,0.6405039412517685,0.7623086242978302,0.2423469387755102,0.5343270099367661,0.8270893371757925,0.5078691339183518,0.349186406398431,0.2393718763497254,0.1803191922481882,0.1178900730451443
0.0771293050113425,0.3916317194052611,0.635653169844371,0.7751955061130079,0.2420068027210884,0.5242095754290876,0.8349243515850144,0.5093475772605875,0.3491251187448289,0.236934657863886,0.1767771354124257,0.1134594659322236
0.0644462775830067,0.3769538696149447,0.633564643266186,0.7903954179975768,0.2380102040816326,0.5158988256549232,0.8378061959654179,0.5094429607020221,0.3469494070419515,0.23239958042821,0.1698558749287517,0.1023829481499221
0.0652711899360692,0.3801944338543651,0.6353163107188573,0.7880823879281859,0.2373299319727891,0.5185185185185186,0.852485590778098,0.5159290347195727,0.3487880366500169,0.2319059665576603,0.1681052031593518,0.1004670099389294
0.078469787585069,0.3951582157834539,0.6372700936468368,0.7724418988875427,0.2414965986394557,0.5269196025293585,0.8749099423631124,0.5266596718809615,0.3556216100266601,0.2361325353242426,0.1731536519827375,0.1088492396120225
0.0840379459682408,0.3983987800228745,0.6359900289698848,0.767485405881705,0.2445578231292516,0.5276422764227642,0.8946325648414987,0.5382487600152613,0.360984279716851,0.2397420867526377,0.1771842683820535,0.1147168003831876
0.0743452258197566,0.3877239801753716,0.6347099642929326,0.7788302676506222,0.2414115646258503,0.5217705510388437,0.9009365994236312,0.5415871804654713,0.3596053075108019,0.2359782809896958,0.1733165051705887,0.1096874625793318
0.0603217158176943,0.3712352268394967,0.6322172067641312,0.7959026324485075,0.2371598639455782,0.5121951219512195,0.9020172910662824,0.539870278519649,0.357245732847118,0.2306102301474671,0.1657031186385473,0.0999281523170877
0.0578469787585069,0.3610369805566145,0.6266253452806037,0.8030620112347174,0.2397108843537415,0.5037037037037037,0.9115634005763688,0.5445440671499429,0.3576747464223332,0.2284506694638119,0.1624053415845615,0.0963357681714764
0.07630439265828,0.371425848265345,0.6219093175234117,0.7873113779050556,0.2503401360544217,0.505420054200542,0.9307456772334296,0.5602823349866464,0.3644163883185732,0.2323378786943913,0.1673316505170588,0.104777870913663
0.0884718498659517,0.3739039268013724,0.6157111096139594,0.7792708448066967,0.2592687074829932,0.5024390243902439,0.9427233429394812,0.5690576115986264,0.3687678117243281,0.2343740359104091,0.1710365605406725,0.1113639085139504
0.0838317178799752,0.3631338162409454,0.6111971973320758,0.7880823879281859,0.2602040816326531,0.4943089430894308,0.939841498559078,0.5679130103014117,0.3672969080378758,0.2322761769605726,0.1687566159107564,0.1098670817866123
0.0790884718498659,0.3487418985894014,0.6041231556962877,0.79887652825201,0.2626700680272109,0.4827461607949412,0.9350684438040346,0.5671499427699352,0.3650905525081973,0.2282347133954464,0.1639524468691474,0.1055562208118788
0.0865126830274283,0.3415935951200914,0.594152125581082,0.7989866725410287,0.2720238095238095,0.4727190605239386,0.9393912103746398,0.5725391072109881,0.3662856617534398,0.22854322206454,0.1641153000569986,0.1071129206083103
0.1080635182511858,0.3502668699961875,0.5862022502189584,0.7824650291882365,0.2858843537414965,0.4714543812104787,0.95217939481268,0.5854158718046547,0.3743143443753256,0.2343740359104091,0.1721765328556306,0.1188480421506406
0.1190967209733965,0.3521730842546702,0.5802735296099171,0.775525938980064,0.2942176870748298,0.468383017163505,0.955421469740634,0.5960511255246089,0.3795544387583122,0.238137841673351,0.1773471215699047,0.1269907795473596
0.1123943081047638,0.3399733130003812,0.5760964764535471,0.7862099350148695,0.294047619047619,0.4598012646793134,0.9358789625360232,0.5920927127050745,0.3770722887874238,0.2352995619176899,0.1747414705642863,0.1245958567836187
0.1074448339863889,0.3310141059855127,0.5729973724988209,0.7940301795351911,0.294047619047619,0.4534778681120144,0.9104827089337176,0.5837943533002671,0.3733643857444918,0.2319368174245696,0.170181581304454,0.1210034726380074
0.119406063105795,0.339115516584064,0.5708414740955332,0.782905606344311,0.3002551020408163,0.4558265582655826,0.8919308357348703,0.5814097672644029,0.3750191523917507,0.2351144567162337,0.1739272046250305,0.1257334450963956
0.1436378634770055,0.3630385055280213,0.5719867951222798,0.7561405441127876,0.3095238095238095,0.4680216802168021,0.8794128242074928,0.5866081648225868,0.3821285202096038,0.2451409884617758,0.1871183128409738,0.1413004430607113
0.1595174262734584,0.3852459016393442,0.5773091693053964,0.7347725520431765,0.3127551020408163,0.4821138211382114,0.869506484149856,0.5896127432277757,0.3889927374130482,0.2566792126858765,0.200920120511359,0.1574062986468686
0.1599298824499897,0.394491040792985,0.5836421208650543,0.7292653375922459,0.3089285714285714,0.4906955736224028,0.8431195965417868,0.5795020984357115,0.3897894769098766,0.2625408773986549,0.2073935347284423,0.1632139863489402
0.1533305836254897,0.4025924513915363,0.59361315098026,0.7281638947020597,0.2999149659863945,0.5012646793134599,0.8170028818443805,0.5668637924456315,0.3874605460729936,0.2654100080212254,0.2102434655158374,0.1632139863489402
0.1579707156114663,0.4251810903545557,0.6066159132250892,0.712633549950435,0.2936224489795918,0.5206865401987353,0.8025936599423631,0.5586131247615415,0.3886250114914351,0.2711791201332758,0.2177347121569904,0.1703987546401628
0.1703444009074036,0.4532977506671749,0.6183386107929663,0.6897235378345633,0.2913265306122449,0.5418247515808491,0.8049351585014409,0.5579931323922167,0.3930377225507922,0.2808662923428149,0.2308036804820454,0.1828523530116153
0.1719942256135285,0.471311475409836,0.6299939365357408,0.6784888203546645,0.2846088435374149,0.5581752484191508,0.809077809798271,0.5550839374284624,0.3952134342536696,0.2881779478003332,0.2399641722986727,0.1910549634774278
0.1601361105382553,0.4715974075486084,0.6379438118978643,0.6845467562506884,0.2747448979591836,0.5636856368563685,0.7976404899135447,0.543733307897749,0.3901572028314896,0.2882705004010613,0.2389870531715658,0.1890192791282481
0.1430191792122087,0.463400686237133,0.6433335579060837,0.6984249366670338,0.2642857142857142,0.5634146341463415,0.780349423631124,0.5279950400610455,0.3814237121931787,0.2831801073610169,0.2333279048937382,0.1787211112441623
0.1405444421530212,0.4669271826153259,0.6475106110624537,0.6977640709329221,0.2606292517006802,0.5678410117434508,0.7768371757925072,0.5190766882869134,0.3786044801274784,0.2826556426235577,0.2323507857666313,0.1764459346186085
0.1470406269333883,0.4761723217689667,0.6497338812908442,0.688952527811433,0.2619047619047619,0.5737127371273713,0.7878242074927955,0.5205551316291492,0.37949315110471,0.2857715801814031,0.2370735282143148,0.181894383906119
0.1496184780367085,0.4770301181852839,0.6486559320892002,0.6870800748981165,0.2636904761904761,0.5733514001806685,0.7942182997118157,0.5228920259442962,0.3798915208531242,0.2874375269945086,0.2397606058138588,0.1848880373607951
0.1396164157558259,0.4663553183377811,0.6476453547126592,0.6985350809560523,0.2602040816326531,0.5676603432700993,0.786563400576369,0.5182659290347196,0.3767045628658107,0.2845066946381194,0.2358928426023939,0.1799784456951263
0.1274489585481542,0.4558711399161265,0.648184329313481,0.711201674193193,0.2547619047619047,0.5630532971996387,0.7755763688760807,0.5099198779091949,0.3719547697116416,0.2801567224038996,0.2296637081670873,0.1715363429529397
0.1272427304598886,0.4583492184521539,0.6500707404163578,0.7097697984359511,0.2534863945578231,0.5654923215898826,0.7774675792507205,0.5058660816482259,0.3699629209695707,0.279508854198803,0.2277501832098363,0.1693210393964794
0.1341513714167869,0.4656881433473122,0.6507444586673853,0.7018394096266107,0.2559523809523809,0.5694670280036134,0.7896253602305475,0.5099675696299123,0.3715870437900285,0.2817918183500957,0.2314958065304128,0.1740510118548676
0.1348731697257166,0.4672131147540983,0.6512834332682073,0.7006278224474061,0.2559523809523809,0.5704607046070461,0.8020533141210375,0.5118752384586036,0.3729353721692766,0.283365212562473,0.2338164644572917,0.1770446653095437
0.1238399670035058,0.4590163934426229,0.6527656134204676,0.7113118184822117,0.2504251700680271,0.5675700090334236,0.797550432276657,0.5062953071346814,0.3695645512211565,0.2804652310729931,0.2298672746519013,0.1715363429529397
0.1135285625902247,0.4448150972169271,0.6494643939904331,0.7249697103205198,0.2482993197278911,0.558717253839205,0.7969200288184438,0.5016692102251049,0.3657647166978213,0.2764854692416857,0.2240452731862225,0.1623757633816309
0.1131161064136935,0.4381433473122378,0.6450178535336522,0.7290450490142085,0.2509353741496598,0.5525745257452574,0.8106087896253603,0.5066291491797024,0.3665921000214507,0.2761769605725921,0.2232717205439296,0.1605795713088253
0.1256960197978964,0.44834159359512,0.6439399043320084,0.7164886000660866,0.2567176870748299,0.5566395663956639,0.8281700288184438,0.5161674933231591,0.3719241258848406,0.2812365027457272,0.2298672746519013,0.1695605316728535
0.1337389152402557,0.452630575676706,0.6417840059287205,0.7096596541469324,0.2613945578231292,0.5572719060523939,0.8302413544668589,0.517312094620374,0.3738546869733092,0.2839822299006602,0.2341014575360312,0.1765656807567956
0.128686327077748,0.4384292794510102,0.6350468234184464,0.7205639387597752,0.2636054421768707,0.5459801264679314,0.8168227665706053,0.5119229301793209,0.3704532221983881,0.2812982044795459,0.2316586597182639,0.1735720273021194
0.1180655805320684,0.4227983225314524,0.6309371420871791,0.7352131291992511,0.2618197278911564,0.5358626919602529,0.7984510086455332,0.5058183899275086,0.3663163055802409,0.2773184426482384,0.2269359172705805,0.1674051011854867
0.1206434316353887,0.4235608082348455,0.6297918210604324,0.7334508205749531,0.2636054421768707,0.5354110207768744,0.7936779538904899,0.5053891644410531,0.3663163055802409,0.2774109952489665,0.2264473577070271,0.1666866243563645
0.1359043101670447,0.4358558902020586,0.6285117563834804,0.7181407644013658,0.2707482993197279,0.5403794037940379,0.8012427953890491,0.5109214040442579,0.3701774277571784,0.2816375640155489,0.2320657926878918,0.1745898694767093
0.1424004949474118,0.4398589401448722,0.6270969480563229,0.7124132613723978,0.2743197278911564,0.5413730803974707,0.8002521613832854,0.5122567722243418,0.3712499616952165,0.2836120194977479,0.234915723475287,0.1788408573823494
0.1334295731078573,0.4317575295463209,0.6272316917065283,0.7218856702279987,0.2704931972789116,0.5375790424570912,0.7845821325648414,0.5066768409004198,0.3680017160543009,0.280280125871537,0.2305186874033059,0.1733924080948389
0.1268302742833573,0.4256576439191764,0.6272316917065283,0.72893490472519,0.2677721088435373,0.5346883468834688,0.7652197406340058,0.4974246470812666,0.3634051420341372,0.2758684519034985,0.2255109518768829,0.16524967069812
0.1340482573726541,0.4382386580251619,0.6314761166880011,0.71781033153431,0.2680272108843537,0.5435411020776875,0.7616174351585014,0.4972338801983976,0.363987374743358,0.2772875917813291,0.2278316098037618,0.1676445934618608
0.1462157145803258,0.4589210827296987,0.6380785555480698,0.6993060909791826,0.2688775510204081,0.5577235772357724,0.7682817002881845,0.5046737886302938,0.3691968252995434,0.2841056333682977,0.2356078495236544,0.177763142138666
0.148277995462982,0.4673084254670224,0.6426598396550561,0.6934684436611961,0.2668367346938775,0.564769647696477,0.7732348703170029,0.5090614269362839,0.3731498789568842,0.2884556056025175,0.2405748717531145,0.1836905759789247
0.1379665910497009,0.4614944719786503,0.6452873408340631,0.7022799867826852,0.260969387755102,0.5637759710930442,0.7635987031700289,0.503529187333079,0.3713418931756198,0.2866662553217746,0.2388241999837146,0.1805771763860615
0.1278614147246855,0.4542508577964163,0.6468368928114263,0.7118625399273047,0.2558673469387755,0.5613369467028003,0.7457672910662825,0.4936093094238841,0.3661630864462354,0.2807428888751774,0.2330021985180359,0.172254819782062
0.1362136522994431,0.465592832634388,0.6493296503402277,0.7008481110254433,0.2577380952380952,0.5684733514001806,0.7476585014409223,0.4958031285768791,0.3672049765574725,0.2816992657493676,0.2338978910512173,0.1741707579930547
0.1472468550216539,0.4847502859321387,0.6555952300747827,0.6838858905165767,0.2583333333333333,0.5816621499548329,0.7687319884726226,0.5053414727203358,0.3726289339012656,0.2880853951996051,0.2405341584561517,0.1839300682552987
0.1488966797277789,0.4848455966450627,0.6545846526982415,0.6828945919154091,0.2596088435374149,0.5811201445347787,0.7802593659942364,0.5100629530713469,0.3750191523917507,0.2903375084839884,0.2427326764921423,0.1881810561609388
0.1359043101670447,0.4674037361799465,0.650811830492488,0.6999669567132943,0.2566326530612244,0.5702800361336947,0.7708933717579252,0.5027184280808852,0.3705757975055925,0.2851237119763065,0.2364628287598729,0.1796790803496587
0.1187873788409981,0.4527258863896301,0.6515529205686181,0.7175900429562727,0.2490646258503401,0.5638663053297199,0.7616174351585014,0.4937523845860359,0.3641405938773634,0.2793854507311656,0.229338001791385,0.1683630702909831
0.1184780367085997,0.4595882577201677,0.6567405511015293,0.7137349928406211,0.2457482993197279,0.5705510388437217,0.7635086455331412,0.4925123998473865,0.3624858272301045,0.2785524773246128,0.2282387427733898,0.1657286552508681
0.1290987832542792,0.4778879146016012,0.6626018998854679,0.6975437823548849,0.2464285714285714,0.583107497741644,0.7772874639769453,0.497806180847005,0.3666840315018539,0.2829024495588326,0.2339793176451428,0.1726739312657166
0.1334295731078573,0.4846549752192146,0.6646230546385501,0.6912655578808239,0.246938775510204,0.5877145438121048,0.7874639769452451,0.5005723006486074,0.369043606165538,0.2851854137101253,0.2369106750264636,0.1782421266914141
0.1229119406063105,0.4728364468166221,0.6631408744862898,0.7037118625399272,0.2435374149659863,0.5811201445347787,0.7827809798270894,0.4962800457840519,0.3659179358318267,0.2823471339544641,0.2332871915967755,0.1726739312657166
0.1121880800164982,0.4574914220358367,0.6593006804554334,0.718361052979403,0.2414965986394557,0.5712737127371273,0.778728386167147,0.4901278138115224,0.3618116630404805,0.2783673721231567,0.2275873300219851,0.1641719554544365
0.1130129923695607,0.4514868471216164,0.6545846526982415,0.7214450930719243,0.244812925170068,0.5652213188798554,0.7936779538904899,0.4943246852346433,0.3625777587105078,0.2784599247238848,0.2272616236462828,0.1648904322835588
0.1259022478861621,0.4535836828059473,0.6475779828875563,0.7132944156845467,0.2545068027210884,0.5615176151761517,0.8164625360230547,0.5046737886302938,0.3675727024790856,0.2820386252853705,0.2325136389544825,0.1728535504729972
0.1266240461950917,0.4490087685855889,0.6438725325069056,0.7156074457539375,0.2571428571428571,0.556910569105691,0.8326729106628243,0.5103014116749333,0.3697790580087641,0.2838588264330228,0.2338571777542545,0.1759070769967668
0.1160032996494122,0.433282500953107,0.6396954793505356,0.730366780482432,0.2554421768707482,0.5466124661246612,0.8276296829971183,0.5058183899275086,0.3648760457205896,0.2794163015980749,0.2284015959612409,0.1684828164291701
0.1051763250154671,0.423942051086542,0.6401670821262548,0.741491353673312,0.2506802721088435,0.5425474254742547,0.8093479827089338,0.4943723769553605,0.3581344038243496,0.2733695316838403,0.2215210487745297,0.1606993174470123
0.1109507114869045,0.4326153259626381,0.642457724179748,0.7333406762859346,0.2516156462585034,0.5481481481481482,0.8031340057636889,0.4927985501716901,0.3564489933502896,0.2725365582772877,0.2216839019623809,0.1607591905161058
0.1198185192823262,0.4428135722455203,0.6438725325069056,0.7227668245401476,0.2543367346938775,0.553929539295393,0.8038544668587897,0.4946585272796643,0.358256979131554,0.2743876102918492,0.2255516651738457,0.1662675128727098
0.1234275108269746,0.4402401829965687,0.6397628511756382,0.722326247384073,0.2584183673469387,0.5500451671183378,0.7916966858789626,0.4925123998473865,0.3570618698863114,0.2745110137594867,0.2267323507857666,0.1699796431565082
0.1131161064136935,0.4225123903926801,0.6339015023916998,0.738076880713735,0.2579081632653061,0.5376693766937669,0.7626981268011529,0.4808756199923693,0.3497073514540496,0.2689270068488925,0.2212360556957902,0.1635133516944078
0.1042482986182718,0.4102173084254669,0.6310718857373846,0.7499724639277453,0.2560374149659863,0.5299909665763324,0.7381123919308358,0.4696203739030904,0.3426899151165998,0.2632812982044795,0.2147219281817441,0.1550712489522213
0.1111569395751701,0.4178421654593975,0.6319477194637202,0.7418217865403678,0.2583333333333333,0.5341463414634147,0.7318083573487032,0.4673788630293781,0.341402874390954,0.2625100265317456,0.2148847813695953,0.1564483295413722
0.122087028253248,0.4312809759817002,0.6343057333423162,0.7282740389910782,0.2613945578231292,0.5420957542908762,0.737391930835735,0.4726249523082793,0.3445591885514664,0.2658727710248658,0.2209917759140135,0.1653095437672135
0.1250773355330996,0.4320434616850933,0.6328909250151586,0.7261812974997246,0.2635204081632653,0.5414634146341463,0.7411743515850144,0.4750095383441434,0.3455397910091012,0.2670142531005122,0.2223760280107483,0.1686624356364507
0.1169313260466075,0.4250857796416316,0.6332277841406723,0.7345522634651392,0.2598639455782313,0.5384823848238482,0.7323487031700289,0.4681896222815719,0.3418318879661692,0.264083420744123,0.2174904323752137,0.1624356364507244
0.1074448339863889,0.4273732367518109,0.6411102876776932,0.7382971692917721,0.2510204081632653,0.5448057813911472,0.7207312680115274,0.4615604731018695,0.3383691355376459,0.2602579132473623,0.2132155361941209,0.1548317566758472
0.1094040008249123,0.4464353793366373,0.6533045880212894,0.7262914417887432,0.2441326530612244,0.562059620596206,0.72289265129683,0.4632296833269745,0.3406061348941256,0.2627568334670204,0.2163097467632929,0.1586636330978325
0.1212621159001856,0.4686427754479602,0.661254463383413,0.7070161912104856,0.2439625850340135,0.5778681120144534,0.7373018731988473,0.4706695917588707,0.3462445990255263,0.2685259455790708,0.223393860434818,0.1686025625673571
0.1234275108269746,0.471311475409836,0.6617260661591322,0.704372728274039,0.2445578231292516,0.5794037940379403,0.7425252161383287,0.4710511255246089,0.3470413385223547,0.2693897698525329,0.2238009934044459,0.1703388815710693
0.1087853165601154,0.4530118185284025,0.6583574749039951,0.7227668245401476,0.2407312925170067,0.5684733514001806,0.7370317002881845,0.4637542922548645,0.3422915453681856,0.2638983155426668,0.2160654669815161,0.1603999521015447
0.0923901835429985,0.4380480365993137,0.658424846729098,0.7401696222050886,0.2339285714285714,0.5615176151761517,0.7285662824207493,0.4570297596337276,0.3363159991419729,0.2574504843586105,0.2077599544011074,0.1499820380792719
0.0998143947205609,0.4457682043461684,0.6590985649801253,0.7317986562396739,0.2365646258503401,0.5655826558265583,0.7339697406340058,0.458603586417398,0.3368369441975914,0.2581292034306164,0.2087777868251771,0.150341276493833
0.1102289131779748,0.4584445291650781,0.661254463383413,0.7188016301354774,0.2394557823129251,0.5730803974706413,0.7475684438040345,0.4658527279664251,0.341770600312567,0.2624174739310175,0.2146812148847813,0.1583642677523649
0.1090946586925139,0.4583492184521539,0.6619281816344404,0.7195726401586078,0.2385204081632653,0.5734417344173443,0.7523414985590778,0.4679034719572682,0.3433027916526216,0.2633121490713889,0.2158211871997394,0.1604598251706382
0.1005361930294906,0.4455775829203201,0.6584922185542006,0.7314682233726181,0.2371598639455782,0.5651309846431798,0.7441462536023055,0.4628004578405189,0.338706217632458,0.2593632381069908,0.2097141926553212,0.1520177224284516
0.087750051557022,0.4349980937857414,0.6593680522805363,0.744355105187796,0.2313775510204081,0.5607046070460705,0.7368515850144093,0.457268218237314,0.3348144516287194,0.2554760288764114,0.2036479114078657,0.1443539695844808
0.089915446483811,0.4433854365230651,0.66388196456242,0.7384073135807908,0.2294217687074829,0.5676603432700993,0.7473883285302595,0.4590328119038535,0.3359176293935587,0.2556919849447769,0.2037293380017913,0.1456711771045384
0.1033202722210765,0.4609226077011055,0.6675200431179681,0.7211146602048684,0.2326530612244897,0.5784101174345077,0.7642291066282422,0.4670450209843572,0.3409125731621365,0.2601653606466342,0.2108134516733164,0.1549515028140342
0.1028047020004124,0.4632100648112847,0.6694064542208449,0.7200132173146822,0.2312925170068027,0.5807588075880759,0.7721541786743517,0.4709557420831743,0.3432415039990194,0.2628802369346579,0.2140298021333767,0.1596216022033289
0.0925964116312641,0.4514868471216164,0.6677895304183791,0.7322392333957484,0.2280612244897959,0.5741644083107498,0.7639589337175793,0.4672357878672262,0.3404529157601201,0.2612759918553711,0.2106098851885025,0.1536342952939767
0.0832130336151783,0.4388105223027067,0.6650272855891666,0.7446855380548518,0.2259353741496598,0.566305329719964,0.7591858789625361,0.4649942769935139,0.338706217632458,0.2589621768371691,0.2064164156013354,0.147467369177344
0.0918746133223345,0.444052611513534,0.663073502661187,0.7369754378235488,0.2306972789115646,0.567479674796748,0.7717038904899136,0.4713849675696299,0.3428124904238041,0.2621398161288332,0.2091442064978421,0.1518381032211711
0.1080635182511858,0.45548989706443,0.6605807451323856,0.72177552593898,0.2390306122448979,0.5711833785004516,0.7912463976945245,0.4820202212895841,0.3499525020684583,0.2674770161041525,0.2174904323752137,0.1617171596216022
0.1121880800164982,0.4534883720930232,0.6564710638011183,0.7206740830487939,0.24328231292517,0.567479674796748,0.8037644092219022,0.4873140022892026,0.3533233230165784,0.2697908311223546,0.2216024753684553,0.1651299245599329
0.099195710455764,0.433949675943576,0.6511486896180018,0.7388478907368652,0.2412414965986394,0.5546522131887985,0.7980007204610953,0.4831171308660816,0.3508718168724911,0.2669525513666934,0.2176939988600276,0.1587833792360196
0.0909465869251392,0.420320243995425,0.6468368928114263,0.7511840511069501,0.2405612244897959,0.5452574525745257,0.7851224783861672,0.4758679893170546,0.3463671743327307,0.2629419386684766,0.2121977037700513,0.1522572147048257
0.0963085172200453,0.416031261913839,0.640369197601563,0.7507434739508755,0.246938775510204,0.5389340560072268,0.7851224783861672,0.4783479587943533,0.3479606533263875,0.2644227802801259,0.2137448090546372,0.1544126451921925
0.1128067642812951,0.4216545939763629,0.633564643266186,0.7387377464478466,0.2579931972789115,0.537037037037037,0.7900756484149856,0.4862647844334223,0.3521588575981369,0.2692355155179861,0.2200146567869066,0.163992336247156
0.1185811507527325,0.4168890583301562,0.6264232298052954,0.7384073135807908,0.2648809523809524,0.5299909665763324,0.7789985590778098,0.4860263258298359,0.3524959396929489,0.2701918923921762,0.2215210487745297,0.1679439588073284
0.1113631676634357,0.3982081585970263,0.617867008017247,0.7530565040202665,0.2673469387755102,0.5154471544715448,0.7574747838616716,0.4772987409385731,0.3459075169307143,0.2647004380823101,0.2154954808240371,0.1605196982397317
0.1077541761187873,0.3897255051467784,0.6142963012868018,0.7598854499394206,0.2681122448979591,0.5089430894308943,0.7431556195965419,0.4696680656238077,0.3403916281065179,0.2596717467760844,0.2095106261705072,0.1533349299485091
0.115590843472881,0.401639344262295,0.6176648925419389,0.7487608767485406,0.2692176870748299,0.5168925022583559,0.7404538904899136,0.4693342235787867,0.3412496552569485,0.2600419571789967,0.2109763048611676,0.1562687103340917
0.1282738709012167,0.4168890583301562,0.6200902782456377,0.7332305319969159,0.2728741496598639,0.5257452574525746,0.7513508645533141,0.476106447920641,0.3451107774338859,0.2648546924168569,0.2169204462177346,0.1640522093162495
0.1261084759744277,0.4164125047655355,0.6211682274472815,0.7346624077541579,0.271343537414966,0.526196928635953,0.7590057636887608,0.4778710415871805,0.346796187907946,0.2669525513666934,0.2186711179871346,0.1659681475272422
0.1093008867807795,0.4062142584826534,0.6249410496530351,0.7495318867716709,0.2619897959183673,0.5239385727190605,0.7529719020172911,0.4731018695154521,0.3439156681886434,0.2643302276793978,0.2148847813695953,0.1598012214106095
0.1005361930294906,0.4026877621044604,0.6281748972579666,0.7562506884018063,0.2563775510204081,0.5244805781391148,0.7486491354466859,0.4690003815337658,0.3416786688321638,0.2608132288517308,0.2107320250793909,0.1539935337085378
0.1095071148690451,0.415268776210446,0.6312740012126928,0.7441348166097588,0.258078231292517,0.532520325203252,0.7514409221902019,0.4713372758489126,0.3432415039990194,0.2616462022582835,0.2123198436609396,0.1569871871632139
0.1204372035471231,0.4311856652687761,0.6353163107188573,0.7291551933032271,0.2600340136054421,0.5427280939476061,0.7647694524495677,0.4783956505150705,0.3473477767903656,0.2661195779601407,0.218386124908395,0.1648904322835588
0.1198185192823262,0.4391917651544033,0.6413797749781042,0.7248595660315013,0.2559523809523809,0.5505871725383921,0.7717939481268011,0.4817817626859977,0.3492476940520332,0.2680940334423398,0.2215617620714925,0.1670458627709256
0.1064136935450608,0.4384292794510102,0.649531765815536,0.7324595219737856,0.2452380952380952,0.5556458897922313,0.766120317002882,0.4771079740557039,0.3459381607575154,0.2646387363484914,0.217246152593437,0.1596814752724224
0.0951742627345844,0.4302325581395348,0.6511486896180018,0.7431435180085911,0.239625850340136,0.5529358626919603,0.757835014409222,0.470049599389546,0.3414641620445561,0.2603504658480903,0.2108541649702792,0.150221530355646
0.1005361930294906,0.4337590545177276,0.6501381122414606,0.7382971692917721,0.2425170068027211,0.5538392050587173,0.7616174351585014,0.4700019076688287,0.3410351484693409,0.2599494045782687,0.2104877452976141,0.1509400071847682
0.1087853165601154,0.4468166221883338,0.6539109344472142,0.7264015860777618,0.2434523809523809,0.5626016260162602,0.7699927953890491,0.473578786722625,0.3438543805350412,0.2627568334670204,0.2132562494910837,0.1581846485450844
0.1105382553103732,0.4506290507052992,0.6554604864245772,0.723207401696222,0.24328231292517,0.5654019873532069,0.7697226224783863,0.4748664631819916,0.3453865718750958,0.2646695872154008,0.2166354531389951,0.1623757633816309
0.1021860177356155,0.4413839115516583,0.6544499090480361,0.7330102434188787,0.240391156462585,0.5604336043360434,0.7596361671469741,0.469048073254483,0.3416480250053627,0.2616770531251928,0.2126862633336047,0.1559693449886241
0.0943493503815219,0.4349980937857414,0.6551236272990635,0.7409406322282189,0.236734693877551,0.5578139114724481,0.7422550432276657,0.4607020221289584,0.3369288756779947,0.2570802739556981,0.2066199820861493,0.1486049574901209
0.0954836048669828,0.4451963400686236,0.661523950683824,0.734331974887102,0.2332482993197278,0.5669376693766938,0.746307636887608,0.4609404807325448,0.3377869028284253,0.2581292034306164,0.2080042341828841,0.150221530355646
0.0990925964116312,0.4552992756385817,0.6663747220912215,0.7266218746557991,0.2316326530612245,0.5749774164408311,0.7645893371757925,0.4674742464708126,0.3419851071001747,0.261862158326649,0.2135005292728605,0.1569871871632139
0.0918746133223345,0.4501524971406785,0.6674526712928652,0.7334508205749531,0.2279761904761904,0.5732610659439927,0.7759365994236312,0.4706219000381533,0.343425366959826,0.2630961930030234,0.2142740819151534,0.1583043946832714
0.0836254897917096,0.4309950438429279,0.659165936805228,0.7489811653265778,0.2297619047619047,0.5586269196025294,0.7699027377521613,0.4668065623807708,0.3400239021849049,0.2597642993768125,0.2086556469342887,0.1513591186684229
0.0809445246442565,0.4205108654212733,0.6535067034965977,0.756360832690825,0.232312925170068,0.5498644986449864,0.7604466858789626,0.4623235406333461,0.3369595195047957,0.256123897081508,0.2045436039410471,0.144713207999042
0.0888843060424829,0.4271826153259626,0.6531024725459812,0.748320299592466,0.2357993197278911,0.5527551942186089,0.7594560518731989,0.4643742846241893,0.3387368614592591,0.2579440982291602,0.2071492549466655,0.1475272422464375
0.1078572901629202,0.4436713686618375,0.6524287542949538,0.7287146161471528,0.244047619047619,0.5601626016260163,0.7659402017291067,0.4724341854254102,0.3441301749762511,0.2635281051397545,0.2154954808240371,0.1580050293378038
0.1109507114869045,0.4443385436523064,0.650811830492488,0.7266218746557991,0.2463435374149659,0.5593495934959349,0.7686419308357348,0.4753910721098817,0.3456010786627034,0.2652557536866786,0.217246152593437,0.1608190635851993
0.1014642194266859,0.431090354555852,0.6476453547126592,0.7393986121819583,0.2443877551020408,0.5509485094850949,0.7551332853025937,0.4700972911102633,0.3423528330217878,0.2619238600604677,0.2129305431153814,0.1539935337085378
0.0978552278820375,0.4254670224933282,0.6460284309101934,0.7445753937658333,0.2439625850340135,0.5472448057813911,0.7390129682997119,0.4652327355971003,0.3395642447828885,0.2593323872400814,0.2099991857340607,0.1490240689737755
0.1110538255310373,0.4306138009912313,0.6410429158525903,0.7344421191761207,0.2525510204081632,0.5463414634146341,0.7407240634005764,0.4685234643265929,0.3420463947537769,0.2620472635281052,0.2142740819151534,0.1538737875703508
0.1290987832542792,0.4356652687762103,0.6328235531900558,0.7219958145170173,0.2651360544217687,0.5431797651309846,0.7516210374639769,0.4776325829835941,0.3477461465387798,0.2677546739063368,0.2213174822897158,0.1671656089091126
0.1295112394308104,0.4315669081204726,0.629657077410227,0.724088556008371,0.2673469387755102,0.5391147244805781,0.7542327089337176,0.4802079359023274,0.3493702693592376,0.2692663663848955,0.2230681540591156,0.1705783738474434
0.115590843472881,0.4166984369043079,0.6281748972579666,0.7401696222050886,0.2625850340136054,0.5310749774164408,0.7447766570605188,0.4723864937046929,0.3457542977967089,0.2651632010859505,0.2176532855630649,0.1617171596216022
0.1097133429573107,0.4089782691574532,0.6266927171057064,0.747769578147373,0.2610544217687074,0.5263775971093044,0.7386527377521613,0.4688573063716139,0.3427205589434008,0.2625408773986549,0.2136633824607116,0.1551909950904083
0.1176531243555372,0.4204155547083492,0.6295223337600215,0.7368652935345302,0.2625850340136054,0.5337850045167117,0.7423451008645534,0.4726249523082793,0.3453559280482947,0.2643302276793978,0.215902613793665,0.1592623637887678
0.1284800989894823,0.4354746473503621,0.6330930404904668,0.7224363916730917,0.2647959183673469,0.5432700993676604,0.7538724783861672,0.4787771842808089,0.3494622008396408,0.2689887085827112,0.222620307792525,0.1684828164291701
0.1293050113425448,0.4378574151734654,0.6342383615172134,0.7205639387597752,0.2643707482993197,0.54516711833785,0.7604466858789626,0.4797310186951545,0.3508105292188889,0.2706238045289073,0.2251445322042179,0.1715363429529397
0.1178593524438028,0.4267060617613419,0.633834130566597,0.7331203877078972,0.2599489795918367,0.5396567299006324,0.7502701729106629,0.4726249523082793,0.3453865718750958,0.2652557536866786,0.2187118312840973,0.163992336247156
0.1090946586925139,0.4214639725505146,0.6357879134945765,0.7408304879392003,0.255017006802721,0.5384823848238482,0.7383825648414986,0.4658527279664251,0.3408819293353354,0.2605972727833652,0.2136633824607116,0.1553706142976889
0.1124974221488966,0.4329965688143347,0.6417840059287205,0.732349377684767,0.2526360544217687,0.547877145438121,0.7460374639769453,0.46752193819153,0.3412802990837496,0.2613685444560992,0.2137855223516,0.1547718836067536
0.1190967209733965,0.4470072436141821,0.6473084955871454,0.7206740830487939,0.2519557823129251,0.5582655826558265,0.7635086455331412,0.4742464708126669,0.3455091471823002,0.2650089467514037,0.2184675515023206,0.1611184289306669
0.1159001856052794,0.4509149828440716,0.6522266388196455,0.7201233616037008,0.2474489795918367,0.5634146341463415,0.7722442363112392,0.4777279664250287,0.3473171329635645,0.2658110692910471,0.219729663708167,0.1625553825889115
0.1009486492060218,0.4368089973313,0.6520245233443374,0.7363145720894372,0.2414965986394557,0.5565492321589882,0.7708033141210375,0.4739603204883632,0.343793092881439,0.2611834392546431,0.2137040957576744,0.1532151838103221
0.0890905341307486,0.4258482653450247,0.6519571515192346,0.7489811653265778,0.2365646258503401,0.5514001806684734,0.767921469740634,0.4682373140022892,0.3395948886096896,0.2571728265564263,0.206864261867926,0.1442342234462938
0.0912559290575376,0.4298513152878383,0.6534393316714949,0.7454565480779821,0.2365646258503401,0.5542908762420957,0.7749459654178674,0.4691911484166349,0.3395029571292863,0.2575738878262479,0.2070271150557771,0.1456113040354448
0.100845535161889,0.4411932901258101,0.6551909991241662,0.7338913977310276,0.2394557823129251,0.5607949412827462,0.7832312680115274,0.4740557039297978,0.3433947231330249,0.2615845005244647,0.2117091442064978,0.1532750568794156
0.1004330789853578,0.4494853221502096,0.6613218352085158,0.7292653375922459,0.2353741496598639,0.5688346883468834,0.7755763688760807,0.4718141930560854,0.344436613244262,0.2637749120750293,0.214925494666558,0.1571668063704945
0.0875438234687564,0.4450057186427753,0.6665768375665296,0.7387377464478466,0.2267857142857142,0.570189701897019,0.7610770893371759,0.4637066005341473,0.3407899978549321,0.2605355710495465,0.210894878267242,0.1512393725302359
0.0824912353062487,0.4364277544796034,0.6638145927373172,0.7463377023901311,0.2263605442176871,0.5643179765130985,0.7567543227665707,0.4597481877146128,0.3368369441975914,0.256555809218239,0.2069864017588144,0.1453718117590707
0.0897092183955454,0.4356652687762103,0.6584922185542006,0.7429232294305539,0.2327380952380952,0.5604336043360434,0.7692723342939481,0.4661388782907288,0.3389513682468667,0.2582217560313445,0.2088592134191026,0.1472278769009699
0.0965147453083109,0.4382386580251619,0.6559320892002964,0.7378565921356978,0.2371598639455782,0.5598915989159892,0.7844920749279539,0.473769553605494,0.3442221064566543,0.2622323687295613,0.2139483755394511,0.1539935337085378
0.1004330789853578,0.4381433473122378,0.6532372161961867,0.7358739949333626,0.2404761904761904,0.5580849141824752,0.7882744956772335,0.4767264402899657,0.3462139551987252,0.2639600172764855,0.2161876068724045,0.1574062986468686
0.0936275520725922,0.4236561189477696,0.6475106110624537,0.747769578147373,0.2413265306122448,0.5473351400180668,0.7699927953890491,0.4702880579931324,0.3424447645021911,0.2601653606466342,0.2111391580490187,0.1516584840138905
0.0955867189111157,0.4156500190621425,0.6405713130768712,0.7514043396849873,0.2464285714285714,0.5388437217705511,0.7544128242074929,0.4642789011827546,0.3396561762632918,0.2568026161535139,0.2076785278071818,0.1473476230391569
0.110125799133842,0.4216545939763629,0.6353836825439602,0.7401696222050886,0.25578231292517,0.5383017163504968,0.7489193083573488,0.4672834795879436,0.3421996138877823,0.2593015363731721,0.2109763048611676,0.151718357082984
0.1266240461950917,0.4291841402973694,0.6298591928855353,0.7269523075228549,0.2660714285714285,0.5381210478771454,0.7522514409221902,0.4738172453262114,0.3469494070419515,0.2637132103412106,0.2169204462177346,0.1602802059633576
0.1296143534749433,0.4232748760960731,0.6237283568011857,0.7288247604361713,0.2710884353741496,0.5311653116531165,0.7482889048991356,0.4738649370469286,0.3469800508687525,0.2646695872154008,0.2178975653448416,0.1632139863489402
0.1205403175912559,0.4069767441860464,0.6181364953176581,0.7431435180085911,0.2709183673469387,0.5197831978319783,0.7335194524495677,0.4672834795879436,0.3422915453681856,0.2607206762510026,0.2123198436609396,0.1558495988504371
0.1152815013404825,0.394491040792985,0.6127467493094387,0.7530565040202665,0.2721938775510204,0.5102077687443541,0.7205511527377522,0.4606543304082411,0.3379707657892318,0.2563090022829642,0.207434248025405,0.1501017842174589
0.1222932563415137,0.3981128478841021,0.6107255945563566,0.7472188567022799,0.2763605442176871,0.510569105691057,0.7273054755043228,0.4648512018313621,0.3408206416817332,0.2597951502437219,0.2117498575034606,0.1556699796431565
0.1377603629614353,0.4078345406023636,0.6074917469514249,0.7334508205749531,0.2846938775510204,0.5130081300813009,0.7410842939481269,0.4731018695154521,0.3459994484111175,0.2656876658234097,0.2189561110658741,0.1659082744581487
0.1359043101670447,0.4050705299275638,0.606683285050192,0.7359841392223813,0.2844387755102041,0.5112014453477868,0.7476585014409223,0.4759156810377718,0.3470413385223547,0.2661504288270501,0.2198518035990554,0.166746497425458
0.1226025984739121,0.398017537171178,0.6104561072559456,0.7471087124132614,0.2766156462585034,0.5102981029810297,0.7394632564841499,0.4696203739030904,0.3430882848650139,0.2623249213302894,0.2147219281817441,0.158603760028739
0.1159001856052794,0.403069004956157,0.6184059826180691,0.7478797224363916,0.2687925170068027,0.5180668473351401,0.733249279538905,0.4645650515070584,0.3413109429105507,0.2605972727833652,0.2120348505822001,0.1547718836067536
0.1239430810476386,0.4212733511246663,0.6259516270295763,0.7330102434188787,0.2674319727891156,0.5317073170731708,0.7480187319884728,0.4723864937046929,0.3455397910091012,0.2645461837477633,0.2171240127025486,0.1615375404143216
0.1402351000206227,0.4422417079679756,0.6302634238361516,0.7121929727943606,0.271343537414966,0.5446251129177958,0.7669308357348703,0.4840709652804273,0.3530168847485674,0.2720737952736472,0.226080938034362,0.1746497425458029
0.1375541348731697,0.4456728936332443,0.6343057333423162,0.7116422513492675,0.267687074829932,0.5489611562782294,0.7753061959654179,0.4873616940099199,0.3553458155854503,0.2744493120256679,0.2288901555247943,0.1777032690695725
0.1211590018560528,0.4342356080823484,0.6370006063464259,0.7269523075228549,0.2592687074829932,0.5453477868112014,0.7703530259365996,0.4814479206409767,0.3512701866209052,0.2702844449929044,0.2233124338408924,0.1695605316728535
0.1109507114869045,0.4252764010674799,0.6373374654719396,0.7376363035576605,0.2548469387755102,0.541282746160795,0.7648595100864555,0.4751526135062953,0.3476235712315754,0.2661504288270501,0.2180604185326927,0.1611783019997605
0.1156939575170138,0.433282500953107,0.6398975948258437,0.7304769247714505,0.2551870748299319,0.5467931345980126,0.7688220461095101,0.4749141549027089,0.3478380780191831,0.265625964089591,0.2186304046901718,0.1608789366542929
0.1234275108269746,0.4439573008006099,0.6423903523546453,0.7201233616037008,0.2568027210884354,0.5535682023486901,0.7827809798270894,0.4820679130103014,0.3505653786044801,0.2680940334423398,0.2220910349320087,0.1666866243563645
0.1146628170756857,0.4410026686999618,0.6459610590850906,0.7265117303667804,0.2509353741496598,0.5544715447154471,0.7927773775216139,0.4830217474246471,0.3495847761468452,0.2675387178379713,0.2214803354775669,0.1645910669380912
0.0908434728810064,0.4309950438429279,0.6545846526982415,0.7450159709219076,0.2357142857142857,0.5555555555555556,0.7831412103746399,0.4688573063716139,0.3414948058713572,0.2597951502437219,0.2113427245338327,0.1501017842174589
0.0720767168488348,0.4398589401448722,0.6730445327763929,0.7499724639277453,0.2163265306122448,0.5720867208672087,0.7698126801152738,0.4534528805799313,0.3351208898967303,0.2547664589374962,0.2038107645957169,0.1376481858460064
0.0586718911115694,0.4795081967213114,0.7098295492824901,0.7342218305980834,0.1875850340136054,0.6155374887082204,0.7798991354466859,0.4457745135444487,0.3357031226059511,0.2586536681680755,0.2058871427408191,0.1353131361513591
0.0518663641988038,0.5188715211589782,0.7421680253318063,0.7150567243088445,0.1643707482993197,0.6559168925022584,0.7910662824207494,0.4416730255627623,0.3405142034137223,0.2678472265070649,0.2138262356485628,0.1384265357442222
0.0641369354506083,0.5281166603126191,0.7406184733544431,0.7031611410948342,0.1704081632653061,0.6592592592592592,0.8125000000000001,0.467712705074399,0.3680017160543009,0.2996236194237058,0.2425291100073283,0.1618369057597892
0.1218808001649824,0.5291650781547845,0.7036313413730376,0.6717700187245291,0.2175170068027211,0.6349593495934959,0.8484329971181557,0.5417779473483403,0.4424355713541507,0.3800826803233171,0.3183372689520397,0.2309903005628068
0.2370591874613322,0.5148684712161646,0.6182712389678636,0.6185703271285383,0.3188775510204081,0.5709123757904245,0.8817543227665706,0.6433613124761541,0.554071032390525,0.5054606034429568,0.4373829492712319,0.345766974015088
0.4076098164570014,0.5113419748379717,0.5043454827191268,0.5294635973124793,0.4610544217687074,0.4929539295392954,0.8623018731988473,0.7488077069820679,0.6903441301749763,0.6617510952057754,0.5854979236218548,0.4977248233744462
0.6072386058981233,0.5473694243232938,0.3993801792090547,0.4020266549179424,0.6096088435374148,0.4396567299006323,0.800792507204611,0.8535864173979397,0.8328685686268502,0.8215277349293516,0.7409412914257797,0.6681235780146089
0.780160857908847,0.5980747235989324,0.3221720676413124,0.2803172155523735,0.7296768707482992,0.4118337850045168,0.6992975504322767,0.9074303700877528,0.9093862041491744,0.912784599247239,0.8473251363895447,0.804813794755119
0.918849247267478,0.6240945482272207,0.2500168429562756,0.191320630025333,0.8323979591836734,0.375880758807588,0.5243155619596542,0.8896890499809234,0.9135231207673216,0.920065403837848,0.891661916782021,0.898455274817387
0.9856671478655392,0.6044605413648493,0.1924813043185339,0.1669787421522194,0.8962585034013605,0.328003613369467,0.3947226224783862,0.8517264402899656,0.8952287561670703,0.8855124328993645,0.8798143473658495,0.9249790444258172
0.9297793359455558,0.5407929851315287,0.1839924543555884,0.2335058927194624,0.8785714285714286,0.2921409214092141,0.3475324207492796,0.7461846623426173,0.7930928814390342,0.7797556611340779,0.7878430095269114,0.8500179619207281
0.7375747576819962,0.4402401829965687,0.2385636326888095,0.3943165546866394,0.7648809523809522,0.281029810298103,0.2414445244956772,0.4738172453262114,0.5191064260104803,0.5372061454926884,0.5749531797084928,0.6543527721230991
0.4682408744070942,0.416031261913839,0.3973590244559725,0.5521533208503139,0.553656462585034,0.3760614272809395,0.139229106628242,0.1867130866081648,0.2121165691171513,0.2497994693650891,0.3041690416089895,0.3801939887438629
0.287894411218808,0.4228936332443766,0.5201104897931684,0.6445643793369313,0.4017857142857142,0.4615176151761517,0.1048270893371758,0.0615223197252957,0.0635552967854625,0.0899611279076942,0.1337838938197215,0.1887199137827805
0.2494328727572695,0.4043080442241707,0.5320353028363538,0.6758453574182178,0.3784013605442176,0.4607949412827461,0.1861491354466859,0.1392598244944678,0.1121564060919927,0.1122354538162522,0.1303232635778845,0.159861094479703
0.2287069498865745,0.4214639725505146,0.5577039682004985,0.6769468003084039,0.353656462585034,0.4860885275519422,0.3665345821325648,0.283479587943533,0.2161002666012931,0.1862158326648979,0.179586352902858,0.1821937492515866
0.1946793153227469,0.4268966831871901,0.5838442363403624,0.6920365679039542,0.3231292517006802,0.5061427280939477,0.5365634005763689,0.3921690194582221,0.2889712867342874,0.2331091503671253,0.2066199820861493,0.1821937492515866
0.1717879975252629,0.4166984369043079,0.5915919962271778,0.7101002313030069,0.3087585034013605,0.5065040650406504,0.6296829971181557,0.4465375810759251,0.3255293721079889,0.2527303017214784,0.2138669489455256,0.1738713926475871
0.1541554959785522,0.3996378192908882,0.5909856498012531,0.7293754818812643,0.3019557823129251,0.4980126467931347,0.6648955331412104,0.4585082029759634,0.3343547942267031,0.2539643363978528,0.2107320250793909,0.16423182852353
0.1362136522994431,0.3957300800609988,0.5999461025399178,0.7412710650952747,0.2888605442176871,0.5022583559168925,0.6935338616714698,0.4592235787867226,0.3345999448411118,0.2505707410378232,0.204950736910675,0.154352772123099
0.1336358011961229,0.4046892870758672,0.607963349727144,0.7374160149796233,0.2827380952380952,0.5118337850045167,0.7281159942363113,0.4673788630293781,0.3382465602304416,0.2506015919047325,0.2034443449230518,0.1521973416357322
0.1320890905341307,0.4178421654593975,0.6182712389678636,0.7305870690604692,0.275595238095238,0.5249322493224933,0.7603566282420751,0.478300267073636,0.3436398737474336,0.2532856173258468,0.2047064571288982,0.1537540414321637
0.1209527737677871,0.4254670224933282,0.6309371420871791,0.7322392333957484,0.2630102040816326,0.537037037037037,0.7755763688760807,0.483164822586799,0.3460300922379187,0.2538717837971247,0.2040957576744564,0.1505807687702071
0.1025984739121468,0.4220358368280594,0.6405039412517685,0.7440246723207401,0.2494047619047619,0.5418247515808491,0.774585734870317,0.4774895078214421,0.3417093126589648,0.2484111803541679,0.196685937627229,0.1388456472278768
0.0843472881006393,0.4121235226839496,0.6454220844842686,0.7594448727833462,0.2387755102040816,0.5404697380307136,0.7770172910662825,0.4726249523082793,0.3372659577728067,0.243104831245758,0.188624704828597,0.1272302718237336
0.0845535161889049,0.4121235226839496,0.6452873408340631,0.7593347284943276,0.2389455782312924,0.5403794037940379,0.7976404899135447,0.4817817626859977,0.3406674225477278,0.2444314185228605,0.1886654181255598,0.1278290025146689
0.087750051557022,0.4123141441097979,0.6433335579060837,0.7574622755810111,0.2414965986394557,0.5392050587172539,0.8190742074927955,0.4897462800457841,0.3471026261759569,0.2472696982785217,0.1921667616643596,0.13243922883487
0.081769436997319,0.4039268013724741,0.6413124031530014,0.7655028086793699,0.2403061224489796,0.5338753387533876,0.8306916426512968,0.4927985501716901,0.3473477767903656,0.246189917936694,0.1904568031919224,0.1299245599329421
0.0659929882449989,0.3855318337781166,0.6386175301488917,0.7846679149686089,0.2354591836734693,0.5233062330623306,0.8242074927953892,0.487552460892789,0.3425673398093954,0.240791016227556,0.1829248432538066,0.1184888037360794
0.0583625489791709,0.3774304231795653,0.6378090682476588,0.7933693138010793,0.2329081632653061,0.5188798554652213,0.8287103746397695,0.4851678748569249,0.3410351484693409,0.2381686925402604,0.1787313736666395,0.1120225122739791
0.0642400494947411,0.3857224552039649,0.6398975948258437,0.7854389249917392,0.2339285714285714,0.5242999096657633,0.8466318443804035,0.4912247233880198,0.3440688873226489,0.240019744554822,0.1804006188421138,0.1151359118668423
0.0713549185399051,0.3951582157834539,0.6419861214040288,0.7761868047141754,0.2355442176870748,0.5301716350496838,0.8548270893371759,0.496470812666921,0.346489749639935,0.2429814277781206,0.1837798224900252,0.1211830918452879
0.0681583831717879,0.3930613800991231,0.6425250960048507,0.7790505562286595,0.2339285714285714,0.529539295392954,0.8369056195965417,0.4908431896222816,0.3439769558422456,0.2411612266304683,0.182273430502402,0.1192671536342952
0.0613528562590224,0.3868661837590544,0.6425924678299535,0.786320079303888,0.2311224489795918,0.5265582655826558,0.8032240634005764,0.4787294925600915,0.3382772040572427,0.2363176405256988,0.1764107157397606,0.1107651778230152
0.0614559703031552,0.3855318337781166,0.6415818904534124,0.7870910893270183,0.2317176870748299,0.525293586269196,0.7876440922190202,0.473244944677604,0.3349063831091227,0.2332325538347628,0.1722579594495562,0.1046581247754759
0.0726954011136316,0.3933473122378954,0.6397628511756382,0.7765172375812314,0.2375,0.5277326106594399,0.7930475504322767,0.4793971766501335,0.3382772040572427,0.2359782809896958,0.1760442960670954,0.1096874625793318
0.0818725510414518,0.3972550514677849,0.636461631745604,0.7693578587950215,0.2434523809523809,0.5273712737127371,0.8019632564841499,0.4864078595955742,0.3428124904238041,0.2397729376195471,0.1801563390603371,0.1175907076996766
0.0780573314085378,0.3826725123903925,0.6287812436838913,0.7798215662517898,0.2466836734693877,0.5153568202348691,0.8031340057636889,0.4867893933613125,0.3430576410382129,0.2395569815511816,0.1807670385147789,0.1187282960124535
0.0692926376572489,0.3617041555470834,0.6196186754699184,0.7966736424716379,0.2488095238095237,0.4992773261065943,0.7919668587896254,0.4808756199923693,0.3384610670180492,0.2345591411118652,0.1752300301278397,0.1108250508921087
0.0680552691276551,0.3512199771254288,0.6130162366098497,0.8033924441017734,0.2524659863945578,0.4898825654923215,0.7880043227665707,0.4812571537581076,0.3371740262924034,0.2323378786943913,0.1725836658252585,0.1081906358519937
0.0793978139822643,0.3536027449485321,0.6072896314761166,0.7959026324485075,0.2607993197278911,0.4871725383920506,0.7979106628242075,0.4867417016405951,0.3401464774921093,0.2351453075831431,0.1758000162853187,0.1143575619686265
0.0866157970715611,0.3547464735036217,0.6033820656201575,0.7913867165987444,0.2662414965986394,0.4850948509485094,0.8087175792507205,0.4926077832888211,0.3431495725186161,0.2372431665329796,0.1794642130119697,0.1203448688779786
0.0824912353062487,0.34778879146016,0.6011587953917672,0.7976649410728054,0.2659863945578231,0.4803071364046974,0.8071865994236312,0.4928462418924075,0.342781846597003,0.2361942370580613,0.1781206742121976,0.1194467728415758
0.0729016292018972,0.3359702630575676,0.5990702688135822,0.8095605242868157,0.2632653061224489,0.4733514001806684,0.796649855907781,0.4886493704692866,0.3381852725768394,0.2311346948849263,0.1719729663708167,0.1113040354448569
0.0672303567745927,0.3288219595882576,0.59779020413663,0.8167199030730256,0.261734693877551,0.4690153568202349,0.7924171469740634,0.4869801602441816,0.3355805472987467,0.2281421607947183,0.1681052031593518,0.1054364746736917
0.0776448752320066,0.3412123522683949,0.5996766152395068,0.8039431655468664,0.2648809523809524,0.4761517615176151,0.8069164265129682,0.4931800839374285,0.3391045873808722,0.231196396618745,0.1718915397768911,0.1113639085139504
0.0900185605279439,0.350648112847884,0.5982618069123492,0.7919374380438374,0.2708333333333333,0.4797651309846432,0.8233069164265131,0.5032907287294925,0.3442527502834554,0.2349602023816869,0.1766957088185001,0.1192671536342952
0.0902247886162095,0.3464544414792222,0.5950953311325204,0.7942504681132283,0.2729591836734694,0.475609756097561,0.8273595100864555,0.5062476154139641,0.3444059694174609,0.2346516937125933,0.1766957088185001,0.1197461381870434
0.0797071561146628,0.3432138772398017,0.5997439870646096,0.8017402797664941,0.2657312925170068,0.4771454381210479,0.8215958213256483,0.5023368943151469,0.3407899978549321,0.2302708706114642,0.1714029802133377,0.1123218776194467
0.0750670241286863,0.3431185665268775,0.6027083473691301,0.8042735984139222,0.2619047619047619,0.4791327913279132,0.8253782420749279,0.5023845860358641,0.3388287929396623,0.2270932313198001,0.1668430909535053,0.1068135552628427
0.0850690864095689,0.3583682805947388,0.606952772350603,0.7901751294195396,0.2633503401360544,0.489159891598916,0.8435698847262249,0.5108260206028233,0.3430269972114118,0.2294378972049115,0.1695708818500122,0.1116034007903245
0.0931119818519282,0.3720930232558138,0.6113319409822812,0.7778389690494547,0.263860544217687,0.4986449864498645,0.8660842939481269,0.5205074399084318,0.347500995924371,0.2324921330289381,0.1733165051705887,0.1162735001796192
0.0866157970715611,0.3658025162028211,0.6111971973320758,0.7849983478356647,0.2613095238095238,0.4955736224028906,0.8774315561959655,0.5237027851964899,0.3465816811203383,0.2297155550070957,0.1705072876801563,0.1139384504849718
0.0683646112600536,0.3510293556995806,0.612679377484336,0.8032822998127546,0.252891156462585,0.4896115627822944,0.8781520172910663,0.5197920640976726,0.3414948058713572,0.2224656012833961,0.1615503623483429,0.1027421865644832
0.0594968034646318,0.3479794128860083,0.6163174560398841,0.8097808128648528,0.2468537414965986,0.4905149051490515,0.8846361671469741,0.5200782144219764,0.3390739435540711,0.2174677608440797,0.1543848220828922,0.0944198299604837
0.0653743039802021,0.3582729698818147,0.6197534191201238,0.8006388368763079,0.2471938775510204,0.4977416440831075,0.9054394812680115,0.5297119420068677,0.3427205589434008,0.218516690318998,0.1564204869310316,0.0974134834151598
0.0740358836873582,0.3635150590926419,0.617867008017247,0.7930388809340235,0.2519557823129251,0.4989159891598916,0.93524855907781,0.5442579168256391,0.3492476940520332,0.2224964521503054,0.161143229378715,0.1043587594300083
0.066508558465663,0.3514105985512771,0.6141615576365963,0.8040533098358849,0.2511904761904762,0.4906955736224028,0.9547010086455332,0.551650133536818,0.3507798853920877,0.2207071018695625,0.1594332709062779,0.1016644713207998
0.0538255310373272,0.335589020205871,0.6112645691571784,0.8199140874545654,0.2477891156462584,0.48130081300813,0.9412824207492796,0.544400991987791,0.3444059694174609,0.213210341210588,0.1508834785440924,0.0929828763022392
0.0491853990513507,0.3291078917270301,0.6097150171798154,0.8261923119286264,0.2467687074829931,0.4772357723577235,0.9235410662824208,0.538868752384586,0.339748107743695,0.2079039921021781,0.1451021903753765,0.0865165848401389
0.0656836461126005,0.3426420129622569,0.608502324327966,0.8095605242868157,0.2543367346938775,0.4827461607949412,0.923270893371758,0.5444486837085082,0.3425060521557933,0.2100944036527426,0.1492549466655809,0.0941204646150161
0.0866157970715611,0.3618947769729317,0.6084349525028633,0.787201233616037,0.2630102040816326,0.491869918699187,0.9251621037463978,0.5538916444105304,0.3473784206171666,0.214752884556056,0.1562983470401432,0.1056160938809723
0.091049700969272,0.3608463591307662,0.6048642457724179,0.7854389249917392,0.2671768707482993,0.4889792231255645,0.9097622478386168,0.555847004959939,0.3481138724603929,0.2143518232862344,0.1567869066036967,0.1071129206083103
0.0866157970715611,0.34778879146016,0.5985312942127602,0.795462055292433,0.2693027210884353,0.4785004516711833,0.8849063400576369,0.550123998473865,0.3458462292771121,0.2117912013327575,0.1542626821920039,0.1044186324991019
0.0908434728810064,0.3437857415173465,0.5928720609041298,0.795462055292433,0.2745748299319727,0.47289972899729,0.8702269452449568,0.5501716901945822,0.3472864891367634,0.2132720429444067,0.1563390603371061,0.1072326667464974
0.1160032996494122,0.357796416317194,0.5863369938691638,0.7739839189338032,0.2891156462585034,0.4751580849141825,0.8724783861671471,0.5598531095001908,0.3555296785462569,0.2226507064848522,0.1669652308443937,0.1216022033289426
0.1317797484017323,0.3687571483034693,0.5838442363403624,0.7592245842053089,0.2971938775510204,0.4785907859078591,0.8750900576368876,0.5672453262113697,0.3644776759721754,0.233510211636947,0.1797084927937464,0.1362112321877619
0.1371416786966384,0.3676134197483797,0.5794650677086842,0.7570216984249366,0.302125850340136,0.4751580849141825,0.8583393371757925,0.56443151468905,0.3684307296295162,0.2403899549577343,0.1874847325136389,0.1442940965153873
0.1348731697257166,0.3571292413267251,0.5734689752745401,0.7642912215001652,0.3050170068027211,0.4662149954832881,0.8354646974063401,0.5542731781762686,0.3678178530934943,0.2439995063861295,0.1909046494585131,0.1451921925517902
0.1407506702412868,0.3583682805947388,0.570639358620225,0.7604361713845137,0.3091836734693877,0.4648599819331526,0.8186239193083574,0.5481209462037391,0.36938068826035,0.2505398901709139,0.1975816301604103,0.1509998802538618
0.1590018560527944,0.3703774304231795,0.5671360237148825,0.7436942394536842,0.3189625850340136,0.4682023486901536,0.8187139769452451,0.5506962991224723,0.3766432752122085,0.2627876843339298,0.2114648644247211,0.1672853550472997
0.1710661992163333,0.3790507052992755,0.5653843562622112,0.7322392333957484,0.325,0.4711833785004516,0.8259185878962537,0.5552270125906144,0.383538136242454,0.2745727154933054,0.2247781125315528,0.1818345108370255
0.1654980408331614,0.3794319481509721,0.5692919221181701,0.7349928406212137,0.3203231292517006,0.4739837398373984,0.8146613832853027,0.5473101869515452,0.3826188214384213,0.2780897143209724,0.229338001791385,0.1836307029098311
0.1530212414930913,0.3700914982844071,0.570908845920636,0.7471087124132614,0.3141156462585034,0.4705510388437218,0.7931376080691643,0.5317149942769935,0.3755094536205681,0.2752514345653113,0.2255923784708085,0.1766255538258891
0.1516807589193648,0.3706633625619519,0.5721215387724853,0.7474391452803172,0.3128401360544217,0.4717253839205059,0.7831412103746399,0.5219381915299505,0.3708822357736034,0.2745110137594867,0.2248595391254783,0.1728535504729972
0.1643637863477005,0.3989706443004193,0.5838442363403624,0.7243088445864082,0.3106292517006802,0.4929539295392954,0.7844020172910664,0.5207458985120182,0.3739466184537126,0.2806811871413587,0.23145509323345,0.1810561609388097
0.1713755413487317,0.4287075867327487,0.6002829616654315,0.7033814296728713,0.3031462585034013,0.5180668473351401,0.7889949567723343,0.5225104921785578,0.3781754665522631,0.287221570926143,0.2391499063594169,0.191533948030176
0.1582800577438647,0.4349027830728173,0.613218352085158,0.7067959026324485,0.2895408163265305,0.5297199638663053,0.7951188760806917,0.5190766882869134,0.3776545214966445,0.2886407108039736,0.2404120185652634,0.1909950904083343
0.1395133017116931,0.4272779260388867,0.6200902782456377,0.7212248044938869,0.2774659863945578,0.5306233062330623,0.7854827089337176,0.509252193819153,0.3711580302148132,0.2837971246992041,0.2334907580815894,0.1811160340079032
0.1254897917096308,0.4226077011056042,0.6259516270295763,0.7314682233726181,0.2680272108843537,0.5323396567299006,0.7875540345821326,0.5029568866844716,0.3674501271718813,0.280280125871537,0.2285644491490921,0.1745898694767093
0.1304392658280057,0.4337590545177276,0.6306002829616655,0.722326247384073,0.2670918367346938,0.5408310749774164,0.8035842939481269,0.5072968332697444,0.3696871265283609,0.2822854322206454,0.2315772331243384,0.1774637767931984
0.1380697050938337,0.4460541364849408,0.634373105167419,0.711201674193193,0.2678571428571428,0.5491418247515808,0.8208753602305476,0.5146413582602061,0.3729353721692766,0.2853088171777627,0.2356485628206172,0.1818345108370255
0.1299236956073417,0.4390964544414791,0.6347099642929326,0.7194624958695891,0.2642857142857142,0.5460704607046071,0.8279899135446687,0.5142121327737504,0.3714031808292219,0.2836428703646573,0.2342235974269196,0.1787809843132558
0.1132192204578263,0.4248951582157834,0.6355184261941657,0.7366450049564929,0.2568877551020408,0.5399277326106594,0.8224963976945245,0.508584509729111,0.3672662642110747,0.2789226877275251,0.227994462991613,0.1684828164291701
0.1082697463394514,0.4229889439573007,0.6375395809472478,0.7403899107831259,0.2535714285714285,0.5403794037940379,0.827449567723343,0.5068199160625716,0.3670824012502682,0.2775652495835133,0.2253480986890318,0.1641719554544365
0.1188904928851309,0.4356652687762103,0.6394933638752274,0.7273928846789294,0.2568027210884354,0.5476061427280939,0.8333033141210376,0.5107783288821061,0.3704532221983881,0.2808662923428149,0.2285237358521293,0.1698000239492276
0.1319859764899979,0.4466260007624856,0.6386849019739944,0.714065425707677,0.2626700680272109,0.5523035230352303,0.8292507204610953,0.5099675696299123,0.3728127968620722,0.284907755907941,0.2337757511603289,0.1781223805532271
0.1277583006805527,0.4414792222645824,0.6378090682476588,0.7193523515805705,0.2614795918367347,0.5492321589882566,0.8153818443804035,0.5069152995040062,0.3718628382312384,0.2854322206454002,0.2352821431479521,0.1793198419350976
0.1148690451639513,0.426038886770873,0.6352489388937547,0.7351029849102323,0.2578231292517006,0.5402890695573622,0.7963796829971183,0.5008584509729112,0.367021113596666,0.2819152218177331,0.2297858480579757,0.1709376122620045
0.1129098783254279,0.4230842546702249,0.6345078488176245,0.7378565921356978,0.2574829931972789,0.5383920505871725,0.7831412103746399,0.4955646699732927,0.36432445683817,0.2796014067995311,0.2265694975979154,0.1659681475272422
0.1254897917096308,0.4381433473122378,0.6368658626962204,0.7224363916730917,0.2611394557823129,0.5470641373080397,0.7840417867435159,0.5012876764593667,0.3689210308583336,0.2838279755661134,0.232228645875743,0.1735720273021194
0.1374510208290369,0.4468166221883338,0.6352489388937547,0.7110915299041745,0.2670918367346938,0.5500451671183378,0.7878242074927955,0.5072491415490271,0.3730579474764809,0.2884864564694268,0.2384984936080123,0.1819542569752125
0.1352856259022478,0.4406214258482652,0.6322845785892339,0.7157175900429563,0.2681122448979591,0.54516711833785,0.7818804034582133,0.5064860740175506,0.3733950295712929,0.2890726229407047,0.2392313329533425,0.1833313375643635
0.1269333883274901,0.4226077011056042,0.6250084214781378,0.7305870690604692,0.2692176870748299,0.5317073170731708,0.7650396253602306,0.498998473864937,0.3684920172831183,0.2842598877028444,0.2331650517058871,0.1750688540294575
0.1236337389152402,0.413076629813191,0.6204271373711514,0.7379667364247163,0.2707482993197279,0.5242095754290876,0.7579250720461096,0.4952785196489889,0.3649373333741918,0.2805577836737213,0.227994462991613,0.1687821817746377
0.1326046607547948,0.4153640869233701,0.6161827123896786,0.7317986562396739,0.277125850340136,0.5224028906955737,0.7681916426512968,0.498998473864937,0.3672356203842736,0.2827790460911952,0.2312108134516733,0.1734522811639324
0.1424004949474118,0.4144109797941288,0.6091086707538907,0.7271725961008921,0.2856292517006802,0.517163504968383,0.7793587896253603,0.5051030141167493,0.371096742561211,0.2871598691923243,0.2365442553537985,0.1828523530116153
0.1370385646525056,0.4035455585207776,0.6049316175975207,0.7362044278004185,0.2860544217687075,0.5092140921409214,0.777377521613833,0.5037676459366655,0.3696258388747587,0.2854630715123095,0.2348342968813614,0.1808166686624356
0.1260053619302949,0.3890583301563095,0.6018998854678973,0.7505231853728384,0.2834183673469387,0.5003613369467028,0.7650396253602306,0.4965185043876383,0.3649373333741918,0.2806811871413587,0.2294194283853106,0.1733924080948389
0.1280676428129511,0.3855318337781166,0.598059691437041,0.7514043396849873,0.2867346938775509,0.4961156278229449,0.7600864553314122,0.4934662342617321,0.3624551834033034,0.2790460911951626,0.2274651901310968,0.1717159621602203
0.147762425242318,0.3976362943194814,0.5937478946304655,0.7340015420200462,0.2975340136054421,0.4989159891598916,0.767921469740634,0.4979969477298741,0.3659179358318267,0.2828407478250139,0.2331650517058871,0.1789606035205364
0.1581769436997319,0.4118375905451772,0.5969817422353971,0.7201233616037008,0.2997448979591837,0.5078590785907859,0.7827809798270894,0.5059137733689432,0.3713418931756198,0.28833220213488,0.2409412914257796,0.1882409292300323
0.1506496184780366,0.4100266869996187,0.6006198207909451,0.7251899988985571,0.2943877551020408,0.5093947606142728,0.7836815561959655,0.5042922548645555,0.3703612907179849,0.2881470969334239,0.2398420324077843,0.1871632139863489
0.1365229944318416,0.398017537171178,0.6013609108670753,0.7397290450490142,0.288095238095238,0.5042457091237579,0.7751260806916427,0.4947539107210988,0.3635890049949438,0.2819460726846425,0.2318215129061151,0.1775835229313854
0.133017116931326,0.3921082729698817,0.5994744997641985,0.7450159709219076,0.2878401360544217,0.5001806684733514,0.7672910662824208,0.4862170927127051,0.3568473630987038,0.2757758993027704,0.224533832749776,0.16950065860376
0.1410600123736853,0.40383149065955,0.6025736037189248,0.7338913977310276,0.2892006802721088,0.5077687443541102,0.7817903458213257,0.4899847386493705,0.3592988692427911,0.2773801443820571,0.2275059034280596,0.1717758352293138
0.1486904516395133,0.4213686618375905,0.6099171326551236,0.7197929287366449,0.2876700680272108,0.5210478771454382,0.79782060518732,0.4976631056848531,0.3650292648545951,0.2821311778860986,0.2331243384089243,0.1790204765896299
0.1365229944318416,0.4225123903926801,0.6186754699184801,0.725520431765613,0.2772108843537414,0.5274616079494129,0.8043047550432277,0.4989507821442198,0.364998621027794,0.2812056518788178,0.2319436527970035,0.1772242845168243
0.1166219839142091,0.4205108654212733,0.6302634238361516,0.7374160149796233,0.2616496598639455,0.5342366757000904,0.7994416426512968,0.4932754673788631,0.3619342383476849,0.2774109952489665,0.2268544906766549,0.1692611663273859
0.1129098783254279,0.4301372474266106,0.6394933638752274,0.733781253442009,0.2543367346938775,0.5450767841011743,0.7972802593659942,0.4901278138115224,0.3606778414488401,0.2758067501696797,0.2256738050647341,0.1656687821817746
0.1213652299443184,0.4427182615325962,0.6428619551303645,0.7219958145170173,0.2556972789115646,0.5532971996386631,0.818263688760807,0.4991892407478062,0.3640486623969602,0.280280125871537,0.2301522677306408,0.1712369776074721
0.1211590018560528,0.4493900114372854,0.6477127265377618,0.7182509086903843,0.2524659863945578,0.559620596205962,0.8327629682997119,0.5027661198016025,0.3650599086813962,0.2823162830875548,0.2325950655484081,0.1746497425458029
0.1121880800164982,0.4435760579489134,0.6494643939904331,0.7264015860777618,0.247704081632653,0.5580849141824752,0.8222262247838616,0.4957554368561618,0.3617810192136794,0.2797248102671685,0.2297858480579757,0.1717159621602203
0.0992988244998968,0.4306138009912313,0.6487233039143029,0.7408304879392003,0.2428571428571428,0.551490514905149,0.7988112391930836,0.4829263639832126,0.354886158183434,0.2733695316838403,0.2223353147137855,0.1615375404143216
0.0978552278820375,0.4275638581776591,0.6475106110624537,0.7433638065866285,0.2430272108843537,0.5492321589882566,0.7814301152737754,0.4760587561999237,0.350534734777679,0.2700993397914482,0.218589691393209,0.1577056639923362
0.1088884306042483,0.4333778116660312,0.6444115071077275,0.7341116863090649,0.2495748299319727,0.5498644986449864,0.77710734870317,0.4782048836322015,0.3523427205589434,0.2717344357376443,0.2218874684471948,0.1643515746617171
0.1200247473705918,0.4429088829584445,0.6438725325069056,0.7225465359621104,0.2544217687074829,0.5540198735320686,0.7714337175792508,0.4824494467760397,0.3553151717586492,0.2754056888998581,0.2267323507857666,0.1719554544365944
0.1206434316353887,0.4409073579870377,0.6421208650542343,0.7234276902742591,0.2558673469387755,0.5519421860885275,0.756213976945245,0.4780618084700496,0.3528636656145619,0.2739865490220275,0.2242081263740737,0.1686624356364507
0.1086822025159826,0.4299466260007624,0.6421208650542343,0.7360942835113998,0.2508503401360544,0.546702800361337,0.7404538904899136,0.469381915299504,0.3473477767903656,0.268371691244524,0.2183046983144695,0.1595617291342353
0.1070323778098577,0.4248951582157834,0.6396954793505356,0.7399493336270514,0.2517006802721088,0.5426377597109304,0.7340597982708934,0.4669973292636398,0.3452946403946925,0.266489788363053,0.2165133132481068,0.1581247754759908
0.1181686945762012,0.4268013724742661,0.6336993869163915,0.7329000991298601,0.2601190476190476,0.5395663956639566,0.7457672910662825,0.4740557039297978,0.3493089817056354,0.2700993397914482,0.2209103493200879,0.1647706861453718
0.1250773355330996,0.4277544796035074,0.6298591928855353,0.728604471858134,0.265391156462585,0.5374887082204156,0.7597262247838618,0.4810186951545212,0.3530781724021696,0.2738631455543901,0.2255109518768829,0.1720752005747814
0.1251804495772324,0.4201296225695767,0.6244020750522131,0.7330102434188787,0.2688775510204081,0.5301716350496838,0.7552233429394812,0.4778710415871805,0.351178255140502,0.271796137471463,0.2235567136226691,0.1702790085019758
0.1146628170756857,0.4023065192527639,0.6186754699184801,0.7489811653265778,0.2681122448979591,0.5178861788617887,0.7427053314121038,0.470049599389546,0.3448656268194772,0.2651632010859505,0.2155769074179626,0.1608190635851993
0.1088884306042483,0.3960160121997712,0.6179343798423499,0.7555898226676946,0.2662414965986394,0.5143631436314363,0.7391930835734871,0.4658527279664251,0.3410351484693409,0.261522798790646,0.2111391580490187,0.1537540414321637
0.1219839142091152,0.4048799085017155,0.6157784814390621,0.743473950875647,0.2729591836734694,0.517163504968383,0.7527017291066284,0.4719572682182373,0.3439156681886434,0.2642993768124884,0.2144776483999674,0.1599209675487965
0.1303361517838729,0.4092642012962256,0.6132857239102607,0.7365348606674744,0.2780612244897959,0.5175248419150857,0.7637788184438041,0.478300267073636,0.3475929274047743,0.2676312704386993,0.2194039573324647,0.1674649742545802
0.1280676428129511,0.4069767441860464,0.613218352085158,0.7390681793149024,0.277125850340136,0.5164408310749774,0.7534221902017292,0.4741510873712324,0.3466429687739405,0.2673536126365151,0.2195260972233531,0.1663872590108969
0.1193029490616622,0.3996378192908882,0.6136899548608771,0.7479898667254102,0.2732142857142857,0.5132791327913279,0.7418948126801154,0.4663773368943152,0.3425366959825943,0.2643610785463072,0.2156583340118882,0.1617171596216022
0.1174468962672716,0.4053564620663362,0.6190797008690965,0.7456768366560194,0.269047619047619,0.5196025293586269,0.7402737752161384,0.4630866081648225,0.3402996966261147,0.262633429999383,0.2138262356485628,0.1592024907196742
0.1255929057537636,0.4238467403736179,0.6266927171057064,0.7305870690604692,0.2676020408163265,0.5335140018066847,0.7507204610951009,0.46752193819153,0.34241412067539,0.2647004380823101,0.216472599951144,0.1633936055562208
0.1307486079604042,0.4340449866565001,0.6306002829616655,0.7219958145170173,0.2672619047619047,0.5409214092140922,0.7680115273775218,0.4739603204883632,0.3459075169307143,0.2673844635034245,0.2210324892109763,0.1680637049455154
0.1208496597236543,0.4244186046511627,0.6302634238361516,0.7329000991298601,0.2633503401360544,0.53613369467028,0.767020893371758,0.471575734452499,0.3438850243618423,0.265718516690319,0.2183454116114322,0.1636330978325949
0.1019797896473499,0.4074532977506671,0.6306002829616655,0.7527260711532107,0.2553571428571428,0.5283649503161698,0.7608969740634006,0.4648035101106448,0.3401771213189103,0.2605972727833652,0.2111391580490187,0.1542330259849119
0.1019797896473499,0.4068814334731223,0.6301960520110489,0.7530565040202665,0.2556972789115646,0.5278229448961156,0.7654899135446687,0.4654711942006868,0.3395642447828885,0.2589313259702598,0.2088185001221398,0.1514189917375164
0.1105382553103732,0.4162218833396873,0.63120662938759,0.7430333737195727,0.2585884353741496,0.5328816621499548,0.7863832853025937,0.4741510873712324,0.344436613244262,0.2628493860677485,0.2134598159758977,0.1575859178541492
0.1159001856052794,0.4166984369043079,0.628107525432864,0.7399493336270514,0.2626700680272109,0.5310749774164408,0.7997118155619598,0.4813048454788248,0.3477461465387798,0.2658419201579565,0.2176939988600276,0.1638127170398754
0.1096102289131779,0.4122188333968737,0.6289833591591997,0.7458971252340566,0.2596088435374149,0.5294489611562783,0.8019632564841499,0.4807325448302175,0.3459994484111175,0.2647004380823101,0.2167983063268463,0.1618967788288827
0.1016704475149515,0.4142203583682805,0.6355857980192683,0.7489811653265778,0.252125850340136,0.5348690153568202,0.7846721902017292,0.4717188096146509,0.3419544632733736,0.2612142901215524,0.2121162771761257,0.154352772123099
0.0989894823674984,0.4249904689287075,0.6450178535336522,0.7441348166097588,0.2450680272108843,0.5462511291779585,0.7708933717579252,0.4656619610835559,0.340422271933319,0.2603504658480903,0.2104470320006514,0.1514189917375164
0.1071354918539905,0.4430041936713686,0.6522940106447483,0.729485626170283,0.2437925170068027,0.5597109304426378,0.7754863112391932,0.4698111407859596,0.3436705175742347,0.2644844820139446,0.2161876068724045,0.1573464255777751
0.1148690451639513,0.4593023255813952,0.6587617058546116,0.7158277343319748,0.2429421768707483,0.5717253839205059,0.7846721902017292,0.4757249141549027,0.347163913829559,0.2680323317085211,0.222416741307711,0.1645311938689977
0.104145184574139,0.4517727792603888,0.6605133733072829,0.7259610089216874,0.2374149659863945,0.5693766937669377,0.7716138328530259,0.4684280808851583,0.3448656268194772,0.2654717097550442,0.2189561110658741,0.1609388097233864
0.0906372447927407,0.4372855508959206,0.6590311931550225,0.741491353673312,0.2327380952380952,0.5615176151761517,0.7451368876080692,0.4584128195345288,0.3386449299788558,0.2600419571789967,0.2114648644247211,0.15147886480661
0.0939368942049907,0.4342356080823484,0.6547867681735499,0.7416014979623305,0.2368197278911564,0.5572719060523939,0.7336095100864555,0.4562190003815338,0.3368675880243925,0.2590238785709878,0.2105691718915397,0.1495030535265237
0.1088884306042483,0.4348074723598932,0.6454220844842686,0.7332305319969159,0.2488945578231292,0.5512195121951219,0.7418948126801154,0.4636112170927127,0.3396868200900929,0.2620781143950145,0.214925494666558,0.1551909950904083
0.1191998350175293,0.4356652687762103,0.6393586202250219,0.7272827403899107,0.2569727891156462,0.5475158084914182,0.744956772334294,0.4689526898130485,0.3440382434958478,0.2658110692910471,0.2194039573324647,0.1617770326906957
0.1211590018560528,0.4266107510484178,0.6316782321633092,0.7314682233726181,0.2625850340136054,0.5381210478771454,0.7387427953890491,0.4694772987409386,0.3440995311494499,0.2652249028197692,0.2189561110658741,0.1625553825889115
0.1120849659723654,0.4091688905833015,0.6252105369534461,0.7463377023901311,0.2630102040816326,0.5255645889792232,0.7309978386167146,0.4623712323540633,0.3400239021849049,0.2612451409884618,0.2141112287273023,0.1549515028140342
0.1167250979583419,0.4076439191765153,0.6211008556221788,0.7447956823438704,0.2674319727891156,0.5220415537488707,0.7297370317002883,0.4616081648225868,0.3395948886096896,0.2616153513913741,0.2137855223516,0.1541731529158184
0.1288925551660136,0.4169843690430803,0.6198207909452267,0.7329000991298601,0.2732993197278911,0.5255645889792232,0.7436959654178674,0.4699542159481115,0.3444979008978642,0.2663046831615969,0.2200146567869066,0.1638725901089689
0.136316766343576,0.4193671368661837,0.6165195715151923,0.7275030289679479,0.2784863945578231,0.5244805781391148,0.7563040345821326,0.4768218237314002,0.3492783378788344,0.270253594125995,0.2251038189072551,0.1713567237456592
0.1320890905341307,0.4071673656118947,0.6107255945563566,0.7368652935345302,0.2803571428571428,0.5148148148148148,0.7554935158501442,0.4762018313620755,0.3476542150583765,0.2685259455790708,0.2232310072469668,0.1688420548437312
0.1187873788409981,0.3915364086923369,0.6084349525028633,0.7529463597312479,0.2763605442176871,0.5058717253839206,0.7430655619596542,0.469048073254483,0.3425366959825943,0.2625100265317456,0.2155769074179626,0.1589031253742066
0.115590843472881,0.3909645444147921,0.6100518763053291,0.7550391012226015,0.2739795918367346,0.5066847335140018,0.7400936599423631,0.4656619610835559,0.3399932583581038,0.2598568519775406,0.2120755638791629,0.1547718836067536
0.1280676428129511,0.4039268013724741,0.6110624536818702,0.7408304879392003,0.2784863945578231,0.513550135501355,0.7503602305475505,0.4694296070202213,0.3425979836361965,0.2630344912692047,0.21626903346633,0.1607591905161058
0.1284800989894823,0.4101219977125428,0.6151721350131375,0.7369754378235488,0.2761054421768707,0.5192411924119241,0.7564841498559077,0.4698588325066768,0.3434560107866271,0.2647621398161289,0.2192003908476508,0.1648305592144653
0.1195091771499278,0.4056423942051086,0.6177996361921444,0.744355105187796,0.2707482993197279,0.5188798554652213,0.7530619596541787,0.467188096146509,0.341770600312567,0.2631578947368421,0.2167983063268463,0.161238175068854
0.1071354918539905,0.4019252764010674,0.6233241258505693,0.7531666483092851,0.2620748299319728,0.5208672086720868,0.7417146974063401,0.4608450972911103,0.3377562590016242,0.2587462207688036,0.2114648644247211,0.1521973416357322
0.1057950092802639,0.4078345406023636,0.6284443845583776,0.7504130410838198,0.2583333333333333,0.5270099367660344,0.7480187319884728,0.4621327737504769,0.3383384917108449,0.2586228173011662,0.2117905708004234,0.1517782301520776
0.1126005361930295,0.423942051086542,0.6353163107188573,0.7375261592686418,0.2568027210884354,0.5392953929539295,0.7673811239193085,0.468714231209462,0.3431189286918151,0.2627568334670204,0.2157397606058138,0.157106933301401
0.1120849659723654,0.4268966831871901,0.6378090682476588,0.7360942835113998,0.255017006802721,0.5423667570009033,0.784942363112392,0.4752003052270126,0.3466429687739405,0.2651632010859505,0.2182232717205439,0.1603999521015447
0.104660754794803,0.4148875333587495,0.6341709896921107,0.7469985681242427,0.2542517006802721,0.5342366757000904,0.7912463976945245,0.4780141167493323,0.3468268317347471,0.2639600172764855,0.2159840403875906,0.1563884564722787
0.0971334295731078,0.4025924513915363,0.6303307956612544,0.7581231413151228,0.2535714285714285,0.5258355916892502,0.7862031700288185,0.4746756962991225,0.3437318052278368,0.2604430184488184,0.2110170181581304,0.1483055921446533
0.0974427717055063,0.4045939763629431,0.6315434885131038,0.7568014098468995,0.252891156462585,0.5276422764227642,0.7878242074927955,0.4730541777947348,0.342077038580578,0.2579749490960696,0.208411367152512,0.1450125733445096
0.1093008867807795,0.4219405261151352,0.6360574007949875,0.7403899107831259,0.2549319727891156,0.5388437217705511,0.8000720461095101,0.4782525753529187,0.3466736126007416,0.2628185352008392,0.2140705154303395,0.1535145491557897
0.1156939575170138,0.4383339687380861,0.6434683015562892,0.7275030289679479,0.2529761904761904,0.5515808491418248,0.8088976945244958,0.4845955742083174,0.3521588575981369,0.2685567964459802,0.2213581955866786,0.1620763980361633
0.1071354918539905,0.4383339687380861,0.6490601630398167,0.7321290891067298,0.2459183673469387,0.5553748870822042,0.7980007204610953,0.4801125524608928,0.3503508718168726,0.2669525513666934,0.2194853839263903,0.1589031253742066
0.0916683852340688,0.427468547464735,0.6514855487435154,0.7466681352571869,0.2380102040816326,0.5517615176151762,0.7669308357348703,0.4676173216329645,0.3431802163454172,0.2615845005244647,0.212441983551828,0.1499820380792719
0.0858939987626314,0.4329012581014105,0.6590985649801253,0.7466681352571869,0.23078231292517,0.5594399277326106,0.7482889048991356,0.4584128195345288,0.3382772040572427,0.2592398346393534,0.2091034932008794,0.1459705424500059
0.089399876263147,0.4629241326725123,0.6780300478339958,0.7273928846789294,0.2202380952380952,0.586449864498645,0.7452269452449568,0.4554082411293399,0.3402384089725125,0.2623557721971988,0.2140298021333767,0.1505807687702071
0.0841410600123736,0.498665650019062,0.7067304453277639,0.7095495098579139,0.1999999999999999,0.622583559168925,0.7476585014409223,0.4490175505532239,0.3423834768485889,0.2676312704386993,0.2188746844719485,0.1526164531193869
0.0603217158176943,0.5221120853983987,0.7388668059017718,0.7086683555457649,0.1698979591836734,0.6551942186088527,0.7385626801152738,0.4325639069057612,0.3382159164036405,0.2688344542481644,0.2170018728116602,0.1430966351335169
0.0546504433903897,0.5150590926420129,0.7375867412248197,0.7158277343319748,0.1683673469387755,0.6510388437217706,0.7477485590778098,0.4396699732926364,0.3517604878497227,0.2858024310483125,0.2286865890399804,0.1469285115555023
0.1096102289131779,0.5207777354174609,0.7057198679512228,0.6831148804934463,0.2111394557823128,0.6323396567299007,0.7914265129682998,0.5053414727203358,0.4147641957527657,0.3541062503856358,0.2939907173682924,0.2072805652017722
0.2256135285625902,0.5219214639725505,0.6307350266118709,0.6205529243308734,0.3062925170068027,0.5826558265582655,0.8528458213256485,0.6141262876764594,0.525388410504704,0.4755969642746961,0.4119371386694894,0.3246916536941683
0.3846153846153846,0.5034311856652688,0.5137775382335107,0.5463156735323274,0.4456632653061224,0.495483288166215,0.869506484149856,0.7293017932086989,0.6604663990439127,0.6288023693465787,0.5569579024509405,0.4723985151478865
0.556094040008249,0.4972359893252001,0.3973590244559725,0.4583103866064544,0.5897959183673469,0.4145438121047876,0.8120497118155621,0.8357020221289584,0.8044310973554378,0.7876226321959648,0.704380750753196,0.6276493833073883
0.7105588781191998,0.5334540602363704,0.3221046958162096,0.3548848992179755,0.7010204081632652,0.3812104787714543,0.7168587896253603,0.9046642502861504,0.9010817270860788,0.895477262911088,0.8176044296067095,0.7599688660040712
0.8632707774798929,0.5796797560045748,0.2550023580138785,0.2466130631126775,0.8063775510204081,0.3581752484191508,0.5981628242074929,0.92293017932087,0.927190267520608,0.9217930523847722,0.8772901229541568,0.8647467369177344
0.9648381109507116,0.5694815097216926,0.1813649531765815,0.1982597202335058,0.8946428571428571,0.3039747064137308,0.4878422190201729,0.9025181228538726,0.9141666411301445,0.8918368606157835,0.8781858154873381,0.9137827805053288
0.8857496391008456,0.4739801753717117,0.1655325742774371,0.295627271725961,0.8721088435374148,0.2480578139114724,0.4112031700288185,0.7574399084318962,0.7700793675114149,0.7431665329795767,0.7516896018239557,0.8152915818464854
0.6576613734790678,0.377239801753717,0.2461766489254193,0.4734001542020046,0.7271258503401359,0.2562782294489611,0.2737752161383285,0.4486837085082029,0.4609137989152085,0.4705991238353798,0.5099340444589202,0.5848401389055202
0.3945143328521344,0.3862943194815096,0.4245098699723775,0.608657341116863,0.5061224489795918,0.3801264679313459,0.1697586455331412,0.171260969095765,0.1699506634388502,0.1951008823347936,0.2432212360556958,0.3096635133516944
0.2623221282738709,0.4248951582157834,0.5381661389207034,0.6570106839960348,0.3798469387755102,0.4746160794941282,0.1451729106628242,0.0823636016787486,0.0668035424263782,0.0848707348676498,0.1213663382460711,0.1684828164291701
0.248092390183543,0.4500571864277544,0.5651822407869029,0.650071593787862,0.3568877551020408,0.5046973803071364,0.2629682997118155,0.1846623426173216,0.1411761100726259,0.1343863762571728,0.1468935754417392,0.169740150880134
0.2201484842235512,0.4744567289363323,0.6007545644411507,0.6508426038109923,0.3229591836734694,0.5401084010840108,0.4520893371757925,0.3235883250667684,0.2424846014770325,0.2049114580119701,0.1947316993730152,0.1876421985390971
0.1700350587750051,0.4506290507052992,0.6167216869905005,0.691485846458861,0.2922619047619047,0.5394760614272809,0.593299711815562,0.4134395268981304,0.303006159409187,0.2398963410871845,0.2086149336373259,0.1740510118548676
0.1455970303155289,0.4151734654975218,0.6075591187765277,0.7249697103205198,0.2879251700680272,0.5165311653116531,0.6672370317002883,0.4563143838229683,0.3312291238929918,0.253470722527303,0.2106098851885025,0.1629744940725661
0.1412662404619509,0.3992565764391917,0.5991376406386849,0.7364247163784556,0.2914965986394557,0.503342366757001,0.7077629682997119,0.4716234261732163,0.3411577237765453,0.2577589930277041,0.2112205846429443,0.1602203328942641
0.14013198597649,0.4071673656118947,0.6054705921983426,0.7325696662628042,0.2869897959183673,0.5113821138211382,0.7505403458213257,0.4817817626859977,0.3484203107284038,0.2618313074597397,0.2135005292728605,0.1633337324871273
0.1338420292843885,0.4048799085017155,0.6080307215522468,0.7371957264015859,0.2827380952380952,0.5120144534778681,0.7838616714697407,0.4903185806943914,0.3530168847485674,0.2627568334670204,0.2144369351030046,0.1632738594180337
0.115590843472881,0.3931566908120472,0.6116014282826921,0.7537173697543782,0.2729591836734694,0.5087624209575429,0.7894452449567724,0.4898893552079358,0.3503202279900714,0.2577898438946134,0.2078820942919957,0.1538139145012573
0.1001237368529593,0.3804803659931375,0.6128141211345415,0.7692477145060028,0.2659013605442176,0.5036133694670281,0.7869236311239193,0.483689431514689,0.3452639965678914,0.2513420127105572,0.1987216024753684,0.1404023470243084
0.0912559290575376,0.3754288982081585,0.6149700195378293,0.7769578147373057,0.2608843537414965,0.5026196928635953,0.7959293948126802,0.4832602060282335,0.3440075996690467,0.2488739433578084,0.1952202589365686,0.1357322476350137
0.0943493503815219,0.3789553945863514,0.6155089941386512,0.7733230531996915,0.261734693877551,0.5046973803071364,0.8076368876080693,0.4876478443342236,0.3451107774338859,0.2502622323687296,0.1968895041120429,0.1384864088133157
0.0964116312641781,0.3820053373999237,0.6161827123896786,0.770349157396189,0.2621598639455782,0.5065943992773261,0.8033141210374641,0.4861217092712705,0.3447430515122729,0.2505398901709139,0.1978666232391498,0.140581966231589
0.0804289544235924,0.376477316050324,0.6227851512497472,0.7821345963211807,0.2514455782312925,0.50840108401084,0.7901657060518733,0.4795402518122854,0.3416480250053627,0.2470537422101561,0.1931845940884292,0.1343551670458627
0.0666116725097958,0.3651353412123522,0.6238631004513912,0.7961229210265448,0.2450680272108843,0.5037940379403795,0.7763868876080692,0.4718141930560854,0.3365611497563816,0.2409144196951934,0.185937627229053,0.1230990300562806
0.0723860589812332,0.3637056805184902,0.6190797008690965,0.7938098909571538,0.2505102040816326,0.4999096657633243,0.7729646974063401,0.4720049599389546,0.3365917935831827,0.2406984636268279,0.1848383682110577,0.1220811878816908
0.0866157970715611,0.3730461303850552,0.6163174560398841,0.7808128648529573,0.258078231292517,0.5024390243902439,0.7841318443804035,0.4794925600915681,0.3415254496981583,0.2451718393286851,0.1897239638465922,0.12818824092923
0.0878531656011548,0.3745711017918413,0.6165869433402951,0.7792708448066967,0.2584183673469387,0.503342366757001,0.7936779538904899,0.4829740557039298,0.3435479422670304,0.2456037514654162,0.1915153489129549,0.1314812597293737
0.0750670241286863,0.3625619519634006,0.6163848278649868,0.7930388809340235,0.2532312925170067,0.4974706413730804,0.7857528818443804,0.4770125906142693,0.3396868200900929,0.2406676127599185,0.1860190538229786,0.1258531912345827
0.0656836461126005,0.3529355699580632,0.6157111096139594,0.8036127326798106,0.2498299319727891,0.4925022583559169,0.7748559077809799,0.469715757344525,0.3343547942267031,0.235824026655149,0.1784463805879,0.1162735001796192
0.0710455764075067,0.3550324056423942,0.6137573266859799,0.7995373939861218,0.2533163265306122,0.492140921409214,0.7719740634005764,0.4679511636779855,0.333680630037079,0.234620842845684,0.1773878348668675,0.1147766734522811
0.0843472881006393,0.3709492947007243,0.6163174560398841,0.7832360392113668,0.2571428571428571,0.5014453477868113,0.784942363112392,0.4758202975963372,0.3384610670180492,0.239248472882088,0.1834948294112857,0.1236378876781223
0.0871313672922252,0.3791460160121997,0.6202923937209459,0.7770679590263244,0.25578231292517,0.5080397470641373,0.799171469740634,0.4820202212895841,0.3421383262341801,0.2430431295119393,0.1886654181255598,0.1299245599329421
0.0809445246442565,0.3727601982462828,0.6198881627703293,0.784007049234497,0.2534863945578231,0.5046973803071364,0.7979106628242075,0.4794448683708509,0.3402384089725125,0.2408835688282841,0.1867111798713459,0.1269907795473596
0.0718704887605691,0.3557948913457872,0.6137573266859799,0.7986562396739728,0.2535714285714285,0.4925925925925925,0.7958393371757925,0.4768218237314002,0.3364692182759783,0.2360708335904239,0.1798713459815976,0.1173512154233025
0.0735203134666941,0.3548417842165459,0.6120056592333086,0.798325806806917,0.2553571428571428,0.4908762420957542,0.8015129682997119,0.4802556276230447,0.3370820948120001,0.2354538162522367,0.1788128002605651,0.115794515626871
0.0884718498659517,0.3705680518490278,0.6133530957353635,0.7812534420090318,0.2607142857142857,0.4992773261065943,0.8162824207492795,0.4905093475772606,0.3440688873226489,0.2420559017708398,0.1856933474472762,0.1252544605436474
0.0956898329552485,0.3804803659931375,0.6157111096139594,0.7716708888644124,0.2621598639455782,0.5056007226738933,0.8238472622478387,0.4974246470812666,0.3490944749180278,0.2465601283396064,0.191311782428141,0.1321997365584959
0.0905341307486079,0.372950819672131,0.6136225830357744,0.7787201233616037,0.2613945578231292,0.5006323396567299,0.8179935158501442,0.4929416253338421,0.3460913798915209,0.2430739803788486,0.1879732920771923,0.12818824092923
0.0781604454526706,0.3593213877239801,0.6121404028835141,0.7932591695120608,0.2572278911564625,0.4931345980126468,0.8084474063400577,0.4845001907668829,0.3405448472405234,0.2372123156660702,0.1804413321390766,0.1192072805652017
0.0770261909672097,0.3571292413267251,0.6113319409822812,0.7951316224253772,0.2572278911564625,0.4915989159891599,0.8125900576368876,0.4854540251812285,0.3396255324364907,0.2354229653853273,0.1775506880547186,0.1168722308705544
0.085584656630233,0.3704727411361036,0.6151721350131375,0.782905606344311,0.2583333333333333,0.5004516711833785,0.829520893371758,0.4972338801983976,0.3445285447246652,0.2386314555439008,0.1821512906115137,0.1226200455035325
0.0878531656011548,0.3783835303088066,0.619214444519302,0.7770679590263244,0.2567176870748299,0.5068654019873532,0.8469020172910663,0.5071537581075926,0.3504734471240769,0.2418399457024742,0.1862226203077925,0.1272901448928272
0.0716642606723035,0.3632291269538696,0.6191470726941993,0.7944707566912655,0.2500850340136054,0.4996386630532971,0.8545569164265131,0.508918351774132,0.3506266662580823,0.240019744554822,0.1825177102841787,0.1198658843252305
0.064858733759538,0.3517918414029736,0.6155089941386512,0.8047141755699967,0.2495748299319727,0.491869918699187,0.8484329971181557,0.5077260587561999,0.3482670915943983,0.2365644474609737,0.176125722661021,0.1120225122739791
0.0682614972159208,0.350648112847884,0.612409890183925,0.8035025883907918,0.2529761904761904,0.4892502258355917,0.8477125360230547,0.5105398702785197,0.3478687218459841,0.2359165792558771,0.1754335966126537,0.1128008621721949
0.0883687358218189,0.3636103698055661,0.608502324327966,0.7853287807027205,0.2636904761904761,0.492773261065944,0.8596902017291067,0.521032048836322,0.3536910489381915,0.2415314370333806,0.1827619900659555,0.1247156029218057
0.0966178593524438,0.3699008768585588,0.6075591187765277,0.7772882476043617,0.2677721088435373,0.4951219512195122,0.8703170028818445,0.5276611980160244,0.356908650752306,0.2439378046523107,0.1869147463561599,0.1320799904203089
0.087234481336358,0.3635150590926419,0.6091760425789934,0.7859896464368322,0.2628401360544217,0.4931345980126468,0.8631123919308359,0.5244658527279664,0.3539361995526001,0.2391867711482693,0.1821512906115137,0.1256735720273021
0.0751701381728191,0.3544605413648494,0.6106582227312537,0.7976649410728054,0.2569727891156462,0.4897922312556458,0.8499639769452451,0.5187905379626097,0.3484509545552048,0.232738939964213,0.174782183861249,0.1159741348341516
0.0800164982470612,0.3555089592070148,0.608232837027555,0.7944707566912655,0.2604591836734694,0.4887082204155374,0.8539265129682998,0.5220812666921022,0.3479912971531885,0.2298081076078238,0.1722579594495562,0.1152556580050293
0.0920808414106001,0.3659931376286693,0.6077612342518358,0.7819143077431434,0.2657312925170068,0.4933152664859982,0.868335734870317,0.530284242655475,0.3513621181013086,0.2318134139569322,0.174985750346063,0.1227397916417195
0.0961022891317797,0.3654212733511246,0.6047295021222124,0.7801519991188457,0.2693027210884353,0.4910569105691056,0.8800432276657061,0.5391549027088898,0.3549780896638372,0.233170852100944,0.177672827945607,0.1278290025146689
0.0886780779542173,0.3511246664125047,0.5994744997641985,0.7923780151999118,0.2695578231292517,0.4807588075880759,0.877341498559078,0.538344143456696,0.3527410903073576,0.2293453446041834,0.1735200716554026,0.1230990300562806
0.0874407094246236,0.3406404879908501,0.5929394327292327,0.7990968168300473,0.2731292517006802,0.4713640469738031,0.8634726224783862,0.5330980541777948,0.3486041736892103,0.223576232492133,0.1674130771109844,0.1158543886959645
0.0957929469993813,0.3412123522683949,0.5877518021963214,0.7943606124022469,0.2799319727891156,0.4682023486901536,0.8630223342939481,0.538344143456696,0.3494622008396408,0.2233602764237675,0.1673723638140216,0.1166926116632738
0.1099195710455764,0.3509340449866564,0.5854611601428282,0.7811432977200131,0.2871598639455782,0.4712737127371273,0.8758105187319885,0.5508870660053414,0.3557748291606656,0.2283889677299932,0.1733165051705887,0.1268710334091725
0.1162095277376778,0.3559855127716355,0.5849221855420063,0.7748650732459521,0.2901360544217687,0.4732610659439928,0.8888688760806918,0.5603300267073636,0.3623326080960991,0.2332325538347628,0.1801970523572998,0.1377679319841935
0.1130129923695607,0.3519824628288219,0.5841137236407734,0.7789404119396409,0.2892857142857142,0.4708220415537488,0.8863472622478387,0.5589469668065624,0.3638954432629547,0.2337261677053125,0.1805227587330021,0.1373488205005388
0.1162095277376778,0.3522683949675943,0.5822946843629994,0.7770679590263244,0.291751700680272,0.4697380307136404,0.8750000000000001,0.5572300648607401,0.365672785217418,0.2361325353242426,0.1819477241266997,0.1369895820859777
0.1303361517838729,0.3637056805184902,0.58108199151115,0.7628593457429232,0.2983843537414966,0.4743450767841012,0.8675252161383286,0.5620469286531858,0.3725676462476635,0.2441229098537669,0.191311782428141,0.1457310501736319
0.1475561971540523,0.3784788410217308,0.5803409014350198,0.7451261152109263,0.3059523809523809,0.4808491418247515,0.8707672910662825,0.5712991224723388,0.3826188214384213,0.2560004936138706,0.2046657438319355,0.1608190635851993
0.158073829655599,0.390106747998475,0.581620966111972,0.7327899548408414,0.309438775510204,0.4872628726287262,0.8738292507204611,0.5767836703548264,0.3911684491159257,0.267261060035787,0.2180604185326927,0.1753083463058316
0.1566302330377397,0.3948722836446816,0.586067506568753,0.7308073576385065,0.3060374149659863,0.4925022583559169,0.8622118155619596,0.5713945059137734,0.3934667361260074,0.2723823039427408,0.2226610210894878,0.1783019997605077
0.1465250567127242,0.3926801372474265,0.5910530216263559,0.7375261592686418,0.2987244897959183,0.4947606142728094,0.8430295389048992,0.5592331171308661,0.3895749701222689,0.2729067686802,0.2209917759140135,0.1748892348221769
0.1508558465663023,0.4063095691955775,0.5978575759617328,0.7272827403899107,0.2961734693877551,0.5057813911472447,0.8279899135446687,0.5507916825639069,0.3878895596482088,0.2770407848460542,0.2261216513313248,0.179140222727817
0.1662198391420911,0.4328059473884864,0.6065485413999866,0.7038220068289459,0.2970238095238094,0.5242095754290876,0.8215958213256483,0.5461655856543304,0.3897281892562744,0.2846609489726662,0.2364628287598729,0.1903364866483056
0.1647762425242318,0.4423370186808997,0.6142289294616992,0.6989756581121268,0.2916666666666667,0.5338753387533876,0.817092939481268,0.5385826020602824,0.3871847516317838,0.2881779478003332,0.2403713052683006,0.1935097593102622
0.1467312848009899,0.4255623332062523,0.6141615576365963,0.718361052979403,0.2842687074829931,0.5258355916892502,0.8013328530259366,0.5248950782144219,0.3801366714675329,0.2849386067748504,0.2352821431479521,0.1850676565680756
0.1269333883274901,0.4070720548989706,0.6140268139863909,0.7396189007599955,0.2761904761904761,0.5169828364950316,0.7810698847262249,0.5073445249904617,0.3711886740416143,0.2788301351267971,0.2275873300219851,0.1733924080948389
0.1272427304598886,0.409550133434998,0.6156437377888567,0.7379667364247163,0.2752551020408163,0.5193315266485998,0.7717939481268011,0.4995230827928272,0.3668985382894616,0.2771641883136916,0.2268137773796922,0.1715962160220333
0.1344607135491854,0.4176515440335492,0.6165869433402951,0.729485626170283,0.2776360544217687,0.5237579042457091,0.778278097982709,0.5027184280808852,0.3674807709986823,0.2782748195224286,0.2294194283853106,0.1756077116512992
0.1350793978139822,0.4245139153640868,0.6210334837970761,0.7251899988985571,0.2750850340136054,0.5299909665763324,0.7830511527377522,0.5038153376573827,0.3672969080378758,0.2787684333929783,0.2309665336698965,0.1778230152077595
0.1244586512683027,0.4175562333206251,0.6230546385501583,0.7348826963321952,0.2693877551020408,0.5280939476061428,0.7723342939481269,0.4956123616940099,0.3623632519229002,0.2750046276300364,0.2263659311131015,0.1714764698838462
0.1163126417818106,0.4080251620282119,0.6216398302230006,0.7447956823438704,0.2669217687074829,0.5225835591689251,0.7593659942363113,0.4870278519648989,0.3569392945791071,0.2705929536619979,0.2207882094291995,0.1629744940725661
0.1174468962672716,0.4084064048799084,0.6212355992723843,0.7439145280317215,0.267687074829932,0.5224932249322494,0.7589157060518733,0.4872663105684853,0.3564183495234885,0.2712099710001851,0.2209103493200879,0.1630942402107531
0.1257991338420293,0.4184140297369423,0.6227851512497472,0.7336711091529904,0.2701530612244898,0.5282746160794941,0.7713436599423631,0.4925123998473865,0.3595440198571998,0.2744184611587585,0.2264880710039899,0.1715962160220333
0.1321922045782635,0.4237514296606938,0.6224482921242337,0.7271725961008921,0.2729591836734694,0.5305329719963866,0.7765670028818444,0.4955169782525753,0.3610455673704532,0.2766088727093231,0.2292972884944222,0.1763261884804215
0.1229119406063105,0.4129813191002668,0.6208313683217678,0.7384073135807908,0.2702380952380952,0.5243902439024389,0.7724243515850144,0.4898893552079358,0.3573683081543223,0.2732461282162029,0.2255516651738457,0.1702191354328822
0.1121880800164982,0.3983987800228745,0.6174627770666307,0.7525057825751734,0.2679421768707483,0.5152664859981934,0.7651296829971183,0.4834032811903854,0.3534458983237827,0.268711050780527,0.2193632440355019,0.1618369057597892
0.1201278614147246,0.4065001906214258,0.6180691234925554,0.7435840951646657,0.2708333333333333,0.5194218608852755,0.7667507204610953,0.484690957649752,0.3543958569546165,0.2704078484605418,0.2209510626170507,0.1639324631780624
0.1303361517838729,0.4240373617994662,0.6237957286262885,0.728053750413041,0.271343537414966,0.531616982836495,0.7793587896253603,0.4915585654330408,0.3587472803603714,0.2751280310976738,0.2270173438645061,0.1718357082984073
0.1323984326665291,0.4249904689287075,0.623122010375261,0.7264015860777618,0.272704081632653,0.531616982836495,0.7869236311239193,0.4960415871804655,0.3617810192136794,0.2778737582526069,0.2311293868577477,0.1772242845168243
0.1249742214889668,0.416031261913839,0.6216398302230006,0.7354334177772882,0.2705782312925169,0.5263775971093044,0.7801693083573488,0.4928939336131248,0.3595133760303987,0.275652495835133,0.2283201693673153,0.1733325350257454
0.1171375541348731,0.4120282119710254,0.623930472276494,0.7419319308293865,0.2658163265306122,0.5260162601626016,0.7708933717579252,0.4879816863792446,0.3565409248306929,0.2728450669463812,0.2234345737317808,0.1672853550472997
0.1227057125180449,0.4212733511246663,0.6268274607559119,0.7336711091529904,0.2663265306122448,0.5323396567299006,0.779178674351585,0.4923216329645173,0.3592375815891889,0.2757450484358611,0.2256330917677713,0.1702790085019758
0.1344607135491854,0.4359512009149828,0.6295223337600215,0.718911774424496,0.2694727891156462,0.5411020776874436,0.8027737752161384,0.5044353300267074,0.3677565654398921,0.283704572098476,0.2339793176451428,0.1811160340079032
0.1375541348731697,0.4413839115516583,0.6313413730377955,0.7141755699966956,0.2695578231292517,0.5448961156278229,0.8114193083573488,0.5097768027470432,0.3725370024208623,0.2876843339297834,0.2377249409657194,0.1851275296371692
0.1281707568570839,0.4268966831871901,0.6272316917065283,0.7275030289679479,0.2683673469387754,0.535230352303523,0.8005223342939481,0.5032907287294925,0.3694113320871511,0.2844449929043006,0.2329207719241104,0.1780026344150401
0.1235306248711074,0.417460922607701,0.6235262413258774,0.7354334177772882,0.2687925170068027,0.5282746160794941,0.7868335734870318,0.4977107974055704,0.3652437716422027,0.2807120380082681,0.2273837635371712,0.1715363429529397
0.1309548360486698,0.4233701868089972,0.6229198948999528,0.728053750413041,0.2721938775510204,0.530713640469738,0.7843119596541787,0.4972815719191149,0.3665001685410474,0.2814524588140927,0.2292972884944222,0.1728535504729972
0.1460094864920602,0.4358558902020586,0.6218419456983089,0.7128538385284723,0.2790816326530612,0.5358626919602529,0.7969200288184438,0.5079645173597863,0.3732111666104863,0.2878694391312396,0.2372363814021659,0.182014130044306
0.1498247061249742,0.4370949294700723,0.6202923937209459,0.7099900870139884,0.2816326530612245,0.5355013550135501,0.7994416426512968,0.5102060282334987,0.3757239604081758,0.2906768680199914,0.2404120185652634,0.18752245240091
0.1335326871519901,0.4211780404117422,0.6196860472950212,0.7279436061240225,0.2752551020408163,0.5275519421860885,0.7819704610951009,0.4994276993513926,0.3691968252995434,0.2845066946381194,0.2336536112694405,0.1796192072805651
0.1204372035471231,0.4067861227601982,0.6180017516674527,0.7432536622976098,0.2709183673469387,0.5196025293586269,0.7676512968299712,0.4887924456314384,0.3627922654981154,0.2785216264577035,0.2261623646282876,0.1702790085019758
0.1164157558259434,0.4092642012962256,0.6224482921242337,0.7439145280317215,0.2664965986394557,0.5237579042457091,0.7644092219020174,0.4864078595955742,0.3614745809456685,0.2778120565187882,0.2255109518768829,0.1678840857382349
0.1231181686945762,0.421749904689287,0.6268948325810145,0.7332305319969159,0.2664115646258503,0.5326106594399278,0.7732348703170029,0.4919400991987791,0.3644776759721754,0.2816067131486395,0.2310072469668593,0.1747694886839899
0.1240461950917715,0.4266107510484178,0.6297244492353298,0.7299262033263574,0.2650510204081632,0.5367660343270099,0.7767471181556197,0.4950400610454025,0.36600986731223,0.2829024495588326,0.2329207719241104,0.1774039037241049
0.1113631676634357,0.4189858940144871,0.6325540658896449,0.7410507765172375,0.2579931972789115,0.5350496838301716,0.774585734870317,0.490080122090805,0.3632519229001318,0.2798790646017153,0.2292565751974594,0.1705783738474434
0.1020829036914827,0.4072626763248188,0.6303981674863571,0.7527260711532107,0.2555272108843537,0.5280939476061428,0.7641390489913544,0.4851201831362076,0.359635951337603,0.2767014253100512,0.224533832749776,0.1621961441743503
0.1088884306042483,0.4076439191765153,0.6262211143299872,0.7488710210375591,0.2610544217687074,0.5254742547425474,0.7614373198847263,0.4864555513162915,0.3594827322035976,0.2770407848460542,0.2243709795619249,0.1636330978325949
0.1259022478861621,0.4166984369043079,0.6215050865727952,0.7346624077541579,0.2710034013605442,0.5265582655826558,0.7693623919308358,0.4911293399465853,0.3619035945208838,0.2803109767384463,0.2295008549792362,0.1729134235420907
0.1306454939162714,0.4218452154022112,0.6220440611736172,0.7291551933032271,0.2726190476190476,0.5294489611562783,0.7711635446685879,0.4933231590995803,0.3634664296877394,0.2824705374221016,0.2333279048937382,0.1774039037241049
0.1187873788409981,0.4105032405642393,0.6217745738732061,0.7419319308293865,0.2678571428571428,0.5238482384823848,0.7617074927953891,0.4855971003433804,0.3579505408635431,0.2769173813784168,0.2271801970523572,0.1698598970183211
0.1103320272221076,0.4010674799847502,0.6206292528464595,0.7519550611300804,0.2651360544217687,0.5186088527551942,0.7497298270893373,0.4763449065242274,0.3517298440229216,0.2708089097303635,0.2199739434899438,0.1614177942761346
0.1171375541348731,0.4067861227601982,0.6202923937209459,0.7450159709219076,0.2681972789115646,0.5210478771454382,0.7528818443804034,0.4773464326592904,0.3518524193301259,0.2712408218670945,0.2219281817441576,0.1641719554544365
0.1326046607547948,0.4194624475791078,0.6190797008690965,0.729485626170283,0.2752551020408163,0.5262872628726287,0.7672910662824208,0.483689431514689,0.3553458155854503,0.2750971802307645,0.2275059034280596,0.1717159621602203
0.1350793978139822,0.4244186046511627,0.6209661119719733,0.7251899988985571,0.2751700680272109,0.5299006323396567,0.7756664265129682,0.4876001526135063,0.3569392945791071,0.2765471709755044,0.2282794560703525,0.1733924080948389
0.1221901422973809,0.41812809759817,0.6249410496530351,0.7357638506443441,0.2672619047619047,0.5296296296296297,0.764949567723343,0.4788248760015261,0.3525878711733521,0.2721971987412847,0.2228238742773389,0.1665070051490839
0.113941018766756,0.4111704155547083,0.6254126524287542,0.7441348166097588,0.2636054421768707,0.5265582655826558,0.7495497118155621,0.4702880579931324,0.3473784206171666,0.2680323317085211,0.2181418451266183,0.1601604598251706
0.1196122911940606,0.4163171940526114,0.6253452806036515,0.7381870250027536,0.2659863945578231,0.5289972899728997,0.7473883285302595,0.4694772987409386,0.34747035209757,0.2684950947121614,0.2190375376597996,0.1628547479343791
0.1312641781810682,0.4288028974456728,0.6265579734555008,0.7247494217424826,0.2700680272108843,0.5356820234869015,0.7552233429394812,0.47577260587562,0.3510556798332976,0.2724131548096501,0.2242488396710365,0.1723146928511555
0.1296143534749433,0.4315669081204726,0.6295897055851243,0.7239784117193523,0.2674319727891156,0.5390243902439025,0.7581051873198847,0.4801125524608928,0.3534152544969816,0.274541864626396,0.2271394837553945,0.1771045383786372
0.1218808001649824,0.4257529546321005,0.6305329111365626,0.7314682233726181,0.2636054421768707,0.5369467028003613,0.7528818443804034,0.4728634109118657,0.350167008856066,0.271024865798729,0.222620307792525,0.1705783738474434
0.1144565889874201,0.4208921082729698,0.6319477194637202,0.7382971692917721,0.2596938775510204,0.5355916892502258,0.7477485590778098,0.4667111789393361,0.3465203934667362,0.2673227617696058,0.2172868658903997,0.1623158903125374
0.1209527737677871,0.4270873046130384,0.6320824631139257,0.7312479347945808,0.2623299319727891,0.538572719060524,0.7472082132564842,0.468380389164441,0.3477461465387798,0.2679089282408836,0.217816138750916,0.1629146210034726
0.1337389152402557,0.4365230651925276,0.6303981674863571,0.7190219187135147,0.2686224489795918,0.5420054200542006,0.7567543227665707,0.4752003052270126,0.3517298440229216,0.2717344357376443,0.2232310072469668,0.1706382469165369
0.1359043101670447,0.4347121616469691,0.6277032944822475,0.7188016301354774,0.2712585034013605,0.5392953929539295,0.7651296829971183,0.4810186951545212,0.3547942267030307,0.2750663293638551,0.2264066444100643,0.1750688540294575
0.1257991338420293,0.4229889439573007,0.6260189988546789,0.7310276462165436,0.2681122448979591,0.5326106594399278,0.7596361671469741,0.4770125906142693,0.3517298440229216,0.2724440056765595,0.2233531471378552,0.1696802778110406
0.1152815013404825,0.4142203583682805,0.6266927171057064,0.7417116422513493,0.2633503401360544,0.528906955736224,0.7436059077809799,0.4688573063716139,0.3473171329635645,0.2680940334423398,0.2186304046901718,0.1636330978325949
0.1206434316353887,0.4191765154403354,0.6266927171057064,0.7359841392223813,0.2655612244897958,0.5312556458897922,0.7435158501440923,0.4672357878672262,0.3469800508687525,0.2680014808416117,0.2186711179871346,0.1645910669380912
0.1280676428129511,0.4277544796035074,0.627838038132453,0.7270624518118735,0.2679421768707483,0.5360433604336043,0.7509906340057637,0.4712418924074781,0.3493396255324365,0.2705004010612699,0.2220503216350459,0.1696802778110406
0.1278614147246855,0.4235608082348455,0.6250757933032406,0.7295957704593016,0.2695578231292517,0.5322493224932249,0.7563940922190202,0.473244944677604,0.3494009131860386,0.2700993397914482,0.2226610210894878,0.1710573584001916
0.1135285625902247,0.408882958444529,0.6240652159266995,0.7456768366560194,0.2642857142857142,0.5246612466124662,0.747028097982709,0.4668065623807708,0.3438543805350412,0.2639291664095761,0.2156176207149254,0.1626751287270985
0.1009486492060218,0.3993518871521158,0.6255473960789597,0.7580129970261041,0.2581632653061224,0.5211382113821138,0.7349603746397695,0.4575543685616177,0.3383384917108449,0.2582217560313445,0.2085742203403631,0.1525565800502933
0.1029078160445452,0.4061189477697293,0.6290507309843023,0.7530565040202665,0.2568027210884354,0.5266485998193315,0.7400036023054756,0.4602727966425028,0.3392884503416787,0.2584685629666193,0.2091034932008794,0.1518381032211711
0.1147659311198185,0.4154593976362942,0.6279054099575557,0.7412710650952747,0.2623299319727891,0.5303523035230352,0.757384726224784,0.4694296070202213,0.3448656268194772,0.2632195964706609,0.2146812148847813,0.1591426176505807
0.1151783872963497,0.4157453297750666,0.627838038132453,0.7409406322282189,0.2625850340136054,0.5303523035230352,0.766300432276657,0.4731495612361694,0.3488493243036191,0.2666131918306905,0.2179382786418044,0.1632738594180337
0.099195710455764,0.4065955013343499,0.6318129758135147,0.7547086683555457,0.2534863945578231,0.5287262872628726,0.7636887608069165,0.4724341854254102,0.3470106946955536,0.2651014993521318,0.2145590749938929,0.1568075679559334
0.0914621571458032,0.4050705299275638,0.6357879134945765,0.7596651613613834,0.2477891156462584,0.5306233062330623,0.7556736311239193,0.4681896222815719,0.3441914626298532,0.2626642808662924,0.2114648644247211,0.1501616572865524
0.1022891317797484,0.4272779260388867,0.6444115071077275,0.7410507765172375,0.2468537414965986,0.546973803071364,0.7624279538904899,0.4711465089660435,0.346489749639935,0.2650089467514037,0.2144369351030046,0.1536941683630702
0.115590843472881,0.4513915364086923,0.6527656134204676,0.7200132173146822,0.2470238095238095,0.5639566395663957,0.7801693083573488,0.4793494849294162,0.353231391536175,0.2717035848707349,0.2222946014168227,0.1647108130762782
0.121571458032584,0.4551086542127334,0.6514855487435154,0.7147262914417887,0.2502551020408163,0.5649503161698284,0.7824207492795389,0.4810663868752384,0.35589740446787,0.2738014438205714,0.225877371549548,0.1693210393964794
0.1164157558259434,0.4389058330156308,0.6434009297311863,0.7268421632338363,0.2533163265306122,0.5517615176151762,0.7685518731988473,0.4746756962991225,0.3512395427941042,0.2693897698525329,0.2211139158049019,0.1631541132798467
0.1045576407506702,0.4207014868471215,0.638280671023378,0.7436942394536842,0.2516156462585034,0.539747064137308,0.7589157060518733,0.4684280808851583,0.3470106946955536,0.2657493675572284,0.2149662079635208,0.1561489641959046
0.112291194060631,0.4173656118947769,0.6308697702620764,0.741491353673312,0.259438775510204,0.5332429990966576,0.7569344380403458,0.4685234643265929,0.3466736126007416,0.2656876658234097,0.2148847813695953,0.1592623637887678
0.122087028253248,0.421749904689287,0.6275685508320421,0.733781253442009,0.2655612244897958,0.5330623306233062,0.7657600864553314,0.4743418542541014,0.3498299267612539,0.268803603381255,0.2196482371142415,0.1672853550472997
0.1241493091359043,0.4206061761341974,0.6254126524287542,0.7333406762859346,0.2677721088435373,0.5310749774164408,0.7700828530259366,0.4755818389927508,0.350167008856066,0.2692663663848955,0.2207882094291995,0.1677643396000478
0.1162095277376778,0.4078345406023636,0.621572458397898,0.7449058266328891,0.2670068027210884,0.5224028906955737,0.7607168587896254,0.4691434566959176,0.3459994484111175,0.2643919294132165,0.2161061802784789,0.1603999521015447
0.1083728603835842,0.3992565764391917,0.6206292528464595,0.754047802621434,0.2642857142857142,0.517795844625113,0.7509906340057637,0.4628958412819535,0.3419238194465725,0.2602270623804529,0.2109355915642048,0.1533349299485091
0.1142503608991544,0.4049752192146397,0.6208313683217678,0.7476594338583544,0.2665816326530612,0.5205962059620596,0.7533321325648414,0.463992750858451,0.3428124904238041,0.2616153513913741,0.2120755638791629,0.1558495988504371
0.1276551866364198,0.4132672512390392,0.6179343798423499,0.7356537063553253,0.2739795918367346,0.5225835591689251,0.7626981268011529,0.4713372758489126,0.3473477767903656,0.266489788363053,0.2181418451266183,0.1663872590108969
0.1323984326665291,0.4112657262676324,0.6134204675604662,0.734331974887102,0.2787414965986394,0.5186088527551942,0.769092219020173,0.4766787485692484,0.3500444335488616,0.2688344542481644,0.2213174822897158,0.1706382469165369
0.1246648793565683,0.3963019443385436,0.6078959779020413,0.7471087124132614,0.2790816326530612,0.5077687443541102,0.7617074927953891,0.472577260587562,0.3477461465387798,0.266057876226322,0.2182232717205439,0.1640522093162495
0.1182718086203341,0.3882958444529164,0.6064137977497809,0.7550391012226015,0.2773809523809523,0.5029810298102981,0.7483789625360231,0.4655665776421213,0.3434866546134282,0.2614302461899179,0.2132155361941209,0.1566878218177463
0.129201897298412,0.3992565764391917,0.6070201441757057,0.7429232294305539,0.2814625850340135,0.5085817524841915,0.7485590778097984,0.4669973292636398,0.3445591885514664,0.2626642808662924,0.2148847813695953,0.1598012214106095
0.1448752320065993,0.4150781547845977,0.607963349727144,0.7254102874765943,0.2874149659863945,0.5167118337850045,0.756664265129683,0.4748664631819916,0.3498912144148561,0.2683099895107053,0.2214396221806041,0.1699796431565082
0.140647556197154,0.4150781547845977,0.6107255945563566,0.7276131732569666,0.283843537414966,0.5186088527551942,0.7561239193083574,0.4748187714612744,0.350504090950878,0.2704386993274511,0.2232310072469668,0.1723146928511555
0.1230150546504433,0.4046892870758672,0.6149700195378293,0.7430333737195727,0.2738945578231292,0.5165311653116531,0.7394632564841499,0.465518885921404,0.344436613244262,0.2657493675572284,0.2172054392964742,0.1632738594180337
0.1073417199422561,0.3987800228745711,0.6209661119719733,0.754928956933583,0.2636904761904761,0.517795844625113,0.7268551873198847,0.4570774513544449,0.339411025648883,0.2609057814524588,0.211098444752056,0.1556699796431565
0.1118787378840998,0.4110751048417841,0.6266927171057064,0.7453464037889634,0.2619897959183673,0.5273712737127371,0.7308177233429396,0.4587943533002671,0.3399319707045016,0.2614302461899179,0.2126048367396791,0.1570470602323075
0.1230150546504433,0.4220358368280594,0.6271643198814255,0.7330102434188787,0.2662414965986394,0.5329719963866305,0.7443263688760807,0.4661388782907288,0.3446204762050685,0.2654408588881348,0.2179789919387671,0.1648904322835588
0.121571458032584,0.4250857796416316,0.6302634238361516,0.7320189448177111,0.2636904761904761,0.5364046973803072,0.7522514409221902,0.470049599389546,0.3475929274047743,0.268711050780527,0.2209917759140135,0.1688420548437312
0.1062074654567952,0.413839115516584,0.6323519504143368,0.7467782795462055,0.2560374149659863,0.532520325203252,0.7440561959654179,0.4637542922548645,0.343793092881439,0.2638983155426668,0.2148847813695953,0.1603999521015447
0.0998143947205609,0.4048799085017155,0.6301960520110489,0.7553695340896573,0.2547619047619047,0.526829268292683,0.737842219020173,0.4578405188859214,0.3397787515704961,0.2602887641142716,0.2095106261705072,0.152975691533948
0.1055887811919983,0.4085017155928325,0.6289159873340968,0.7501927525057824,0.2579931972789115,0.5276422764227642,0.7447766570605188,0.4611312476154139,0.341402874390954,0.2621398161288332,0.2123198436609396,0.1554304873667824
0.1147659311198185,0.418890583301563,0.6303307956612544,0.7392884678929397,0.2607993197278911,0.5335140018066847,0.7654899135446687,0.4695249904616559,0.3469800508687525,0.2676312704386993,0.2190375376597996,0.1632139863489402
0.1083728603835842,0.4166031261913838,0.6328909250151586,0.7440246723207401,0.2566326530612244,0.5341463414634147,0.7753962536023055,0.47577260587562,0.3495541323200442,0.2696365767878078,0.221073202507939,0.1647706861453718
0.0968240874407094,0.4099313762866945,0.6357205416694738,0.754047802621434,0.2500850340136054,0.5328816621499548,0.7712536023054756,0.4709557420831743,0.3466123249471394,0.2662429814277781,0.2167983063268463,0.1584241408214584
0.0928026397195298,0.407357987037743,0.6365290035707067,0.7576825641590483,0.2478741496598639,0.5322493224932249,0.7576548991354468,0.466186570011446,0.3445591885514664,0.263836613808848,0.2134191026789349,0.1528559453957609
0.1040420705300061,0.4218452154022112,0.6394259920501246,0.7432536622976098,0.2506802721088435,0.5411020776874436,0.7601765129682998,0.4700019076688287,0.3477155027119787,0.2666131918306905,0.2172054392964742,0.1574661717159621
0.1160032996494122,0.4409073579870377,0.6451525971838576,0.7258508646326688,0.2520408163265306,0.553929539295393,0.7727845821325648,0.4767741320106829,0.3528023779609597,0.2715801814030974,0.2235160003257063,0.1669261166327386
0.1167250979583419,0.4430041936713686,0.6460958027352961,0.7243088445864082,0.2517006802721088,0.5555555555555556,0.7749459654178674,0.4771556657764212,0.3534152544969816,0.2718578392052816,0.2249816790163667,0.1680038318764219
0.1073417199422561,0.426038886770873,0.6402344539513575,0.7391783236039211,0.2515306122448979,0.5436314363143632,0.7624279538904899,0.4706219000381533,0.3486041736892103,0.2671376565681496,0.2197703770051298,0.1621961441743503
0.1021860177356155,0.4153640869233701,0.6360574007949875,0.7481000110144288,0.2520408163265306,0.5356820234869015,0.7539625360230547,0.4652327355971003,0.3452027089142892,0.2637749120750293,0.2155769074179626,0.1573464255777751
0.1129098783254279,0.4200343118566526,0.6323519504143368,0.7396189007599955,0.2588435374149659,0.5354110207768744,0.757114553314121,0.4686665394887447,0.3468881193883493,0.2656568149565003,0.2176532855630649,0.1605196982397317
0.1299236956073417,0.4269919939001143,0.6261537425048844,0.7265117303667804,0.2697278911564625,0.5345980126467931,0.7685518731988473,0.4772987409385731,0.3520056384641314,0.2703769975936324,0.223963846592297,0.170757993054724
0.1345638275933182,0.4224170796797559,0.6198207909452267,0.7267320189448176,0.2756802721088435,0.5281842818428184,0.769542507204611,0.4793971766501335,0.3531088162289707,0.2704078484605418,0.2251038189072551,0.1732726619566518
0.1231181686945762,0.4070720548989706,0.6165195715151923,0.7416014979623305,0.2729591836734694,0.51869918699187,0.7550432276657062,0.4700972911102633,0.3477461465387798,0.265625964089591,0.2182232717205439,0.1633337324871273
0.1156939575170138,0.4023065192527639,0.6180017516674527,0.7484304438814847,0.2689625850340136,0.5174345076784101,0.7437860230547552,0.4644219763449065,0.3445898323782674,0.2629110878015672,0.213989088836414,0.1563884564722787
0.1240461950917715,0.4127906976744185,0.6199555345954322,0.7378565921356978,0.271173469387755,0.5237579042457091,0.7503602305475505,0.4695726821823731,0.3470106946955536,0.2649163941506757,0.2176125722661021,0.161357921207041
0.1386883893586306,0.423179565383149,0.6177322643670417,0.7239784117193523,0.2786564625850339,0.5271906052393858,0.7606268011527378,0.4762018313620755,0.3498299267612539,0.268711050780527,0.2223353147137855,0.1680637049455154
0.138482161270365,0.4201296225695767,0.6157784814390621,0.7259610089216874,0.2797619047619047,0.5243902439024389,0.7605367435158501,0.4765833651278138,0.3499831458952594,0.2698525328561733,0.2235974269196319,0.1702191354328822
0.1231181686945762,0.4061189477697293,0.6158458532641649,0.7421522194074236,0.273469387755102,0.517795844625113,0.7429755043227666,0.4687619229301794,0.3456623663163056,0.266057876226322,0.2182232717205439,0.1636330978325949
0.1182718086203341,0.4029736942432328,0.6167890588156033,0.7465579909681682,0.2708333333333333,0.5169828364950316,0.7318083573487032,0.4618943151468905,0.342751202770202,0.2630653421361141,0.2148440680726325,0.1592024907196742
0.128686327077748,0.4168890583301562,0.6198207909452267,0.7330102434188787,0.2732142857142857,0.5255645889792232,0.7321685878962536,0.4628004578405189,0.3439463120154445,0.2651014993521318,0.217816138750916,0.1632738594180337
0.1359043101670447,0.4268966831871901,0.6221788048238227,0.7233175459852407,0.2746598639455782,0.5318879855465222,0.7397334293948128,0.467188096146509,0.3470413385223547,0.2684333929783427,0.222416741307711,0.1695605316728535
0.1294081253866776,0.4191765154403354,0.6209661119719733,0.7312479347945808,0.2727891156462584,0.5273712737127371,0.7420749279538906,0.4681896222815719,0.3463978181595318,0.2675695687048806,0.221073202507939,0.1681834510837025
0.1107444833986389,0.4007815478459778,0.6201576500707404,0.7518449168410617,0.2656462585034013,0.5181571815718157,0.7355907780979828,0.4602251049217856,0.3414948058713572,0.2615536496575554,0.2137855223516,0.1588432523051131
0.0979583419261703,0.3954441479222264,0.6247389341777269,0.7617579028527371,0.2574829931972789,0.51869918699187,0.7345100864553314,0.4568389927508585,0.3389513682468667,0.2589930277040785,0.2099584724370979,0.1520775954975452
0.1016704475149515,0.4079298513152878,0.6311392575624873,0.752615926864192,0.2549319727891156,0.528906955736224,0.7462175792507205,0.4619896985883251,0.3424754083289922,0.2623249213302894,0.2136633824607116,0.1552508681595018
0.1081666322953186,0.4248951582157834,0.6388870174493027,0.7392884678929397,0.2527210884353741,0.542186088527552,0.7639589337175793,0.4706695917588707,0.3484509545552048,0.2674461652372432,0.2202996498656461,0.1632139863489402
0.1094040008249123,0.4305184902783072,0.6421208650542343,0.7354334177772882,0.2511904761904762,0.546973803071364,0.7759365994236312,0.4750572300648608,0.3512395427941042,0.2705929536619979,0.2229867274651901,0.1664471320799904
0.0989894823674984,0.4149828440716736,0.6378764400727616,0.7499724639277453,0.2495748299319727,0.5367660343270099,0.7713436599423631,0.4708603586417397,0.3482364477675972,0.2677546739063368,0.2182232717205439,0.1604598251706382
0.0919777273664673,0.4039268013724741,0.63464259246783,0.7601057385174578,0.2487244897959183,0.5293586269196026,0.7672910662824208,0.4682850057230065,0.34578494162351,0.2650706484852225,0.2136226691637488,0.1550113758831277
0.1054856671478655,0.4185093404498665,0.6361247726200902,0.7444652494768146,0.2534013605442176,0.5372177055103884,0.769542507204611,0.4712418924074781,0.3476848588851776,0.2664589374961437,0.2161061802784789,0.1595018560651419
0.1144565889874201,0.4358558902020586,0.6425250960048507,0.7295957704593016,0.2529761904761904,0.5497741644083107,0.7807096541786743,0.4779187333078977,0.35252658351975,0.2716727340038256,0.2227831609803761,0.1676445934618608
0.1153846153846153,0.4412886008387341,0.6457589436097824,0.726071153210706,0.251360544217687,0.5544715447154471,0.7835014409221902,0.4805894696680656,0.3548248705298318,0.2740791016227556,0.2254702385799201,0.1699796431565082
0.1035265003093421,0.4295653831490659,0.6451525971838576,0.7390681793149024,0.2468537414965986,0.5485998193315267,0.7729646974063401,0.4733880198397558,0.3503508718168726,0.2692355155179861,0.2192411041446136,0.1609388097233864
0.0946586925139204,0.4176515440335492,0.6426598396550561,0.7507434739508755,0.2447278911564626,0.541282746160795,0.7647694524495677,0.4665681037771843,0.3459994484111175,0.2654100080212254,0.214355508509079,0.1526763261884804
0.1037327283976077,0.4229889439573007,0.6405039412517685,0.7428130851415354,0.2499149659863945,0.5423667570009033,0.7656700288184438,0.4681419305608546,0.3472252014831612,0.2663046831615969,0.2161061802784789,0.1559693449886241
0.1176531243555372,0.4348074723598932,0.6396954793505356,0.728604471858134,0.2561224489795918,0.5473351400180668,0.7760266570605188,0.4762495230827928,0.3516685563693194,0.2703152958598137,0.2220910349320087,0.1655490360435876
0.1188904928851309,0.4316622188333968,0.6366637472209122,0.7297059147483203,0.2585884353741496,0.5438121047877145,0.7779178674351586,0.4769172071728348,0.3530475285753685,0.2720429444067379,0.2239231332953342,0.1698000239492276
0.1098164570014435,0.414601601219977,0.6305329111365626,0.744355105187796,0.2586734693877551,0.531616982836495,0.7653097982708934,0.4696203739030904,0.3476542150583765,0.2677546739063368,0.2173682924843253,0.1614776673452281
0.1055887811919983,0.4045939763629431,0.6262211143299872,0.7525057825751734,0.2596088435374149,0.5240289069557362,0.7525216138328531,0.4635635253719954,0.3444979008978642,0.2643610785463072,0.2131341096001954,0.1552508681595018
0.1167250979583419,0.4099313762866945,0.6227177794246446,0.743473950875647,0.2664115646258503,0.5242095754290876,0.7597262247838618,0.4681896222815719,0.3478380780191831,0.2669834022336028,0.2163504600602556,0.1609388097233864
0.1297174675190761,0.4189858940144871,0.6205618810213569,0.7312479347945808,0.2731292517006802,0.5270099367660344,0.7726044668587897,0.4768218237314002,0.3527410903073576,0.2712408218670945,0.2225388811985994,0.1703388815710693
0.1320890905341307,0.4173656118947769,0.6179343798423499,0.730917501927525,0.275765306122449,0.5245709123757903,0.7692723342939481,0.4783479587943533,0.3540281310330034,0.2721971987412847,0.2235974269196319,0.1718357082984073
0.1213652299443184,0.4029736942432328,0.6148352758876237,0.7449058266328891,0.2732993197278911,0.5156278229448961,0.7501801152737754,0.4713849675696299,0.3483896669016026,0.2661812796939594,0.2174090057812881,0.162735001796192
0.1146628170756857,0.390869233701868,0.6105908509061511,0.755479678378676,0.2732993197278911,0.5070460704607046,0.7370317002881845,0.4646127432277757,0.3432721478258205,0.261522798790646,0.2115055777216839,0.1563285834031852
0.127036502371623,0.4001143728555089,0.6089739271036853,0.7435840951646657,0.2793367346938775,0.5103884372177055,0.7342399135446687,0.4650419687142312,0.344467257071063,0.2633429999382983,0.2142333686181906,0.1605196982397317
0.1374510208290369,0.4157453297750666,0.6132857239102607,0.72893490472519,0.2809523809523809,0.5206865401987353,0.7382024495677233,0.4691434566959176,0.3484509545552048,0.2675387178379713,0.219933230192981,0.1681834510837025
0.1356980820787791,0.4169843690430803,0.6153068786633429,0.7291551933032271,0.2789965986394557,0.5225835591689251,0.7384726224783863,0.4695726821823731,0.3486654613428125,0.2682482877768866,0.2216024753684553,0.1691414201891989
0.1198185192823262,0.4067861227601982,0.6184733544431719,0.7435840951646657,0.2704081632653061,0.5198735320686539,0.7263148414985591,0.4620373903090423,0.3435172984402292,0.2637749120750293,0.215902613793665,0.1607591905161058
0.1113631676634357,0.4003049942813571,0.6194165599946102,0.7518449168410617,0.2663265306122448,0.5174345076784101,0.7170389048991356,0.4564097672644029,0.3398706830508994,0.2603813167149997,0.2107320250793909,0.154472518261286
0.1175500103114044,0.4120282119710254,0.6236609849760829,0.7417116422513493,0.266156462585034,0.5258355916892502,0.7242435158501442,0.4602251049217856,0.3432108601722183,0.2636515086073919,0.2153733409331487,0.15998084061789
0.1262115900185605,0.4271826153259626,0.6287138718587887,0.7283841832800969,0.2665816326530612,0.5364046973803072,0.7421649855907781,0.468714231209462,0.3498605705880551,0.269914234589992,0.2237602801074831,0.1699796431565082
0.1238399670035058,0.4281357224552038,0.6308697702620764,0.7290450490142085,0.2642857142857142,0.5383017163504968,0.7534221902017292,0.4738649370469286,0.3525572273465511,0.2729376195471093,0.2256738050647341,0.1727338043348102
0.1129098783254279,0.4159359512009149,0.6294549619349189,0.742042075118405,0.2606292517006802,0.5315266485998194,0.7473883285302595,0.4698111407859596,0.3501057212024638,0.2699450854569014,0.2209917759140135,0.1656089091126811
0.1057950092802639,0.4071673656118947,0.6279054099575557,0.7508536182398943,0.2586734693877551,0.5263775971093044,0.7450468299711817,0.4663296451735979,0.3473171329635645,0.2664280866292343,0.2165133132481068,0.1596216022033289
0.1071354918539905,0.408882958444529,0.6283096409081721,0.749201453904615,0.2590136054421768,0.5274616079494129,0.7607168587896254,0.4724818771461274,0.3497073514540496,0.2673227617696058,0.218386124908395,0.1635133516944078
0.1178593524438028,0.4211780404117422,0.6298591928855353,0.7363145720894372,0.2624149659863945,0.5343270099367661,0.7764769452449568,0.4805417779473484,0.353874911898998,0.2713950762016413,0.2240452731862225,0.1702191354328822
0.119406063105795,0.4325200152497139,0.6369332345213232,0.72893490472519,0.2585884353741496,0.5444444444444444,0.7813400576368876,0.4827832888210606,0.3570005822327092,0.2745110137594867,0.2275873300219851,0.1732127888875583
0.1086822025159826,0.4271826153259626,0.6401670821262548,0.7377464478466791,0.252125850340136,0.5440831074977417,0.7704430835734871,0.4770602823349867,0.3538136242453958,0.2713642253347319,0.2234345737317808,0.1674051011854867
0.1036296143534749,0.4214639725505146,0.6393586202250219,0.743804383742703,0.2505102040816326,0.5408310749774164,0.7621577809798271,0.4716711178939337,0.3494622008396408,0.2671993583019683,0.2185082647992834,0.1612980481379475
0.1138379047226232,0.4327106366755622,0.640638684901974,0.7317986562396739,0.2539965986394558,0.546973803071364,0.7633285302593661,0.4726726440289966,0.3502895841632704,0.2685567964459802,0.219729663708167,0.163992336247156
0.1267271602392246,0.4456728936332443,0.6414471468032069,0.717479898667254,0.2587585034013605,0.5536585365853658,0.774135446685879,0.4777756581457459,0.3537829804185947,0.2722897513420127,0.2246559726406644,0.1701592623637887
0.1280676428129511,0.445482272207396,0.6404365694266658,0.7168190329331424,0.2599489795918367,0.5529358626919603,0.77710734870317,0.4785864173979397,0.3545184322618209,0.2726908126118344,0.2250223923133295,0.1701592623637887
0.1130129923695607,0.4320434616850933,0.6407734285521793,0.7325696662628042,0.2535714285714285,0.5467931345980126,0.7638688760806917,0.4698111407859596,0.3487267489964147,0.2662738322946875,0.2179789919387671,0.1600407136869835
0.1039389564858733,0.4171749904689286,0.636192144445193,0.7460072695230752,0.2526360544217687,0.5366757000903343,0.7570244956772335,0.4635635253719954,0.3440075996690467,0.2609674831862776,0.2120348505822001,0.1514189917375164
0.1132192204578263,0.4166031261913838,0.629657077410227,0.741491353673312,0.2606292517006802,0.5320686540198735,0.7631484149855908,0.4681419305608546,0.3465203934667362,0.2636823594743012,0.2149662079635208,0.1557897257813435
0.1243555372241699,0.4228936332443766,0.6268948325810145,0.7319088005286926,0.2669217687074829,0.5331526648599819,0.776206772334294,0.4754864555513163,0.3507492415652867,0.2683099895107053,0.2209103493200879,0.1645910669380912
0.1193029490616622,0.41812809759817,0.6268274607559119,0.7373058706906047,0.2649659863945578,0.5308943089430894,0.7756664265129682,0.4758202975963372,0.3504121594704747,0.2679397791077929,0.2200553700838693,0.16423182852353
0.1083728603835842,0.4034502478078535,0.6235936131509803,0.7516246282630246,0.2625,0.521680216802168,0.7609870317002881,0.4666634872186188,0.3446817638586707,0.2626642808662924,0.2139483755394511,0.1556699796431565
0.1048669828830686,0.3966831871902401,0.6211682274472815,0.7573521312919925,0.2625,0.5168925022583559,0.7497298270893373,0.4607497138496757,0.3404529157601201,0.2589930277040785,0.2099584724370979,0.1505807687702071
0.1169313260466075,0.4027830728173846,0.6175301488917335,0.7474391452803172,0.269812925170068,0.5173441734417343,0.754592939481268,0.4660434948492942,0.3433027916526216,0.2619855617942864,0.2136226691637488,0.1568674410250269
0.1276551866364198,0.4135531833778116,0.6181364953176581,0.7354334177772882,0.2738945578231292,0.5228545618789521,0.7655799711815562,0.4711942006867607,0.3469187632151503,0.2660270253594126,0.2196075238172787,0.1647706861453718
0.1223963703856465,0.4145062905070529,0.6221788048238227,0.7377464478466791,0.2691326530612244,0.5260162601626016,0.7626981268011529,0.4700019076688287,0.347163913829559,0.2656568149565003,0.2189561110658741,0.1638127170398754
0.1062074654567952,0.403736179946626,0.6252779087785487,0.752615926864192,0.2604591836734694,0.5230352303523035,0.7475684438040345,0.461465089660435,0.3406061348941256,0.2596408959091751,0.2123605569579024,0.1545323913303795
0.1027015879562796,0.4068814334731223,0.6297244492353298,0.752615926864192,0.2562925170068027,0.5274616079494129,0.7222622478386167,0.4519267455169782,0.3357950540863543,0.2565866600851484,0.2095106261705072,0.1482457190755598
0.1174468962672716,0.425371711780404,0.6330930404904668,0.7341116863090649,0.2602040816326531,0.5384823848238482,0.7209113832853027,0.4531667302556276,0.3394723133024852,0.2612451409884618,0.2145183616969302,0.1547120105376601
0.129201897298412,0.4386199008768585,0.6348447079431381,0.7202335058927194,0.2639455782312925,0.5458897922312557,0.7317182997118157,0.45979587943533,0.3448962706462783,0.2664589374961437,0.2206660695383112,0.1648305592144653
0.1233243967828418,0.4346168509340449,0.6358552853196793,0.7256305760546315,0.2608843537414965,0.5447154471544715,0.7377521613832854,0.4614173979397177,0.3460607360647197,0.2674461652372432,0.2213581955866786,0.166866243563645
0.1090946586925139,0.4235608082348455,0.6373374654719396,0.7396189007599955,0.2540816326530612,0.5404697380307136,0.7313580691642652,0.4586989698588326,0.3447124076854718,0.2652249028197692,0.2175311456721765,0.1614776673452281
0.1045576407506702,0.4265154403354936,0.6423903523546453,0.7403899107831259,0.2489795918367346,0.5452574525745257,0.7318083573487032,0.458269744372377,0.3445591885514664,0.2651014993521318,0.215902613793665,0.1566279487486528
0.1144565889874201,0.4423370186808997,0.6471063801118372,0.7258508646326688,0.2501700680272108,0.5559168925022583,0.7473883285302595,0.4667111789393361,0.349523488493243,0.2695440241870797,0.2213989088836414,0.1624955095198179
0.1231181686945762,0.4564430041936713,0.6514181769184128,0.7131842713955281,0.2510204081632653,0.5654923215898826,0.7668407780979828,0.4777279664250287,0.3565102810038918,0.2754365397667674,0.2281980294764269,0.1712369776074721
0.1224994844297793,0.4556805184902782,0.6512834332682073,0.7139552814186584,0.2508503401360544,0.5650406504065041,0.774135446685879,0.481161770316673,0.3585327735727638,0.2770407848460542,0.2291751486035338,0.173631900371213
0.1076510620746545,0.4394776972931756,0.649531765815536,0.7312479347945808,0.2457482993197279,0.5561878952122855,0.7666606628242075,0.4756295307134682,0.3534765421505838,0.2721663478743752,0.2226610210894878,0.1636330978325949
0.1010517632501546,0.4355699580632863,0.6510813177928989,0.7369754378235488,0.2420918367346938,0.5553748870822042,0.7625180115273776,0.4712418924074781,0.351178255140502,0.2696057259208984,0.2189153977689113,0.1578254101305232
0.1121880800164982,0.446244757910789,0.6513508050933099,0.7248595660315013,0.2465136054421768,0.5606142728093947,0.7732348703170029,0.4756295307134682,0.3537523365917936,0.2718269883383724,0.2214803354775669,0.1612980481379475
0.119921633326459,0.453393061380099,0.6514181769184128,0.7165987443551052,0.2496598639455782,0.5640469738030713,0.7862031700288185,0.4822109881724533,0.3575521711151289,0.2758684519034985,0.2261623646282876,0.1680637049455154
0.1174468962672716,0.444052611513534,0.6463652900357071,0.7233175459852407,0.2518707482993197,0.5561878952122855,0.7898054755043228,0.4842140404425792,0.3578279655563387,0.2761152588387734,0.2265287843009526,0.1691414201891989
0.1086822025159826,0.4229889439573007,0.6371353499966314,0.7401696222050886,0.2540816326530612,0.5400180668473351,0.7784582132564842,0.4781571919114841,0.3531394600557718,0.27145677793546,0.221073202507939,0.1630343671416596
0.1103320272221076,0.4166031261913838,0.6316108603382066,0.7430333737195727,0.2581632653061224,0.5333333333333333,0.7640489913544669,0.4739603204883632,0.3505653786044801,0.269482322453261,0.2190782509567624,0.1605795713088253
0.1259022478861621,0.4306138009912313,0.6313413730377955,0.7266218746557991,0.2647959183673469,0.5398373983739838,0.7664805475504323,0.4777279664250287,0.3543345693010143,0.2724131548096501,0.2235974269196319,0.166866243563645
0.1399257578882243,0.444052611513534,0.6316782321633092,0.7113118184822117,0.2704081632653061,0.5463414634146341,0.7708933717579252,0.4829740557039298,0.357919897036742,0.2760227062380453,0.2293787150883478,0.1747096156148964
0.1373479067849041,0.4384292794510102,0.629387590109816,0.7159378786209935,0.2707482993197279,0.542186088527552,0.7629682997118157,0.4800648607401755,0.3561425550822787,0.2746035663602147,0.2276687566159107,0.1747694886839899
0.1242524231800371,0.423179565383149,0.6271643198814255,0.7316885119506553,0.2667517006802721,0.5335140018066847,0.7413544668587897,0.4691911484166349,0.3488799681304201,0.2679089282408836,0.2196889504112043,0.16423182852353
0.1164157558259434,0.413076629813191,0.6251431651283432,0.7418217865403678,0.2647959183673469,0.5272809394760615,0.7275756484149856,0.4602727966425028,0.3435785860938314,0.2625100265317456,0.2135412425698233,0.1553107412285953
0.1227057125180449,0.4146969119329012,0.6221788048238227,0.7375261592686418,0.2693027210884353,0.5261065943992773,0.7300972622478387,0.4615604731018695,0.3439156681886434,0.2621706669957426,0.2144369351030046,0.1562687103340917
0.1339451433285213,0.4185093404498665,0.6175301488917335,0.7292653375922459,0.2768707482993197,0.5247515808491419,0.7382024495677233,0.4672357878672262,0.3463365305059296,0.2651940519528599,0.2182232717205439,0.164112082385343
0.1339451433285213,0.4104079298513152,0.6118035437580003,0.7340015420200462,0.2804421768707483,0.5170731707317073,0.7364012968299712,0.4657573445249904,0.3449269144730794,0.264515332880854,0.2181418451266183,0.16524967069812
0.119921633326459,0.3953488372093022,0.6103213636057401,0.7501927525057824,0.275595238095238,0.50903342366757,0.7186599423631124,0.4543590232735597,0.3378788343088285,0.2578823964953415,0.2105691718915397,0.1549515028140342
0.1124974221488966,0.3951582157834539,0.615037391362932,0.7542680911994712,0.2695578231292517,0.5120144534778681,0.7103746397694525,0.4477775658145747,0.3335580547298746,0.2541185907323996,0.206090709225633,0.1499820380792719
0.1223963703856465,0.4084064048799084,0.6179343798423499,0.7412710650952747,0.2717687074829931,0.5203252032520325,0.7217219020172911,0.4536436474628004,0.3372659577728067,0.2581909051644351,0.2108134516733164,0.1564483295413722
0.128686327077748,0.4196530690049561,0.6217745738732061,0.7314682233726181,0.2720238095238095,0.5281842818428184,0.7337896253602306,0.460129721480351,0.3423221891949867,0.2633738508052077,0.2168390196238091,0.1645311938689977
0.122087028253248,0.4167937476172321,0.6240652159266995,0.7365348606674744,0.2677721088435373,0.5283649503161698,0.7322586455331412,0.4594143456695918,0.3438237367082401,0.2638057629419387,0.2179382786418044,0.1661477667345228
0.1086822025159826,0.406690812047274,0.6256147679040625,0.7495318867716709,0.2613095238095238,0.5246612466124662,0.7218119596541787,0.4533574971384967,0.3403609842797168,0.2602579132473623,0.2128491165214559,0.1582445216141779
0.106310579500928,0.4091688905833015,0.6290507309843023,0.7494217424826521,0.2581632653061224,0.5280939476061428,0.7208213256484151,0.4531190385349103,0.3398093953972972,0.2598260011106312,0.2110577314550932,0.1532750568794156
0.1209527737677871,0.4290888295844452,0.6334972714410834,0.7300363476153762,0.2613945578231292,0.5405600722673893,0.7369416426512968,0.4617989317054559,0.3460607360647197,0.265625964089591,0.2177347121569904,0.1619566518979762
0.130851722004537,0.4475791078917269,0.640099710301152,0.7141755699966956,0.2613095238095238,0.5536585365853658,0.7536023054755044,0.4717665013353682,0.3522507890785402,0.2719812426729192,0.2252666720951062,0.1724344389893425
0.1272427304598886,0.4501524971406785,0.6442767634575219,0.7146161471527701,0.2571428571428571,0.5577235772357724,0.7569344380403458,0.4746280045784052,0.3540281310330034,0.2739248472882089,0.2270173438645061,0.1739312657166806
0.1115693957517013,0.4422417079679756,0.6488580475645086,0.7275030289679479,0.2478741496598639,0.5570912375790424,0.7552233429394812,0.4720526516596719,0.3517298440229216,0.2716418831369162,0.2223760280107483,0.1641719554544365
0.1069292637657248,0.4412886008387341,0.6512160614431044,0.7305870690604692,0.2443877551020408,0.5581752484191508,0.7584654178674353,0.4720049599389546,0.3521588575981369,0.2705621027950886,0.2211953423988274,0.159861094479703
0.1175500103114044,0.4513915364086923,0.6515529205686181,0.7190219187135147,0.2486394557823129,0.5631436314363144,0.769092219020173,0.4783479587943533,0.3561425550822787,0.2737088912198433,0.2252666720951062,0.1671656089091126
0.1299236956073417,0.463400686237133,0.6519571515192346,0.7054741711642251,0.2534863945578231,0.5691960252935863,0.7806195965417868,0.4844048073254483,0.3608310605828456,0.2780280125871537,0.230681540591157,0.1758472039276733
0.1250773355330996,0.4582539077392298,0.6514181769184128,0.7109813856151558,0.2517857142857143,0.5663956639566395,0.7819704610951009,0.483689431514689,0.3603407593540282,0.2774726969827852,0.2302744076215291,0.1737516465094
0.1082697463394514,0.4418604651162789,0.6507444586673853,0.729485626170283,0.2453231292517006,0.5580849141824752,0.774135446685879,0.4767264402899657,0.3546410075690253,0.2718578392052816,0.2235567136226691,0.1635133516944078
0.1070323778098577,0.4382386580251619,0.6490601630398167,0.7322392333957484,0.2458333333333333,0.5552845528455285,0.7705331412103746,0.473769553605494,0.3520669261177336,0.2688344542481644,0.2187932578780229,0.1581247754759908
0.1203340895029903,0.4465306900495615,0.6462305463855016,0.7203436501817381,0.2530612244897959,0.5573622402890696,0.7798090778097984,0.4793494849294162,0.3554683908926547,0.2718886900721911,0.2227424476834134,0.1637528439707819
0.1347700556815838,0.45548989706443,0.6431314424307754,0.7074567683665601,0.260969387755102,0.5594399277326106,0.7833213256484152,0.484357115604731,0.3590230748015812,0.2756833467020423,0.2280351762885758,0.1706382469165369
0.1328108888430604,0.4486275257338925,0.6396281075254328,0.7125234056614165,0.2624149659863945,0.5538392050587173,0.776206772334294,0.4813048454788248,0.3576747464223332,0.2740173998889369,0.2265287843009526,0.1690216740510118
0.1189936069292637,0.4322340831109416,0.6370006063464259,0.7292653375922459,0.2583333333333333,0.5443541102077688,0.7637788184438041,0.4745326211369706,0.3524959396929489,0.2693589189856235,0.2205846429443856,0.1631541132798467
0.1132192204578263,0.4254670224933282,0.6359900289698848,0.7363145720894372,0.2566326530612244,0.5404697380307136,0.7534221902017292,0.4673788630293781,0.34915576257163,0.2659036218917752,0.2169611595146974,0.1585438869596455
0.1170344400907403,0.4275638581776591,0.6349794515933436,0.7330102434188787,0.2588435374149659,0.5407407407407407,0.7574747838616716,0.4702403662724151,0.3497379952808507,0.2668599987659654,0.2194446706294275,0.1621961441743503
0.1280676428129511,0.4281357224552038,0.6281748972579666,0.7268421632338363,0.267687074829932,0.5364950316169829,0.7579250720461096,0.4728157191911484,0.3513314742745074,0.269142962917258,0.2236788535135575,0.1683630702909831
0.1245617653124355,0.420320243995425,0.6248736778279324,0.7332305319969159,0.2683673469387754,0.5305329719963866,0.7437860230547552,0.4679511636779855,0.3487267489964147,0.2671068057012402,0.2213989088836414,0.1655490360435876
0.1142503608991544,0.4054517727792603,0.6211682274472815,0.7473290009912985,0.2664115646258503,0.5210478771454382,0.7247838616714698,0.4584128195345288,0.3422609015413845,0.2609366323193682,0.2142740819151534,0.1566279487486528
0.1143534749432872,0.3991612657262676,0.6166543151653978,0.7508536182398943,0.2693027210884353,0.515085817524842,0.711635446685879,0.4515929034719573,0.3374804645604143,0.2561547479484174,0.2091442064978421,0.1512992455993294
0.1214683439884512,0.4051658406404879,0.6162500842147813,0.7435840951646657,0.2725340136054421,0.5176151761517616,0.7113652737752162,0.449876001526135,0.3372659577728067,0.2566483618189671,0.2104877452976141,0.1548317566758472
0.1263147040626933,0.4148875333587495,0.6199555345954322,0.7354334177772882,0.2721088435374149,0.5246612466124662,0.7142471181556197,0.4516882869133918,0.3382159164036405,0.2583451594989819,0.213581955866786,0.1581247754759908
0.1208496597236543,0.4099313762866945,0.6200229064205349,0.7411609208062562,0.2698979591836734,0.5224028906955737,0.7119956772334294,0.4510206028233499,0.337694971348022,0.2586845190349849,0.2139076622424884,0.1596814752724224
0.1055887811919983,0.3981128478841021,0.6216398302230006,0.7562506884018063,0.2625,0.5178861788617887,0.6997478386167147,0.443628386112171,0.3329145343670518,0.2545505028691306,0.207841380995033,0.1521973416357322
0.1028047020004124,0.3990659550133434,0.6241325877518021,0.7571318427139553,0.2597789115646258,0.5200542005420055,0.697856628242075,0.4407191911484167,0.331321055373395,0.2533473190596656,0.2053171565833401,0.1481259729373727
0.1162095277376778,0.4149828440716736,0.6266253452806037,0.7408304879392003,0.2637755102040816,0.5291779584462512,0.7147874639769453,0.4489221671117894,0.3367756565439893,0.2586845190349849,0.2113834378307955,0.1557897257813435
0.1191998350175293,0.4317575295463209,0.6365290035707067,0.729485626170283,0.2587585034013605,0.5438121047877145,0.7326188760806917,0.4563620755436856,0.34241412067539,0.264083420744123,0.2176939988600276,0.1627948748652855
0.1035265003093421,0.4406214258482652,0.6530351007208786,0.7327899548408414,0.2418367346938775,0.5590785907859078,0.7397334293948128,0.4547882487600153,0.3429350657310085,0.2647621398161289,0.2161876068724045,0.1583642677523649
0.0716642606723035,0.4573961113229126,0.6857104358957083,0.74005947791607,0.208078231292517,0.5888888888888889,0.7393731988472623,0.4414345669591759,0.3381546287500383,0.2604121675819091,0.2090627799039166,0.1427373967189558
0.0492885130954835,0.4913267251239038,0.7243144916795796,0.7324595219737856,0.1744897959183673,0.6308943089430894,0.7475684438040345,0.4293208698969859,0.3352128213771336,0.2599185537113593,0.2050728768015634,0.1314812597293737
0.0580532068467725,0.5152497140678611,0.7354982146466348,0.7139552814186584,0.1710884353741496,0.6497741644083107,0.7840417867435159,0.4451068294544067,0.3500137897220605,0.2775961004504227,0.219729663708167,0.142078792958927
0.070323778098577,0.529546321006481,0.7375867412248197,0.6990858024011455,0.1748299319727891,0.6579042457091238,0.8069164265129682,0.4606543304082411,0.3624858272301045,0.2911704818905411,0.2331243384089243,0.1545922643994731
0.0647556197154052,0.5239229889439573,0.7373172539244087,0.7053640268752065,0.172704081632653,0.655103884372177,0.8051152737752162,0.4597481877146128,0.3622100327888947,0.290553464552354,0.2325136389544825,0.1533948030176026
0.0637244792740771,0.5163934426229507,0.7326012261672169,0.7102103755920255,0.1752551020408163,0.6483288166214995,0.8076368876080693,0.4705265165967188,0.3730273036496798,0.3014746714382674,0.2411448579105935,0.158603760028739
0.1257991338420293,0.5354555852077773,0.7055177524759144,0.6660425156955612,0.2179421768707483,0.6392050587172539,0.8516750720461096,0.5392502861503243,0.4440596941746086,0.3787252421793052,0.3147952121162771,0.2253023589989223
0.2528356362136523,0.5609988562714449,0.6405713130768712,0.5834342989316004,0.3113095238095238,0.6077687443541102,0.8827449567723343,0.632392216711179,0.5546226212729447,0.510180786080089,0.4412507124826968,0.3498383427134475
0.4182305630026809,0.5907357987037741,0.5535942868692313,0.4779160700517678,0.4343537414965985,0.5635049683830171,0.845821325648415,0.7283956505150706,0.6895167468513469,0.6719935830196829,0.5958798143473658,0.5075440067057837
0.5849659723654361,0.6262866946244757,0.4697163646163174,0.3683225024782464,0.5560374149659864,0.5241192411924119,0.7590958213256486,0.8101392598244945,0.8200900928507954,0.8295181094588759,0.7464782998127188,0.6656687821817745
0.7305630026809652,0.6764201296225695,0.4099575557501852,0.2615926864192091,0.6538265306122448,0.5078590785907859,0.6384185878962536,0.8509633727584892,0.8967303036803238,0.9306781020546676,0.8571370409575768,0.7964315650820261
0.8775005155702207,0.7169271826153258,0.3426531024725459,0.1597092190769908,0.7568877551020408,0.4819331526648599,0.46875,0.8441911484166349,0.9223791867128368,0.9710927377059296,0.9275710447032,0.9068973775595736
0.9319447308723448,0.6879527258863894,0.2865997439870645,0.1473730587069059,0.8147108843537415,0.4306233062330624,0.3654538904899135,0.7902995040061046,0.8889774154996477,0.9312334176590364,0.9117335721846755,0.9273140941204646
0.8195504227675809,0.5778688524590163,0.2822205753553863,0.2709549509857913,0.7711734693877551,0.3755194218608852,0.2823306916426513,0.596718809614651,0.6973922103392273,0.7503547849694577,0.7551502320657928,0.7966710573584
0.5875438234687564,0.4906595501334349,0.3721619618675469,0.4453133605022579,0.6187074829931972,0.3944896115627822,0.174621757925072,0.3165776421213278,0.3880427787822143,0.4563460233232554,0.4936080123768422,0.5504729972458389
0.3534749432872757,0.484273732367518,0.5205820925688877,0.5740720343650181,0.4285714285714285,0.49096657633243,0.1168047550432277,0.115413964135826,0.1356295774216284,0.1820818164990436,0.2311293868577477,0.2862531433361274
0.2680965147453083,0.4695958825772016,0.5659907026881357,0.6280427359841392,0.3647108843537415,0.514453477868112,0.1736311239193083,0.1264784433422357,0.1018907241136273,0.1139014006293577,0.1464050158781858,0.1867441025026943
0.2625283563621365,0.4790316431566908,0.5762985919288552,0.6256195616257297,0.3558673469387755,0.5258355916892502,0.344200288184438,0.2663582602060282,0.2058039407961266,0.1859073239958043,0.1904975164888852,0.2048856424380313
0.2300474324603011,0.4876096073198627,0.6035841810954659,0.6379557219958144,0.3252551020408163,0.5482384823848239,0.5151296829971181,0.3842998855398703,0.2917292311463855,0.2443388659221324,0.2248188258285156,0.2094958687582325
0.182614972159208,0.4652115897826915,0.6187428417435827,0.6762859345742923,0.2960884353741496,0.5476964769647696,0.6204971181556197,0.4450114460129721,0.3338644929978856,0.2655334114888628,0.2264473577070271,0.1877619446772841
0.1552897504640132,0.4236561189477696,0.607222259651014,0.7148364357308072,0.2921768707482993,0.5203252032520325,0.6618335734870318,0.4616081648225868,0.3443140379370576,0.2662429814277781,0.2196889504112043,0.1706382469165369
0.1412662404619509,0.4065955013343499,0.604325271171596,0.7322392333957484,0.2881802721088435,0.5102981029810297,0.6839877521613833,0.4593189622281572,0.3421076824073791,0.2596717467760844,0.2112205846429443,0.15998084061789
0.1372447927407712,0.4027830728173846,0.6042578993464932,0.7365348606674744,0.2865646258503401,0.5084914182475159,0.7092939481268011,0.4584128195345288,0.3401771213189103,0.2538717837971247,0.2053171565833401,0.1554304873667824
0.1304392658280057,0.3896301944338542,0.5994071279390958,0.747769578147373,0.2868197278911564,0.4990063233965672,0.7291066282420751,0.4600820297596337,0.3387675052860601,0.2489356450916271,0.1990065955541079,0.1502814034247395
0.1109507114869045,0.3665650019062141,0.5958364212086505,0.7715607445753937,0.2810374149659864,0.4856368563685637,0.73532060518732,0.4569820679130103,0.3344773695339074,0.2429814277781206,0.1904160898949596,0.1389055202969704
0.0901216745720767,0.3473122378955394,0.5958364212086505,0.7938098909571538,0.2724489795918367,0.476513098464318,0.7298270893371759,0.4492560091568104,0.3272760702356511,0.234620842845684,0.1797084927937464,0.1245359837145252
0.0844504021447721,0.3431185665268775,0.5965775112847806,0.7993171054080845,0.2696428571428571,0.4749774164408311,0.7320785302593661,0.4476344906524227,0.3259890295100052,0.2314432035540199,0.1750671769399886,0.1178900730451443
0.0913590431016704,0.3542699199390011,0.6000134743650206,0.7890736865293535,0.2703231292517006,0.4826558265582656,0.7510806916426513,0.457268218237314,0.3318420004290136,0.2353304127845993,0.1790570800423417,0.1227397916417195
0.0955867189111157,0.3669462447579107,0.6062116822744728,0.7796012776737525,0.2681122448979591,0.492773261065944,0.7699027377521613,0.4686188477680275,0.3386142861520547,0.2402974023570062,0.1849197948049832,0.1296251945874745
0.0843472881006393,0.3643728555089591,0.6116688001077949,0.7869809450379998,0.2601190476190476,0.4952122854561879,0.7800792507204611,0.4716234261732163,0.3397787515704961,0.2410995248966496,0.184390521944467,0.1275895102382948
0.0692926376572489,0.352077773541746,0.6128141211345415,0.8021808569225685,0.2531462585034013,0.4901535682023487,0.7809798270893371,0.4696203739030904,0.3371433824656023,0.23770592953662,0.1786092337757511,0.1187282960124535
0.0672303567745927,0.3503621807091117,0.612948864784747,0.8042735984139222,0.2522108843537414,0.4894308943089431,0.7897154178674353,0.4721480351011065,0.3383384917108449,0.2373048682667983,0.1767364221154629,0.1147766734522811
0.0751701381728191,0.3604651162790697,0.6149026477127265,0.7941403238242096,0.2542517006802721,0.4955736224028906,0.8181736311239193,0.482497138496757,0.344467257071063,0.2419633491701117,0.1815405911570718,0.1211232187761944
0.0815632089090534,0.3723789553945863,0.6191470726941993,0.7838969049454786,0.2541666666666666,0.5040650406504065,0.8451909221902019,0.4952785196489889,0.3509943921796954,0.2467760844079719,0.1871183128409738,0.1273500179619207
0.0762012786141472,0.3741898589401448,0.623930472276494,0.785769357858795,0.2489795918367346,0.5080397470641373,0.8522154178674352,0.4986169400991988,0.3527717341341587,0.2471771456777935,0.1869554596531226,0.125314333612741
0.0661992163332645,0.3709492947007243,0.6281748972579666,0.7929287366450049,0.2421768707482993,0.5093947606142728,0.8456412103746399,0.4937523845860359,0.3510556798332976,0.2439378046523107,0.183046983144695,0.1194467728415758
0.0716642606723035,0.3775257338924895,0.6293202182847132,0.7862099350148695,0.2437074829931972,0.5132791327913279,0.8409582132564841,0.4925600915681037,0.3511476113137009,0.2429814277781206,0.1825991368781043,0.1191474074961082
0.0831099195710455,0.3898208158597026,0.63046553931146,0.7729926203326357,0.247704081632653,0.5198735320686539,0.849513688760807,0.4989030904235025,0.3543958569546165,0.2462824705374221,0.1862226203077925,0.1239971260926835
0.0904310167044751,0.3970644300419366,0.6307350266118709,0.7649520872342769,0.250595238095238,0.523486901535682,0.8568984149855907,0.5049122472338803,0.3580424723439463,0.2504473375701857,0.1912303558342154,0.1289067177583522
0.0841410600123736,0.3918223408311094,0.63120662938759,0.7713404559973565,0.2476190476190476,0.5213188798554652,0.8420389048991356,0.5000953834414346,0.3561731989090798,0.2482260751527118,0.1889096979073365,0.125553825889115
0.0755825943493503,0.3802897445672892,0.6286465000336858,0.7824650291882365,0.2457482993197279,0.5141824751580849,0.8152017291066282,0.4903185806943914,0.3516072687157172,0.2428888751773925,0.1816627310479602,0.1163333732487127
0.0716642606723035,0.3785741517346549,0.6299939365357408,0.7856592135697763,0.24328231292517,0.5141824751580849,0.8067363112391932,0.4888401373521557,0.3508105292188889,0.2417473931017462,0.179586352902858,0.1126811160340078
0.0832130336151783,0.3896301944338542,0.6303307956612544,0.7731027646216543,0.2478741496598639,0.5196928635953025,0.8168227665706053,0.497138496756963,0.3551925964514448,0.2453260936632319,0.1848790815080205,0.1202251227397916
0.0908434728810064,0.3972550514677849,0.6306002829616655,0.7645115100782024,0.2507653061224489,0.523486901535682,0.8247478386167147,0.5010492178557803,0.3572150890203169,0.2477016104152527,0.1887061314225226,0.1259729373727697
0.0821818931738502,0.3850552802134959,0.6277032944822475,0.7761868047141754,0.2490646258503401,0.5157181571815719,0.8170028818443805,0.4967092712705074,0.3543345693010143,0.2448941815265009,0.185734060744239,0.1217219494671296
0.0668179005980614,0.3689477697293175,0.6263558579801927,0.7938098909571538,0.2435374149659863,0.507226738934056,0.8010626801152738,0.4876001526135063,0.3481751601139951,0.2383846486086259,0.1784463805879,0.1123817506885403
0.0637244792740771,0.3647540983606556,0.6254800242538571,0.7978852296508425,0.2428571428571428,0.5046973803071364,0.7963796829971183,0.4846432659290347,0.345478503355499,0.2352687110507805,0.1746193306733979,0.1077715243683391
0.0792946999381315,0.3765726267632481,0.6235936131509803,0.7826853177662737,0.2505102040816326,0.5089430894308943,0.8055655619596542,0.4922262495230828,0.3488186804768179,0.2374899734682544,0.1780799609152349,0.1132798467249431
0.091049700969272,0.381528783835303,0.619483931819713,0.7735433417777288,0.2579081632653061,0.5085817524841915,0.819164265129683,0.5004292254864555,0.3526185150001533,0.2404208058246437,0.1813370246722579,0.1194467728415758
0.0835223757475768,0.3638963019443385,0.6118709155831031,0.78775195506113,0.2596088435374149,0.4951219512195122,0.8180835734870318,0.4992369324685235,0.3502282965096682,0.2366570000617017,0.1769807018972396,0.1147766734522811
0.0709424623633739,0.3390202058711398,0.6025062318938219,0.808899658552704,0.2602891156462585,0.4770551038843721,0.8064661383285303,0.4897939717665014,0.3421383262341801,0.2274634417227124,0.1648888526992915,0.1026224404262962
0.0680552691276551,0.3347312237895539,0.6012935390419726,0.8128648529573741,0.2599489795918367,0.4742547425474254,0.804034582132565,0.4859786341091187,0.3383691355376459,0.2229283642870365,0.1593518443123524,0.095258052927793
0.0799133842029284,0.3450247807853602,0.6008893080913562,0.8006388368763079,0.2650510204081632,0.4788617886178862,0.8210554755043228,0.4958985120183136,0.343793092881439,0.2267847226507065,0.1644410064327008,0.1024428212190156
0.0858939987626314,0.3522683949675943,0.6021020009432055,0.7931490252230422,0.2667517006802721,0.4831074977416441,0.8381664265129682,0.5052460892789012,0.3482058039407961,0.2300549145430987,0.168838042504682,0.1093282241647706
0.0738296555990926,0.3381624094548227,0.6000134743650206,0.8077982156625179,0.2630952380952381,0.4749774164408311,0.8424891930835736,0.5066768409004198,0.3475316397511722,0.2270932313198001,0.1649702792932171,0.1042390132918213
0.0604248298618271,0.3220548989706442,0.5973859731860136,0.8242097147262915,0.2592687074829932,0.4655826558265583,0.8407780979827091,0.5063429988553988,0.344436613244262,0.2221570926143025,0.1579675922156176,0.0943599568913902
0.0607341719942256,0.3205299275638581,0.5961059085090615,0.8249807247494217,0.2601190476190476,0.4640469738030713,0.8493335734870318,0.509252193819153,0.3446204762050685,0.2211698648732029,0.155769074179627,0.0913663034367141
0.0730047432460301,0.3311094166984368,0.5954995620831368,0.812314131512281,0.2655612244897958,0.468654019873532,0.8759906340057637,0.5219381915299505,0.3509637483528943,0.2249336706361449,0.1612246559726406,0.0998682792479942
0.0818725510414518,0.3320625238276781,0.5904466752004311,0.8070272056393876,0.2724489795918367,0.4656729900632339,0.9056195965417868,0.5380103014116749,0.3581344038243496,0.2289442833343617,0.165947398420324,0.1080110166447132
0.0783666735409362,0.3228173846740373,0.5862022502189584,0.8141865844255974,0.2737244897959183,0.4584462511291779,0.920298991354467,0.5449256009156811,0.3605859099684369,0.2287591781329055,0.1655402654506962,0.1069931744701233
0.0627964528768818,0.3067098741898589,0.584989557367109,0.8319198149575944,0.2680272108843537,0.4500451671183378,0.9314661383285304,0.5494563143838229,0.3608923482364478,0.226229407046338,0.161143229378715,0.0999880253861812
0.0661992163332645,0.3040411742279831,0.5808798760358418,0.8315893820905386,0.2720238095238095,0.4459801264679314,0.9525396253602306,0.5608546356352537,0.3650905525081973,0.2268772752514346,0.1607768097060499,0.0996886600407136
0.0897092183955454,0.3137628669462447,0.5723910260728963,0.8134155744024671,0.2870748299319727,0.444896115627823,0.982348703170029,0.5790251812285387,0.3742224128949223,0.2333251064354909,0.1678609233775751,0.1111244162375763
0.108475974427717,0.3188143347312237,0.5637000606346425,0.8005286925872893,0.3002551020408163,0.4414634146341463,1.0,0.594381915299504,0.3820978763828027,0.2390325168137225,0.1755964498005048,0.1227397916417195
0.1117756238399669,0.3123332062523827,0.5569628781243684,0.8025112897896244,0.3059523809523809,0.4338753387533875,0.988562680115274,0.5943342235787867,0.3832929856280453,0.2387548590115382,0.175555736503542,0.1243563645072446
0.1070323778098577,0.3028974456728935,0.5533921713939229,0.8104416785989647,0.3062074829931972,0.4270099367660344,0.9612752161383286,0.5888019839755819,0.380841479483958,0.2358548775220584,0.1717693998860027,0.1193868997724823
0.1118787378840998,0.3055661456347693,0.5521121067169709,0.8063663399052758,0.3090136054421768,0.4273712737127371,0.9450648414985592,0.5901373521556659,0.3828026843992278,0.237366570000617,0.173642211546291,0.1226200455035325
0.1327077747989276,0.3203393061380098,0.548945630937142,0.786650512170944,0.3195578231292517,0.4323396567299006,0.942543227665706,0.5988172453262114,0.3900959151778875,0.2445548219904979,0.1832505496295089,0.1359118668422943
0.1470406269333883,0.3304422417079679,0.5467223607087515,0.7731027646216543,0.3268707482993197,0.4355916892502258,0.9362391930835736,0.6043494849294163,0.3958263107896914,0.2520207317825631,0.1922481882582851,0.1483055921446533
0.1469375128892555,0.3290125810141059,0.5457791551573132,0.7740940632228218,0.3274659863945578,0.434327009936766,0.9144452449567724,0.5990557039297978,0.3951215027732663,0.2541802924662183,0.1948131259669407,0.1519578493593581
0.1420911528150134,0.3223408311094166,0.5442296031799502,0.7804824319859015,0.3264455782312925,0.4300813008130081,0.8793227665706053,0.5852727966425029,0.3907087917139092,0.2531313629913,0.194772412669978,0.1492635612501497
0.1511651886987007,0.3328250095310712,0.5456444115071077,0.7695781473730587,0.3293367346938775,0.4360433604336043,0.8559077809798272,0.5759252193819153,0.3898814083902798,0.2576355895600666,0.2008794072143962,0.1548916297449407
0.1715817694369973,0.3604651162790697,0.5519099912416627,0.7427029408525168,0.3337585034013605,0.453297199638663,0.8484329971181557,0.574876001526135,0.3944166947568413,0.268371691244524,0.2147219281817441,0.1706382469165369
0.1841616828212002,0.3811475409836065,0.5583103146264232,0.7239784117193523,0.3349489795918366,0.4673893405600722,0.8395172910662825,0.57215757344525,0.3982778169337787,0.2782131177886099,0.2264473577070271,0.1851275296371692
0.1784904103938956,0.3879146016012199,0.5667317927642659,0.7230972574072034,0.3272959183673469,0.4762420957542909,0.8198847262247838,0.5606638687523846,0.3961633928845035,0.2815758622817301,0.2308443937790082,0.188779786851874
0.1664260672303568,0.3884864658787647,0.5751532709021087,0.7292653375922459,0.3170068027210884,0.4821138211382114,0.7943083573487032,0.5442102251049218,0.3901572028314896,0.2799099154686247,0.2295008549792362,0.1831517183570829
0.1645700144359661,0.3971597407548607,0.5824294280132049,0.7251899988985571,0.3115646258503401,0.4911472448057813,0.7813400576368876,0.5344334223578787,0.3868783133637729,0.2812673536126365,0.230885107075971,0.1814752724224643
0.1707568570839348,0.4118375905451772,0.5887623795728626,0.7135147042625839,0.3101190476190475,0.5023486901535682,0.783591498559078,0.5303319343761923,0.3866944504029664,0.2855247732461282,0.23568927611758,0.1865046102263202
0.1709630851722004,0.4208921082729698,0.5950279593074176,0.7081176341006719,0.3062925170068027,0.5108401084010841,0.7826008645533141,0.5243227775658146,0.3849477522753042,0.2874683778614179,0.238376353717124,0.1898575020955574
0.1551866364198804,0.4189858940144871,0.6039884120460822,0.7175900429562727,0.2941326530612245,0.5159891598915989,0.7699027377521613,0.5111121709271271,0.3786044801274784,0.2848152033072129,0.2352821431479521,0.184648545084421
0.1403382140647556,0.4111704155547083,0.608232837027555,0.7301464919043946,0.2852891156462585,0.515085817524842,0.7574747838616716,0.4981877146127432,0.372077345018846,0.2803726784722651,0.2292972884944222,0.1733325350257454
0.1362136522994431,0.4135531833778116,0.6125446338341305,0.730917501927525,0.2809523809523809,0.5190605239385727,0.7556736311239193,0.4923216329645173,0.3692581129531456,0.2795397050657124,0.2281166028825014,0.170877739192911
0.1436378634770055,0.4263248189096453,0.6167216869905005,0.7195726401586078,0.2812925170068027,0.528003613369467,0.7708033141210375,0.4970431133155285,0.3727208653816689,0.2840439316344789,0.2335314713785522,0.1768650461022632
0.1460094864920602,0.4317575295463209,0.6190797008690965,0.7151668685978632,0.2808673469387755,0.5320686540198735,0.7846721902017292,0.5025753529187333,0.3758465357153802,0.2876226321959648,0.2370735282143148,0.1809364148006227
0.133017116931326,0.4215592832634387,0.6202923937209459,0.728053750413041,0.2746598639455782,0.5280939476061428,0.7873739193083574,0.5008107592521938,0.374804645604143,0.287129018325415,0.2359742691963195,0.1780026344150401
0.1167250979583419,0.4131719405261151,0.6250084214781378,0.7416014979623305,0.2649659863945578,0.5272809394760615,0.7831412103746399,0.4954215948111408,0.3725370024208623,0.2845375455050287,0.2316179464213011,0.1704586277092563
0.1134254485460919,0.4155547083492184,0.6288486155089942,0.7419319308293865,0.2612244897959183,0.5309846431797651,0.7918768011527378,0.4978538725677222,0.3731805227836852,0.2841673351021164,0.2301929810276035,0.1686025625673571
0.1217776861208496,0.4285169653069004,0.6325540658896449,0.7300363476153762,0.2623299319727891,0.5395663956639566,0.817092939481268,0.5090137352155666,0.37949315110471,0.2892577281421608,0.2362185489780962,0.1754879655131122
0.1274489585481542,0.4393823865802515,0.6365290035707067,0.7206740830487939,0.2621598639455782,0.5474254742547425,0.8308717579250721,0.5175505532239604,0.3853154781969173,0.2942555685814772,0.2428955296799934,0.1815950185606514
0.1206434316353887,0.4363324437666793,0.6388196456241999,0.726071153210706,0.2579081632653061,0.5475158084914182,0.8269092219020173,0.5163582602060283,0.3854380535041216,0.2942864194483865,0.2428141030860678,0.1801580649024069
0.1181686945762012,0.4288028974456728,0.6351141952435491,0.7317986562396739,0.2592687074829932,0.5414634146341463,0.8132204610951009,0.511779855017169,0.3829865473600343,0.2921577096316406,0.2392720462503053,0.1762064423422344
0.1276551866364198,0.4301372474266106,0.6297918210604324,0.7259610089216874,0.2664965986394557,0.5384823848238482,0.8131304034582134,0.515309042350248,0.3854686973309227,0.294502375516752,0.2407784382379285,0.1778230152077595
0.1471437409775211,0.443290125810141,0.6264232298052954,0.7078973455226346,0.2766156462585034,0.542457091237579,0.8224963976945245,0.5241320106829455,0.3913216682499311,0.3000863824273462,0.2478625519094536,0.18752245240091
0.1604454526706537,0.4468166221883338,0.620225021895843,0.6987553695340896,0.2860544217687075,0.5400180668473351,0.8251080691642652,0.5291873330789775,0.3942941194496369,0.3031097673844635,0.2532774204055044,0.1957250628667225
0.1535368117137554,0.4351887152115897,0.6165195715151923,0.7092190769908581,0.2855442176870748,0.5319783197831979,0.8106988472622478,0.5249904616558565,0.3914748873839365,0.3013821188375393,0.2506717693998859,0.1926116632738594
0.1441534336976696,0.4216545939763629,0.6130836084349526,0.7219958145170173,0.283843537414966,0.5233062330623306,0.7920569164265131,0.5176459366653949,0.3867250942297674,0.2972481026716851,0.2453383274977607,0.1848880373607951
0.144462775830068,0.4226077011056042,0.6135552112106717,0.7213349487829055,0.283673469387755,0.5241192411924119,0.7845821325648414,0.5157859595574208,0.3854993411577238,0.2963534275313136,0.2444833482615422,0.1844090528080469
0.1572489173025366,0.441097979412886,0.6182712389678636,0.7037118625399272,0.285969387755102,0.5360433604336043,0.7882744956772335,0.5190766882869134,0.3881959979162198,0.2998395754920713,0.249328230600114,0.1911747096156149
0.1633326459063724,0.4525352649637818,0.6223809202991308,0.6939090208172706,0.2858843537414965,0.5441734417344173,0.7907961095100866,0.5198874475391072,0.3892991756810591,0.3012587153699019,0.2510381890725511,0.1945874745539456
0.1570426892142709,0.4474837971788028,0.6229198948999528,0.7001872452913316,0.2829931972789115,0.542186088527552,0.7831412103746399,0.5147367417016406,0.3862654368277511,0.2981427778120565,0.2485139646608582,0.191653694168363
0.146112600536193,0.4349980937857414,0.6212355992723843,0.7132944156845467,0.2795068027210884,0.5350496838301716,0.7677413544668588,0.506056848531095,0.3803818220819416,0.2928364287036466,0.2434655158374725,0.1844090528080469
0.1440503196535368,0.4387152115897826,0.6252105369534461,0.7121929727943606,0.2761904761904761,0.5395663956639566,0.7663904899135447,0.5029568866844716,0.3783286856862685,0.2911396310236318,0.2419184105528865,0.1827326068734283
0.1548772942874819,0.4528211971025542,0.628107525432864,0.6982046480889965,0.2787414965986394,0.5481481481481482,0.7735050432276657,0.5060091568103777,0.3809334109643613,0.2941938668476584,0.2459897402491653,0.188779786851874
0.1586925139203959,0.4573961113229126,0.6287812436838913,0.6935785879502148,0.2799319727891156,0.5507678410117435,0.7798090778097984,0.5086322014498283,0.3820059449023995,0.2958289627938545,0.2489210976304861,0.1933301401029816
0.1529181274489585,0.4441479222264582,0.6232567540254664,0.7042625839850204,0.2810374149659864,0.5408310749774164,0.7753962536023055,0.5046260969095765,0.3785125486470751,0.2923736657000062,0.2436690823222864,0.1868638486408813
0.1371416786966384,0.425371711780404,0.6202923937209459,0.7236479788522965,0.2763605442176871,0.5299006323396567,0.764949567723343,0.4957077451354445,0.3718934820580394,0.2855556241130376,0.2343050240208452,0.1739911387857741
0.1344607135491854,0.4176515440335492,0.6165869433402951,0.729485626170283,0.2776360544217687,0.5237579042457091,0.7610770893371759,0.4896508966043494,0.3670824012502682,0.281051397544271,0.2281166028825014,0.1671656089091126
0.1414724685502165,0.4241326725123903,0.6166543151653978,0.7219958145170173,0.2804421768707483,0.5269196025293585,0.7703530259365996,0.4907954979015643,0.3671436889038704,0.2822854322206454,0.230885107075971,0.1710573584001916
0.1455970303155289,0.4286122760198246,0.6170585461160143,0.7172596100892168,0.2818877551020408,0.5292682926829267,0.7819704610951009,0.4940385349103395,0.3692887567799467,0.2846300981057568,0.2354449963358032,0.1766854268949826
0.1367292225201072,0.4213686618375905,0.6177996361921444,0.7261812974997246,0.2778061224489795,0.5262872628726287,0.7792687319884726,0.4893647462800458,0.3661324426194344,0.282162028753008,0.2313736666395244,0.1727338043348102
0.1181686945762012,0.4084064048799084,0.6206966246715623,0.743473950875647,0.2683673469387754,0.5221318879855466,0.7684618155619598,0.4800648607401755,0.3596972389912052,0.2764546183747763,0.2235160003257063,0.162615255658005
0.1162095277376778,0.4137438048036599,0.625749511554268,0.741491353673312,0.2643707482993197,0.528003613369467,0.7706231988472624,0.4787771842808089,0.3589924309747802,0.2759301536373172,0.2232310072469668,0.1619566518979762
0.1267271602392246,0.4301372474266106,0.63046553931146,0.7264015860777618,0.2656462585034013,0.5390243902439025,0.7790886167146975,0.4842140404425792,0.3628841969785187,0.2796322576664404,0.2287273023369432,0.1685426894982636
0.1322953186223963,0.4366183759054517,0.6314087448628983,0.7196827844476263,0.2673469387755102,0.5427280939476061,0.7853025936599425,0.4886970621900038,0.3653969907762082,0.2827481952242858,0.233368618190701,0.1739911387857741
0.1196122911940606,0.4273732367518109,0.6332277841406723,0.7317986562396739,0.2610544217687074,0.5394760614272809,0.7792687319884726,0.4847863410911865,0.3639567309165569,0.2811130992780897,0.2315772331243384,0.170757993054724
0.1052794390595999,0.4222264582539077,0.6389543892744054,0.7424826522744795,0.2515306122448979,0.5409214092140922,0.7727845821325648,0.4786818008393743,0.3607697729292434,0.2777812056518788,0.2268952039736177,0.1632139863489402
0.1042482986182718,0.4283263438810522,0.6438725325069056,0.7393986121819583,0.2479591836734693,0.5470641373080397,0.7842219020172911,0.4824494467760397,0.3622713204424969,0.2783365212562473,0.2260402247373992,0.1620165249670698
0.1135285625902247,0.4410026686999618,0.6467695209863235,0.7271725961008921,0.2499999999999999,0.5550135501355014,0.8047550432276657,0.4920354826402136,0.3675114148254834,0.282933300425742,0.2308443937790082,0.1686624356364507
0.119921633326459,0.4506290507052992,0.6494643939904331,0.7182509086903843,0.2508503401360544,0.561427280939476,0.809077809798271,0.4969477298740938,0.3706370851591947,0.2865120009872277,0.2362185489780962,0.1758472039276733
0.1151783872963497,0.4470072436141821,0.6499359967661523,0.7228769688291661,0.2486394557823129,0.5600722673893406,0.7919668587896254,0.4904616558565434,0.3672662642110747,0.2833035108286543,0.2335314713785522,0.1706382469165369
0.1072386058981233,0.4376667937476171,0.648453816613892,0.7324595219737856,0.2462585034013605,0.5545618789521228,0.77710734870317,0.4813525371995422,0.3622406766156958,0.2779046091195163,0.22722091034932,0.1619566518979762
0.1127036502371623,0.4316622188333968,0.6407734285521793,0.7330102434188787,0.2534013605442176,0.5466124661246612,0.7706231988472624,0.4784910339565051,0.3595440198571998,0.27531313629913,0.2254295252829574,0.161238175068854
0.1269333883274901,0.4348074723598932,0.6336320150912889,0.7235378345632779,0.2637755102040816,0.543360433604336,0.7727845821325648,0.4825448302174742,0.3618116630404805,0.2778120565187882,0.2303151209184919,0.1683031972218895
0.133017116931326,0.4293747617232176,0.625749511554268,0.7235378345632779,0.2712585034013605,0.5354110207768744,0.7753061959654179,0.4850247996947729,0.3623326080960991,0.2790460911951626,0.23145509323345,0.1723146928511555
0.1269333883274901,0.4153640869233701,0.6198881627703293,0.7348826963321952,0.2724489795918367,0.5249322493224933,0.7642291066282422,0.4793494849294162,0.3585021297459627,0.2746344172271241,0.2264880710039899,0.1669859897018321
0.1196122911940606,0.4085970263057567,0.6198881627703293,0.7425927965634981,0.2694727891156462,0.521680216802168,0.7482889048991356,0.4704311331552843,0.3525572273465511,0.2697291293885359,0.2194853839263903,0.1575859178541492
0.1236337389152402,0.4149828440716736,0.6217745738732061,0.7368652935345302,0.2698979591836734,0.5259259259259259,0.7476585014409223,0.469048073254483,0.3512395427941042,0.268711050780527,0.2182232717205439,0.1583642677523649
0.1299236956073417,0.4279451010293557,0.6268274607559119,0.7259610089216874,0.2693027210884353,0.5355013550135501,0.7598162824207493,0.4752479969477299,0.3543958569546165,0.2722897513420127,0.2231495806530412,0.1662076398036163
0.1294081253866776,0.433949675943576,0.6314087448628983,0.7227668245401476,0.2662414965986394,0.5413730803974707,0.7671109510086456,0.4787294925600915,0.3558361168142678,0.274202505090393,0.2262845045191759,0.1705185007783498
0.1236337389152402,0.4287075867327487,0.6314761166880011,0.7288247604361713,0.2637755102040816,0.5389340560072268,0.7619776657060519,0.4729587943533003,0.3526491588269543,0.2715493305361881,0.2229053008712645,0.1663872590108969
0.1179624664879356,0.4224170796797559,0.6306676547867681,0.7355435620663068,0.2619047619047619,0.5354110207768744,0.7493695965417868,0.4658527279664251,0.3479912971531885,0.2671993583019683,0.2171240127025486,0.158603760028739
0.1236337389152402,0.4257529546321005,0.6294549619349189,0.7305870690604692,0.2650510204081632,0.5362240289069558,0.7480187319884728,0.4659958031285768,0.3478993656727853,0.2664589374961437,0.2168390196238091,0.1577056639923362
0.1304392658280057,0.4326153259626381,0.6297918210604324,0.7229871131181849,0.267687074829932,0.539747064137308,0.7581952449567724,0.4703834414345669,0.3507185977384856,0.2693589189856235,0.2218874684471948,0.164112082385343
0.1319859764899979,0.4336637438048036,0.6295223337600215,0.7215552373609427,0.2684523809523809,0.5400180668473351,0.7668407780979828,0.4731495612361694,0.3521282137713358,0.2708089097303635,0.223963846592297,0.1654292899054005
0.1196122911940606,0.4165078154784597,0.6254800242538571,0.738076880713735,0.2659013605442176,0.5291779584462512,0.7631484149855908,0.4681419305608546,0.3475622835779732,0.2655951132226816,0.217816138750916,0.1551311220213148
0.1071354918539905,0.3977316050324055,0.6203597655460485,0.7555898226676946,0.2640306122448979,0.5168021680216802,0.7551332853025937,0.4605589469668066,0.3425366959825943,0.2599185537113593,0.2101213256249491,0.1453718117590707
0.1098164570014435,0.3993518871521158,0.6197534191201238,0.7532767925983037,0.2654761904761905,0.517163504968383,0.7556736311239193,0.460129721480351,0.3427205589434008,0.2607206762510026,0.2099991857340607,0.1456113040354448
0.1259022478861621,0.4126000762485702,0.6186080980933772,0.7369754378235488,0.2727891156462584,0.5227642276422765,0.7643191642651297,0.4667111789393361,0.3459381607575154,0.2644844820139446,0.2150069212604836,0.1539336606394444
0.1269333883274901,0.4167937476172321,0.6208987401468706,0.7340015420200462,0.2717687074829931,0.5262872628726287,0.7726945244956773,0.4715280427317817,0.3495541323200442,0.2673844635034245,0.2189561110658741,0.1577655370614297
0.1153846153846153,0.4083110941669843,0.6224482921242337,0.7450159709219076,0.2660714285714285,0.5233062330623306,0.7690021613832854,0.4693342235787867,0.3488493243036191,0.2661504288270501,0.2165540265450696,0.1537540414321637
0.0987832542792328,0.3995425085779641,0.6270969480563229,0.7590042956272717,0.2562925170068027,0.5222222222222221,0.7628782420749279,0.4627527661198016,0.345478503355499,0.2619547109273771,0.210894878267242,0.14621003472638
0.0976489997937719,0.407357987037743,0.6333625277908779,0.7551492455116201,0.2518707482993197,0.5301716350496838,0.7659402017291067,0.4627527661198016,0.3462445990255263,0.2624791756648362,0.2114648644247211,0.1469285115555023
0.1099195710455764,0.4240373617994662,0.6371353499966314,0.7388478907368652,0.2545068027210884,0.5405600722673893,0.7771974063400577,0.4693342235787867,0.3510556798332976,0.2673536126365151,0.2181011318296555,0.1558495988504371
0.1137347906784904,0.4263248189096453,0.6362595162702958,0.7355435620663068,0.2566326530612244,0.5411020776874436,0.7836815561959655,0.4741987790919496,0.3539668433794012,0.2700067871907201,0.2211953423988274,0.1595018560651419
0.0972365436172406,0.4127906976744185,0.6374048372970424,0.7521753497081176,0.2491496598639455,0.5354110207768744,0.7837716138328531,0.4720526516596719,0.3518217755033249,0.2677238230394274,0.2172868658903997,0.1529158184648545
0.0891936481748814,0.4050705299275638,0.6372700936468368,0.7609868928296067,0.2459183673469387,0.531616982836495,0.7756664265129682,0.4678557802365509,0.3480525848067907,0.2642068242117604,0.2121569904730884,0.146090288588193
0.0949680346463188,0.4115516584064048,0.6380785555480698,0.7541579469104527,0.2477891156462584,0.5353206865401987,0.7716138328530259,0.4684757726058756,0.3486654613428125,0.2652557536866786,0.213581955866786,0.1478864806609986
0.1118787378840998,0.4338543652306518,0.6427945833052616,0.7321290891067298,0.2517857142857143,0.5490514905149052,0.7794488472622478,0.4761541396413582,0.3545184322618209,0.2719195409391004,0.2218874684471948,0.1586636330978325
0.1175500103114044,0.4435760579489134,0.6459610590850906,0.7235378345632779,0.252125850340136,0.555736224028907,0.7878242074927955,0.4803987027851965,0.3580424723439463,0.2758376010365891,0.2257145183616969,0.1645910669380912
0.1094040008249123,0.4324247045367899,0.6434009297311863,0.734331974887102,0.2503401360544217,0.5487804878048781,0.7801693083573488,0.475104921785578,0.3549168020102351,0.2725365582772877,0.2219688950411204,0.1589629984433002
0.0981645700144359,0.4216545939763629,0.6431314424307754,0.7465579909681682,0.2459183673469387,0.5434507678410118,0.767471181556196,0.4682850057230065,0.3501057212024638,0.2676312704386993,0.2172054392964742,0.1508202610465812
0.1006393070736234,0.4256576439191764,0.6443441352826248,0.7429232294305539,0.246173469387755,0.5461607949412828,0.7653097982708934,0.4667111789393361,0.349492844666442,0.2670142531005122,0.2168390196238091,0.150221530355646
0.1144565889874201,0.4428135722455203,0.6475106110624537,0.7256305760546315,0.2499149659863945,0.5563685636856368,0.7730547550432276,0.4716711178939337,0.353231391536175,0.2705004010612699,0.222416741307711,0.1581247754759908
0.1180655805320684,0.453393061380099,0.6525634979451593,0.7175900429562727,0.2482142857142857,0.5648599819331527,0.776206772334294,0.4727680274704311,0.3535071859773849,0.2711791201332758,0.2242488396710365,0.1624356364507244
0.1027015879562796,0.4508196721311475,0.6608502324327966,0.7272827403899107,0.2366496598639455,0.5691056910569106,0.7588256484149856,0.4597481877146128,0.3453865718750958,0.2649780958844944,0.2167983063268463,0.1542928990540055
0.0840379459682408,0.4588257720167746,0.6786363942599204,0.7326798105518229,0.2176870748299319,0.5848238482384823,0.739643371757925,0.4426745516978252,0.3370208071583979,0.25843771209971,0.208411367152512,0.1420189198898335
0.0706331202309754,0.4972359893252001,0.714545577039682,0.7175900429562727,0.1895408163265306,0.6271906052393857,0.7330691642651297,0.4275562762304464,0.3323323016578311,0.258098352563707,0.2069456884618516,0.1361513591186684
0.0668179005980614,0.5369805566145635,0.7451323856363269,0.6966626280427359,0.1686224489795918,0.6664859981933152,0.7478386167146975,0.4215471194200686,0.3341709312658965,0.2639908681433948,0.2133376760850093,0.1388456472278768
0.0843472881006393,0.5429851315287837,0.7379236003503336,0.6838858905165767,0.1803571428571428,0.6644986449864498,0.7868335734870318,0.448349866463182,0.3601568963932216,0.2932066391065589,0.2391906196563797,0.1601005867560771
0.1374510208290369,0.5364086923370186,0.6986458263154348,0.6593237140654257,0.2270408163265306,0.6350496838301716,0.8340237752161384,0.5222720335749714,0.4315570128397635,0.3685136052323071,0.3091360638384496,0.2224284516824332
0.2391214683439884,0.5237323675181089,0.6231893822003638,0.6122921026544773,0.3165816326530612,0.5785004516711834,0.8651837175792508,0.6205646699732926,0.5414457757484755,0.489294749182452,0.4206090709225633,0.3269668303197221
0.3976077541761187,0.520873046130385,0.517617732264367,0.529243308734442,0.4486394557823129,0.506323396567299,0.8523955331412104,0.7319248378481497,0.6832654061839243,0.6454618374776333,0.5645712889829818,0.4710214345587353
0.5959991750876469,0.5569958063286313,0.4135956343057333,0.4024672320740169,0.5960884353741497,0.4537488708220415,0.8051152737752162,0.8552079359023274,0.8404988815003219,0.8113777997161722,0.7210324892109763,0.6402826008861213
0.7673747164363787,0.6000762485703391,0.3320757259314154,0.2860447185813415,0.718112244897959,0.4195121951219512,0.7256844380403458,0.936570011446013,0.9370575797505594,0.912537792311964,0.8334419021252341,0.7808046940486169
0.9114250360899157,0.6018871521158978,0.2391699791147342,0.2080625619561625,0.8361394557823129,0.3580849141824751,0.5791606628242075,0.9569343761922928,0.9632886954922932,0.9333621274757822,0.8873463073039656,0.88031373488205
0.9561765312435554,0.5347884102173083,0.1625682139729165,0.2229320409736754,0.9029761904761904,0.2748870822041553,0.4589337175792507,0.911674933231591,0.925811295314559,0.8746529277472698,0.8526992915886327,0.8843252305113158
0.8479067849041041,0.4135531833778116,0.1475442969750049,0.3508095605242867,0.8677721088435374,0.2074074074074074,0.3604106628242075,0.7179511636779855,0.7388839518279045,0.6971370395508114,0.6980701897239638,0.7521853670219135
0.6369354506083729,0.3591307662981319,0.2468503671764468,0.4948782905606343,0.718112244897959,0.2481481481481481,0.2340597982708933,0.4070965280427318,0.4282168357184446,0.4293823656444746,0.4632358928426023,0.5309543767213507
0.3918333677046813,0.403069004956157,0.4380516068180287,0.600396519440467,0.4964285714285714,0.3971996386630533,0.1574207492795389,0.1526611980160244,0.1560996537247571,0.1760041957178997,0.2236381402165947,0.2871512393725302
0.2833573932769643,0.4172703011818527,0.5190325405915246,0.6501817380768807,0.400595238095238,0.4581752484191508,0.1829070605187319,0.122472338801984,0.09606839702142,0.1053248596285555,0.1410308606790977,0.1839300682552987
0.2556197154052382,0.4187952725886388,0.538233510745806,0.6640599184932261,0.3770408163265306,0.4718157181571816,0.3306015850144092,0.2488077069820679,0.1888272607483222,0.1663170235083606,0.1727058057161468,0.1869237217099748
0.2172612909878326,0.4451963400686236,0.5819578252374856,0.6693468443661196,0.3335884353741496,0.5136404697380307,0.501621037463977,0.3680370087752766,0.2784604541415132,0.2279570555932622,0.2090220666069538,0.1936295054484492
0.1792122087028253,0.4565383149065954,0.6148352758876237,0.6831148804934463,0.2971938775510204,0.5410117434507677,0.6345461095100865,0.4468714231209462,0.3338644929978856,0.2613993953230086,0.2240045598892598,0.1823733684588672
0.1612703650237162,0.4287075867327487,0.606952772350603,0.7087784998347835,0.294812925170068,0.5224932249322494,0.7154178674351586,0.4837371232354063,0.3580731161707474,0.2731844264823841,0.2275466167250224,0.175128727098551
0.1386883893586306,0.4010674799847502,0.6021693727683083,0.7367551492455116,0.2885204081632653,0.5062330623306233,0.7427053314121038,0.485358641739794,0.3595133760303987,0.2698525328561733,0.2198518035990554,0.1630942402107531
0.1160032996494122,0.3920129622569576,0.6105234790810483,0.7541579469104527,0.2738945578231292,0.5074977416440831,0.7518011527377522,0.4767741320106829,0.353905555725799,0.2628493860677485,0.2096734793583584,0.1498622919410848
0.1091977727366467,0.3974456728936332,0.6188102135686855,0.754598524066527,0.2658163265306122,0.5157181571815719,0.7639589337175793,0.47577260587562,0.3524652958661478,0.2601036589128155,0.2056428629590424,0.1438749850317327
0.1102289131779748,0.4105032405642393,0.6273664353567338,0.7465579909681682,0.2607993197278911,0.5276422764227642,0.7829610951008646,0.4825925219381916,0.3551619526246438,0.2616153513913741,0.2071899682436283,0.1457310501736319
0.1010517632501546,0.412409454822722,0.6347099642929326,0.7504130410838198,0.2523809523809524,0.533423667570009,0.7964697406340058,0.4866940099198779,0.3565102810038918,0.2616462022582835,0.2066199820861493,0.1440546042390132
0.0841410600123736,0.4008768585589019,0.6376743245974533,0.766053530124463,0.2435374149659863,0.5299006323396567,0.7931376080691643,0.4824017550553224,0.3531701038825729,0.2574813352255198,0.200146567869066,0.1345946593222368
0.0716642606723035,0.3910598551277163,0.6388196456241999,0.7783896904945479,0.2377551020408163,0.5260162601626016,0.7867435158501442,0.4776802747043113,0.3495847761468452,0.2523909421854755,0.1935917270580571,0.1251945874745539
0.0759950505258816,0.3967784979031643,0.6400323384760492,0.7727723317545985,0.2386904761904761,0.5296296296296297,0.7909762247838616,0.4791587180465471,0.3506573100848834,0.2534398716603936,0.1941209999185734,0.1257933181654891
0.0913590431016704,0.4078345406023636,0.637741696422556,0.7582332856041414,0.2465136054421768,0.5332429990966576,0.8048451008645534,0.4888401373521557,0.3567247877914994,0.258777071635713,0.2009608338083217,0.1345347862531433
0.0977521138379047,0.4070720548989706,0.6331604123155696,0.7551492455116201,0.2520408163265306,0.5299006323396567,0.8149315561959655,0.4962323540633346,0.3612294303312598,0.2613068427222805,0.2048285970197866,0.1395641240569991
0.0876469375128892,0.390202058711399,0.6277706663073502,0.770349157396189,0.2512755102040816,0.5182475158084914,0.8080871757925072,0.4915585654330408,0.3581037599975485,0.2580675016967977,0.2002279944629915,0.1339360555622081
0.0786760156733347,0.378669462447579,0.6254800242538571,0.7818041634541248,0.2490646258503401,0.5112917795844625,0.7917867435158501,0.482163296451736,0.3523427205589434,0.2529154069229345,0.1933881605732432,0.1256735720273021
0.0858939987626314,0.3842927945101029,0.6247389341777269,0.7747549289569335,0.2524659863945578,0.5133694670280037,0.7884546109510088,0.4804940862266311,0.3516072687157172,0.2524834947862035,0.1932660206823548,0.1256735720273021
0.1038358424417405,0.3957300800609988,0.6211682274472815,0.7585637184711972,0.2620748299319728,0.5164408310749774,0.8017831412103746,0.4884109118657001,0.3571844451935158,0.2571111248226075,0.1985587492875172,0.1346545323913303
0.1067230356774592,0.3915364086923369,0.6162500842147813,0.7594448727833462,0.2664115646258503,0.5112014453477868,0.809978386167147,0.4928939336131248,0.3593601568963933,0.2588387733695317,0.2013679667779496,0.1398036163333732
0.091565271189936,0.3754288982081585,0.614767904062521,0.7768476704482873,0.2611394557823129,0.5025293586269196,0.8007024495677234,0.4857401755055323,0.353905555725799,0.2535632751280311,0.1942024265124989,0.131062148245719
0.0787791297174675,0.3635150590926419,0.6147005322374183,0.7905055622865953,0.2558673469387755,0.4968383017163504,0.7905259365994236,0.4772987409385731,0.3479606533263875,0.2470845930770654,0.1861004804169041,0.1202251227397916
0.0775417611878738,0.368566526877621,0.6190797008690965,0.7881925322172044,0.2525510204081632,0.5021680216802168,0.7959293948126802,0.4779664250286151,0.3475316397511722,0.246097365335966,0.1854490676654995,0.1182493114597054
0.085584656630233,0.3773351124666412,0.6200229064205349,0.7789404119396409,0.2552721088435374,0.5069557362240289,0.8124099423631124,0.4858355589469669,0.3510556798332976,0.2500462763003641,0.1904160898949596,0.1245359837145252
0.0862033408950299,0.3741898589401448,0.617395405241528,0.7803722876968828,0.2572278911564625,0.5037037037037037,0.8167327089337177,0.488220144982831,0.3519749946373303,0.2513420127105572,0.1915967755068805,0.1257933181654891
0.071973602804702,0.3589401448722836,0.6159132250892676,0.7967837867606564,0.2522959183673469,0.495483288166215,0.8096181556195966,0.4833555894696681,0.3488493243036191,0.2475782069476152,0.1868333197622343,0.1198658843252305
0.0574345225819756,0.3483606557377048,0.6179343798423499,0.8106619671770019,0.2449829931972788,0.4917795844625113,0.8034041786743517,0.478300267073636,0.3443753255906598,0.2429197260443018,0.1808077518117417,0.1126212429649143
0.0628995669210146,0.3582729698818147,0.6213703429225897,0.80207071263355,0.2450680272108843,0.4988256549232159,0.8115093659942364,0.481495612361694,0.3459688045843165,0.2438144011846733,0.1825584235811416,0.1138785774158783
0.0754794803052175,0.3736179946626,0.6239978441015966,0.7864302235929066,0.2486394557823129,0.5078590785907859,0.8317723342939481,0.4923216329645173,0.352189501424938,0.2491207502930832,0.1890725510951876,0.1223206801580649
0.0811507527325221,0.3763820053373999,0.6222461766489253,0.7818041634541248,0.2520408163265306,0.5080397470641373,0.8405079250720461,0.4980923311713086,0.3562038427358808,0.2518356265811069,0.1922889015552479,0.1280086217219494
0.0735203134666941,0.3623713305375524,0.6173280334164252,0.7939200352461724,0.2520408163265306,0.4981029810298102,0.8302413544668589,0.4969000381533766,0.3539361995526001,0.24927500462763,0.1891132643921504,0.1224404262962519
0.0653743039802021,0.3514105985512771,0.6149026477127265,0.804604031280978,0.2502551020408163,0.4912375790424571,0.8192543227665707,0.4958031285768791,0.3526185150001533,0.2464675757388783,0.1846348017262437,0.1158543886959645
0.0732109713342957,0.3610369805566145,0.6165869433402951,0.7949113338473399,0.2523809523809524,0.4969286359530261,0.8272694524495677,0.5010969095764976,0.3556522538534613,0.248503732954896,0.186507613386532,0.1183091845287989
0.0878531656011548,0.376477316050324,0.617867008017247,0.7781694019165106,0.2576530612244898,0.5050587172538392,0.8427593659942364,0.5108737123235406,0.361627800079674,0.2533781699265749,0.1931031674945036,0.1281283678601365
0.0913590431016704,0.3821006481128478,0.6196186754699184,0.7731027646216543,0.2579081632653061,0.5089430894308943,0.8491534582132565,0.5164059519267455,0.3643857444917721,0.2558770901462331,0.1964009445484895,0.1328583403185247
0.0826974633945143,0.3725695768204345,0.6185407262682746,0.7831258949223483,0.2551020408163265,0.5037037037037037,0.8426693083573489,0.5132106066386876,0.3614132932920663,0.2518664774480163,0.1915153489129549,0.1266315411327984
0.0771293050113425,0.3665650019062141,0.6179343798423499,0.7896244079744466,0.2531462585034013,0.5004516711833785,0.8379863112391932,0.5116367798550172,0.359635951337603,0.2484420312210773,0.1863447601986808,0.1198658843252305
0.0812538667766549,0.3712352268394967,0.6185407262682746,0.7846679149686089,0.2545068027210884,0.5030713640469738,0.8510446685878963,0.5193628386112171,0.3631599914197285,0.2500154254334547,0.187281166028825,0.1222009340198778
0.0929057537636626,0.3800038124285169,0.617125917941117,0.7734331974887101,0.2602040816326531,0.5062330623306233,0.8700468299711815,0.5330980541777948,0.3704532221983881,0.2544270994014932,0.1926960345248758,0.1290863369656328
0.0978552278820375,0.38076629813191,0.6144310449370073,0.770349157396189,0.2639455782312925,0.5047877145438121,0.8784221902017292,0.5406333460511256,0.3739772622805136,0.2557536866785957,0.1953831121244198,0.1328583403185247
0.0885749639100845,0.3676134197483797,0.6111971973320758,0.782905606344311,0.2621598639455782,0.496386630532972,0.8717579250720461,0.5392502861503243,0.3718015505776362,0.2513111618436478,0.1904975164888852,0.1260328104418632
0.0826974633945143,0.3575104841784216,0.607963349727144,0.7919374380438374,0.261734693877551,0.4894308943089431,0.8631123919308359,0.5372949256009156,0.3687371678975271,0.2462824705374221,0.1852455011806856,0.1192671536342952
0.0916683852340688,0.3668509340449866,0.6087044398032743,0.7816940191651062,0.2649659863945578,0.4943992773261066,0.8673451008645534,0.5409671880961465,0.3708515919468023,0.2465601283396064,0.1866704665743832,0.1215423302598491
0.1058981233243967,0.3804803659931375,0.6089739271036853,0.7661636744134817,0.2706632653061224,0.5010840108401083,0.8813940922190203,0.5506009156810379,0.3759691110225845,0.2502005306349109,0.1912710691311782,0.1302239252784097
0.1098164570014435,0.380861608844834,0.606683285050192,0.7639607886331093,0.2737244897959183,0.4996386630532971,0.889499279538905,0.5578977489507821,0.3796157264119144,0.2526377491207503,0.1942431398094617,0.1366902167405101
0.1042482986182718,0.3683759054517727,0.6014956545172808,0.7740940632228218,0.2747448979591836,0.4902439024390243,0.8836455331412104,0.5582792827165205,0.3790334937026936,0.2496760658974517,0.1909453627554759,0.133696563285834
0.1003299649412249,0.3617994662600076,0.5994071279390958,0.780041854829827,0.2744047619047619,0.4857271906052394,0.8740994236311239,0.5575162151850439,0.3779303159378543,0.2468994878756093,0.188624704828597,0.1290863369656328
0.1150752732522169,0.372950819672131,0.5976554604864246,0.7656129529683885,0.281547619047619,0.4898825654923215,0.8780619596541788,0.5643361312476155,0.382526889958018,0.2498303202319985,0.1932660206823548,0.1356723745659202
0.1391008455351619,0.3892489515821578,0.5934110355049518,0.7433638065866285,0.2942176870748298,0.4947606142728094,0.890399855907781,0.5770221289584129,0.391658750344743,0.2579132473622509,0.2025486523898705,0.1496227996647108
0.1528150134048257,0.3938238658025161,0.5877518021963214,0.7334508205749531,0.3034013605442176,0.4931345980126468,0.8957132564841499,0.5861789393361312,0.3998712959274355,0.2661504288270501,0.2116277176125722,0.1595617291342353
0.1416786966384821,0.3802897445672892,0.5854611601428282,0.7472188567022799,0.3002551020408163,0.4851851851851851,0.8843659942363113,0.5851774132010683,0.4012809119602856,0.2690812611834393,0.213581955866786,0.158484013890552
0.1388946174468962,0.3771444910407929,0.5850569291922117,0.7505231853728384,0.2993197278911564,0.4833785004516712,0.8735590778097984,0.5789297977871042,0.4013728434406889,0.270685506262726,0.2139076622424884,0.1567476948868399
0.1467312848009899,0.3943004193671368,0.5919962271777942,0.7364247163784556,0.2982142857142857,0.4962059620596206,0.8722982708933719,0.5777851964898894,0.4050501026568198,0.2775961004504227,0.2207882094291995,0.1645311938689977
0.1581769436997319,0.4187952725886388,0.6018325136427946,0.7161581671990307,0.2967687074829931,0.5143631436314363,0.877521613832853,0.5794544067149943,0.4102901970398064,0.2873758252606898,0.2333279048937382,0.1788408573823494
0.1595174262734584,0.4333778116660312,0.6113319409822812,0.7070161912104856,0.2912414965986394,0.5277326106594399,0.8743695965417868,0.5756390690576116,0.4110562927098336,0.2935459986425619,0.241633417474147,0.1872230870554424
0.1473499690657867,0.4340449866565001,0.6197534191201238,0.7130741271065095,0.2809523809523809,0.5336043360433604,0.8528458213256485,0.5616653948874476,0.4059081298072504,0.2927747269698278,0.2417962706619981,0.184768291222608
0.1358011961229119,0.4342356080823484,0.6274338071818365,0.7191320630025333,0.271343537414966,0.5388437217705511,0.8285302593659942,0.5451640595192675,0.3982778169337787,0.2899055963472574,0.2382949271231984,0.1785414920368818
0.1399257578882243,0.4428135722455203,0.6308023984369736,0.712082828505342,0.2709183673469387,0.54516711833785,0.8154719020172911,0.5354826402136589,0.3937731743940184,0.2905226136854446,0.2402084520804494,0.1807567955933421
0.1493091359043101,0.4543461685093403,0.6328235531900558,0.7002973895803503,0.2735544217687075,0.5520325203252032,0.8113292507204611,0.5307134681419305,0.3921490515735605,0.2939779107792929,0.2453790407947235,0.1873428331936295
0.1474530831099195,0.4598741898589401,0.6379438118978643,0.698094503799978,0.2695578231292517,0.5580849141824752,0.8025036023054756,0.5226535673407097,0.3881959979162198,0.2945332263836614,0.2464782998127188,0.1899772482337444
0.1340482573726541,0.4499618757148302,0.6396954793505356,0.7109813856151558,0.2629251700680272,0.5545618789521228,0.785842939481268,0.5094429607020221,0.3807801918303558,0.2901832541494416,0.2406562983470401,0.1808765417315291
0.1223963703856465,0.4408120472741135,0.6408408003772822,0.7225465359621104,0.2573979591836735,0.5510388437217705,0.7743155619596542,0.4995707745135444,0.3744982073361321,0.2855247732461282,0.2347528702874358,0.1715363429529397
0.1271396164157558,0.4451010293556995,0.6407060567270767,0.7175900429562727,0.2593537414965986,0.5529358626919603,0.7798991354466859,0.5006199923693248,0.3746514264701376,0.2867588079225027,0.23568927611758,0.172374565920249
0.1374510208290369,0.4517727792603888,0.6387522737990972,0.7081176341006719,0.2648809523809524,0.55483288166215,0.7913364553314122,0.5055322396032049,0.3769190696534183,0.2899055963472574,0.2403305919713378,0.1783019997605077
0.1393070736234275,0.446149447197865,0.633564643266186,0.7104306641700626,0.2688775510204081,0.5485998193315267,0.7943984149855909,0.5056276230446395,0.3770416449606227,0.2898438946134387,0.2402491653774122,0.1790803496587235
0.1279645287688183,0.4292794510102935,0.6290507309843023,0.7262914417887432,0.2670918367346938,0.5375790424570912,0.7862031700288185,0.4986169400991988,0.3729353721692766,0.2853705189115815,0.2344271639117335,0.1703987546401628
0.1162095277376778,0.4170796797560045,0.628107525432864,0.7395087564709769,0.2628401360544217,0.5312556458897922,0.7767471181556197,0.4921308660816482,0.3680936475347042,0.2808971432097242,0.2288494422278315,0.1631541132798467
0.1219839142091152,0.4171749904689286,0.6243347032271104,0.7364247163784556,0.2676020408163265,0.5287262872628726,0.7825108069164266,0.4935139259824495,0.3674501271718813,0.2803109767384463,0.2277501832098363,0.1633337324871273
0.1359043101670447,0.4144109797941288,0.6132857239102607,0.7305870690604692,0.2803571428571428,0.5200542005420055,0.796199567723343,0.4997615413964136,0.3699322771427696,0.2812982044795459,0.2296229948701245,0.1664471320799904
0.136316766343576,0.4083110941669843,0.6087718116283769,0.7338913977310276,0.2833333333333333,0.5140921409214092,0.7977305475504323,0.4991415490270889,0.3687065240707259,0.2807428888751774,0.228768015633906,0.1665668782181774
0.123221282738709,0.394491040792985,0.6075591187765277,0.7488710210375591,0.2787414965986394,0.5066847335140018,0.7863832853025937,0.4908908813429988,0.3637115803021482,0.2762386623064108,0.223393860434818,0.1593821099269548
0.1141472468550216,0.3870568051849027,0.6081654652024523,0.7580129970261041,0.2745748299319727,0.5036133694670281,0.7788184438040345,0.4854540251812285,0.360279471700426,0.2735546368852965,0.219729663708167,0.1537540414321637
0.1204372035471231,0.3988753335874951,0.6124772620090279,0.7478797224363916,0.2744897959183673,0.5121047877145438,0.7852125360230547,0.4889832125143075,0.3625777587105078,0.2763620657740482,0.2238824199983714,0.1588432523051131
0.1332233450195916,0.4145062905070529,0.6151721350131375,0.7320189448177111,0.2780612244897959,0.5213188798554652,0.7961095100864555,0.4956600534147272,0.3682468666687096,0.2819460726846425,0.2310072469668593,0.1689019279128248
0.1337389152402557,0.4142203583682805,0.6146331604123155,0.7317986562396739,0.2785714285714286,0.5208672086720868,0.7998919308357348,0.4973292636398321,0.3701467839303772,0.2837971246992041,0.2334907580815894,0.1717159621602203
0.1209527737677871,0.4006862371330537,0.6134204675604662,0.7464478466791497,0.2740646258503401,0.5136404697380307,0.7898054755043228,0.4912247233880198,0.3656114975638158,0.2796014067995311,0.2284015959612409,0.1643515746617171
0.1172406681790059,0.3956347693480747,0.6123425183588224,0.7514043396849873,0.2732142857142857,0.5104787714543811,0.7805295389048992,0.4869801602441816,0.363313210553734,0.277626951317332,0.2242895529679993,0.1591426176505807
0.1279645287688183,0.4036408692337018,0.6109277100316647,0.7410507765172375,0.2784863945578231,0.5133694670280037,0.7874639769452451,0.4921308660816482,0.3674194833450802,0.2812056518788178,0.228768015633906,0.1653095437672135
0.1412662404619509,0.4166031261913838,0.6113993128073839,0.7265117303667804,0.283673469387755,0.5197831978319783,0.7994416426512968,0.5018599771079741,0.3736708240125027,0.2872524217930524,0.2368699617295008,0.175008980960364
0.1426067230356774,0.4213686618375905,0.6138246985110826,0.7229871131181849,0.2827380952380952,0.5236675700090334,0.8021433717579252,0.5056276230446395,0.3767352066926118,0.2902449558832604,0.2401677387834866,0.1794395880732846
0.1245617653124355,0.4195577582920319,0.6244020750522131,0.7336711091529904,0.2686224489795918,0.5299006323396567,0.7971001440922191,0.4997138496756963,0.374774001777342,0.2883939038686987,0.236259262275059,0.1729134235420907
0.1128067642812951,0.4232748760960731,0.6347099642929326,0.7378565921356978,0.2572278911564625,0.538572719060524,0.7950288184438041,0.4948016024418161,0.372107988845647,0.2856173258468563,0.2323914990635941,0.1665070051490839
0.1172406681790059,0.4277544796035074,0.6349794515933436,0.7327899548408414,0.2589285714285714,0.5409214092140922,0.8065561959654179,0.4982354063334606,0.3735482487052983,0.286789658789412,0.2339793176451428,0.1685426894982636
0.1279645287688183,0.4327106366755622,0.6314761166880011,0.7241987002973895,0.2655612244897958,0.5408310749774164,0.8114193083573488,0.5026230446394506,0.3764900560782031,0.2902758067501697,0.2392313329533425,0.175128727098551
0.125386677665498,0.4329965688143347,0.6333625277908779,0.7254102874765943,0.2632653061224489,0.5422764227642276,0.7989012968299712,0.5001430751621518,0.3740079061073147,0.2897204911458012,0.2394348994381565,0.1756675847203927
0.119406063105795,0.4299466260007624,0.6351141952435491,0.730366780482432,0.2596938775510204,0.5420054200542006,0.7789985590778098,0.4920354826402136,0.3703306468911838,0.2868205096563214,0.2348342968813614,0.1705185007783498
0.1156939575170138,0.4256576439191764,0.6345752206427272,0.7348826963321952,0.2585884353741496,0.5395663956639566,0.7657600864553314,0.4861217092712705,0.3675727024790856,0.2839513790337509,0.2308443937790082,0.1641719554544365
0.1211590018560528,0.431090354555852,0.6347099642929326,0.7288247604361713,0.2607142857142857,0.5422764227642276,0.7681015850144093,0.4871232354063335,0.3683387981491129,0.2845066946381194,0.2325543522514453,0.1674051011854867
0.1307486079604042,0.4412886008387341,0.6357205416694738,0.71781033153431,0.2640306122448979,0.5477868112014453,0.7804394812680115,0.4926554750095384,0.3726595777280667,0.2889183686061578,0.2384170670140868,0.1745299964076158
0.1290987832542792,0.4407167365611893,0.6363942599205012,0.7190219187135147,0.2629251700680272,0.5479674796747968,0.784942363112392,0.4950400610454025,0.3738546869733092,0.2896896402788919,0.240086312189561,0.1772242845168243
0.1178593524438028,0.4280404117422798,0.6347773361180354,0.732349377684767,0.2592687074829932,0.5409214092140922,0.774585734870317,0.488553987027852,0.3687678117243281,0.2854939223792189,0.2341014575360312,0.1704586277092563
0.1083728603835842,0.4204155547083492,0.635653169844371,0.7418217865403678,0.2548469387755102,0.5378500451671183,0.765850144092219,0.4816863792445632,0.3637728679557503,0.2805269328068119,0.227994462991613,0.161357921207041
0.113941018766756,0.4222264582539077,0.6332277841406723,0.7377464478466791,0.2586734693877551,0.537037037037037,0.7727845821325648,0.4829740557039298,0.3636809364753471,0.2803726784722651,0.2288901555247943,0.1620763980361633
0.1261084759744277,0.4240373617994662,0.6265579734555008,0.7302566361934133,0.2678571428571428,0.533423667570009,0.7855727665706053,0.4900324303700878,0.367021113596666,0.2831184056271982,0.2334907580815894,0.1686624356364507
0.1264178181068261,0.4119329012581013,0.617867008017247,0.7370855821125675,0.273469387755102,0.5219512195121951,0.7891750720461096,0.4929416253338421,0.3674194833450802,0.2833343616955637,0.2335314713785522,0.1699197700874146
0.1151783872963497,0.3903926801372473,0.6099171326551236,0.7555898226676946,0.2738945578231292,0.506323396567299,0.7796289625360231,0.4851201831362076,0.3615052247724696,0.2776578021842414,0.2267323507857666,0.1607591905161058
0.1097133429573107,0.3866755623332062,0.6108603382065619,0.7605463156735323,0.2710884353741496,0.5052393857271906,0.7684618155619598,0.4761541396413582,0.3557135415070634,0.273338680816931,0.2209917759140135,0.154352772123099
0.1160032996494122,0.3947769729317574,0.612409890183925,0.7525057825751734,0.2726190476190476,0.5101174345076784,0.7689121037463977,0.4747233880198398,0.3555296785462569,0.273431233417659,0.2217246152593436,0.157106933301401
0.1250773355330996,0.4012581014105985,0.6111298255069729,0.7439145280317215,0.2772108843537414,0.5122854561878952,0.780349423631124,0.4799694772987409,0.3581344038243496,0.2752822854322206,0.2251038189072551,0.1630343671416596
0.1224994844297793,0.3984940907357986,0.6108603382065619,0.7468884238352241,0.2762755102040816,0.5108401084010841,0.7853025936599425,0.4802079359023274,0.3579811846903442,0.2744801628925773,0.2244931194528132,0.1629744940725661
0.1081666322953186,0.3867708730461303,0.6119382874082058,0.7613173256966626,0.2697278911564625,0.5060523938572719,0.7767471181556197,0.4730064860740175,0.3533539668433794,0.2696674276547171,0.2179382786418044,0.1538139145012573
0.097030315528975,0.3841974837971787,0.6174627770666307,0.7688071373499284,0.2616496598639455,0.5084914182475159,0.7722442363112392,0.4702880579931324,0.3519137069837281,0.2683099895107053,0.2158211871997394,0.148964195904682
0.1032171581769437,0.3975409836065574,0.6227851512497472,0.7577927084480669,0.2607993197278911,0.5183378500451671,0.7817903458213257,0.4756295307134682,0.355223240278246,0.2718269883383724,0.2203810764595716,0.1538737875703508
0.1160032996494122,0.4140297369424323,0.6261537425048844,0.7413812093842933,0.2640306122448979,0.5284552845528455,0.7918768011527378,0.4830694391453644,0.360279471700426,0.2774418461158759,0.227424476834134,0.162615255658005
0.1209527737677871,0.4176515440335492,0.6254126524287542,0.7366450049564929,0.2664965986394557,0.5297199638663053,0.7924171469740634,0.4853109500190767,0.3619648821744859,0.2791386437958907,0.2300301278397524,0.166866243563645
0.1097133429573107,0.4133625619519633,0.6297244492353298,0.7452362594999449,0.2590986394557823,0.5305329719963866,0.778278097982709,0.4786818008393743,0.3588085680139736,0.2758684519034985,0.2263252178161387,0.1618369057597892
0.1067230356774592,0.4187952725886388,0.6355184261941657,0.7435840951646657,0.2542517006802721,0.5369467028003613,0.7696325648414986,0.4745326211369706,0.3567860754451016,0.2744493120256679,0.2240452731862225,0.1583642677523649
0.1195091771499278,0.433949675943576,0.6378764400727616,0.728053750413041,0.2579931972789115,0.54579945799458,0.777557636887608,0.4816386875238458,0.36095363589005,0.2787067316591596,0.2281573161794642,0.1633337324871273
0.1338420292843885,0.4451010293556995,0.6363942599205012,0.7139552814186584,0.2648809523809524,0.5500451671183378,0.7941282420749279,0.4920831743609309,0.3673275518646769,0.2843832911704819,0.2345085905056591,0.1718955813675009
0.1267271602392246,0.437571483034693,0.6357205416694738,0.7221059588060358,0.2624149659863945,0.5459801264679314,0.7992615273775215,0.4934185425410149,0.3683081543223118,0.2848769050410317,0.2350785766631381,0.1729732966111842
0.1112600536193029,0.4270873046130384,0.6384154146735835,0.7364247163784556,0.2542517006802721,0.5429087624209575,0.7831412103746399,0.4835940480732545,0.3624858272301045,0.2790769420620719,0.227424476834134,0.1630942402107531
0.1039389564858733,0.423179565383149,0.6404365694266658,0.7425927965634981,0.2499999999999999,0.5423667570009033,0.7630583573487032,0.4737218618847768,0.3574295958079245,0.2743567594249399,0.2220503216350459,0.1550712489522213
0.1128067642812951,0.4352840259245139,0.6431988142558782,0.730917501927525,0.2518707482993197,0.5499548328816621,0.7599963976945245,0.4747233880198398,0.3587166365335703,0.2758684519034985,0.2243709795619249,0.1584241408214584
0.1238399670035058,0.44834159359512,0.6452199690089604,0.7173697543782355,0.2551870748299319,0.557542908762421,0.7563940922190202,0.4768218237314002,0.3609229920632489,0.2796939594002592,0.2290937220096083,0.1665668782181774
0.1224994844297793,0.4472931757529546,0.6452873408340631,0.7188016301354774,0.2545918367346939,0.5570912375790424,0.7523414985590778,0.4753433803891644,0.3604326908344314,0.2791694946628001,0.2291751486035338,0.1669261166327386
0.1070323778098577,0.4322340831109416,0.6448831098834468,0.7356537063553253,0.248469387755102,0.549683830171635,0.7424351585014409,0.4688096146508966,0.3561119112554776,0.2742333559573024,0.2224981679016366,0.1576457909232427
0.0998143947205609,0.4280404117422798,0.6465674055110152,0.7419319308293865,0.2444727891156462,0.5487804878048781,0.7424351585014409,0.4669973292636398,0.3539974872062023,0.2718269883383724,0.2196889504112043,0.1520775954975452
0.1108475974427717,0.4373808616088448,0.6458936872599879,0.7306972133494877,0.2494047619047619,0.5527551942186089,0.7514409221902019,0.4717665013353682,0.3566328563110961,0.2746652680940334,0.2233124338408924,0.1566878218177463
0.1201278614147246,0.4442432329393823,0.6447483662332412,0.72177552593898,0.2539115646258503,0.5552845528455285,0.7645893371757925,0.4783956505150705,0.3605552661416358,0.278398222990066,0.2285237358521293,0.1628547479343791
0.1153846153846153,0.4377621044605413,0.6432661860809809,0.728053750413041,0.2529761904761904,0.5512195121951219,0.7692723342939481,0.4788725677222434,0.3601262525664205,0.2780280125871537,0.2282794560703525,0.1636330978325949
0.1018766756032171,0.4170796797560045,0.6374048372970424,0.7472188567022799,0.2510204081632653,0.5374887082204156,0.7583753602305475,0.4720049599389546,0.355223240278246,0.2732461282162029,0.2216431886654181,0.15572985271225
0.0974427717055063,0.4057377049180327,0.6323519504143368,0.7561405441127876,0.2523809523809524,0.5287262872628726,0.7502701729106629,0.4660911865700115,0.3508105292188889,0.268711050780527,0.2162283201693673,0.1478864806609986
0.1047638688389358,0.4078345406023636,0.629118102809405,0.7509637625289128,0.2574829931972789,0.5274616079494129,0.7556736311239193,0.46752193819153,0.3507798853920877,0.2693897698525329,0.2178568520478788,0.1496826727338043
0.1221901422973809,0.4178421654593975,0.6247389341777269,0.7359841392223813,0.2674319727891156,0.5292682926829267,0.7660302593659942,0.4746280045784052,0.3551006649710416,0.2741408033565743,0.2238009934044459,0.1603400790324511
0.1247679934007011,0.4165078154784597,0.6220440611736172,0.7353232734882695,0.2701530612244898,0.5269196025293585,0.7657600864553314,0.4751526135062953,0.3554071032390525,0.2752205836984019,0.2254702385799201,0.162615255658005
0.1126005361930295,0.4029736942432328,0.6205618810213569,0.7496420310606894,0.266156462585034,0.5194218608852755,0.7532420749279539,0.467188096146509,0.3500137897220605,0.2697908311223546,0.2192411041446136,0.1542928990540055
0.1069292637657248,0.3991612657262676,0.6215050865727952,0.7548188126445643,0.2631802721088435,0.5183378500451671,0.7444164265129685,0.4614173979397177,0.3459994484111175,0.2659653236255939,0.2141519420242651,0.1476469883846246
0.1123943081047638,0.4112657262676324,0.6265579734555008,0.7450159709219076,0.2622448979591836,0.5273712737127371,0.7542327089337176,0.4651850438763831,0.3490331872644256,0.2686801999136176,0.2179789919387671,0.1520775954975452
0.1202309754588574,0.4207014868471215,0.6280401536077612,0.7353232734882695,0.2645408163265306,0.5328816621499548,0.7691822766570605,0.4727680274704311,0.3531088162289707,0.2730301721478373,0.2242081263740737,0.1604598251706382
0.1142503608991544,0.4167937476172321,0.6291854746345078,0.7408304879392003,0.2613095238095238,0.5317976513098465,0.7710734870317003,0.4735310950019076,0.3534765421505838,0.2736471894860246,0.2241674130771109,0.1595018560651419
0.1013611053825531,0.4111704155547083,0.6336320150912889,0.7509637625289128,0.2532312925170067,0.5320686540198735,0.7604466858789626,0.4669019458222052,0.3506573100848834,0.2709014623310915,0.2195668105203159,0.1527361992575739
0.100845535161889,0.4083110941669843,0.6318803476386176,0.7528362154422293,0.2540816326530612,0.5296296296296297,0.7518912103746399,0.4642789011827546,0.3495847761468452,0.2695131733201703,0.2178568520478788,0.1505807687702071
0.1142503608991544,0.4192718261532596,0.6309371420871791,0.7392884678929397,0.2602040816326531,0.5341463414634147,0.7606268011527378,0.4707172834795879,0.3555296785462569,0.2746344172271241,0.2243709795619249,0.1605795713088253
0.1272427304598886,0.4357605794891345,0.634103617867008,0.7228769688291661,0.2636054421768707,0.5440831074977417,0.7814301152737754,0.4815433040824113,0.3636196488217449,0.2815450114148208,0.2332464782998127,0.1719554544365944
0.1193029490616622,0.4399542508577964,0.6423229805295425,0.7247494217424826,0.2551020408163265,0.5515808491418248,0.7885446685878963,0.4827832888210606,0.3640180185701591,0.2827173443573764,0.2335314713785522,0.1710573584001916
0.0966178593524438,0.4449104079298512,0.6605807451323856,0.7340015420200462,0.2342687074829931,0.5661246612466124,0.7760266570605188,0.4699065242273941,0.3582263353047529,0.2795397050657124,0.2261216513313248,0.1581247754759908
0.0729016292018972,0.4803659931376286,0.7011385838442363,0.7261812974997246,0.1988945578231292,0.6102077687443541,0.7622478386167146,0.4504483021747424,0.3529249532681641,0.2775961004504227,0.2211546291018646,0.1463297808645671
0.0661992163332645,0.5141059855127715,0.7293673785622852,0.7102103755920255,0.1783163265306122,0.6450767841011743,0.7750360230547552,0.4460129721480351,0.3542732816474122,0.2821311778860986,0.2240859864831854,0.1456113040354448
0.0743452258197566,0.5246854746473503,0.731523276965573,0.6997466681352571,0.1802721088435374,0.6515808491418247,0.8001621037463978,0.4583174360930943,0.3634357858609383,0.2918800518294564,0.2338164644572917,0.1555502335049694
0.0931119818519282,0.5267823103316812,0.7207437849491342,0.6885119506553584,0.194812925170068,0.6453477868112014,0.8419488472622478,0.4957554368561618,0.3977875157049613,0.326710680570124,0.26679423499715,0.1814153993533708
0.1525056712724273,0.5228745711017917,0.6791753688607424,0.6589932811983698,0.2455782312925169,0.6156278229448962,0.8832853025936601,0.569152995040061,0.4748260962829038,0.4117356697723206,0.34594088429281,0.2517662555382589
0.268818313054238,0.515821578345406,0.5981944350872465,0.6009472408855601,0.3446428571428571,0.5579042457091238,0.894542507204611,0.6570965280427318,0.5844084209236049,0.5399518726476215,0.4666965230844394,0.3689977248233744
0.4449371004330789,0.528783835303088,0.4923532978508387,0.4995043506994162,0.4840136054421768,0.4931345980126468,0.8426693083573489,0.7598244944677605,0.7269941470290812,0.7016104152526685,0.6199413728523735,0.52754161178302
0.6398226438440915,0.5654784597788791,0.3908913292461092,0.374160149796233,0.6284863945578231,0.442457091237579,0.7538724783861672,0.8563048454788248,0.8626543682775106,0.8545690133892764,0.7693998860027684,0.6923122979283918
0.8064549391627139,0.6044605413648493,0.3095061645219968,0.2626941293093953,0.7485544217687075,0.4064137308039746,0.6339157060518732,0.905761159862648,0.9310513896975456,0.9323440488677732,0.8647911407865808,0.821099269548557
0.9425654774180244,0.6115135341212351,0.2256956140941858,0.1859235598634211,0.8574829931972789,0.3535682023486901,0.4574027377521614,0.8950305227012589,0.9377317439401832,0.9335780835441476,0.9013516814591646,0.906478266075919
0.9584450402144772,0.5459397636294319,0.1689011655325742,0.2152219407423724,0.8999149659863945,0.2843721770551038,0.3422190201729107,0.8185330026707364,0.8742683786351241,0.8516998827667058,0.8418288412995685,0.8837264998203807
0.8241905547535574,0.4347121616469691,0.1779963619214444,0.3512501376803613,0.8388605442176871,0.2377597109304426,0.2350504322766571,0.587991224723388,0.6524070725952258,0.6497192571111249,0.6668023776565426,0.7300323314573104
0.5882656217776862,0.3957300800609988,0.3045880212894967,0.4997246392774533,0.6616496598639455,0.3042457091237578,0.1332853025936599,0.2826688286913392,0.3351208898967303,0.3683902017646696,0.4139728035176288,0.4860495749012094
0.360383584244174,0.4193671368661837,0.4701205955669338,0.6078863310937327,0.4631802721088435,0.4263775971093044,0.0928494236311239,0.0877050743990843,0.1070388870162105,0.1404639970383168,0.1887875580164481,0.2481738713926475
0.2794390595999175,0.410312619138391,0.5166745267129286,0.6563498182619231,0.4004251700680271,0.453297199638663,0.1576909221902017,0.1171785578023655,0.1002972451199706,0.1094588757944098,0.1361045517466004,0.1720153275056879
0.2550010311404413,0.4093595120091498,0.5319679310112511,0.6698975658112126,0.38078231292517,0.4630532971996386,0.3332132564841499,0.2577260587561999,0.2024944075016088,0.1780712038008268,0.1750264636430258,0.1814752724224643
0.219220457826356,0.4384292794510102,0.5758943609782389,0.6722105958806036,0.3382653061224489,0.506323396567299,0.5152197406340059,0.380055322396032,0.2901051083259278,0.2391250694144505,0.2139483755394511,0.1912944557538019
0.1858115075273252,0.446149447197865,0.6031799501448494,0.6856481991408745,0.3072278911564626,0.5282746160794941,0.6410302593659943,0.4531190385349103,0.3416480250053627,0.2700684889245388,0.2288901555247943,0.1822536223206801
0.1665291812744895,0.4193671368661837,0.5968469985851916,0.7114219627712303,0.3033163265306122,0.5112917795844625,0.6994776657060519,0.4792064097672645,0.358624705053167,0.2778737582526069,0.2295822815731618,0.1752484732367381
0.142297380903279,0.3989706443004193,0.5982618069123492,0.7360942835113998,0.2924319727891156,0.5026196928635953,0.7209113832853027,0.4788248760015261,0.3581037599975485,0.2728142160794718,0.221276768992753,0.1630942402107531
0.1241493091359043,0.3946816622188333,0.6070875160008085,0.7482101553034475,0.2793367346938775,0.5065040650406504,0.736221181556196,0.4751526135062953,0.3547942267030307,0.266921700499784,0.2142740819151534,0.1512992455993294
0.1167250979583419,0.4005909264201296,0.616115340564576,0.7488710210375591,0.2705782312925169,0.5153568202348691,0.7516210374639769,0.4761541396413582,0.3543345693010143,0.2654100080212254,0.2111391580490187,0.1492036881810561
0.1178593524438028,0.4101219977125428,0.6221788048238227,0.7427029408525168,0.2672619047619047,0.5239385727190605,0.7632384726224785,0.4807325448302175,0.3562038427358808,0.2667057444314186,0.2126048367396791,0.1507005149083942
0.1115693957517013,0.4079298513152878,0.624671562352624,0.7473290009912985,0.2630952380952381,0.5245709123757903,0.7659402017291067,0.4816386875238458,0.3566328563110961,0.2657493675572284,0.2117905708004234,0.148844449766495
0.0935244380284594,0.3968738086160884,0.6287138718587887,0.7634100671880163,0.2530612244897959,0.5220415537488707,0.7601765129682998,0.4769648988935521,0.3534152544969816,0.2612759918553711,0.2062128491165214,0.1401628547479343
0.087234481336358,0.3927754479603507,0.6298591928855353,0.7691375702169841,0.2497448979591836,0.5208672086720868,0.7644092219020174,0.4777756581457459,0.353905555725799,0.2593632381069908,0.2023450859050565,0.1333971979403664
0.0996081666322953,0.3953488372093022,0.6236609849760829,0.7609868928296067,0.2588435374149659,0.5178861788617887,0.7860230547550432,0.4887924456314384,0.3601875402200227,0.2637749120750293,0.2066606953831121,0.1373488205005388
0.1141472468550216,0.4046892870758672,0.6206966246715623,0.7478797224363916,0.2666666666666666,0.5203252032520325,0.8025936599423631,0.4994276993513926,0.3667453191554561,0.2692972172518048,0.2129712564123442,0.1463297808645671
0.1053825531037327,0.4018299656881433,0.6244020750522131,0.7541579469104527,0.2607142857142857,0.5214995483288166,0.807456772334294,0.5017645936665395,0.3678484969202954,0.270253594125995,0.2136633824607116,0.1466890192791282
0.0887811919983501,0.3899161265726267,0.6268274607559119,0.7699085802401145,0.2522959183673469,0.5174345076784101,0.8025036023054756,0.4981400228920259,0.3642631691845678,0.2661195779601407,0.2073121081345167,0.1376481858460064
0.0842441740565065,0.3839115516584063,0.6256147679040625,0.7757462275581011,0.2512755102040816,0.5138211382113822,0.799171469740634,0.4948016024418161,0.3613826494652652,0.2626642808662924,0.2027115055777217,0.131062148245719
0.0943493503815219,0.3900114372855509,0.6232567540254664,0.7668245401475933,0.2568877551020408,0.5151761517615175,0.8067363112391932,0.4983784814956123,0.3629148408053198,0.2633429999382983,0.2037293380017913,0.1330379595258052
0.0986801402351,0.394491040792985,0.6235936131509803,0.7619781914307743,0.2585034013605442,0.5174345076784101,0.8251981268011527,0.5062953071346814,0.3667453191554561,0.2666440426975998,0.208207800667698,0.139085139504251
0.0900185605279439,0.3867708730461303,0.6237957286262885,0.7711201674193193,0.2547619047619047,0.5139114724480578,0.8264589337175793,0.5063429988553988,0.3660711549658322,0.2654717097550442,0.2064571288982981,0.1374685666387259
0.0809445246442565,0.375047655356462,0.6215050865727952,0.7826853177662737,0.2524659863945578,0.5068654019873532,0.8096181556195966,0.4979492560091568,0.3603714031808293,0.2601036589128155,0.1991694487419591,0.126930906478266
0.0788822437616003,0.3720930232558138,0.6206966246715623,0.7855490692807577,0.252125850340136,0.5049683830171635,0.7994416426512968,0.4929416253338421,0.3567247877914994,0.2558462392793237,0.1948131259669407,0.1211830918452879
0.0853784285419674,0.3770491803278687,0.6200229064205349,0.779160700517678,0.2551870748299319,0.5068654019873532,0.8017831412103746,0.4949446776039679,0.3580118285171452,0.257234528290245,0.1964009445484895,0.1259130643036762
0.0935244380284594,0.3795272588638962,0.6164521996900896,0.7734331974887101,0.2607993197278911,0.5056007226738933,0.807456772334294,0.4986169400991988,0.3602181840468238,0.2586845190349849,0.1988844556632195,0.1308825290384385
0.0898123324396782,0.3700914982844071,0.6121404028835141,0.7808128648529573,0.2620748299319728,0.4981933152664859,0.8079070605187321,0.4973292636398321,0.3591150062819845,0.2560621953476892,0.1966452243302662,0.1287869716201652
0.0787791297174675,0.3584635913076629,0.6111298255069729,0.7933693138010793,0.258078231292517,0.4920505871725384,0.8011527377521613,0.491415490270889,0.3551313087978427,0.2512803109767385,0.1910675026463642,0.1202251227397916
0.0745514539080222,0.3567479984750285,0.6127467493094387,0.7966736424716379,0.2553571428571428,0.4923215898825654,0.7989913544668588,0.4893647462800458,0.353231391536175,0.2490590485592645,0.1875661591075645,0.1148365465213746
0.0790884718498659,0.3621807091117041,0.6135552112106717,0.7911664280207071,0.2567176870748299,0.4953929539295393,0.8127701729106629,0.4959462037390309,0.3563264180430852,0.2514037144443759,0.1896018239557039,0.1170518500778349
0.0876469375128892,0.3679946626000762,0.6120056592333086,0.7832360392113668,0.2612244897959183,0.4971093044263776,0.8306916426512968,0.5043876383059901,0.3613213618116631,0.2544270994014932,0.1936731536519827,0.1232786492635612
0.0840379459682408,0.3624666412504765,0.6105234790810483,0.7883026765062231,0.2606292517006802,0.4935862691960253,0.838706772334294,0.5062953071346814,0.3618116630404805,0.2539026346640341,0.1922481882582851,0.1225002993653454
0.070323778098577,0.34778879146016,0.6091086707538907,0.8041634541249036,0.2559523809523809,0.4856368563685637,0.8361851585014409,0.5031476535673407,0.3587472803603714,0.2499845745665453,0.1863447601986808,0.1142378158304394
0.0646525056712724,0.3437857415173465,0.6099845044802263,0.809450379997797,0.2530612244897959,0.4842818428184281,0.8363652737752162,0.5037199542159481,0.3588698556675758,0.2479484173505275,0.1834541161143229,0.1098670817866123
0.0739327696432254,0.3594166984369042,0.6149026477127265,0.795462055292433,0.2537414965986394,0.4950316169828365,0.8505943804034583,0.514116749332316,0.3648454018937885,0.2522983895847474,0.1891539776891132,0.1155550233504969
0.0847597442771705,0.3775257338924895,0.6206966246715623,0.779160700517678,0.2545918367346939,0.5074977416440831,0.8682456772334295,0.5254673788630294,0.3720160573652438,0.2583451594989819,0.195912384984936,0.124176745299964
0.082285007217983,0.3767632481890964,0.6217745738732061,0.780923009141976,0.2528061224489795,0.5078590785907859,0.8725684438040346,0.52809042350248,0.3727208653816689,0.2582217560313445,0.1961973780636755,0.1245958567836187
0.0671272427304598,0.3632291269538696,0.6221114329987198,0.7968939310496751,0.2464285714285714,0.5016260162601626,0.8679755043227667,0.52422739412438,0.369717770355162,0.2538100820633059,0.1906196563797736,0.1169321039396479
0.0634151371416786,0.3637056805184902,0.6248736778279324,0.7986562396739728,0.2431122448979591,0.5037037037037037,0.8650936599423632,0.5263258298359405,0.3699016333159685,0.2521132843832911,0.1881361452650435,0.1140581966231588
0.07630439265828,0.3780022874571101,0.6265579734555008,0.783456327789404,0.2473639455782312,0.5116531165311653,0.8758105187319885,0.5368657001144602,0.3751723715257562,0.2559387918800518,0.1929403143066525,0.1222608070889713
0.091565271189936,0.3857224552039649,0.6220440611736172,0.7708998788412821,0.256547619047619,0.5122854561878952,0.8875180115273775,0.5491701640595194,0.3812704930591732,0.2611217375208244,0.1991694487419591,0.1313615135911867
0.09538049082285,0.3842927945101029,0.6186080980933772,0.7695781473730587,0.2602040816326531,0.5093044263775971,0.8866174351585014,0.5543685616177032,0.383538136242454,0.2617079039921022,0.1990473088510707,0.1321398634894024
0.0858939987626314,0.371425848265345,0.6156437377888567,0.7821345963211807,0.2582482993197278,0.5012646793134599,0.8786023054755044,0.5528901182754674,0.381515643673582,0.257666440426976,0.1943652797003501,0.1247754759908992
0.0868220251598267,0.3649447197865039,0.6104561072559456,0.7854389249917392,0.2618197278911564,0.4946702800361336,0.8759906340057637,0.5552747043113315,0.3812704930591732,0.2555994323440489,0.1910675026463642,0.1211830918452879
0.1049700969272014,0.3711399161265725,0.6029778346695411,0.7721114660204867,0.2740646258503401,0.4925925925925925,0.8867074927953892,0.5677699351392599,0.3885637238378329,0.2598260011106312,0.1965230844393778,0.1289067177583522
0.123221282738709,0.3739039268013724,0.5929394327292327,0.7607666042515695,0.2879251700680272,0.4871725383920506,0.904899135446686,0.583126669210225,0.3965924064597187,0.2647004380823101,0.2034443449230518,0.1403424739552149
0.1260053619302949,0.3667556233320624,0.586067506568753,0.7634100671880163,0.2934523809523809,0.4791327913279132,0.9109329971181558,0.5911388782907288,0.4004535286366562,0.2659036218917752,0.2051543033954889,0.1429768889953299
0.1222932563415137,0.3548417842165459,0.5801387859597117,0.772331754598524,0.2956632653061224,0.469557362240289,0.9036383285302594,0.5914250286150324,0.4007599669046671,0.2640525698772136,0.2012051135900985,0.1374685666387259
0.1216745720767168,0.3540792985131528,0.5800040423095061,0.7729926203326357,0.2954931972789115,0.4691056910569105,0.900756484149856,0.594715757344525,0.4025066650323293,0.2643302276793978,0.2009608338083217,0.1371692012932583
0.1398226438440915,0.36646969119329,0.5768375665296773,0.7562506884018063,0.3049319727891156,0.4728093947606143,0.908591498559078,0.604969477298741,0.4091257316213649,0.2701918923921762,0.2080856607768096,0.1469883846245958
0.1577644875232006,0.3774304231795653,0.5729300006737182,0.7402797664941072,0.3147959183673469,0.4754290876242096,0.9123739193083572,0.6116940099198779,0.4172769895504551,0.2777195039180601,0.2179789919387671,0.1593821099269548
0.1595174262734584,0.375047655356462,0.5701677558445059,0.7407203436501817,0.3172619047619047,0.4724480578139114,0.8929214697406341,0.6086417397939717,0.418594674102902,0.2807120380082681,0.2213174822897158,0.16423182852353
0.1541554959785522,0.3659931376286693,0.5672033955399851,0.7487608767485406,0.3169217687074829,0.4662149954832881,0.8664445244956772,0.596241892407478,0.4139981000827383,0.2797248102671685,0.2194853839263903,0.1609986827924799
0.1583831717879975,0.3673274876096072,0.5653843562622112,0.7457869809450379,0.319812925170068,0.4655826558265583,0.8469020172910663,0.5882773750476917,0.4118836760334631,0.2820386252853705,0.2227424476834134,0.163992336247156
0.1731284800989894,0.3804803659931375,0.5651148689618002,0.7302566361934133,0.3260204081632653,0.4716350496838302,0.8427593659942364,0.586131247615414,0.4144271136579536,0.2895662368112544,0.2339793176451428,0.1767452999640761
0.180449577232419,0.394491040792985,0.5701677558445059,0.7182509086903843,0.3258503401360544,0.4816621499548328,0.8411383285302594,0.5823159099580313,0.4148561272331689,0.2959832171284013,0.2424883967103655,0.1869835947790683
0.1717879975252629,0.400209683568433,0.5798692986593007,0.7196827844476263,0.316156462585034,0.4908762420957542,0.8267291066282422,0.5678653185806944,0.4096466766769834,0.2964768309989511,0.2429362429769562,0.1866842294336007
0.155392864508146,0.394491040792985,0.5865391093444722,0.7316885119506553,0.3052721088435374,0.4925925925925925,0.8043047550432277,0.5489317054559328,0.400729323077866,0.2917566483618189,0.2379692207474961,0.1780026344150401
0.146628170756857,0.3967784979031643,0.593882638280671,0.7351029849102323,0.2969387755102041,0.4986449864498645,0.7927773775216139,0.5366272415108738,0.393681242913615,0.2894736842105263,0.2353228564449148,0.1733924080948389
0.1546710661992163,0.4149828440716736,0.6014956545172808,0.7202335058927194,0.2954931972789115,0.5123757904245709,0.7999819884726226,0.5321919114841663,0.3927006404559802,0.2933300425741963,0.2397606058138588,0.1795593342114716
0.1620952773767787,0.4302325581395348,0.6074243751263222,0.7074567683665601,0.294812925170068,0.5235772357723577,0.8066462536023055,0.5307134681419305,0.3932522293383998,0.2975257604738693,0.2450126211220584,0.1870434678481619
0.1550835223757475,0.4261341974837971,0.6091760425789934,0.7136248485516026,0.2908163265306122,0.5228545618789521,0.8038544668587897,0.5236074017550554,0.3896362577758711,0.2959832171284013,0.243546942431398,0.1842893066698598
0.136316766343576,0.4135531833778116,0.6125446338341305,0.7308073576385065,0.2809523809523809,0.5191508581752484,0.7933177233429396,0.5113983212514307,0.3819753010755984,0.2901524032825323,0.2379692207474961,0.1742306310621482
0.1297174675190761,0.4162218833396873,0.6186080980933772,0.7327899548408414,0.2744047619047619,0.5243902439024389,0.7831412103746399,0.5023368943151469,0.3766432752122085,0.2874375269945086,0.2349971500692125,0.1700395162256017
0.1350793978139822,0.4307091117041554,0.6254126524287542,0.7216653816499614,0.2722789115646258,0.5358626919602529,0.7905259365994236,0.5058183899275086,0.3786351239542794,0.2912321836243599,0.2398420324077843,0.176386061549515
0.1372447927407712,0.4374761723217689,0.6287812436838913,0.7164886000660866,0.2710884353741496,0.5413730803974707,0.804034582132565,0.5116844715757345,0.3813317807127754,0.295273647189486,0.245094047715984,0.1827326068734283
0.127552072592287,0.4295653831490659,0.6295223337600215,0.7262914417887432,0.2665816326530612,0.5381210478771454,0.7972802593659942,0.5077260587561999,0.3790028498758925,0.2933608934411057,0.2420812637407377,0.1786013651059753
0.1163126417818106,0.4208921082729698,0.6307350266118709,0.7373058706906047,0.2612244897959183,0.5347786811201445,0.7780979827089338,0.4974246470812666,0.3738240431465082,0.2882087986672426,0.2351192899601009,0.1690216740510118
0.1170344400907403,0.4268013724742661,0.6344404769925217,0.7334508205749531,0.2591836734693877,0.5401084010840108,0.7697226224783863,0.4956600534147272,0.3724757147672601,0.2874992287283273,0.2338164644572917,0.1679439588073284
0.1317797484017323,0.4430041936713686,0.6362595162702958,0.7162683114880494,0.2641156462585033,0.5489611562782294,0.778278097982709,0.5025753529187333,0.3772867955750315,0.2924662183007342,0.2397606058138588,0.1756077116512992
0.1450814600948649,0.4545367899351886,0.6357205416694738,0.7025002753607226,0.2699829931972788,0.5540198735320686,0.7908861671469741,0.5101583365127814,0.3828946158796311,0.2974640587400506,0.2468040061884211,0.1848281642917016
0.1374510208290369,0.4429088829584445,0.6325540658896449,0.7132944156845467,0.2687925170068027,0.5464317976513099,0.7951188760806917,0.5122090805036246,0.3830478350136365,0.2965076818658605,0.2460304535461281,0.183391210633457
0.121571458032584,0.4247045367899351,0.6299939365357408,0.7322392333957484,0.263860544217687,0.5360433604336043,0.7928674351585014,0.5072014498283098,0.3796770140655165,0.2920343061640032,0.2395977526260076,0.1736917734403065
0.1197154052381934,0.4222264582539077,0.6294549619349189,0.7346624077541579,0.2634353741496598,0.5345980126467931,0.7937680115273776,0.5069152995040062,0.3782367542058653,0.2909236749552663,0.237032814917352,0.1685426894982636
0.1345638275933182,0.4330918795272588,0.6273664353567338,0.7204537944707566,0.2708333333333333,0.5383017163504968,0.8025936599423631,0.5155475009538344,0.3839058621640671,0.2970321466033196,0.2430176695708818,0.176505807687702
0.1458032584037945,0.4387152115897826,0.6240652159266995,0.711201674193193,0.2775510204081632,0.5387533875338754,0.8131304034582134,0.5237504769172072,0.3902184904850918,0.3025853026470044,0.250468202915072,0.1859058795353849
0.1425036089915446,0.4308044224170796,0.6206292528464595,0.7175900429562727,0.2784013605442176,0.5327009936766034,0.8119596541786743,0.5226535673407097,0.3899120522170809,0.3022150922440921,0.2500203566484814,0.1851275296371692
0.1321922045782635,0.4162218833396873,0.6170585461160143,0.7315783676616368,0.2763605442176871,0.5233965672990064,0.8002521613832854,0.5150228920259443,0.3855299849845249,0.2981119269451472,0.2445647748554678,0.1764459346186085
0.1318828624458651,0.4126000762485702,0.6147005322374183,0.733781253442009,0.2778061224489795,0.5200542005420055,0.7905259365994236,0.5097291110263259,0.38286397205283,0.2951502437218486,0.2414705642862958,0.1730331696802778
0.1448752320065993,0.4215592832634387,0.6125446338341305,0.7216653816499614,0.2845238095238095,0.5228545618789521,0.7938580691642652,0.5107783288821061,0.3826801090920234,0.2957981119269452,0.2433026626496213,0.1779427613459465
0.1478655392864508,0.4252764010674799,0.613218352085158,0.7179204758233285,0.2852891156462585,0.5251129177958447,0.8027737752161384,0.5141644410530332,0.3841510127784758,0.2985129882149688,0.2462747333279048,0.1827326068734283
0.1395133017116931,0.4122188333968737,0.6094455298794045,0.7299262033263574,0.2842687074829931,0.5163504968383018,0.7974603746397695,0.5100152613506296,0.3818220819415929,0.2962300240636762,0.2425698233042911,0.1790204765896299
0.127036502371623,0.3939191765154402,0.6046621302971098,0.7472188567022799,0.2820578231292516,0.504516711833785,0.7857528818443804,0.5016692102251049,0.3755400974473692,0.2898130437465293,0.2341014575360312,0.1687223087055442
0.1257991338420293,0.3916317194052611,0.6038536683958767,0.7490913096155963,0.2821428571428571,0.5028906955736224,0.7855727665706053,0.4984261732163296,0.3731192351300831,0.2878077373974209,0.2306408272941942,0.1639324631780624
0.1335326871519901,0.4034502478078535,0.6071548878259111,0.7381870250027536,0.2831632653061224,0.5106594399277327,0.7952089337175793,0.5029568866844716,0.3761836178101922,0.2914172888258161,0.2346307303965475,0.1702790085019758
0.1365229944318416,0.408787647731605,0.6089739271036853,0.7335609648639717,0.2833333333333333,0.514453477868112,0.8075468299711815,0.5071060663868753,0.378849630741887,0.2937928055778367,0.2387020600928263,0.1748293617530834
0.1242524231800371,0.4022112085398398,0.6122751465337195,0.7439145280317215,0.2761054421768707,0.513550135501355,0.8044848703170029,0.5037199542159481,0.3763981245977998,0.2909236749552663,0.2359742691963195,0.1711172314692851
0.1094040008249123,0.3924895158215783,0.6152395068382402,0.7573521312919925,0.2681972789115646,0.5109304426377597,0.7935878962536024,0.493943151468905,0.370085496276775,0.2856481767137657,0.2291344353065711,0.1617770326906957
0.1112600536193029,0.3958253907739229,0.6163848278649868,0.7544883797775085,0.2681972789115646,0.5132791327913279,0.791606628242075,0.4907001144601298,0.3682162228419085,0.2846300981057568,0.2280758895855386,0.1612980481379475
0.1260053619302949,0.4126000762485702,0.6185407262682746,0.7369754378235488,0.2728741496598639,0.5226738934056007,0.8018731988472624,0.4980446394505914,0.3723837832868569,0.2893194298759796,0.2343864506147707,0.1704586277092563
0.1323984326665291,0.4251810903545557,0.6232567540254664,0.7262914417887432,0.2725340136054421,0.5317976513098465,0.8127701729106629,0.5033384204502098,0.3771029326142249,0.2934842969087431,0.2404527318622261,0.1773440306550113
0.1234275108269746,0.420987418985894,0.6262211143299872,0.7334508205749531,0.2670068027210884,0.5317976513098465,0.8066462536023055,0.4998092331171308,0.3755707412741703,0.292096007897822,0.2380099340444589,0.1736917734403065
0.1137347906784904,0.4097407548608462,0.6245368187024186,0.7451261152109263,0.2641156462585033,0.525293586269196,0.7869236311239193,0.4904616558565434,0.3682775104955107,0.2861109397174061,0.2301522677306408,0.16423182852353
0.1115693957517013,0.4096454441479221,0.6258842552044734,0.7463377023901311,0.2623299319727891,0.526196928635953,0.7742255043227667,0.4830694391453644,0.3642631691845678,0.2834269142962917,0.2275466167250224,0.1615974134834151
0.1305423798721385,0.4294700724361417,0.6275011790069392,0.7247494217424826,0.2691326530612244,0.5366757000903343,0.7660302593659942,0.488220144982831,0.3683081543223118,0.2880853951996051,0.2345085905056591,0.1718955813675009
0.142812951123943,0.4424323293938238,0.6286465000336858,0.7106509527481,0.273469387755102,0.5436314363143632,0.7662103746397695,0.4935616177031667,0.3726595777280667,0.2930215339051027,0.2408191515348913,0.1812357801460903
0.133017116931326,0.4308044224170796,0.6268274607559119,0.7226566802511288,0.2705782312925169,0.5368563685636857,0.7606268011527378,0.4913201068294544,0.3711886740416143,0.2924353674338249,0.2398013191108215,0.1796192072805651
0.1254897917096308,0.4129813191002668,0.6191470726941993,0.7369754378235488,0.2723639455782313,0.5233062330623306,0.747028097982709,0.4844048073254483,0.3661630864462354,0.2878385882643303,0.2336128979724778,0.1709376122620045
0.1305423798721385,0.4146969119329012,0.6170585461160143,0.7333406762859346,0.275765306122449,0.5226738934056007,0.7431556195965419,0.4840709652804273,0.3665921000214507,0.287129018325415,0.2332057650028499,0.1698598970183211
0.1463188286244586,0.4350934044986655,0.6211682274472815,0.7130741271065095,0.2796768707482993,0.5351400180668474,0.7543227665706053,0.4911770316673026,0.3713418931756198,0.2914172888258161,0.2401270254865238,0.179140222727817
0.1540523819344194,0.44834159359512,0.6254800242538571,0.7012886881815177,0.2801020408163265,0.544263775971093,0.7620677233429396,0.4963277375047692,0.374774001777342,0.2957364101931264,0.2465190131096816,0.1867441025026943
0.1472468550216539,0.4409073579870377,0.624671562352624,0.7092190769908581,0.2778061224489795,0.5401987353206865,0.7577449567723343,0.4935139259824495,0.3738240431465082,0.2945640772505707,0.2444426349645794,0.1841695605316728
0.1361105382553103,0.4201296225695767,0.6172606615913225,0.7271725961008921,0.277891156462585,0.5253839205058717,0.7486491354466859,0.487218618847768,0.3699629209695707,0.2899364472141667,0.2374399478869798,0.1751886001676445
0.1325015467106619,0.4118375905451772,0.6137573266859799,0.7338913977310276,0.2785714285714286,0.5191508581752484,0.7488292507204611,0.4852632582983593,0.3692887567799467,0.2882087986672426,0.2351600032570637,0.1715962160220333
0.1448752320065993,0.4179374761723217,0.6099171326551236,0.723758123141315,0.2861394557823128,0.5194218608852755,0.7589157060518733,0.4916539488744754,0.3713418931756198,0.2904917628185352,0.2384577803110495,0.1748892348221769
0.1501340482573726,0.4196530690049561,0.6077612342518358,0.7200132173146822,0.289625850340136,0.5187895212285456,0.7663904899135447,0.4937523845860359,0.372107988845647,0.2912938853581786,0.2410227180197052,0.1802179379715004
0.1381728191379665,0.4024018299656881,0.6033820656201575,0.7363145720894372,0.2875,0.5076784101174345,0.7623378962536024,0.4881724532621137,0.3666227438482518,0.2866045535879559,0.2356078495236544,0.1748892348221769
0.1249742214889668,0.382958444529165,0.5982618069123492,0.754598524066527,0.2852891156462585,0.4950316169828365,0.7500000000000001,0.478634109118657,0.3594214445499955,0.2793237489973468,0.2270173438645061,0.1635133516944078
0.1251804495772324,0.382958444529165,0.5981270632621438,0.7544883797775085,0.2854591836734694,0.4949412827461607,0.7501801152737754,0.4772033574971385,0.3574908834615267,0.277966310853335,0.2243302662649621,0.15998084061789
0.136316766343576,0.3957300800609988,0.599878730714815,0.7411609208062562,0.2889455782312924,0.5021680216802168,0.7636887608069165,0.484357115604731,0.3623326080960991,0.2820694761522799,0.2291751486035338,0.165489162974494
0.1410600123736853,0.4020205871139915,0.6012261672168698,0.7349928406212137,0.2900510204081632,0.5060523938572719,0.7751260806916427,0.4895555131629149,0.3657953605246223,0.2851854137101253,0.2337350378633661,0.1717758352293138
0.1302330377397401,0.3950629050705299,0.6033820656201575,0.7447956823438704,0.2842687074829931,0.5041553748870822,0.7776476945244958,0.4900324303700878,0.3649373333741918,0.2844141420373913,0.2321472192818174,0.1689618009819183
0.1167250979583419,0.3831490659550133,0.6037862965707741,0.7588941513382531,0.2784013605442176,0.4988256549232159,0.7701729106628243,0.4837848149561236,0.3608923482364478,0.2793854507311656,0.2261216513313248,0.1602203328942641
0.113941018766756,0.3874380480365992,0.6085696961530688,0.7579028527370856,0.274234693877551,0.5040650406504065,0.7705331412103746,0.4809710034338039,0.3601568963932216,0.2789843894613439,0.2248188258285156,0.1587235061669261
0.1223963703856465,0.40383149065955,0.6147005322374183,0.7439145280317215,0.2738095238095238,0.5159891598915989,0.7851224783861672,0.48788630293781,0.363987374743358,0.2830875547602888,0.2299079879488641,0.1654292899054005
0.1262115900185605,0.4131719405261151,0.6188102135686855,0.7364247163784556,0.2728741496598639,0.5231255645889792,0.7931376080691643,0.4915585654330408,0.3665614561946496,0.2858332819152218,0.2337350378633661,0.1711172314692851
0.1166219839142091,0.4099313762866945,0.6227851512497472,0.743473950875647,0.2663265306122448,0.5242095754290876,0.7902557636887608,0.488220144982831,0.3643857444917721,0.2839513790337509,0.2314958065304128,0.1693210393964794
0.1023922458238812,0.3984940907357986,0.6239978441015966,0.7576825641590483,0.2596938775510204,0.5196928635953025,0.7833213256484152,0.4812571537581076,0.3596053075108019,0.2787684333929783,0.2250631056102923,0.1603999521015447
0.0992988244998968,0.3957300800609988,0.6240652159266995,0.7609868928296067,0.2584183673469387,0.5184281842818428,0.7846721902017292,0.4799217855780237,0.3587779241871725,0.2776886530511507,0.2230274407621529,0.1567476948868399
0.1137347906784904,0.4114563476934806,0.625749511554268,0.7441348166097588,0.2633503401360544,0.5269196025293585,0.7971902017291067,0.4876955360549408,0.3628229093249165,0.2822854322206454,0.2289715821187199,0.1648904322835588
0.1217776861208496,0.4223217689668318,0.6281748972579666,0.7335609648639717,0.2651360544217687,0.5336946702800361,0.8018731988472624,0.49174933231591,0.3654889222566114,0.2856173258468563,0.2347528702874358,0.1730331696802778
0.1163126417818106,0.4180327868852458,0.6287138718587887,0.7389580350258839,0.2625,0.5320686540198735,0.784942363112392,0.485358641739794,0.3622100327888947,0.2832109582279262,0.2323914990635941,0.1703388815710693
0.1073417199422561,0.4021158978269156,0.6233241258505693,0.7529463597312479,0.2621598639455782,0.5209575429087624,0.7628782420749279,0.4741987790919496,0.3554990347194558,0.277195039180601,0.2249816790163667,0.1601604598251706
0.1049700969272014,0.4007815478459778,0.623930472276494,0.754928956933583,0.2608843537414965,0.5206865401987353,0.757114553314121,0.4707649752003053,0.3529249532681641,0.2742333559573024,0.2221317482289715,0.1574062986468686
0.1198185192823262,0.4151734654975218,0.6244020750522131,0.7387377464478466,0.2666666666666666,0.5278229448961156,0.7625180115273776,0.4754864555513163,0.3563264180430852,0.2777195039180601,0.2268137773796922,0.1651299245599329
0.1284800989894823,0.4204155547083492,0.6224482921242337,0.7310276462165436,0.2715136054421768,0.5289972899728997,0.7638688760806917,0.4791587180465471,0.35926822541599,0.2807120380082681,0.2308443937790082,0.1702790085019758
0.1202309754588574,0.4083110941669843,0.6192818163444047,0.7424826522744795,0.2700680272108843,0.5211382113821138,0.7507204610951009,0.475104921785578,0.3581037599975485,0.2797248102671685,0.2295008549792362,0.1674051011854867
0.1112600536193029,0.3927754479603507,0.6141615576365963,0.7562506884018063,0.2695578231292517,0.5103884372177055,0.7376621037463977,0.4690957649752003,0.355223240278246,0.2763312149071389,0.2251852455011806,0.1624356364507244
0.1183749226644668,0.3949675943576057,0.6110624536818702,0.7511840511069501,0.2744897959183673,0.5093044263775971,0.7414445244956773,0.4741510873712324,0.3574295958079245,0.2780897143209724,0.2262030779252503,0.1633936055562208
0.1322953186223963,0.4033549370949293,0.6078959779020413,0.7388478907368652,0.2822278911564625,0.5111111111111111,0.7583753602305475,0.4849771079740557,0.3637422241289493,0.2840747825013883,0.2334907580815894,0.1734522811639324
0.1372447927407712,0.409550133434998,0.6090412989287879,0.7326798105518229,0.2835884353741496,0.5148148148148148,0.7675612391930836,0.4883155284242656,0.3665001685410474,0.287129018325415,0.2376842276687565,0.1781223805532271
0.1317797484017323,0.4025924513915363,0.6076938624267332,0.7396189007599955,0.2821428571428571,0.5106594399277327,0.7640489913544669,0.4850247996947729,0.3640180185701591,0.2843524403035726,0.2347528702874358,0.1740510118548676
0.1198185192823262,0.3900114372855509,0.6066159132250892,0.7532767925983037,0.277891156462585,0.5039747064137308,0.7544128242074929,0.478634109118657,0.359635951337603,0.2801875732708089,0.2295008549792362,0.1661477667345228
0.1234275108269746,0.3897255051467784,0.6039884120460822,0.7515144839740059,0.2810374149659864,0.5020776874435411,0.7531520172910664,0.4768218237314002,0.3580118285171452,0.2790769420620719,0.2273023369432456,0.1635732247635013
0.1376572489173025,0.3999237514296606,0.6018998854678973,0.738076880713735,0.2881802721088435,0.5055103884372177,0.7625180115273776,0.481161770316673,0.3613826494652652,0.2826556426235577,0.2320657926878918,0.1698598970183211
0.1431222932563415,0.4029736942432328,0.6005524489658425,0.7333406762859346,0.2913265306122449,0.5060523938572719,0.7770172910662825,0.4885062953071347,0.364355100664971,0.2856481767137657,0.2363406888689845,0.1769249191713567
0.133017116931326,0.3930613800991231,0.600148218015226,0.7444652494768146,0.2874149659863945,0.5010840108401083,0.7739553314121037,0.4859786341091187,0.3632825667269329,0.2832726599617449,0.2327579187362592,0.1714764698838462
0.1188904928851309,0.3830537552420892,0.6023041164185138,0.7577927084480669,0.2801870748299319,0.4977416440831075,0.7644092219020174,0.479301793208699,0.3593908007231943,0.2796014067995311,0.2271394837553945,0.1625553825889115
0.1178593524438028,0.3868661837590544,0.6056727076736509,0.7561405441127876,0.2777210884353741,0.501806684733514,0.7646793948126802,0.4791587180465471,0.3594214445499955,0.2795397050657124,0.2260402247373992,0.1600407136869835
0.1296143534749433,0.3985894014487228,0.6062790540995755,0.7431435180085911,0.2821428571428571,0.5078590785907859,0.7818804034582133,0.4890785959557421,0.3648760457205896,0.2847843524403036,0.231251526748636,0.168123578014609
0.1329140028871932,0.4086923370186808,0.6112645691571784,0.7355435620663068,0.2803571428571428,0.5158988256549232,0.7962896253602305,0.4952785196489889,0.3689210308583336,0.2887332634047017,0.2364221154629101,0.1742306310621482
0.1190967209733965,0.4039268013724741,0.6169238024658088,0.7456768366560194,0.2710884353741496,0.5175248419150857,0.7916966858789626,0.4919400991987791,0.3670517574234671,0.2869130622570495,0.2342643107238824,0.1719554544365944
0.1098164570014435,0.3968738086160884,0.6180017516674527,0.754598524066527,0.2665816326530612,0.5148148148148148,0.7786383285302595,0.4832602060282335,0.3624245395765023,0.282162028753008,0.2291344353065711,0.1646509400071847
0.1119818519282326,0.4009721692718261,0.619483931819713,0.7511840511069501,0.2665816326530612,0.517795844625113,0.7784582132564842,0.4811140785959557,0.3623326080960991,0.2821311778860986,0.2284015959612409,0.1633936055562208
0.1264178181068261,0.4125047655356462,0.6182038671427609,0.7367551492455116,0.2732993197278911,0.5224028906955737,0.7920569164265131,0.4900324303700878,0.3683081543223118,0.2875300795952366,0.2351600032570637,0.1726739312657166
0.1359043101670447,0.4201296225695767,0.6173280334164252,0.7272827403899107,0.2778061224489795,0.5254742547425474,0.8068263688760807,0.4988077069820679,0.3738546869733092,0.2922811130992782,0.2415112775832587,0.1809962878697162
0.1260053619302949,0.4125047655356462,0.6184733544431719,0.7369754378235488,0.2729591836734694,0.5225835591689251,0.799171469740634,0.4948969858832507,0.3704838660251893,0.289442833343617,0.2376435143717938,0.1754879655131122
0.1142503608991544,0.4047845977887914,0.6206966246715623,0.747769578147373,0.2666666666666666,0.5204155374887083,0.7857528818443804,0.4855971003433804,0.3634357858609383,0.2833960634293824,0.2299487012458268,0.1647108130762782
0.1132192204578263,0.4168890583301562,0.629926564710638,0.7412710650952747,0.2604591836734694,0.5323396567299006,0.7825108069164266,0.4828786722624952,0.3625471148837067,0.2834886160301105,0.230111554433678,0.1644713207999042
0.1278614147246855,0.4363324437666793,0.6340362460419052,0.7222161030950546,0.2639455782312925,0.544263775971093,0.7893551873198847,0.4873140022892026,0.3662550179266387,0.2880545443326958,0.2367071085416497,0.1740510118548676
0.1345638275933182,0.4390964544414791,0.6316782321633092,0.7170393215111797,0.2681972789115646,0.5439927732610659,0.7876440922190202,0.4900324303700878,0.3685226611099195,0.2912630344912693,0.2417555573650354,0.1818345108370255
0.1244586512683027,0.4256576439191764,0.6287812436838913,0.7301464919043946,0.2658163265306122,0.5357723577235772,0.7729646974063401,0.4841663487218619,0.3644776759721754,0.287560930462146,0.2378470808566077,0.1762663154113279
0.1132192204578263,0.4085017155928325,0.6239978441015966,0.7461174138120937,0.2642006802721088,0.5243902439024389,0.7523414985590778,0.4724341854254102,0.3568473630987038,0.2806503362744493,0.229338001791385,0.165489162974494
0.115590843472881,0.4027830728173846,0.6184059826180691,0.7481000110144288,0.2687074829931972,0.5179765130984643,0.7409942363112392,0.46804654711942,0.3542732816474122,0.278305670389338,0.2264473577070271,0.1629744940725661
0.1328108888430604,0.409550133434998,0.6119382874082058,0.7349928406212137,0.2798469387755102,0.5168021680216802,0.7399135446685878,0.4717188096146509,0.3570925137131125,0.2807120380082681,0.2316586597182639,0.1714764698838462
0.1420911528150134,0.4099313762866945,0.60614431044937,0.7299262033263574,0.2873299319727891,0.5130984643179766,0.7408141210374641,0.4755818389927508,0.3596972389912052,0.2835811686308385,0.23568927611758,0.1775236498622919
0.1339451433285213,0.3904879908501715,0.59779020413663,0.7454565480779821,0.2892857142857142,0.4982836495031617,0.7374819884726226,0.473912628767646,0.357245732847118,0.2811439501449991,0.2319436527970035,0.1715962160220333
0.1227057125180449,0.3719024018299656,0.5918614835275887,0.7621984800088115,0.2883503401360544,0.4855465221318879,0.7267651296829972,0.4673311713086608,0.3526798026537555,0.2759918553711359,0.2252666720951062,0.1631541132798467
0.1242524231800371,0.3733320625238275,0.5919962271777942,0.7605463156735323,0.2889455782312924,0.4862691960252935,0.7276657060518733,0.4657096528042732,0.3524652958661478,0.2753439871660394,0.2240859864831854,0.1623757633816309
0.1378634770055681,0.3831490659550133,0.5899750724247119,0.7475492895693358,0.2958333333333333,0.4896115627822944,0.7410842939481269,0.4724341854254102,0.356571568657494,0.2797865120009872,0.2286458757430176,0.1700395162256017
0.1427098370798102,0.3869614944719786,0.5895034696489927,0.7428130851415354,0.2981292517006802,0.4910569105691056,0.7509005763688761,0.4773464326592904,0.35926822541599,0.2825013882890109,0.2320657926878918,0.1764459346186085
0.1361105382553103,0.3805756767060617,0.5893013541736846,0.7499724639277453,0.2954931972789115,0.4878952122854561,0.7478386167146975,0.4754864555513163,0.3585940612263659,0.2809279940766336,0.2309665336698965,0.1727936774039037
0.1206434316353887,0.3706633625619519,0.5923330863033079,0.7640709329221279,0.2872448979591836,0.4851851851851851,0.7430655619596542,0.4713372758489126,0.3560199797750744,0.2781205651878818,0.2267730640827294,0.1649503053526523
0.1233243967828418,0.3737133053755241,0.5928046890790271,0.7608767485405881,0.288095238095238,0.4869918699186992,0.749099423631124,0.4750095383441434,0.3577053902491343,0.2792311963966187,0.2283608826642781,0.1660878936654293
0.1328108888430604,0.3859130766298131,0.5952300747827258,0.7487608767485406,0.290391156462585,0.4943992773261066,0.7688220461095101,0.484690957649752,0.364355100664971,0.2844449929043006,0.2347935835843986,0.1732726619566518
0.1335326871519901,0.3882005337399923,0.5963753958094724,0.7469985681242427,0.2900510204081632,0.4962059620596206,0.7807997118155621,0.4907954979015643,0.3689516746851347,0.2883939038686987,0.2394756127351192,0.1788408573823494
0.1186842647968653,0.3752382767823102,0.5969143704102944,0.7624187685868486,0.2835034013605442,0.4905149051490515,0.777557636887608,0.4867417016405951,0.3667759629822573,0.2854630715123095,0.2361778356811334,0.1744701233385223
0.1034233862652093,0.3640869233701867,0.5990028969884794,0.7769578147373057,0.2759353741496598,0.4866305329719963,0.7673811239193085,0.4784433422357879,0.360984279716851,0.2805577836737213,0.2294194283853106,0.1646509400071847
0.1097133429573107,0.3747617232176896,0.6025062318938219,0.767485405881705,0.2762755102040816,0.4940379403794038,0.7703530259365996,0.4803987027851965,0.3616890877332762,0.2808662923428149,0.2297451347610129,0.1647706861453718
0.1235306248711074,0.3938238658025161,0.6068854005255001,0.7490913096155963,0.279251700680272,0.5059620596205963,0.7881844380403458,0.4895078214421976,0.3676033463058867,0.2866354044548652,0.2355264229297288,0.1728535504729972
0.1262115900185605,0.3971597407548607,0.6074917469514249,0.7456768366560194,0.280017006802721,0.5079494128274615,0.8023234870317003,0.497472338801984,0.371740262924034,0.2903066576170791,0.2391499063594169,0.1776433960004789
0.1163126417818106,0.3887723980175371,0.6080307215522468,0.7559202555347504,0.2755102040816326,0.5043360433604336,0.8016030259365994,0.4973769553605494,0.3710048110808078,0.2903683593508978,0.238742773389789,0.1756675847203927
0.1080635182511858,0.3796225695768203,0.606952772350603,0.7655028086793699,0.2728741496598639,0.4992773261065943,0.7925972622478387,0.4925123998473865,0.369074249992339,0.287900289998149,0.2353228564449148,0.1709376122620045
0.1124974221488966,0.3830537552420892,0.6064811695748837,0.761207181407644,0.2749999999999999,0.5006323396567299,0.7936779538904899,0.4922739412438001,0.3694419759139521,0.2877151847966928,0.2364628287598729,0.172374565920249
0.1273458445040214,0.4006862371330537,0.6092434144040961,0.7431435180085911,0.2793367346938775,0.5107497741644084,0.8006123919308358,0.4988077069820679,0.3729353721692766,0.2916023940272721,0.2422848302255516,0.180517303316968
0.1341513714167869,0.4129813191002668,0.613487839385569,0.732349377684767,0.279421768707483,0.5195121951219512,0.8048451008645534,0.5003815337657384,0.3750191523917507,0.2944406737829333,0.2459083136552397,0.1865046102263202
0.1219839142091152,0.4080251620282119,0.6179343798423499,0.7417116422513493,0.2715986394557823,0.5201445347786812,0.7984510086455332,0.4943723769553605,0.3717709067508351,0.2912013327574505,0.2413077110984447,0.1801580649024069
0.1138379047226232,0.4007815478459778,0.6181364953176581,0.7501927525057824,0.2681972789115646,0.5168021680216802,0.7805295389048992,0.4849294162533384,0.3650599086813962,0.2854939223792189,0.234712156990473,0.1711172314692851
0.1184780367085997,0.4029736942432328,0.6165869433402951,0.7464478466791497,0.2710034013605442,0.5168021680216802,0.7758465417867435,0.4831171308660816,0.3636196488217449,0.2849694576417597,0.2343050240208452,0.1720752005747814
0.1299236956073417,0.4115516584064048,0.6152395068382402,0.7354334177772882,0.2766156462585034,0.5199638663053298,0.7798090778097984,0.4871709271270507,0.3672356203842736,0.2882705004010613,0.2401677387834866,0.1801580649024069
0.1331202309754588,0.4126000762485702,0.6138920703361853,0.7331203877078972,0.2787414965986394,0.5196025293586269,0.7742255043227667,0.4887924456314384,0.3686758802439249,0.2897204911458012,0.2423662568194772,0.1847084181535145
0.1216745720767168,0.3978269157453297,0.6109277100316647,0.747769578147373,0.2759353741496598,0.510569105691057,0.7664805475504323,0.483164822586799,0.3645389636257776,0.2854013697784908,0.2369513883234264,0.1771644114477308
0.1134254485460919,0.3825772016774685,0.6056053358485481,0.7609868928296067,0.2759353741496598,0.4997289972899729,0.7538724783861672,0.4764879816863792,0.3595440198571998,0.2800950206700808,0.2300301278397524,0.1683630702909831
0.1228088265621777,0.3839115516584063,0.6003503334905341,0.7552593898006389,0.283078231292517,0.4968383017163504,0.7491894812680115,0.4763925982449447,0.3591762939355867,0.280280125871537,0.2300301278397524,0.1688420548437312
0.1369354506083728,0.3910598551277163,0.5961732803341642,0.743473950875647,0.2915816326530612,0.4974706413730804,0.7590958213256486,0.481829454406715,0.3641099500505623,0.2844449929043006,0.2358114160084683,0.1763261884804215
0.1457001443596617,0.3885817765916888,0.5886950077477598,0.7402797664941072,0.299829931972789,0.4912375790424571,0.7662103746397695,0.4875047691720717,0.3666227438482518,0.2869130622570495,0.2393534728442309,0.182014130044306
0.136316766343576,0.3736179946626,0.5842484672909788,0.7539376583324154,0.2988095238095238,0.4812104787714544,0.7581952449567724,0.4827832888210606,0.3630680599393252,0.284136484235207,0.2354042830388404,0.176386061549515
0.1243555372241699,0.3582729698818147,0.5812167351613554,0.7691375702169841,0.2957482993197278,0.4719060523938572,0.7509906340057637,0.4749141549027089,0.3572150890203169,0.2778429073856975,0.2272616236462828,0.1656687821817746
0.1266240461950917,0.3587495234464353,0.5800714141346088,0.7677056944597422,0.2974489795918367,0.4713640469738031,0.7524315561959655,0.4749618466234262,0.3574295958079245,0.2771333374467823,0.226650924191841,0.1657286552508681
0.1365229944318416,0.370758673274876,0.5820925688876911,0.755479678378676,0.3002551020408163,0.4784101174345077,0.7699927953890491,0.4848817245326212,0.363987374743358,0.2834269142962917,0.2344678772086963,0.1764459346186085
0.1419880387708806,0.3812428516965306,0.5859327629185475,0.7464478466791497,0.3000850340136054,0.4859981933152664,0.7822406340057637,0.4928939336131248,0.3704838660251893,0.2893194298759796,0.2407784382379285,0.1835708298407376
0.1309548360486698,0.3739039268013724,0.5879539176716296,0.7566912655578807,0.2942176870748298,0.4838301716350496,0.775756484149856,0.4893170545593285,0.3684920172831183,0.287900289998149,0.2381320739353472,0.1797988264878457
0.1165188698700763,0.365707205489897,0.5915919962271778,0.7691375702169841,0.2860544217687075,0.4823848238482385,0.769542507204611,0.4837371232354063,0.3646921827597831,0.2843832911704819,0.2336536112694405,0.1729134235420907
0.1186842647968653,0.3759054517727792,0.5973859731860136,0.7620883357197928,0.2832482993197279,0.4910569105691056,0.7725144092219021,0.484357115604731,0.3660405111390311,0.2854322206454002,0.2345085905056591,0.1723146928511555
0.1282738709012167,0.3964925657643918,0.6056727076736509,0.7450159709219076,0.2819727891156462,0.5064137308039747,0.7872838616714698,0.4927508584509729,0.3721692764992492,0.2912938853581786,0.2407377249409657,0.1810561609388097
0.1290987832542792,0.4053564620663362,0.6113993128073839,0.7395087564709769,0.2786564625850339,0.514453477868112,0.7974603746397695,0.4989030904235025,0.3756320289277725,0.2949342876534831,0.2447683413402817,0.1863848640881331
0.1191998350175293,0.4008768585589019,0.6147005322374183,0.7473290009912985,0.2725340136054421,0.5145438121047877,0.7928674351585014,0.4970908050362457,0.3739466184537126,0.2923736657000062,0.2411855712075563,0.180637049455155
0.1093008867807795,0.388677087304613,0.6125446338341305,0.7596651613613834,0.269812925170068,0.5073170731707317,0.7875540345821326,0.4922739412438001,0.3708822357736034,0.2882705004010613,0.2360964090872078,0.172374565920249
0.1129098783254279,0.3925848265345024,0.612948864784747,0.755479678378676,0.2710034013605442,0.5094850948509485,0.7919668587896254,0.4944677603967951,0.3719241258848406,0.2887024125377923,0.2371549548082403,0.1733325350257454
0.1281707568570839,0.4128860083873427,0.617395405241528,0.7356537063553253,0.2745748299319727,0.5220415537488707,0.8017831412103746,0.5030999618466234,0.3777158091502467,0.2946874807182082,0.2448497679342073,0.1839300682552987
0.1358011961229119,0.4222264582539077,0.6190123290439938,0.726071153210706,0.2767006802721088,0.5275519421860885,0.8108789625360231,0.5065814574589852,0.3809027671375602,0.2980502252113285,0.249694650272779,0.1903364866483056
0.124871107444834,0.4089782691574532,0.6166543151653978,0.7396189007599955,0.2736394557823129,0.5196928635953025,0.8070965417867435,0.5033861121709271,0.3771029326142249,0.294502375516752,0.2455011806856119,0.1848880373607951
0.1126005361930295,0.3895348837209301,0.6110624536818702,0.7573521312919925,0.2721088435374149,0.5066847335140018,0.7892651296829971,0.4927985501716901,0.370391934544786,0.2887332634047017,0.2380506473414217,0.1766255538258891
0.1151783872963497,0.3910598551277163,0.6103887354308427,0.7551492455116201,0.2736394557823129,0.5069557362240289,0.7749459654178674,0.4868370850820298,0.3675114148254834,0.2873141235268711,0.2367071085416497,0.1753083463058316
0.1224994844297793,0.4105985512771635,0.6194165599946102,0.7399493336270514,0.2709183673469387,0.522312556458898,0.7761167146974064,0.4858832506676841,0.3691048938191402,0.2906768680199914,0.240493445159189,0.180637049455155
0.1107444833986389,0.4318528402592451,0.6420534932291316,0.7338913977310276,0.2517857142857143,0.5475158084914182,0.7788184438040345,0.479301793208699,0.3703000030643827,0.2949651385203924,0.2426512498982167,0.1792000957969105
0.0809445246442565,0.4512962256957681,0.6753351748298861,0.7386276021588281,0.2185374149659864,0.5790424570912376,0.7693623919308358,0.4628481495612361,0.3669291821162627,0.2953970506571234,0.239719892516896,0.166866243563645
0.070839348319241,0.4418604651162789,0.6752678030047834,0.7495318867716709,0.2143707482993197,0.5745257452574526,0.7776476945244958,0.4707649752003053,0.3798915208531242,0.3111309927808972,0.2495317970849279,0.1680637049455154
0.1301299236956073,0.4484369043080441,0.6411102876776932,0.7139552814186584,0.2603741496598639,0.55483288166215,0.8249279538904899,0.5342903471957269,0.4408727361872951,0.3778305670389338,0.3129224004559889,0.2267991857262603
0.2577851103320271,0.4565383149065954,0.5634979451593344,0.6411499063773543,0.3619897959183673,0.5065943992773261,0.878692363112392,0.6376859977107975,0.5480648423375112,0.4989202196581724,0.4321309339630322,0.3458268470841815
0.4093627552072592,0.4431948150972168,0.4550293067439196,0.5679039541799757,0.4929421768707482,0.4275519421860885,0.8694164265129684,0.7361694009919878,0.6749915729476297,0.6488862837045722,0.5775588307141113,0.494611423781583
0.5789853578057331,0.4437666793747616,0.3446068854005255,0.4770349157396188,0.6325680272108843,0.3537488708220416,0.7908861671469741,0.8231114078595956,0.8063310146171054,0.8029246621830074,0.7240045598892598,0.6493234343192432
0.7433491441534337,0.4772207396111322,0.2608637067978171,0.3698645225245071,0.7532312925170067,0.313550135501355,0.6829070605187321,0.8769553605494087,0.894462660497043,0.9125069414450546,0.8402003094210568,0.7872709855107173
0.900288719323572,0.5363133816240945,0.2000269487300411,0.2518999889855711,0.8562925170068026,0.3007226738934055,0.5402557636887608,0.8749046165585654,0.9144117917445532,0.9437897204911458,0.9065222701734388,0.9006107053047538
1.0,0.5451772779260389,0.14127871724045,0.1935235158057054,0.934438775510204,0.2654923215898825,0.4116534582132565,0.8365604731018695,0.8962093586247052,0.9136175726537916,0.9088429281003176,0.9512633217578732
0.910703237780986,0.4559664506290506,0.136562689483258,0.292763520211477,0.9006802721088435,0.2200542005420054,0.3438400576368876,0.6856161770316673,0.7520914411791745,0.764175973344851,0.7792932171647259,0.8456472278769009
0.6723035677459269,0.3462638200533739,0.2147140066024388,0.4834232845026985,0.7530612244897957,0.2205058717253839,0.2286563400576368,0.3916921022510493,0.4495755829988049,0.4896958104522738,0.5322856444914909,0.6090887318883966
0.3979170963085172,0.3393061380099123,0.3890722899683352,0.634100671880163,0.5298469387755101,0.3340560072267389,0.1483249279538905,0.1365413964135826,0.1686636227132044,0.2109273770592954,0.2597915479195505,0.3247515267632618
0.270983707981027,0.3613229126953869,0.4875698982685441,0.6890626721004515,0.415391156462585,0.4105691056910569,0.1492255043227665,0.0783574971384967,0.081910949039316,0.1035046584809033,0.1363081182314143,0.1802179379715004
0.2647968653330583,0.3847693480747235,0.508185676749983,0.6788192532217204,0.3998299319727891,0.4355013550135501,0.2770172910662824,0.1946299122472339,0.1641283363466429,0.1587585611155673,0.1667616643595798,0.1866842294336007
0.2414930913590431,0.4173656118947769,0.5463855015832378,0.6724308844586407,0.3660714285714285,0.476513098464318,0.4599243515850145,0.3380389164441053,0.2663867863818834,0.2321219226260258,0.2188339711749857,0.2130882529038438
0.1908640956898329,0.408120472741136,0.5729973724988209,0.704923449719132,0.3284013605442176,0.490063233965673,0.5971721902017291,0.4264593666539489,0.3260809609904085,0.2663972357623249,0.2321879325787802,0.1989582085977727
0.1615797071561146,0.3828631338162409,0.5743448090008758,0.7351029849102323,0.3154761904761904,0.4789521228545618,0.6759726224783862,0.4704311331552843,0.3540281310330034,0.2790152403282532,0.2340607442390684,0.1860854987426655
0.1540523819344194,0.3759054517727792,0.5742774371757731,0.7431435180085911,0.3124149659863945,0.475609756097561,0.7228025936599424,0.4892693628386112,0.3669904697698649,0.2839822299006602,0.2355671362266916,0.1834510837025505
0.1511651886987007,0.3795272588638962,0.5786566058074513,0.7425927965634981,0.3084183673469387,0.4802168021680216,0.7590958213256486,0.4997615413964136,0.3732724542640885,0.2865737027210465,0.237032814917352,0.1843491797389534
0.1404413281088884,0.3754288982081585,0.5828336589638212,0.7507434739508755,0.3014455782312925,0.4811201445347787,0.7874639769452451,0.5056276230446395,0.3753562344865627,0.2859566853828593,0.2341014575360312,0.1807567955933421
0.1132192204578263,0.3575104841784216,0.5878865458465269,0.775525938980064,0.2869897959183673,0.4759710930442637,0.7968299711815563,0.5029568866844716,0.3707596604663991,0.2785833281915222,0.2247781125315528,0.1671656089091126
0.0949680346463188,0.3449294700724361,0.5910530216263559,0.792598303777949,0.2774659863945578,0.4721770551038843,0.7965597982708935,0.4980446394505914,0.3655195660834125,0.2717035848707349,0.215902613793665,0.1518979762902646
0.0950711486904516,0.3449294700724361,0.5909182779761503,0.792598303777949,0.2775510204081632,0.4720867208672086,0.804034582132565,0.5000953834414346,0.3658566481782245,0.2703769975936324,0.2137855223516,0.1486049574901209
0.1035265003093421,0.3527449485322149,0.5909182779761503,0.783456327789404,0.2811224489795918,0.4757904245709123,0.819164265129683,0.5081552842426555,0.3710048110808078,0.2736163386191152,0.2179382786418044,0.1545922643994731
0.1042482986182718,0.3515059092642012,0.5895708414740956,0.7837867606564599,0.2822278911564625,0.4743450767841012,0.8281700288184438,0.513115223197253,0.3732111666104863,0.2754982415005862,0.2187932578780229,0.157226679439588
0.0901216745720767,0.3361608844834158,0.5879539176716296,0.8003084040092521,0.2774659863945578,0.465943992773261,0.8249279538904899,0.5090137352155666,0.3688597432047314,0.2705004010612699,0.212441983551828,0.1480660998682792
0.0831099195710455,0.3222455203964925,0.5826989153136158,0.8119836986452252,0.277891156462585,0.4558265582655826,0.8155619596541787,0.5029568866844716,0.3642938130113688,0.2646078854815821,0.2051950166924517,0.1380074242605675
0.0896061043514126,0.3223408311094166,0.5785218621572458,0.8084590813966295,0.2831632653061224,0.4531165311653116,0.8154719020172911,0.5049599389545975,0.3659485796586278,0.2651323502190412,0.2057650028499307,0.1399233624715603
0.103010930088678,0.3306328631338162,0.5756248736778279,0.7965634981826192,0.2904761904761904,0.455103884372177,0.8239373198847264,0.5126383059900802,0.3708515919468023,0.2692972172518048,0.2108541649702792,0.1481858460064662
0.1043514126624046,0.3281547845977887,0.5729973724988209,0.7973345082057495,0.2926870748299319,0.4521228545618789,0.8269092219020173,0.515309042350248,0.372077345018846,0.2708706114641822,0.2130526830062698,0.1516584840138905
0.0940400082491235,0.3100457491422035,0.5669339082395741,0.8131952858244299,0.2922619047619047,0.4394760614272809,0.8125900576368876,0.5082983594048074,0.3671436889038704,0.2662121305608688,0.2076785278071818,0.1462699077954735
0.0859971128067642,0.2920320243995424,0.5594556356531698,0.8279546205529242,0.2937074829931972,0.425925925925926,0.8016030259365994,0.5016215185043877,0.3616890877332762,0.2604121675819091,0.1998208614933637,0.1371093282241647
0.0879562796452877,0.2926991993900114,0.5586471737519368,0.8265227447956823,0.2950680272108843,0.4256549232158988,0.8059257925072046,0.5005723006486074,0.3608004167560445,0.2587153699018943,0.1980701897239638,0.1345347862531433
0.100845535161889,0.3055661456347693,0.5593208920029644,0.8122039872232625,0.2999149659863945,0.4322493224932249,0.8199747838616716,0.5077260587561999,0.3648760457205896,0.2624174739310175,0.2029964986564612,0.1417195545443659
0.1002268508970921,0.3028974456728935,0.557838711850704,0.8140764401365789,0.3005952380952381,0.4299909665763324,0.826278818443804,0.508584509729111,0.3652744154690038,0.2625100265317456,0.2031186385473495,0.1427373967189558
0.0878531656011548,0.2903164315669081,0.557030249949471,0.8279546205529242,0.2960034013605442,0.4234869015356819,0.8159221902017292,0.5009061426936284,0.3606471976220391,0.2582834577651632,0.1965230844393778,0.1347144054604239
0.0783666735409362,0.2812619138391155,0.5567607626490602,0.8381980394316554,0.2922619047619047,0.4190605239385727,0.8052053314121037,0.4944200686760778,0.3564796371770907,0.2542728450669464,0.1909046494585131,0.1269907795473596
0.0847597442771705,0.2878383530308806,0.5572997372498821,0.8310386606454455,0.2945578231292516,0.4224932249322494,0.8084474063400577,0.4965185043876383,0.3571538013667147,0.255013265872771,0.1921667616643596,0.1285474793437911
0.0985770261909672,0.3028021349599694,0.5588492892272452,0.8150677387377464,0.299234693877551,0.4306233062330624,0.8281700288184438,0.507058374666158,0.362301964269298,0.2593632381069908,0.1978259099421871,0.136330978325949
0.0961022891317797,0.3058520777735417,0.5625547396078959,0.8146271615816719,0.2959183673469387,0.4345076784101174,0.8443804034582134,0.5137829072872949,0.3671436889038704,0.2621089652619239,0.201490106668838,0.1399832355406537
0.0851722004537017,0.2918414029736942,0.5598598666037863,0.8285053419980173,0.2931122448979592,0.4261065943992773,0.8438400576368876,0.513973674170164,0.3662550179266387,0.2598260011106312,0.1970116440029313,0.1338761824931146
0.0775417611878738,0.2846930995043842,0.5597924947786835,0.8366560193853949,0.2900510204081632,0.4226738934056007,0.8394272334293948,0.5123998473864937,0.3644776759721754,0.2576047386931573,0.1928181744157641,0.1278290025146689
0.0814600948649205,0.2908882958444528,0.5616115340564576,0.8310386606454455,0.2904761904761904,0.4268292682926829,0.8436599423631124,0.5144028996566197,0.3659792234854289,0.2586845190349849,0.1939581467307222,0.1289665908274458
0.0966178593524438,0.303945863515059,0.5609378158054301,0.8153981716048022,0.2971938775510204,0.432520325203252,0.8619416426512968,0.5221289584128196,0.3701161401035762,0.26229407046338,0.2001058545721032,0.1372290743623518
0.0973396576613734,0.3129050705299275,0.5667991645893687,0.8098909571538716,0.2937925170068027,0.4407407407407407,0.8685158501440923,0.5277565814574591,0.3739159746269114,0.264947245017585,0.2044621773471215,0.1432762543407975
0.0859971128067642,0.3107129241326725,0.5726605133733074,0.8171604802291002,0.2853741496598639,0.4436314363143632,0.8668047550432277,0.5271365890881343,0.3735482487052983,0.2641451224779416,0.2021822327172054,0.1386061549515028
0.0752732522169519,0.3099504384292794,0.5791282085831705,0.8233285604141425,0.2768707482993197,0.4476061427280939,0.8644632564841499,0.5250381533765739,0.3727208653816689,0.2623557721971988,0.1991694487419591,0.1335169440785534
0.0770261909672097,0.3163362561951963,0.5824967998383076,0.8187025002753607,0.2754251700680272,0.4529358626919602,0.8705871757925073,0.5298073254483022,0.3742530567217234,0.2630653421361141,0.2004722742447683,0.1351335169440785
0.0887811919983501,0.3303469309950438,0.584720070066698,0.8043837427029408,0.2789115646258503,0.4610659439927733,0.8864373198847262,0.5389164441053034,0.3789109183954892,0.2667674461652373,0.2049100236137122,0.1427373967189558
0.0864095689832955,0.3272969881814715,0.5841137236407734,0.8073576385064434,0.2783163265306122,0.4591689250225835,0.8916606628242075,0.5426363983212514,0.3802286029479361,0.2659653236255939,0.2044214640501587,0.1428571428571428
0.07630439265828,0.3081395348837208,0.577174425655191,0.8237691375702169,0.2785714285714286,0.4454381210478771,0.8855367435158502,0.5398225867989317,0.3765513437318052,0.2606281236502746,0.197255923784708,0.1341755478385821
0.070323778098577,0.2987037743042318,0.5744121808259784,0.8324705364026874,0.2778061224489795,0.4391147244805781,0.8747298270893372,0.5355303319343763,0.3723531394600558,0.255784537545505,0.1903346633010341,0.1253742066818345
0.07960404207053,0.3052802134959969,0.5730647443239237,0.8236589932811984,0.2824829931972789,0.441282746160795,0.8785122478386167,0.5398225867989317,0.3725676462476635,0.255013265872771,0.1902939500040713,0.1262124296491438
0.0905341307486079,0.3119519634006862,0.5705719867951222,0.8140764401365789,0.2885204081632653,0.4428184281842818,0.8900396253602305,0.5486932468523464,0.3752336591793583,0.256555809218239,0.1928181744157641,0.1326787211112441
0.0908434728810064,0.3069958063286312,0.5668665364144714,0.8167199030730256,0.2909863945578231,0.437940379403794,0.8952629682997119,0.554177794734834,0.3761529739833911,0.2555685814771395,0.1926960345248758,0.133576817147647
0.0814600948649205,0.2889820815859702,0.5602640975544028,0.8321401035356316,0.2913265306122449,0.4250225835591689,0.8906700288184438,0.5522224341854254,0.3733950295712929,0.2501388289010921,0.1869961729500855,0.1260926835109567
0.0776448752320066,0.2713495996950056,0.5502930674391969,0.8443661196166977,0.2960034013605442,0.4100271002710027,0.8867074927953892,0.5511255246089279,0.3694113320871511,0.2453877953970507,0.1809706049995928,0.1198060112561369
0.0879562796452877,0.2715402211208539,0.5436906285791281,0.8387487608767485,0.304421768707483,0.4056007226738934,0.8967939481268012,0.5602346432659291,0.3718934820580394,0.2464984266057876,0.1822327172054393,0.1233983954017483
0.1032171581769437,0.2820243995425085,0.5411304992252239,0.8245401475933473,0.3124149659863945,0.4088527551942186,0.9170569164265132,0.5736360167874857,0.3776545214966445,0.2501696797680015,0.1876068724045272,0.1339360555622081
0.1056918952361311,0.2786885245901639,0.5371555615441622,0.8250908690384403,0.3159013605442176,0.4046070460704607,0.92507204610951,0.5783574971384968,0.3795850825851133,0.2508175479730981,0.1891539776891132,0.1394443779188121
0.0934213239843266,0.2648684712161646,0.5354712659165937,0.839740059477916,0.3119047619047619,0.3970189701897018,0.9155259365994236,0.575877527661198,0.3762449054637943,0.246097365335966,0.1841055288657275,0.1339360555622081
0.0847597442771705,0.2527640106747998,0.532506905612073,0.8513052098248706,0.310204081632653,0.3892502258355917,0.9068804034582132,0.5718714231209462,0.3722612079796525,0.2415931387671994,0.1780799609152349,0.1271703987546401
0.0949680346463188,0.2525733892489515,0.5257023512766961,0.8459081396629584,0.3187074829931972,0.3845528455284553,0.9118335734870318,0.5777375047691722,0.3753562344865627,0.2429814277781206,0.1807670385147789,0.1302837983475032
0.1120849659723654,0.2500953107129241,0.5128343326820723,0.8381980394316554,0.3339285714285714,0.3747967479674797,0.93110590778098,0.5929511636779855,0.3829559035332333,0.2479175664836182,0.1871997394348994,0.1394443779188121
0.1195091771499278,0.23570339306138,0.4977430438590581,0.8426038109924,0.3464285714285714,0.357813911472448,0.9396613832853028,0.5995326211369706,0.385560628811326,0.2486888381563522,0.1875661591075645,0.1423781583043946
0.1147659311198185,0.2232176896683186,0.492016438725325,0.8522965084260381,0.3481292517006802,0.3481481481481481,0.9273234870317004,0.593714231209462,0.3822817393436092,0.2456654531992349,0.1829655565507694,0.1375284397078194
0.1198185192823262,0.2247426610751048,0.4897931684969345,0.8487718911774423,0.3516156462585033,0.3473351400180668,0.9123739193083572,0.5912342617321633,0.3836913553764594,0.2466835318072438,0.1850419346958716,0.1398634894024668
0.1375541348731697,0.2397064430041936,0.4887152192952907,0.8307082277783897,0.3596088435374149,0.3537488708220416,0.9024675792507204,0.5928080885158337,0.3892072442006558,0.2531313629913,0.1922074749613223,0.1474074961082505
0.1594143122293256,0.2642012962256957,0.4918816950751195,0.8048243198590153,0.3666666666666666,0.3673893405600722,0.9022874639769454,0.5991987790919496,0.3973891459565471,0.263836613808848,0.2052357299894145,0.1623158903125374
0.1669416374510208,0.2783072817384673,0.4968672101327224,0.792598303777949,0.3665816326530612,0.3775067750677507,0.8996757925072048,0.6000572300648608,0.4039162810651794,0.2744184611587585,0.2193632440355019,0.1789606035205364
0.163538873994638,0.2794510102935569,0.4998989422623458,0.7938098909571538,0.3632653061224489,0.3800361336946702,0.8789625360230547,0.5905665776421213,0.4038856372383783,0.2812056518788178,0.2270173438645061,0.1854867680517303
0.1612703650237162,0.2854555852077773,0.5056929192211816,0.7914968608877629,0.3586734693877551,0.3868112014453477,0.8548270893371759,0.5776421213277375,0.4023534458983238,0.2852779663108533,0.2326764921423336,0.1883606753682193
0.1670447514951536,0.3040411742279831,0.5149902310853601,0.7777288247604361,0.3551870748299319,0.401806684733514,0.8541966858789626,0.5760206028233499,0.406122636594858,0.2945332263836614,0.244524061558505,0.1990180816668662
0.1769436997319034,0.3330156309569195,0.5290035707067304,0.7556999669567133,0.3504251700680272,0.4249322493224932,0.8606808357348703,0.5787867226249523,0.4134158673735176,0.3064416610106744,0.258733002198518,0.2141060950784337
0.1704475149515364,0.3488372093023255,0.5444317186552583,0.750082608216764,0.3380102040816326,0.4428184281842818,0.8628422190201729,0.5760206028233499,0.4156528667299973,0.3135373603998272,0.2656135493852292,0.2208717518860016
0.1576613734790678,0.3482653450247807,0.5523815940173818,0.7571318427139553,0.3277210884353741,0.4478771454381211,0.8476224783861672,0.5647653567340709,0.4117304568994576,0.3126426852594558,0.2641478706945688,0.2156029218057717
0.1440503196535368,0.3470263057567669,0.5603988412046081,0.7651723758123141,0.3170068027210884,0.4526648599819331,0.8338436599423632,0.5510301411674933,0.4060307051144547,0.309835256370704,0.2609722335314713,0.2065022153035564
0.1476593111981851,0.3627525733892489,0.5692245502930674,0.7541579469104527,0.3129251700680271,0.4660343270099368,0.8349243515850144,0.5506009156810379,0.407133882879294,0.3125809835256371,0.2638221643188665,0.2081187881690815
0.1585893998762631,0.3733320625238275,0.5694940375934783,0.7422623636964424,0.3172619047619047,0.4711833785004516,0.8389769452449568,0.55284242655475,0.4100450464253977,0.3172086135620411,0.2692370328149173,0.2146449527002754
0.1581769436997319,0.3653259626382004,0.5641042915852591,0.7469985681242427,0.320578231292517,0.4637759710930442,0.8325828530259366,0.5517455169782526,0.4094321698893758,0.3185660517060529,0.2704584317238009,0.2167405101185486
0.1493091359043101,0.3474075486084635,0.5572323654247794,0.7620883357197928,0.3212585034013605,0.4506775067750678,0.808627521613833,0.5390595192674552,0.4026292403395336,0.3135065095329179,0.2644735770702711,0.2090168842054843
0.1371416786966384,0.33625619519634,0.5572997372498821,0.7750853618239893,0.316156462585034,0.4454381210478771,0.7893551873198847,0.5281858069439146,0.3959488860968958,0.3083235638921454,0.2584072958228157,0.1999760507723625
0.1463188286244586,0.3448341593595119,0.5573671090749848,0.7651723758123141,0.3198979591836734,0.4495934959349594,0.7851224783861672,0.5267550553223961,0.395336009560874,0.3088788794965139,0.2597915479195505,0.202550592743384
0.1615797071561146,0.3586542127335111,0.5571649935996765,0.7490913096155963,0.326360544217687,0.4559168925022583,0.7888148414985591,0.5323349866463182,0.3999019397542365,0.3135682112667367,0.2657356892761175,0.2120704107292539
0.1616828212002475,0.3627525733892489,0.5599946102539918,0.7466681352571869,0.3245748299319728,0.4598012646793134,0.793227665706052,0.5357210988172453,0.4020163638035118,0.3156660702165731,0.2678527807181825,0.2148844449766495
0.1486904516395133,0.3539839878002286,0.5622852523074849,0.7586738627602159,0.3177721088435374,0.4571815718157181,0.787013688760807,0.5273273559710034,0.3971133515153373,0.3107299315110755,0.2612165133132481,0.2061429768889953
0.1407506702412868,0.34778879146016,0.5630937142087178,0.7664941072805375,0.3140306122448979,0.4548328816621499,0.7758465417867435,0.5209843571156048,0.3924554898415714,0.3061640032084902,0.2553537985506066,0.1974015088013411
0.1467312848009899,0.3533168128097597,0.5630263423836152,0.7601057385174578,0.3164965986394557,0.4573622402890695,0.7789085014409223,0.5250858450972912,0.3945086262372446,0.3085703708274203,0.2587737154954808,0.2014130044306071
0.1607547948030521,0.3682805947388486,0.5645758943609782,0.7440246723207401,0.3212585034013605,0.4654923215898825,0.7919668587896254,0.5315242273941244,0.3990745564306071,0.3134139569321899,0.2649214233368618,0.212309903005628
0.1631264178181068,0.3735226839496758,0.5666644209391632,0.7396189007599955,0.3210034013605441,0.4693766937669377,0.7972802593659942,0.5342903471957269,0.4009438298654736,0.3148947985438391,0.2663871020275221,0.2147048257693689
0.1511651886987007,0.362847884102173,0.5669339082395741,0.7521753497081176,0.3158163265306122,0.4644986449864498,0.7912463976945245,0.5294734834032813,0.3970827076885361,0.3115012031838094,0.2615829329859132,0.2065620883726499
0.1405444421530212,0.3507434235608082,0.5653169844371083,0.7648419429452582,0.3125,0.4577235772357724,0.7869236311239193,0.5261350629530713,0.3944779824104434,0.307521441352502,0.2562902043807507,0.1989582085977727
0.1462157145803258,0.3525543271063667,0.5628915987334097,0.7607666042515695,0.3164115646258503,0.456910569105691,0.7960194524495677,0.5291873330789775,0.3952747219072718,0.307860800888505,0.256045924598974,0.1994970662196143
0.1567333470818725,0.3630385055280213,0.5634305733342315,0.7490913096155963,0.3204081632653061,0.4622402890695574,0.8105187319884726,0.5339088134299885,0.3988294058161983,0.3117788609859937,0.2606465271557691,0.2059034846126212
0.1526087853165601,0.3617994662600076,0.5653169844371083,0.7520652054190989,0.3174319727891156,0.4629629629629629,0.8129502881844382,0.5345288057993133,0.3988294058161983,0.3131054482630962,0.2632114648644247,0.2073404382708657
0.1437409775211383,0.3498856271444909,0.5626221114329987,0.7636303557660535,0.3155612244897959,0.4554652213188798,0.8018731988472624,0.5274704311331553,0.3951215027732663,0.3097735546368853,0.2599544011074017,0.202670338881571
0.1432254073004743,0.3412123522683949,0.5568281344741629,0.7689172816389469,0.3189625850340136,0.4475158084914182,0.7906159942363113,0.5228920259442962,0.3934054484724053,0.3073980378848646,0.2571451836169692,0.1981199856304634
0.1510620746545679,0.3464544414792222,0.5554133261470053,0.7617579028527371,0.3230442176870748,0.4489611562782294,0.796199567723343,0.5244658527279664,0.39466184537125,0.3085086690936015,0.2586108623076296,0.2005747814632978
0.1604454526706537,0.3583682805947388,0.5577039682004985,0.7498623196387267,0.3255102040816326,0.4561878952122854,0.8131304034582134,0.533479587943533,0.4002390218490486,0.3144320355401987,0.2659799690578943,0.2119506645910669
0.1563208909053413,0.3546511627906976,0.5577713400256012,0.7541579469104527,0.3237244897959183,0.4544715447154471,0.8215057636887608,0.5346241892407478,0.4013728434406889,0.3163139384216697,0.2680563472029965,0.2154233025984911
0.1366261084759744,0.3458825772016774,0.5645085225358755,0.7697984359510959,0.3113945578231292,0.4548328816621499,0.8205151296829971,0.5298550171690195,0.3979100910121657,0.3127043869932746,0.2634557446462014,0.2065022153035564
0.1282738709012167,0.3472169271826152,0.5708414740955332,0.7734331974887101,0.3039115646258503,0.4597109304426377,0.8179034582132565,0.5277088897367417,0.3967762694205253,0.3115012031838094,0.2622343457373178,0.2030295772961321
0.1317797484017323,0.3561761341974837,0.574816411776595,0.7664941072805375,0.302891156462585,0.4666666666666667,0.8241174351585014,0.5295688668447158,0.3974810774369504,0.3131980008638243,0.2639850175067176,0.2055442461980601
0.1331202309754588,0.3684712161646968,0.5826989153136158,0.7586738627602159,0.298469387755102,0.4776874435411021,0.8396974063400577,0.5351964898893552,0.4006373915974627,0.3166224470907633,0.2673642211546291,0.2119506645910669
0.1304392658280057,0.3702821197102553,0.5857306474432392,0.7590042956272717,0.2954081632653061,0.4806684733514001,0.8431195965417868,0.53634109118657,0.4008212545582693,0.3162830875547603,0.2668756615910756,0.2124895222129086
0.1218808001649824,0.3609416698436903,0.584720070066698,0.7689172816389469,0.2925170068027211,0.4755194218608852,0.8251981268011527,0.5246089278901183,0.3937731743940184,0.3096810020361572,0.2590587085742203,0.2027900850197581
0.1210558878119199,0.3570339306138009,0.5824967998383076,0.7716708888644124,0.2936224489795918,0.4721770551038843,0.8051152737752162,0.515309042350248,0.3892378880274569,0.3053618806688468,0.2542952528295741,0.1974613818704346
0.1335326871519901,0.359988562714449,0.5764333355790607,0.7632999228989977,0.3026360544217686,0.4694670280036134,0.7944884726224785,0.514975200305227,0.3898814083902798,0.3065959153452212,0.2569416171321553,0.2018919889833552
0.149927820169107,0.3678040411742279,0.5713130768712524,0.750082608216764,0.3125850340136054,0.4697380307136404,0.7955691642651297,0.5204597481877147,0.3934054484724053,0.310853334978713,0.2631300382704991,0.2106334570710094
0.1474530831099195,0.3643728555089591,0.5704372431449167,0.7532767925983037,0.3121598639455782,0.4675700090334236,0.7907060518731989,0.5216520412056467,0.3936199552600128,0.3112543962485346,0.2640257308036804,0.2121302837983475
0.1374510208290369,0.3516965306900494,0.5679444856161153,0.7659433858354444,0.3096088435374149,0.4598915989159892,0.774585734870317,0.5138782907287295,0.388257285569822,0.306750169679768,0.2591401351681459,0.204047419470722
0.1309548360486698,0.3470263057567669,0.5690224348177592,0.7722216103095054,0.3062074829931972,0.4584462511291779,0.7666606628242075,0.5082029759633727,0.3844268072196856,0.3030480656506448,0.2549466655809787,0.1988983355286792
0.1374510208290369,0.3554136484940907,0.570639358620225,0.7638506443440908,0.3078231292517006,0.4635049683830172,0.7733249279538906,0.511779855017169,0.3871541078049827,0.3054544332695749,0.2574301766957088,0.2029098311579451
0.1489997937719117,0.3660884483415935,0.570639358620225,0.7515144839740059,0.3125850340136054,0.4685636856368563,0.7806195965417868,0.5184566959175887,0.3915668188643398,0.3102363176405257,0.2634964579431642,0.2111723146928511
0.1468343988451227,0.3647540983606556,0.5711109613959442,0.7533869368873224,0.3113945578231292,0.4682023486901536,0.7823306916426513,0.5196012972148035,0.392302270707566,0.3112235453816253,0.2649214233368618,0.2128487606274697
0.1366261084759744,0.3529355699580632,0.5694266657683756,0.7657230972574072,0.3082482993197278,0.461427280939476,0.7734149855907781,0.5135444486837085,0.3880734226090154,0.3069969766150429,0.2592622750590342,0.2055442461980601
0.136316766343576,0.3497903164315669,0.5674055110152934,0.7677056944597422,0.309438775510204,0.4586269196025293,0.7700828530259366,0.5096337275848913,0.3846719578340943,0.3030789165175542,0.2547838123931276,0.1995569392887079
0.1448752320065993,0.3586542127335111,0.5680792292663208,0.7580129970261041,0.3125850340136054,0.4633242999096657,0.7806195965417868,0.514450591377337,0.3871541078049827,0.3046831615968409,0.2577151697744483,0.2023709735361034
0.1542586100226851,0.3694243232939382,0.5695614094185811,0.7467782795462055,0.3154761904761904,0.4693766937669377,0.7938580691642652,0.519505913773369,0.3903104219654951,0.308292713025236,0.2621122058464294,0.2094958687582325
0.1538461538461538,0.3679946626000762,0.5687529475173482,0.747769578147373,0.3158163265306122,0.4682023486901536,0.7913364553314122,0.5189813048454789,0.3892072442006558,0.3072746344172271,0.260850093640583,0.2089570111363908
0.1446690039183336,0.3612276019824628,0.5700330121943004,0.7565811212688622,0.3112244897959183,0.4658536585365854,0.7812500000000001,0.5108260206028233,0.3835687800692551,0.3021842413771827,0.2549466655809787,0.199796431565082
0.1405444421530212,0.3578917270301181,0.570369871319814,0.7607666042515695,0.3093537414965986,0.4644083107497741,0.7727845821325648,0.5049599389545975,0.3800753838139307,0.299037452952428,0.2507939092907743,0.1947072206921326
0.1528150134048257,0.3652306519252763,0.5675402546654988,0.7499724639277453,0.316156462585034,0.4660343270099368,0.7810698847262249,0.5095383441434567,0.3831091226672387,0.3018140309742704,0.2548652389870531,0.1999760507723625
0.1669416374510208,0.3648494090735798,0.558108199151115,0.7425927965634981,0.327891156462585,0.4595302619692863,0.7949387608069165,0.5164536436474628,0.3880427787822143,0.3057937928055779,0.26007654099829,0.209435995689139
0.1676634357599505,0.3518871521158977,0.5484066563363201,0.7497521753497081,0.3343537414965986,0.4468834688346883,0.7951188760806917,0.5162628767645937,0.3864186559617565,0.3041586968593818,0.2589772819802947,0.2103939647946353
0.1518869870076304,0.3360655737704918,0.5475308226099844,0.7673752615926863,0.3284013605442176,0.4387533875338754,0.7762968299711815,0.5051983975581839,0.3797383017191187,0.2979885234775097,0.252585294357137,0.2014130044306071
0.1416786966384821,0.3286313381624093,0.5488782591120394,0.7770679590263244,0.3232993197278911,0.4362240289069557,0.7666606628242075,0.4951354444868371,0.3729660159960776,0.2924970691676436,0.2461525934370165,0.1931505208957011
0.1419880387708806,0.3278688524590163,0.5482045408610119,0.7773983918933803,0.3238945578231292,0.4353206865401988,0.7751260806916427,0.4955169782525753,0.3708515919468023,0.2907077188869008,0.2429362429769562,0.1902167405101185
0.1421942668591462,0.3290125810141059,0.5488782591120394,0.7765172375812314,0.3235544217687074,0.4364046973803072,0.7863832853025937,0.4996184662342617,0.3719854135384427,0.2912013327574505,0.2437097956192492,0.1919530595138306
0.1271396164157558,0.3252001524971406,0.55601967257293,0.7867606564599625,0.3128401360544217,0.4392953929539295,0.793227665706052,0.4986169400991988,0.370391934544786,0.288671561670883,0.2409820047227424,0.1879415638845647
0.1035265003093421,0.316145634769348,0.5650474971366974,0.804604031280978,0.2973639455782312,0.4411020776874436,0.7852125360230547,0.490747806180847,0.3649373333741918,0.283365212562473,0.233368618190701,0.1774637767931984
0.0971334295731078,0.3117613419748379,0.5661254463383413,0.8106619671770019,0.2941326530612245,0.439747064137308,0.7789085014409223,0.4848817245326212,0.360616553795238,0.2796322576664404,0.2279130363976874,0.1690815471201053
0.1022891317797484,0.3194815097216926,0.5682139729165263,0.8033924441017734,0.2948979591836734,0.4448057813911472,0.7988112391930836,0.491081648225868,0.364661538932982,0.2834269142962917,0.2325950655484081,0.1740510118548676
0.1071354918539905,0.3279641631719405,0.5710435895708414,0.7959026324485075,0.2951530612244897,0.4506775067750678,0.824477665706052,0.503529187333079,0.3725676462476635,0.2912630344912693,0.2411448579105935,0.1851874027062627
0.1042482986182718,0.3301563095691955,0.5745469244761839,0.7962330653155633,0.291751700680272,0.4541102077687444,0.8285302593659942,0.5070106829454407,0.3759078233689824,0.2938236564447462,0.2458268870613142,0.1896778828882768
0.0940400082491235,0.3216736561189477,0.5752206427272115,0.8065866284833131,0.2870748299319727,0.4504968383017164,0.8080871757925072,0.4975677222434186,0.370054852449974,0.2889800703399766,0.2415519908802214,0.1823134953897736
0.0999175087646937,0.3289172703011818,0.5763659637539581,0.799206961119066,0.2887755102040816,0.4547425474254742,0.7758465417867435,0.4847386493704693,0.3648454018937885,0.2855247732461282,0.2382135005292728,0.1793797150041911
0.1121880800164982,0.3488372093023255,0.5824967998383076,0.7811432977200131,0.2899659863945578,0.4682926829268292,0.7627881844380404,0.4834986646318199,0.3649679772009929,0.2866662553217746,0.2399641722986727,0.1822536223206801
0.1230150546504433,0.3627525733892489,0.5852590446675201,0.7672651173036678,0.2926870748299319,0.476784101174345,0.7681916426512968,0.4899370469286532,0.3681549351883064,0.2899981489479855,0.2442797817767282,0.1892587714046222
0.1231181686945762,0.3558902020587113,0.5803409014350198,0.7712303117083379,0.2958333333333333,0.4701897018970189,0.7696325648414986,0.4915108737123235,0.369043606165538,0.2907077188869008,0.2439133621040631,0.1908154712010537
0.1124974221488966,0.3396873808616087,0.5758269891531361,0.7862099350148695,0.2943027210884353,0.4595302619692863,0.7589157060518733,0.4840709652804273,0.3645696074525787,0.2857098784475844,0.2371956681052031,0.1830918452879894
0.1019797896473499,0.3332062523827678,0.5781176312066294,0.7955721995814518,0.2885204081632653,0.4579945799457994,0.7527917867435159,0.4789202594429607,0.36095363589005,0.2825013882890109,0.2323507857666313,0.1760866962040474
0.113941018766756,0.3465497521921463,0.5797345550090952,0.781473730587069,0.2924319727891156,0.4653116531165311,0.7635086455331412,0.4848817245326212,0.3651824839886005,0.2869130622570495,0.237602801074831,0.181894383906119
0.1279645287688183,0.3613229126953869,0.5810146196860473,0.7655028086793699,0.2974489795918367,0.473170731707317,0.7744056195965419,0.4931323922167112,0.3704838660251893,0.292527920034553,0.2450126211220584,0.1906358519937732
0.1269333883274901,0.3586542127335111,0.5798019268341978,0.7675955501707236,0.2977891156462585,0.4710930442637759,0.7789985590778098,0.4949446776039679,0.3709741672540067,0.2930215339051027,0.2455418939825747,0.1908154712010537
0.1157970715611466,0.3483606557377048,0.5798019268341978,0.779491133384734,0.2931972789115646,0.4662149954832881,0.7675612391930836,0.48788630293781,0.3664082370606441,0.2877460356636022,0.2387020600928263,0.1817147646988384
0.1128067642812951,0.3486465878764772,0.5819578252374856,0.780923009141976,0.2905612244897959,0.4678410117434507,0.7604466858789626,0.4839755818389927,0.3638341556093525,0.2850620102424879,0.2354449963358032,0.1779427613459465
0.1293050113425448,0.3593213877239801,0.5787239776325541,0.7659433858354444,0.2994047619047619,0.4707317073170732,0.7652197406340058,0.4884586035864174,0.3672662642110747,0.2887949651385204,0.2408191515348913,0.1854867680517303
0.1473499690657867,0.3723789553945863,0.5762312201037526,0.7487608767485406,0.3084183673469387,0.4752484191508582,0.7784582132564842,0.4966615795497902,0.3740385499341158,0.2957672610600358,0.2500610699454442,0.1988983355286792
0.146112600536193,0.3692337018680899,0.5747490399514923,0.7512941953959686,0.3088435374149659,0.4727190605239386,0.7829610951008646,0.4994276993513926,0.3750804400453529,0.2975257604738693,0.2513231821512905,0.199916177703269
0.1338420292843885,0.3495996950057186,0.5688876911675538,0.7691375702169841,0.3074829931972789,0.4595302619692863,0.7712536023054756,0.4931323922167112,0.3705757975055925,0.2929289813043746,0.245297614200798,0.1897976290264638
0.1293050113425448,0.3361608844834158,0.5623526241325878,0.7793809890957153,0.3096938775510204,0.448780487804878,0.7617074927953891,0.4872663105684853,0.367358195691478,0.2892577281421608,0.2415927041771842,0.1841695605316728
0.1358011961229119,0.3400686237133053,0.5608704439803274,0.7735433417777288,0.3133503401360544,0.449683830171635,0.7686419308357348,0.4908431896222816,0.3688290993779303,0.2912938853581786,0.2442797817767282,0.1895581367500898
0.1412662404619509,0.3397826915745329,0.5570976217745739,0.7707897345522634,0.3179421768707482,0.4469738030713641,0.7797190201729108,0.4958508202975963,0.3721692764992492,0.2936694021101994,0.2482696848790815,0.1961441743503772
0.1375541348731697,0.3334921845215401,0.5550764670214916,0.7764070932922127,0.3177721088435374,0.4426377597109304,0.7776476945244958,0.4952308279282716,0.3719241258848406,0.2937928055778367,0.2484732513638954,0.1974613818704346
0.1266240461950917,0.3242470453678993,0.555750185272519,0.7876418107721114,0.3127551020408163,0.4387533875338754,0.7662103746397695,0.4877909194963755,0.3657647166978213,0.2873758252606898,0.2398013191108215,0.1857861333971979
0.1179624664879356,0.3183377811666031,0.5571649935996765,0.7956823438704702,0.3083333333333333,0.4368563685636856,0.7574747838616716,0.4803987027851965,0.3617197315600773,0.2828407478250139,0.234915723475287,0.1787211112441623
0.1241493091359043,0.3249142203583682,0.5577713400256012,0.7886331093732789,0.3105442176870748,0.4403794037940379,0.7701729106628243,0.4871232354063335,0.3654582784298103,0.2856173258468563,0.2380099340444589,0.1832115914261765
0.1302330377397401,0.3228173846740373,0.5523142221922792,0.7865403678819253,0.3164115646258503,0.4357723577235772,0.7813400576368876,0.4962800457840519,0.3692581129531456,0.2898438946134387,0.2427326764921423,0.190156867441025
0.1228088265621777,0.3069004956157071,0.5459138988075186,0.7996475382751405,0.3174319727891156,0.4239385727190605,0.7910662824207494,0.4982830980541778,0.3706064413323936,0.2909545258221756,0.2437097956192492,0.1903364866483056
0.1128067642812951,0.2903164315669081,0.5407262682746076,0.8146271615816719,0.3165816326530612,0.4125564588979223,0.7889048991354468,0.4962800457840519,0.3692274691263445,0.2887024125377923,0.2397606058138588,0.1836307029098311
0.1141472468550216,0.2969881814715973,0.5445664623054638,0.8101112457319087,0.3147108843537415,0.4182475158084914,0.785842939481268,0.4961846623426173,0.3698097018355652,0.2889800703399766,0.239719892516896,0.1821937492515866
0.1281707568570839,0.3271063667556232,0.5566933908239574,0.7851084921246833,0.3128401360544217,0.4407407407407407,0.7909762247838616,0.5040537962609691,0.3757546042349769,0.2953661997902141,0.2476182721276769,0.1923122979283918
0.1393070736234275,0.3560808234845596,0.5699656403691975,0.7625289128758674,0.3090136054421768,0.4633242999096657,0.8047550432276657,0.5132582983594048,0.3836913553764594,0.3031714691182822,0.2572266102108949,0.2047658962998443
0.1388946174468962,0.3579870377430422,0.5714478205214579,0.7616477585637184,0.3079931972789115,0.4652213188798554,0.8048451008645534,0.5129244563143839,0.3839671498176693,0.3030789165175542,0.2574708899926716,0.2051251347144054
0.1271396164157558,0.3479794128860083,0.5721215387724853,0.7736534860667474,0.3027210884353741,0.4608852755194218,0.7920569164265131,0.5045784051888592,0.3789109183954892,0.2981736286789659,0.2505496295089976,0.195665189797629
0.1165188698700763,0.3500762485703392,0.5805430169103281,0.7781694019165106,0.2929421768707483,0.4675700090334236,0.7799891930835736,0.4969000381533766,0.3743756320289278,0.294070463380021,0.2460711668430909,0.1896180098191833
0.1181686945762012,0.3748570339306137,0.5969817422353971,0.7629694900319417,0.2832482993197279,0.4903342366757001,0.7789085014409223,0.4937046928653186,0.3737321116661049,0.2955821558585796,0.247007572673235,0.1893785175428092
0.1219839142091152,0.4145062905070529,0.6225156639493363,0.7379667364247163,0.2687074829931972,0.526196928635953,0.7845821325648414,0.4918447157573445,0.3772867955750315,0.3023693465786389,0.2529924273267649,0.1931505208957011
0.0950711486904516,0.4444338543652306,0.661254463383413,0.7349928406212137,0.2331632653061224,0.5663956639566395,0.7758465417867435,0.4728634109118657,0.3742224128949223,0.3039735916579256,0.2521374480905463,0.1863249910190396
0.0749639100845535,0.4378574151734654,0.6696759415212558,0.7495318867716709,0.2195578231292516,0.5689250225835591,0.7843119596541787,0.4724818771461274,0.3786964116078816,0.3126118343925465,0.2565344841625274,0.1805771763860615
0.1119818519282326,0.4379527258863895,0.6456241999595769,0.7297059147483203,0.2500850340136054,0.5528455284552846,0.8296109510086456,0.5249904616558565,0.4290748628688751,0.3676189300919356,0.3087289308688217,0.2256615974134834
0.215920808414106,0.439001143728555,0.578454490332143,0.6736424716378455,0.3352891156462585,0.5083107497741645,0.8943623919308359,0.6290061045402519,0.5310575184629057,0.4792373665700006,0.418736259262275,0.3349299485091605
0.3712105588781192,0.4259435760579488,0.4676952098632351,0.5981936336600947,0.4692176870748299,0.4279132791327913,0.92696325648415,0.7467569629912247,0.6635307817240218,0.6303140618251374,0.56396058952854,0.4841935097593102
0.5473293462569602,0.4227030118185283,0.3503334905342585,0.5060028637515145,0.6159013605442176,0.3476964769647696,0.8840958213256485,0.8575925219381916,0.8096099040848223,0.7940396125131117,0.7173682924843253,0.6449527002754161
0.7096308517220046,0.4431948150972168,0.2588425520447348,0.4075338693688732,0.7405612244897958,0.2960252935862691,0.7864733429394812,0.9336131247615416,0.918395489228695,0.917165422348368,0.8391417637000244,0.782780505328703
0.8533718292431429,0.4839878002287456,0.193761368995486,0.3071924220729154,0.8409013605442176,0.2717253839205059,0.6719200288184438,0.9543590232735596,0.9493457542977968,0.952366261491948,0.9034280596042668,0.885941803376841
0.9695813569808208,0.4888486465878764,0.1212692851849356,0.2423174358409516,0.9345238095238094,0.2254742547425474,0.5534041786743515,0.9375238458603588,0.9395397297214476,0.9291664095761092,0.91413565670548,0.9465932223685786
0.9267890286657045,0.4121235226839496,0.0949942733948662,0.3095054521423064,0.933503401360544,0.1714543812104787,0.4821685878962535,0.8272605875619993,0.8313363772867957,0.8080150552230517,0.813451673316505,0.8773200814273738
0.7190142297380904,0.301753717117804,0.1527319275079161,0.4843044388148474,0.8113945578231292,0.157813911472448,0.3658141210374639,0.5437809996184663,0.5469923083994729,0.5523230702782749,0.5867600358277013,0.6648904322835588
0.4396782841823056,0.2756385817765917,0.3167149498079902,0.6485295737416014,0.592687074829932,0.2553748870822042,0.2532420749279539,0.2508107592521938,0.2418410811142095,0.262633429999383,0.3071818255842358,0.3772003352891869
0.2662404619509177,0.3070911170415554,0.4523344337398099,0.7229871131181849,0.4356292517006802,0.3612466124661246,0.2092038904899135,0.1205169782525754,0.09775380749548,0.1124822607515271,0.1472192818174415,0.1960843012812836
0.2414930913590431,0.3318719024018299,0.486020346291181,0.7218856702279987,0.4041666666666666,0.3955736224028907,0.2799891930835735,0.1859977107974056,0.1446388625011491,0.1413586721786882,0.1543848220828922,0.1811759070769967
0.2280882656217776,0.3673274876096072,0.5198410024927576,0.7085582112567462,0.3772959183673469,0.4350496838301716,0.4444344380403459,0.3197252956886685,0.2451199705819262,0.2157092614302462,0.2070271150557771,0.2065620883726499
0.176634357599505,0.3494090735798703,0.5407936400997102,0.7463377023901311,0.3428571428571428,0.4405600722673893,0.5915886167146974,0.4176363983212515,0.3122299512763154,0.2578515456284322,0.2277908965067991,0.1988384624595856
0.1478655392864508,0.3090926420129622,0.5310920972849154,0.7851084921246833,0.3371598639455782,0.4149954832881662,0.6539085014409223,0.4608450972911103,0.3416173811785616,0.2718886900721911,0.2296637081670873,0.186145371811759
0.1421942668591462,0.2880289744567288,0.5199757461429629,0.8003084040092521,0.341751700680272,0.3975609756097561,0.6763328530259367,0.4718141930560854,0.3498299267612539,0.274202505090393,0.2277908965067991,0.1815351454915579
0.1389977314910291,0.2851696530690049,0.5199757461429629,0.8036127326798106,0.3404761904761904,0.3962059620596206,0.7124459654178674,0.4799217855780237,0.3560506236018754,0.2768865305115074,0.2296637081670873,0.1811759070769967
0.1392039595792947,0.286694624475791,0.5209189516944014,0.8026214340786431,0.3399659863945578,0.3975609756097561,0.747928674351585,0.49174933231591,0.3631906352465296,0.2793237489973468,0.2323507857666313,0.1841695605316728
0.1233243967828418,0.2792603888677087,0.525971838577107,0.8153981716048022,0.3302721088435374,0.3973803071364047,0.764949567723343,0.4943723769553605,0.3636196488217449,0.2771024865798729,0.2282794560703525,0.1790803496587235
0.1096102289131779,0.2745901639344262,0.5316984437108401,0.8254213019054961,0.3210034013605441,0.3990063233965673,0.7681015850144093,0.4916062571537581,0.3612294303312598,0.2733695316838403,0.2218874684471948,0.1680637049455154
0.1052794390595999,0.2827868852459016,0.5403220373239911,0.8229981275470866,0.3136904761904761,0.4087624209575428,0.777827809798271,0.4923693246852346,0.3614745809456685,0.272228049608194,0.2185489780962462,0.1629146210034726
0.1057950092802639,0.301753717117804,0.5533921713939229,0.811763410067188,0.3056972789115646,0.4264679313459801,0.793227665706052,0.5001907668828691,0.3663163055802409,0.2756216449682236,0.2221317482289715,0.16524967069812
0.110125799133842,0.3211017918414029,0.5642390352354646,0.798325806806917,0.3005952380952381,0.4429087624209575,0.8087175792507205,0.509586035864174,0.3723531394600558,0.2807120380082681,0.2284015959612409,0.1727936774039037
0.1066199216333264,0.3209111704155546,0.5663949336387523,0.8003084040092521,0.2977891156462585,0.444263775971093,0.8060158501440923,0.5080122090805036,0.3721692764992492,0.2800950206700808,0.2277094699128735,0.1706981199856304
0.0955867189111157,0.3081395348837208,0.564643266186081,0.8135257186914858,0.2943877551020408,0.437037037037037,0.7943083573487032,0.5007153758107593,0.3686145925903227,0.2760227062380453,0.2208696360231251,0.1617770326906957
0.0928026397195298,0.3007052992756385,0.5611399312807384,0.8193633660094723,0.2954931972789115,0.4311653116531165,0.7909762247838616,0.4969954215948112,0.3667453191554561,0.2731227247485654,0.2174090057812881,0.1554903604358759
0.102495359868014,0.3085207777354174,0.5603314693795055,0.8096706685758344,0.2999149659863945,0.434327009936766,0.8069164265129682,0.5053414727203358,0.3709435234272056,0.2769173813784168,0.2216431886654181,0.1611184289306669
0.1105382553103732,0.3185284025924513,0.5620831368321767,0.7995373939861218,0.302125850340136,0.4401987353206866,0.8197046109510088,0.5133536818008394,0.3755094536205681,0.2800024680693528,0.2261623646282876,0.1663872590108969
0.1010517632501546,0.3158597026305756,0.5663949336387523,0.8061460513272386,0.2954931972789115,0.4418247515808491,0.8197946685878963,0.5115890881342999,0.3738240431465082,0.2785216264577035,0.2243302662649621,0.162615255658005
0.0895029903072798,0.3036599313762866,0.5653169844371083,0.8193633660094723,0.2914115646258503,0.4354110207768744,0.8063760806916427,0.505055322396032,0.3685839487635216,0.2740791016227556,0.2179382786418044,0.1540534067776314
0.0892967622190142,0.295367899351887,0.559657751128478,0.8242097147262915,0.2949829931972789,0.4276422764227642,0.8025036023054756,0.5020984357115605,0.3665921000214507,0.2718269883383724,0.2147626414787069,0.1507005149083942
0.1033202722210765,0.2998475028593213,0.553661658694334,0.8141865844255974,0.3045068027210884,0.4257452574525745,0.8150216138328531,0.5107783288821061,0.3708822357736034,0.2761152588387734,0.2202182232717205,0.1603400790324511
0.1175500103114044,0.3088067098741898,0.5506972983898133,0.8014098468994382,0.3122448979591836,0.428003613369467,0.8272694524495677,0.5170736360167875,0.3752030153525573,0.2802492750046276,0.2261623646282876,0.1704586277092563
0.112291194060631,0.3044224170796797,0.551034157515327,0.8066967727723318,0.3098639455782312,0.426196928635953,0.8266390489913545,0.5158813429988554,0.374804645604143,0.2781822669217005,0.2245745460467388,0.1684828164291701
0.0973396576613734,0.2910789172703011,0.5513710166408408,0.8224474061019935,0.3034863945578231,0.4200542005420054,0.8171829971181557,0.5075352918733308,0.3694726197407533,0.2720120935398284,0.2166354531389951,0.1573464255777751
0.0951742627345844,0.2889820815859702,0.5512362729906353,0.8247604361713845,0.3027210884353741,0.418970189701897,0.8150216138328531,0.5048168637924456,0.3663163055802409,0.2687419016474363,0.2121977037700513,0.1515387378757035
0.1036296143534749,0.2981319100266869,0.5522468503671764,0.8149575944487277,0.3055272108843537,0.4239385727190605,0.8275396253602305,0.5113983212514307,0.3702693592375816,0.2715184796692788,0.2157397606058138,0.1560890911268111
0.1077541761187873,0.3004193671368661,0.5511689011655325,0.8114329772001322,0.307908163265306,0.424390243902439,0.8422190201729106,0.5171213277375047,0.3734256733980939,0.273431233417659,0.2186304046901718,0.15998084061789
0.0955867189111157,0.285264963781929,0.5484066563363201,0.8267430333737195,0.3045918367346938,0.415356820234869,0.8469920749279539,0.5184090041968714,0.3718015505776362,0.2709014623310915,0.2155769074179626,0.1567476948868399
0.0831099195710455,0.265154403354937,0.542410563902176,0.8450269853508096,0.3033163265306122,0.401806684733514,0.8372658501440923,0.5140213658908814,0.3676339901326877,0.2656876658234097,0.2086556469342887,0.147587115315531
0.0811507527325221,0.2582920320243995,0.5387724853466279,0.8499834783566472,0.3047619047619047,0.3961156278229449,0.8369056195965417,0.512781381152232,0.3659179358318267,0.2622323687295613,0.204177184268382,0.1430367620644234
0.0905341307486079,0.2632481890964543,0.5360776123425183,0.8421632338363255,0.3103741496598639,0.3966576332429991,0.8485230547550433,0.5201735978634109,0.3683081543223118,0.2625717282655643,0.2053578698803028,0.1464495270027541
0.094864920602186,0.2588638963019443,0.5302162635585798,0.8423835224143629,0.3158163265306122,0.3906052393857271,0.8659041786743517,0.529616558565433,0.3725676462476635,0.2661195779601407,0.2099991857340607,0.1535744222248832
0.0951742627345844,0.2456157072054898,0.5206494643939904,0.8498733340676285,0.321938775510204,0.3779584462511292,0.868786023054755,0.5331934376192293,0.3742530567217234,0.2675695687048806,0.2105691718915397,0.154472518261286
0.083934831924108,0.229222264582539,0.5164050394125177,0.8652935345302346,0.3200680272108843,0.3672990063233965,0.8564481268011528,0.5304750095383441,0.3707903042932002,0.2631270438699327,0.204950736910675,0.1465094000718477
0.0792946999381315,0.2298894395730079,0.5199083743178603,0.8673862760215882,0.3159013605442176,0.3700090334236675,0.8525756484149856,0.5308088515833652,0.3695645512211565,0.2604121675819091,0.2027115055777217,0.1428571428571428
0.0973396576613734,0.2520968356843309,0.5238159401738193,0.8450269853508096,0.3208333333333333,0.3831074977416441,0.8672550432276658,0.5405856543304083,0.3746207826433365,0.2641142716110323,0.2080042341828841,0.1518381032211711
0.1053825531037327,0.2742089210827296,0.5341912012396416,0.8278444762639057,0.3176020408163265,0.4005420054200542,0.8831051873198849,0.5492178557802365,0.3803818220819416,0.2686493490467082,0.2135412425698233,0.159861094479703
0.1028047020004124,0.2775447960350743,0.538233510745806,0.8272937548188126,0.3140306122448979,0.4048780487804878,0.8811239193083573,0.5509347577260588,0.3810559862715656,0.2677855247732461,0.2137855223516,0.1591426176505807
0.0912559290575376,0.2687762104460541,0.5395809472478609,0.8385284722987113,0.3084183673469387,0.4016260162601626,0.8723883285302594,0.5470240366272415,0.3770416449606227,0.2622632195964707,0.2073528214314794,0.1504011495629266
0.0913590431016704,0.2678231033168127,0.5388398571717308,0.8390791937438044,0.3089285714285714,0.4006323396567299,0.8717579250720461,0.5468332697443724,0.3744675635093311,0.2572036774233356,0.2030779252503867,0.1465094000718477
0.1031140441328108,0.2793556995806328,0.53931145994745,0.8260821676396078,0.3134353741496598,0.4064137308039746,0.8801332853025937,0.5534624189240748,0.3774400147090369,0.2582526068982538,0.2053171565833401,0.1542928990540055
0.1102289131779748,0.2871711780404117,0.5401872936737856,0.8178213459632117,0.3158163265306122,0.4106594399277326,0.8922910662824208,0.5609977107974056,0.3812398492323721,0.2605664219164559,0.2085742203403631,0.1610585558615734
0.1087853165601154,0.2782119710255432,0.5347975476655663,0.8237691375702169,0.3187074829931972,0.4028003613369466,0.8960734870317004,0.5646222815719192,0.3807801918303558,0.2586536681680755,0.2060499959286703,0.1592623637887678
0.1013611053825531,0.2619138391155166,0.5281277369803947,0.8370965965414692,0.319812925170068,0.3906052393857271,0.8860770893371759,0.5620946203739031,0.37612233015659,0.2525760473869316,0.1986401758814428,0.150221530355646
0.1064136935450608,0.2578154784597788,0.5219295290709425,0.8367661636744134,0.3258503401360544,0.3845528455284553,0.8865273775216139,0.5637161388782908,0.3750497962185518,0.249953723699636,0.196685937627229,0.1483055921446533
0.1231181686945762,0.2710636675562332,0.5203799770935794,0.8202445203216212,0.3336734693877551,0.3897922312556458,0.8988652737752162,0.5733021747424647,0.38117856157877,0.2543345468007651,0.203607198110903,0.1581846485450844
0.1376572489173025,0.2808806709874189,0.5178198477396753,0.8068069170613503,0.3412414965986394,0.3927732610659439,0.9098523054755044,0.5838420450209844,0.3881040664358165,0.2587153699018943,0.2097141926553212,0.1680038318764219
0.1376572489173025,0.274494853221502,0.5133059354577916,0.8105518228879831,0.3441326530612245,0.3867208672086721,0.9067903458213256,0.5865604731018695,0.3904329972726994,0.2600728080459061,0.2104877452976141,0.1701592623637887
0.1306454939162714,0.2600076248570339,0.5076467021491612,0.8225575503910122,0.344812925170068,0.3759710930442638,0.8941822766570606,0.5865127813811523,0.3913523120767321,0.2612142901215524,0.2104877452976141,0.1688420548437312
0.1403382140647556,0.2622950819672131,0.5028633025668665,0.8160590373389139,0.3518707482993197,0.3738934056007227,0.8840057636887608,0.5860835558946967,0.3944166947568413,0.2657802184241378,0.215699047308851,0.1740510118548676
0.1672509795834192,0.2884102173084254,0.5038065081183049,0.786650512170944,0.362329931972789,0.3869015356820235,0.8768912103746398,0.5898512018313621,0.4025985965127325,0.2779354599864256,0.2304372608093803,0.1917734403065501
0.18158383171788,0.3141441097979412,0.5126322172067641,0.7641810772111466,0.3626700680272108,0.4049683830171635,0.8691462536023055,0.5912819534528806,0.4102289093862042,0.2912630344912693,0.2450533344190212,0.2082385343072685
0.1725097958341926,0.3183377811666031,0.521525298120326,0.766604251569556,0.3533163265306122,0.4129177958446251,0.8514048991354468,0.582268218237314,0.4099224711181933,0.2947491824520269,0.249328230600114,0.2099748533109807
0.1584862858321303,0.3159550133434997,0.5290035707067304,0.7754157946910452,0.3427721088435373,0.4168925022583558,0.8275396253602305,0.5668637924456315,0.4060000612876536,0.295613006725489,0.2490432375213744,0.2054843731289665
0.163538873994638,0.328345406023637,0.5344606885400525,0.7655028086793699,0.3414115646258503,0.4263775971093044,0.8118695965417868,0.5593761922930179,0.4056629791928416,0.2997161720244339,0.2530331406237277,0.2073404382708657
0.1703444009074036,0.3448341593595119,0.5417368456511487,0.7523956382861549,0.339625850340136,0.4390243902439024,0.818263688760807,0.5597577260587562,0.4090950877945638,0.3068735731474055,0.2610129468284342,0.2156029218057717
0.1745720767168488,0.3550324056423942,0.546116014282827,0.7442449608987772,0.3386904761904762,0.4467931345980126,0.8257384726224785,0.558708508202976,0.410841785922226,0.3133214043314617,0.2685449067665499,0.2238654053406777
0.1626108475974427,0.3458825772016774,0.5474634507848817,0.7559202555347504,0.3328231292517006,0.443360433604336,0.8200648414985591,0.5518409004196871,0.4075628964545092,0.3129511939285494,0.2670792280758896,0.2199137827805053
0.1453908022272633,0.3243423560808234,0.54348851310382,0.7775085361823988,0.3283163265306122,0.4305329719963865,0.8038544668587897,0.5401087371232354,0.4002390218490486,0.3077065465539582,0.2605651005618434,0.2093162495509519
0.1377603629614353,0.3189096454441479,0.5446338341305665,0.7847780592576274,0.3244047619047618,0.4287262872628726,0.8004322766570606,0.5321919114841663,0.3948150645052554,0.304775714197569,0.2566973373503786,0.2032091965034127
0.1411631264178181,0.334826534502478,0.553661658694334,0.773763630355766,0.3201530612244898,0.4423667570009034,0.8121397694524496,0.5327642121327738,0.3954892286948794,0.3070278274819523,0.2591808484651087,0.206681834510837
0.1478655392864508,0.3521730842546702,0.5615441622313548,0.7601057385174578,0.3179421768707482,0.4558265582655826,0.8188940922190202,0.5340995803128578,0.3972052829957405,0.3092799407663356,0.2624379122221317,0.2110525685546641
0.1393070736234275,0.3536027449485321,0.5682139729165263,0.7639607886331093,0.3101190476190475,0.4609756097560975,0.8102485590778098,0.5291873330789775,0.3952440780804707,0.3080150552230518,0.2610536601253969,0.2084780265836426
0.1262115900185605,0.3485512771635531,0.5731321161490265,0.773763630355766,0.3016156462585034,0.4618789521228545,0.7977305475504323,0.5173597863410911,0.388931449759446,0.3030172147837354,0.2546209592052764,0.1979403664231828
0.1236337389152402,0.3510293556995806,0.5765680792292663,0.773763630355766,0.298469387755102,0.4653116531165311,0.7946685878962537,0.513973674170164,0.3868476695369718,0.3012895662368113,0.2533181337024672,0.1949467129685067
0.1411631264178181,0.361418223408311,0.572458397897999,0.7584535741821786,0.3082482993197278,0.4674796747967479,0.805385446685879,0.5207935902327356,0.3907087917139092,0.3054235824026655,0.2599136878104389,0.2046461501616572
0.1526087853165601,0.3631338162409454,0.566192818163444,0.7512941953959686,0.3169217687074829,0.464137308039747,0.8126801152737754,0.528758107592522,0.3951521466000675,0.3099586598383415,0.2658578291670059,0.213806729732966
0.1475561971540523,0.3496950057186427,0.5599946102539918,0.7617579028527371,0.3187925170068027,0.4536585365853658,0.8116894812680115,0.529425791682564,0.3940796126620293,0.309742703769976,0.2645957169611594,0.2127290144892827
0.1321922045782635,0.3267251239039268,0.5537964023445395,0.7832360392113668,0.3163265306122448,0.4385727190605239,0.8011527377521613,0.5211274322777566,0.3900652713510864,0.305978898007034,0.2592215617620714,0.2052448808525925
0.1333264590637244,0.3210064811284788,0.5490130027622449,0.7859896464368322,0.319812925170068,0.4326106594399277,0.7997118155619598,0.5181228538725677,0.3868476695369718,0.3030789165175542,0.2553945118475694,0.2002754161178302
0.1414724685502165,0.3248189096454441,0.5463855015832378,0.7793809890957153,0.3248299319727891,0.4327009936766034,0.8150216138328531,0.5245135444486837,0.3891766003738547,0.3055161350033936,0.2593029883559971,0.2062028499580888
0.1488966797277789,0.3231033168128097,0.5403220373239911,0.7764070932922127,0.3317176870748299,0.4278229448961156,0.8259185878962537,0.529282716520412,0.3918426133055496,0.3084778182266922,0.2628857584887224,0.212190156867441
0.1425036089915446,0.3084254670224932,0.5341912012396416,0.7883026765062231,0.3329931972789115,0.4167118337850045,0.8226765129682998,0.5262304463945059,0.3900959151778875,0.3061948540753996,0.2608908069375458,0.209555741827326
0.1281707568570839,0.2928898208158596,0.5324395337869703,0.8049344641480339,0.3281462585034013,0.4082204155374887,0.8103386167146975,0.5189336131247615,0.3851622590629118,0.3011661627691738,0.2538066932660207,0.2001556699796431
0.1285832130336152,0.2928898208158596,0.5323047901367648,0.8047141755699967,0.3284013605442176,0.4081300813008129,0.8031340057636889,0.5164536436474628,0.3840897251248736,0.2995927685567965,0.2514046087452162,0.1980002394922763
0.1387915034027634,0.3034693099504383,0.5329785083877921,0.7931490252230422,0.3321428571428571,0.413550135501355,0.8107889048991356,0.5218428080885158,0.3870621763245794,0.3019374344419078,0.254498819314388,0.2026104658124775
0.148277995462982,0.3081395348837208,0.530148891733477,0.7854389249917392,0.3378401360544217,0.4139114724480578,0.8180835734870318,0.5266596718809615,0.3910152299819202,0.3060097488739434,0.26007654099829,0.209435995689139
0.1492060218601773,0.3009912314144109,0.5244896584248466,0.7890736865293535,0.3418367346938775,0.4066847335140018,0.8118695965417868,0.5245135444486837,0.3902491343118929,0.3066267662121306,0.2604429606709551,0.2084780265836426
0.1438440915652712,0.2897445672893632,0.5201104897931684,0.7984359510959357,0.3423469387755101,0.3984643179765131,0.796199567723343,0.517836703548264,0.3864186559617565,0.3043438020608379,0.257389463398746,0.2021913543288229
0.1419880387708806,0.2917460922607701,0.5227379909721754,0.7982156625178984,0.3399659863945578,0.4011743450767841,0.7881844380403458,0.5142598244944678,0.385928354732939,0.3043438020608379,0.2575116032896344,0.2026104658124775
0.1524025572282945,0.3066145634769348,0.5263760695277235,0.7841171935235158,0.341921768707483,0.4106594399277326,0.7943984149855909,0.5186474628004579,0.388594367664634,0.3071203800826803,0.2620307792525038,0.2087175188600167
0.1581769436997319,0.3109988562714448,0.5257023512766961,0.7783896904945479,0.3447278911564626,0.4122854561878952,0.8024135446685879,0.5224628004578405,0.3910458738087213,0.30906398469797,0.2647992834459734,0.2131481259729373
0.1476593111981851,0.303183377811666,0.5271171596038536,0.7886331093732789,0.3395408163265305,0.4095754290876242,0.7969200288184438,0.5193151468904998,0.3888701621058438,0.3073671870179552,0.2615829329859132,0.2088971380672973
0.1339451433285213,0.2935569958063286,0.5292056861820386,0.8015199911884568,0.3325680272108843,0.406323396567299,0.7857528818443804,0.5130198397558184,0.3854074096773205,0.3040352933917443,0.2563716309746763,0.2001556699796431
0.134666941637451,0.2985131528783835,0.5322374183116619,0.7982156625178984,0.3309523809523809,0.4107497741644083,0.784942363112392,0.5132582983594048,0.3856832041185303,0.3035108286542852,0.2557609315202345,0.1985989701832115
0.1435347494328727,0.309664506290507,0.5343259448898471,0.7869809450379998,0.3332482993197278,0.4174345076784101,0.7971001440922191,0.5181228538725677,0.3883798608770263,0.3058863454063059,0.259506554840811,0.2047060232307508
0.1471437409775211,0.3173846740373617,0.5374250488445732,0.7807027205639387,0.3328231292517006,0.4231255645889792,0.8073667146974065,0.5231781762685997,0.3911684491159257,0.3083852656259641,0.2629264717856852,0.2099149802418871
0.1393070736234275,0.3133816240945482,0.5396483190729636,0.7870910893270183,0.3282312925170068,0.4227642276422764,0.7988112391930836,0.5184090041968714,0.3881347102626176,0.3067810205466774,0.2605243872648807,0.2069213267872111
0.1277583006805527,0.3101410598551277,0.5449706932560803,0.7952417667143958,0.3200680272108843,0.4247515808491418,0.7801693083573488,0.50825066768409,0.3827413967456256,0.301783180107361,0.2546616725022392,0.1988384624595856
0.127036502371623,0.3170034311856652,0.5502930674391969,0.7916070051767815,0.3164115646258503,0.431616982836495,0.7755763688760807,0.505055322396032,0.3816075751539852,0.3004874436971679,0.2529110007328393,0.1956053167285354
0.1361105382553103,0.3372093023255813,0.5585798019268342,0.7750853618239893,0.3149659863945578,0.4467028003613369,0.7876440922190202,0.5116367798550172,0.3861428615205467,0.3057629419386685,0.2582851559319273,0.2030894503652257
0.1419880387708806,0.3509340449866564,0.5645085225358755,0.7639607886331093,0.3136054421768707,0.4571815718157181,0.7951188760806917,0.5160244181610073,0.3892991756810591,0.3095884494354292,0.2637407377249409,0.209435995689139
0.1328108888430604,0.3458825772016774,0.5669339082395741,0.7717810331534309,0.3083333333333333,0.4564588979223126,0.786563400576369,0.5110644792064097,0.387246039285386,0.3080459060899612,0.2617864994707271,0.2071608190635852
0.1205403175912559,0.3394967594357605,0.5704372431449167,0.7820244520321622,0.3010204081632653,0.4558265582655826,0.7736851585014409,0.5020984357115605,0.3819446572487973,0.3029555130499167,0.2557609315202345,0.1987785893904921
0.1256960197978964,0.3475028593213877,0.57272788519841,0.7747549289569335,0.3017006802721088,0.461156278229449,0.7710734870317003,0.5017645936665395,0.3810866300983667,0.3019991361757266,0.255272371956681,0.1981199856304634
0.1400288719323572,0.3616088448341593,0.5733342316243347,0.7588941513382531,0.3072278911564626,0.4682023486901536,0.7844920749279539,0.5088706600534147,0.384886464621702,0.3057629419386685,0.2602393941861411,0.2058436115435277
0.1442565477418024,0.3674227983225314,0.5746142963012868,0.7532767925983037,0.3081632653061224,0.4718157181571816,0.7967399135446687,0.5137829072872949,0.3870621763245794,0.3079533534892331,0.2631300382704991,0.2105735840019159
0.1365229944318416,0.3536980556614563,0.5700330121943004,0.7652825201013327,0.307908163265306,0.4622402890695574,0.7910662824207494,0.510253719954216,0.3845800263536911,0.3059480471401247,0.2602801074831039,0.2069213267872111
0.1254897917096308,0.3292985131528783,0.5599946102539918,0.7853287807027205,0.3096938775510204,0.4439024390243902,0.7810698847262249,0.5027184280808852,0.3796463702387154,0.3007033997655334,0.2536031267812067,0.1982397317686504
0.1262115900185605,0.3210064811284788,0.5535942868692313,0.789734552263465,0.3139455782312925,0.4357723577235772,0.7827809798270894,0.5020030522701259,0.3785125486470751,0.2988214968840624,0.2519745949026952,0.1966830319722189
0.1367292225201072,0.322626763248189,0.5479350535606009,0.7831258949223483,0.321938775510204,0.4327009936766034,0.7969200288184438,0.5111598626478443,0.38286397205283,0.3020299870426359,0.2560866378959368,0.2026104658124775
0.1453908022272633,0.322626763248189,0.5423431920770734,0.7784998347835664,0.3289965986394557,0.428906955736224,0.8072766570605188,0.5173597863410911,0.3857751355989336,0.3045597581292034,0.2592215617620714,0.208058915099988
0.1408537842854196,0.3066145634769348,0.5339217139392306,0.7901751294195396,0.3324829931972789,0.4157181571815718,0.8023234870317003,0.5137352155665776,0.3828946158796311,0.3019682853088172,0.2558830714111229,0.2044066578852831
0.1309548360486698,0.293842927945101,0.5313615845853265,0.8028417226566803,0.330017006802721,0.4079494128274616,0.7894452449567724,0.5069629912247234,0.3782061103790641,0.2979885234775097,0.2508346225877371,0.1974015088013411
0.1335326871519901,0.3045177277926038,0.537222933369265,0.7953519110034144,0.3273809523809523,0.4169828364950316,0.7866534582132565,0.5042922548645555,0.3783286856862685,0.2983278830135127,0.2511196156664766,0.1979403664231828
0.1481748814188492,0.3192908882958444,0.5380987670956006,0.7789404119396409,0.3328231292517006,0.4245709123757903,0.7934978386167147,0.5068676077832889,0.381515643673582,0.3013821188375393,0.2555573650354205,0.2052448808525925
0.1491029078160445,0.3157643919176515,0.5349996631408744,0.7804824319859015,0.335204081632653,0.420776874435411,0.7938580691642652,0.5087275848912629,0.3822510955168081,0.3019991361757266,0.2572266102108949,0.2085977727218297
0.1386883893586306,0.301086542127335,0.5314289564104291,0.7945809009802841,0.333078231292517,0.4114724480578139,0.7873739193083574,0.5030999618466234,0.3779303159378543,0.2968778922687728,0.2515267486361045,0.2016524967069811
0.123736852959373,0.2867899351887151,0.5310920972849154,0.810882255755039,0.3272108843537414,0.4044263775971093,0.7730547550432276,0.4948492941625333,0.3728434406888732,0.2912630344912693,0.2435876557283608,0.191653694168363
0.1235306248711074,0.2861227601982462,0.5307552381594017,0.8113228329111135,0.3272959183673469,0.4038843721770551,0.7709834293948127,0.4962323540633346,0.3718934820580394,0.2904917628185352,0.2418776972559237,0.1893186444737156
0.1365229944318416,0.3004193671368661,0.5324395337869703,0.7961229210265448,0.331547619047619,0.4118337850045168,0.789985590778098,0.5060091568103777,0.3771642202678271,0.294841735052755,0.2472925657519745,0.1958448090049095
0.1405444421530212,0.314715974075486,0.5399178063733746,0.7856592135697763,0.3285714285714285,0.4235772357723578,0.8047550432276657,0.5128290728729492,0.3814849998467809,0.299808724625162,0.2531959938115788,0.2035684349179738
0.1316766343575995,0.3158597026305756,0.5463855015832378,0.7898446965524838,0.3208333333333333,0.4284552845528455,0.7962896253602305,0.5088229683326975,0.3803205344283394,0.2983895847473314,0.251241755557365,0.1993174470123338
0.123221282738709,0.3092832634388104,0.547396078959779,0.7981055182288798,0.3166666666666666,0.4260162601626016,0.7800792507204611,0.4990938573063716,0.3754175221401649,0.2930832356389215,0.244524061558505,0.1897377559573703
0.1209527737677871,0.3084254670224932,0.5482045408610119,0.7998678268531776,0.3152210884353741,0.4261065943992773,0.7784582132564842,0.4982830980541778,0.3740691937609169,0.292096007897822,0.2432212360556958,0.188899532990061
0.1293050113425448,0.3169081204727411,0.5487435154618339,0.7905055622865953,0.31828231292517,0.4305329719963865,0.7867435158501442,0.5034338038916445,0.376827138173015,0.295273647189486,0.247577558830714,0.1956053167285354
0.138482161270365,0.3244376667937476,0.5480697972108064,0.7812534420090318,0.3225340136054421,0.4336946702800361,0.7942182997118157,0.5069629912247234,0.3800753838139307,0.2988214968840624,0.2521374480905463,0.2009938929469524
0.1306454939162714,0.3163362561951963,0.5474634507848817,0.7900649851305209,0.3196428571428571,0.4293586269196026,0.7880943804034583,0.5049599389545975,0.3784206171666718,0.2973715061393225,0.250468202915072,0.198539097114118
0.1219839142091152,0.3042317956538314,0.5446338341305665,0.8016301354774754,0.3178571428571428,0.4217705510388437,0.7737752161383287,0.4987600152613506,0.3739466184537126,0.2938236564447462,0.2461933067339793,0.1924320440665788
0.1254897917096308,0.3051849027830727,0.5428821666778952,0.799206961119066,0.3204931972789115,0.4210478771454381,0.7717939481268011,0.4993800076306753,0.3746207826433365,0.2945949281174801,0.246437586515756,0.1931505208957011
0.1372447927407712,0.3171940526115134,0.543758000404231,0.7860997907258508,0.3247448979591836,0.4272809394760614,0.7833213256484152,0.504196871423121,0.3782673980326663,0.2984204356142408,0.2508346225877371,0.2009340198778589
0.1374510208290369,0.3256767060617613,0.5496193491881696,0.7810331534309946,0.321173469387755,0.4352303523035229,0.7920569164265131,0.5088706600534147,0.3809946986179635,0.3004874436971679,0.2541731129386857,0.2052448808525925
0.1223963703856465,0.3166221883339687,0.5530553122684093,0.7942504681132283,0.3127551020408163,0.4333333333333333,0.7857528818443804,0.5041014879816864,0.3775319461894402,0.2965385327327698,0.2500203566484814,0.1982397317686504
0.1071354918539905,0.305375524208921,0.5550764670214916,0.808899658552704,0.3051870748299319,0.4293586269196026,0.7753061959654179,0.4972815719191149,0.3731498789568842,0.2929906830381934,0.2445647748554678,0.1899772482337444
0.1115693957517013,0.3079489134578726,0.5539985178198477,0.8051547527260711,0.3076530612244897,0.429810298102981,0.7751260806916427,0.4967569629912248,0.3729966598228787,0.292620472635281,0.2444019216676166,0.1896778828882768
0.1265209321509589,0.3206252382767822,0.5531900559186148,0.7898446965524838,0.3143707482993197,0.4352303523035229,0.7841318443804035,0.5033384204502098,0.3763674807709987,0.2956438575923984,0.249328230600114,0.1960244282121901
0.1325015467106619,0.3250095310712924,0.5523815940173818,0.784007049234497,0.3173469387755102,0.4368563685636856,0.7937680115273776,0.5081552842426555,0.3798915208531242,0.2986672425495156,0.2529110007328393,0.2017722428451682
0.1260053619302949,0.3148112847884102,0.5494172337128612,0.793479458090098,0.3165816326530612,0.4299909665763324,0.786563400576369,0.5027184280808852,0.3765819875586063,0.2954279015240328,0.2488396710365605,0.1975811280086217
0.1170344400907403,0.301753717117804,0.5460486424577241,0.8058156184601828,0.3149659863945578,0.4214995483288166,0.7681916426512968,0.4947539107210988,0.3702080715839794,0.289442833343617,0.241063431316668,0.1871033409172554
0.1207465456795215,0.301753717117804,0.5435558849289226,0.8038330212578477,0.3180272108843537,0.4198735320686539,0.764949567723343,0.4925123998473865,0.3684000858027151,0.2873449743937805,0.2388241999837146,0.183391210633457
0.1339451433285213,0.3151925276401067,0.544499090480361,0.7889635422403347,0.3229591836734694,0.4269196025293586,0.7733249279538906,0.4960415871804655,0.3722918518064536,0.2918183500956377,0.2446869147463561,0.1917734403065501
0.1418849247267478,0.3272969881814715,0.5478676817354983,0.7777288247604361,0.3240646258503401,0.4348690153568202,0.7792687319884726,0.5002861503243038,0.375815891888579,0.2963225766644043,0.2512824688543278,0.202550592743384
0.1353887399463806,0.3179565383149065,0.5454422960317994,0.786650512170944,0.3229591836734694,0.4288166214995483,0.7753061959654179,0.4980923311713086,0.3744982073361321,0.2944098229160239,0.2496132236788534,0.2006945276014848
0.1268302742833573,0.2986084635913076,0.5374250488445732,0.8024011455006057,0.3244897959183673,0.4142728093947606,0.7693623919308358,0.4944200686760778,0.3707903042932002,0.2899055963472574,0.2430583828678446,0.1918333133756436
0.1294081253866776,0.2954632100648112,0.5335174829886141,0.8027315783676615,0.3279761904761905,0.4101174345076784,0.7723342939481269,0.4955169782525753,0.3713112493488187,0.2901832541494416,0.2425291100073283,0.1898575020955574
0.1413693545060837,0.3111894776972931,0.5368187024186485,0.7873113779050556,0.3308673469387755,0.4197831978319783,0.7887247838616716,0.5040537962609691,0.3770110011338216,0.2955821558585796,0.2494910837879651,0.1993773200814273
0.143947205609404,0.3176706061761342,0.5397156908980664,0.7822447406101993,0.330017006802721,0.4248419150858176,0.8029538904899136,0.5110167874856925,0.3809640547911624,0.3000863824273462,0.2546209592052764,0.2048257693689378
0.133017116931326,0.3016584064048798,0.5355386377416964,0.7972243639167309,0.3282312925170068,0.414453477868112,0.7989913544668588,0.5082029759633727,0.3783593295130696,0.2968778922687728,0.2512010422604022,0.1990180816668662
0.1185811507527325,0.2845977887914601,0.5329111365626895,0.8148474501597092,0.3238945578231292,0.4046070460704607,0.7887247838616716,0.5001430751621518,0.3729660159960776,0.2913864379589067,0.2434248025405097,0.1891390252664351
0.1198185192823262,0.2894586351505909,0.5355386377416964,0.8113228329111135,0.3227891156462585,0.4086720867208672,0.7837716138328531,0.4986169400991988,0.3724144271136579,0.2906151662861727,0.2424476834134027,0.1884205484373128
0.1340482573726541,0.3126191383911551,0.5425453075523815,0.7903954179975768,0.324234693877551,0.424390243902439,0.7862031700288185,0.5026230446394506,0.3760916863297889,0.2946874807182082,0.2483918247699698,0.1961441743503772
0.1388946174468962,0.3251048417842165,0.5482045408610119,0.7805925762749201,0.3226190476190476,0.434056007226739,0.7856628242074928,0.5051983975581839,0.3781754665522631,0.2971246992040476,0.2520967347935836,0.20129325829242
0.1321922045782635,0.322626763248189,0.5508994138651216,0.7855490692807577,0.3181972789115646,0.4346883468834688,0.7688220461095101,0.4990461655856543,0.3743143443753256,0.2949959893873018,0.2491246641153,0.1974613818704346
0.1242524231800371,0.3196721311475409,0.5539985178198477,0.7916070051767815,0.3129251700680271,0.4354110207768744,0.7497298270893373,0.4884586035864174,0.3694726197407533,0.2909236749552663,0.2439947886979887,0.1907555981319602
0.1296143534749433,0.3253907739229889,0.5545374924206696,0.7854389249917392,0.3147959183673469,0.4383920505871725,0.7454971181556197,0.4853109500190767,0.368032359881102,0.290214105016351,0.243546942431398,0.1915938210992695
0.1415755825943493,0.3344452916507815,0.5531900559186148,0.773763630355766,0.320578231292517,0.4418247515808491,0.7596361671469741,0.4937523845860359,0.3731805227836852,0.2953661997902141,0.2496539369758162,0.2002754161178302
0.1470406269333883,0.339115516584064,0.5528531967931011,0.7681462716158166,0.3230442176870748,0.4438121047877145,0.7721541786743517,0.5018122853872568,0.377470658535838,0.2993151107546122,0.254498819314388,0.2054843731289665
0.1370385646525056,0.3314906595501333,0.5539985178198477,0.7778389690494547,0.3181972789115646,0.4409214092140921,0.7678314121037465,0.4981400228920259,0.3750497962185518,0.2967853396680447,0.2514453220421789,0.20129325829242
0.1251804495772324,0.3197674418604651,0.5534595432190258,0.7909461394426699,0.3136904761904761,0.4350496838301716,0.7590057636887608,0.4920354826402136,0.370729016639598,0.2923119639661874,0.2455418939825747,0.1925517902047658
0.1238399670035058,0.3234845596645062,0.5569628781243684,0.7895142636854279,0.3108843537414965,0.4392050587172538,0.7608069164265131,0.4925600915681037,0.3704838660251893,0.2919417535632752,0.2448497679342073,0.1912345826847084
0.1340482573726541,0.3331109416698436,0.557030249949471,0.7784998347835664,0.3150510204081632,0.4437217705510388,0.7743155619596542,0.5004769172071728,0.3762449054637943,0.2974023570062319,0.2514046087452162,0.1991378278050532
0.1372447927407712,0.332634388105223,0.5546722360708751,0.7770679590263244,0.3178571428571428,0.4419150858175248,0.7880043227665707,0.5056276230446395,0.3798608770263231,0.3001789350280743,0.2557202182232717,0.2045264040234702
0.1284800989894823,0.3166221883339687,0.5491477464124503,0.7910562837316883,0.3176870748299319,0.4306233062330624,0.7818804034582133,0.5027184280808852,0.3775319461894402,0.2970938483371383,0.2527074342480254,0.2011136390851395
0.119921633326459,0.3005146778497903,0.5432863976285117,0.8049344641480339,0.3179421768707482,0.4190605239385727,0.7751260806916427,0.4970431133155285,0.374099837587718,0.2928364287036466,0.2471297125641234,0.1937492515866363
0.1241493091359043,0.3028974456728935,0.5422084484268679,0.8012997026104196,0.3203231292517006,0.4195121951219512,0.7792687319884726,0.4972338801983976,0.3739159746269114,0.2926821743690998,0.2459490269522025,0.1926116632738594
0.1354918539905135,0.3153831490659549,0.5436232567540255,0.7879722436391673,0.3241496598639455,0.4263775971093044,0.7916966858789626,0.5032907287294925,0.3770722887874238,0.2962300240636762,0.2499796433515186,0.1996766854268949
0.1404413281088884,0.3202439954250857,0.5438253722293336,0.7825751734772552,0.3260204081632653,0.4288166214995483,0.7970100864553314,0.507058374666158,0.3793399319707045,0.2990991546862467,0.2532367071085416,0.2036283079870674
0.1347700556815838,0.3124285169653068,0.5420063329515596,0.7901751294195396,0.3248299319727891,0.4238482384823848,0.7909762247838616,0.5041491797024037,0.3779303159378543,0.2966002344665885,0.2507939092907743,0.1997365584959884
0.1272427304598886,0.3051849027830727,0.5418042174762514,0.798325806806917,0.3218537414965986,0.4203252032520325,0.7800792507204611,0.4982354063334606,0.3744982073361321,0.2927747269698278,0.2458268870613142,0.192911028619327
0.1337389152402557,0.3138581776591688,0.5436906285791281,0.7898446965524838,0.3232993197278911,0.4256549232158988,0.7804394812680115,0.4999046165585654,0.3753562344865627,0.2934842969087431,0.2462747333279048,0.1931505208957011
0.1457001443596617,0.3272969881814715,0.545307552381594,0.7756360832690824,0.3272959183673469,0.4331526648599819,0.7948487031700289,0.5096814193056085,0.3821285202096038,0.299469365089159,0.2530331406237277,0.2023111004670099
0.1495153639925758,0.3304422417079679,0.545038065081183,0.7718911774424496,0.3289965986394557,0.4345076784101174,0.8081772334293948,0.5184090041968714,0.3868783133637729,0.3034799777873758,0.2582444426349645,0.2075799305472398
0.138482161270365,0.319004956157072,0.5442296031799502,0.784337482101553,0.3249149659863945,0.4284552845528455,0.8011527377521613,0.5154044257916826,0.3839977936444704,0.3011353119022645,0.2556387916293461,0.2019518620524488
0.1262115900185605,0.3043271063667556,0.5418715893013542,0.7993171054080845,0.3213435374149659,0.4199638663053298,0.7835014409221902,0.5065814574589852,0.3786351239542794,0.2970629974702289,0.249694650272779,0.1938091246557298
0.1302330377397401,0.301753717117804,0.5374250488445732,0.7986562396739728,0.3258503401360544,0.4158084914182475,0.7768371757925072,0.5051983975581839,0.3777770968038489,0.29749490960696,0.2497760768667046,0.1937492515866363
0.1454939162713961,0.3115707205489896,0.5343933167149498,0.7848882035466461,0.3340986394557823,0.4184281842818428,0.7868335734870318,0.5107783288821061,0.3814543560199798,0.3019682853088172,0.2556387916293461,0.2022512273979164
0.1484842235512476,0.3137628669462447,0.5339890857643332,0.7820244520321622,0.3355442176870747,0.4191508581752484,0.7928674351585014,0.5144982830980542,0.3839365059908682,0.3041895477262911,0.2580815894471134,0.2065620883726499
0.1355949680346463,0.3061380099123141,0.5370208178939566,0.7933693138010793,0.3283163265306122,0.4176151761517615,0.7848523054755044,0.5093952689813049,0.3808108356571569,0.3004565928302586,0.2534402735933556,0.2000359238414561
0.1231181686945762,0.3004193671368661,0.5411978710503268,0.8032822998127546,0.320578231292517,0.4177055103884372,0.767921469740634,0.4988077069820679,0.3744062758557289,0.2938236564447462,0.2449719078250956,0.1891988983355286
0.1227057125180449,0.3152878383530308,0.5519099912416627,0.7949113338473399,0.3136054421768707,0.4318879855465222,0.7626981268011529,0.492417016405952,0.3713112493488187,0.2913864379589067,0.2430176695708818,0.1862052448808525
0.1268302742833573,0.3541746092260769,0.5767701947045745,0.7702390131071702,0.2996598639455782,0.4669376693766938,0.7644092219020174,0.4890785959557421,0.3728127968620722,0.294841735052755,0.2472518524550117,0.1892587714046222
0.1121880800164982,0.3928707586732748,0.6136225830357744,0.7556999669567133,0.2703231292517006,0.5100271002710027,0.764949567723343,0.4805417779473484,0.3719241258848406,0.2965076818658605,0.2468447194853839,0.1841695605316728
0.0809445246442565,0.4045939763629431,0.6422556087044398,0.7656129529683885,0.2393707482993197,0.5347786811201445,0.7687319884726226,0.4691434566959176,0.3687371678975271,0.2962917257974949,0.2433026626496213,0.1729134235420907
0.0833161476593111,0.4010674799847502,0.6383480428484807,0.7663839629915189,0.2427721088435373,0.5305329719963866,0.7893551873198847,0.4921785578023655,0.3929457910703889,0.3238415499475536,0.2669570881850012,0.1890192791282481
0.157558259434935,0.4211780404117422,0.6039210402209796,0.7150567243088445,0.2951530612244897,0.5168925022583559,0.8409582132564841,0.5671022510492179,0.4694327827659118,0.4098537668908497,0.3501750671769399,0.2656568075679559
0.2855227882037533,0.4329012581014105,0.5286667115812167,0.6400484634871682,0.3954081632653061,0.4720867208672086,0.8819344380403459,0.6679702403662725,0.5834584622927712,0.5447646078854816,0.4818418695545965,0.3947431445335888
0.4436997319034852,0.4401448722836446,0.4304385905814188,0.5513823108271836,0.5226190476190476,0.4095754290876242,0.8551873198847264,0.7715089660434948,0.7210186008028684,0.7098475967174679,0.6378552235160003,0.5528679200095796
0.6081666322953185,0.4571101791841402,0.3349727144108333,0.4536843264676726,0.6506802721088435,0.3536585365853658,0.7751260806916427,0.8582602060282336,0.8515000153219136,0.8680508422286667,0.7888201286540184,0.7096754879655129
0.7551041451845741,0.4956157072054898,0.2661187091558309,0.3529023020156404,0.7547619047619047,0.3257452574525745,0.6642651296829971,0.9021365890881344,0.9236049397848805,0.9611587585611155,0.8942268544906765,0.8361274098910311
0.8923489379253454,0.530975981700343,0.2015765007074041,0.2591695120607996,0.8520408163265305,0.2991869918699187,0.5210734870317003,0.8975581838992751,0.9423896056139492,0.9897266613191832,0.9548082403713052,0.9393485810082624
0.936275520725923,0.5061951963400685,0.1552920568618203,0.2501376803612732,0.8993197278911564,0.2564588979223126,0.4321865994236311,0.8438096146508967,0.9054944381454356,0.9409514407354846,0.9285074505333442,0.9497066219614416
0.808104763868839,0.3967784979031643,0.1616923802465808,0.3817601057385174,0.8424319727891156,0.2089430894308943,0.3549171469740634,0.6490843189622282,0.7076578923175927,0.7495218115629051,0.7619900659555411,0.8069692252424859
0.5684677253041864,0.3126191383911551,0.2587751802196321,0.5583214010353563,0.6823979591836735,0.2341463414634146,0.2418948126801152,0.3609786341091187,0.391628106517942,0.448170543592275,0.4913687810438889,0.5499940126930906
0.3406888018148071,0.3250095310712924,0.4163578791349457,0.6728714616147152,0.4890306122448979,0.3456187895212285,0.1799351585014409,0.1630579931323922,0.1531884901786535,0.1892700684889245,0.2382542138262356,0.293557657765537
0.2648999793771912,0.3383530308806709,0.475308226099845,0.7055843154532437,0.4205782312925169,0.3915085817524841,0.2138868876080692,0.1641549027088897,0.1245365121196335,0.134571481458629,0.1675352170018728,0.2051850077834989
0.2575788822437616,0.3636103698055661,0.498012531159469,0.6950104637074567,0.4032312925170067,0.4186088527551942,0.3681556195965417,0.2891072109881725,0.2222290319615114,0.2042018880730549,0.2105691718915397,0.2223685786133397
0.215920808414106,0.3703774304231795,0.5299467762581688,0.7132944156845467,0.3659013605442177,0.4432700993676603,0.5381844380403459,0.404616558565433,0.3066221309717157,0.2618930091935583,0.2444833482615422,0.2268590587953538
0.1715817694369973,0.3408311094166983,0.5380313952704979,0.754047802621434,0.342517006802721,0.4346883468834688,0.6476945244956773,0.4685234643265929,0.350167008856066,0.2841673351021164,0.247984691800342,0.2067417075799305
0.1582800577438647,0.3088067098741898,0.5240854274742303,0.7796012776737525,0.3458333333333333,0.4102077687443541,0.7011887608069165,0.4915585654330408,0.3671436889038704,0.2897821928796199,0.245867600358277,0.1965034127649383
0.1483811095071148,0.2981319100266869,0.5230748500976892,0.7910562837316883,0.3423469387755101,0.4044263775971093,0.7400936599423631,0.4994276993513926,0.373088591303282,0.2895353859443451,0.2434655158374725,0.1923721709974853
0.1425036089915446,0.2961303850552801,0.5253654921511823,0.795462055292433,0.3385204081632653,0.4050587172538392,0.7810698847262249,0.5091091186570011,0.378144822725462,0.2910162275559944,0.2435876557283608,0.1918931864447371
0.1360074242111775,0.2903164315669081,0.5256349794515933,0.8021808569225685,0.3357142857142857,0.4024390243902438,0.8061959654178674,0.5160721098817246,0.3804737535623449,0.2911087801567224,0.2433026626496213,0.1886600407136869
0.1216745720767168,0.2736370568051848,0.5231422219227918,0.8194735102984909,0.3313775510204081,0.3928635953026197,0.8037644092219022,0.5119706219000382,0.3759078233689824,0.284907755907941,0.2351192899601009,0.177763142138666
0.1074448339863889,0.2623903926801372,0.5244896584248466,0.8336821235818922,0.3245748299319728,0.3884372177055104,0.7928674351585014,0.504530713468142,0.3707596604663991,0.278305670389338,0.2263659311131015,0.1658484013890551
0.108475974427717,0.2675371711780404,0.5275213905544701,0.8301575063332967,0.3231292517006802,0.3929539295392953,0.7859329971181557,0.5038153376573827,0.3708209481200012,0.2769790831122354,0.2241266997801481,0.1634534786253143
0.1144565889874201,0.2789744567289363,0.5316310718857373,0.8202445203216212,0.3229591836734694,0.4010840108401083,0.7989012968299712,0.5115890881342999,0.3763981245977998,0.2812673536126365,0.2287273023369432,0.170757993054724
0.1166219839142091,0.2849790316431566,0.5343933167149498,0.8156184601828395,0.3221938775510204,0.4057813911472447,0.8129502881844382,0.5180751621518505,0.3801366714675329,0.2845683963719381,0.2318215129061151,0.175008980960364
0.1047638688389358,0.2771635531833777,0.536683958768443,0.8265227447956823,0.3158163265306122,0.4036133694670279,0.80835734870317,0.5144028996566197,0.3778690282842522,0.2808971432097242,0.2269766305675433,0.1686025625673571
0.0940400082491235,0.2743042317956538,0.5416694738260459,0.8339024121599294,0.3082482993197278,0.4056007226738934,0.795749279538905,0.5066768409004198,0.3735176048784973,0.2764854692416857,0.2205846429443856,0.1596216022033289
0.1011548772942874,0.2897445672893632,0.5478676817354983,0.8211256746337702,0.307312925170068,0.4170731707317073,0.7942182997118157,0.5065814574589852,0.3740079061073147,0.2772258900475103,0.221846755150232,0.1589031253742066
0.1154877294287481,0.3088067098741898,0.5520447348918682,0.8025112897896244,0.3105442176870748,0.428906955736224,0.8065561959654179,0.5150228920259443,0.3800753838139307,0.2828715986919232,0.2288494422278315,0.1698598970183211
0.1174468962672716,0.3073770491803278,0.5497540928383751,0.8022910012115871,0.3128401360544217,0.4266485998193315,0.8205151296829971,0.522367417016406,0.3842429442588791,0.2864194483864997,0.2331650517058871,0.1774039037241049
0.104145184574139,0.2854555852077773,0.5430169103281007,0.8221169732349377,0.3115646258503401,0.4118337850045168,0.814841498559078,0.5196012972148035,0.3813317807127754,0.2834577651632011,0.2284423092582037,0.1706981199856304
0.0996081666322953,0.268013724742661,0.5335848548137169,0.8345632778940412,0.3156462585034013,0.3971996386630533,0.8077269452449568,0.5146413582602061,0.3771642202678271,0.2784599247238848,0.2221317482289715,0.161357921207041
0.107960404207053,0.2657262676324818,0.5265108131779289,0.83147923780152,0.3235544217687074,0.3914182475158085,0.8139409221902019,0.5184566959175887,0.3779303159378543,0.2784599247238848,0.2236381402165947,0.1623757633816309
0.1193029490616622,0.2671559283263438,0.5201104897931684,0.8245401475933473,0.332312925170068,0.3878048780487805,0.8345641210374641,0.5268981304845479,0.3826188214384213,0.2814216079471834,0.2284015959612409,0.1687223087055442
0.1153846153846153,0.2577201677468547,0.516068180287004,0.832029959246613,0.3332482993197278,0.3805781391147244,0.8466318443804035,0.5307611598626478,0.3850090399289063,0.2820694761522799,0.2288901555247943,0.169620404741947
0.1002268508970921,0.2453297750667174,0.5171461294886478,0.8473400154202004,0.3262755102040816,0.3754290876242095,0.8399675792507205,0.5250381533765739,0.3802286029479361,0.2771024865798729,0.2223760280107483,0.1611184289306669
0.089915446483811,0.2492375142966068,0.5265781850030318,0.8505341998017403,0.3160714285714285,0.3835591689250225,0.8333033141210376,0.5199828309805419,0.3767658505194129,0.2735854877522058,0.2180604185326927,0.1541731529158184
0.0943493503815219,0.2642012962256957,0.5343259448898471,0.8396299151888974,0.3130102040816326,0.3958446251129178,0.8390670028818444,0.5227489507821442,0.3786657677810806,0.2749429258962177,0.219729663708167,0.1562687103340917
0.1034233862652093,0.2770682424704536,0.5374250488445732,0.8272937548188126,0.3147959183673469,0.4040650406504064,0.8542867435158502,0.5313811522319726,0.3843348757392824,0.2798173628678966,0.2251852455011806,0.1645311938689977
0.1042482986182718,0.2772588638963019,0.5370208178939566,0.8267430333737195,0.315391156462585,0.4038843721770551,0.8631123919308359,0.5381533765738268,0.3886862991450373,0.2828715986919232,0.2283201693673153,0.1690216740510118
0.0923901835429985,0.2630575676706061,0.5348649194906689,0.8412820795241767,0.3119047619047619,0.3956639566395664,0.8612211815561961,0.5357210988172453,0.387583121380198,0.2810205466773616,0.22473739923459,0.1642917015926236
0.0874407094246236,0.2526686999618756,0.530687866334299,0.8499834783566472,0.3124149659863945,0.3879855465221319,0.8543768011527378,0.533145745898512,0.3853461220237184,0.2775343987166039,0.2205846429443856,0.1568674410250269
0.0912559290575376,0.2555280213495996,0.530148891733477,0.8462385725300142,0.3143707482993197,0.3889792231255646,0.8600504322766571,0.5362933994658527,0.3862654368277511,0.2779354599864256,0.2208696360231251,0.1571668063704945
0.1013611053825531,0.2607701105604269,0.5273192750791619,0.837757462275581,0.3203231292517006,0.3896115627822945,0.8730187319884727,0.5448302174742464,0.3907087917139092,0.2801567224038996,0.2239231332953342,0.1627948748652855
0.1004330789853578,0.2545749142203583,0.5235464528734083,0.8418328009692697,0.3223639455782313,0.3841011743450768,0.8838256484149857,0.5500286150324304,0.3920571200931573,0.2804652310729931,0.2240045598892598,0.1634534786253143
0.0859971128067642,0.2339878002287456,0.5184261941655999,0.8615486287036016,0.3195578231292517,0.3709123757904246,0.8824747838616716,0.5474532621136972,0.38792020347501,0.2753748380329487,0.2162283201693673,0.154472518261286
0.0745514539080222,0.2127335112466641,0.5108805497540928,0.8798325806806917,0.3196428571428571,0.3557362240289069,0.8831051873198849,0.5461655856543304,0.3848251769680998,0.2707163571296354,0.2097141926553212,0.1450724464136031
0.0782635594968034,0.2128288219595882,0.5085899077005996,0.8778499834783566,0.3226190476190476,0.3542908762420957,0.8951729106628243,0.5511732163296452,0.3858670670793369,0.2702227432590856,0.2088592134191026,0.1460304155190995
0.0913590431016704,0.2212161646969118,0.5058950346964899,0.8660645445533649,0.3296768707482993,0.3564588979223125,0.9088616714697408,0.5601392598244944,0.3893298195078601,0.2724131548096501,0.2118719973943489,0.1527960723266674
0.0943493503815219,0.2237895539458634,0.5057602910462844,0.8628703601718252,0.3310374149659864,0.3576332429990966,0.9032780979827092,0.5626192293017932,0.390647504060307,0.2733078299500216,0.2128491165214559,0.1556699796431565
0.0878531656011548,0.2169271826153259,0.5050865727952569,0.8703601718250907,0.3287414965986394,0.3538392050587173,0.8885086455331412,0.5589946585272797,0.388931449759446,0.2696365767878078,0.2088592134191026,0.1498622919410848
0.0850690864095689,0.2133053755242089,0.5044128545442296,0.8739949333627051,0.3280612244897959,0.3516711833785004,0.8782420749279539,0.5566100724914155,0.3865412312689609,0.2655951132226816,0.204950736910675,0.1442940965153873
0.0966178593524438,0.2276019824628287,0.5069729838981337,0.859455887212248,0.3312074829931972,0.3601626016260162,0.8808537463976945,0.561570011446013,0.3897894769098766,0.267168507435059,0.20706782835274,0.1485450844210274
0.1140441328108888,0.2500953107129241,0.5114868961800175,0.837206740830488,0.3355442176870747,0.3738934056007227,0.8938220461095101,0.5728252575352919,0.3976342965709558,0.2731844264823841,0.2147626414787069,0.1587235061669261
0.1198185192823262,0.2577201677468547,0.5131038199824833,0.8297169291772221,0.3369047619047619,0.3785907859078591,0.9013868876080692,0.5806943914536437,0.4027824594735391,0.2760227062380453,0.2187118312840973,0.1641719554544365
0.1104351412662404,0.2459969500571864,0.5109479215791956,0.8415023681022138,0.3343537414965986,0.3716350496838301,0.8950828530259366,0.5800743990843189,0.4006373915974627,0.2726908126118344,0.2138262356485628,0.1592024907196742
0.1012579913384203,0.2307472359893251,0.5061645219969009,0.855160259940522,0.3336734693877551,0.3611562782294489,0.8864373198847262,0.5781190385349103,0.3978181595317624,0.2684642438452521,0.2081263740737725,0.1517782301520776
0.1107444833986389,0.232081585970263,0.5008421478137842,0.8493226126225355,0.3409013605442176,0.3582655826558265,0.8932817002881845,0.584128195345288,0.4013421996138878,0.2695131733201703,0.2109763048611676,0.1562687103340917
0.1323984326665291,0.2384674037361799,0.4913427204742976,0.8341227007379667,0.3558673469387755,0.3548328816621499,0.912013688760807,0.5973388019839756,0.4086660742193486,0.2750046276300364,0.2187932578780229,0.1683630702909831
0.1348731697257166,0.2289363324437666,0.4829212423364549,0.8383081837206741,0.3621598639455781,0.3447154471544715,0.9266930835734872,0.606829454406715,0.4132320044127111,0.277966310853335,0.2222946014168227,0.1737516465094
0.127552072592287,0.2177849790316431,0.4798221383817287,0.8486617468884238,0.3610544217687074,0.3373080397470641,0.9189481268011528,0.6072586798931706,0.4143045383507492,0.2781205651878818,0.2206660695383112,0.1715363429529397
0.1263147040626933,0.2174990468928707,0.4804284848076534,0.8494327569115542,0.360204081632653,0.3375790424570912,0.9080511527377522,0.6052079359023274,0.4159593049980082,0.2802492750046276,0.2213174822897158,0.1715962160220333
0.1356980820787791,0.2343690430804422,0.4862224617664892,0.8346734221830597,0.3604591836734693,0.3495031616982836,0.909492074927954,0.611026325829836,0.4229460975086569,0.2883630530017894,0.2305186874033059,0.182014130044306
0.1557022066405444,0.2593404498665649,0.4908037458734757,0.8096706685758344,0.3657312925170067,0.3644083107497742,0.914985590778098,0.6204215948111408,0.4322924646829896,0.3002714876288024,0.2442797817767282,0.1981199856304634
0.1628170756857083,0.2668699961875714,0.4914774641245031,0.8015199911884568,0.36828231292517,0.3684733514001806,0.9122838616714698,0.6212323540633347,0.437134189317562,0.3080459060899612,0.2540509730477974,0.2082385343072685
0.1562177768612085,0.2650590926420129,0.4945765680792292,0.80603590703822,0.3636054421768707,0.3696476964769647,0.8947226224783862,0.6122663105684854,0.43511169674869,0.3111309927808972,0.2578373096653367,0.209555741827326
0.1519901010517632,0.2688715211589782,0.4999663140874485,0.8061460513272386,0.3584183673469387,0.3750677506775067,0.8747298270893372,0.5999618466234262,0.4319553825881776,0.3133214043314617,0.2604429606709551,0.209555741827326
0.1619921633326459,0.2850743423560807,0.5048844573199488,0.7913867165987444,0.3595238095238094,0.3859981933152664,0.8704971181556197,0.5956695917588707,0.4326295467778016,0.3196458320478805,0.2684227668756616,0.217818225362232
0.1769436997319034,0.3088067098741898,0.5118911271306339,0.7696882916620772,0.3612244897959183,0.4019873532068654,0.8718479827089338,0.5947634490652424,0.4353262035362977,0.327050040106127,0.2797817767282794,0.2306310621482457
0.1792122087028253,0.3145253526496377,0.5144512564845382,0.7651723758123141,0.3605442176870748,0.4064137308039746,0.8633825648414987,0.5878004578405189,0.4323231085097907,0.3296723637934226,0.2838531064245582,0.2341037001556699
0.1625077335533099,0.29889439573008,0.5143165128343327,0.7831258949223483,0.3537414965986394,0.3989159891598915,0.8456412103746399,0.5732544830217474,0.4237734808322864,0.3254766458937496,0.2778682517710284,0.2269189318644473
0.1527118993606929,0.292413267251239,0.5161355521121067,0.792047582332856,0.3485544217687074,0.3971093044263776,0.8263688760806918,0.5592331171308661,0.4161431679588147,0.3210958227926205,0.2729826561354938,0.2194946712968506
0.1598267684058568,0.3056614563476934,0.5207842080441959,0.7807027205639387,0.3485544217687074,0.4064137308039746,0.8226765129682998,0.5546547119420069,0.4138142371219318,0.3217128401308077,0.2751404608745216,0.2196742905041312
0.1697257166426067,0.3292985131528783,0.5310920972849154,0.7616477585637184,0.346173469387755,0.4245709123757903,0.8264589337175793,0.5560377718428081,0.4155302914227929,0.3254149441599309,0.2801074831039817,0.2248832475152676
0.1663229531862239,0.3304422417079679,0.5341238294145387,0.7628593457429232,0.3428571428571428,0.4271906052393858,0.8293407780979828,0.555847004959939,0.4159593049980082,0.326710680570124,0.2809624623402003,0.2262603281044186
0.1506496184780366,0.3112847884102172,0.5308226099845045,0.7822447406101993,0.3384353741496598,0.4158084914182475,0.8206952449567724,0.5474055703929798,0.4092483069285693,0.3212809279940767,0.2731862226203078,0.2169201293258292
0.1420911528150134,0.2947007243614181,0.524691773900155,0.7964533538936005,0.3387755102040816,0.4038843721770551,0.814571325648415,0.5392502861503243,0.4025985965127325,0.3150799037452952,0.2657764025730804,0.2083582804454556
0.1472468550216539,0.2923179565383149,0.5196388870174492,0.7951316224253772,0.3441326530612245,0.39936766034327,0.8186239193083574,0.5388210606638688,0.4016179940550976,0.3145554390078361,0.2659799690578943,0.209435995689139
0.1562177768612085,0.2994662600076248,0.5188977969413191,0.7860997907258508,0.3482993197278911,0.4022583559168925,0.8169128242074928,0.5410625715375811,0.4035485551435664,0.3170543592274943,0.2704177184268382,0.21506406418393
0.1576613734790678,0.2993709492947006,0.5178198477396753,0.7854389249917392,0.3494897959183673,0.4015356820234869,0.8091678674351586,0.5406333460511256,0.4033340483559587,0.3172394644289504,0.2712726976630567,0.2175787330858579
0.1491029078160445,0.2886008387342736,0.515798692986593,0.7962330653155633,0.3472789115646258,0.3950316169828365,0.7927773775216139,0.531285768790538,0.3978488033585635,0.3128894921947307,0.2652471297125641,0.2092563764818584
0.1403382140647556,0.2842165459397636,0.5184935659907026,0.8033924441017734,0.341921768707483,0.3947606142728094,0.7761167146974064,0.5204120564669974,0.3920264762663561,0.3081076078237799,0.2599951144043644,0.2018321159142617
0.1447721179624665,0.2944147922226457,0.5227379909721754,0.7952417667143958,0.3411564625850339,0.4024390243902438,0.7758465417867435,0.5207458985120182,0.3932215855115987,0.3096193003023386,0.2625600521130201,0.203927673332535
0.1591049700969272,0.3102363705680518,0.5245570302499494,0.7783896904945479,0.3459183673469387,0.411111111111111,0.7905259365994236,0.531619610835559,0.3998712959274355,0.3166224470907633,0.2712726976630567,0.2154831756675847
0.1581769436997319,0.3146206633625619,0.5282624806306002,0.7764070932922127,0.3431972789115646,0.4157181571815718,0.800342219020173,0.5371518504387638,0.4036711304507707,0.3208181649904362,0.2757511603289634,0.2215902287151239
0.1434316353887399,0.3069004956157071,0.5324395337869703,0.7887432536622976,0.334438775510204,0.4149051490514905,0.7961095100864555,0.5327165204120565,0.4021695829375173,0.3187820077744185,0.2726569497597915,0.2168003831876422
0.1336358011961229,0.3002287457110179,0.5341912012396416,0.797775085361824,0.3292517006802721,0.4129177958446251,0.7927773775216139,0.5300934757726059,0.4012196243066835,0.3167767014253101,0.2697255923784707,0.2111723146928511
0.1427098370798102,0.3100457491422035,0.53513440679108,0.787201233616037,0.3323979591836734,0.4181571815718157,0.8020533141210375,0.5353872567722243,0.404437226120798,0.3196149811809712,0.2729826561354938,0.2163812717039875
0.1525056712724273,0.3202439954250857,0.5359428686923129,0.776076660425157,0.335969387755102,0.4234869015356819,0.8188040345821326,0.5445440671499429,0.409524101369779,0.3250138828901092,0.2791303639768748,0.2250029936534546
0.1487935656836461,0.3162409454822721,0.5355386377416964,0.7803722876968828,0.3346938775510203,0.4214092140921409,0.8319524495677234,0.5487409385730637,0.4122514019550762,0.3273276979083113,0.2820210080612328,0.2269788049335409
0.133017116931326,0.3034693099504383,0.5368187024186485,0.7962330653155633,0.3273809523809523,0.4161698283649503,0.830421469740634,0.5454025181228539,0.4103208408666075,0.3245819707533782,0.2779089650679912,0.2208118788169081
0.1288925551660136,0.2986084635913076,0.5360776123425183,0.8011895583214009,0.3261054421768707,0.4133694670280036,0.8268191642651297,0.5418256390690577,0.4078999785493213,0.3235330412784599,0.2753847406562983,0.2166806370494551
0.14013198597649,0.3092832634388104,0.5362123559927238,0.7890736865293535,0.3306972789115646,0.4185185185185185,0.8311419308357348,0.5445440671499429,0.40983053963779,0.3259085580304807,0.2781532448497679,0.2205125134714405
0.1534336976696226,0.3239611132291269,0.5378966516202923,0.7734331974887101,0.3351190476190476,0.4266485998193315,0.8378061959654179,0.5495516978252575,0.4139061686023351,0.329703214660332,0.2837309665336698,0.2284157585917854
0.1530212414930913,0.3184330918795272,0.5343259448898471,0.7769578147373057,0.3371598639455782,0.4215898825654923,0.8387968299711815,0.5503624570774514,0.4137835932951307,0.3297649163941507,0.2844230925820373,0.2294336007663752
0.1434316353887399,0.3028974456728935,0.5296099171326552,0.7910562837316883,0.3362244897959183,0.4110207768744354,0.8305115273775217,0.5446871423120946,0.4090338001409616,0.3252915406922935,0.2788860841950981,0.2209914980241887
0.1399257578882243,0.2940335493709493,0.5257023512766961,0.7979953739398612,0.3372448979591836,0.4042457091237579,0.8242975504322767,0.5400610454025181,0.4054791162320351,0.3222064540013574,0.274489048123117,0.2145252065620883
0.1487935656836461,0.2989897064430041,0.5233443373981,0.7903954179975768,0.3423469387755101,0.4050587172538392,0.8288904899135447,0.5421594811140786,0.4065822939968744,0.3233479360770038,0.2759140135168146,0.2178780984313255
0.1606516807589194,0.3128097598170034,0.5253654921511823,0.776076660425157,0.3460034013605441,0.4129177958446251,0.8418587896253603,0.5493609309423885,0.4105966353078172,0.3277596100450423,0.2817360149824933,0.2262603281044186
0.1555990925964116,0.3183377811666031,0.532506905612073,0.7756360832690824,0.3394557823129251,0.4203252032520325,0.850864553314121,0.5517455169782526,0.4128029908374958,0.3288702412537793,0.2834459734549303,0.2277571548317566
0.1394101876675603,0.3105223027068242,0.5376271643198813,0.7887432536622976,0.3295068027210884,0.4200542005420054,0.8434798270893372,0.54459175887066,0.40814512916373,0.3241500586166471,0.2775832586922889,0.2181774637767931
0.1334295731078573,0.3064239420510865,0.5386377416964225,0.7943606124022469,0.326360544217687,0.4187895212285455,0.8311419308357348,0.5375810759252194,0.4036711304507707,0.3201394459184303,0.2717205439296474,0.2109926954855706
0.1430191792122087,0.3129050705299275,0.536953446068854,0.7854389249917392,0.3314625850340135,0.4206865401987353,0.8345641210374641,0.5411102632582984,0.4060000612876536,0.3217745418646264,0.2738376353717123,0.214944318045743
0.1563208909053413,0.3253907739229889,0.5370881897190595,0.7711201674193193,0.3368197278911564,0.4267389340560072,0.8464517291066282,0.5489793971766501,0.4106579229614194,0.3265564262355772,0.2801889096979073,0.2232666746497425
0.1601361105382553,0.322626763248189,0.5326416492622785,0.7706795902632448,0.3412414965986394,0.4224932249322494,0.8442002881844382,0.5499332315909958,0.4112095118438391,0.3271425927068551,0.2819395814673072,0.2262004550353251
0.1496184780367085,0.3000381242851695,0.5234790810483055,0.7894041193964092,0.3426020408163265,0.4056007226738934,0.8248378962536024,0.5423502479969478,0.4058161983268471,0.3217128401308077,0.2748961810927449,0.2180577176386061
0.1446690039183336,0.2853602744948532,0.5164050394125177,0.8005286925872893,0.3450680272108843,0.3939476061427281,0.8061959654178674,0.5311903853491033,0.3977262280513591,0.3141543777380144,0.2670385147789267,0.2081187881690815
0.1469375128892555,0.2869805566145634,0.516068180287004,0.798325806806917,0.3462585034013605,0.3944896115627822,0.7907060518731989,0.5218904998092332,0.3914135997303343,0.3099895107052509,0.2639850175067176,0.2056639923362471
0.1545679521550835,0.2961303850552801,0.5175503604392643,0.7889635422403347,0.3483843537414965,0.3998193315266485,0.7828710374639769,0.5192674551697826,0.3898201207366776,0.3102363176405257,0.2661021089487826,0.2096156148964195
0.1533305836254897,0.2906976744186046,0.5145186283096409,0.7928185923559863,0.3498299319727891,0.3951219512195121,0.7714337175792508,0.5155475009538344,0.3886556553182362,0.3100820633059789,0.2673642211546291,0.2113519339001317
0.142812951123943,0.2757338924895157,0.5108131779289901,0.8070272056393876,0.3478741496598639,0.385546522131888,0.7591858789625361,0.5080122090805036,0.3847332454876965,0.3069044240143148,0.2632114648644247,0.2069213267872111
0.1356980820787791,0.2685855890202058,0.5104089469783736,0.8149575944487277,0.3451530612244897,0.38193315266486,0.7543227665706053,0.5041014879816864,0.3815462875003831,0.3043129511939286,0.2593844149499226,0.2019518620524488
0.1403382140647556,0.28021349599695,0.5155965775112847,0.8057054741711642,0.3437925170068026,0.39096657633243,0.7643191642651297,0.5080122090805036,0.3832316979744431,0.3055778367372123,0.2612979399071737,0.2044665309543767
0.1519901010517632,0.2965116279069767,0.5195041433672438,0.7901751294195396,0.3460884353741496,0.4012646793134597,0.7840417867435159,0.516310568485311,0.3889620935862471,0.309742703769976,0.2675270743424802,0.2133277451802179
0.1465250567127242,0.2966069386199008,0.5231422219227918,0.7929287366450049,0.3415816326530612,0.4037037037037037,0.793227665706052,0.5188859214040443,0.3912297367695278,0.3113160979823533,0.268341340281736,0.2153035564603041
0.1307486079604042,0.2845977887914601,0.5249612612005659,0.8083489371076109,0.3339285714285714,0.3992773261065944,0.7857528818443804,0.513115223197253,0.3866638065761653,0.3067193188128587,0.2630486116765735,0.206681834510837
0.1234275108269746,0.2775447960350743,0.5247591457252577,0.8163894702059699,0.3310374149659864,0.3958446251129178,0.7807096541786743,0.5076783670354826,0.3828026843992278,0.3032948725859197,0.2590179952772575,0.2002155430487366
0.1287894411218808,0.2836446816622188,0.5255676076264906,0.8098909571538716,0.3327380952380951,0.3992773261065944,0.7889949567723343,0.5107306371613889,0.3841510127784758,0.3044980563953847,0.2602393941861411,0.2016524967069811
0.1335326871519901,0.293842927945101,0.5296772889577578,0.8015199911884568,0.3320578231292516,0.4068654019873531,0.8106087896253603,0.5208412819534529,0.3898201207366776,0.3097118529030666,0.2652064164156013,0.2084780265836426
0.1340482573726541,0.2922226458253907,0.5281951088054975,0.8021808569225685,0.3332482993197278,0.4050587172538392,0.813670749279539,0.5225104921785578,0.3904636410995005,0.3102671685074351,0.2663871020275221,0.2100347263800742
0.1238399670035058,0.2845024780785359,0.5294078016573469,0.8120938429342438,0.3282312925170068,0.4022583559168925,0.8005223342939481,0.5159290347195727,0.3861428615205467,0.3058863454063059,0.2615015063919876,0.2038678002634414
0.1195091771499278,0.2880289744567288,0.5347301758404635,0.812314131512281,0.3231292517006802,0.407497741644083,0.7953890489913544,0.5132106066386876,0.3845800263536911,0.3044055037946567,0.2587737154954808,0.2008142737396719
0.1263147040626933,0.2958444529165078,0.5357407532170045,0.8042735984139222,0.3252551020408163,0.4118337850045168,0.8031340057636889,0.516310568485311,0.3868476695369718,0.3060097488739434,0.2609315202345085,0.2032091965034127
0.136316766343576,0.3008959207014868,0.5328437647375867,0.7959026324485075,0.3312925170068027,0.4122854561878952,0.813670749279539,0.5230351011064479,0.390647504060307,0.3094958968347011,0.2660613956518198,0.2098551071727936
0.1323984326665291,0.2972741136103697,0.5328437647375867,0.8000881154312148,0.3296768707482993,0.4105691056910569,0.8174531700288185,0.5239889355207936,0.3912603805963289,0.3098969581045228,0.2671199413728524,0.2106334570710094
0.1190967209733965,0.2875524208921082,0.5346628040153608,0.8128648529573741,0.3230442176870748,0.4071364046973804,0.8088976945244958,0.5154998092331171,0.3858364232525358,0.3044672055284754,0.2598322612165133,0.2005149083942042
0.115590843472881,0.2880289744567288,0.5372903051943677,0.8144068730036347,0.3198979591836734,0.4091237579042457,0.8023234870317003,0.5090137352155666,0.3819446572487973,0.3000246806935275,0.2546209592052764,0.1932103939647946
0.1236337389152402,0.2999428135722455,0.5404567809741966,0.8032822998127546,0.321173469387755,0.4168925022583558,0.8079070605187321,0.5136875238458604,0.3841816566052769,0.3019065835749985,0.2567787639443042,0.1968626511794994
0.1320890905341307,0.3171940526115134,0.5471265916593681,0.7887432536622976,0.3204931972789115,0.4296296296296296,0.8198847262247838,0.5211751239984739,0.3894830386418656,0.3072437835503178,0.2631707515674619,0.2052448808525925
0.1336358011961229,0.3229126953869614,0.5502256956140941,0.7846679149686089,0.3192176870748299,0.4344173441734417,0.8192543227665707,0.5211274322777566,0.3901265590046885,0.308632072561239,0.2653692696034525,0.2075200574781463
0.1233243967828418,0.3153831490659549,0.551573132116149,0.7944707566912655,0.3140306122448979,0.4317073170731708,0.8043047550432277,0.5133059900801221,0.3865105874421598,0.3050533719997532,0.2603615340770295,0.2001556699796431
0.1184780367085997,0.3079489134578726,0.5494172337128612,0.8014098468994382,0.3134353741496598,0.4267389340560072,0.7892651296829971,0.5071060663868753,0.3830171911868354,0.3011661627691738,0.2551909453627555,0.1928511555502335
0.1309548360486698,0.308234845596645,0.5415347301758404,0.7945809009802841,0.3235544217687074,0.4215898825654923,0.7936779538904899,0.5118752384586036,0.3848251769680998,0.3031097673844635,0.2566566240534158,0.19704227038678
0.1470406269333883,0.3158597026305756,0.5363470996429293,0.7815838748760876,0.3335034013605442,0.421680216802168,0.7956592219020172,0.5161198016024418,0.38792020347501,0.3073980378848646,0.2626821920039084,0.2062028499580888
0.1457001443596617,0.3145253526496377,0.5362797278178266,0.7830157506333296,0.3329931972789115,0.4210478771454381,0.7938580691642652,0.5141644410530332,0.3873073269389882,0.3069661257481335,0.2630893249735363,0.2072206921326787
0.1340482573726541,0.3000381242851695,0.5337195984639224,0.7976649410728054,0.3297619047619047,0.4124661246612466,0.7851224783861672,0.5080122090805036,0.383538136242454,0.3030789165175542,0.2578373096653367,0.2009340198778589
0.1306454939162714,0.2964163171940526,0.5334501111635114,0.8015199911884568,0.3285714285714285,0.4105691056910569,0.777377521613833,0.503529187333079,0.3810866300983667,0.3009810575677177,0.2550280921749043,0.1966231589031253
0.1385852753144978,0.3076629813191002,0.5361449841676211,0.7908359951536512,0.3301020408163265,0.4177055103884372,0.7809798270893371,0.5074876001526135,0.3831397664940398,0.3031714691182822,0.2580408761501506,0.201053766016046
0.1433285213446071,0.3162409454822721,0.5391093444721416,0.7833461835003855,0.3301870748299319,0.4237579042457091,0.7892651296829971,0.5132582983594048,0.386571875095762,0.3073054852841365,0.2637814510219037,0.2093761226200454
0.1408537842854196,0.3107129241326725,0.5368187024186485,0.7878620993501486,0.3306122448979591,0.4196025293586269,0.7911563400576369,0.5146890499809234,0.387246039285386,0.3084161164928735,0.264880710039899,0.210932822416477
0.1289956692101464,0.2964163171940526,0.5344606885400525,0.8025112897896244,0.3272108843537414,0.4112014453477868,0.7807997118155621,0.5082983594048074,0.3836607115496583,0.304775714197569,0.2598729745134761,0.2036881810561609
0.1203340895029903,0.2907929851315287,0.5362123559927238,0.810331534309946,0.3225340136054421,0.4097560975609756,0.777557636887608,0.5035768790537963,0.3804431097355438,0.3015980749059048,0.2562087777868251,0.1975811280086217
0.1271396164157558,0.2962256957682043,0.5355386377416964,0.8036127326798106,0.3257653061224489,0.4118337850045168,0.7912463976945245,0.5097291110263259,0.3830171911868354,0.3038810390571975,0.2586922889015552,0.2015327505687941
0.1376572489173025,0.2959397636294318,0.5285319679310112,0.7981055182288798,0.3345238095238095,0.4070460704607045,0.8080871757925072,0.5192674551697826,0.3881959979162198,0.3082310112914173,0.2638221643188665,0.2083582804454556
0.1358011961229119,0.2880289744567288,0.5240854274742303,0.8037228769688292,0.3365646258503401,0.4002710027100271,0.8126801152737754,0.5213181991606258,0.3891766003738547,0.3084469673597828,0.2642292972884944,0.2090767572745779
0.123221282738709,0.2769729317575294,0.5244222865997439,0.8167199030730256,0.3312074829931972,0.3953026196928635,0.8025036023054756,0.5148321251430752,0.3847638893144976,0.3042821003270192,0.2586108623076296,0.2009340198778589
0.1162095277376778,0.2741136103698055,0.5270497877787509,0.8222271175239563,0.3266156462585033,0.3956639566395664,0.7952989913544669,0.5094906524227395,0.3816995066343885,0.3017523292404517,0.2542952528295741,0.1951263321757873
0.1271396164157558,0.2865040030499428,0.5286667115812167,0.8091199471307413,0.3301020408163265,0.4026196928635953,0.8032240634005764,0.5137352155665776,0.3851316152361107,0.3046523107299315,0.2582037293380018,0.2006945276014848
0.1348731697257166,0.2967022493328249,0.5307552381594017,0.799206961119066,0.3319727891156462,0.4089430894308943,0.8155619596541787,0.5215089660434948,0.3893604633346613,0.3091256864317888,0.2639035909127921,0.2079990420308944
0.128686327077748,0.2883149065955013,0.5289361988816277,0.8072474942174248,0.3305272108843537,0.4037037037037037,0.8193443804034583,0.5218904998092332,0.3893604633346613,0.3084778182266922,0.2632521781613874,0.2074003113399592
0.1130129923695607,0.273732367518109,0.5288014552314222,0.8240995704372728,0.324234693877551,0.3967479674796748,0.8097982708933719,0.515309042350248,0.3853461220237184,0.3040969951255631,0.2568601905382298,0.198539097114118
0.1098164570014435,0.2696340068623712,0.5279929933301893,0.8281749091309615,0.3233843537414965,0.3942186088527551,0.8035842939481269,0.5116844715757345,0.3824962461312169,0.3012278645029925,0.2525038677632115,0.1920728056520177
0.1201278614147246,0.2804041174227982,0.5289361988816277,0.8164996144949883,0.3270408163265306,0.3999096657633243,0.8150216138328531,0.5170259442960702,0.3855299849845249,0.3042821003270192,0.2564530575686018,0.1972817626631541
0.1317797484017323,0.292413267251239,0.5297446607828606,0.8032822998127546,0.3313775510204081,0.4062330623306233,0.8315922190201729,0.525228920259443,0.3912603805963289,0.3095884494354292,0.2632928914583503,0.2060831038199018
0.1283769849453495,0.2939382386580251,0.5331132520379976,0.8042735984139222,0.3278061224489795,0.4091237579042457,0.8348342939481269,0.5262304463945059,0.3935586676064107,0.3106065280434381,0.2654099829004152,0.2074601844090528
0.1174468962672716,0.2925085779641631,0.5391767162972445,0.810882255755039,0.3194727891156462,0.4125564588979223,0.8238472622478387,0.5196012972148035,0.3898201207366776,0.3065650644783119,0.2606872404527318,0.2009938929469524
0.1089915446483811,0.2990850171559283,0.5494172337128612,0.8116532657781693,0.3095238095238095,0.4224932249322494,0.8082672910662825,0.5091091186570011,0.3828946158796311,0.3012278645029925,0.2547838123931276,0.1918333133756436
0.107960404207053,0.3335874952344643,0.5744121808259784,0.7921577266218746,0.29328231292517,0.4556458897922312,0.8100684438040346,0.5022415108737124,0.3810253424447645,0.3015672240389955,0.2551095187688298,0.1907555981319602
0.0955867189111157,0.3783835303088066,0.6142289294616992,0.772882476043617,0.2630952380952381,0.5036133694670281,0.8198847262247838,0.4899370469286532,0.3770416449606227,0.3021533905102734,0.2555573650354205,0.1878218177463776
0.0700144359661785,0.3902973694243232,0.6394259920501246,0.7797114219627712,0.2366496598639455,0.5261065943992773,0.824477665706052,0.4752003052270126,0.3717709067508351,0.3005491454309866,0.251241755557365,0.1781822536223206
0.0702206640544442,0.381528783835303,0.6330256686653641,0.7846679149686089,0.2408163265306122,0.5176151761517616,0.8313220461095101,0.4914631819916063,0.3921796954003617,0.3249213302893812,0.270824851396466,0.1894383906119027
0.1381728191379665,0.3920129622569576,0.5960385366839588,0.7423725079854608,0.2921768707482993,0.4978319783197832,0.8613112391930836,0.5621900038153377,0.4668587013146202,0.4075399518726476,0.3485058220014657,0.2599089929349778
0.2695401113631677,0.405261151353412,0.5195715151923466,0.6645004956493006,0.3945578231292516,0.4528455284552846,0.8936419308357348,0.6679702403662725,0.5856341739956487,0.543006108471648,0.4769969872160248,0.3846245958567836
0.4439059599917508,0.4186046511627906,0.4150778144579936,0.5637184711972684,0.5323979591836734,0.3891598915989159,0.8739193083573489,0.7868180083937427,0.7369227469126346,0.7108656753254767,0.6343131666802377,0.5450844210274218
0.6191998350175294,0.4417651544033549,0.3169170652832985,0.4566582222711752,0.6665816326530611,0.334327009936766,0.8079971181556197,0.8970335749713849,0.8852082248031136,0.8725550687974334,0.7867437505089162,0.7069811998563045
0.7718086203340895,0.4755051467784978,0.2410563902176109,0.3556559092411058,0.7773809523809524,0.2994579945799458,0.697856628242075,0.9619896985883252,0.9710415836729692,0.9665885111371628,0.8910105040306164,0.8335528679200095
0.9175087646937514,0.49285169653069,0.1581890453412382,0.2677607666042516,0.8897959183673467,0.2520325203252032,0.5452989913544669,0.9789202594429608,1.0,0.992009625470476,0.9480905463724452,0.934139623997126
0.9649412249948442,0.4518680899733129,0.0981607491746951,0.2661086022689723,0.9472789115646258,0.1924119241192411,0.4515489913544669,0.9337561999236932,0.9641160788159228,0.9374652927747268,0.9168634476019868,0.940007184768291
0.8479067849041041,0.3408311094166983,0.0961395944216128,0.3927745346403788,0.9002551020408163,0.1384823848238482,0.3564481268011527,0.7259633727584892,0.7627861367327552,0.7509101005738262,0.7565344841625276,0.8051131601005868
0.6190967209733965,0.2719214639725505,0.1969278447753149,0.5549069280757792,0.7422619047619047,0.1733514001806684,0.2398234870317003,0.4174456314383823,0.441179174455306,0.4647683099895108,0.5044784626659067,0.5677763142138664
0.3878119199835017,0.2884102173084254,0.3596981742235397,0.6689062672100452,0.5442176870748299,0.2903342366757001,0.169128242074928,0.1914822586798931,0.1818711120644746,0.2077188869007219,0.2583258692288901,0.3172673931265716
0.309135904310167,0.2970834921845215,0.4172337128612813,0.7059147483202995,0.4754251700680272,0.3329719963866305,0.2225324207492795,0.1968237314002289,0.1500934636717433,0.1551798605540816,0.1922481882582851,0.2337444617411088
0.2963497628376985,0.3093785741517346,0.4343461564373778,0.7055843154532437,0.459438775510204,0.3502258355916893,0.4050792507204611,0.3357497138496757,0.2541905433150492,0.2265379157154316,0.2364628287598729,0.2526044785055682
0.2566508558465663,0.3302516202821196,0.4749713669743313,0.7147262914417887,0.4174319727891156,0.387353206865402,0.582492795389049,0.4510206028233499,0.3401158336653082,0.286018387116678,0.2723312433840892,0.2590707699676685
0.2094246236337389,0.3195768204346168,0.49828201845988,0.7461174138120937,0.3832482993197278,0.3979223125564589,0.6914625360230547,0.5120660053414727,0.3847945331412987,0.310853334978713,0.2779089650679912,0.2399712609268351
0.1768405856877707,0.2768776210446054,0.4893215657212153,0.7881925322172044,0.3754251700680272,0.3717253839205058,0.7323487031700289,0.5255150705837467,0.393987681181626,0.3109150367125316,0.2698477322693591,0.2216501017842174
0.1573520313466694,0.2592451391536408,0.489658424846729,0.8087895142636854,0.3671768707482992,0.3635953026196928,0.7531520172910664,0.5208889736741702,0.3897281892562744,0.3032640217190103,0.2603208207800667,0.2082984073763621
0.1497215920808414,0.2610560426991993,0.4959913764063868,0.8118735543562066,0.3600340136054421,0.3687443541102077,0.7833213256484152,0.5211274322777566,0.3890540250666503,0.2997161720244339,0.2567380506473414,0.2041072925398155
0.1434316353887399,0.2631528783835303,0.5015158660648117,0.8139662958475603,0.3539965986394557,0.3734417344173441,0.809978386167147,0.5274704311331553,0.3912603805963289,0.2992842598877029,0.2555573650354205,0.2021314812597293
0.1300268096514745,0.2539077392298894,0.5036717644680995,0.8264126005066637,0.3470238095238095,0.3704607046070461,0.8180835734870318,0.5269935139259825,0.3888395182790427,0.2954279015240328,0.249694650272779,0.193030774757514
0.1102289131779748,0.2378955394586351,0.505356060095668,0.8462385725300142,0.3378401360544217,0.3639566395663956,0.8138508645533141,0.5199828309805419,0.3826494652652223,0.2888875177392485,0.2393127595472681,0.1790204765896299
0.0986801402351,0.2288410217308425,0.5065013811224146,0.8576935785879501,0.332312925170068,0.360523938572719,0.8130403458213257,0.5167397939717665,0.3783593295130696,0.2842290368359351,0.2319029395000407,0.1692012932582924
0.1062074654567952,0.23570339306138,0.5064340092973119,0.8496530454895914,0.3355442176870747,0.3636856368563685,0.8269092219020173,0.5229397176650133,0.3810559862715656,0.2861109397174061,0.2340200309421056,0.1714764698838462
0.1142503608991544,0.2440907357987037,0.5071077275483392,0.8406212137900649,0.3383503401360543,0.3681120144534779,0.8420389048991356,0.5303796260969096,0.3861735053473478,0.2900598506818042,0.2385392069049751,0.1785414920368818
0.1107444833986389,0.2434235608082348,0.5089267668261133,0.8428240995704372,0.3357993197278911,0.3690153568202349,0.8470821325648416,0.5335272796642503,0.3878589158214078,0.2906151662861727,0.2393941861411937,0.1786013651059753
0.0990925964116312,0.2317003431185665,0.508185676749983,0.8558211256746336,0.3314625850340135,0.3629629629629629,0.8407780979827091,0.5272319725295689,0.3833849171084485,0.2852779663108533,0.2333279048937382,0.1684229433600766
0.0937306661167251,0.2296035074342355,0.5102068315030654,0.8598964643683225,0.3279761904761905,0.3633242999096657,0.8383465417867435,0.5230351011064479,0.3801979591211351,0.2816375640155489,0.2282387427733898,0.161238175068854
0.1005361930294906,0.2433282500953106,0.5154618338610792,0.848331314021368,0.3274659863945578,0.3733514001806684,0.8494236311239193,0.5268504387638306,0.3823736708240125,0.2839513790337509,0.2304372608093803,0.1647108130762782
0.1100226850897092,0.2535264963781928,0.5165397830627231,0.8373168851195064,0.3306972789115646,0.3789521228545618,0.8610410662824208,0.5332888210606639,0.386571875095762,0.287900289998149,0.2358521293054311,0.1721949467129685
0.1043514126624046,0.2491422035836827,0.5171461294886478,0.8429342438594559,0.3279761904761905,0.3772357723577236,0.86032060518732,0.5329072872949255,0.3862654368277511,0.2874375269945086,0.2349971500692125,0.1715962160220333
0.0887811919983501,0.2358940144872283,0.5179545913898808,0.8589051657671549,0.3210034013605441,0.3714543812104788,0.8499639769452451,0.5265165967188097,0.3821591640364049,0.2827481952242858,0.2285237358521293,0.1617770326906957
0.0847597442771705,0.2377049180327868,0.5219295290709425,0.860006608657341,0.3169217687074829,0.3749774164408311,0.8447406340057637,0.521032048836322,0.3803205344283394,0.2804652310729931,0.22473739923459,0.1568674410250269
0.0944524644256547,0.257910789172703,0.5298120326079633,0.8431545324374932,0.3159013605442176,0.3898825654923216,0.8394272334293948,0.5214135826020603,0.3823736708240125,0.2832726599617449,0.2290530087126455,0.1638127170398754
0.1023922458238812,0.2678231033168127,0.5316310718857373,0.8331314021367991,0.3180272108843537,0.3958446251129178,0.8334834293948127,0.5225581838992751,0.3841816566052769,0.286018387116678,0.2334500447846266,0.1705185007783498
0.099195710455764,0.2595310712924132,0.5278582496799838,0.8396299151888974,0.319047619047619,0.3893405600722673,0.8293407780979828,0.521699732926364,0.3827413967456256,0.28447584377121,0.2311701001547105,0.1680038318764219
0.0865126830274283,0.2441860465116278,0.5253654921511823,0.8552704042295406,0.3154761904761904,0.380397470641373,0.8176332853025937,0.5158813429988554,0.378481904820274,0.2794163015980749,0.2248595391254783,0.1583642677523649
0.0790884718498659,0.2373236751810903,0.5252981203260796,0.863200793038881,0.3124149659863945,0.3771454381210479,0.8153818443804035,0.5136398321251431,0.3770416449606227,0.2770099339791448,0.2220910349320087,0.1527960723266674
0.0882656217776861,0.2504765535646206,0.528599339756114,0.8507544883797775,0.3141156462585034,0.385546522131888,0.827899855907781,0.5206505150705838,0.3811172739251678,0.2809279940766336,0.2267730640827294,0.1599209675487965
0.0959991750876469,0.2585779641631718,0.5292730580071414,0.8419429452582883,0.3168367346938775,0.3898825654923216,0.8434798270893372,0.5291873330789775,0.3863573683081543,0.2854630715123095,0.2326357788453708,0.1671656089091126
0.0883687358218189,0.252954632100648,0.5302836353836825,0.8492124683335168,0.313095238095238,0.3878952122854562,0.8489733429394812,0.5322872949256009,0.3878282719946067,0.286357746652681,0.2332057650028499,0.1665668782181774
0.0811507527325221,0.2427563858177658,0.527790877854881,0.8590153100561736,0.311734693877551,0.38130081300813,0.8447406340057637,0.529282716520412,0.3852541905433151,0.2831492564941075,0.2283608826642781,0.1600407136869835
0.0878531656011548,0.2411361036980556,0.5221990163713535,0.8563718471197268,0.3179421768707482,0.3768744354110208,0.8424891930835736,0.5297119420068677,0.3849783961021052,0.2826556426235577,0.2265287843009526,0.1599209675487965
0.1051763250154671,0.2480937857415173,0.515798692986593,0.8431545324374932,0.3291666666666666,0.3757904245709123,0.8562680115273775,0.5414917970240367,0.3908620108479147,0.2876843339297834,0.2323507857666313,0.1692012932582924
0.1149721592080841,0.2488562714449103,0.5099373442026544,0.8374270294085252,0.3369047619047619,0.37226738934056,0.8724783861671471,0.552651659671881,0.3976649403977569,0.292620472635281,0.2393127595472681,0.1784816189677882
0.1121880800164982,0.239992375142966,0.5055581755709762,0.844035686749642,0.3385204081632653,0.3651309846431798,0.8774315561959655,0.5565146890499809,0.399380994698618,0.2932374899734683,0.2404120185652634,0.1794994611423781
0.1033202722210765,0.2256957682043461,0.5012463787644007,0.8570327128538384,0.3375850340136054,0.3554652213188798,0.8731988472622478,0.5526993513925983,0.3948150645052554,0.2887024125377923,0.2336536112694405,0.170997485331098
0.1012579913384203,0.2178802897445672,0.4970693256080307,0.8626500715937879,0.3393707482993197,0.3489611562782294,0.8759005763688762,0.5547977871041587,0.3938038182208194,0.2859566853828593,0.2298265613549385,0.1668063704945515
0.1117756238399669,0.2271254288982081,0.4966650946574142,0.851745786980945,0.3439625850340135,0.3530261969286359,0.8926512968299714,0.5643838229683327,0.3988906934698005,0.2884864564694268,0.233572184675515,0.1715363429529397
0.1196122911940606,0.2381814715974075,0.4993599676615239,0.841171935235158,0.3454931972789115,0.3601626016260162,0.9079610951008646,0.5733498664631821,0.4044678699475991,0.2922811130992782,0.2393534728442309,0.1798586995569392
0.1152815013404825,0.2339878002287456,0.4992925958364211,0.8457979953739398,0.3437925170068026,0.3580849141824751,0.9086815561959656,0.5742083174360931,0.4040082125455827,0.2904917628185352,0.2366256819477241,0.1777032690695725
0.102495359868014,0.2165459397636293,0.4953176581553594,0.8627602158828064,0.3409863945578231,0.3471544715447154,0.9038184438040346,0.5697729874093858,0.3981858854533754,0.2832726599617449,0.2260402247373992,0.1647706861453718
0.0966178593524438,0.2102554327106366,0.4947113117294347,0.8695891618019604,0.3389455782312924,0.3438121047877145,0.9086815561959656,0.5700114460129722,0.3954279410412772,0.2781205651878818,0.2195668105203159,0.1555502335049694
0.1085790884718498,0.2186427754479603,0.4928249006265579,0.8582443000330433,0.3450680272108843,0.3465221318879855,0.927863832853026,0.5811236169400993,0.4010357613458769,0.2797556611340779,0.2225388811985994,0.1607591905161058
0.1210558878119199,0.2266488753335874,0.4903321430977564,0.8470095825531446,0.3517857142857142,0.3485998193315267,0.9438040345821326,0.5919496375429226,0.4068887322648853,0.2824396865551922,0.2266102108948782,0.1687223087055442
0.1181686945762012,0.2222645825390773,0.4891194502459071,0.8510849212468333,0.351360544217687,0.3457091237579042,0.9431736311239194,0.5933326974437237,0.4064290748628689,0.2800950206700808,0.2247781125315528,0.1674649742545802
0.1065168075891936,0.2125428898208158,0.4898605403220373,0.8628703601718252,0.3460884353741496,0.3416440831074977,0.9357889048991356,0.5895173597863411,0.4023228020715227,0.2749429258962177,0.2191189642537252,0.1602802059633576
0.108475974427717,0.2111132291269538,0.4875698982685441,0.8627602158828064,0.3482993197278911,0.3393857271906052,0.9317363112391932,0.5906619610835558,0.4015873502282965,0.2718886900721911,0.2166354531389951,0.1571668063704945
0.1193029490616622,0.219881814715974,0.4866940645422084,0.8518559312699636,0.3533163265306122,0.3429990966576332,0.9451548991354468,0.6002479969477299,0.4066435816504766,0.2750663293638551,0.2209917759140135,0.1635133516944078
0.1297174675190761,0.2295081967213114,0.4866940645422084,0.8407313580790835,0.3576530612244897,0.3475158084914182,0.9588436599423632,0.6102632582983594,0.4123126896086784,0.2796014067995311,0.2262030779252503,0.1723146928511555
0.129201897298412,0.2289363324437666,0.4866266927171057,0.8413922238131952,0.3574829931972789,0.3471544715447154,0.9440742074927954,0.6092617321632965,0.4131707167591089,0.2793854507311656,0.2266102108948782,0.1730930427493713
0.1230150546504433,0.2261723217689667,0.4886478474701879,0.8462385725300142,0.353656462585034,0.3472448057813911,0.914985590778098,0.6012495230827928,0.4106579229614194,0.27676312704387,0.2225388811985994,0.1677643396000478
0.1273458445040214,0.2337018680899732,0.4912753486491948,0.8396299151888974,0.3537414965986394,0.3525745257452575,0.9009365994236312,0.6017264402899657,0.4128029908374958,0.2783673721231567,0.2239231332953342,0.1692012932582924
0.1437409775211383,0.2541936713686618,0.4949807990298456,0.8190329331424165,0.3581632653061224,0.3647696476964769,0.9045389048991356,0.6112647844334224,0.4214445499954035,0.287560930462146,0.2355671362266916,0.1827924799425218
0.1562177768612085,0.2764963781929088,0.5025938152664555,0.7994272496971031,0.3585884353741496,0.380397470641373,0.9088616714697408,0.6201354444868371,0.4312199307449514,0.2992534090207935,0.2489618109274489,0.199916177703269
0.1608579088471849,0.2872664887533358,0.507175099373442,0.7907258508646327,0.3575680272108843,0.3886178861788618,0.8978746397694525,0.6199923693246853,0.4359084362455184,0.3069661257481335,0.2588144287924436,0.2084181535145491
0.1561146628170756,0.2862180709111704,0.509533113252038,0.7939200352461724,0.3541666666666666,0.3897018970189702,0.8785122478386167,0.6114555513162915,0.4342230257714584,0.3106065280434381,0.2618679260646527,0.2090168842054843
0.1563208909053413,0.2840259245139153,0.5079161894495722,0.7950214781363586,0.3551870748299319,0.387624209575429,0.8704971181556197,0.6079740557039298,0.4358777924187173,0.3157894736842105,0.2667128084032245,0.2129685067656568
0.1738502784079191,0.2941288600838733,0.5036043926429967,0.7798215662517898,0.3651360544217686,0.3895212285456187,0.8746397694524496,0.6108355589469668,0.441516256550118,0.3260936632319369,0.2783160980376191,0.2263800742426056
0.1917921220870282,0.3048036599313762,0.4993599676615239,0.7640709329221279,0.3752551020408163,0.3916892502258355,0.8765309798270894,0.6100724914154904,0.4442435571354151,0.3347936077003764,0.2895936812963113,0.2395521494431804
0.1904516395133017,0.3023255813953487,0.4984841339351882,0.7661636744134817,0.3752551020408163,0.3899728997289972,0.8631123919308359,0.6007249141549027,0.4407501608800908,0.3369223175171222,0.2926064652715577,0.2423063106214824
0.1794184367910909,0.2946054136484941,0.5002358013878595,0.7765172375812314,0.3696428571428571,0.3874435411020776,0.8414985590778098,0.5860835558946967,0.43342628627463,0.3344542481643734,0.289471541405423,0.2357801460902886
0.1762219014229737,0.2945101029355699,0.5022569561409418,0.7783896904945479,0.3670068027210884,0.3887082204155374,0.8315021613832854,0.5758298359404808,0.428707136947262,0.3331893626210896,0.2885758488722416,0.2327266195665189
0.1846772530418642,0.3061380099123141,0.5050192009701542,0.7671549730146492,0.3687074829931973,0.3961156278229449,0.8381664265129682,0.5758298359404808,0.4298409585389023,0.3367372123156661,0.2944792769318459,0.2396718955813674
0.1888018148071767,0.311856652687762,0.5062992656471063,0.7615376142746998,0.3696428571428571,0.3996386630532972,0.8482528818443805,0.5769744372376956,0.4301780406337144,0.3392052816684149,0.2988355997068642,0.2462579331816549
0.1773561559084347,0.3021349599695005,0.506905612073031,0.7733230531996915,0.3645408163265305,0.395483288166215,0.8469920749279539,0.570488363220145,0.4252443845187387,0.3362744493120256,0.2965556550769481,0.241228595377799
0.1632295318622396,0.2873617994662599,0.5056929192211816,0.7894041193964092,0.3595238095238094,0.387624209575429,0.838706772334294,0.5614746280045784,0.4180737290472834,0.3299500215956069,0.2883722823874277,0.2296730930427493
0.1551866364198804,0.2725886389630194,0.5005052886882706,0.8022910012115871,0.359438775510204,0.3771454381210479,0.8411383285302594,0.5576115986264785,0.4132320044127111,0.3254457950268403,0.2831609803761908,0.2216501017842174
0.1605485667147865,0.2713495996950056,0.4961261200565923,0.8000881154312148,0.3643707482993197,0.3737127371273713,0.8550972622478387,0.5595669591758871,0.4129562099715013,0.325507496760659,0.2834052601579676,0.2222488324751526
0.1649824706124974,0.2720167746854746,0.4937007343528936,0.7973345082057495,0.3677721088435373,0.3723577235772357,0.8650036023054756,0.5613315528424266,0.4137223056415285,0.3265255753686679,0.2850337920364791,0.2266794395880733
0.1545679521550835,0.2623903926801372,0.4937007343528936,0.8084590813966295,0.3635204081632652,0.3678410117434508,0.861671469740634,0.5566100724914155,0.4110869365366347,0.3237181464799161,0.2803110495887956,0.2213507364387498
0.1400288719323572,0.2488562714449103,0.4936333625277908,0.8240995704372728,0.3574829931972789,0.3613369467028003,0.8493335734870318,0.5485978634109119,0.4063064995556645,0.3188437095082372,0.2733083625111961,0.2115315531074122
0.1361105382553103,0.2495234464353792,0.4966650946574142,0.825751734772552,0.3539965986394557,0.3636856368563685,0.8470821325648416,0.5450209843571157,0.4035179113167653,0.3166532979576726,0.2705398583177265,0.2075200574781463
0.143947205609404,0.2677277926038886,0.5044128545442296,0.8109924000440577,0.3523809523809523,0.3775067750677507,0.8558177233429395,0.5476917207172836,0.4052033217908253,0.3191522181773308,0.2740412018565263,0.2141659681475272
0.1528150134048257,0.282405642394205,0.508994138651216,0.797775085361824,0.3531462585034013,0.3875338753387534,0.8635626801152738,0.5519362838611217,0.40814512916373,0.3226692170049979,0.2791303639768748,0.2207520057478146
0.1485873375953804,0.2832634388105222,0.5123627299063531,0.7996475382751405,0.349234693877551,0.3901535682023487,0.8569884726224785,0.5496470812666922,0.4073483896669016,0.3218979453322638,0.2783568113345818,0.2198539097114117
0.1377603629614353,0.2764963781929088,0.514720743784949,0.8093402357087786,0.34328231292517,0.3885275519421861,0.8385266570605188,0.5420640976726441,0.4039469248919805,0.3183809465045968,0.27351192899601,0.213567237456592
0.1373479067849041,0.2807853602744948,0.5179545913898808,0.8070272056393876,0.3410714285714285,0.3927732610659439,0.8283501440922191,0.5385826020602824,0.4023228020715227,0.316344789288579,0.2719648237114241,0.2106334570710094
0.1463188286244586,0.2919367136866183,0.5199757461429629,0.7957924881594889,0.3435374149659864,0.39936766034327,0.8317723342939481,0.5414441053033193,0.4041307878527871,0.3191830690442402,0.2759547268137773,0.2160819063585199
0.1475561971540523,0.2986084635913076,0.523883311998922,0.7912765723097257,0.3415816326530612,0.4052393857271906,0.8298811239193085,0.5419210225104922,0.4057242668464438,0.3212809279940767,0.2793746437586515,0.2203927673332535
0.1391008455351619,0.2915554708349218,0.5244896584248466,0.7998678268531776,0.3376700680272109,0.4022583559168925,0.8192543227665707,0.5361026325829836,0.4023534458983238,0.3190288147096934,0.2762397198925169,0.216441144773081
0.1321922045782635,0.2871711780404117,0.5257697231017988,0.8061460513272386,0.3340136054421768,0.4009936766034327,0.8017831412103746,0.5273273559710034,0.3968069132473263,0.314802245943111,0.2702141519420242,0.2081187881690815
0.1320890905341307,0.2954632100648112,0.5318331873610456,0.8012997026104196,0.3301870748299319,0.40903342366757,0.795749279538905,0.5267550553223961,0.3968375570741275,0.3145862898747455,0.2697663056754336,0.2066219614417435
0.1425036089915446,0.3076629813191002,0.5335848548137169,0.7887432536622976,0.3333333333333332,0.4159891598915989,0.8043047550432277,0.5329072872949255,0.4006986792510649,0.318997963842784,0.2751404608745216,0.213567237456592
0.1513714167869663,0.3145253526496377,0.5325742774371757,0.780041854829827,0.3376700680272109,0.4186088527551942,0.8171829971181557,0.5411102632582984,0.4055097600588362,0.3238106990806442,0.2806774692614608,0.2210513710932822
0.1506496184780366,0.307567670606176,0.5281951088054975,0.7844476263905716,0.3401360544217687,0.4123757904245709,0.8131304034582134,0.5408241129339947,0.4059694174608525,0.3235638921453693,0.280433189479684,0.2205125134714405
0.1455970303155289,0.2968928707586732,0.5239506838240248,0.7933693138010793,0.3406462585034013,0.4044263775971093,0.7989012968299712,0.5340995803128578,0.4023534458983238,0.319769235515518,0.2755475938441495,0.2148245719075559
0.1450814600948649,0.2936523065192527,0.5219969008960452,0.795462055292433,0.341751700680272,0.4016260162601626,0.7955691642651297,0.5325734452499046,0.4008212545582693,0.3185969025729623,0.2744483348261542,0.2126092683510956
0.1565271189936069,0.3027068242470453,0.5209189516944014,0.7841171935235158,0.3471088435374149,0.4051490514905148,0.8061959654178674,0.5387733689431515,0.4055404038856373,0.3232553834762757,0.2800667698070189,0.2199736558495988
0.1641575582594349,0.3032786885245901,0.516337667587415,0.7797114219627712,0.3531462585034013,0.4023486901535681,0.8204250720461096,0.5458794353300268,0.4095853890233812,0.3273893996421299,0.2852780718182558,0.2259010896898575
0.15590843472881,0.2871711780404117,0.5103415751532709,0.793479458090098,0.3534863945578231,0.3906955736224028,0.8233069164265131,0.5460225104921785,0.4083902797781387,0.3264330227679398,0.2834866867518931,0.2236259130643036
0.143947205609404,0.2700152497140678,0.5060297783466954,0.8097808128648528,0.3512755102040816,0.3796747967479675,0.817813400576369,0.5403948874475392,0.4048049520424111,0.3225766644042698,0.2788860841950981,0.2160819063585199
0.1430191792122087,0.2664887533358749,0.5041433672438186,0.812314131512281,0.352125850340136,0.3766937669376693,0.8213256484149856,0.5382964517359786,0.4035485551435664,0.3212809279940767,0.2775832586922889,0.2137468566638725
0.1542586100226851,0.2746854746473503,0.5025938152664555,0.8015199911884568,0.3577380952380952,0.3795844625112918,0.8346541786743517,0.5442102251049218,0.4064903625164711,0.3244277164188314,0.2816545883885676,0.2206921326787211
0.1611672509795834,0.2770682424704536,0.4997641986121403,0.7964533538936005,0.362329931972789,0.3787714543812105,0.8504142651296831,0.5492655475009539,0.4100756902521987,0.3270808909730364,0.2849523654425535,0.2265596934498862
0.1543617240668179,0.2712542889820815,0.5001010577376541,0.8035025883907918,0.3593537414965986,0.3762420957542909,0.8538364553314122,0.5460702022128958,0.4083596359513376,0.3250447337570186,0.2821431479521211,0.2220093401987785
0.1429160651680759,0.2621044605413648,0.5011116351141952,0.8148474501597092,0.3539965986394557,0.3726287262872629,0.8445605187319886,0.539536436474628,0.4038549934115772,0.3208490158573456,0.2760768667046657,0.2128487606274697
0.1425036089915446,0.2623903926801372,0.5015158660648117,0.8148474501597092,0.3535714285714285,0.3730803974706413,0.8360951008645534,0.5355303319343763,0.4008825422118715,0.318658604306781,0.2731047960263822,0.2092563764818584
0.1503402763456382,0.2731605032405642,0.5040759954187158,0.8044938869919595,0.3551870748299319,0.3798554652213189,0.8397874639769453,0.5388210606638688,0.4034872674899642,0.3211575245264392,0.2770132725348098,0.2150041911148365
0.1558053206846772,0.2844071673656118,0.5083877922252914,0.7951316224253772,0.3547619047619048,0.3880758807588075,0.8497838616714698,0.5430656238077071,0.4071645267060951,0.3250138828901092,0.2818581548733816,0.2215902287151239
0.1502371623015055,0.2797369424323293,0.5087920231759078,0.8007489811653266,0.3522108843537414,0.3860885275519422,0.8453710374639769,0.5394410530331935,0.4048968835228143,0.3236872956130068,0.2794560703525771,0.2179379715004191
0.1399257578882243,0.2683949675943575,0.5075119584989557,0.8128648529573741,0.3487244897959183,0.3799457994579945,0.8297910662824208,0.5316673025562763,0.4002083780222474,0.3188745603751466,0.272941942838531,0.2093162495509519
0.1411631264178181,0.2745901639344262,0.511082665229401,0.8085692256856483,0.3470238095238095,0.3851851851851852,0.8203350144092221,0.528758107592522,0.3993503508718169,0.317116060961313,0.2711098444752056,0.2079391689618009
0.1525056712724273,0.2935569958063286,0.5171461294886478,0.7914968608877629,0.3478741496598639,0.3982836495031617,0.8237572046109511,0.5337180465471195,0.4028437471271412,0.3204171037206146,0.2772982656135493,0.2154233025984911
0.1573520313466694,0.3026115135341212,0.5203126052684767,0.7837867606564599,0.3477891156462585,0.4046973803071363,0.8298811239193085,0.5371518504387638,0.4051420341372231,0.3231319800086383,0.2823060011399723,0.2226080708897138
0.151577644875232,0.2994662600076248,0.5218621572458397,0.7886331093732789,0.3444727891156462,0.4042457091237579,0.8232168587896254,0.533479587943533,0.4026598841663347,0.3215277349293515,0.2801889096979073,0.220452640402347
0.1398226438440915,0.2910789172703011,0.523613824698511,0.799757682564159,0.3385204081632653,0.4014453477868112,0.8088976945244958,0.5247043113315529,0.3975117212637514,0.3169926574936756,0.2743669082322286,0.2134474913184049
0.1378634770055681,0.2966069386199008,0.5288014552314222,0.7976649410728054,0.334438775510204,0.4075880758807588,0.8032240634005764,0.5204597481877147,0.3950295712928631,0.3151416054791139,0.2726569497597915,0.2100945994491677
0.1479686533305836,0.3115707205489896,0.532776392912484,0.7835664720784227,0.3360544217687074,0.4173441734417344,0.8126801152737754,0.5273273559710034,0.3990745564306071,0.3191830690442402,0.2784789512254702,0.2170398754640162
0.1530212414930913,0.3111894776972931,0.5292056861820386,0.7811432977200131,0.340391156462585,0.4147244805781391,0.8224063400576369,0.5337657382678367,0.4022308705911194,0.3218979453322638,0.2812474554189398,0.2225481978206202
0.1474530831099195,0.3005146778497903,0.5252981203260796,0.7901751294195396,0.3405612244897958,0.4070460704607045,0.8209654178674352,0.5322872949256009,0.4006373915974627,0.3198000863824273,0.2780718182558424,0.2200934019877858
0.1385852753144978,0.2886008387342736,0.5226706191470727,0.8018504240555127,0.3386054421768707,0.3996386630532972,0.8125000000000001,0.5268027470431134,0.3968069132473263,0.3159745788856667,0.2730640827294194,0.2121302837983475
0.1405444421530212,0.290983606557377,0.5230748500976892,0.7994272496971031,0.3391156462585034,0.4010840108401083,0.8041246397694525,0.5243227775658146,0.3949069959856587,0.3150490528783859,0.2719648237114241,0.2103939647946353
0.1528150134048257,0.3074723598932519,0.5267129286532373,0.7833461835003855,0.341921768707483,0.4112917795844625,0.8106988472622478,0.5300457840518886,0.3994116385254191,0.3195224285802431,0.2773389789105121,0.2188959406059154
0.157558259434935,0.3089973313000381,0.524691773900155,0.7799317105408083,0.3451530612244897,0.4106594399277326,0.8172730547550433,0.5325734452499046,0.4008212545582693,0.320972419324983,0.2805146160736096,0.2239252784097712
0.1491029078160445,0.2977506671749904,0.5222663881964562,0.7909461394426699,0.3431972789115646,0.4037037037037037,0.8115994236311239,0.5263258298359405,0.3960408175772991,0.3167149996914913,0.2761582932985913,0.2188959406059154
0.1381728191379665,0.2875524208921082,0.5221990163713535,0.8026214340786431,0.3387755102040816,0.3988256549232159,0.8030439481268011,0.5199828309805419,0.3913216682499311,0.3117480101190844,0.2706619982086149,0.2107532032091965
0.1397195297999587,0.2897445672893632,0.5227379909721754,0.8005286925872893,0.3390306122448979,0.4001806684733514,0.8071865994236312,0.5199828309805419,0.3911378052891245,0.3120256679212686,0.2699698721602475,0.2088372649982038
0.1485873375953804,0.2981319100266869,0.5229401064474837,0.7909461394426699,0.342517006802721,0.4043360433604336,0.8242975504322767,0.5283765738267837,0.3964698311525144,0.317116060961313,0.2757104470320006,0.2170398754640162
0.1533305836254897,0.2987990850171558,0.5202452334433739,0.7880823879281859,0.3462585034013605,0.4028906955736224,0.8387968299711815,0.5359118657001145,0.4007599669046671,0.3200468933177023,0.2798224900252422,0.2236259130643036
0.1416786966384821,0.2794510102935569,0.5141817691841272,0.805485185593127,0.3452380952380952,0.3896115627822945,0.8364553314121037,0.5325257535291873,0.3974197897833482,0.3168075522922194,0.2753033140623727,0.2162615255658005
0.1297174675190761,0.2598170034311856,0.5080509330997777,0.8232184161251238,0.3441326530612245,0.3762420957542909,0.821235590778098,0.5221289584128196,0.3899733398706831,0.3091873881656075,0.2665499552153733,0.2044665309543767
0.1283769849453495,0.258673274876096,0.508185676749983,0.8245401475933473,0.3435374149659864,0.3757000903342366,0.8177233429394812,0.5186951545211751,0.386939601017375,0.306318257543037,0.2622343457373178,0.1993773200814273
0.1403382140647556,0.2685855890202058,0.5073772148487502,0.8125344200903183,0.3489795918367346,0.3798554652213189,0.8285302593659942,0.5243704692865319,0.3900039836974842,0.3096193003023386,0.2665092419184105,0.2051850077834989
0.147762425242318,0.2727792603888677,0.5055581755709762,0.8061460513272386,0.3531462585034013,0.3806684733514002,0.8369056195965417,0.5299504006104541,0.3930070787239911,0.31292034306164,0.2716798306326846,0.2114716800383187
0.1395133017116931,0.2646778497903164,0.5051539446203597,0.815177883026765,0.3500850340136054,0.3765130984643179,0.8254682997118157,0.523368943151469,0.3897281892562744,0.3096810020361572,0.2684227668756616,0.2063824691653694
0.1290987832542792,0.2566717499046893,0.5062992656471063,0.8254213019054961,0.3449829931972789,0.3735320686540198,0.8097982708933719,0.514450591377337,0.3851316152361107,0.3050225211328438,0.2629264717856852,0.1987785893904921
0.1317797484017323,0.2619138391155166,0.5083204204001887,0.8209053860557329,0.344812925170068,0.3774164408310749,0.8036743515850144,0.5126383059900802,0.3847945331412987,0.304775714197569,0.2630486116765735,0.1985989701832115
0.1413693545060837,0.2784979031643156,0.5137101664084079,0.8062561956162573,0.3454081632653061,0.3888888888888889,0.8089877521613833,0.5170736360167875,0.3886250114914351,0.3093724933670636,0.2684227668756616,0.2062627230271823
0.1465250567127242,0.2876477316050324,0.5168092703631341,0.7982156625178984,0.3455782312925169,0.3952122854561879,0.8124099423631124,0.5206505150705838,0.391965188612754,0.3131362991300056,0.2729012295415682,0.2117710453837863
0.1385852753144978,0.2825962638200533,0.5184261941655999,0.8052648970150897,0.3413265306122449,0.3939476061427281,0.8073667146974065,0.5192197634490653,0.3910458738087213,0.3122107731227247,0.2716798306326846,0.2088372649982038
0.1304392658280057,0.2784025924513915,0.5207842080441959,0.8120938429342438,0.3364795918367347,0.3934959349593496,0.7952989913544669,0.5138782907287295,0.3885024361842307,0.3096193003023386,0.2679342073121081,0.2038079271943479
0.1420911528150134,0.2907929851315287,0.5219969008960452,0.7986562396739728,0.3404761904761904,0.4002710027100271,0.7949387608069165,0.5148798168637925,0.3898201207366776,0.3107916332448942,0.2700920120511359,0.2059034846126212
0.1610641369354505,0.3088067098741898,0.5222663881964562,0.7781694019165106,0.3481292517006802,0.4089430894308943,0.8047550432276657,0.5237504769172072,0.3954892286948794,0.3170235083605849,0.2772575523165866,0.2163812717039875
0.1667354093627552,0.3072817384674037,0.5174829886141615,0.7759665161361382,0.3534863945578231,0.4049683830171635,0.8120497118155621,0.5317149942769935,0.3993197070450158,0.3204171037206146,0.2813288820128654,0.2241048976170518
0.1576613734790678,0.2910789172703011,0.5119584989557366,0.7902852737085582,0.3532312925170067,0.393676603432701,0.8101585014409223,0.5301411674933232,0.3976036527441547,0.3177330782995002,0.2779089650679912,0.2185965752604478
0.1400288719323572,0.2731605032405642,0.5108805497540928,0.8100011014428901,0.3466836734693877,0.3843721770551039,0.808627521613833,0.5238458603586418,0.3931296540311955,0.3125809835256371,0.2707841380995033,0.208058915099988
0.138482161270365,0.2703964925657643,0.5098699723775517,0.8124242758012996,0.3465986394557822,0.3823848238482384,0.809077809798271,0.5222243418542541,0.3910458738087213,0.3108224841118036,0.2689520397361778,0.2053646269907795
0.1467312848009899,0.2826915745329774,0.5131711918075861,0.8009692697433638,0.3479591836734693,0.3905149051490515,0.8231268011527378,0.530284242655475,0.3958875984432936,0.3157277719503918,0.2742447683413402,0.2132678721111244
0.1522994431841616,0.2916507815478459,0.515798692986593,0.7927084480669677,0.3485544217687074,0.3964769647696477,0.8343840057636889,0.5360549408622663,0.4008212545582693,0.3204171037206146,0.2801074831039817,0.2206322596096275
0.1449783460507321,0.2849790316431566,0.5159334366367985,0.8005286925872893,0.3454931972789115,0.3934056007226738,0.828800432276657,0.5310473101869516,0.3973891459565471,0.3180107361016845,0.2767282794560703,0.2166207639803616
0.1320890905341307,0.274494853221502,0.5169440140133396,0.8134155744024671,0.3395408163265305,0.3891598915989159,0.8147514409221902,0.522367417016406,0.3904942849263016,0.3119331153205405,0.2699698721602475,0.2067417075799305
0.1326046607547948,0.2794510102935569,0.5201778616182712,0.810331534309946,0.3376700680272109,0.393676603432701,0.8158321325648414,0.5213181991606258,0.3900652713510864,0.3110692910470785,0.2690334663301034,0.205424500059873
0.1450814600948649,0.2929851315287838,0.521525298120326,0.7957924881594889,0.3420068027210884,0.400903342366757,0.8257384726224785,0.5279473483403281,0.3940489688352281,0.3152033072129327,0.2744076215291914,0.2126092683510956
0.1511651886987007,0.2949866565001905,0.5189651687664218,0.7913867165987444,0.346173469387755,0.4001806684733514,0.8302413544668589,0.5315242273941244,0.3960408175772991,0.3171777626951317,0.27774611188014,0.2175787330858579
0.1393070736234275,0.2801181852840259,0.5162029239372095,0.8063663399052758,0.3429421768707483,0.3913279132791328,0.8217759365994236,0.5269935139259825,0.3922409830539638,0.3136607638674647,0.2733083625111961,0.2112920608310382
0.1254897917096308,0.267251239039268,0.5161355521121067,0.8212358189227889,0.3373299319727891,0.3850948509485094,0.808627521613833,0.5182659290347196,0.3868170257101707,0.3082618621583267,0.2657356892761175,0.199796431565082
0.1295112394308104,0.268013724742661,0.5139796537088189,0.8185923559863421,0.340391156462585,0.384010840108401,0.8107889048991356,0.5178843952689813,0.3863267244813533,0.3074597396186833,0.2646364302581223,0.1996766854268949
0.1437409775211383,0.2745901639344262,0.5093983696018325,0.8072474942174248,0.3491496598639456,0.3841011743450768,0.8233069164265131,0.5245135444486837,0.3903410657922961,0.3106990806441661,0.2697663056754336,0.2071608190635852
0.1497215920808414,0.2777354174609225,0.5077140739742639,0.8021808569225685,0.3526360544217687,0.3844625112917795,0.8297010086455333,0.5272319725295689,0.3920571200931573,0.3132288517307336,0.2729826561354938,0.2118907915219734
0.1411631264178181,0.2700152497140678,0.5078488176244694,0.811212688622095,0.3489795918367346,0.3808491418247516,0.8200648414985591,0.5216043494849294,0.3889620935862471,0.3102671685074351,0.2689520397361778,0.2070410729253981
0.128686327077748,0.2571483034693099,0.506905612073031,0.8253111576164776,0.3444727891156462,0.3741644083107497,0.807006484149856,0.5125429225486456,0.3826494652652223,0.3037576355895601,0.2610129468284342,0.1953658244521614
0.1249742214889668,0.2630575676706061,0.5135080509330997,0.8238792818592355,0.3387755102040816,0.3813911472448058,0.8092579250720462,0.5130675314765357,0.3825575337848191,0.3036342321219226,0.2601579675922156,0.1939887438630104
0.1342544854609197,0.2747807853602744,0.5157313211614902,0.8120938429342438,0.3411564625850339,0.3884372177055104,0.8154719020172911,0.5158336512781382,0.3858364232525358,0.3067810205466774,0.2645957169611594,0.2006346545323913
0.1409568983295524,0.2788791460160121,0.5141817691841272,0.8061460513272386,0.3448979591836735,0.3893405600722673,0.8193443804034583,0.5201259061426936,0.3884717923574296,0.3101129141728883,0.2695627391906197,0.2063225960962759
0.1336358011961229,0.2693480747235989,0.5122953580812504,0.8156184601828395,0.3431122448979591,0.3835591689250225,0.8106087896253603,0.5169305608546357,0.3866025189225631,0.3090022829641513,0.2675270743424802,0.2030295772961321
0.1257991338420293,0.2582920320243995,0.509533113252038,0.8261923119286264,0.3415816326530612,0.3765130984643179,0.7962896253602305,0.5103491033956505,0.3827413967456256,0.3048991176652064,0.2624379122221317,0.1958448090049095
0.1300268096514745,0.2630575676706061,0.5102068315030654,0.8212358189227889,0.3429421768707483,0.3791327913279132,0.7937680115273776,0.5106352537199542,0.3837832868568627,0.3061023014746714,0.2632114648644247,0.1963836666267512
0.1454939162713961,0.2844071673656118,0.5151923465606683,0.8005286925872893,0.346173469387755,0.3926829268292683,0.8075468299711815,0.5193151468904998,0.3899120522170809,0.3120256679212686,0.27102841788128,0.2075200574781463
0.155392864508146,0.3007052992756385,0.5202452334433739,0.7858795021478135,0.3471088435374149,0.4037037037037037,0.8214157060518733,0.5261350629530713,0.3947537768516532,0.3169926574936756,0.2772575523165866,0.2147048257693689
0.1462157145803258,0.2959397636294318,0.5228053627972782,0.7935896023791166,0.3416666666666666,0.4031616982836495,0.8242074927953892,0.5271842808088516,0.394692489198051,0.316344789288579,0.2758733002198518,0.2122500299365345
0.1342544854609197,0.289553945863515,0.5261739540524152,0.8036127326798106,0.3346088435374149,0.4024390243902438,0.8179935158501442,0.5221766501335369,0.3911378052891245,0.3127969395940026,0.2707027115055777,0.2035085618488803
0.1341513714167869,0.2929851315287838,0.5286667115812167,0.8016301354774754,0.3329931972789115,0.4057813911472447,0.8179935158501442,0.5200782144219764,0.3900346275242853,0.3115937557845376,0.2688706131422522,0.2014728774997006
0.1480717673747164,0.3058520777735417,0.5286667115812167,0.7867606564599625,0.3387755102040816,0.4118337850045168,0.8281700288184438,0.527088897367417,0.3949376398124598,0.3159745788856667,0.2755068805471867,0.2108729493473835
0.1545679521550835,0.3187190240182996,0.5335174829886141,0.7759665161361382,0.3383503401360543,0.4211382113821137,0.834113832853026,0.5318580694391454,0.3994422823522202,0.3209107175911643,0.2814103086067909,0.2181175907076996
0.1440503196535368,0.3125238276782309,0.5359428686923129,0.7851084921246833,0.3324829931972789,0.4198735320686539,0.8215958213256483,0.5259919877909195,0.3967149817669231,0.3183500956376874,0.2782346714436935,0.213686983594779
0.1322953186223963,0.3009912314144109,0.5354712659165937,0.7981055182288798,0.3279761904761905,0.4140921409214091,0.8077269452449568,0.5189813048454789,0.3930990102043943,0.31437033380638,0.2734305024020845,0.206801580649024
0.136316766343576,0.3028021349599694,0.5341912012396416,0.7948011895583214,0.3304421768707483,0.4140921409214091,0.806286023054755,0.519505913773369,0.3926087089755769,0.3141543777380144,0.2734712156990473,0.2069213267872111
0.1500309342132398,0.3109035455585207,0.5309573536347099,0.7827954620552924,0.338095238095238,0.4158084914182475,0.819614553314121,0.5262304463945059,0.3965617626329176,0.317887332634047,0.2785603778193958,0.2143455873548078
0.1552897504640132,0.3151925276401067,0.5304857508589907,0.7775085361823988,0.3405612244897958,0.4174345076784101,0.8301512968299712,0.5313334605112553,0.3997793644470322,0.3210649719257111,0.2828352740004886,0.2200934019877858
0.1463188286244586,0.3021349599695005,0.5271845314289564,0.7898446965524838,0.3389455782312924,0.4091237579042457,0.8242975504322767,0.5277565814574591,0.3965004749793154,0.3177022274325909,0.2776646852862144,0.2151239372530236
0.1347700556815838,0.2854555852077773,0.5229401064474837,0.8057054741711642,0.3368197278911564,0.3983739837398374,0.8142110951008646,0.5207935902327356,0.3911684491159257,0.3119331153205405,0.2703770051298754,0.2046461501616572
0.1336358011961229,0.2814525352649637,0.5208515798692986,0.8085692256856483,0.3377551020408162,0.3950316169828365,0.8146613832853027,0.5201259061426936,0.3910765176355223,0.3110692910470785,0.2696034524875824,0.2038678002634414
0.1454939162713961,0.2864086923370186,0.5166071548878258,0.7994272496971031,0.3452380952380952,0.394579945799458,0.8259185878962537,0.5261350629530713,0.3946005577176478,0.3151724563460233,0.2750997475775588,0.2129086336965632
0.1511651886987007,0.2839306138009911,0.5111500370545038,0.7978852296508425,0.3510204081632652,0.3897018970189702,0.8342038904899136,0.5303796260969096,0.3959182422700947,0.3167767014253101,0.2774204055044377,0.2163812717039875
0.1380697050938337,0.269443385436523,0.509533113252038,0.8131952858244299,0.3466836734693877,0.3817524841915086,0.8279899135446687,0.5250381533765739,0.3916893941715442,0.313259702597643,0.2722905300871264,0.2094958687582325
0.127036502371623,0.2582920320243995,0.5087920231759078,0.8255314461945148,0.3426020408163265,0.3759710930442638,0.8147514409221902,0.5165013353681801,0.3860202862133424,0.308632072561239,0.266224248839671,0.2017722428451682
0.1328108888430604,0.2642012962256957,0.5091288823014215,0.8190329331424165,0.3447278911564626,0.3790424570912376,0.809978386167147,0.5158813429988554,0.3855912726381271,0.3080767569568705,0.2661835355427082,0.2023111004670099
0.1464219426685914,0.2717308425467022,0.5056255473960789,0.807467782795462,0.3525510204081633,0.3802168021680217,0.8197046109510088,0.5218428080885158,0.3894217509882635,0.3111309927808972,0.2705805716146893,0.2082385343072685
0.147762425242318,0.2705871139916126,0.5039412517685103,0.8073576385064434,0.3541666666666666,0.3785907859078591,0.8291606628242075,0.5259919877909195,0.3923942021879693,0.3135990621336459,0.2733897891051217,0.2120105376601604
0.1388946174468962,0.2612466641250476,0.5031327898672775,0.817490913096156,0.3511054421768707,0.3735320686540198,0.8210554755043228,0.5222720335749714,0.3898814083902798,0.3106373789103474,0.2696034524875824,0.2079990420308944
0.1264178181068261,0.2471406786122759,0.5012463787644007,0.8322502478246503,0.3471088435374149,0.3656729900632339,0.8065561959654179,0.5145936665394888,0.3854686973309227,0.3055161350033936,0.2626414787069457,0.1988384624595856
0.1285832130336152,0.2549561570720549,0.5054908037458734,0.8266328890847009,0.3453231292517006,0.3721770551038844,0.8072766570605188,0.5160244181610073,0.3862041491741489,0.3057937928055779,0.2632521781613874,0.1994371931505209
0.1455970303155289,0.2758292032024399,0.5090615104763188,0.805485185593127,0.3500850340136054,0.3844625112917795,0.8204250720461096,0.5250858450972912,0.3919345447859529,0.3119639661874499,0.2709877045843172,0.2093761226200454
0.1480717673747164,0.2825962638200533,0.5122953580812504,0.8001982597202335,0.3490646258503401,0.3897922312556458,0.8275396253602305,0.5314288439526899,0.3959795299236969,0.316344789288579,0.2761175800016285,0.2159621602203328
0.1387915034027634,0.2703964925657643,0.5096678569022435,0.812314131512281,0.3468537414965986,0.3822944896115627,0.8175432276657061,0.5262304463945059,0.393650599086814,0.3134756586660085,0.2727383763537171,0.2103939647946353
0.134666941637451,0.2621997712542889,0.5065687529475174,0.8191430774314351,0.3471088435374149,0.3763324299909665,0.8036743515850144,0.5175982449446777,0.3888701621058438,0.3094341951008824,0.2680563472029965,0.2036881810561609
0.1377603629614353,0.264391917651544,0.5060971501717981,0.8162793259169511,0.3487244897959183,0.3770551038843721,0.8027737752161384,0.5191243800076307,0.3890233812398492,0.3103597211081632,0.2692777461118801,0.2052448808525925
0.1495153639925758,0.2790697674418604,0.5088593950010105,0.8015199911884568,0.3518707482993197,0.3859078590785907,0.8184438040345823,0.5288534910339565,0.394324763276438,0.3158203245511199,0.2748554677957821,0.2121302837983475
0.1527118993606929,0.2860274494853221,0.511621639830223,0.7957924881594889,0.3514455782312925,0.39096657633243,0.8270893371757925,0.5336703548264021,0.3981858854533754,0.3196149811809712,0.2780311049588795,0.2169800023949227
0.1404413281088884,0.2765916889058329,0.5129690763322777,0.8077982156625179,0.3454931972789115,0.3874435411020776,0.8151116714697407,0.5268027470431134,0.3945392700640456,0.3158511754180292,0.2741633417474147,0.2124296491438151
0.1342544854609197,0.2718261532596263,0.5136427945833052,0.8138561515585416,0.342517006802721,0.3856368563685637,0.7976404899135447,0.5177413201068295,0.3893604633346613,0.3107916332448942,0.2689927530331406,0.2049455155071249
0.1375541348731697,0.2786885245901639,0.5164050394125177,0.8081286485295737,0.3420918367346939,0.3907859078590786,0.7972802593659942,0.5176459366653949,0.3896975454294732,0.3110692910470785,0.269684879081508,0.2064423422344629
0.1508558465663023,0.2907929851315287,0.5162029239372095,0.7940301795351911,0.347704081632653,0.3963866305329719,0.8113292507204611,0.5257058374666158,0.3946312015444489,0.3157586228173012,0.2756290204380751,0.214944318045743
0.1517838729634976,0.293842927945101,0.5177524759145724,0.7917171494658002,0.3471938775510204,0.3988256549232159,0.8205151296829971,0.5310473101869516,0.3974197897833482,0.3189362621089652,0.2795374969465027,0.2205125134714405
0.1393070736234275,0.2857415173465497,0.5201778616182712,0.8030620112347174,0.3404761904761904,0.3965672990063233,0.8096181556195966,0.524561236169401,0.3935893114332118,0.3150490528783859,0.275059034280596,0.2124895222129086
0.1305423798721385,0.2818337781166602,0.5230748500976892,0.8100011014428901,0.3350340136054421,0.3967479674796748,0.7950288184438041,0.5157382678367036,0.3888701621058438,0.3099895107052509,0.2691556062209917,0.2030295772961321
0.1360074242111775,0.2854555852077773,0.5221316445462507,0.8050446084370525,0.3378401360544217,0.3978319783197832,0.8001621037463978,0.519028996566196,0.3904942849263016,0.3112543962485346,0.2702955785359498,0.2048856424380313
0.1472468550216539,0.2967975600457491,0.5228053627972782,0.7924881594889305,0.3420918367346939,0.4036133694670279,0.8158321325648414,0.5283765738267837,0.3959795299236969,0.3167767014253101,0.2770132725348098,0.2154233025984911
0.1493091359043101,0.2979412886008387,0.522333760021559,0.7907258508646327,0.3431972789115646,0.4038843721770551,0.8269092219020173,0.5325734452499046,0.398369748414182,0.3185043499722342,0.2793746437586515,0.2191354328822895
0.1395133017116931,0.2841212352268394,0.5189651687664218,0.8039431655468664,0.3413265306122449,0.3950316169828365,0.8204250720461096,0.5272796642502862,0.3944779824104434,0.3149256494107484,0.2744483348261542,0.2120105376601604
0.131367292225201,0.2717308425467022,0.515529205686182,0.8153981716048022,0.3401360544217687,0.3869015356820235,0.8105187319884726,0.521032048836322,0.389942696043882,0.3103288702412538,0.2687891865483267,0.2036283079870674
0.1361105382553103,0.2705871139916126,0.5114868961800175,0.8135257186914858,0.3446428571428571,0.3835591689250225,0.8181736311239193,0.5232258679893171,0.3908313670211136,0.3104214228419819,0.2690741796270661,0.2055442461980601
0.1516807589193648,0.2804994281357224,0.5083204204001887,0.7995373939861218,0.3530612244897959,0.3861788617886179,0.826999279538905,0.5304750095383441,0.3950908589464653,0.3147096933423829,0.2745704747170426,0.2151838103221171
0.1526087853165601,0.2818337781166602,0.508724651350805,0.7982156625178984,0.3531462585034013,0.3870822041553748,0.8325828530259366,0.5332888210606639,0.3966536941133209,0.317455420497316,0.2776239719892516,0.2190156867441025
0.1435347494328727,0.2710636675562332,0.5070403557232365,0.8093402357087786,0.3505102040816326,0.3808491418247516,0.8249279538904899,0.5290442579168256,0.3937118867404162,0.3142469303387425,0.273715495480824,0.213806729732966
0.1369354506083728,0.2624857033930613,0.5052213164454624,0.8178213459632117,0.3488945578231292,0.3755194218608852,0.8176332853025937,0.5240366272415109,0.3904329972726994,0.3102363176405257,0.268137773796922,0.2053646269907795
0.1382759331820994,0.2664887533358749,0.5072424711985447,0.8148474501597092,0.3482142857142856,0.3787714543812105,0.8175432276657061,0.5226535673407097,0.3899120522170809,0.3106065280434381,0.2676492142333686,0.2047060232307508
0.1467312848009899,0.2806900495615707,0.5117563834804284,0.80207071263355,0.3488945578231292,0.3885275519421861,0.8287103746397695,0.5279950400610455,0.3930070787239911,0.3139075708027395,0.27102841788128,0.2091965034127649
0.1479686533305836,0.2851696530690049,0.5141817691841272,0.7987663839629915,0.3477891156462585,0.3923215898825654,0.8369056195965417,0.5325734452499046,0.3957650231360893,0.3160979823533042,0.2753033140623727,0.213806729732966
0.1326046607547948,0.2755432710636675,0.517348244963956,0.8125344200903183,0.3395408163265305,0.3898825654923216,0.8292507204610953,0.5279473483403281,0.3932828731652009,0.3139692725365583,0.2731047960263822,0.2104538378637288
0.1247679934007011,0.2721120853983987,0.5200431179680658,0.8187025002753607,0.3346088435374149,0.390063233965673,0.817092939481268,0.5205074399084318,0.3903104219654951,0.3109150367125316,0.2688706131422522,0.2052448808525925
0.1316766343575995,0.2856462066336255,0.5250960048507713,0.8072474942174248,0.3342687074829932,0.3999096657633243,0.8187139769452451,0.5229397176650133,0.3924861336683725,0.3130437465292775,0.2718833971174986,0.2075200574781463
0.1450814600948649,0.2995615707205489,0.5261065822273125,0.792047582332856,0.3391156462585034,0.4071364046973804,0.829520893371758,0.5313334605112553,0.3972052829957405,0.3181341395693219,0.2780311049588795,0.2157226679439588
0.1473499690657867,0.298227220739611,0.5237485683487165,0.7916070051767815,0.3415816326530612,0.4048780487804878,0.8282600864553314,0.5318103777184281,0.3980020224925689,0.319429875979515,0.2794153570556143,0.2178780984313255
0.1381728191379665,0.286694624475791,0.5216600417705315,0.8031721555237361,0.3391156462585034,0.3980126467931346,0.8142110951008646,0.5228920259442962,0.3925780651487758,0.3145554390078361,0.2743669082322286,0.2104538378637288
0.1282738709012167,0.278783835303088,0.5224685036717645,0.8130851415354113,0.3345238095238095,0.3948509485094851,0.7993515850144093,0.5144982830980542,0.3865105874421598,0.3091256864317888,0.2683820535786987,0.2022512273979164
0.1216745720767168,0.2961303850552801,0.5389746008219363,0.8065866284833131,0.3213435374149659,0.4140921409214091,0.8001621037463978,0.5082029759633727,0.384212300432078,0.3081693095575986,0.2663056754335966,0.1966231589031253
0.1138379047226232,0.3381624094548227,0.5738732062251566,0.7864302235929066,0.2960884353741496,0.4574525745257452,0.8061959654178674,0.4989507821442198,0.3840590812980725,0.3119948170543593,0.2687484732513639,0.1957250628667225
0.0964116312641781,0.3658978269157452,0.6049316175975207,0.7797114219627712,0.2693027210884353,0.4914182475158085,0.8232168587896254,0.4947539107210988,0.3876137652069991,0.3192756216449682,0.2732676492142333,0.1936295054484492
0.0990925964116312,0.3587495234464353,0.598059691437041,0.7824650291882365,0.2747448979591836,0.4833785004516712,0.8499639769452451,0.5208412819534529,0.4139368124291361,0.3480286296044919,0.2965963683739109,0.2078792958927074
0.1591049700969272,0.358558902020587,0.5587145455770397,0.7505231853728384,0.3243197278911564,0.456910569105691,0.888778818443804,0.5912819534528806,0.4867159010817272,0.4283951379033751,0.3725266672095106,0.2765537061429768
0.2856259022478861,0.3700914982844071,0.4842013070134069,0.6762859345742923,0.423469387755102,0.4124661246612466,0.9038184438040346,0.6804177794734834,0.5964514448564339,0.5591719627321529,0.4967429362429769,0.3992336247156029
0.4605073210971334,0.3933473122378954,0.3863774169642255,0.5693358299372178,0.5573979591836734,0.3579042457091237,0.8670749279538905,0.7830980541777948,0.7371066098734411,0.7231134694884928,0.6530005699861574,0.5598131960244283
0.64013198597649,0.4259435760579488,0.2920568618203866,0.4545654807798215,0.6909013605442176,0.3101174345076784,0.7984510086455332,0.8800076306753147,0.8742377348083229,0.8815943728018759,0.8054718671117986,0.7239851514788647
0.7927407712930501,0.4667365611894776,0.221181701812302,0.349597973345082,0.7985544217687074,0.2819331526648599,0.6779538904899136,0.9253147653567342,0.9468023166733064,0.9704757203677424,0.9071736829248432,0.8506765656807567
0.9307073623427512,0.4894205108654212,0.1470726941992858,0.2626941293093953,0.9022108843537414,0.2429990966576332,0.4971181556195966,0.9132964517359786,0.9603468881193884,0.9862713642253348,0.9572917514860352,0.945635253263082
0.968962672716024,0.44834159359512,0.0930404904668867,0.2661086022689723,0.952125850340136,0.1873532068654019,0.3931916426512968,0.8471003433803892,0.9110409707964332,0.9199420003702105,0.913932090220666,0.9422224883247516
0.8463600742421118,0.3366374380480365,0.0941858114936333,0.3960788633109372,0.9008503401360544,0.1351400180668473,0.3060158501440922,0.6396890499809234,0.7105384120368953,0.7313506509532919,0.7490025242244117,0.8009220452640402
0.6199216333264591,0.2767823103316812,0.1998248332547328,0.5516025994052207,0.7408163265306122,0.1775971093044263,0.2006484149855907,0.348578786722625,0.4021082952839151,0.4506694638119332,0.4987786010911163,0.5638845647227876
0.3837904722623221,0.288124285169653,0.3621909317523411,0.6711091529904174,0.540986394557823,0.291869918699187,0.1458033141210374,0.1418828691339183,0.1554254895351331,0.1982785216264577,0.25335884699943,0.3114597054245
0.29934007011755,0.2764010674799847,0.4090143501987469,0.7229871131181849,0.4766156462585034,0.3176151761517615,0.2052413544668588,0.161007249141549,0.1337296601599608,0.1483001172332942,0.1838612490839508,0.2214106095078433
0.2891317797484017,0.2886008387342736,0.4243077544970693,0.7214450930719243,0.4627551020408163,0.3336946702800361,0.3804034582132565,0.3039870278519649,0.2373670824012503,0.2185783920528167,0.2259587981434736,0.2370374805412525
0.2534543204784492,0.3177659168890582,0.468234184464057,0.7236479788522965,0.4203231292517007,0.3769647696476964,0.5676332853025936,0.4288916444105303,0.3270615634480434,0.2809588449435429,0.2671199413728524,0.2503891749491078
0.2109713342957311,0.3238658025162028,0.5003031732129622,0.7428130851415354,0.3825680272108843,0.4013550135501355,0.6910122478386168,0.5002861503243038,0.3779916035914565,0.3107607823779848,0.2789675107890236,0.238474434199497
0.182614972159208,0.2947960350743423,0.49828201845988,0.7747549289569335,0.3721088435374149,0.3861788617886179,0.743335734870317,0.5219858832506676,0.3931296540311955,0.3153267106805701,0.2749776076866704,0.2238055322715842
0.1653949267890286,0.2784979031643156,0.498012531159469,0.7933693138010793,0.3652210884353741,0.378319783197832,0.7684618155619598,0.5219381915299505,0.392639352802378,0.3100820633059789,0.2674863610455174,0.2109926954855706
0.1552897504640132,0.2820243995425085,0.5071077275483392,0.7966736424716379,0.3552721088435374,0.3860885275519422,0.7995317002881845,0.5266119801602442,0.3942021879692337,0.3089097303634233,0.2652878430095269,0.2063824691653694
0.1505465044339039,0.2769729317575294,0.5066361247726201,0.8021808569225685,0.353656462585034,0.3833785004516711,0.8315021613832854,0.537342617321633,0.398369748414182,0.3097118529030666,0.2649621366338246,0.2051251347144054
0.143947205609404,0.2639153640869233,0.5017179815401199,0.8133054301134486,0.3540816326530612,0.3738934056007227,0.8419488472622478,0.5419687142312095,0.3978181595317624,0.3070586783488616,0.2618272127676899,0.2008741468087654
0.1273458445040214,0.2407548608463591,0.4961934918816951,0.8355545764952087,0.3506802721088435,0.3592592592592592,0.8330331412103746,0.5344811140785959,0.3923329145343671,0.3003023384957118,0.2533995602963927,0.1898575020955574
0.1150752732522169,0.2233130003812428,0.4918816950751195,0.8521863641370194,0.3482993197278911,0.3480578139114724,0.8225864553314122,0.5286150324303701,0.3866944504029664,0.2933917443080151,0.2455011806856119,0.1781822536223206
0.1191998350175293,0.2267441860465116,0.4915448359496058,0.848000881154312,0.3502551020408163,0.3494128274616079,0.8223162824207494,0.5306657764212134,0.386939601017375,0.2931140865058309,0.2446054881524305,0.1774637767931984
0.1283769849453495,0.2386580251620281,0.4940375934784072,0.8361052979403018,0.3524659863945578,0.3567299006323396,0.8329430835734871,0.5370087752766121,0.3910458738087213,0.2974023570062319,0.2494096571940395,0.1849479104298886
0.1289956692101464,0.2348455966450628,0.4909384895236812,0.8379777508536183,0.3546768707482993,0.3529358626919602,0.8368155619596542,0.5380103014116749,0.3922716268807649,0.2980810760782378,0.2501017832424069,0.1865046102263202
0.1175500103114044,0.2192146397255051,0.4873677827932358,0.853177662738187,0.3522108843537414,0.3430894308943089,0.8309618155619596,0.5328119038534911,0.3890846688934514,0.2937928055778367,0.2439540754010259,0.1785414920368818
0.1049700969272014,0.2041555470834921,0.4849423970895371,0.8685978632007931,0.3485544217687074,0.334327009936766,0.827449567723343,0.5289488744753911,0.3847945331412987,0.2883013512679707,0.2365442553537985,0.1684828164291701
0.1055887811919983,0.199771254288982,0.4814390621841945,0.8708007489811653,0.3510204081632652,0.3299006323396567,0.8362752161383286,0.5320011446012972,0.3860815738669445,0.2884864564694268,0.236259262275059,0.1684828164291701
0.1208496597236543,0.2144491040792984,0.4817759213097082,0.8541689613393545,0.3570578231292517,0.3371273712737127,0.8519452449567724,0.5394887447539107,0.3898201207366776,0.2930832356389215,0.2412262845045191,0.1754879655131122
0.1189936069292637,0.2162600076248569,0.4843360506636124,0.8541689613393545,0.3546768707482993,0.3396567299006323,0.8580691642651297,0.5429225486455551,0.3915361750375387,0.2943481211822052,0.2427733897891051,0.1774637767931984
0.1044545267065374,0.2071101791841402,0.4873677827932358,0.867165987443551,0.3468537414965986,0.3373080397470641,0.8514949567723343,0.5372472338801985,0.3881959979162198,0.2901524032825323,0.2371549548082403,0.1702191354328822
0.0950711486904516,0.2049180327868852,0.4919490669002223,0.873444211917612,0.3400510204081632,0.3393857271906052,0.844920749279539,0.5317149942769935,0.3847638893144976,0.2862343431850435,0.2313329533425616,0.1621961441743503
0.0985770261909672,0.2186427754479603,0.4993599676615239,0.8636413701949552,0.3368197278911564,0.3508581752484191,0.8515850144092219,0.5366272415108738,0.3877363405142034,0.2880545443326958,0.2334907580815894,0.1644114477308106
0.106826149721592,0.2347502859321387,0.5054234319207708,0.8498733340676285,0.3363945578231292,0.3626016260162601,0.8746397694524496,0.5464517359786342,0.3944473385836424,0.2928672795705559,0.2399234590017099,0.1720153275056879
0.1062074654567952,0.239229889439573,0.5089267668261133,0.8476704482872562,0.3339285714285714,0.3670280036133694,0.8901296829971183,0.5517932086989699,0.3970214200349339,0.2949651385203924,0.2417962706619981,0.1733325350257454
0.0937306661167251,0.2276019824628287,0.5088593950010105,0.8611080515475272,0.3288265306122448,0.3615176151761518,0.883735590778098,0.5456409767264403,0.392302270707566,0.290646017153082,0.2362185489780962,0.1657286552508681
0.0881625077335533,0.22417079679756,0.5100720878528598,0.8659544002643462,0.3257653061224489,0.3607046070460704,0.8763508645533142,0.5401087371232354,0.3881959979162198,0.2865428518541371,0.230111554433678,0.1582445216141779
0.0954836048669828,0.2376096073198627,0.5147881156100518,0.8543892499173917,0.3258503401360544,0.370189701897019,0.8831952449567724,0.5444963754292255,0.3910458738087213,0.2882705004010613,0.2316586597182639,0.1605795713088253
0.106826149721592,0.2509531071292413,0.5168766421882369,0.8406212137900649,0.3291666666666666,0.3778681120144534,0.897514409221902,0.5541301030141168,0.3966536941133209,0.2924970691676436,0.2381320739353472,0.169620404741947
0.1062074654567952,0.2498093785741517,0.5164050394125177,0.8416125123912325,0.3292517006802721,0.3770551038843721,0.8973342939481269,0.5556085463563526,0.3969907762081329,0.2925896217683717,0.2387834866867518,0.1712968506765656
0.0919777273664673,0.2337018680899732,0.5143165128343327,0.8584645886110804,0.3246598639455782,0.3680216802168021,0.8854466858789626,0.5482163296451736,0.3915055312107376,0.2864502992534091,0.2316179464213011,0.1614177942761346
0.0841410600123736,0.2273160503240563,0.5149228592602573,0.8663949774204207,0.3210034013605441,0.3654019873532069,0.8784221902017292,0.5445440671499429,0.3884105047038274,0.282162028753008,0.2256330917677713,0.1533349299485091
0.0919777273664673,0.2361799466260007,0.516068180287004,0.8570327128538384,0.3235544217687074,0.3703703703703703,0.8854466858789626,0.5498378481495613,0.3919958324395551,0.284136484235207,0.2275059034280596,0.1559693449886241
0.1047638688389358,0.2481890964544414,0.5162029239372095,0.8432646767265116,0.3287414965986394,0.3761517615176152,0.89985590778098,0.5593761922930179,0.3982778169337787,0.2891960264083421,0.2331243384089243,0.1651299245599329
0.1038358424417405,0.2467594357605794,0.5157313211614902,0.8445864081947351,0.3286564625850339,0.3751580849141825,0.905799711815562,0.5636684471575735,0.4002083780222474,0.2896896402788919,0.2343457373178079,0.1663273859418033
0.0973396576613734,0.2344643537933663,0.511352152529812,0.855160259940522,0.3287414965986394,0.3663956639566395,0.8959834293948127,0.5593761922930179,0.3962553243649067,0.2846609489726662,0.2280758895855386,0.1583642677523649
0.0945555784697875,0.220644300419367,0.5034022771676884,0.8646326687961228,0.3326530612244898,0.3544715447154472,0.8882384726224785,0.5563716138878291,0.3921184077467595,0.279940766335534,0.2207474961322367,0.1511794994611424
0.104660754794803,0.2193099504384292,0.4958566327561813,0.860006608657341,0.3415816326530612,0.348780487804878,0.8949027377521614,0.5613792445631438,0.3935893114332118,0.2794163015980749,0.2208696360231251,0.1519578493593581
0.1164157558259434,0.2215974075486084,0.4897931684969345,0.8524066527150567,0.3502551020408163,0.3457994579945799,0.9075108069164264,0.5720621900038153,0.3985229675481874,0.2824088356882829,0.2255109518768829,0.1587833792360196
0.1128067642812951,0.2093023255813953,0.4834602169372768,0.861438484414583,0.3527210884353741,0.3357723577235772,0.917327089337176,0.5788344143456696,0.4011276928262802,0.2833035108286543,0.2255516651738457,0.1609388097233864
0.0976489997937719,0.1862371330537552,0.4770598935525163,0.8829166207732128,0.3505102040816326,0.3205058717253839,0.9162463976945244,0.5781667302556276,0.3975423650905526,0.2779046091195163,0.2185489780962462,0.152975691533948
0.089915446483811,0.1680327868852459,0.4692447618405982,0.8975658112126886,0.3522108843537414,0.3066847335140018,0.9132744956772336,0.5763067531476536,0.3928232157631846,0.2719503918060098,0.2112205846429443,0.1458507963118189
0.0964116312641781,0.1713686618375905,0.4673583507377215,0.8920585967617579,0.3561224489795918,0.3070460704607046,0.918227665706052,0.5800743990843189,0.3942328317960347,0.2724748565434689,0.2120348505822001,0.1483055921446533
0.1100226850897092,0.1776591688905832,0.4629791821060432,0.881154312148915,0.3645408163265305,0.3070460704607046,0.930835734870317,0.5864173979397177,0.3969907762081329,0.2738939964212994,0.2150476345574464,0.1538737875703508
0.1090946586925139,0.1686046511627907,0.4571178333221046,0.8869919594669016,0.3677721088435373,0.2988256549232159,0.9418227665706052,0.5913296451735979,0.3983391045873809,0.2727216634787437,0.2141926553212279,0.1524368339121063
0.0955867189111157,0.150876858558902,0.4534123829414538,0.9043947571318426,0.364625850340136,0.2879855465221319,0.9389409221902018,0.5911388782907288,0.3967149817669231,0.2692972172518048,0.2091034932008794,0.1459106693809124
0.0919777273664673,0.1463972550514677,0.4526039210402209,0.9089106729816058,0.3636054421768707,0.2852755194218609,0.9368695965417868,0.5940003815337658,0.3968069132473263,0.2674461652372432,0.2077192411041446,0.1429170159262363
0.1037327283976077,0.1646016012199771,0.4577915515731321,0.8920585967617579,0.3652210884353741,0.2973803071364047,0.9474063400576368,0.6038725677222435,0.402751815646738,0.2711482692663664,0.2126862633336047,0.148844449766495
0.1200247473705918,0.1833778116660312,0.460419052752139,0.8725630576054632,0.3702380952380952,0.3080397470641373,0.96460734870317,0.6163677985501718,0.4099224711181933,0.2763312149071389,0.219933230192981,0.1593222368578613
0.1236337389152402,0.1828059473884864,0.4576568079229265,0.8709108932701838,0.373469387755102,0.3059620596205962,0.9692002881844382,0.6240938573063716,0.4132626482395122,0.2782439686555192,0.2217653285563064,0.1635133516944078
0.1169313260466075,0.1715592832634388,0.4540861011924813,0.8810441678598964,0.3729591836734693,0.298193315266486,0.9648775216138328,0.6257153758107593,0.4129255661447001,0.2761769605725921,0.2184675515023206,0.1585438869596455
0.115590843472881,0.1689858940144872,0.4531428956410429,0.8832470536402688,0.3730442176870748,0.2962962962962963,0.9605547550432276,0.6284814956123617,0.4144271136579536,0.275652495835133,0.2167983063268463,0.157226679439588
0.1329140028871932,0.1804231795653831,0.4499090480361112,0.8673862760215882,0.382142857142857,0.2995483288166214,0.9700108069164264,0.6392598244944678,0.4222106456654307,0.2823779848213735,0.2245745460467388,0.168243324152796
0.1525056712724273,0.1949104079298513,0.4474162905073098,0.8485516025994052,0.3918367346938775,0.3047877145438121,0.9852305475504324,0.6535673407096528,0.4316183004933657,0.29218856049855,0.2372363814021659,0.1840498143934858
0.15590843472881,0.1966260007624856,0.4462709694805632,0.8456878510849212,0.3939625850340135,0.3047877145438121,0.988022334293948,0.6561426936283862,0.4366438880887445,0.29749490960696,0.2450533344190212,0.1930906478266075
0.151577644875232,0.1945291650781547,0.4476857778077208,0.8493226126225355,0.3913265306122448,0.3047877145438121,0.966948847262248,0.6449828309805419,0.4342536695982595,0.2985129882149688,0.24489048123117,0.1926116632738594
0.1552897504640132,0.2084445291650781,0.4550966785690224,0.8392994823218416,0.3880952380952381,0.3163504968383017,0.9382204610951008,0.6355398702785197,0.4333956424478289,0.3022459431110014,0.2498575034606302,0.1963836666267512
0.1707568570839348,0.2417079679756004,0.468503671764468,0.811763410067188,0.3860544217687074,0.3411020776874435,0.92092939481268,0.6312953071346814,0.4385438053504122,0.312827790460912,0.2639443042097549,0.212309903005628
0.1873582181893173,0.2732558139534883,0.4798895102068315,0.7846679149686089,0.3857142857142857,0.3636856368563685,0.9092219020172913,0.6279568866844716,0.4431403793705759,0.324396865551922,0.2784789512254702,0.2290144892827206
0.1901422973809032,0.2822150209683568,0.4844707943138179,0.7779491133384734,0.3839285714285714,0.3710027100271002,0.8984149855907781,0.6206123616940099,0.4437226120797966,0.330042574196335,0.2864180441332138,0.2364387498503173
0.1810682614972159,0.2765916889058329,0.4864245772417974,0.7860997907258508,0.3789965986394557,0.3696476964769647,0.8763508645533142,0.6069725295688668,0.4396163392884504,0.3303819337323379,0.2873137366663952,0.2351814153993533
0.1783872963497628,0.2743042317956538,0.4865593208920029,0.7888533979513161,0.3778061224489795,0.368654019873532,0.8552773775216139,0.5930942388401373,0.4343149572518616,0.3305670389337941,0.2875173031512091,0.2324272542210513
0.1830274283357393,0.2801181852840259,0.4876372700936468,0.7830157506333296,0.3789965986394557,0.3720867208672087,0.8498739193083575,0.5858450972911102,0.4315876566665645,0.3336829764916394,0.2915479195505251,0.2353011615375403
0.1869457620127861,0.2894586351505909,0.4917469514249141,0.775525938980064,0.3780612244897959,0.3793134598012646,0.8516750720461096,0.583126669210225,0.4318634511077744,0.3376627383229469,0.2965556550769481,0.2415878337923602
0.1809651474530831,0.2861227601982462,0.4932291315771743,0.7805925762749201,0.3746598639455782,0.3786811201445347,0.8469920749279539,0.57654521175124,0.4291974381760794,0.3384340099956809,0.2968406481556876,0.2415878337923602
0.1683852340688802,0.272302706824247,0.4916795795998113,0.7953519110034144,0.3704931972789115,0.3710930442637759,0.8309618155619596,0.5636684471575735,0.4213526185150002,0.3330351082865428,0.2912629264717856,0.2327864926356125
0.1586925139203959,0.2627716355318337,0.4913427204742976,0.80603590703822,0.3666666666666666,0.3663956639566395,0.8126801152737754,0.5509347577260588,0.4136610179879264,0.3276979083112236,0.2851559319273675,0.224703628307987
0.1666322953186224,0.2683949675943575,0.4900626557973455,0.7985460953849542,0.3707482993197278,0.3682023486901535,0.8131304034582134,0.5496470812666922,0.4130787852787056,0.328253223915592,0.2860516244605488,0.2278170279008501
0.18158383171788,0.2823103316812809,0.4901300276224482,0.7825751734772552,0.3768707482993197,0.3747967479674797,0.8240273775216139,0.553987027851965,0.4163576747464224,0.3331276608872709,0.2923621854897809,0.2364986229194108
0.1752938750257785,0.2808806709874189,0.4932291315771743,0.786650512170944,0.3723639455782312,0.3762420957542909,0.8249279538904899,0.5537485692483786,0.4166028253608311,0.333559573024002,0.2933393046168878,0.2361992575739432
0.1579707156114663,0.2712542889820815,0.4977430438590581,0.8015199911884568,0.362329931972789,0.3747064137308039,0.8167327089337177,0.5432086989698589,0.4107498544418227,0.3277904609119517,0.2856852047878837,0.2238654053406777
0.1479686533305836,0.2623903926801372,0.498012531159469,0.8119836986452252,0.358078231292517,0.3707317073170731,0.813670749279539,0.5382010682945441,0.4065822939968744,0.3232553834762757,0.279863203322205,0.2148245719075559
0.1497215920808414,0.2647731605032405,0.4986188775853937,0.8096706685758344,0.3583333333333333,0.37226738934056,0.8235770893371759,0.543399465852728,0.4083596359513376,0.3249213302893812,0.2816545883885676,0.2154831756675847
0.1595174262734584,0.2797369424323293,0.5027959307417638,0.7957924881594889,0.3597789115646258,0.3821138211382113,0.8436599423631124,0.5530808851583365,0.4146416204455613,0.3307521441352503,0.2891458350297207,0.2250628667225482
0.1540523819344194,0.2816431566908119,0.5076467021491612,0.7976649410728054,0.3544217687074829,0.3862691960252936,0.8505043227665706,0.5553223960320488,0.4171237704164496,0.3326031961498118,0.2907336536112694,0.2272182972099149
0.1416786966384821,0.2745901639344262,0.5107458061038873,0.8083489371076109,0.3474489795918367,0.3850045167118338,0.8376260806916427,0.5494086226631058,0.4136303741611253,0.3291787499228729,0.2853594984121814,0.2196144174350377
0.1382759331820994,0.2741136103698055,0.5125648453816614,0.810331534309946,0.344812925170068,0.3859981933152664,0.8342939481268011,0.5466425028615032,0.4117917445530598,0.3272659961744925,0.2820210080612328,0.2151239372530236
0.1528150134048257,0.292413267251239,0.5161355521121067,0.792047582332856,0.3485544217687074,0.3971093044263776,0.8441102305475504,0.5547024036627242,0.4172769895504551,0.3326957487505399,0.2876394430420975,0.2212908633696563
0.166838523406888,0.309664506290507,0.5190999124166273,0.7746447846679149,0.3525510204081633,0.407226738934056,0.8571685878962537,0.5633822968332698,0.4230380289890602,0.3383414573949528,0.294072143962218,0.2299125853191234
0.1650855846566302,0.3070911170415554,0.5184261941655999,0.7769578147373057,0.3522108843537414,0.4056007226738934,0.8568083573487032,0.5654330408241129,0.4236815493518831,0.3389276238662307,0.2953342561680644,0.2315291581846485
0.15590843472881,0.2922226458253907,0.5139122818837162,0.7905055622865953,0.3512755102040816,0.395483288166215,0.8475324207492795,0.5596623426173216,0.4198817148285478,0.3357191337076572,0.2901229541568276,0.2244042629625194
0.1453908022272633,0.2800228745711017,0.5121606144310449,0.8031721555237361,0.3480442176870748,0.3885275519421861,0.8451008645533141,0.555179320869897,0.4160205926516104,0.3323872400814463,0.286010911163586,0.2184768291222607
0.1540523819344194,0.2900304994281356,0.5135754227582024,0.7927084480669677,0.3507653061224489,0.3942186088527551,0.8615814121037464,0.5627146127432278,0.4191462629853216,0.3355031776392917,0.2897158211871997,0.2227876900969943
0.1679727778923489,0.3051849027830727,0.5151923465606683,0.77662738187025,0.3554421768707482,0.4024390243902438,0.8840057636887608,0.5742560091568104,0.4250298777311311,0.340840377614611,0.2967185082647992,0.2321278888755837
0.1639513301711693,0.29889439573008,0.513440679107997,0.7823548848992179,0.3549319727891156,0.3983739837398374,0.8844560518731989,0.5755436856161771,0.4255508227867496,0.3415807984204356,0.2974106343131666,0.2338642078792958
0.1502371623015055,0.2775447960350743,0.507175099373442,0.80207071263355,0.3531462585034013,0.384010840108401,0.8580691642651297,0.5613792445631438,0.4180430852204824,0.3346702042327389,0.2892272616236462,0.2243443898934259
0.1473499690657867,0.271635531833778,0.5049518291450515,0.8070272056393876,0.3534013605442176,0.3797651309846431,0.8344740634005764,0.5491701640595194,0.4124352649158827,0.3292404516566916,0.2840159596124094,0.216321398634894
0.1569395751701381,0.2821197102554327,0.5060297783466954,0.7957924881594889,0.3566326530612244,0.3853658536585366,0.8363652737752162,0.5513162914917971,0.4136610179879264,0.3311223545381626,0.2864587574301767,0.2214704825769368
0.1665291812744895,0.289553945863515,0.5050192009701542,0.786320079303888,0.3613095238095238,0.3882565492321589,0.8486131123919309,0.5568485310950019,0.4165415377072289,0.3342999938298266,0.2911407865808973,0.2279367740390372
0.1643637863477005,0.2863133816240945,0.5042107390689213,0.7894041193964092,0.3608843537414966,0.3861788617886179,0.8436599423631124,0.5531762685997711,0.414549688965158,0.3331276608872709,0.2907336536112694,0.2269788049335409
0.1498247061249742,0.2761151353412123,0.5065013811224146,0.8030620112347174,0.3534013605442176,0.382836495031617,0.8221361671469741,0.5421117893933614,0.407808047068918,0.3286234343185044,0.2847895122547023,0.2185367021913543
0.1455970303155289,0.2704918032786885,0.5052886882705652,0.8085692256856483,0.3524659863945578,0.3794037940379403,0.809528097982709,0.5347195726821824,0.4035485551435664,0.3253840932930216,0.2813695953098282,0.2140462220093401
0.1584862858321303,0.2803088067098742,0.5038065081183049,0.7960127767375261,0.3586734693877551,0.3831074977416441,0.8116894812680115,0.5381533765738268,0.4064290748628689,0.3283766273832295,0.2857259180848465,0.2208118788169081
0.171169313260466,0.2951772779260388,0.5060297783466954,0.7805925762749201,0.3625850340136054,0.3915989159891599,0.8199747838616716,0.543733307897749,0.4104740600006129,0.3331276608872709,0.2922400455988925,0.2306310621482457
0.1666322953186224,0.2947007243614181,0.5085899077005996,0.7833461835003855,0.3590136054421768,0.3931345980126468,0.8185338616714698,0.5420164059519267,0.4099837587717955,0.3332819152218177,0.2928914583502972,0.2314094120464614
0.1545679521550835,0.28021349599695,0.5062992656471063,0.7982156625178984,0.3555272108843537,0.3846431797651309,0.8017831412103746,0.5319057611598627,0.4033340483559587,0.3274511013759487,0.2852780718182558,0.2212908633696563
0.152093215095896,0.2731605032405642,0.5029306743919693,0.8035025883907918,0.3566326530612244,0.3791327913279132,0.789085014409222,0.5244181610072491,0.399043912603806,0.3230085765410008,0.2801481964009445,0.2153035564603041
0.1554959785522788,0.275162028211971,0.502189584315839,0.8005286925872893,0.3585034013605442,0.3795844625112918,0.7955691642651297,0.5272796642502862,0.4003003095026507,0.324396865551922,0.2818988681703444,0.2188959406059154
0.1636419880387709,0.2819290888295844,0.5015158660648117,0.7922678709108932,0.3622448979591836,0.3822944896115627,0.8146613832853027,0.5355303319343763,0.4044065822939969,0.3280681187141359,0.2869473169937301,0.2263202011735121
0.1595174262734584,0.2800228745711017,0.5029306743919693,0.7955721995814518,0.3596938775510204,0.3823848238482384,0.8190742074927955,0.5362457077451355,0.4050501026568198,0.3286542851854137,0.2887387020600928,0.2276972817626631
0.1430191792122087,0.2701105604269919,0.5067034965977228,0.8102213900209274,0.3505102040816326,0.3802168021680217,0.8079971181556197,0.5291873330789775,0.4008212545582693,0.324396865551922,0.2834459734549303,0.2194347982277571
0.1399257578882243,0.268013724742661,0.5072424711985447,0.8129749972463928,0.3488945578231292,0.3795844625112918,0.7996217579250721,0.523559710034338,0.3973891459565471,0.3209107175911643,0.2789267974920609,0.2136271105256855
0.1497215920808414,0.2806900495615707,0.5098699723775517,0.8005286925872893,0.3512755102040816,0.387353206865402,0.8085374639769453,0.5258966043494849,0.3988906934698005,0.3225149626704511,0.2817360149824933,0.2167405101185486
0.15590843472881,0.2972741136103697,0.5175503604392643,0.7876418107721114,0.3489795918367346,0.4002710027100271,0.8179034582132565,0.5320965280427318,0.4031195415683511,0.3263404701672117,0.2871101701815813,0.2248832475152676
0.1584862858321303,0.3104269919939,0.5250960048507713,0.778609979072585,0.3453231292517006,0.4115627822944896,0.8165525936599425,0.5340041968714231,0.4041307878527871,0.3269266366384896,0.2891865483266835,0.2275775356244761
0.1484842235512476,0.3040411742279831,0.5271845314289564,0.7876418107721114,0.3398809523809524,0.4100271002710027,0.8048451008645534,0.5272319725295689,0.3996261453130267,0.3222990066020856,0.2827945607035257,0.2197341635732247
0.1445658898742008,0.2932710636675562,0.522064272721148,0.7960127767375261,0.3414965986394558,0.4014453477868112,0.808807636887608,0.5246089278901183,0.3967456255937242,0.3187203060405997,0.2783160980376191,0.2131481259729373
0.153227469581357,0.2978459778879145,0.5196388870174492,0.7887432536622976,0.3465986394557822,0.4019873532068654,0.8246577809798271,0.5329072872949255,0.3999938712346398,0.3211883753933485,0.2807181825584235,0.2168602562567357
0.1617859352443802,0.3045177277926038,0.5187630532911136,0.7802621434078643,0.3506802721088435,0.4046070460704607,0.8461815561959655,0.5420640976726441,0.405111390310422,0.3251989880915654,0.2846266590668512,0.2236259130643036
0.1539492678902866,0.2972741136103697,0.5187630532911136,0.7886331093732789,0.3473639455782312,0.4011743450767841,0.85203530259366,0.5416348721861886,0.4048049520424111,0.3247053742210157,0.2832016936731536,0.2217099748533109
0.1374510208290369,0.2836446816622188,0.5199083743178603,0.8052648970150897,0.3398809523809524,0.395483288166215,0.841678674351585,0.5323826783670356,0.3979407348389667,0.318997963842784,0.275832586922889,0.2112321877619446
0.1267271602392246,0.2749714067861227,0.5207842080441959,0.8160590373389139,0.3349489795918366,0.3919602529358627,0.8292507204610953,0.5238458603586418,0.3919039009591518,0.3137224656012834,0.2696441657845452,0.2014728774997006
0.1382759331820994,0.2841212352268394,0.519706258842552,0.804604031280978,0.340391156462585,0.395483288166215,0.8251981268011527,0.5235120183136208,0.392669996629179,0.3140618251372864,0.2714762641478707,0.2057837384744341
0.1487935656836461,0.2947960350743423,0.5204473489186822,0.7928185923559863,0.3442176870748299,0.4010840108401083,0.8225864553314122,0.5244181610072491,0.3948763521588576,0.3168692540260381,0.2750997475775588,0.2132079990420308
0.1435347494328727,0.2911742279832253,0.5212558108199151,0.797775085361824,0.3414965986394558,0.3999096657633243,0.8179034582132565,0.523559710034338,0.3942634756228358,0.3170235083605849,0.2753847406562983,0.2147646988384624
0.1343575995050525,0.2790697674418604,0.5186956814660109,0.8095605242868157,0.3393707482993197,0.3924119241192412,0.8052053314121037,0.5172167111789393,0.3901878466582907,0.3125809835256371,0.2704991450207638,0.2072206921326787
0.1302330377397401,0.2760198246282881,0.5192346560668328,0.8135257186914858,0.3373299319727891,0.3914182475158085,0.797370317002882,0.5132582983594048,0.3871847516317838,0.3100203615721602,0.2669570881850012,0.2021913543288229
0.1415755825943493,0.2856462066336255,0.5186283096409081,0.8019605683445312,0.3424319727891156,0.395483288166215,0.8000720461095101,0.5176459366653949,0.390647504060307,0.313259702597643,0.2714762641478707,0.2091366303436714
0.1498247061249742,0.2898398780022874,0.5162029239372095,0.7951316224253772,0.3472789115646258,0.3959349593495935,0.8076368876080693,0.5240366272415109,0.3948763521588576,0.3172394644289504,0.2772982656135493,0.2174589869476709
0.1495153639925758,0.2828821959588257,0.5114868961800175,0.7993171054080845,0.3501700680272108,0.3894308943089431,0.8047550432276657,0.523368943151469,0.3937425305672172,0.3172394644289504,0.2770132725348098,0.2182972099149802
0.1413693545060837,0.26868089973313,0.5068382402479283,0.8118735543562066,0.3497448979591837,0.3795844625112918,0.787914265129683,0.5134967569629912,0.3876750528606013,0.3116554575183562,0.2706619982086149,0.2103939647946353
0.1396164157558259,0.2662028211971025,0.5061645219969009,0.8142967287146161,0.3494897959183673,0.3779584462511292,0.7801693083573488,0.5080122090805036,0.3847945331412987,0.30906398469797,0.2682192003908476,0.2067417075799305
0.1460094864920602,0.2769729317575294,0.509533113252038,0.804604031280978,0.3499149659863945,0.3852755194218608,0.7863832853025937,0.5110167874856925,0.3870008886709772,0.3118097118529031,0.2718833971174986,0.2108729493473835
0.1542586100226851,0.2874571101791841,0.511621639830223,0.7941403238242096,0.3520408163265306,0.3916892502258355,0.7977305475504323,0.5170736360167875,0.3911990929427267,0.3156660702165731,0.2761175800016285,0.2175787330858579
0.1480717673747164,0.2804994281357224,0.5107458061038873,0.8015199911884568,0.3499999999999999,0.3878048780487805,0.799171469740634,0.5166921022510492,0.3908926546747158,0.3151107546122046,0.2748147544988193,0.2172194946712968
0.1337389152402557,0.2689668318719023,0.5120258707808394,0.815728604471858,0.3433673469387754,0.3831978319783198,0.788364553314121,0.5094906524227395,0.3859896423865412,0.3104522737088913,0.2689520397361778,0.2084181535145491
0.1340482573726541,0.2691574532977506,0.5119584989557366,0.8155083158938208,0.3434523809523809,0.3831978319783198,0.7840417867435159,0.5058183899275086,0.383875218337266,0.3085703708274203,0.2661835355427082,0.2048856424380313
0.1424004949474118,0.2789744567289363,0.5133733072828943,0.8053750413041083,0.3460884353741496,0.3888888888888889,0.795749279538905,0.5124475391072111,0.3877056966874024,0.3119948170543593,0.2702141519420242,0.2105137109328224
0.1510620746545679,0.2888867708730461,0.514720743784949,0.7950214781363586,0.3487244897959183,0.3944896115627822,0.8126801152737754,0.5202689813048454,0.3932828731652009,0.3173011661627692,0.2768097060499959,0.2174589869476709
0.1495153639925758,0.2855508959207014,0.5133733072828943,0.797775085361824,0.3489795918367346,0.3919602529358627,0.8170028818443805,0.5226058756199924,0.3940183250084271,0.3171777626951317,0.2772982656135493,0.2166806370494551
0.1366261084759744,0.2706824247045367,0.5112847807047093,0.8133054301134486,0.3449829931972789,0.3835591689250225,0.8113292507204611,0.5175505532239604,0.3895136824686667,0.3127660887270932,0.2712319843660939,0.2085977727218297
0.1312641781810682,0.2640106747998474,0.5100720878528598,0.8200242317435841,0.3435374149659864,0.3795844625112918,0.80835734870317,0.5134967569629912,0.3854686973309227,0.3093107916332449,0.2668349482941128,0.202550592743384
0.136316766343576,0.2674418604651162,0.5091962541265243,0.8152880273157836,0.346173469387755,0.3805781391147244,0.8173631123919309,0.5175505532239604,0.3867863818833696,0.309742703769976,0.2676085009364058,0.2045862770925637
0.1457001443596617,0.2659168890583301,0.5019200970154282,0.8111025443330763,0.3546768707482993,0.3749774164408311,0.8318623919308358,0.5239889355207936,0.3899733398706831,0.3119331153205405,0.2712726976630567,0.2087773919291102
0.1446690039183336,0.2538124285169653,0.49410496530351,0.8187025002753607,0.3591836734693877,0.3639566395663956,0.8317723342939481,0.524561236169401,0.3890540250666503,0.3113777997161721,0.2703362918329126,0.2076996766854268
0.1312641781810682,0.2443766679374761,0.4961934918816951,0.8312589492234828,0.3522959183673469,0.3609756097560975,0.8188940922190202,0.5154998092331171,0.3835074924156529,0.3062874066761276,0.2636593111310154,0.1993773200814273
0.1284800989894823,0.2513343499809378,0.5029306743919693,0.8288357748650732,0.3468537414965986,0.3687443541102077,0.8073667146974065,0.5084414345669592,0.3815462875003831,0.3043438020608379,0.2617050728768015,0.1969823973176865
0.143947205609404,0.2747807853602744,0.5093983696018325,0.8070272056393876,0.3491496598639456,0.3841915085817525,0.8109690201729106,0.513449065242274,0.3863267244813533,0.3092182390325168,0.2685856200635127,0.2070410729253981
0.1536399257578882,0.2880289744567288,0.5124301017314559,0.7941403238242096,0.3512755102040816,0.3925022583559169,0.8120497118155621,0.5187905379626097,0.3902491343118929,0.3131362991300056,0.2741633417474147,0.2142258412166207
0.1459063724479274,0.2799275638581776,0.5116890116553257,0.8029518669456988,0.3485544217687074,0.3881662149954833,0.807456772334294,0.5164536436474628,0.3897281892562744,0.312488430924909,0.2730233694324566,0.2116512992455993
0.1367292225201072,0.2705871139916126,0.5111500370545038,0.8133054301134486,0.3450680272108843,0.3833785004516711,0.7940381844380404,0.5099198779091949,0.3849783961021052,0.3080459060899612,0.266997801481964,0.2032690695725062
0.1393070736234275,0.2690621425848265,0.5083877922252914,0.8127547086683555,0.3478741496598639,0.3807588075880759,0.7860230547550432,0.5074399084318962,0.3826494652652223,0.3061948540753996,0.2642292972884944,0.2016524967069811
0.1486904516395133,0.2764010674799847,0.5075119584989557,0.8035025883907918,0.3522959183673469,0.383739837398374,0.7954791066282422,0.514975200305227,0.3864186559617565,0.3102980193743445,0.2689520397361778,0.2075799305472398
0.1602392245823881,0.286694624475791,0.507175099373442,0.7913867165987444,0.3573129251700679,0.3883468834688346,0.8054755043227667,0.5195536054940862,0.3908007231943126,0.3149873511445671,0.2755475938441495,0.2152436833912106
0.1517838729634976,0.2789744567289363,0.5072424711985447,0.8003084040092521,0.3538265306122448,0.3847335140018066,0.8011527377521613,0.5174074780618085,0.3897281892562744,0.3140926760041957,0.2742040550443774,0.2142857142857142
0.1356980820787791,0.2645825390773922,0.5076467021491612,0.8172706245181186,0.3469387755102041,0.3781391147244806,0.7900756484149856,0.5119706219000382,0.3853154781969173,0.3099895107052509,0.2690741796270661,0.2059633576817147
0.1343575995050525,0.2638200533739992,0.5079161894495722,0.8183720674083048,0.346173469387755,0.3780487804878048,0.783591498559078,0.5071537581075926,0.3827413967456256,0.3076139939532301,0.2661021089487826,0.202670338881571
0.1495153639925758,0.2771635531833777,0.5073772148487502,0.8026214340786431,0.3528061224489795,0.3839205058717254,0.7918768011527378,0.5126859977107975,0.3857751355989336,0.3099278089714321,0.269684879081508,0.2084181535145491
0.1628170756857083,0.2889820815859702,0.5071077275483392,0.7887432536622976,0.3584183673469387,0.3894308943089431,0.8033141210374641,0.5211751239984739,0.3909232985015169,0.3141852286049238,0.2758733002198518,0.2172793677403903
0.1561146628170756,0.2848837209302325,0.5085899077005996,0.7946910452693027,0.3547619047619048,0.3884372177055104,0.8034041786743517,0.5207935902327356,0.3914442435571355,0.31437033380638,0.2757918736259262,0.2177583522931385
0.1452876881831305,0.2740182996568814,0.5079161894495722,0.8066967727723318,0.3506802721088435,0.382836495031617,0.7902557636887608,0.5132106066386876,0.386571875095762,0.3098044055037947,0.2698070189723964,0.2099748533109807
0.146112600536193,0.2741136103698055,0.5075119584989557,0.8062561956162573,0.3512755102040816,0.3825654923215899,0.7827809798270894,0.5094906524227395,0.3846106701804921,0.3083852656259641,0.2672013679667779,0.2069811998563046
0.1544648381109507,0.2845024780785359,0.5093983696018325,0.7957924881594889,0.3534863945578231,0.3887985546522132,0.7962896253602305,0.5159290347195727,0.3886250114914351,0.3123341765903622,0.2714355508509078,0.2124296491438151
0.1626108475974427,0.2899351887152115,0.5079161894495722,0.7881925322172044,0.3578231292517006,0.3904245709123757,0.8127701729106629,0.5241320106829455,0.3930070787239911,0.3167767014253101,0.276606139565182,0.2185965752604478
0.1554959785522788,0.2793556995806328,0.5050865727952569,0.7981055182288798,0.3567176870748298,0.3834688346883469,0.8171829971181557,0.5236550934757725,0.3926087089755769,0.3166841488245819,0.2757918736259262,0.2169201293258292
0.1378634770055681,0.2584826534502478,0.5017853533652227,0.8196937988765282,0.3514455782312925,0.3713640469738031,0.80835734870317,0.5167874856924838,0.3880427787822143,0.3115012031838094,0.2693591727058056,0.2082385343072685
0.1320890905341307,0.2524780785360274,0.5013811224146062,0.8261923119286264,0.3494047619047618,0.3682023486901535,0.8056556195965419,0.513449065242274,0.3862041491741489,0.3094958968347011,0.2666313818092989,0.2043467848161896
0.1398226438440915,0.2685855890202058,0.5077140739742639,0.8127547086683555,0.3485544217687074,0.3801264679313459,0.8179034582132565,0.518170545593285,0.3885330800110318,0.3114395014499908,0.2699291588632847,0.2086576457909232
0.1382759331820994,0.286694624475791,0.5214579262952233,0.8030620112347174,0.3392857142857143,0.3979223125564589,0.8284402017291067,0.5199828309805419,0.3888395182790427,0.3122416239896342,0.2725348098689031,0.2117710453837863
0.1211590018560528,0.2984178421654593,0.5410631274001213,0.805485185593127,0.319812925170068,0.4166214995483288,0.8202449567723343,0.5098244944677605,0.3841816566052769,0.3086012216943297,0.2685041934695871,0.2047658962998443
0.0974427717055063,0.3086160884483415,0.5637000606346425,0.8122039872232625,0.2957482993197278,0.4365853658536586,0.7997118155619598,0.4931800839374285,0.3778690282842522,0.305546985870303,0.2625193388160573,0.193030774757514
0.0795009280263971,0.3445482272207395,0.6008219362662534,0.8010794140323824,0.2648809523809524,0.4785004516711833,0.7839517291066284,0.4752956886684472,0.3725063585940613,0.3055778367372123,0.2601579675922156,0.1838103221171117
0.0756857083934832,0.3813381624094548,0.6293202182847132,0.7818041634541248,0.2453231292517006,0.515085817524842,0.795749279538905,0.4738649370469286,0.377838384457451,0.3151107546122046,0.2692370328149173,0.1884804215064064
0.103010930088678,0.3897255051467784,0.6174627770666307,0.7624187685868486,0.2641156462585033,0.5111111111111111,0.8411383285302594,0.5113983212514307,0.4127723470106947,0.3533966804467205,0.3053090139239475,0.2218895940605915
0.1748814188492472,0.3820053373999237,0.5649801253115946,0.7284943275691156,0.3268707482993197,0.47226738934056,0.8954430835734871,0.5944296070202213,0.493733337419177,0.4399642129943852,0.388201286540184,0.3019398874386301
0.2931532274695813,0.3538886770873045,0.4677625816883379,0.6815728604471858,0.4369897959183673,0.3937669376693767,0.9211095100864556,0.6956314383822969,0.6068090583152025,0.5671623372616771,0.5076948131259669,0.4167764339600047
0.4582388121262116,0.3358749523446435,0.3471670147544297,0.603810992400044,0.5812074829931972,0.3043360433604336,0.8958933717579252,0.8060854635635254,0.7473722918518065,0.7235145307583144,0.6534077029557854,0.5653813914501257
0.6585893998762631,0.3566526877621044,0.2310853601024051,0.4848551602599404,0.7369897959183672,0.2364046973803071,0.8359149855907781,0.920259442960702,0.8921643734869612,0.8797741716542236,0.80213337676085,0.7293138546281882
0.8232625283563622,0.4032596263820052,0.1563700060634642,0.3699746668135257,0.8520408163265305,0.2084010840108401,0.7668407780979828,0.9889355207935904,0.9690803787576994,0.9633491701116804,0.8984203240778438,0.855885522691893
0.9185399051350795,0.4191765154403354,0.1053695344606885,0.3098358850093622,0.9235544217687076,0.1817524841915085,0.6779538904899136,0.9961369706219,0.9775380749548004,0.9691491330906398,0.930258122302744,0.9216860256256736
0.990204165807383,0.3801944338543651,0.0309910395472613,0.2940852516797003,1.0,0.1133694670280036,0.5426873198847263,0.9617035482640216,0.9547084239879876,0.927006848892454,0.9141763700024428,0.946892587714046
0.9218395545473294,0.2775447960350743,0.0030991039547261,0.3899107831258949,0.9894557823129252,0.046070460704607,0.4539805475504323,0.8202022128958414,0.8225109551680815,0.783951379033751,0.7895936812963115,0.8476829122260806
0.7239637038564652,0.181090354555852,0.0642053493229131,0.5513823108271836,0.8693027210884352,0.0412827461607949,0.3327629682997118,0.5251335368180083,0.5350718597738486,0.5342136114024805,0.5705154303395489,0.6440546042390132
0.4680346463188286,0.1981509721692717,0.2435491477464124,0.6781583874876087,0.650595238095238,0.1696476964769647,0.2391030259365994,0.2386016787485692,0.2375203015352557,0.2627259826001111,0.3160166110251608,0.3873787570350855
0.3099608166632295,0.234273732367518,0.3722967055177524,0.7417116422513493,0.5041666666666667,0.2730803974706414,0.2078530259365994,0.1302460892789012,0.1098581190819109,0.1333374467822546,0.1786092337757511,0.230211950664591
0.2825324809239019,0.2415173465497521,0.3953378697028902,0.7521753497081176,0.4783163265306122,0.2919602529358626,0.2969200288184438,0.2186665394887447,0.1712989918180982,0.1699882766705744,0.1890725510951876,0.213806729732966
0.2545885749639101,0.2704918032786885,0.4340766691369669,0.7504130410838198,0.4423469387755102,0.3317073170731707,0.4690201729106628,0.3550171690194582,0.2712285110164557,0.2392176220151786,0.2345493038026219,0.2303316968027781
0.2178799752526294,0.2906976744186046,0.4722764939702216,0.75834342989316,0.4030612244897959,0.3668473351400181,0.6243695965417868,0.4565051507058374,0.3413109429105507,0.2842598877028444,0.2604022473739923,0.2278769009699437
0.2045782635594967,0.2864086923370186,0.4780030991039547,0.7679259830377795,0.3939625850340135,0.368654019873532,0.7185698847262249,0.5106829454406715,0.3777464529770478,0.3054235824026655,0.2713134109600195,0.2259010896898575
0.1879769024541142,0.2657262676324818,0.4742976487233039,0.7887432536622976,0.3894557823129251,0.3563685636856368,0.7547730547550432,0.522033574971385,0.3867863818833696,0.3078916517554144,0.269684879081508,0.2212309903005627
0.1626108475974427,0.2477125428898207,0.4780704709290574,0.8126445643793369,0.3767006802721088,0.3503161698283649,0.7712536023054756,0.5177890118275468,0.3841203689516747,0.302122539643364,0.2615015063919876,0.2070410729253981
0.1496184780367085,0.2447579107891726,0.4845381661389206,0.8212358189227889,0.3671768707482992,0.353297199638663,0.7864733429394812,0.5154998092331171,0.3823123831704103,0.2978034182760535,0.2555573650354205,0.1977607472159022
0.1517838729634976,0.2624857033930613,0.4955871454557704,0.8098909571538716,0.3611394557823129,0.3691056910569106,0.8047550432276657,0.521032048836322,0.385223546716514,0.2991300055531561,0.2569823304291181,0.1994371931505209
0.1476593111981851,0.269443385436523,0.5032001616923802,0.8081286485295737,0.3546768707482993,0.3775067750677507,0.8214157060518733,0.527088897367417,0.3880121349554132,0.3014746714382674,0.2591401351681459,0.2013531313615136
0.1299236956073417,0.2548608463591307,0.5044802263693323,0.8259720233505892,0.3465136054421768,0.3714543812104788,0.8218659942363113,0.5233212514307516,0.3841816566052769,0.2968778922687728,0.252585294357137,0.1924320440665788
0.1039389564858733,0.2330346930995043,0.5060297783466954,0.8524066527150567,0.3348639455782313,0.3621499548328817,0.8146613832853027,0.5134013735215567,0.3757239604081758,0.2884247547356081,0.2406155850500773,0.1757873308585798
0.0881625077335533,0.2281738467403735,0.5129017045071751,0.863751514483974,0.3239795918367346,0.3644083107497742,0.8192543227665707,0.5105398702785197,0.3733950295712929,0.2844449929043006,0.2337350378633661,0.1671656089091126
0.0962054031759125,0.2438048036599313,0.5186283096409081,0.8503139112237029,0.3237244897959183,0.3757000903342366,0.8293407780979828,0.5173597863410911,0.3772255079214293,0.2865120009872277,0.2351192899601009,0.1684828164291701
0.1029078160445452,0.2567670606176133,0.5234790810483055,0.8392994823218416,0.3233843537414965,0.3850948509485094,0.8343840057636889,0.5221766501335369,0.3808108356571569,0.289103473807614,0.2382949271231984,0.1735720273021194
0.0943493503815219,0.2553373999237514,0.528060365155292,0.8446965524837536,0.3169217687074829,0.3875338753387534,0.8324027377521613,0.5187428462418925,0.3801979591211351,0.2887949651385204,0.2368699617295008,0.1699796431565082
0.0878531656011548,0.247903164315669,0.5270497877787509,0.8525167970040753,0.3148809523809524,0.3832881662149955,0.824477665706052,0.514450591377337,0.3767045628658107,0.2846917998395755,0.231251526748636,0.1619566518979762
0.0928026397195298,0.2439954250857796,0.5211210671697096,0.8520762198480009,0.3207482993197278,0.3775067750677507,0.8215057636887608,0.5133059900801221,0.3766739190390096,0.2834886160301105,0.230681540591157,0.1606394443779188
0.1043514126624046,0.2502859321387723,0.5179545913898808,0.8422733781253441,0.3274659863945578,0.378319783197832,0.8305115273775217,0.5209843571156048,0.381209205405571,0.2876843339297834,0.2364221154629101,0.1683630702909831
0.1160032996494122,0.2551467784979031,0.5137775382335107,0.8332415464258177,0.3349489795918366,0.3778681120144534,0.8373559077809799,0.5285673407096528,0.3844880948732878,0.2916949466280003,0.2427326764921423,0.1774039037241049
0.1120849659723654,0.2447579107891726,0.5090615104763188,0.8412820795241767,0.3363095238095238,0.3697380307136404,0.8349243515850144,0.5277565814574591,0.3826494652652223,0.2908619732214476,0.242203403631626,0.1766854268949826
0.1039389564858733,0.2259817003431185,0.5010442632890925,0.8565921356977639,0.3379251700680272,0.3554652213188798,0.8273595100864555,0.5235120183136208,0.3789722060490914,0.2868513605232307,0.2371142415112775,0.1705185007783498
0.1070323778098577,0.2203583682805946,0.4950481708549484,0.8581341557440245,0.3430272108843537,0.348780487804878,0.8261887608069165,0.5242750858450973,0.3782673980326663,0.284907755907941,0.2345085905056591,0.1670458627709256
0.1250773355330996,0.2345596645062904,0.4932291315771743,0.8402907809230091,0.3516156462585033,0.3542908762420957,0.8409582132564841,0.5333842045020984,0.3832929856280453,0.2893811316097983,0.2393941861411937,0.1744102502694287
0.1366261084759744,0.2483797178802897,0.4955197736306676,0.8261923119286264,0.3549319727891156,0.3624209575429087,0.8543768011527378,0.5415871804654713,0.3881347102626176,0.2934534460418338,0.2450533344190212,0.1815351454915579
0.1239430810476386,0.2401829965688142,0.498012531159469,0.8376473179865623,0.3481292517006802,0.3601626016260162,0.8588796829971183,0.5409671880961465,0.3878282719946067,0.2921268587647314,0.2426919631951795,0.1770446653095437
0.1096102289131779,0.2217880289744567,0.494374452603921,0.8559312699636523,0.3444727891156462,0.3489611562782294,0.8518551873198849,0.5352441816100725,0.3833542732816474,0.2865428518541371,0.235485709632766,0.1677643396000478
0.1103320272221076,0.2188333968738085,0.4917469514249141,0.8572530014318758,0.3464285714285714,0.3457994579945799,0.8514048991354468,0.5331934376192293,0.382220451690007,0.2852162645770347,0.2334500447846266,0.1657286552508681
0.1238399670035058,0.229222264582539,0.4903995149228592,0.844035686749642,0.352891156462585,0.3498644986449864,0.8641930835734871,0.540871804654712,0.3851009714093096,0.2879619917319677,0.2374399478869798,0.172374565920249
0.1276551866364198,0.2278879146016011,0.4868961800175166,0.8427139552814186,0.3567176870748298,0.3468834688346883,0.8749099423631124,0.5471194200686761,0.3887475867986394,0.2900907015487136,0.2404527318622261,0.1768650461022632
0.1197154052381934,0.2126382005337399,0.4812369467088863,0.8558211256746336,0.3569727891156462,0.3358626919602529,0.8787824207492795,0.5451640595192675,0.3856525602917292,0.2859566853828593,0.2353228564449148,0.1706382469165369
0.1069292637657248,0.199008768585589,0.4800242538570369,0.870580460403128,0.3524659863945578,0.3286359530261969,0.8728386167146974,0.5414917970240367,0.3814849998467809,0.2797865120009872,0.2273023369432456,0.161357921207041
0.1058981233243967,0.1963400686237132,0.4788115610051875,0.8726732018944817,0.3528061224489795,0.3264679313459801,0.8688760806916427,0.5401564288439528,0.3781141788986609,0.276084407971864,0.2224574546046739,0.1557897257813435
0.119921633326459,0.2106366755623331,0.4797547665566259,0.8569225685648199,0.3579931972789115,0.3338753387533875,0.8727485590778099,0.5424456314383823,0.3792786443171023,0.2767014253100512,0.2242081263740737,0.1601005867560771
0.123736852959373,0.21702249332825,0.4817759213097082,0.8510849212468333,0.3583333333333333,0.3383017163504968,0.8722982708933719,0.5430656238077071,0.3794012196243067,0.2759301536373172,0.2251038189072551,0.1617171596216022
0.1108475974427717,0.2047274113610369,0.4815064340092972,0.8650732459521974,0.3531462585034013,0.3323396567299006,0.8671649855907781,0.542397939717665,0.3778996721110532,0.2731535756154748,0.222620307792525,0.1592623637887678
0.0978552278820375,0.1911932901258101,0.4804958566327561,0.8799427249697103,0.3483843537414965,0.3252032520325203,0.8592399135446688,0.5404425791682563,0.3746207826433365,0.2682482877768866,0.2161468935754417,0.1499820380792719
0.0955867189111157,0.1959588257720167,0.4852118843899481,0.8784007049234497,0.3445578231292516,0.3306233062330623,0.8649135446685879,0.5446394505913774,0.375111083872154,0.266921700499784,0.2152919143392231,0.1492635612501497
0.1058981233243967,0.211971025543271,0.4898605403220373,0.8636413701949552,0.3458333333333333,0.3412827461607949,0.8844560518731989,0.5564669973292636,0.3805350412159471,0.2706238045289073,0.2202996498656461,0.1553107412285953
0.1071354918539905,0.2175943576057948,0.4930270161018661,0.8596761757902852,0.3443027210884354,0.3461607949412827,0.8958933717579252,0.5645745898512019,0.3838139306836638,0.2708089097303635,0.222416741307711,0.1590228715123937
0.0957929469993813,0.2137819290888295,0.4977430438590581,0.8679369974666813,0.336734693877551,0.3475158084914182,0.899135446685879,0.5649084318962229,0.382526889958018,0.2676312704386993,0.2194853839263903,0.1556699796431565
0.0857908847184986,0.211971025543271,0.502998046217072,0.874325366229761,0.3292517006802721,0.3501355013550135,0.8923811239193083,0.562905379626097,0.3799221646799253,0.2630961930030234,0.2141926553212279,0.1480660998682792
0.0906372447927407,0.2233130003812428,0.5078488176244694,0.8651833902412158,0.3282312925170068,0.3588075880758807,0.8931015850144093,0.5658622663105685,0.3798608770263231,0.2612451409884618,0.2128898298184186,0.14621003472638
0.1025984739121468,0.2403736179946625,0.5120932426059422,0.8489921797554796,0.3304421768707483,0.3696476964769647,0.9029178674351586,0.5735883250667685,0.3843961633928845,0.2637749120750293,0.2163504600602556,0.1526164531193869
0.1168282120024747,0.2499999999999999,0.5096004850771407,0.8357748650732458,0.3378401360544217,0.3725383920505872,0.914985590778098,0.5827451354444868,0.3880427787822143,0.2660270253594126,0.22050321635046,0.1601604598251706
0.1171375541348731,0.2456157072054898,0.5062992656471063,0.8381980394316554,0.3400510204081632,0.3682926829268292,0.9118335734870318,0.5844143456695918,0.3871234639781816,0.2634972542728451,0.2176939988600276,0.1578852831996168
0.1086822025159826,0.2311284788410217,0.5016506097150172,0.8509747769578148,0.3395408163265305,0.3583559168925022,0.9036383285302594,0.582935902327356,0.3850090399289063,0.2600111063120874,0.2139483755394511,0.1526763261884804
0.1173437822231387,0.2230270682424704,0.490197399447551,0.8510849212468333,0.3503401360544217,0.3467931345980126,0.9064301152737751,0.5867035482640214,0.38792020347501,0.2602579132473623,0.2143962218060418,0.1542928990540055
0.1355949680346463,0.2317003431185665,0.4844034224887151,0.836325586518339,0.3614795918367346,0.3470641373080397,0.9185878962536024,0.6005341472720336,0.3965004749793154,0.266921700499784,0.2209103493200879,0.1666267512872709
0.1547741802433491,0.2405642394205108,0.4780704709290574,0.8210155303447516,0.373469387755102,0.346973803071364,0.929935158501441,0.6136493704692865,0.4073790334937027,0.2763620657740482,0.2316179464213011,0.1812956532151838
0.1605485667147865,0.2359893252001524,0.4711985447685777,0.8205749531886771,0.3801020408163265,0.3401987353206865,0.925522334293948,0.6172739412438001,0.4129562099715013,0.2823162830875548,0.2389056265776402,0.1887199137827805
0.1587956279645287,0.2341784216545939,0.4709964292932695,0.8225575503910122,0.3795068027210884,0.3392050587172538,0.9081412103746398,0.6141739793971767,0.4153770722887874,0.2870673165915963,0.2439540754010259,0.1914740749610825
0.1704475149515364,0.2496187571483034,0.4742302768982012,0.8073576385064434,0.382312925170068,0.3486901535682023,0.8996757925072048,0.6126478443342236,0.4190236876781172,0.2940396125131116,0.2518524550118068,0.1987187163213986
0.1869457620127861,0.2618185284025924,0.4721417503200161,0.7914968608877629,0.390391156462585,0.3531165311653116,0.9059798270893372,0.6164631819916062,0.4268685073391965,0.3073980378848646,0.2667128084032245,0.2163812717039875
0.1937512889255516,0.2690621425848265,0.4728154685710435,0.7836766163674413,0.3927721088435373,0.3570009033423667,0.9069704610951008,0.6188954597481877,0.4326601906046027,0.319337323378787,0.281206742121977,0.2341037001556699
0.1857083934831924,0.2662028211971025,0.4759819443508725,0.7896244079744466,0.3874999999999999,0.3577235772357723,0.8913004322766571,0.6065909958031286,0.4284313425060522,0.3202937002529771,0.2818581548733816,0.2317686504610226
0.1738502784079191,0.2590545177277926,0.4788115610051875,0.8000881154312148,0.3808673469387755,0.3561878952122855,0.8691462536023055,0.5879435330026708,0.4214139061686024,0.3180107361016845,0.2781125315528051,0.2239851514788647
0.1756032171581769,0.262962256957682,0.4803611129825506,0.7968939310496751,0.3806122448979591,0.3590785907859078,0.8568083573487032,0.5774513544448684,0.4178285784328747,0.3187511569075091,0.2793339304616887,0.2235660399952101
0.18158383171788,0.2736370568051848,0.4839991915380987,0.7875316664830928,0.38078231292517,0.366576332429991,0.8554574927953892,0.5724437237695537,0.4172769895504551,0.3233170852100944,0.2852780718182558,0.2299724583882169
0.1823056300268096,0.2788791460160121,0.4872330391430303,0.7841171935235158,0.3789965986394557,0.3712737127371274,0.8523955331412104,0.5643838229683327,0.4145803327919591,0.3246436724871969,0.2878022962299487,0.2321877619446772
0.1701381728191379,0.2701105604269919,0.4889847065957016,0.7956823438704702,0.3728741496598639,0.3682926829268292,0.8387968299711815,0.552651659671881,0.4066742254772776,0.3206022089220707,0.2823060011399723,0.2245838821698
0.153227469581357,0.2499999999999999,0.4858856026409755,0.8163894702059699,0.3678571428571428,0.3567299006323396,0.8156520172910664,0.5381056848531095,0.3976036527441547,0.3137533164681927,0.2733083625111961,0.2130882529038438
0.1479686533305836,0.2456157072054898,0.4861550899413864,0.8216763960788632,0.3655612244897959,0.3547425474254742,0.8066462536023055,0.5303319343761923,0.3931909416847977,0.3114703523169001,0.2700920120511359,0.2072805652017722
0.1558053206846772,0.2537171178040411,0.4866940645422084,0.8127547086683555,0.3683673469387755,0.3589882565492321,0.8122298270893371,0.5334318962228157,0.3952134342536696,0.3151724563460233,0.2753033140623727,0.2127888875583762
0.1576613734790678,0.2562905070529927,0.4873677827932358,0.810331534309946,0.3687074829931973,0.3607046070460704,0.8184438040345823,0.5358164822586798,0.3971133515153373,0.3171777626951317,0.2783975246315446,0.2173991138785774
0.1469375128892555,0.2520968356843309,0.4913427204742976,0.8184822116973235,0.3618197278911564,0.3613369467028003,0.807456772334294,0.5294734834032813,0.3940489688352281,0.3138458690689209,0.2747740412018565,0.2121302837983475
0.1376572489173025,0.2470453678993518,0.4939028498282018,0.8263024562176451,0.3563775510204081,0.3607046070460704,0.794578530259366,0.5212705074399084,0.3899120522170809,0.3096810020361572,0.2690334663301034,0.2034486887797868
0.1386883893586306,0.2551467784979031,0.4989557367109074,0.8211256746337702,0.3535714285714285,0.3679313459801265,0.797550432276657,0.5218904998092332,0.3899120522170809,0.3095884494354292,0.2681784870938848,0.2029697042270386
0.1530212414930913,0.2766869996187571,0.504817085494846,0.8010794140323824,0.35578231292517,0.3820234869015357,0.8085374639769453,0.529282716520412,0.3949069959856587,0.3151416054791139,0.2749368943897076,0.2131481259729373
0.1571458032584038,0.2900304994281356,0.5114868961800175,0.7910562837316883,0.3533163265306122,0.3927732610659439,0.8154719020172911,0.5357687905379627,0.3985842552017896,0.3198309372493367,0.2799853432130934,0.220572386540534
0.1488966797277789,0.2835493709492946,0.5124301017314559,0.7993171054080845,0.3493197278911564,0.3904245709123757,0.8077269452449568,0.5320965280427318,0.3965924064597187,0.3175171222311347,0.2773389789105121,0.2157226679439588
0.1389977314910291,0.2726839496759435,0.5111500370545038,0.8107721114660205,0.3460884353741496,0.3843721770551039,0.7938580691642652,0.5246089278901183,0.3925474213219747,0.3130437465292775,0.2715576907417962,0.2075799305472398
0.1405444421530212,0.2774494853221502,0.5135080509330997,0.8072474942174248,0.3451530612244897,0.3881662149954833,0.7936779538904899,0.523368943151469,0.3922409830539638,0.3125501326587278,0.2715169774448334,0.2073404382708657
0.153227469581357,0.2936523065192527,0.5166071548878258,0.7910562837316883,0.348469387755102,0.3979223125564589,0.8069164265129682,0.5323349866463182,0.3971439953421383,0.317547973098044,0.2779903916619167,0.2157825410130523
0.165188698700763,0.3048989706443004,0.5168092703631341,0.7781694019165106,0.3533163265306122,0.4034327009936765,0.8181736311239193,0.5373903090423503,0.4016486378818987,0.3217128401308077,0.2829981271883397,0.2235660399952101
0.15590843472881,0.2913648494090735,0.5132385636326888,0.7909461394426699,0.3517006802721088,0.3946702800361336,0.818263688760807,0.5365795497901564,0.4011889804798824,0.3212192262602579,0.2809217490432375,0.220572386540534
0.1450814600948649,0.2682043461685093,0.5040086235936131,0.8101112457319087,0.3530612244897959,0.3774164408310749,0.8131304034582134,0.5324303700877527,0.3976036527441547,0.317887332634047,0.2757511603289634,0.2127290144892827
0.148277995462982,0.267251239039268,0.5012463787644007,0.8090098028417226,0.3561224489795918,0.3751580849141825,0.816192363112392,0.5352441816100725,0.398706830508994,0.3183809465045968,0.2767282794560703,0.213686983594779
0.1619921633326459,0.2820243995425085,0.5026611870915583,0.7931490252230422,0.3608843537414966,0.3831074977416441,0.8349243515850144,0.5454979015642885,0.4045904452548035,0.3237798482137348,0.2840566729093722,0.2236259130643036
0.170653743039802,0.2879336637438047,0.5013137505895034,0.7851084921246833,0.3653061224489796,0.3850045167118338,0.8484329971181557,0.5530808851583365,0.4096160328501824,0.3281298204479546,0.289837961078088,0.2298527122500299
0.1616828212002475,0.2743995425085779,0.4976083002088526,0.7976649410728054,0.3639455782312925,0.3761517615176152,0.8481628242074928,0.5499332315909958,0.4076241841081114,0.3257543036959339,0.2862959042423255,0.2256615974134834
0.1563208909053413,0.2563858177659168,0.4883109883446742,0.8109924000440577,0.3676020408163265,0.3613369467028003,0.8333933717579252,0.5411579549790156,0.401740569362302,0.3198000863824273,0.2781532448497679,0.216441144773081
0.1582800577438647,0.2519062142584826,0.4838644478878933,0.8125344200903183,0.371173469387755,0.3562782294489611,0.8354646974063401,0.5387733689431515,0.4001164465418442,0.3176096748318628,0.2755068805471867,0.2147646988384624
0.1684883481130129,0.2553373999237514,0.4795526510813177,0.8051547527260711,0.3781462585034013,0.3549232158988257,0.8439301152737754,0.5422548645555132,0.4033034045291576,0.3210341210588018,0.2803110495887956,0.221829720991498
0.1727160239224582,0.2541936713686618,0.4760493161759752,0.8035025883907918,0.382142857142857,0.3520325203252032,0.8394272334293948,0.540537962609691,0.4015873502282965,0.3214660331955328,0.2822652878430095,0.2244641360316129
0.1601361105382553,0.2439954250857796,0.4770598935525163,0.8161691816279325,0.3762755102040816,0.3479674796747967,0.8156520172910664,0.529616558565433,0.3955505163484816,0.3163139384216697,0.2760768667046657,0.2154831756675847
0.1465250567127242,0.2333206252382767,0.4784073300545711,0.8294966405991848,0.369812925170068,0.3437217705510388,0.7952089337175793,0.5197920640976726,0.3905862164067049,0.3110075893132598,0.2693591727058056,0.2062028499580888
0.1480717673747164,0.2343690430804422,0.4782052145792629,0.8281749091309615,0.3705782312925169,0.3441734417344173,0.7907961095100866,0.5179320869896986,0.3884105047038274,0.3095267477016104,0.2674456477485546,0.2045264040234702
0.1544648381109507,0.2434235608082348,0.4803611129825506,0.8194735102984909,0.3718537414965986,0.3498644986449864,0.8015129682997119,0.5216043494849294,0.3904023534458983,0.3116863083852657,0.27102841788128,0.2105137109328224
0.1542586100226851,0.2461875714830346,0.4824496395607356,0.818041634541249,0.3704081632653061,0.3525745257452575,0.8079971181556197,0.5256581457458985,0.3931909416847977,0.31437033380638,0.274489048123117,0.2153634295293976
0.1478655392864508,0.2337971788028974,0.477935727278852,0.828615486287036,0.3706632653061224,0.3436314363143631,0.8010626801152738,0.521699732926364,0.3897281892562744,0.3117480101190844,0.2702141519420242,0.2091965034127649
0.1383790472262322,0.2262676324818909,0.4787441891800848,0.8379777508536183,0.3662414965986394,0.340650406504065,0.787013688760807,0.5126859977107975,0.3841510127784758,0.3069661257481335,0.2648399967429362,0.2017722428451682
0.1348731697257166,0.2349409073579869,0.4870982954928248,0.834893710761097,0.3595238095238094,0.3504065040650406,0.7859329971181557,0.5114937046928653,0.3852848343701162,0.3079225026223237,0.2655321227913036,0.2021314812597293
0.1497215920808414,0.2626763248189095,0.4970693256080307,0.810882255755039,0.3593537414965986,0.370189701897019,0.7974603746397695,0.5185997710797405,0.3910458738087213,0.3136299130005553,0.2735526422929729,0.2120704107292539
0.1547741802433491,0.2835493709492946,0.5084551640503941,0.7961229210265448,0.3542517006802721,0.3877145438121048,0.8015129682997119,0.5226535673407097,0.3937731743940184,0.3167767014253101,0.2773796922074749,0.2177583522931385
0.1452876881831305,0.2865993137628669,0.5168766421882369,0.7994272496971031,0.3449829931972789,0.3948509485094851,0.7916966858789626,0.5163582602060283,0.3908313670211136,0.3147405442092923,0.2738376353717123,0.2140462220093401
0.1415755825943493,0.2804041174227982,0.5149228592602573,0.8050446084370525,0.3447278911564626,0.3906052393857271,0.7806195965417868,0.5105875619992369,0.3870008886709772,0.3105448263096193,0.2683006269847732,0.2063225960962759
0.1424004949474118,0.2807853602744948,0.5146533719598464,0.8043837427029408,0.3452380952380952,0.3905149051490515,0.7800792507204611,0.5119229301793209,0.3877669843410046,0.3106682297772568,0.2679749206090709,0.2056041192671536
0.1542586100226851,0.2930804422417079,0.5155965775112847,0.7908359951536512,0.3495748299319727,0.3970189701897018,0.7909762247838616,0.5206505150705838,0.3918732571323507,0.3147096933423829,0.272941942838531,0.2144653334929948
0.1605485667147865,0.2962256957682043,0.5137101664084079,0.7856592135697763,0.3533163265306122,0.397289972899729,0.8024135446685879,0.5261827546737887,0.3945086262372446,0.317455420497316,0.2772168390196238,0.2196144174350377
0.1528150134048257,0.2917460922607701,0.5156639493363875,0.7924881594889305,0.3488945578231292,0.3963866305329719,0.7970100864553314,0.5206982067913011,0.391658750344743,0.314802245943111,0.2741226284504519,0.2155430487366782
0.138482161270365,0.2878383530308806,0.5222663881964562,0.8024011455006057,0.3387755102040816,0.3990063233965673,0.7917867435158501,0.5131629149179703,0.386908957190574,0.3099278089714321,0.2678527807181825,0.2065620883726499
0.1409568983295524,0.2942241707967975,0.5250960048507713,0.7973345082057495,0.3380102040816326,0.4039747064137308,0.7961095100864555,0.5136875238458604,0.3874605460729936,0.3098969581045228,0.2688706131422522,0.2061429768889953
0.1554959785522788,0.3089973313000381,0.5260392104022098,0.7810331534309946,0.3434523809523809,0.4115627822944896,0.8122298270893371,0.5227489507821442,0.3931296540311955,0.3151724563460233,0.2761582932985913,0.2162016524967069
0.1581769436997319,0.311856652687762,0.5263086977026207,0.7779491133384734,0.3443877551020408,0.4130984643179765,0.8243876080691643,0.5271365890881343,0.3957956669628903,0.317887332634047,0.2786825177102841,0.2203927673332535
0.1437409775211383,0.2980365993137628,0.525971838577107,0.7935896023791166,0.3386904761904762,0.406323396567299,0.8187139769452451,0.5225581838992751,0.3921490515735605,0.3146788424754736,0.2738376353717123,0.2130882529038438
0.1341513714167869,0.2841212352268394,0.5224011318466617,0.8068069170613503,0.3369047619047619,0.3973803071364047,0.8115093659942364,0.5168828691339183,0.3880427787822143,0.3095267477016104,0.2676899275303314,0.2050053885762184
0.1370385646525056,0.2792603888677087,0.5171461294886478,0.8081286485295737,0.3414115646258503,0.3915085817524841,0.8168227665706053,0.5162151850438764,0.3863880121349555,0.3080150552230518,0.2653692696034525,0.2034486887797868
0.1484842235512476,0.2806900495615707,0.5106110624536818,0.8010794140323824,0.3502551020408163,0.3878048780487805,0.8293407780979828,0.5235120183136208,0.388931449759446,0.3110075893132598,0.2697255923784707,0.2101544725182612
0.152093215095896,0.2779260388867708,0.5062992656471063,0.8008591254543451,0.3545068027210883,0.3835591689250225,0.830421469740634,0.5252766119801603,0.3900039836974842,0.3118405627198125,0.2711912710691311,0.2134474913184049
0.144462775830068,0.2676324818909645,0.5040086235936131,0.810882255755039,0.3528061224489795,0.3772357723577236,0.8091678674351586,0.5148798168637925,0.3840284374712714,0.3065959153452212,0.2659392557609315,0.2062627230271823
0.1386883893586306,0.2560045749142203,0.4994947113117294,0.8205749531886771,0.3532312925170067,0.368654019873532,0.7853025936599425,0.5035768790537963,0.3769803573070205,0.3003023384957118,0.2584072958228157,0.1967429050413124
0.1377603629614353,0.2503812428516965,0.4961934918816951,0.8244300033043287,0.3549319727891156,0.3637759710930442,0.778278097982709,0.5005246089278902,0.3748659332577452,0.2978959708767817,0.2569416171321553,0.1951263321757873
0.1446690039183336,0.2542889820815859,0.4944418244290238,0.8183720674083048,0.3589285714285714,0.3644986449864499,0.7860230547550432,0.5033861121709271,0.3767352066926118,0.3001172332942556,0.2602393941861411,0.2017123697760747
0.1484842235512476,0.253621807091117,0.4915448359496058,0.8168300473620442,0.362329931972789,0.3622402890695573,0.7935878962536024,0.5087275848912629,0.3784512609934729,0.3024001974455483,0.2630078983796107,0.2076398036163333
0.1354918539905135,0.2407548608463591,0.4908711176985784,0.8311488049344641,0.3573979591836734,0.3556458897922312,0.7826909221902019,0.5036245707745135,0.3733337419176907,0.2981119269451472,0.2580408761501506,0.20129325829242
0.1222932563415137,0.2302706824247044,0.4920838105504277,0.8442559753276793,0.3511904761904761,0.351490514905149,0.7730547550432276,0.4951354444868371,0.3685226611099195,0.2930523847720121,0.2518524550118068,0.1918333133756436
0.1276551866364198,0.2337018680899732,0.4910058613487839,0.8394096266108602,0.3540816326530612,0.352393857271906,0.7730547550432276,0.4949446776039679,0.368032359881102,0.2923119639661874,0.2509974757755883,0.1895581367500898
0.1460094864920602,0.2509531071292413,0.4912079768240921,0.8196937988765282,0.3614795918367346,0.3607046070460704,0.7827809798270894,0.5024322777565815,0.3735482487052983,0.2973715061393225,0.2566973373503786,0.1975811280086217
0.1498247061249742,0.264391917651544,0.4982146466347773,0.8098909571538716,0.3586734693877551,0.3717253839205058,0.7898054755043228,0.5074876001526135,0.3788802745686881,0.3028012587153699,0.2622343457373178,0.203927673332535
0.1364198803877088,0.2636294319481509,0.5063666374722091,0.817490913096156,0.3480442176870748,0.3768744354110208,0.7810698847262249,0.5037199542159481,0.3774093708822358,0.3015672240389955,0.2601986808891784,0.2000957969105496
0.1255929057537636,0.262962256957682,0.5130364481573805,0.8236589932811984,0.3393707482993197,0.3810298102981029,0.7742255043227667,0.4988553987027852,0.3742837005485245,0.2982044795458753,0.2568194772412669,0.1947670937612262
0.1339451433285213,0.269443385436523,0.5120932426059422,0.8153981716048022,0.3433673469387754,0.3834688346883469,0.7738652737752162,0.5008584509729112,0.3744675635093311,0.299037452952428,0.2580815894471134,0.1962639204885642
0.1440503196535368,0.2811666031261913,0.5138449100586134,0.8031721555237361,0.3464285714285714,0.3902439024390244,0.7812500000000001,0.5051507058374667,0.3780222474182576,0.3035108286542852,0.2632928914583503,0.2039875464016285
0.1496184780367085,0.285264963781929,0.5131038199824833,0.7978852296508425,0.3491496598639456,0.3916892502258355,0.7868335734870318,0.5090614269362839,0.3809640547911624,0.30665761707904,0.2680156339060336,0.2101544725182612
0.1434316353887399,0.2721120853983987,0.5078488176244694,0.8087895142636854,0.3499149659863945,0.3818428184281843,0.7798991354466859,0.5070106829454407,0.3794012196243067,0.3040352933917443,0.2651249898216757,0.2065620883726499
0.1344607135491854,0.2636294319481509,0.5077140739742639,0.8184822116973235,0.346343537414966,0.3777777777777777,0.7759365994236312,0.5021461274322777,0.3754788097937671,0.3001172332942556,0.2594251282468854,0.201173512154233
0.134666941637451,0.2723980175371711,0.5137775382335107,0.8133054301134486,0.3426020408163265,0.3859981933152664,0.7819704610951009,0.5032907287294925,0.3761529739833911,0.3011044610353551,0.2596286947316993,0.2000359238414561
0.1475561971540523,0.2885055280213495,0.5167418985380313,0.7971142196277123,0.3460034013605441,0.3956639566395664,0.7954791066282422,0.5123521556657764,0.3823123831704103,0.3061640032084902,0.2661835355427082,0.2088372649982038
0.1542586100226851,0.295367899351887,0.5172808731388533,0.7895142636854279,0.348469387755102,0.3992773261065944,0.8084474063400577,0.5194582220526517,0.3876137652069991,0.3109767384463504,0.2720869636023125,0.2158424140821458
0.1464219426685914,0.2832634388105222,0.5137775382335107,0.8007489811653266,0.3474489795918367,0.3911472448057814,0.809077809798271,0.5176459366653949,0.386939601017375,0.3112235453816253,0.2704177184268382,0.2126092683510956
0.1337389152402557,0.2707777354174608,0.5132385636326888,0.8147373058706906,0.3426020408163265,0.3848238482384823,0.8039445244956773,0.5120660053414727,0.3837219992032605,0.3082618621583267,0.2667535217001872,0.2059633576817147
0.1334295731078573,0.272302706824247,0.5144512564845382,0.8139662958475603,0.3416666666666666,0.3863595302619692,0.8024135446685879,0.5110167874856925,0.3824962461312169,0.3072437835503178,0.2657764025730804,0.2057238654053406
0.1460094864920602,0.2797369424323293,0.5115542680051203,0.8029518669456988,0.3487244897959183,0.3879855465221319,0.8176332853025937,0.5172167111789393,0.3857751355989336,0.3101437650397977,0.2706619982086149,0.2141659681475272
0.1464219426685914,0.2736370568051848,0.5069729838981337,0.8062561956162573,0.3517006802721088,0.3820234869015357,0.822856628242075,0.5179797787104159,0.3857751355989336,0.309742703769976,0.2716798306326846,0.2161417794276134
0.1349762837698494,0.2555280213495996,0.5016506097150172,0.8228879832580681,0.3503401360544217,0.3698283649503162,0.8067363112391932,0.5103491033956505,0.3797995893727209,0.3045906089961128,0.265654262682192,0.2074601844090528
0.1252835636213652,0.2439001143728555,0.4997641986121403,0.8347835664720784,0.3476190476190476,0.3630532971996387,0.7853025936599425,0.4994753910721099,0.3732418104372874,0.2979576726106003,0.2582037293380018,0.1972218895940606
0.1333264590637244,0.2525733892489515,0.5006400323384761,0.8255314461945148,0.3503401360544217,0.3677506775067751,0.778278097982709,0.4979969477298741,0.3711273863880122,0.2964151292651323,0.2561273511928996,0.1965632858340318
0.1467312848009899,0.2674418604651162,0.5023243279660445,0.8096706685758344,0.3548469387755102,0.3759710930442638,0.7878242074927955,0.5028138115223197,0.3748659332577452,0.300579996297896,0.260850093640583,0.2038079271943479
0.1526087853165601,0.2723980175371711,0.5020548406656336,0.8037228769688292,0.3573979591836734,0.3781391147244806,0.7955691642651297,0.5093952689813049,0.3788802745686881,0.304004442524835,0.2661021089487826,0.2101544725182612
0.1441534336976696,0.2587685855890201,0.4979451593343663,0.8161691816279325,0.356547619047619,0.3689250225835592,0.7860230547550432,0.5054368561617703,0.3762142616369933,0.3007651014993521,0.2621122058464294,0.2043467848161896
0.136316766343576,0.2453297750667174,0.4935659907026881,0.8280647648419429,0.3560374149659863,0.3596205962059621,0.777827809798271,0.5005246089278902,0.3734563172248951,0.2978342691429629,0.2580001628531878,0.1978206202849958
0.1445658898742008,0.247903164315669,0.4899952839722428,0.8221169732349377,0.361734693877551,0.358446251129178,0.7831412103746399,0.5020507439908433,0.3744062758557289,0.2988523477509718,0.2588144287924436,0.2003951622560172
0.1505465044339039,0.2560998856271444,0.4918816950751195,0.8142967287146161,0.3630102040816326,0.3635953026196928,0.7971902017291067,0.507916825639069,0.3765819875586063,0.3006416980317147,0.2617457861737643,0.2054843731289665
0.147762425242318,0.2484750285932138,0.4883783601697769,0.8201343760326026,0.3640306122448979,0.3576332429990966,0.8061959654178674,0.5099198779091949,0.3774400147090369,0.3003331893626211,0.2623971989251689,0.2060232307508082
0.1319859764899979,0.2270301181852839,0.483392845112174,0.8409516466571207,0.3607142857142857,0.3440831074977416,0.7993515850144093,0.5012399847386494,0.3717096190972329,0.2962300240636762,0.256249491083788,0.1960843012812836
0.1190967209733965,0.2162600076248569,0.4842686788385097,0.8540588170503358,0.3548469387755102,0.3396567299006323,0.7907961095100866,0.4950400610454025,0.368032359881102,0.2920034552970939,0.2508346225877371,0.1883008022991258
0.1246648793565683,0.2273160503240563,0.4883783601697769,0.8446965524837536,0.3545068027210883,0.3476061427280939,0.7929574927953891,0.4987123235406334,0.3705451536787915,0.2929906830381934,0.2527888608419509,0.1906957250628667
0.1407506702412868,0.2512390392680136,0.4948460553796402,0.8223372618129751,0.3570578231292517,0.3632339656729901,0.8016030259365994,0.507916825639069,0.3762142616369933,0.2991917072869748,0.2601986808891784,0.201173512154233
0.1480717673747164,0.2683949675943575,0.502189584315839,0.8084590813966295,0.3554421768707482,0.3763324299909665,0.8052953890489915,0.5133059900801221,0.38117856157877,0.3048991176652064,0.2672013679667779,0.209435995689139
0.142812951123943,0.272302706824247,0.5084551640503941,0.8090098028417226,0.3493197278911564,0.3823848238482384,0.794578530259366,0.5091568103777185,0.3793399319707045,0.3037267847226507,0.2654914094943408,0.2054843731289665
0.1341513714167869,0.2705871139916126,0.5128343326820723,0.8146271615816719,0.3430272108843537,0.3844625112917795,0.7798991354466859,0.5019076688286913,0.3765819875586063,0.3010427593015364,0.2613386532041364,0.1985989701832115
0.1371416786966384,0.277354174609226,0.5156639493363875,0.8091199471307413,0.3424319727891156,0.3896115627822945,0.777377521613833,0.5030045784051889,0.3763981245977998,0.3011661627691738,0.2621122058464294,0.2005149083942042
0.1479686533305836,0.2910789172703011,0.5182914505153945,0.795462055292433,0.3452380952380952,0.3978319783197832,0.7843119596541787,0.5076306753147654,0.3806269726963504,0.3050842228666626,0.2676899275303314,0.2087175188600167
0.1524025572282945,0.297464735036218,0.5199083743178603,0.7892939751073906,0.3460884353741496,0.4019873532068654,0.7844020172910664,0.5070106829454407,0.3811479177519689,0.30665761707904,0.2698477322693591,0.2133876182493114
0.143947205609404,0.2940335493709493,0.5230074782725864,0.7959026324485075,0.3405612244897958,0.4024390243902438,0.7790886167146975,0.5031953452880581,0.3782673980326663,0.3039427407910163,0.2650842765247129,0.2067417075799305
0.1321922045782635,0.2856462066336255,0.5248265175503605,0.8070272056393876,0.3346088435374149,0.3997289972899729,0.7730547550432276,0.4968523464326593,0.3738240431465082,0.2999629789597088,0.2603208207800667,0.199916177703269
0.1376572489173025,0.2858368280594738,0.5213231826450179,0.8039431655468664,0.3391156462585034,0.3973803071364047,0.7784582132564842,0.4997138496756963,0.3754481659669659,0.3009502067008083,0.2618679260646527,0.202670338881571
0.149412249948443,0.2911742279832253,0.5174829886141615,0.7945809009802841,0.346343537414966,0.3973803071364047,0.7939481268011529,0.5088229683326975,0.3811172739251678,0.3060097488739434,0.2671199413728524,0.2083582804454556
0.1521963291400288,0.2912695386961493,0.5156639493363875,0.7930388809340235,0.3486394557823129,0.3962059620596206,0.8078170028818444,0.5145459748187714,0.3843042319124813,0.3085395199605109,0.2702955785359498,0.2116512992455993
0.1419880387708806,0.278783835303088,0.513440679107997,0.8057054741711642,0.3458333333333333,0.3887985546522132,0.800792507204611,0.5112552460892789,0.3818833695951951,0.3053001789350281,0.2657356892761175,0.2056639923362471
0.1364198803877088,0.2618185284025924,0.5051539446203597,0.8184822116973235,0.3488095238095237,0.3752484191508581,0.7892651296829971,0.5040061045402519,0.3776851653234456,0.3003948910964398,0.2601579675922156,0.1994371931505209
0.1427098370798102,0.2634388105223026,0.502189584315839,0.8141865844255974,0.3532312925170067,0.3739837398373983,0.7851224783861672,0.504530713468142,0.3777770968038489,0.3006416980317147,0.2598729745134761,0.2014728774997006
0.15920808414106,0.2784979031643156,0.5020548406656336,0.7966736424716379,0.3601190476190475,0.3810298102981029,0.7916966858789626,0.511779855017169,0.3820365887292005,0.3057012402048498,0.2652471297125641,0.2094958687582325
0.1564240049494741,0.2844071673656118,0.5080509330997777,0.7946910452693027,0.3551870748299319,0.3878952122854562,0.7909762247838616,0.5110167874856925,0.3816382189807863,0.3060714506077621,0.2668756615910756,0.2102742186564483
0.142297380903279,0.2742089210827296,0.5100720878528598,0.8081286485295737,0.3481292517006802,0.3843721770551039,0.7752161383285302,0.5030045784051889,0.3763368369441977,0.3008576541000802,0.2612572266102109,0.202550592743384
0.128686327077748,0.26153259626382,0.5100047160277571,0.8227778389690493,0.342517006802721,0.378319783197832,0.7647694524495677,0.4950400610454025,0.3708515919468023,0.2952427963225767,0.2543766794234997,0.1933900131720752
0.134666941637451,0.2648684712161646,0.5085225358754968,0.8177112016741932,0.3459183673469387,0.3789521228545618,0.7636887608069165,0.4948016024418161,0.37106609873441,0.2967544888011353,0.2558830714111229,0.1948868398994132
0.1504433903897711,0.2790697674418604,0.508185676749983,0.8009692697433638,0.3526360544217687,0.3853658536585366,0.7743155619596542,0.5008584509729112,0.375785248061778,0.3015055223051768,0.262193632440355,0.202550592743384
0.1485873375953804,0.28021349599695,0.5102068315030654,0.8014098468994382,0.350595238095238,0.387353206865402,0.7808897694524496,0.5044353300267074,0.3774400147090369,0.3029246621830074,0.2635778845370898,0.2053646269907795
0.1348731697257166,0.2690621425848265,0.5112847807047093,0.815177883026765,0.3442176870748299,0.3827461607949412,0.7738652737752162,0.5003815337657384,0.3740385499341158,0.2989449003516999,0.2588551420894064,0.199796431565082
0.1301299236956073,0.2610560426991993,0.508724651350805,0.8223372618129751,0.3438775510204081,0.3772357723577236,0.7683717579250721,0.4965185043876383,0.3714031808292219,0.2955204541247609,0.2552316586597182,0.1932103939647946
0.1389977314910291,0.2617232176896683,0.5034696489927912,0.8171604802291002,0.3508503401360544,0.374074074074074,0.7761167146974064,0.4997615413964136,0.373088591303282,0.297155550070957,0.2566973373503786,0.1967429050413124
0.1471437409775211,0.2640106747998474,0.4996968267870376,0.8114329772001322,0.3566326530612244,0.3726287262872629,0.7941282420749279,0.5075829835940481,0.3777158091502467,0.3011661627691738,0.2612165133132481,0.2034486887797868
0.1436378634770055,0.2532405642394205,0.4944418244290238,0.8195836545875096,0.3585034013605442,0.3639566395663956,0.804034582132565,0.5105398702785197,0.3795544387583122,0.3017214783735423,0.2616643595798387,0.2044066578852831
0.1301299236956073,0.2347502859321387,0.490197399447551,0.8374270294085252,0.3556122448979591,0.352393857271906,0.7971001440922191,0.5033861121709271,0.3741611252413202,0.2972481026716851,0.2561680644898624,0.1960244282121901
0.1250773355330996,0.2329393823865802,0.4921511823755305,0.841171935235158,0.3522959183673469,0.3527551942186088,0.7820605187319886,0.4958031285768791,0.3697790580087641,0.2932683408403777,0.2514046087452162,0.1890791521973416
0.1306454939162714,0.2531452535264963,0.5027959307417638,0.8265227447956823,0.3478741496598639,0.369557362240289,0.7844020172910664,0.4993800076306753,0.3736401801857016,0.2965385327327698,0.2550280921749043,0.1926715363429529
0.146112600536193,0.2839306138009911,0.5144512564845382,0.8005286925872893,0.3469387755102041,0.3918699186991869,0.7989913544668588,0.5094429607020221,0.3816382189807863,0.303665082988832,0.2644735770702711,0.2035085618488803
0.1560115487729428,0.2994662600076248,0.5189651687664218,0.7862099350148695,0.3481292517006802,0.4023486901535681,0.8030439481268011,0.5139259824494468,0.3857138479453314,0.3078299500215956,0.2692777461118801,0.2105735840019159
0.1445658898742008,0.2906976744186046,0.5202452334433739,0.7974446524947681,0.3426020408163265,0.3990063233965673,0.7949387608069165,0.5113983212514307,0.3835074924156529,0.3058863454063059,0.2658171158700431,0.2058436115435277
0.1302330377397401,0.2728745711017918,0.5170113858384423,0.8153981716048022,0.3387755102040816,0.3884372177055104,0.7888148414985591,0.5055799313239222,0.3785125486470751,0.3008268032331709,0.2588551420894064,0.1973416357322476
0.1309548360486698,0.2756385817765917,0.5185609378158054,0.8134155744024671,0.338095238095238,0.3906955736224028,0.7925972622478387,0.5038630293781,0.3775013023626391,0.2995310668229777,0.2580815894471134,0.1966830319722189
0.1417818106826149,0.2845024780785359,0.5176851040894698,0.8025112897896244,0.3430272108843537,0.3943992773261066,0.8011527377521613,0.508584509729111,0.3804431097355438,0.3034799777873758,0.263537171240127,0.2049455155071249
0.1459063724479274,0.2871711780404117,0.5168766421882369,0.7987663839629915,0.3452380952380952,0.3951219512195121,0.8049351585014409,0.5101106447920641,0.381209205405571,0.3044672055284754,0.2647585701490106,0.2075799305472398
0.1342544854609197,0.2765916889058329,0.5169440140133396,0.8111025443330763,0.340391156462585,0.390063233965673,0.7916966858789626,0.5049599389545975,0.3780528912450587,0.3009193558338989,0.2601986808891784,0.1993174470123338
0.1267271602392246,0.2669653069004955,0.5151249747355656,0.8206850974776957,0.3384353741496598,0.3842818428184282,0.7818804034582133,0.4993800076306753,0.3741917690681213,0.2978034182760535,0.2565751974594902,0.1917734403065501
0.1377603629614353,0.2706824247045367,0.5105436906285791,0.8126445643793369,0.3459183673469387,0.3830171635049684,0.7882744956772335,0.5027184280808852,0.37612233015659,0.2996236194237058,0.2590179952772575,0.1962040474194707
0.1506496184780366,0.2729698818147159,0.5036717644680995,0.8043837427029408,0.3555272108843537,0.3794941282746161,0.7980007204610953,0.5098244944677605,0.3800140961603285,0.3040661442586537,0.2639850175067176,0.2049455155071249
0.153743039802021,0.2681090354555852,0.49828201845988,0.8055953298821455,0.3602891156462585,0.3735320686540198,0.7984510086455332,0.5109214040442579,0.3805350412159471,0.3045906089961128,0.2657356892761175,0.2082385343072685
0.1397195297999587,0.257910789172703,0.5002358013878595,0.8189227888533979,0.3532312925170067,0.3700090334236675,0.7834113832853027,0.5020030522701259,0.3754175221401649,0.2998704263589807,0.2597508346225877,0.2005149083942042
0.1239430810476386,0.2459016393442622,0.5020548406656336,0.8343429893160039,0.3455782312925169,0.3655826558265583,0.769092219020173,0.492417016405952,0.3684920172831183,0.2930832356389215,0.2503053497272209,0.1877619446772841
0.1315735203134667,0.2520968356843309,0.5014484942397089,0.8266328890847009,0.3490646258503401,0.3681120144534779,0.7697226224783863,0.4917970240366272,0.3687065240707259,0.2935151477756526,0.2507124826968487,0.1888396599209675
0.1463188286244586,0.2638200533739992,0.5001010577376541,0.8120938429342438,0.3560374149659863,0.3727190605239385,0.7812500000000001,0.4994753910721099,0.3742530567217234,0.2988523477509718,0.2582851559319273,0.1985989701832115
0.1487935656836461,0.2657262676324818,0.4998315704372431,0.8096706685758344,0.3572278911564625,0.3734417344173441,0.7842219020172911,0.5015738267836704,0.3763674807709987,0.3008268032331709,0.2608908069375458,0.2021314812597293
0.1265209321509589,0.2631528783835303,0.5125648453816614,0.8229981275470866,0.3399659863945578,0.3808491418247516,0.7768371757925072,0.4917970240366272,0.3720467011920448,0.2985746899487876,0.2563716309746763,0.1942282361393844
0.1016704475149515,0.2797369424323293,0.5405241527992992,0.8267430333737195,0.3121598639455782,0.4074074074074074,0.7717038904899136,0.4785864173979397,0.3684000858027151,0.2982353304127846,0.2514860353391417,0.1805771763860615
0.0912559290575376,0.3206252382767822,0.5762312201037526,0.8086793699746667,0.2852891156462585,0.4506775067750678,0.7815201729106629,0.4717188096146509,0.3704838660251893,0.3031714691182822,0.2534402735933556,0.1763261884804215
0.1043514126624046,0.3340640487990849,0.577174425655191,0.7939200352461724,0.2900510204081632,0.4577235772357724,0.81664265129683,0.4950400610454025,0.392639352802378,0.3272659961744925,0.277176125722661,0.1959645551430966
0.15590843472881,0.3418795272588638,0.5490130027622449,0.7618680471417556,0.3291666666666666,0.4425474254742548,0.8686059077809799,0.5624761541396414,0.4564398002022493,0.3973283149256494,0.3457780311049589,0.2598491198658843
0.2496391008455352,0.3369233701868089,0.4842686788385097,0.7146161471527701,0.4085884353741496,0.3967479674796748,0.9075108069164264,0.6526135062953072,0.5537645941225141,0.5111988646880978,0.4537904079472355,0.3616932103939648
0.3828624458651268,0.3203393061380098,0.3855015832378899,0.6530454895913647,0.5258503401360544,0.3227642276422764,0.8958033141210376,0.7453739030904235,0.6742254772776025,0.6569692108348245,0.5911163586027196,0.4952700275416117
0.5577438647143741,0.34778879146016,0.2906420534932291,0.5437823548848991,0.6578231292517006,0.2721770551038844,0.8441102305475504,0.8447157573445249,0.8153402996966261,0.8226075152711791,0.7480661183942676,0.6582445216141779
0.7314910290781604,0.4189858940144871,0.2274472815468571,0.4098468994382641,0.7693877551020407,0.2635049683830172,0.7671109510086456,0.9154425791682564,0.9172003799834524,0.9478928857900908,0.8789593681296312,0.8080469404861693
0.8733759538049083,0.4672131147540983,0.1688337937074715,0.3062011234717479,0.8648809523809522,0.2470641373080397,0.6518371757925072,0.9287485692483785,0.9481506450525544,0.9909915468624668,0.9541975409168634,0.9242006945276016
0.9519488554341102,0.4439573008006099,0.101057737654113,0.2776737526159268,0.9400510204081632,0.1906052393857271,0.5164805475504324,0.8930751621518503,0.9353108816228972,0.968377861417906,0.9592052764432863,0.9715602921805768
0.8727572695401115,0.3308234845596644,0.0728289429360641,0.3853948672761316,0.9251700680272108,0.11806684733514,0.4433537463976946,0.7625906142693628,0.8058407133882881,0.8272659961744925,0.8341340281736015,0.8718716321398633
0.6680758919364816,0.242184521540221,0.1439062184194569,0.5458750963762529,0.796003401360544,0.1236675700090334,0.3405979827089337,0.4921308660816482,0.521036987098949,0.5617325846856298,0.5990554515104632,0.6534546760866962
0.4286450814600949,0.2711589782691574,0.3208246311392575,0.6570106839960348,0.5855442176870748,0.2560975609756097,0.2606268011527377,0.2427508584509729,0.2409217663101768,0.278305670389338,0.3309176777135412,0.3867800263441504
0.2917096308517219,0.3127144491040792,0.4396685306204945,0.7061350368983368,0.4541666666666666,0.3553748870822041,0.2410842939481267,0.1531858069439146,0.1270493059173229,0.1464182143518233,0.1897239638465922,0.234223446293857
0.248092390183543,0.321197102554327,0.4741629050730984,0.7245291331644453,0.4143707482993197,0.3825654923215899,0.3073667146974064,0.2197634490652423,0.1765697300278859,0.1744616523724317,0.1937545802459082,0.2111723146928511
0.2058156320890905,0.3353983987800228,0.5118911271306339,0.7388478907368652,0.3731292517006803,0.4146341463414634,0.4521793948126801,0.3346051125524609,0.263873992584194,0.2349910532485963,0.2278316098037618,0.2130283798347503
0.1757063312023097,0.3182424704536789,0.5193693997170383,0.7648419429452582,0.3560374149659863,0.4114724480578139,0.6002341498559078,0.4299885539870278,0.326938988140839,0.2729684704140186,0.244320495073691,0.2036881810561609
0.1801402351000206,0.297464735036218,0.5017853533652227,0.7745346403788963,0.3688775510204081,0.3898825654923216,0.6991174351585014,0.488220144982831,0.36432445683817,0.2941938668476584,0.2580001628531878,0.209675487965513
0.1769436997319034,0.274494853221502,0.4876372700936468,0.7895142636854279,0.376530612244898,0.3694670280036133,0.7399135446685878,0.5041491797024037,0.3750497962185518,0.297926821743691,0.2601172542952528,0.2103340917255418
0.149412249948443,0.2527640106747998,0.4902647712726537,0.8167199030730256,0.3635204081632652,0.3609756097560975,0.7459474063400577,0.4946108355589469,0.3699629209695707,0.2899981489479855,0.247577558830714,0.1939288707939168
0.1299236956073417,0.2375142966069385,0.4922185542006332,0.8359951536512831,0.3542517006802721,0.3550135501355013,0.7554034582132565,0.4896032048836322,0.3657647166978213,0.2831184056271982,0.2369513883234264,0.1781223805532271
0.1264178181068261,0.2333206252382767,0.4916122077747086,0.8402907809230091,0.3531462585034013,0.3525745257452575,0.7716138328530259,0.4947062190003815,0.3673888395182791,0.2820077744184612,0.2353228564449148,0.1755478385822057
0.1344607135491854,0.238562714449104,0.4899952839722428,0.8330212578477806,0.3575680272108843,0.3540198735320686,0.7923270893371759,0.5041491797024037,0.3716176876168296,0.2845683963719381,0.2372363814021659,0.1787809843132558
0.1311610641369354,0.2349409073579869,0.4895236811965236,0.836876307963432,0.3564625850340136,0.3520325203252032,0.7995317002881845,0.506390690576116,0.3720467011920448,0.2834886160301105,0.2353635697418777,0.1781223805532271
0.1153846153846153,0.2178802897445672,0.487839385568955,0.855160259940522,0.3510204081632652,0.3428184281842818,0.7938580691642652,0.5019553605494087,0.368369441975914,0.2779971617202444,0.2286865890399804,0.1683630702909831
0.1087853165601154,0.2087304613038505,0.4856834871656673,0.8639718030620113,0.3496598639455782,0.3369467028003613,0.7913364553314122,0.4998092331171308,0.3661324426194344,0.2751588819645832,0.2240452731862225,0.1608190635851993
0.1171375541348731,0.2144491040792984,0.4842686788385097,0.8561515585416897,0.3539965986394557,0.3387533875338753,0.8007024495677234,0.505723006486074,0.370729016639598,0.278058863454063,0.2267730640827294,0.1645311938689977
0.1278614147246855,0.2257910789172702,0.4852792562150508,0.8439255424606235,0.3577380952380952,0.3448057813911472,0.8143912103746399,0.5153567340709654,0.3766126313854074,0.2829641512926514,0.2330836251119615,0.1727338043348102
0.1261084759744277,0.2221692718261532,0.4838644478878933,0.846899438264126,0.3579081632653061,0.3421860885275519,0.8203350144092221,0.5176459366653949,0.376827138173015,0.2828715986919232,0.2325950655484081,0.1731529158184648
0.1138379047226232,0.2139725505146778,0.4861550899413864,0.8582443000330433,0.3514455782312925,0.339747064137308,0.8067363112391932,0.5102060282334987,0.3726289339012656,0.2788918368606158,0.2264473577070271,0.1665070051490839
0.1029078160445452,0.2161646969119328,0.4947786835545374,0.8627602158828064,0.3414965986394558,0.3466124661246612,0.8017831412103746,0.5066291491797024,0.37106609873441,0.2764546183747763,0.2220910349320087,0.1596216022033289
0.1081666322953186,0.2282691574532977,0.4998989422623458,0.8529573741601497,0.340391156462585,0.3558265582655826,0.8143011527377522,0.5132582983594048,0.3751417276989551,0.2803726784722651,0.226650924191841,0.1629146210034726
0.1204372035471231,0.2344643537933663,0.4962608637067978,0.8428240995704372,0.3477891156462585,0.3562782294489611,0.8348342939481269,0.525562762304464,0.3822817393436092,0.2867588079225027,0.2341828841299568,0.1714764698838462
0.1197154052381934,0.2222645825390773,0.4880415010442632,0.8502037669346845,0.3527210884353741,0.3449864498644986,0.846541786743516,0.5304750095383441,0.3848251769680998,0.2883939038686987,0.2358928426023939,0.1748892348221769
0.1095071148690451,0.2071101791841402,0.4839991915380987,0.8644123802180855,0.3510204081632652,0.3351400180668473,0.8389769452449568,0.5250858450972912,0.3814849998467809,0.2845375455050287,0.2309258203729338,0.1674649742545802
0.1055887811919983,0.2010102935569957,0.4823822677356329,0.8701398832470535,0.3504251700680272,0.3311653116531165,0.8273595100864555,0.5175505532239604,0.3762142616369933,0.2797556611340779,0.2254295252829574,0.1600407136869835
0.1128067642812951,0.2104460541364849,0.4842686788385097,0.8607776186804713,0.3522108843537414,0.3368563685636856,0.8315922190201729,0.517312094620374,0.3761529739833911,0.2792620472635281,0.226080938034362,0.1623158903125374
0.1201278614147246,0.2210255432710636,0.4868961800175166,0.8507544883797775,0.3535714285714285,0.3436314363143631,0.8461815561959655,0.5230351011064479,0.3793399319707045,0.2812673536126365,0.2294601416822734,0.1690216740510118
0.1160032996494122,0.2187380861608844,0.4880415010442632,0.8542791056283732,0.3511054421768707,0.343360433604336,0.8493335734870318,0.523368943151469,0.3790028498758925,0.2810822484111804,0.2291344353065711,0.1681834510837025
0.1037327283976077,0.2098741898589401,0.4897257966718318,0.8659544002643462,0.3449829931972789,0.3402890695573622,0.841678674351585,0.517836703548264,0.3754481659669659,0.2769173813784168,0.2230274407621529,0.1591426176505807
0.094864920602186,0.2074914220358367,0.4939028498282018,0.8720123361603701,0.3387755102040816,0.3419150858175248,0.8327629682997119,0.5148321251430752,0.3721692764992492,0.2727525143456532,0.2174904323752137,0.1516584840138905
0.1011548772942874,0.2199771254288981,0.4986862494104965,0.8615486287036016,0.3383503401360543,0.3510388437217705,0.8381664265129682,0.5188859214040443,0.3739159746269114,0.2730610230147468,0.2184268382053578,0.153095437672135
0.1148690451639513,0.2330346930995043,0.4989557367109074,0.8465690053970701,0.3437925170068026,0.3574525745257453,0.8515850144092219,0.5258012209080504,0.3771029326142249,0.2756833467020423,0.2225795944955622,0.1580050293378038
0.1099195710455764,0.234273732367518,0.502998046217072,0.8485516025994052,0.3392006802721088,0.3607046070460704,0.8518551873198849,0.5251812285387257,0.3759997548493856,0.2747886715616709,0.2219281817441576,0.1589629984433002
0.0928026397195298,0.2258863896301944,0.5082530485750859,0.8625399273047691,0.3288265306122448,0.3602529358626919,0.8392471181556197,0.5161674933231591,0.36938068826035,0.2678780773739743,0.2132969627880465,0.1483654652137468
0.0833161476593111,0.2195958825772016,0.5100047160277571,0.8712413261372398,0.3238095238095237,0.358446251129178,0.8360951008645534,0.5111121709271271,0.3651518401617994,0.2624174739310175,0.2066199820861493,0.140581966231589
0.0876469375128892,0.2232176896683186,0.5097352287273462,0.8668355545764952,0.3257653061224489,0.3599819331526648,0.8451008645533141,0.5162151850438764,0.3679404284006987,0.2642068242117604,0.2080856607768096,0.143455873548078
0.100845535161889,0.2341784216545939,0.5088593950010105,0.8535080956052429,0.3317176870748299,0.3645889792231255,0.8587896253602305,0.5263258298359405,0.3738240431465082,0.2693280681187142,0.2148440680726325,0.1527960723266674
0.099195710455764,0.2313191002668699,0.5079161894495722,0.8560414142526709,0.3316326530612244,0.3626016260162601,0.8624819884726226,0.5298550171690195,0.3765513437318052,0.2700993397914482,0.2161061802784789,0.1547718836067536
0.0892967622190142,0.2166412504765535,0.5039412517685103,0.8696993060909792,0.3301020408163265,0.3530261969286359,0.850864553314121,0.5266119801602442,0.3729660159960776,0.2652249028197692,0.2109355915642048,0.1474074961082505
0.086100226850897,0.2032024399542508,0.4965977228323115,0.87917171494658,0.3334183673469387,0.3417344173441734,0.8484329971181557,0.5266596718809615,0.3710048110808078,0.2607823779848214,0.2056021496620796,0.1412405699916177
0.0955867189111157,0.2027258863896301,0.4900626557973455,0.8744355105187795,0.3414965986394558,0.337037037037037,0.8641030259365994,0.5354349484929416,0.3751723715257562,0.2628493860677485,0.2073935347284423,0.1452520656208837
0.1083728603835842,0.2043461685093404,0.4828538705113521,0.866615265998458,0.3512755102040816,0.3330623306233062,0.8808537463976945,0.5475009538344143,0.3810866300983667,0.2671376565681496,0.2127269766305675,0.1536941683630702
0.1089915446483811,0.1978650400304993,0.4778683554537491,0.8701398832470535,0.3546768707482993,0.3265582655826558,0.8891390489913545,0.554988553987028,0.3839977936444704,0.2682791386437959,0.2138669489455256,0.1562088372649982
0.1016704475149515,0.1844262295081967,0.47321969952166,0.8817050335940081,0.3545918367346938,0.3170731707317073,0.890399855907781,0.5549408622663106,0.3831704103208409,0.2654100080212254,0.2095106261705072,0.150341276493833
0.099195710455764,0.1778497903164315,0.4701205955669338,0.886881815177883,0.3555272108843537,0.3119241192411924,0.8909402017291067,0.5564669973292636,0.3826801090920234,0.2628493860677485,0.2058464294438563,0.1451323194826966
0.1095071148690451,0.1847121616469691,0.4681668126389543,0.877409406322282,0.360969387755102,0.3139114724480578,0.9039085014409224,0.5664345669591759,0.3880121349554132,0.2663663848954156,0.2092663463887305,0.1502814034247395
0.1254897917096308,0.1951963400686236,0.4652024523344337,0.8628703601718252,0.3694727891156462,0.3168021680216802,0.9248919308357348,0.5802651659671881,0.3955505163484816,0.2713333744678226,0.2158619004967022,0.1605196982397317
0.1294081253866776,0.1921463972550514,0.4604864245772417,0.8624297830157506,0.3740646258503401,0.3122854561878952,0.9408321325648416,0.5896127432277757,0.3993197070450158,0.2722897513420127,0.2178975653448416,0.1639324631780624
0.1178593524438028,0.1749904689287076,0.4559051404702553,0.8785108492124684,0.3721938775510203,0.3010840108401084,0.9354286743515852,0.587466615795498,0.3958569546164925,0.2674153143703338,0.2127676899275303,0.1577056639923362
0.1148690451639513,0.1707967975600457,0.4548945630937142,0.882586187906157,0.3715986394557823,0.2983739837398373,0.9197586455331412,0.5832220526516597,0.3934054484724053,0.2639908681433948,0.2098770458431723,0.1539935337085378
0.1302330377397401,0.1835684330918795,0.4538839857171731,0.8670558431545324,0.3785714285714285,0.3037940379403794,0.9253422190201728,0.5910434948492942,0.399043912603806,0.2684950947121614,0.2156176207149254,0.1611184289306669
0.1469375128892555,0.1953869614944719,0.4513238563632689,0.8513052098248706,0.3870748299319728,0.3075880758807588,0.9298451008645534,0.6005818389927509,0.4066129378236754,0.2757758993027704,0.2239231332953342,0.1741707579930547
0.151577644875232,0.1917651544033549,0.4457319948797412,0.850864632668796,0.392517006802721,0.3021680216802168,0.9240814121037464,0.6030618084700495,0.4097079643305856,0.2792928981304375,0.2288087289308688,0.1814752724224643
0.1443596617859352,0.1763248189096454,0.439533786970289,0.8636413701949552,0.3934523809523809,0.2906955736224029,0.908321325648415,0.5951926745516979,0.4071951705328961,0.2776886530511507,0.2269359172705805,0.1785414920368818
0.142812951123943,0.1789935188715211,0.4424307754497069,0.8628703601718252,0.3909863945578231,0.2938572719060524,0.8903097982708935,0.5886112170927127,0.4063064995556645,0.2791077929289813,0.2279130363976874,0.177763142138666
0.1605485667147865,0.2051086542127334,0.4493027016101866,0.8384183280096926,0.3939625850340135,0.3109304426377597,0.885356628242075,0.5900896604349485,0.412190114301474,0.2885481582032455,0.2388241999837146,0.190276613579212
0.1792122087028253,0.2305566145634768,0.4550966785690224,0.813746007269523,0.3979591836734693,0.3268292682926829,0.8794128242074928,0.5918065623807707,0.4181350167008856,0.2997470228913433,0.2523817278723231,0.2044066578852831
0.1806558053206846,0.2413267251239038,0.4617664892541939,0.8066967727723318,0.3943877551020407,0.3364046973803071,0.868786023054755,0.58865890881343,0.4202494407501609,0.3068427222804961,0.2603615340770295,0.2117111723146928
0.1696226025984739,0.2396111322912694,0.4677625816883379,0.8135257186914858,0.3860544217687074,0.3396567299006323,0.8451008645533141,0.5753052270125907,0.4166028253608311,0.3078299500215956,0.2610943734223597,0.2099748533109807
0.1670447514951536,0.2488562714449103,0.4759819443508725,0.8096706685758344,0.3798469387755102,0.3495031616982836,0.8206952449567724,0.5608069439145364,0.4104127723470107,0.3074597396186833,0.2615829329859132,0.2084780265836426
0.1736440503196535,0.2661075104841783,0.4838644478878933,0.7961229210265448,0.3775510204081632,0.3629629629629629,0.8115994236311239,0.553510110644792,0.4089112248337573,0.3115320540507189,0.2674456477485546,0.2140462220093401
0.180449577232419,0.2784025924513915,0.488108872869366,0.7853287807027205,0.3776360544217687,0.3716350496838301,0.8163724783861672,0.5516978252575353,0.4097692519841878,0.3165915962238539,0.2731455093233449,0.2208118788169081
0.1725097958341926,0.2804041174227982,0.4947113117294347,0.7885229650842603,0.3702380952380952,0.3769647696476964,0.8125000000000001,0.5444486837085082,0.4070113075720897,0.3165298944900352,0.2740004885595635,0.2191354328822895
0.1555990925964116,0.2713495996950056,0.4994273394866266,0.8027315783676615,0.3602891156462585,0.375880758807588,0.7947586455331412,0.5311903853491033,0.4004841724634572,0.3118714135867218,0.2680970604999593,0.2111124416237576
0.147762425242318,0.2668699961875714,0.5012463787644007,0.8095605242868157,0.3558673469387755,0.3749774164408311,0.7812500000000001,0.5204597481877147,0.3945086262372446,0.3087246251619671,0.2631707515674619,0.2042270386780026
0.1545679521550835,0.2783072817384673,0.5049518291450515,0.799206961119066,0.3563775510204081,0.382836495031617,0.7824207492795389,0.52036436474628,0.3959182422700947,0.3112543962485346,0.2673642211546291,0.2085378996527361
0.1609610228913178,0.2911742279832253,0.5098699723775517,0.7884128207952417,0.3559523809523809,0.3922312556458898,0.7921469740634006,0.5250858450972912,0.3995342138326234,0.3150799037452952,0.272575523165866,0.2151239372530236
0.1565271189936069,0.2930804422417079,0.5141143973590244,0.7896244079744466,0.351360544217687,0.3960252935862692,0.7946685878962537,0.5236550934757725,0.3981858854533754,0.3145245881409268,0.2717205439296474,0.212309903005628
0.1421942668591462,0.283072817384674,0.516337667587415,0.8030620112347174,0.344047619047619,0.3927732610659439,0.7881844380403458,0.5166921022510492,0.392639352802378,0.3107299315110755,0.2660206823548571,0.2035085618488803
0.1378634770055681,0.2811666031261913,0.517887219564778,0.8064764841942945,0.3413265306122449,0.3929539295392953,0.7872838616714698,0.5117321632964518,0.38960561394907,0.3083235638921454,0.2637814510219037,0.1988983355286792
0.149927820169107,0.2934616850934044,0.5186956814660109,0.7929287366450049,0.3458333333333333,0.3992773261065944,0.7952989913544669,0.5185043876383061,0.393650599086814,0.312056518788178,0.268341340281736,0.2047060232307508
0.1594143122293256,0.2998475028593213,0.5170113858384423,0.7842273378125344,0.3507653061224489,0.4011743450767841,0.8160122478386167,0.5299027088897368,0.3998712959274355,0.3174862713642254,0.2743669082322286,0.2138666028020596
0.1585893998762631,0.2914601601219976,0.511621639830223,0.7895142636854279,0.3538265306122448,0.3935862691960253,0.8238472622478387,0.5324303700877527,0.4018018570159042,0.3178564817671377,0.2747740412018565,0.216321398634894
0.1474530831099195,0.2720167746854746,0.5051539446203597,0.8066967727723318,0.3533163265306122,0.3800361336946702,0.8160122478386167,0.5272796642502862,0.3983084607605798,0.3137841673351021,0.2693591727058056,0.2081187881690815
0.1438440915652712,0.2617232176896683,0.5002358013878595,0.8146271615816719,0.3549319727891156,0.3718157181571815,0.8143912103746399,0.5265165967188097,0.3970214200349339,0.3124267291910903,0.2665499552153733,0.202550592743384
0.155392864508146,0.2732558139534883,0.5008421478137842,0.8017402797664941,0.3592687074829932,0.3777777777777777,0.8199747838616716,0.5311426936283862,0.4016179940550976,0.3166841488245819,0.2711505577721684,0.2088372649982038
0.1677665498040833,0.2875524208921082,0.5028633025668665,0.7868708007489811,0.3631802721088435,0.3859078590785907,0.8247478386167147,0.538344143456696,0.4063371433824656,0.321990497932992,0.2785603778193958,0.2188360675368219
0.1645700144359661,0.2805947388486465,0.5000336859125514,0.792598303777949,0.3636054421768707,0.3806684733514002,0.8195244956772335,0.5369610835558947,0.4052033217908253,0.3217128401308077,0.2797410634313166,0.2194946712968506
0.1544648381109507,0.2688715211589782,0.49828201845988,0.8048243198590153,0.3605442176870748,0.3738934056007227,0.8028638328530259,0.527088897367417,0.3987374743357951,0.3154809650151169,0.2722091034932009,0.2108729493473835
0.1474530831099195,0.2690621425848265,0.5030654180421748,0.8083489371076109,0.3546768707482993,0.3772357723577236,0.7938580691642652,0.522033574971385,0.395336009560874,0.3121799222558154,0.2676899275303314,0.205304753921686
0.1552897504640132,0.28021349599695,0.5058950346964899,0.797775085361824,0.3561224489795918,0.3843721770551039,0.7964697406340058,0.5249904616558565,0.3972359268225416,0.3146171407416548,0.2700512987541731,0.209435995689139
0.1654980408331614,0.2899351887152115,0.5060297783466954,0.7867606564599625,0.360204081632653,0.3891598915989159,0.805835734870317,0.5297596337275848,0.4002083780222474,0.3177330782995002,0.2745297614200798,0.2156029218057717
0.1643637863477005,0.2865040030499428,0.5043454827191268,0.7892939751073906,0.3607993197278911,0.3863595302619692,0.8054755043227667,0.5288534910339565,0.39971807679343,0.3176405256987722,0.2736747821838612,0.2148245719075559
0.1513714167869663,0.2691574532977506,0.5005726605133733,0.8062561956162573,0.3578231292517006,0.375609756097561,0.7998919308357348,0.5226058756199924,0.3953053657340729,0.3126426852594558,0.2677713541242569,0.2052448808525925
0.1502371623015055,0.2618185284025924,0.4961261200565923,0.8111025443330763,0.360204081632653,0.3691056910569106,0.7898955331412104,0.5175982449446777,0.3918426133055496,0.308971432097242,0.262967185082648,0.1989582085977727
0.159723654361724,0.2756385817765917,0.4996968267870376,0.7981055182288798,0.3618197278911564,0.3780487804878048,0.7888148414985591,0.5189813048454789,0.3922716268807649,0.3112543962485346,0.2662649621366338,0.2041072925398155
0.1671478655392864,0.2930804422417079,0.5072424711985447,0.784007049234497,0.3601190476190475,0.3914182475158085,0.7933177233429396,0.5202689813048454,0.3940183250084271,0.3142469303387425,0.2705805716146893,0.2098551071727936
0.1571458032584038,0.2937476172321768,0.5142491410092299,0.7889635422403347,0.3515306122448979,0.3964769647696477,0.7935878962536024,0.5198874475391072,0.3945699138908468,0.3151724563460233,0.2712319843660939,0.209435995689139
0.1426067230356774,0.2817384674037361,0.5151249747355656,0.8037228769688292,0.3449829931972789,0.3913279132791328,0.7847622478386167,0.5140690576115986,0.3919039009591518,0.3118714135867218,0.267567787639443,0.2031493234343192
0.1412662404619509,0.278783835303088,0.5140470255339217,0.8061460513272386,0.3451530612244897,0.3891598915989159,0.7802593659942364,0.5124475391072111,0.3906781478871082,0.3106373789103474,0.2654099829004152,0.1999760507723625
0.153227469581357,0.2893633244376667,0.5137101664084079,0.7935896023791166,0.3502551020408163,0.3939476061427281,0.7864733429394812,0.5171690194582221,0.3935586676064107,0.3138458690689209,0.2692777461118801,0.2060831038199018
0.1648793565683646,0.3000381242851695,0.5135080509330997,0.7811432977200131,0.3552721088435374,0.3989159891598915,0.7947586455331412,0.5212228157191912,0.3968682009009285,0.3171469118282224,0.2747740412018565,0.213686983594779
0.1609610228913178,0.2989897064430041,0.5153944620359765,0.7838969049454786,0.3524659863945578,0.3997289972899729,0.7934077809798271,0.518170545593285,0.3947844206784544,0.3151416054791139,0.2733897891051217,0.2117710453837863
0.1426067230356774,0.2847884102173084,0.5172808731388533,0.8019605683445312,0.3436224489795918,0.3942186088527551,0.7758465417867435,0.5065814574589852,0.3868476695369718,0.3072437835503178,0.2641478706945688,0.1994970662196143
0.1430191792122087,0.2865040030499428,0.5182914505153945,0.8007489811653266,0.3431972789115646,0.395754290876242,0.765399855907781,0.5016215185043877,0.3835687800692551,0.3042821003270192,0.2601986808891784,0.1935696323793557
0.1551866364198804,0.2969881814715973,0.5177524759145724,0.7881925322172044,0.3485544217687074,0.4002710027100271,0.7760266570605188,0.5065814574589852,0.385897710906138,0.3071203800826803,0.2636593111310154,0.1988983355286792
0.1641575582594349,0.3062333206252382,0.5184261941655999,0.778059257627492,0.3517857142857142,0.4051490514905148,0.787914265129683,0.5134013735215567,0.3896975454294732,0.3113160979823533,0.2690334663301034,0.2069811998563046
0.1549804083316147,0.3002287457110179,0.5201778616182712,0.786320079303888,0.3469387755102041,0.4035230352303523,0.7949387608069165,0.5146413582602061,0.3901572028314896,0.3109767384463504,0.2690334663301034,0.2054843731289665
0.1361105382553103,0.2837399923751429,0.5208515798692986,0.80603590703822,0.3386904761904762,0.3961156278229449,0.7924171469740634,0.5092998855398703,0.386571875095762,0.3075831430863208,0.263537171240127,0.1966830319722189
0.1320890905341307,0.2819290888295844,0.5221316445462507,0.8092300914197598,0.3363095238095238,0.3961156278229449,0.7923270893371759,0.5069152995040062,0.3841510127784758,0.3065650644783119,0.2613793665010992,0.1919530595138306
0.1426067230356774,0.2926991993900114,0.5229401064474837,0.7973345082057495,0.3400510204081632,0.4017163504968382,0.804034582132565,0.5122567722243418,0.3876137652069991,0.3098044055037947,0.2662649621366338,0.1991977008741468
0.1533305836254897,0.2971788028974456,0.5190999124166273,0.7889635422403347,0.3469387755102041,0.4013550135501355,0.8209654178674352,0.5206028233498665,0.3918426133055496,0.3134139569321899,0.2718426838205358,0.2069811998563046
0.1507527325221695,0.2872664887533358,0.5137775382335107,0.7961229210265448,0.349234693877551,0.393044263775971,0.8227665706051873,0.5205551316291492,0.3902184904850918,0.3121799222558154,0.2693591727058056,0.2057238654053406
0.1340482573726541,0.2705871139916126,0.5128343326820723,0.8146271615816719,0.3429421768707483,0.3845528455284553,0.8025036023054756,0.5086798931705456,0.3829252597064322,0.3042203985932005,0.2604022473739923,0.1944677284157585
0.1279645287688183,0.2681090354555852,0.5151249747355656,0.8193633660094723,0.3389455782312924,0.3849141824751581,0.7871037463976945,0.5014307516215185,0.3775625900162413,0.2991608564200654,0.2559644980050484,0.1888396599209675
0.1402351000206227,0.2845024780785359,0.5186956814660109,0.8033924441017734,0.341751700680272,0.3950316169828365,0.789085014409222,0.5041014879816864,0.3799221646799253,0.3018448818411798,0.2601986808891784,0.195784935935816
0.1483811095071148,0.2991803278688524,0.5237485683487165,0.7905055622865953,0.3420068027210884,0.405420054200542,0.7952089337175793,0.5077260587561999,0.3835994238960561,0.3069352748812242,0.2660613956518198,0.2030894503652257
0.140647556197154,0.3021349599695005,0.5308899818096072,0.7929287366450049,0.3342687074829932,0.4115627822944896,0.7908861671469741,0.504530713468142,0.3824962461312169,0.306318257543037,0.2652878430095269,0.2023111004670099
0.1288925551660136,0.2946054136484941,0.5333153675133059,0.8035025883907918,0.327891156462585,0.4096657633242999,0.7765670028818444,0.4953262113697063,0.3768577819998162,0.3003023384957118,0.2583258692288901,0.192911028619327
0.1259022478861621,0.296035074342356,0.5362123559927238,0.8042735984139222,0.3248299319727891,0.4121951219512194,0.7614373198847263,0.4883155284242656,0.3721999203260503,0.2965693835996791,0.2527074342480254,0.1857861333971979
0.1366261084759744,0.3034693099504383,0.5344606885400525,0.7943606124022469,0.3303571428571428,0.4145438121047876,0.7644092219020174,0.4909862647844334,0.3731498789568842,0.2978959708767817,0.2547430990961647,0.1898575020955574
0.1465250567127242,0.3044224170796797,0.5286667115812167,0.7885229650842603,0.338095238095238,0.411111111111111,0.7736851585014409,0.497138496756963,0.3760610425029878,0.3007342506324428,0.258733002198518,0.1972218895940606
0.1376572489173025,0.2915554708349218,0.5253654921511823,0.8006388368763079,0.3364795918367347,0.4028003613369466,0.7706231988472624,0.4963754292254865,0.3749272209113474,0.2992225581538841,0.256615910756453,0.1942282361393844
0.1276551866364198,0.2740182996568814,0.5195715151923466,0.8160590373389139,0.3360544217687074,0.3906955736224028,0.7547730547550432,0.4882678367035483,0.3687678117243281,0.2934842969087431,0.2495317970849279,0.1843491797389534
0.1240461950917715,0.2715402211208539,0.5201104897931684,0.8194735102984909,0.3341836734693877,0.3897922312556458,0.745407060518732,0.4809710034338039,0.3648454018937885,0.2888566668723392,0.2444426349645794,0.1784816189677882
0.1322953186223963,0.2810712924132671,0.5214579262952233,0.8095605242868157,0.336734693877551,0.3953026196928635,0.7537824207492797,0.4838325066768409,0.3671130450770692,0.2904609119516259,0.2474147056428629,0.1823134953897736
0.14013198597649,0.2890773922988943,0.5219969008960452,0.8007489811653266,0.339625850340136,0.39936766034327,0.7681916426512968,0.4920831743609309,0.3724144271136579,0.2950268402542111,0.2542545395326113,0.1912345826847084
0.1344607135491854,0.2816431566908119,0.5204473489186822,0.8081286485295737,0.3383503401360543,0.3948509485094851,0.7708933717579252,0.4936570011446013,0.3729353721692766,0.2956747084593077,0.254498819314388,0.1910549634774278
0.121571458032584,0.2677277926038886,0.5189651687664218,0.8229981275470866,0.3339285714285714,0.3872628726287263,0.7652197406340058,0.4885062953071347,0.3701467839303772,0.29218856049855,0.2491653774122628,0.183510956771644
0.1191998350175293,0.264391917651544,0.5182240786902916,0.8261923119286264,0.3334183673469387,0.3851851851851852,0.7639589337175793,0.4879816863792446,0.3692581129531456,0.2905843154192633,0.2467225795944955,0.180517303316968
0.1352856259022478,0.2776401067479984,0.5171461294886478,0.8100011014428901,0.3407312925170068,0.3906955736224028,0.7758465417867435,0.4949923693246852,0.3733643857444918,0.2937928055778367,0.2512010422604022,0.1865046102263202
0.146628170756857,0.2843118566526877,0.5143838846594354,0.8000881154312148,0.3471088435374149,0.3920505871725384,0.7844920749279539,0.4995230827928272,0.3763674807709987,0.296816190534954,0.2555573650354205,0.1927912824811399
0.1411631264178181,0.2779260388867708,0.5133733072828943,0.8065866284833131,0.3455782312925169,0.3883468834688346,0.7829610951008646,0.4980923311713086,0.3750191523917507,0.296723637934226,0.2547838123931276,0.191653694168363
0.1302330377397401,0.2674418604651162,0.5131711918075861,0.8185923559863421,0.3411564625850339,0.3831978319783198,0.7751260806916427,0.4938477680274705,0.3707596604663991,0.2931449373727401,0.2497760768667046,0.1842294336007663
0.1284800989894823,0.2653450247807853,0.5128343326820723,0.8206850974776957,0.3406462585034013,0.3820234869015357,0.7818804034582133,0.4942769935139259,0.370729016639598,0.2925587709014624,0.2487989577395977,0.1825529876661477
0.1369354506083728,0.2766869996187571,0.5153270902108738,0.8095605242868157,0.3426020408163265,0.3890695573622403,0.7983609510086456,0.5024322777565815,0.3752030153525573,0.2971246992040476,0.2542138262356485,0.1894383906119027
0.1430191792122087,0.2878383530308806,0.5192346560668328,0.7998678268531776,0.3426020408163265,0.3970189701897018,0.8065561959654179,0.5067722243418542,0.3783286856862685,0.2999629789597088,0.2582037293380018,0.194407855346665
0.1360074242111775,0.2850743423560807,0.5218621572458397,0.8052648970150897,0.3380102040816326,0.3973803071364047,0.8046649855907781,0.5056276230446395,0.3785431924738762,0.2994076633553403,0.2575523165865971,0.1946473476230391
0.127552072592287,0.2789744567289363,0.5231422219227918,0.8133054301134486,0.3337585034013605,0.3953929539295392,0.789985590778098,0.4979969477298741,0.3748965770845464,0.29604491886222,0.2535217001872811,0.1866243563645072
0.1278614147246855,0.2766869996187571,0.5212558108199151,0.8144068730036347,0.3351190476190476,0.393044263775971,0.780349423631124,0.4935139259824495,0.3723837832868569,0.2941013142469304,0.2516488885269929,0.1837504490480181
0.1386883893586306,0.2855508959207014,0.5205147207437849,0.8036127326798106,0.3399659863945578,0.3967479674796748,0.7807096541786743,0.4964231209462038,0.3739466184537126,0.2964768309989511,0.2544173927204625,0.1891390252664351
0.1424004949474118,0.2864086923370186,0.5186283096409081,0.8010794140323824,0.342687074829932,0.3958446251129178,0.7884546109510088,0.4998569248378481,0.375815891888579,0.298358733880422,0.2570637570230437,0.1945276014848521
0.1321922045782635,0.2728745711017918,0.5156639493363875,0.8144068730036347,0.340391156462585,0.3875338753387534,0.7871037463976945,0.4978538725677222,0.3738240431465082,0.2966619362004072,0.2549059522840159,0.1921326787211112
0.123221282738709,0.2590545177277926,0.5118237553055311,0.827183610529794,0.3391156462585034,0.3784101174345077,0.7703530259365996,0.4884109118657001,0.3676952777862899,0.2914172888258161,0.2481475449881931,0.1835708298407376
0.1236337389152402,0.2576248570339305,0.5104763188034763,0.8277343319748871,0.3401360544217687,0.376784101174345,0.7590958213256486,0.4824017550553224,0.3632212790733307,0.2876226321959648,0.2438319355101376,0.1785414920368818
0.1321922045782635,0.2743995425085779,0.5168766421882369,0.8134155744024671,0.339625850340136,0.3890695573622403,0.7622478386167146,0.4856924837848149,0.3651211963349984,0.2901832541494416,0.247984691800342,0.1842893066698598
0.1383790472262322,0.2922226458253907,0.5253654921511823,0.7998678268531776,0.3368197278911564,0.4031616982836495,0.7680115273775218,0.4902231972529569,0.3686145925903227,0.2936077003763806,0.2523003012783975,0.1893785175428092
0.127036502371623,0.3038505528021349,0.5409957555750184,0.799206961119066,0.3222789115646258,0.4191508581752484,0.7722442363112392,0.4883155284242656,0.3684613734563173,0.2932066391065589,0.2506717693998859,0.1860854987426655
0.1123943081047638,0.2983225314525352,0.546587617058546,0.8102213900209274,0.3126700680272108,0.4202348690153568,0.7581952449567724,0.4793494849294162,0.364355100664971,0.2890417720737953,0.2449311945281328,0.1777032690695725
0.1157970715611466,0.3028974456728935,0.5476655662601899,0.8058156184601828,0.3134353741496598,0.4231255645889792,0.7481087896253603,0.4757249141549027,0.3627616216713143,0.2877460356636022,0.2439133621040631,0.1762663154113279
0.1296143534749433,0.3153831490659549,0.5475308226099844,0.7911664280207071,0.3192176870748299,0.4289972899728997,0.7539625360230547,0.4798264021365891,0.3653050592958048,0.29073856975381,0.248554677957821,0.1826727338043348
0.1377603629614353,0.3216736561189477,0.546587617058546,0.7831258949223483,0.3232142857142857,0.4313459801264679,0.7640489913544669,0.4836417397939718,0.3678484969202954,0.2939779107792929,0.2527481475449882,0.1884804215064064
0.1302330377397401,0.3155737704918032,0.5471265916593681,0.7907258508646327,0.3197278911564625,0.4288166214995483,0.7608069164265131,0.4816863792445632,0.3664695247142463,0.2925587709014624,0.2500610699454442,0.1862651179499461
0.1145597030315529,0.3009912314144109,0.5471265916593681,0.807467782795462,0.3132653061224489,0.4219512195121951,0.7505403458213257,0.4743418542541014,0.3612600741580609,0.2865120009872277,0.2425291100073283,0.1755478385822057
0.1096102289131779,0.2928898208158596,0.5446338341305665,0.8148474501597092,0.3127551020408163,0.4164408310749773,0.7506304034582133,0.4718141930560854,0.3592375815891889,0.2840130807675696,0.2392313329533425,0.1700993892946952
0.1208496597236543,0.3008006099885627,0.5428821666778952,0.8042735984139222,0.3185374149659863,0.418970189701897,0.7608969740634006,0.4782525753529187,0.3629454846321209,0.2877151847966928,0.2441983551828027,0.1769249191713567
0.1283769849453495,0.3066145634769348,0.5420737047766624,0.7968939310496751,0.3221088435374149,0.4211382113821137,0.7719740634005764,0.4853109500190767,0.367021113596666,0.29218856049855,0.2501017832424069,0.1845886720153274
0.1259022478861621,0.2977506671749904,0.5374250488445732,0.8032822998127546,0.3240646258503401,0.4138211382113821,0.7721541786743517,0.4862170927127051,0.3674194833450802,0.2918800518294564,0.2511196156664766,0.1842294336007663
0.1136316766343576,0.2804994281357224,0.5332479956882032,0.8198039431655468,0.3216836734693877,0.4028906955736224,0.7629682997118157,0.4809710034338039,0.3638035117825514,0.2883013512679707,0.2463154466248676,0.1768650461022632
0.1123943081047638,0.2788791460160121,0.5329111365626895,0.821456107500826,0.3213435374149659,0.4018970189701897,0.7640489913544669,0.481161770316673,0.364355100664971,0.2881779478003332,0.2452569009038351,0.1757873308585798
0.125386677665498,0.2872664887533358,0.5303510072087854,0.8096706685758344,0.3283163265306122,0.4041553748870822,0.7765670028818444,0.4892216711178939,0.3699016333159685,0.2922194113654594,0.2501832098363325,0.1827924799425218
0.13683233656424,0.2889820815859702,0.5240854274742303,0.8025112897896244,0.3369897959183673,0.4007226738934056,0.7903458213256486,0.4968523464326593,0.3742224128949223,0.2957364101931264,0.2551909453627555,0.1911148365465214
0.1319859764899979,0.2775447960350743,0.5191672842417301,0.811763410067188,0.338095238095238,0.3920505871725384,0.793227665706052,0.4977107974055704,0.3744369196825299,0.2957364101931264,0.2549466655809787,0.1899173751646509
0.1171375541348731,0.2621044605413648,0.517887219564778,0.828615486287036,0.3327380952380951,0.3838301716350496,0.7880943804034583,0.4940862266310569,0.3712499616952165,0.2924662183007342,0.2501832098363325,0.181894383906119
0.1190967209733965,0.2594357605794891,0.5148554874351545,0.829166207732129,0.3354591836734694,0.3805781391147244,0.7876440922190202,0.4947062190003815,0.370729016639598,0.2920343061640032,0.249328230600114,0.1815351454915579
0.1323984326665291,0.2689668318719023,0.5128343326820723,0.8164996144949883,0.3422619047619047,0.383739837398374,0.8016930835734871,0.5009538344143457,0.3747433579505409,0.2953661997902141,0.2541323996417229,0.1891390252664351
0.1400288719323572,0.2851696530690049,0.5193020278919356,0.8030620112347174,0.3413265306122449,0.395754290876242,0.8064661383285303,0.4997615413964136,0.3745594949897343,0.296723637934226,0.2567380506473414,0.1931505208957011
0.1244586512683027,0.2973694243232939,0.5380987670956006,0.8043837427029408,0.3230442176870748,0.4140921409214091,0.7919668587896254,0.4857878672262495,0.3688597432047314,0.2945640772505707,0.2532774204055044,0.1854867680517303
0.0940400082491235,0.3191002668699961,0.5733342316243347,0.8080185042405551,0.2882653061224489,0.4480578139114724,0.7691822766570605,0.4625143075162152,0.3592375815891889,0.2888566668723392,0.2439540754010259,0.1689618009819183
0.0786760156733347,0.3443576057948913,0.6012261672168698,0.8016301354774754,0.2642857142857142,0.4786811201445348,0.7623378962536024,0.4482067913010301,0.353905555725799,0.287900289998149,0.2407377249409657,0.1602203328942641
0.0984739121468343,0.3638963019443385,0.6021020009432055,0.7798215662517898,0.271938775510204,0.488527551942186,0.7998018731988473,0.4791587180465471,0.3840897251248736,0.3208181649904362,0.2723312433840892,0.1866842294336007
0.1657042689214271,0.3830537552420892,0.5717173078218689,0.7327899548408414,0.3187925170068027,0.4773261065943993,0.8625720461095101,0.5614269362838612,0.4642846198633286,0.4088048374159314,0.3568927611758,0.2655969344988624
0.272014848422355,0.3733320625238275,0.4953850299804621,0.6815728604471858,0.4108843537414965,0.4214995483288166,0.8928314121037464,0.6582411293399466,0.5753991358440842,0.5374838032948727,0.4774041201856526,0.3805532271584241
0.4148277995462981,0.3629431948150971,0.3947315232769655,0.6113008040533098,0.5332482993197278,0.3491418247515808,0.8538364553314122,0.754530713468142,0.7094352342720559,0.6933423829209602,0.6223434573731781,0.5243084660519698
0.5930088678077954,0.390869233701868,0.2980529542545307,0.5000550721445093,0.6676870748299318,0.2975609756097561,0.7855727665706053,0.8564956123616941,0.850304906076671,0.854291355587092,0.7756697337350378,0.6847084181535146
0.7685089709218396,0.4499618757148302,0.2252240113184666,0.372177552593898,0.7860544217687074,0.2766937669376693,0.7004682997118157,0.9240747806180848,0.9368430729629516,0.9570864441290802,0.8925576093152022,0.8275056879415638
0.9250360899154464,0.4854174609226077,0.1479485279256215,0.2680911994713073,0.8993197278911564,0.2416440831074977,0.571685878962536,0.9353300267073636,0.9623387368614594,0.9880298636391682,0.9563146323589284,0.9384504849718596
0.9579294699938132,0.4381433473122378,0.0930404904668867,0.2777838969049455,0.9476190476190476,0.1824751580849141,0.4581231988472622,0.8760969095764976,0.9213372966015996,0.9335472326772384,0.9219118964253724,0.9401868039755716
0.8162507733553311,0.3117613419748379,0.0962743380718183,0.4265888313690935,0.8870748299319727,0.1247515808491418,0.3501440922190202,0.6657764212132774,0.7176171360279473,0.7378293330042575,0.7487989577395977,0.7863728894743144
0.5815632089090534,0.2402783072817384,0.1990837431786027,0.5931269963652385,0.7255102040816326,0.1598012646793134,0.2291966858789625,0.3642693628386112,0.3957650231360893,0.4402727216634788,0.4848546535298428,0.5344868877978686
0.3612084965972365,0.2856462066336255,0.3751263221720676,0.684656900539707,0.523469387755102,0.2993676603432701,0.1757925072046109,0.1559042350247997,0.15000153219134,0.1843956315172457,0.240289878674375,0.2888875583762423
0.286760156733347,0.3126191383911551,0.4428350064003233,0.7087784998347835,0.4500850340136054,0.3574525745257453,0.2209113832853026,0.158813429988554,0.1215027732663255,0.1335842537175295,0.1758000162853187,0.2091965034127649
0.2571664260672303,0.3252954632100647,0.4711311729434749,0.7172596100892168,0.4200680272108843,0.3824751580849141,0.3688760806916427,0.2830026707363602,0.217387307326939,0.2003455297093848,0.2148440680726325,0.2188360675368219
0.1982883068673953,0.3255813953488371,0.509802600552449,0.7485405881705033,0.3713435374149659,0.4084914182475158,0.5226945244956773,0.3859214040442579,0.2954064903625165,0.2509718023076449,0.2392313329533425,0.2079391689618009
0.1594143122293256,0.3134769348074723,0.5266455568281344,0.7762969490031941,0.3446428571428571,0.4140921409214091,0.6294128242074929,0.4488744753910721,0.3399013268777005,0.2747578206947615,0.243180522758733,0.1879415638845647
0.1614765931119818,0.3012771635531833,0.5166745267129286,0.7822447406101993,0.3517857142857142,0.4016260162601626,0.6986671469740635,0.4846432659290347,0.3641712377041645,0.2898438946134387,0.2524631544662487,0.1938689977248233
0.1542586100226851,0.2925085779641631,0.5151923465606683,0.7911664280207071,0.3498299319727891,0.3964769647696477,0.7404538904899136,0.4961846623426173,0.3726595777280667,0.2929598321712841,0.2544581060174252,0.1953658244521614
0.1340482573726541,0.2792603888677087,0.5190999124166273,0.8096706685758344,0.3389455782312924,0.3928635953026197,0.7614373198847263,0.4951354444868371,0.3723531394600558,0.2889800703399766,0.2489618109274489,0.1864447371572266
0.1164157558259434,0.2604841784216545,0.5172808731388533,0.8299372177552594,0.3329081632653061,0.3826558265582656,0.7672010086455332,0.491415490270889,0.3680936475347042,0.2827173443573764,0.2389870531715658,0.172254819782062
0.1093008867807795,0.2499999999999999,0.5145186283096409,0.8398502037669346,0.3316326530612244,0.375880758807588,0.7794488472622478,0.4915108737123235,0.3658566481782245,0.2782131177886099,0.2324322123605569,0.1632738594180337
0.1133223345019591,0.252192146397255,0.513440679107997,0.836325586518339,0.3340136054421768,0.3762420957542909,0.8043047550432277,0.5013830599008012,0.3698709894891674,0.2799099154686247,0.2334500447846266,0.1646509400071847
0.1176531243555372,0.2540983606557376,0.5119584989557366,0.8330212578477806,0.336734693877551,0.3760614272809395,0.8209654178674352,0.5101106447920641,0.3740691937609169,0.2829950021595607,0.2369921016203892,0.1694407855346665
0.1143534749432872,0.2460922607701105,0.5084551640503941,0.8394096266108602,0.3375850340136054,0.3700090334236675,0.8185338616714698,0.5086322014498283,0.3739466184537126,0.2821003270191893,0.2352007165540265,0.166746497425458
0.1081666322953186,0.238562714449104,0.507175099373442,0.8470095825531446,0.3357993197278911,0.3654923215898826,0.8092579250720462,0.5048168637924456,0.3715257561364263,0.2787684333929783,0.2310479602638221,0.1596814752724224
0.1057950092802639,0.2349409073579869,0.5061645219969009,0.8503139112237029,0.3355442176870747,0.3631436314363144,0.8135806916426513,0.5057706982067913,0.37106609873441,0.2777195039180601,0.2284423092582037,0.1575859178541492
0.1168282120024747,0.2416126572626762,0.5036717644680995,0.8406212137900649,0.3415816326530612,0.3645889792231255,0.8252881844380404,0.5117321632964518,0.3743449882021267,0.2796631085333498,0.2310886735607849,0.1621362711052568
0.1246648793565683,0.2413267251239038,0.49828201845988,0.8365458750963761,0.3482993197278911,0.3608852755194219,0.830421469740634,0.514450591377337,0.3756013851009714,0.2814524588140927,0.233572184675515,0.1659082744581487
0.1148690451639513,0.2257910789172702,0.4937681061779963,0.850864632668796,0.3471088435374149,0.3504968383017163,0.8239373198847264,0.5100152613506296,0.3719241258848406,0.2775652495835133,0.230111554433678,0.161357921207041
0.0998143947205609,0.2110179184140297,0.4932291315771743,0.8673862760215882,0.3412414965986394,0.3430894308943089,0.8079971181556197,0.5008584509729112,0.365366346949407,0.2707780588634541,0.221846755150232,0.1511794994611424
0.1009486492060218,0.211971025543271,0.4930943879269689,0.8662848331314021,0.341751700680272,0.3434507678410117,0.8020533141210375,0.4992369324685235,0.3631293475929274,0.2685567964459802,0.2186304046901718,0.1477068614537181
0.108475974427717,0.2217880289744567,0.4951829145051539,0.8565921356977639,0.3435374149659864,0.3495934959349593,0.8128602305475504,0.5040537962609691,0.3658872920050256,0.2704695501943605,0.2216839019623809,0.1521374685666387
0.1124974221488966,0.2245520396492565,0.4945091962541265,0.8527370855821125,0.3456632653061224,0.3504065040650406,0.8227665706051873,0.5070106829454407,0.3678178530934943,0.2721354970074659,0.2240045598892598,0.1564483295413722
0.0997112806764281,0.2163553183377811,0.4970693256080307,0.8644123802180855,0.3387755102040816,0.3482384823848238,0.8139409221902019,0.5019553605494087,0.3655502099102136,0.2694514715863516,0.2203810764595716,0.1528559453957609
0.0830068055269127,0.2063476934807472,0.5008421478137842,0.8790615706575614,0.3295068027210884,0.3459801264679313,0.7988112391930836,0.4934185425410149,0.3614439371188674,0.264515332880854,0.2143962218060418,0.1443539695844808
0.0838317178799752,0.2058711399161265,0.4999663140874485,0.8789514263685427,0.3303571428571428,0.3452574525745257,0.79782060518732,0.4930847004959939,0.3604939784880336,0.2635281051397545,0.213989088836414,0.1432762543407975
0.0963085172200453,0.2172131147540983,0.4998315704372431,0.8656239673972904,0.3356292517006802,0.3504968383017163,0.8133105187319886,0.5011922930179321,0.3644776759721754,0.2678163756401555,0.2194446706294275,0.1504610226320201
0.1011548772942874,0.2260770110560426,0.5029306743919693,0.8580240114550061,0.3356292517006802,0.3567299006323396,0.826999279538905,0.5089660434948493,0.3687065240707259,0.2712716727340039,0.2246152593437016,0.1566279487486528
0.0916683852340688,0.2188333968738085,0.5040086235936131,0.8672761317325696,0.3310374149659864,0.3540198735320686,0.8281700288184438,0.5097291110263259,0.3678791407470965,0.2696365767878078,0.2216431886654181,0.1518381032211711
0.0772324190554753,0.2101601219977125,0.5073098430236475,0.8799427249697103,0.3229591836734694,0.3522131887985546,0.8239373198847264,0.5049122472338803,0.3648454018937885,0.2659653236255939,0.2157804739027766,0.142078792958927
0.0777479892761393,0.215592832634388,0.5107458061038873,0.8765282520101332,0.3210884353741496,0.3570009033423667,0.8260086455331412,0.5053414727203358,0.3659179358318267,0.2659961744925033,0.2152104877452976,0.1407615854388695
0.0912559290575376,0.2319862752573389,0.5135754227582024,0.8597863200793038,0.3248299319727891,0.3667570009033424,0.8401476945244958,0.5146413582602061,0.3718628382312384,0.2707472079965447,0.2206253562413484,0.1499820380792719
0.0944524644256547,0.2383720930232557,0.5160008084619012,0.8544993942064103,0.3245748299319728,0.3713640469738031,0.85203530259366,0.5218428080885158,0.3758465357153802,0.2735546368852965,0.2249002524224411,0.1560292180577176
0.0873375953804908,0.2300800609988562,0.5147881156100518,0.8630906487498622,0.3224489795918367,0.366576332429991,0.8525756484149856,0.5212228157191912,0.3744982073361321,0.2712408218670945,0.2224574546046739,0.1516584840138905
0.0769230769230769,0.2194052611513533,0.5140470255339217,0.8747659433858354,0.3186224489795918,0.3610659439927732,0.8467219020172911,0.5169305608546357,0.3708209481200012,0.2666748935645092,0.2154140542301115,0.143336127409891
0.0778511033202722,0.2222645825390773,0.5153944620359765,0.8725630576054632,0.3181122448979591,0.3633242999096657,0.8519452449567724,0.5205551316291492,0.3724757147672601,0.2665206392299624,0.2144369351030046,0.1428571428571428
0.0905341307486079,0.2347502859321387,0.5160008084619012,0.8586848771891177,0.3229591836734694,0.3696476964769647,0.8730187319884727,0.5330980541777948,0.379830233199522,0.2712408218670945,0.219933230192981,0.1504011495629266
0.0941431222932563,0.236370568051849,0.5148554874351545,0.8557109813856151,0.3252551020408163,0.3696476964769647,0.8903097982708935,0.5424933231590996,0.384212300432078,0.2737397420867526,0.2225795944955622,0.1550113758831277
0.0853784285419674,0.2291269538696149,0.5153270902108738,0.8646326687961228,0.3213435374149659,0.3664859981933152,0.8891390489913545,0.5428748569248378,0.3838445745104649,0.2712716727340039,0.2187525445810601,0.150341276493833
0.0791915858939987,0.2231223789553945,0.515259718385771,0.8713514704262584,0.3187925170068027,0.3635953026196928,0.8789625360230547,0.539202594429607,0.3800447399871296,0.265379157154316,0.2118719973943489,0.1421985390971141
0.0837286038358424,0.2276972931757529,0.515529205686182,0.8663949774204207,0.3204931972789115,0.3660343270099367,0.8786023054755044,0.5428271652041207,0.3803205344283394,0.2642993768124884,0.2113020112368699,0.1417195545443659
0.1016704475149515,0.2423751429660693,0.5141143973590244,0.848331314021368,0.3288265306122448,0.3719963866305329,0.8916606628242075,0.5548931705455933,0.3865105874421598,0.2691738137841673,0.2183454116114322,0.1512393725302359
0.1110538255310373,0.2425657643919176,0.5081183049248804,0.8431545324374932,0.3364795918367347,0.3680216802168021,0.9033681556195966,0.5648607401755056,0.3914442435571355,0.2715184796692788,0.2227424476834134,0.1587833792360196
0.104145184574139,0.2196911932901257,0.496462979182106,0.8601167529463597,0.3409013605442176,0.3494128274616079,0.8993155619596542,0.5643361312476155,0.388257285569822,0.2672919109026964,0.217816138750916,0.1540534067776314
0.0977521138379047,0.1971025543271063,0.4846729097891262,0.8765282520101332,0.3457482993197279,0.3308039747064137,0.890399855907781,0.5619515452117513,0.3840590812980725,0.2608440797186401,0.2098363325462095,0.1449527002754161
0.1033202722210765,0.1873808616088448,0.4741629050730984,0.87917171494658,0.3546768707482993,0.3191508581752484,0.892020893371758,0.5631915299504006,0.3818833695951951,0.2568334670204233,0.2059685693347447,0.1422584121662076
0.1179624664879356,0.1944338543652306,0.4695816209661119,0.8672761317325696,0.3636054421768707,0.3194218608852755,0.90210734870317,0.5706314383822968,0.3853461220237184,0.2586536681680755,0.20955133946747,0.1507603879774877
0.1245617653124355,0.2067289363324437,0.4738934177726874,0.8567022799867827,0.3636054421768707,0.3280939476061427,0.9130943804034584,0.5785005723006486,0.3907087917139092,0.2627876843339298,0.2152512010422604,0.159741348341516
0.1195091771499278,0.2059664506290506,0.4767230344270026,0.8597863200793038,0.3597789115646258,0.3296296296296296,0.9160662824207494,0.5801697825257536,0.3924248460147703,0.2633738508052077,0.2155769074179626,0.158484013890552
0.1133223345019591,0.2023446435379336,0.4782052145792629,0.8651833902412158,0.3562074829931972,0.3289972899728997,0.9060698847262249,0.5787867226249523,0.3925780651487758,0.2617696057259209,0.2132969627880465,0.1553706142976889
0.1184780367085997,0.2145444147922226,0.4834602169372768,0.8553805485185593,0.355017006802721,0.3382113821138211,0.9017471181556196,0.5813620755436857,0.3961021052309013,0.2654100080212254,0.2159840403875906,0.1596814752724224
0.1369354506083728,0.2387533358749523,0.4885131038199825,0.8315893820905386,0.359438775510204,0.3531165311653116,0.9059798270893372,0.5904235024799694,0.4050194588300187,0.2754673906336768,0.2277094699128735,0.1724943120584361
0.1517838729634976,0.2510484178421654,0.4875025264434413,0.8164996144949883,0.3662414965986394,0.3582655826558265,0.899585734870317,0.5941911484166349,0.4123433334354794,0.2844141420373913,0.239516326032082,0.1849479104298886
0.1512683027428335,0.2466641250476553,0.4848076534393316,0.8193633660094723,0.3677721088435373,0.3543812104787714,0.8784221902017292,0.5887542922548645,0.4134465112003188,0.2892885790090702,0.2444426349645794,0.1885402945754999
0.149927820169107,0.2435188715211589,0.4833254732870713,0.8217865403678819,0.3681122448979592,0.3519421860885275,0.8566282420749279,0.5797405570392979,0.4119143198602641,0.2921268587647314,0.2472518524550117,0.1900969943719314
0.1557022066405444,0.2520015249714067,0.4856161153405646,0.8138561515585416,0.369047619047619,0.3574525745257453,0.8476224783861672,0.5736360167874857,0.4123126896086784,0.2977108656753255,0.2531959938115788,0.1947670937612262
0.1686945762012786,0.2690621425848265,0.4891868220710099,0.7971142196277123,0.3721088435374149,0.3679313459801265,0.8525756484149856,0.5733021747424647,0.4157754420372017,0.3064416610106744,0.2642292972884944,0.2079990420308944
0.1720973396576613,0.2800228745711017,0.4947786835545374,0.7888533979513161,0.3699829931972788,0.3768744354110208,0.8500540345821326,0.569820679130103,0.4162963870928202,0.3122724748565435,0.272168390196238,0.2168602562567357
0.157558259434935,0.2762104460541364,0.5015158660648117,0.79887652825201,0.3597789115646258,0.3795844625112918,0.8365453890489915,0.5579931323922167,0.4112707994974413,0.3120873696550873,0.2722905300871264,0.2139863489402466
0.1399257578882243,0.2712542889820815,0.509533113252038,0.811212688622095,0.3474489795918367,0.3826558265582656,0.8215057636887608,0.5441148416634872,0.4037324181043729,0.30906398469797,0.2672827945607035,0.2048856424380313
0.140647556197154,0.283072817384674,0.5174156167890588,0.8039431655468664,0.3427721088435373,0.3934959349593496,0.817092939481268,0.5362933994658527,0.4004535286366562,0.3091256864317888,0.2679749206090709,0.2022512273979164
0.1557022066405444,0.3058520777735417,0.5236811965236138,0.7826853177662737,0.3450680272108843,0.4084914182475158,0.8242975504322767,0.5370087752766121,0.4021082952839151,0.3124575800579997,0.2741633417474147,0.2091366303436714
0.1582800577438647,0.3115707205489896,0.5260392104022098,0.778059257627492,0.3446428571428571,0.4128274616079493,0.8344740634005764,0.5384872186188477,0.4022615144179206,0.3150490528783859,0.2774204055044377,0.2128487606274697
0.1457001443596617,0.2967022493328249,0.5237485683487165,0.7933693138010793,0.3409013605442176,0.4041553748870822,0.8319524495677234,0.5329549790156429,0.3984310360677842,0.3126735361263652,0.2728198029476427,0.2062028499580888
0.1314704062693339,0.2811666031261913,0.5221316445462507,0.8098909571538716,0.335969387755102,0.395754290876242,0.8188940922190202,0.5231304845478826,0.3912603805963289,0.3063799592768557,0.2649214233368618,0.1957250628667225
0.1359043101670447,0.2877430423179565,0.5238159401738193,0.8037228769688292,0.336734693877551,0.3999999999999999,0.8159221902017292,0.5206982067913011,0.3900959151778875,0.3057629419386685,0.2652471297125641,0.1965034127649383
0.1518869870076304,0.3054708349218452,0.5259044667520043,0.7849983478356647,0.3420918367346939,0.4097560975609756,0.8247478386167147,0.5267073636016787,0.3937425305672172,0.3105448263096193,0.2722091034932009,0.2057837384744341
0.1604454526706537,0.3138581776591688,0.5263086977026207,0.775525938980064,0.3453231292517006,0.4140921409214091,0.826999279538905,0.5295211751239984,0.3963166120185089,0.3137841673351021,0.275832586922889,0.2106334570710094
0.1509589606104351,0.30604269919939,0.5269150441285454,0.7852186364137019,0.3410714285714285,0.4107497741644083,0.8107889048991356,0.5226535673407097,0.3918119694787485,0.3098044055037947,0.2713134109600195,0.2055442461980601
0.1375541348731697,0.2912695386961493,0.5252307485009768,0.8008591254543451,0.3365646258503401,0.4026196928635953,0.7896253602305475,0.5113029378099962,0.3843042319124813,0.3026470043808231,0.2638221643188665,0.1951263321757873
0.1403382140647556,0.2843118566526877,0.5184261941655999,0.8033924441017734,0.3420068027210884,0.3947606142728094,0.7815201729106629,0.5076783670354826,0.3810253424447645,0.2995002159560684,0.2601986808891784,0.1905759789246796
0.1550835223757475,0.2917460922607701,0.5141143973590244,0.7912765723097257,0.3508503401360544,0.3953929539295392,0.7898955331412104,0.5144028996566197,0.3850703275825085,0.3038810390571975,0.2665499552153733,0.1998563046341755
0.1605485667147865,0.2915554708349218,0.5103415751532709,0.7884128207952417,0.3554421768707482,0.3927732610659439,0.7926873198847263,0.517836703548264,0.386908957190574,0.3061331523415808,0.2700920120511359,0.2057238654053406
0.1496184780367085,0.2742089210827296,0.5052213164454624,0.8042735984139222,0.3541666666666666,0.3811201445347787,0.7837716138328531,0.5116844715757345,0.382189807863206,0.3018757327080891,0.2649214233368618,0.1988983355286792
0.1366261084759744,0.2569576820434616,0.5016506097150172,0.8211256746337702,0.3511054421768707,0.3705510388437217,0.7733249279538906,0.5038630293781,0.3767045628658107,0.296723637934226,0.2585701490106669,0.1899173751646509
0.1356980820787791,0.2556233320625238,0.5012463787644007,0.8224474061019935,0.3509353741496598,0.3696476964769647,0.7752161383285302,0.5029091949637543,0.3757239604081758,0.2962608749305855,0.2572266102108949,0.1885402945754999
0.140647556197154,0.2650590926420129,0.5046823418446406,0.8142967287146161,0.3508503401360544,0.3764227642276422,0.7880943804034583,0.5086322014498283,0.3785431924738762,0.3003948910964398,0.2619900659555411,0.194407855346665
0.1419880387708806,0.2718261532596263,0.5085899077005996,0.8096706685758344,0.3488945578231292,0.3822944896115627,0.799171469740634,0.5125906142693628,0.3817607942879907,0.303233170852101,0.2654914094943408,0.1993174470123338
0.1322953186223963,0.2688715211589782,0.5128343326820723,0.816609758784007,0.3421768707482993,0.383739837398374,0.794578530259366,0.5092045020984357,0.3807189041767536,0.3019991361757266,0.262967185082648,0.1947670937612262
0.121571458032584,0.2681090354555852,0.5193020278919356,0.8227778389690493,0.3337585034013605,0.387624209575429,0.7839517291066284,0.5019076688286913,0.3771029326142249,0.2985129882149688,0.2580815894471134,0.18752245240091
0.1254897917096308,0.2755432710636675,0.5219969008960452,0.8163894702059699,0.3336734693877551,0.3929539295392953,0.7826909221902019,0.5019076688286913,0.3772867955750315,0.2983278830135127,0.2582037293380018,0.1874625793318165
0.1412662404619509,0.2893633244376667,0.5213905544701205,0.7999779711421963,0.3404761904761904,0.3991869918699186,0.7925072046109511,0.5087275848912629,0.3824656023044158,0.3037267847226507,0.2645550036641967,0.1952460783139743
0.146112600536193,0.2923179565383149,0.5203799770935794,0.7956823438704702,0.3431972789115646,0.3998193315266485,0.799171469740634,0.5141644410530332,0.3863267244813533,0.307428888751774,0.2687891865483267,0.20129325829242
0.1333264590637244,0.27306519252764,0.5150576029104629,0.8136358629805044,0.3412414965986394,0.3871725383920505,0.7931376080691643,0.5102060282334987,0.3843655195660835,0.3045597581292034,0.2647178568520478,0.1962639204885642
0.1217776861208496,0.2587685855890201,0.5125648453816614,0.8280647648419429,0.3380102040816326,0.3787714543812105,0.7846721902017292,0.5046737886302938,0.3809640547911624,0.3007651014993521,0.2596694080286622,0.188779786851874
0.1229119406063105,0.2606747998475028,0.5131711918075861,0.8263024562176451,0.3381802721088435,0.3800361336946702,0.7881844380403458,0.505723006486074,0.3812704930591732,0.3009810575677177,0.2592215617620714,0.1886001676445934
0.1361105382553103,0.2755432710636675,0.5150576029104629,0.8107721114660205,0.3423469387755101,0.3883468834688346,0.8018731988472624,0.5126383059900802,0.386571875095762,0.3052693280681187,0.2658171158700431,0.1964435396958448
0.1391008455351619,0.2832634388105222,0.5185609378158054,0.8047141755699967,0.3414115646258503,0.3943089430894309,0.8141210374639769,0.5182659290347196,0.3905249287531027,0.30906398469797,0.2698477322693591,0.2023111004670099
0.1264178181068261,0.2720167746854746,0.5188977969413191,0.8179314902522304,0.335969387755102,0.3892502258355917,0.8130403458213257,0.5170259442960702,0.3888088744522416,0.3068118714135867,0.2665499552153733,0.1967429050413124
0.1142503608991544,0.2561951963400686,0.5156639493363875,0.8335719792928736,0.3329931972789115,0.3795844625112918,0.8060158501440923,0.513115223197253,0.3844880948732878,0.3027395569815512,0.2599544011074017,0.1877619446772841
0.1217776861208496,0.2622950819672131,0.5150576029104629,0.8259720233505892,0.3364795918367347,0.3821138211382113,0.8081772334293948,0.5135921404044258,0.3840897251248736,0.303325723452829,0.2608093803436202,0.1880014369536582
0.1398226438440915,0.2796416317194052,0.515529205686182,0.8063663399052758,0.3436224489795918,0.3906052393857271,0.8114193083573488,0.5164059519267455,0.386908957190574,0.3067810205466774,0.2659799690578943,0.19704227038678
0.143947205609404,0.2916507815478459,0.5213231826450179,0.7972243639167309,0.3416666666666666,0.4001806684733514,0.8126801152737754,0.5164536436474628,0.3875218337265958,0.3080767569568705,0.2686670466574383,0.2021314812597293
0.1305423798721385,0.286694624475791,0.5265108131779289,0.8072474942174248,0.3329081632653061,0.4012646793134597,0.8044848703170029,0.5094429607020221,0.3832623418012442,0.3043746529277473,0.2646364302581223,0.1969823973176865
0.1214683439884512,0.2796416317194052,0.5275213905544701,0.8161691816279325,0.3284863945578231,0.3986449864498645,0.788364553314121,0.4992846241892408,0.3770722887874238,0.2986055408156969,0.2575116032896344,0.1881211830918452
0.1246648793565683,0.2839306138009911,0.5284645961059086,0.8119836986452252,0.3292517006802721,0.4013550135501355,0.7829610951008646,0.4967569629912248,0.3748352894309442,0.2972789535385944,0.2561680644898624,0.1880613100227517
0.1365229944318416,0.2919367136866183,0.5263760695277235,0.8010794140323824,0.3354591836734694,0.4037037037037037,0.7902557636887608,0.5005246089278902,0.3772255079214293,0.2997778737582526,0.2604429606709551,0.1938689977248233
0.1412662404619509,0.2886961494471978,0.5209863235195041,0.8004185482982706,0.3407312925170068,0.3985546522131888,0.798270893371758,0.5045784051888592,0.3796157264119144,0.3019065835749985,0.2637000244279782,0.1993174470123338
0.1340482573726541,0.2699199390011437,0.5124301017314559,0.8150677387377464,0.3431972789115646,0.3839205058717254,0.7921469740634006,0.5024799694772988,0.3763061931173965,0.2990683038193373,0.2612165133132481,0.1941084900011974
0.1244586512683027,0.2590545177277926,0.5110152934042983,0.8265227447956823,0.3401360544217687,0.3777777777777777,0.7847622478386167,0.4975200305227013,0.3725982900744645,0.2955513049916703,0.2568194772412669,0.1868039755717878
0.1306454939162714,0.2646778497903164,0.5109479215791956,0.8199140874545654,0.3427721088435373,0.3804878048780488,0.7896253602305475,0.498473864937047,0.3733337419176907,0.2962300240636762,0.2566566240534158,0.1871033409172554
0.1382759331820994,0.2764963781929088,0.5143165128343327,0.8090098028417226,0.3437925170068026,0.3882565492321589,0.8037644092219022,0.5047691720717284,0.3774093708822358,0.2992225581538841,0.2599544011074017,0.1934498862411687
0.1455970303155289,0.2818337781166602,0.5133059354577916,0.80207071263355,0.3473639455782312,0.3901535682023487,0.8106087896253603,0.507916825639069,0.3789722060490914,0.3011353119022645,0.2628043318947968,0.1978206202849958
0.136316766343576,0.2722073961113229,0.5125648453816614,0.8125344200903183,0.344047619047619,0.3850948509485094,0.8046649855907781,0.502861503243037,0.3754481659669659,0.2974640587400506,0.2593029883559971,0.191533948030176
0.1202309754588574,0.2617232176896683,0.5156639493363875,0.827183610529794,0.3354591836734694,0.3822041553748871,0.7941282420749279,0.4937523845860359,0.3699322771427696,0.2917874992287284,0.2517710284178812,0.1823134953897736
0.1212621159001856,0.2692527640106747,0.5203126052684767,0.8223372618129751,0.3329081632653061,0.3888888888888889,0.7920569164265131,0.4908908813429988,0.3684000858027151,0.290214105016351,0.2507124826968487,0.1815950185606514
0.122087028253248,0.2832634388105222,0.5296772889577578,0.813746007269523,0.3273809523809523,0.401806684733514,0.8007024495677234,0.4939908431896223,0.3701161401035762,0.2926821743690998,0.2542952528295741,0.1868039755717878
0.123221282738709,0.2897445672893632,0.5335174829886141,0.8093402357087786,0.3254251700680272,0.4074074074074074,0.7971001440922191,0.4935139259824495,0.3704532221983881,0.2942864194483865,0.2556795049263089,0.1889594060591545
0.1188904928851309,0.2885055280213495,0.5355386377416964,0.8124242758012996,0.3223639455782313,0.4082204155374887,0.7746757925072046,0.4833078977489508,0.3655502099102136,0.2904300610847165,0.251241755557365,0.1830319722188959
0.1045576407506702,0.2842165459397636,0.5418042174762514,0.8225575503910122,0.3125,0.4103884372177055,0.7601765129682998,0.4743418542541014,0.360984279716851,0.286357746652681,0.245867600358277,0.1746497425458029
0.1093008867807795,0.2917460922607701,0.5440948595297447,0.8156184601828395,0.3130102040816326,0.4155374887082204,0.7637788184438041,0.476106447920641,0.3621793889620936,0.287900289998149,0.2480254050973047,0.1764459346186085
0.127036502371623,0.3106176134197483,0.5457117833322104,0.7953519110034144,0.3193027210884353,0.4254742547425474,0.7797190201729108,0.4869324685234643,0.3694113320871511,0.2946257789843895,0.2566973373503786,0.1868638486408813
0.127036502371623,0.3129050705299275,0.547396078959779,0.7939200352461724,0.31828231292517,0.4277326106594399,0.7925972622478387,0.495469286531858,0.3739466184537126,0.2987906460171531,0.2610536601253969,0.1933301401029816
0.11775623839967,0.2954632100648112,0.5411304992252239,0.8090098028417226,0.3183673469387754,0.4152664859981933,0.7894452449567724,0.4932754673788631,0.3718934820580394,0.2962917257974949,0.257389463398746,0.1884804215064064
0.1086822025159826,0.2750667174990468,0.5326416492622785,0.8256415904835334,0.3199829931972789,0.3999096657633243,0.7832312680115274,0.4887924456314384,0.3684000858027151,0.2918183500956377,0.2509974757755883,0.1801580649024069
0.1143534749432872,0.2713495996950056,0.5263760695277235,0.8247604361713845,0.3262755102040816,0.3939476061427281,0.7884546109510088,0.4901278138115224,0.3679404284006987,0.2909236749552663,0.2488803843335233,0.177882888276853
0.1185811507527325,0.2767823103316812,0.5273866469042646,0.8193633660094723,0.3273809523809523,0.3971996386630533,0.7994416426512968,0.4936093094238841,0.3689210308583336,0.2918492009625471,0.2508346225877371,0.1807567955933421
0.1172406681790059,0.2765916889058329,0.528060365155292,0.8202445203216212,0.3264455782312925,0.3975609756097561,0.7961095100864555,0.4923693246852346,0.3685533049367205,0.2920343061640032,0.251241755557365,0.182014130044306
0.1126005361930295,0.2755432710636675,0.530418379033888,0.8233285604141425,0.3229591836734694,0.3986449864498645,0.7813400576368876,0.4876955360549408,0.3665921000214507,0.2910779292898131,0.2498575034606302,0.1811759070769967
0.1111569395751701,0.2703964925657643,0.5277235060297784,0.8269633219517568,0.3240646258503401,0.3943992773261066,0.7652197406340058,0.4827355971003434,0.3634970735145405,0.2883013512679707,0.2471704258610862,0.1784217458986947
0.123221282738709,0.2769729317575294,0.5244896584248466,0.8168300473620442,0.3311224489795918,0.3953929539295392,0.7644092219020174,0.484690957649752,0.3647534704133853,0.2898438946134387,0.2498167901636674,0.1818345108370255
0.1403382140647556,0.2915554708349218,0.523613824698511,0.799206961119066,0.3386904761904762,0.4017163504968382,0.7807997118155621,0.4924647081266692,0.3707903042932002,0.2953661997902141,0.2570230437260809,0.1920728056520177
0.1427098370798102,0.2921273351124666,0.5224685036717645,0.7976649410728054,0.3404761904761904,0.4011743450767841,0.7903458213256486,0.4973292636398321,0.3733643857444918,0.2977417165422348,0.2602801074831039,0.1965632858340318
0.1300268096514745,0.2768776210446054,0.5199757461429629,0.8131952858244299,0.336734693877551,0.3922312556458898,0.7819704610951009,0.492417016405952,0.370054852449974,0.2939779107792929,0.2554352251445322,0.1893785175428092
0.1202309754588574,0.2656309569195577,0.5184261941655999,0.824870580460403,0.3337585034013605,0.3859078590785907,0.7685518731988473,0.4856924837848149,0.3655502099102136,0.2896587894119825,0.2491246641153,0.1808166686624356
0.1233243967828418,0.2683949675943575,0.5183588223404971,0.8216763960788632,0.3350340136054421,0.3871725383920505,0.7728746397694525,0.4862647844334223,0.3668372506358594,0.2903375084839884,0.2502239231332953,0.1823134953897736
0.1333264590637244,0.2771635531833777,0.5180219632149835,0.8113228329111135,0.3393707482993197,0.3911472448057814,0.7904358789625361,0.4938954597481877,0.3716176876168296,0.2939470599123836,0.2553537985506066,0.190156867441025
0.1329140028871932,0.2731605032405642,0.5154618338610792,0.8138561515585416,0.3408163265306122,0.3874435411020776,0.7971001440922191,0.4960892789011828,0.3723224956332547,0.2957364101931264,0.2563716309746763,0.1920728056520177
0.121571458032584,0.2611513534121235,0.5143165128343327,0.8267430333737195,0.3369047619047619,0.3810298102981029,0.7871938040345823,0.4907001144601298,0.3681242913615052,0.2921268587647314,0.2515674619330673,0.1853071488444497
0.1120849659723654,0.2549561570720549,0.5162029239372095,0.83544443220619,0.3317176870748299,0.3794037940379403,0.7766570605187321,0.4842617321632964,0.3637728679557503,0.2874992287283273,0.2461525934370165,0.1784217458986947
0.1118787378840998,0.2621997712542889,0.5213905544701205,0.8313690935125012,0.3284013605442176,0.3862691960252936,0.7807997118155621,0.4850247996947729,0.3634970735145405,0.2877768865305115,0.246437586515756,0.1780625074841336
0.1221901422973809,0.2768776210446054,0.5250286330256686,0.8173807688071373,0.3303571428571428,0.3956639566395664,0.7922370317002881,0.4912247233880198,0.3672662642110747,0.2915715431603629,0.2515267486361045,0.1836905759789247
0.1244586512683027,0.2786885245901639,0.5248938893754631,0.815177883026765,0.3313775510204081,0.3964769647696477,0.7981808357348703,0.4948492941625333,0.3692274691263445,0.293299191707287,0.2544581060174252,0.1860854987426655
0.1119818519282326,0.2676324818909645,0.5252307485009768,0.8281749091309615,0.3260204081632653,0.3914182475158085,0.788364553314121,0.4885062953071347,0.3657647166978213,0.2897513420127106,0.2498575034606302,0.179140222727817
0.1071354918539905,0.2626763248189095,0.5248938893754631,0.8335719792928736,0.324234693877551,0.3888888888888889,0.7756664265129682,0.4817817626859977,0.3616890877332762,0.2861109397174061,0.2454197540916863,0.1728535504729972
0.113941018766756,0.272302706824247,0.5271845314289564,0.8244300033043287,0.325595238095238,0.3949412827461608,0.7770172910662825,0.4828786722624952,0.3629761284589219,0.287129018325415,0.2473332790489373,0.1759070769967668
0.1230150546504433,0.2906976744186046,0.5343259448898471,0.8090098028417226,0.3248299319727891,0.4084010840108401,0.7892651296829971,0.4909862647844334,0.3687678117243281,0.292620472635281,0.253928833156909,0.1848880373607951
0.1276551866364198,0.2965116279069767,0.5354038940914909,0.8030620112347174,0.3261054421768707,0.4119241192411924,0.7951188760806917,0.4963277375047692,0.3721386326724482,0.2960757697291294,0.2575523165865971,0.1904562327864926
0.1167250979583419,0.285932138772398,0.5350670349659772,0.8150677387377464,0.3217687074829932,0.4066847335140018,0.7875540345821326,0.4907001144601298,0.3686452364171237,0.2928055778367373,0.2537252666720951,0.184648545084421
0.1076510620746545,0.274494853221502,0.5329111365626895,0.8265227447956823,0.3193877551020408,0.3998193315266485,0.7805295389048992,0.4862170927127051,0.3649679772009929,0.2887332634047017,0.2490432375213744,0.1772242845168243
0.1154877294287481,0.2766869996187571,0.529340429832244,0.8210155303447516,0.3249149659863945,0.3984643179765131,0.78539265129683,0.4901278138115224,0.3669598259430638,0.2896896402788919,0.2496132236788534,0.1781223805532271
0.1257991338420293,0.2889820815859702,0.5312942127602236,0.8084590813966295,0.327891156462585,0.4056007226738934,0.7919668587896254,0.4940862266310569,0.369717770355162,0.2928672795705559,0.2537252666720951,0.1851275296371692
0.1246648793565683,0.2911742279832253,0.5335848548137169,0.8077982156625179,0.3259353741496598,0.4082204155374887,0.7925072046109511,0.4949446776039679,0.3707903042932002,0.2949034367865737,0.2567787639443042,0.1884205484373128
0.1208496597236543,0.2835493709492946,0.530687866334299,0.8142967287146161,0.3261904761904761,0.4026196928635953,0.7844020172910664,0.4915108737123235,0.3695339073943555,0.2928055778367373,0.2547838123931276,0.1842294336007663
0.1170344400907403,0.2753526496378192,0.5273866469042646,0.8210155303447516,0.3267857142857142,0.3964769647696477,0.7726044668587897,0.486884776802747,0.3669598259430638,0.2898130437465293,0.2506717693998859,0.1785414920368818
0.125386677665498,0.2818337781166602,0.5265781850030318,0.8127547086683555,0.3306972789115646,0.3990063233965673,0.7762968299711815,0.4890309042350248,0.3683387981491129,0.2915406922934535,0.2530738539206905,0.181894383906119
0.13683233656424,0.2928898208158596,0.5268476723034428,0.8003084040092521,0.335204081632653,0.4045167118337849,0.7898054755043228,0.4968523464326593,0.3724144271136579,0.2967544888011353,0.258529435713704,0.1912345826847084
0.1374510208290369,0.2884102173084254,0.5232769655729973,0.8025112897896244,0.3377551020408162,0.3999999999999999,0.7981808357348703,0.4999046165585654,0.3740079061073147,0.2986363916826063,0.2604429606709551,0.1947072206921326
0.1301299236956073,0.2671559283263438,0.5130364481573805,0.8188126445643793,0.3412414965986394,0.3830171635049684,0.7926873198847263,0.4962323540633346,0.3707596604663991,0.2949034367865737,0.2558830714111229,0.1895581367500898
0.1242524231800371,0.2444719786504002,0.5008421478137842,0.8350038550501155,0.3464285714285714,0.3640469738030713,0.7835014409221902,0.490413964135826,0.3655502099102136,0.2900598506818042,0.2503053497272209,0.1808765417315291
0.1259022478861621,0.2418032786885245,0.4978777875092636,0.8356647207842273,0.3490646258503401,0.3607949412827462,0.7885446685878963,0.4904616558565434,0.3650599086813962,0.2895045350774357,0.2501832098363325,0.1800383187642198
0.1282738709012167,0.2494281357224551,0.5017179815401199,0.8300473620442779,0.3476190476190476,0.3670280036133694,0.8048451008645534,0.4958031285768791,0.3692581129531456,0.2931140865058309,0.2550688054718671,0.1876421985390971
0.1242524231800371,0.2487609607319862,0.5038065081183049,0.8324705364026874,0.3445578231292516,0.3681120144534779,0.8065561959654179,0.4965661961083556,0.3690129623387368,0.2937619547109274,0.2552316586597182,0.1902167405101185
0.1147659311198185,0.2387533358749523,0.502998046217072,0.8433748210155303,0.3411564625850339,0.3628726287262872,0.7860230547550432,0.4859786341091187,0.3629761284589219,0.2891651755414328,0.2491246641153,0.1816548916297449
0.1069292637657248,0.2322722073961113,0.503537020817894,0.8513052098248706,0.3375850340136054,0.3601626016260162,0.7669308357348703,0.4775848912628768,0.3590230748015812,0.2852779663108533,0.2441169285888771,0.1752484732367381
0.1131161064136935,0.239992375142966,0.5049518291450515,0.843484965304549,0.3392857142857143,0.3646793134598012,0.76657060518732,0.4800648607401755,0.3603101155272271,0.2868205096563214,0.246234020030942,0.1781822536223206
0.1230150546504433,0.2532405642394205,0.5078488176244694,0.830598083489371,0.3414965986394558,0.3729900632339656,0.7777377521613833,0.4864078595955742,0.3650905525081973,0.2915715431603629,0.2523410145753603,0.1856065141899174
0.1256960197978964,0.2618185284025924,0.5121606144310449,0.8242097147262915,0.3399659863945578,0.3798554652213189,0.7842219020172911,0.4884586035864174,0.3661630864462354,0.2924970691676436,0.2543359661265369,0.18752245240091
0.1108475974427717,0.2567670606176133,0.5182914505153945,0.8350038550501155,0.3299319727891156,0.3816621499548328,0.777377521613833,0.4826879053796261,0.3623938957497012,0.2880853951996051,0.2490839508183372,0.1795593342114716
0.1031140441328108,0.2526686999618756,0.5204473489186822,0.8415023681022138,0.3253401360544217,0.3811201445347787,0.7728746397694525,0.4791587180465471,0.3602181840468238,0.2858641327821312,0.2449719078250956,0.1740510118548676
0.1109507114869045,0.2654403354937094,0.5243549147746412,0.8299372177552594,0.3261054421768707,0.3897922312556458,0.7818804034582133,0.4838801983975582,0.3629148408053198,0.2878385882643303,0.2473332790489373,0.1756077116512992
0.123736852959373,0.2810712924132671,0.5270497877787509,0.8141865844255974,0.3297619047619047,0.3990063233965673,0.7931376080691643,0.492417016405952,0.3680017160543009,0.2923428148330968,0.2533995602963927,0.1839899413243922
0.125386677665498,0.2810712924132671,0.525971838577107,0.8131952858244299,0.3310374149659864,0.3982836495031617,0.79782060518732,0.4962323540633346,0.3703306468911838,0.2945640772505707,0.2564937708655647,0.1872230870554424
0.1137347906784904,0.2705871139916126,0.5261739540524152,0.8255314461945148,0.3261904761904761,0.3934056007226738,0.7926873198847263,0.4917970240366272,0.3676033463058867,0.2912630344912693,0.2523003012783975,0.1808166686624356
0.1043514126624046,0.2595310712924132,0.5244896584248466,0.8369864522524507,0.3233843537414965,0.3870822041553748,0.7874639769452451,0.4866463181991606,0.3642938130113688,0.2875300795952366,0.246234020030942,0.1724943120584361
0.1131161064136935,0.2642966069386198,0.522064272721148,0.8294966405991848,0.3284863945578231,0.3877145438121048,0.7927773775216139,0.4894601297214804,0.3655502099102136,0.2884247547356081,0.2473332790489373,0.1740510118548676
0.1262115900185605,0.2775447960350743,0.5229401064474837,0.8148474501597092,0.3333333333333332,0.394579945799458,0.7990814121037465,0.4941339183517741,0.369074249992339,0.2923736657000062,0.2533995602963927,0.1821937492515866
0.1244586512683027,0.2884102173084254,0.5317658155359428,0.8095605242868157,0.3270408163265306,0.4056007226738934,0.7984510086455332,0.4948016024418161,0.3702387154107805,0.2943172703152958,0.256615910756453,0.1864447371572266
0.1147659311198185,0.2867899351887151,0.536953446068854,0.8156184601828395,0.319812925170068,0.4083107497741643,0.7878242074927955,0.4888401373521557,0.3677259216130911,0.2914172888258161,0.2532774204055044,0.182014130044306
0.1062074654567952,0.278783835303088,0.5368860742437512,0.8247604361713845,0.3162414965986394,0.4045167118337849,0.7797190201729108,0.4852155665776421,0.3650292648545951,0.2885790090701549,0.2494096571940395,0.1769249191713567
0.1176531243555372,0.2880289744567288,0.5359428686923129,0.8133054301134486,0.3215986394557823,0.4082204155374887,0.7807096541786743,0.4892216711178939,0.3674194833450802,0.29073856975381,0.2522188746844719,0.1817746377679319
0.1361105382553103,0.3032786885245901,0.5346628040153608,0.7946910452693027,0.330017006802721,0.4146341463414634,0.787013688760807,0.4967569629912248,0.3725063585940613,0.2956747084593077,0.2593029883559971,0.191414201891989
0.1403382140647556,0.3024208921082729,0.5312942127602236,0.7929287366450049,0.3338435374149659,0.4119241192411924,0.7831412103746399,0.4971861884776802,0.3727821530352711,0.2964459801320417,0.2608093803436202,0.1938091246557298
0.1273458445040214,0.2845977887914601,0.5271845314289564,0.8101112457319087,0.3311224489795918,0.4008130081300813,0.7713436599423631,0.4892693628386112,0.3673888395182791,0.2915406922934535,0.2540509730477974,0.1866243563645072
0.1172406681790059,0.2739229889439572,0.5262413258775179,0.8217865403678819,0.3275510204081632,0.3950316169828365,0.7638688760806917,0.4821156047310186,0.3630987037661263,0.2870981674585056,0.2487989577395977,0.1778230152077595
0.1222932563415137,0.2813572245520396,0.5281951088054975,0.8147373058706906,0.3284013605442176,0.3999096657633243,0.774585734870317,0.4833555894696681,0.3635277173413416,0.2883630530017894,0.2500203566484814,0.1771045383786372
0.1239430810476386,0.2941288600838733,0.5361449841676211,0.8064764841942945,0.3240646258503401,0.4112917795844625,0.7921469740634006,0.4889832125143075,0.3667146753286551,0.29218856049855,0.2542545395326113,0.1848281642917016
0.1135285625902247,0.3028021349599694,0.5490803745873475,0.8070272056393876,0.3116496598639455,0.4240289069557362,0.798270893371758,0.4855017169019459,0.3660405111390311,0.2932683408403777,0.253928833156909,0.1841695605316728
0.0848628583213033,0.3130003812428517,0.5750185272519032,0.8163894702059699,0.2834183673469387,0.4463414634146341,0.7871938040345823,0.4662819534528806,0.3584101982655594,0.2890726229407047,0.247007572673235,0.1694407855346665
0.055578469787585,0.3323484559664506,0.6077612342518358,0.8209053860557329,0.2506802721088435,0.477416440831075,0.7784582132564842,0.4467760396795117,0.3516992001961205,0.2863885975195903,0.2410227180197052,0.1560890911268111
0.0618684264796865,0.3400686237133053,0.6091760425789934,0.8130851415354113,0.2523809523809524,0.4820234869015357,0.8139409221902019,0.4667111789393361,0.3715563999632275,0.307860800888505,0.2593029883559971,0.1676445934618608
0.1219839142091152,0.3555089592070148,0.5807451323856363,0.7720013217314682,0.2951530612244897,0.4702800361336947,0.8805835734870318,0.5414917970240367,0.4407195170532896,0.38187203060406,0.3308362511196156,0.2351215423302598
0.2291194060631058,0.3600838734273731,0.5141143973590244,0.7121929727943606,0.3813775510204081,0.4278229448961156,0.919578530259366,0.6372090805036246,0.5463794318634512,0.5041031652989449,0.4483755394511847,0.3484612621242965
0.3677046813776036,0.3522683949675943,0.4179074311123087,0.642691926423615,0.499234693877551,0.3596205962059621,0.8786023054755044,0.7244849294162533,0.6705788618882726,0.6527426420682423,0.5879000081426594,0.4856304634175547
0.5363992575788823,0.3692337018680899,0.3197466819376136,0.5427910562837317,0.6306972789115646,0.301806684733514,0.8014229106628243,0.816768409004197,0.8089357398951982,0.8127043869932745,0.7367885351355753,0.6398036163333732
0.7165394926789028,0.4234654975219214,0.2403826719665835,0.4152439696001762,0.7551020408163265,0.2742547425474255,0.7115453890489915,0.8867321632964518,0.9074556430607056,0.9288270500401062,0.8595391254783812,0.7847563166087893
0.8909053413074861,0.4737895539458634,0.1620292393720946,0.2929838087895142,0.8764455782312924,0.2456187895212285,0.5651116714697407,0.9066673025562764,0.9434314957251864,0.9712778429073858,0.937179382786418,0.9097712848760626
0.96844710249536,0.4467213114754098,0.0922320285656538,0.2672100451591584,0.9524659863945578,0.1859981933152664,0.4324567723342939,0.8649847386493704,0.9201728311831584,0.9341025482816068,0.9290367233938605,0.946533349299485
0.8601773561559085,0.3218642775447959,0.0747153540389408,0.3971803062011234,0.918877551020408,0.1150858175248419,0.332943083573487,0.6895745898512018,0.759323384304232,0.7718886900721911,0.7837716798306326,0.8234941923122978
0.646112600536193,0.2246473503621806,0.1459273731725392,0.5676836656019385,0.7856292517006802,0.1167118337850045,0.2048811239193083,0.3946966806562381,0.4595041828823584,0.5025606219534768,0.5442960670955134,0.5978325948988145
0.4095689832955248,0.2566717499046893,0.323047901367648,0.6755149245511619,0.5762755102040815,0.2506775067750677,0.1334654178674351,0.1467951163677986,0.1773358256979131,0.2254889862405134,0.2851559319273675,0.3382229673093043
0.3095483604866983,0.2889820815859702,0.4111702486020346,0.7103205198810442,0.4795068027210883,0.3250225835591689,0.1813760806916426,0.1193723769553605,0.1021971623816382,0.1261491947923737,0.175759302988356,0.2167405101185486
0.294390595999175,0.2925085779641631,0.4237014080711446,0.7163784557770678,0.4653061224489795,0.3351400180668473,0.3410482708933718,0.2524799694772988,0.1950786014157448,0.1862775343987166,0.2081263740737725,0.2249431205843611
0.2513920395957929,0.3036599313762866,0.4596105908509061,0.7329000991298601,0.4249149659863945,0.3644986449864499,0.5054935158501441,0.3738077069820679,0.2866729997242055,0.2498920219658172,0.2465190131096816,0.2317087773919291
0.1929263765724891,0.3103316812809759,0.50245907161625,0.760326027095495,0.3737244897959184,0.3963866305329719,0.6250900576368876,0.4481590995803129,0.3421996138877823,0.2829024495588326,0.2589365686833319,0.2135073643874984
0.1791090946586925,0.2955585207777353,0.5011116351141952,0.7761868047141754,0.3689625850340136,0.3884372177055104,0.701278818443804,0.4883632201449828,0.369043606165538,0.2970938483371383,0.2639035909127921,0.2068614537181176
0.17498453289338,0.2868852459016393,0.4976756720339553,0.7833461835003855,0.3693877551020407,0.3821138211382113,0.7515309798270894,0.5061522319725296,0.3800140961603285,0.3021842413771827,0.2670792280758896,0.2088971380672973
0.1561146628170756,0.2803088067098742,0.505356060095668,0.7972243639167309,0.3567176870748298,0.3841011743450768,0.7832312680115274,0.5102060282334987,0.3816995066343885,0.3004565928302586,0.2637407377249409,0.2032690695725062
0.1328108888430604,0.2601982462828821,0.5063666374722091,0.8213459632118074,0.3465136054421768,0.3752484191508581,0.7926873198847263,0.5074399084318962,0.3779609597646554,0.2934842969087431,0.2532367071085416,0.1886001676445934
0.1238399670035058,0.2466641250476553,0.5026611870915583,0.8340125564489481,0.3451530612244897,0.3663053297199638,0.7939481268011529,0.506724532621137,0.3741611252413202,0.28833220213488,0.2455011806856119,0.1784217458986947
0.1273458445040214,0.2432329393823865,0.4979451593343663,0.8341227007379667,0.3495748299319727,0.3615176151761518,0.795749279538905,0.5072968332697444,0.3728434406888732,0.2865737027210465,0.2427733897891051,0.1757274577894862
0.1317797484017323,0.2486656500190621,0.498820993060702,0.8285053419980173,0.3508503401360544,0.3647696476964769,0.8023234870317003,0.5103491033956505,0.3750804400453529,0.2876843339297834,0.2444833482615422,0.1786013651059753
0.124871107444834,0.2454250857796416,0.5011116351141952,0.8341227007379667,0.3465986394557822,0.3647696476964769,0.8079971181556197,0.5104444868370851,0.3748352894309442,0.2863885975195903,0.242976956273919,0.1758472039276733
0.1057950092802639,0.2337971788028974,0.5052886882705652,0.8509747769578148,0.3360544217687074,0.3619692863595303,0.8016030259365994,0.5025276611980161,0.370085496276775,0.2805269328068119,0.2346714436935102,0.1633936055562208
0.0901216745720767,0.2220739611132291,0.5073098430236475,0.8661746888423835,0.3283163265306122,0.357813911472448,0.7984510086455332,0.4961846623426173,0.3651211963349984,0.2749429258962177,0.2266916374888038,0.1531553107412286
0.0957929469993813,0.2229317575295462,0.5042107390689213,0.8626500715937879,0.3325680272108843,0.3560975609756098,0.8096181556195966,0.501001526135063,0.3669598259430638,0.2757450484358611,0.2282794560703525,0.1551909950904083
0.1087853165601154,0.2272207396111322,0.4987536212355992,0.853177662738187,0.3414115646258503,0.3545618789521228,0.8308717579250721,0.5122567722243418,0.3730273036496798,0.2808971432097242,0.2345493038026219,0.1628547479343791
0.1082697463394514,0.2239801753717117,0.4967324664825169,0.8553805485185593,0.3424319727891156,0.3516711833785004,0.8397874639769453,0.5150705837466616,0.3744675635093311,0.2819152218177331,0.235485709632766,0.1647108130762782
0.0891936481748814,0.2088257720167746,0.4984841339351882,0.874325366229761,0.3335034013605442,0.3456187895212285,0.8353746397694525,0.5086322014498283,0.3692274691263445,0.2761769605725921,0.2290530087126455,0.1547718836067536
0.0787791297174675,0.199008768585589,0.4983493902849828,0.8855600837096597,0.3293367346938775,0.3408310749774164,0.8322226224783862,0.502861503243037,0.363650292648546,0.2711482692663664,0.2221724615259343,0.1452520656208837
0.0845535161889049,0.1999618757148303,0.4953176581553594,0.8819253221720453,0.3335884353741496,0.3392953929539295,0.8417687319884726,0.5059137733689432,0.3644470321453743,0.2711482692663664,0.2221724615259343,0.1474074961082505
0.0949680346463188,0.2099695005718642,0.4956545172808731,0.870580460403128,0.3376700680272109,0.344263775971093,0.8541966858789626,0.5130675314765357,0.3681855790151074,0.2741099524896649,0.2262437912222131,0.1541731529158184
0.0913590431016704,0.2063476934807472,0.4953850299804621,0.8746557990968168,0.3363095238095238,0.3423667570009033,0.8593299711815563,0.5146413582602061,0.3694726197407533,0.2743876102918492,0.2259587981434736,0.1540534067776314
0.0750670241286863,0.1927182615325962,0.4963956073570033,0.8911774424496088,0.3289965986394557,0.3365853658536585,0.8534762247838616,0.509586035864174,0.3660405111390311,0.270253594125995,0.2197703770051298,0.1450125733445096
0.0680552691276551,0.1901448722836446,0.4991578521862157,0.8963542240334837,0.3244047619047618,0.3372177055103884,0.8496037463976945,0.5061999236932468,0.3634970735145405,0.267261060035787,0.2153733409331487,0.1386061549515028
0.0808414106001237,0.2050133434998093,0.5013137505895034,0.8809340235708778,0.3283163265306122,0.3457091237579042,0.8612211815561961,0.5124475391072111,0.3675114148254834,0.270253594125995,0.2193632440355019,0.1430966351335169
0.0936275520725922,0.2173084254670224,0.5015832378899144,0.8670558431545324,0.3333333333333332,0.3516711833785004,0.8831952449567724,0.5249904616558565,0.3749578647381485,0.2766705744431418,0.2257959449556225,0.1522572147048257
0.087750051557022,0.2110179184140297,0.5010442632890925,0.8738847890736865,0.3312925170068027,0.3483288166214995,0.8910302593659943,0.5317149942769935,0.3781141788986609,0.2777503547849695,0.2266916374888038,0.1532151838103221
0.0807382965559909,0.196149447197865,0.4951829145051539,0.8862209494437713,0.3320578231292516,0.3373983739837398,0.8832853025936601,0.527422739412438,0.3746207826433365,0.2726908126118344,0.2202996498656461,0.1450125733445096
0.0811507527325221,0.1889058330156309,0.4897257966718318,0.8900759995594227,0.3357142857142857,0.3303523035230352,0.8722082132564841,0.5238458603586418,0.3707903042932002,0.2680014808416117,0.2150883478544092,0.1387259010896898
0.091565271189936,0.199771254288982,0.4906690022232702,0.8782905606344311,0.3394557823129251,0.3360433604336043,0.8637427953890491,0.5227489507821442,0.3697790580087641,0.2674461652372432,0.2156583340118882,0.1415998084061789
0.1062074654567952,0.2165459397636293,0.4928922724516607,0.8607776186804713,0.344047619047619,0.3455284552845529,0.8641930835734871,0.5262304463945059,0.3729047283424754,0.2710557166656383,0.2209917759140135,0.1494431804574302
0.1056918952361311,0.2179756004574914,0.4942397089537155,0.8602268972353783,0.3429421768707483,0.3471544715447154,0.8638328530259366,0.5295211751239984,0.3756320289277725,0.2721354970074659,0.2237602801074831,0.1526164531193869
0.0909465869251392,0.2063476934807472,0.4955871454557704,0.874876087674854,0.3360544217687074,0.342457091237579,0.8530259365994236,0.5248950782144219,0.3724757147672601,0.2676929721725181,0.2178568520478788,0.1445934618608549
0.0833161476593111,0.2022493328250094,0.4978104156841608,0.8812644564379336,0.3314625850340135,0.3420054200542005,0.8502341498559078,0.5236074017550554,0.3711886740416143,0.2652249028197692,0.2137448090546372,0.139204885642438
0.0957929469993813,0.2113991612657262,0.4961261200565923,0.8693688732239234,0.3376700680272109,0.3452574525745257,0.8651837175792508,0.5320965280427318,0.3749885085649496,0.2678472265070649,0.2170018728116602,0.1444737157226679
0.1078572901629202,0.2223598932520015,0.495924004581284,0.8564819914087454,0.3428571428571428,0.3503161698283649,0.8866174351585014,0.543399465852728,0.3813930683663776,0.2724748565434689,0.2229053008712645,0.151718357082984
0.1012579913384203,0.2154975219214639,0.4953850299804621,0.8639718030620113,0.3404761904761904,0.346702800361337,0.8931015850144093,0.5464994276993514,0.3820978763828027,0.2718269883383724,0.2222131748228971,0.1517782301520776
0.0836254897917096,0.1935760579489134,0.4914774641245031,0.8861108051547527,0.3356292517006802,0.3336946702800361,0.8831952449567724,0.5409194963754292,0.3771948640946282,0.2654717097550442,0.2137448090546372,0.1411208238534307
0.0742421117756238,0.1770873046130384,0.4858856026409755,0.9006498513052098,0.3352891156462585,0.3221318879855465,0.8754502881844382,0.5384395268981306,0.3740079061073147,0.2601653606466342,0.2067014086800749,0.1342952939767692
0.0831099195710455,0.1780404117422798,0.4807653439331671,0.8953629254323162,0.3421768707482993,0.3191508581752484,0.8850864553314122,0.5447825257535293,0.3766126313854074,0.2612142901215524,0.2081263740737725,0.1374086935696323
0.0944524644256547,0.1872855508959206,0.4798895102068315,0.8840180636633991,0.3473639455782312,0.3229448961156278,0.9076909221902018,0.5587561999236933,0.3841510127784758,0.2657493675572284,0.2140298021333767,0.1459705424500059
0.0921839554547329,0.1837590545177277,0.4788115610051875,0.8872122480449388,0.3471938775510204,0.3205058717253839,0.9211095100864556,0.5680083937428463,0.3881347102626176,0.266829147899056,0.214925494666558,0.147467369177344
0.0814600948649205,0.1715592832634388,0.4772620090278245,0.8999889855710981,0.3437074829931972,0.3137308039747064,0.9181376080691642,0.5687714612743228,0.3860815738669445,0.2628493860677485,0.2096734793583584,0.1402227278170279
0.081769436997319,0.1699390011437285,0.4759145725257697,0.9007599955942284,0.3447278911564626,0.3120144534778681,0.9155259365994236,0.5700114460129722,0.3855299849845249,0.2603813167149997,0.2065385554922237,0.1367500898096036
0.0973396576613734,0.1806138009912314,0.4732870713467628,0.88633109373279,0.3528061224489795,0.315356820234869,0.9253422190201728,0.5793590232735597,0.3903717096190973,0.2625717282655643,0.2105691718915397,0.1438749850317327
0.1136316766343576,0.1912886008387342,0.4701879673920366,0.8713514704262584,0.3613945578231292,0.3183378500451671,0.9418227665706052,0.5919973292636398,0.3973891459565471,0.2665823409637811,0.2166761664359579,0.1547120105376601
0.1165188698700763,0.1849027830728173,0.4637876440072761,0.8735543562066307,0.3666666666666666,0.3110207768744354,0.9469560518731988,0.5964326592903473,0.3993503508718169,0.2658110692910471,0.2160654669815161,0.1555502335049694
0.1074448339863889,0.1702249332825009,0.4593411035504951,0.886881815177883,0.3657312925170067,0.3010840108401084,0.9397514409221902,0.5953357497138497,0.3967762694205253,0.2615536496575554,0.2102841788128002,0.1474074961082505
0.1108475974427717,0.1672703011818528,0.4549619349188169,0.8867716708888643,0.3698979591836734,0.2967479674796747,0.9327269452449568,0.5959557420831744,0.3968682009009285,0.2600728080459061,0.2079635208859213,0.1441144773081068
0.1274489585481542,0.1748951582157834,0.4495721889105975,0.873444211917612,0.3801020408163265,0.2967479674796747,0.9428134005763688,0.6069248378481497,0.404437226120798,0.2662121305608688,0.2155361941209999,0.1535744222248832
0.1426067230356774,0.1829965688143347,0.4453277639291248,0.8606674743914527,0.3891156462585033,0.2977416440831075,0.957762968299712,0.6214708126669211,0.4143658260043514,0.2759610045042266,0.2255923784708085,0.1669261166327386
0.1462157145803258,0.1837590545177277,0.4435760964764535,0.8583544443220619,0.3916666666666666,0.2969286359530262,0.956772334293948,0.626335368180084,0.4195139889069347,0.282162028753008,0.232025079390929,0.1748892348221769
0.1389977314910291,0.180327868852459,0.4458667385299467,0.8641920916400483,0.3872448979591836,0.2968383017163505,0.9394812680115274,0.6190385349103396,0.418931756197714,0.2850928611093972,0.2346307303965475,0.175128727098551
0.1433285213446071,0.1911932901258101,0.4507848817624469,0.8556008370965965,0.385969387755102,0.3052393857271906,0.9176873198847262,0.6098340328119038,0.4178285784328747,0.2885790090701549,0.2389056265776402,0.1797389534187522
0.1631264178181068,0.2189287075867327,0.4573873206225156,0.8289459191540918,0.3899659863945577,0.3228545618789521,0.9093119596541788,0.6080694391453644,0.4220880703582264,0.2977725674091442,0.2517710284178812,0.1945874745539456
0.176118787378841,0.2431376286694624,0.4660109142356666,0.8081286485295737,0.3898809523809524,0.3401084010840108,0.903007925072046,0.6063525371995422,0.4269910826464009,0.308292713025236,0.2658985424639687,0.2091965034127649
0.1759125592905753,0.2531452535264963,0.4731523276965573,0.8024011455006057,0.3852891156462585,0.349683830171635,0.8889589337175793,0.5970526516596719,0.4258572610547605,0.3139692725365583,0.272575523165866,0.2160819063585199
0.1699319447308723,0.2520015249714067,0.4763861753014889,0.8062561956162573,0.3806972789115646,0.3512195121951219,0.8651837175792508,0.5800743990843189,0.4190543315049184,0.3124575800579997,0.2709062779903916,0.2115315531074122
0.1647762425242318,0.2547655356462066,0.4816411776595027,0.8073576385064434,0.3753401360544217,0.3560975609756098,0.8513148414985591,0.5700114460129722,0.4144271136579536,0.3104214228419819,0.2688298998452894,0.2067417075799305
0.1715817694369973,0.2761151353412123,0.4922859260257359,0.7913867165987444,0.3713435374149659,0.3733514001806684,0.8486131123919309,0.5653853491033957,0.4129868537983023,0.3136607638674647,0.2742854816383031,0.2139863489402466
0.1760156733347082,0.2967022493328249,0.5038738799434076,0.7771781033153431,0.3659013605442177,0.3908762420957543,0.8467219020172911,0.5632869133918352,0.4135077988539209,0.3191213673104214,0.2812474554189398,0.2217099748533109
0.1698288306867395,0.2994662600076248,0.5099373442026544,0.7788302676506222,0.3595238095238094,0.3962962962962963,0.8332132564841499,0.5548931705455933,0.4094628137161769,0.319429875979515,0.2815731617946421,0.2214704825769368
0.152093215095896,0.2840259245139153,0.5106110624536818,0.7972243639167309,0.3517857142857142,0.3894308943089431,0.8088976945244958,0.5372472338801985,0.3992890632182147,0.3129511939285494,0.2741633417474147,0.2115914261765058
0.1409568983295524,0.2764010674799847,0.5125648453816614,0.8076880713734992,0.3459183673469387,0.3870822041553748,0.7916966858789626,0.523368943151469,0.3906781478871082,0.3075831430863208,0.2684227668756616,0.2044066578852831
0.1448752320065993,0.2813572245520396,0.513440679107997,0.8027315783676615,0.3470238095238095,0.3899728997289972,0.796199567723343,0.522701259061427,0.3903410657922961,0.3087554760288765,0.2709469912873544,0.2074601844090528
0.1470406269333883,0.2832634388105222,0.5133733072828943,0.8004185482982706,0.3479591836734693,0.3908762420957543,0.8103386167146975,0.5272796642502862,0.3933748046456042,0.3120256679212686,0.2749368943897076,0.2124895222129086
0.1395133017116931,0.2734464353793366,0.5114195243549148,0.8101112457319087,0.3460884353741496,0.3849141824751581,0.8132204610951009,0.5257058374666158,0.3922409830539638,0.3119639661874499,0.2736747821838612,0.2090168842054843
0.1283769849453495,0.2627716355318337,0.511082665229401,0.8222271175239563,0.3416666666666666,0.3796747967479675,0.8035842939481269,0.5173597863410911,0.3874605460729936,0.3070278274819523,0.267567787639443,0.1995569392887079
0.127552072592287,0.2670606176134197,0.5146533719598464,0.8202445203216212,0.3391156462585034,0.384010840108401,0.8007024495677234,0.5140690576115986,0.38623479300095,0.3055161350033936,0.2664685286214477,0.1968626511794994
0.1353887399463806,0.2772588638963019,0.5167418985380313,0.8101112457319087,0.3409863945578231,0.3902439024390244,0.813670749279539,0.5207458985120182,0.3903410657922961,0.3095267477016104,0.2720055370083869,0.2030894503652257
0.1450814600948649,0.2848837209302325,0.5157313211614902,0.8005286925872893,0.3456632653061224,0.3932249322493225,0.8293407780979828,0.5303796260969096,0.3961940367113045,0.314802245943111,0.2782346714436935,0.2122500299365345
0.1407506702412868,0.2800228745711017,0.5151923465606683,0.8057054741711642,0.3442176870748299,0.3906052393857271,0.8318623919308358,0.5304750095383441,0.3963778996721111,0.3151107546122046,0.2780311049588795,0.2120704107292539
0.1302330377397401,0.2662028211971025,0.5122953580812504,0.8192532217204538,0.341751700680272,0.3820234869015357,0.82078530259366,0.5237504769172072,0.3919039009591518,0.3104522737088913,0.271598404038759,0.2044066578852831
0.1272427304598886,0.2607701105604269,0.5103415751532709,0.8239894261482542,0.3416666666666666,0.3782294489611562,0.8147514409221902,0.5207935902327356,0.3898507645634787,0.3076448448201395,0.2679749206090709,0.199916177703269
0.136316766343576,0.2664887533358749,0.5085225358754968,0.8158387487608768,0.3465986394557822,0.3796747967479675,0.8246577809798271,0.525228920259443,0.3922103392271627,0.309835256370704,0.27102841788128,0.2052448808525925
0.1459063724479274,0.2727792603888677,0.5067034965977228,0.8070272056393876,0.3517006802721088,0.3814814814814814,0.835284582132565,0.531285768790538,0.395336009560874,0.3135990621336459,0.2764839996742936,0.2111723146928511
0.1431222932563415,0.2684902783072817,0.5054908037458734,0.8111025443330763,0.3512755102040816,0.3785907859078591,0.8319524495677234,0.5300457840518886,0.3946312015444489,0.3129511939285494,0.2758733002198518,0.2109926954855706
0.1278614147246855,0.2531452535264963,0.5046149700195378,0.8280647648419429,0.3455782312925169,0.3707317073170731,0.8188040345821326,0.5227489507821442,0.3894523948150645,0.3083852656259641,0.2691148929240289,0.2020117351215423
0.1231181686945762,0.2473313000381242,0.5036717644680995,0.8339024121599294,0.3442176870748299,0.3673893405600722,0.8144812680115274,0.5190766882869134,0.3870928201513805,0.3061948540753996,0.2656949759791547,0.1977008741468087
0.1352856259022478,0.2517155928326343,0.4986862494104965,0.824870580460403,0.3523809523809523,0.3660343270099367,0.8263688760806918,0.5259919877909195,0.3915974626911409,0.3096193003023386,0.2697663056754336,0.2024907196742905
0.1425036089915446,0.2495234464353792,0.4924880415010442,0.8223372618129751,0.3592687074829932,0.3608852755194219,0.8414085014409223,0.5351964898893552,0.3955811601752828,0.3126735361263652,0.2743669082322286,0.2072206921326787
0.1377603629614353,0.244281357224552,0.4918816950751195,0.8279546205529242,0.3577380952380952,0.3579945799457994,0.8423991354466859,0.5356257153758108,0.3948763521588576,0.3116554575183562,0.2732269359172706,0.2047658962998443
0.1263147040626933,0.2316050324056423,0.4903995149228592,0.8412820795241767,0.3539115646258503,0.3509485094850949,0.822856628242075,0.5230351011064479,0.3872766831121871,0.3056086876041217,0.2645550036641967,0.194288109208478
0.121571458032584,0.2294128860083873,0.4919490669002223,0.8451371296398281,0.3510204081632652,0.3509485094850949,0.8115093659942364,0.514307516215185,0.3816382189807863,0.3016289257728142,0.258733002198518,0.1875823254700035
0.1284800989894823,0.2410407929851315,0.4956545172808731,0.8347835664720784,0.3514455782312925,0.3589882565492321,0.8235770893371759,0.5188382296833269,0.3843042319124813,0.3040661442586537,0.2628857584887224,0.1933900131720752
0.1319859764899979,0.2483797178802897,0.4984841339351882,0.828615486287036,0.3511904761904761,0.3643179765130985,0.8383465417867435,0.5257058374666158,0.3887169429718384,0.3088171777626952,0.268341340281736,0.2007544006705783
0.1238399670035058,0.245043842927945,0.5014484942397089,0.834893710761097,0.3459183673469387,0.3647696476964769,0.8427593659942364,0.5257058374666158,0.3888088744522416,0.3091565372986981,0.2685041934695871,0.2006346545323913
0.1160032996494122,0.2401829965688142,0.5032001616923802,0.8418328009692697,0.3415816326530612,0.3636856368563685,0.8307817002881845,0.5194105303319344,0.3847945331412987,0.3060097488739434,0.2645957169611594,0.1947072206921326
0.1148690451639513,0.2418985894014486,0.5051539446203597,0.8415023681022138,0.3398809523809524,0.3657633242999096,0.8229466858789626,0.5167874856924838,0.3839058621640671,0.3052384772012094,0.2644328637733084,0.1941084900011974
0.1263147040626933,0.2575295463210064,0.508724651350805,0.8264126005066637,0.3423469387755101,0.3755194218608852,0.8259185878962537,0.5189336131247615,0.386939601017375,0.3085086690936015,0.269684879081508,0.2009938929469524
0.1361105382553103,0.2729698818147159,0.5132385636326888,0.8122039872232625,0.3435374149659864,0.3859078590785907,0.8281700288184438,0.5240843189622282,0.3920877639199583,0.3134139569321899,0.276402573080368,0.2106933301401029
0.1276551866364198,0.2695386961494471,0.516337667587415,0.8187025002753607,0.338095238095238,0.3863595302619692,0.8270893371757925,0.5250858450972912,0.393987681181626,0.3144011846732893,0.2770132725348098,0.210932822416477
0.1128067642812951,0.2560998856271444,0.5165397830627231,0.8343429893160039,0.3318877551020407,0.3801264679313459,0.8143912103746399,0.5171213277375047,0.3880734226090154,0.3096193003023386,0.270824851396466,0.2008741468087654
0.1121880800164982,0.257243614182234,0.5177524759145724,0.8341227007379667,0.3307823129251701,0.3814814814814814,0.8045749279538905,0.5105398702785197,0.3840897251248736,0.3072129326834085,0.2676492142333686,0.1972817626631541
0.1213652299443184,0.2675371711780404,0.5190325405915246,0.8232184161251238,0.3338435374149659,0.3871725383920505,0.814571325648415,0.5134967569629912,0.3865105874421598,0.3099278089714321,0.2710691311782428,0.202670338881571
0.1310579500928026,0.2775447960350743,0.5198410024927576,0.8122039872232625,0.3373299319727891,0.3925022583559169,0.8280799711815563,0.519028996566196,0.3893911071614623,0.3129820447954588,0.275832586922889,0.209435995689139
0.1288925551660136,0.2724933282500952,0.5175503604392643,0.8162793259169511,0.3378401360544217,0.3886178861788618,0.8242975504322767,0.5161198016024418,0.3873073269389882,0.3111618436478066,0.2746111880140053,0.2076996766854268
0.1168282120024747,0.2624857033930613,0.5184261941655999,0.828615486287036,0.332312925170068,0.3843721770551039,0.80835734870317,0.5077260587561999,0.3818833695951951,0.3058863454063059,0.2678120674212197,0.2005149083942042
0.1157970715611466,0.2626763248189095,0.5192346560668328,0.8290560634431104,0.3313775510204081,0.3850045167118338,0.8011527377521613,0.5018122853872568,0.37780774063065,0.3023076448448201,0.2632928914583503,0.1946473476230391
0.1250773355330996,0.2762104460541364,0.5227379909721754,0.8162793259169511,0.3329931972789115,0.3937669376693767,0.8131304034582134,0.507916825639069,0.3809640547911624,0.3053310298019375,0.2671199413728524,0.2002155430487366
0.1374510208290369,0.2850743423560807,0.5209189516944014,0.8044938869919595,0.3392857142857143,0.3968383017163504,0.8251981268011527,0.5151182754673789,0.3860202862133424,0.3100512124390695,0.2740004885595635,0.2093162495509519
0.1335326871519901,0.2775447960350743,0.518156706865189,0.8109924000440577,0.3393707482993197,0.3913279132791328,0.8239373198847264,0.5131629149179703,0.3863880121349555,0.3094650459677918,0.2745297614200798,0.2091965034127649
0.1129098783254279,0.2580060998856271,0.5178198477396753,0.8332415464258177,0.3311224489795918,0.3818428184281843,0.8088976945244958,0.5049122472338803,0.3805963288695493,0.3032640217190103,0.2677306408272941,0.201173512154233
0.1144565889874201,0.252192146397255,0.5126995890318669,0.8357748650732458,0.3349489795918366,0.3757000903342366,0.7995317002881845,0.5014307516215185,0.3773174394018325,0.2999321280927994,0.2642700105854572,0.197162016524967
0.1327077747989276,0.2612466641250476,0.507175099373442,0.8207952417667144,0.3460034013605441,0.3763324299909665,0.8025936599423631,0.507058374666158,0.3795850825851133,0.3020299870426359,0.2674049344515919,0.2026104658124775
0.1469375128892555,0.2670606176134197,0.5019200970154282,0.8098909571538716,0.3551020408163265,0.3755194218608852,0.809077809798271,0.5135921404044258,0.3822817393436092,0.3042203985932005,0.2713948375539451,0.2105137109328224
0.1413693545060837,0.257910789172703,0.4992252240113184,0.8181517788302676,0.3545918367346938,0.3693766937669376,0.8061059077809799,0.5104444868370851,0.3801060276407318,0.3024927500462763,0.2690741796270661,0.2075200574781463
0.1206434316353887,0.2384674037361799,0.4989557367109074,0.8404009252120277,0.346173469387755,0.3599819331526648,0.797550432276657,0.5007630675314766,0.3732111666104863,0.2961374714629481,0.2607686670466574,0.1961441743503772
0.1143534749432872,0.2348455966450628,0.5005052886882706,0.8457979953739398,0.3426020408163265,0.3593495934959349,0.7955691642651297,0.4953739030904235,0.3692581129531456,0.2928672795705559,0.2570230437260809,0.1893785175428092
0.1245617653124355,0.2506671749904688,0.5050192009701542,0.8312589492234828,0.3439625850340135,0.3698283649503162,0.8059257925072046,0.4976154139641358,0.3710354549076088,0.2946257789843895,0.2604429606709551,0.1926715363429529
0.1307486079604042,0.2577201677468547,0.5058950346964899,0.8238792818592355,0.3460034013605441,0.3737127371273713,0.8093479827089338,0.4988077069820679,0.3726902215548678,0.2971864009378664,0.26431072388242,0.1984792240450245
0.1241493091359043,0.255813953488372,0.5089267668261133,0.8285053419980173,0.3413265306122449,0.3748870822041554,0.798270893371758,0.4937046928653186,0.3700242086231728,0.2953970506571234,0.2632928914583503,0.1975811280086217
0.1094040008249123,0.2439954250857796,0.5102068315030654,0.8431545324374932,0.334438775510204,0.370189701897019,0.7812500000000001,0.484690957649752,0.3645389636257776,0.2906768680199914,0.2565344841625274,0.1881810561609388
0.1023922458238812,0.2380861608844833,0.5106110624536818,0.8504240555127216,0.3312925170068027,0.3675700090334236,0.776206772334294,0.4822109881724533,0.3621487451352925,0.2880545443326958,0.2522188746844719,0.1830319722188959
0.1086822025159826,0.241422035836828,0.5088593950010105,0.8450269853508096,0.3349489795918366,0.3680216802168021,0.7903458213256486,0.4890309042350248,0.3654582784298103,0.2904609119516259,0.2546209592052764,0.1869835947790683
0.1179624664879356,0.2460922607701105,0.5060971501717981,0.8374270294085252,0.3405612244897958,0.3683830171635049,0.8021433717579252,0.4959938954597482,0.3692274691263445,0.2939779107792929,0.2588551420894064,0.1933301401029816
0.1144565889874201,0.2438048036599313,0.5067708684228255,0.8406212137900649,0.3386904761904762,0.3677506775067751,0.8006123919308358,0.4951831362075543,0.3688903870315325,0.2939779107792929,0.2591808484651087,0.193030774757514
0.104660754794803,0.2319862752573389,0.504817085494846,0.8527370855821125,0.3358843537414966,0.3607949412827462,0.7913364553314122,0.48788630293781,0.3640486623969602,0.2893194298759796,0.2534402735933556,0.1850676565680756
0.0992988244998968,0.2341784216545939,0.5099373442026544,0.8542791056283732,0.3304421768707483,0.3653116531165311,0.7915165706051873,0.4881247615413964,0.3641099500505623,0.2880236934657864,0.2515267486361045,0.1809962878697162
0.1062074654567952,0.2538124285169653,0.5192346560668328,0.8392994823218416,0.3274659863945578,0.3808491418247516,0.8063760806916427,0.4972338801983976,0.3704225783715871,0.2937619547109274,0.2577965963683739,0.1884804215064064
0.1178593524438028,0.2743042317956538,0.5261739540524152,0.8212358189227889,0.327891156462585,0.3952122854561879,0.8179034582132565,0.5060091568103777,0.3776851653234456,0.300148084161165,0.2654099829004152,0.198539097114118
0.1131161064136935,0.2735417460922607,0.5286667115812167,0.8242097147262915,0.3243197278911564,0.3965672990063233,0.8153818443804035,0.5054368561617703,0.3775319461894402,0.3003023384957118,0.2657356892761175,0.1988384624595856
0.1034233862652093,0.2618185284025924,0.5266455568281344,0.8361052979403018,0.3215986394557823,0.3896115627822945,0.8016030259365994,0.4977107974055704,0.3723531394600558,0.295273647189486,0.2590994218711831,0.1899772482337444
0.1040420705300061,0.2599123141441097,0.5249612612005659,0.836876307963432,0.3228741496598639,0.387624209575429,0.7993515850144093,0.4956123616940099,0.3701161401035762,0.2935151477756526,0.2560052113020112,0.1859058795353849
0.1176531243555372,0.2725886389630194,0.5250286330256686,0.8222271175239563,0.3284863945578231,0.393676603432701,0.806286023054755,0.5012399847386494,0.3742224128949223,0.2974023570062319,0.2611758000162853,0.1932103939647946
0.129201897298412,0.2836446816622188,0.5252981203260796,0.8096706685758344,0.333078231292517,0.3990063233965673,0.8225864553314122,0.5083460511255246,0.3795237949315111,0.3023076448448201,0.2676492142333686,0.2017123697760747
0.1213652299443184,0.2756385817765917,0.5247591457252577,0.8185923559863421,0.3301870748299319,0.3948509485094851,0.8218659942363113,0.5068199160625716,0.3789109183954892,0.3014438205713581,0.2670385147789267,0.2006945276014848
0.1070323778098577,0.2574342356080823,0.5212558108199151,0.8367661636744134,0.3265306122448979,0.3839205058717254,0.809978386167147,0.4995707745135444,0.3747433579505409,0.2971864009378664,0.2623564856282062,0.1934498862411687
0.1095071148690451,0.2502859321387723,0.5145186283096409,0.8395197708998788,0.3318027210884353,0.3759710930442638,0.8047550432276657,0.4972815719191149,0.3719241258848406,0.2955513049916703,0.2596286947316993,0.1908154712010537
0.121571458032584,0.2527640106747998,0.5084551640503941,0.8315893820905386,0.3405612244897958,0.3730803974706413,0.8121397694524496,0.5026230446394506,0.3744982073361321,0.2982353304127846,0.2628857584887224,0.1963836666267512
0.1267271602392246,0.2569576820434616,0.5079835612746749,0.8265227447956823,0.3429421768707483,0.3747967479674797,0.8186239193083574,0.5066768409004198,0.3767045628658107,0.2992534090207935,0.2645957169611594,0.1986588432523051
0.116106413693545,0.2502859321387723,0.5102742033281681,0.8359951536512831,0.3371598639455782,0.373170731707317,0.8188940922190202,0.5042922548645555,0.3745901388165354,0.2972172518047757,0.2615015063919876,0.1948269668303197
0.104145184574139,0.2330346930995043,0.5058950346964899,0.8524066527150567,0.3350340136054421,0.362059620596206,0.8016930835734871,0.4956123616940099,0.3680936475347042,0.2908002714876288,0.2537659799690578,0.1847084181535145
0.1096102289131779,0.2318909645444147,0.5015832378899144,0.8500936226456657,0.3399659863945578,0.3586269196025293,0.7911563400576369,0.4903185806943914,0.3646002512793798,0.2879311408650583,0.2509974757755883,0.1818345108370255
0.1219839142091152,0.2473313000381242,0.5043454827191268,0.8345632778940412,0.34328231292517,0.3678410117434508,0.794578530259366,0.4919877909194964,0.3661017987926332,0.2910779292898131,0.2560052113020112,0.1891988983355286
0.1242524231800371,0.2537171178040411,0.5073772148487502,0.8297169291772221,0.3423469387755101,0.3728093947606143,0.7989913544668588,0.4929893170545593,0.3668066068090583,0.2932066391065589,0.2588958553863691,0.1930906478266075
0.1130129923695607,0.2356080823484559,0.5019200970154282,0.8461284282409957,0.3411564625850339,0.3606142728093947,0.7974603746397695,0.4883632201449828,0.3624245395765023,0.2890726229407047,0.253155280514616,0.1865644832954137
0.0988863683233656,0.2164506290507052,0.4976083002088526,0.8647428130851416,0.338095238095238,0.3485998193315267,0.7905259365994236,0.4801125524608928,0.3566635001378972,0.2827790460911952,0.2449311945281328,0.1752484732367381
0.0982676840585687,0.218452154022112,0.4994273394866266,0.8638616587729925,0.3366496598639455,0.3508581752484191,0.7798991354466859,0.4752956886684472,0.3539361995526001,0.2807737397420868,0.2430990961648074,0.1729732966111842
0.1057950092802639,0.2377049180327868,0.508185676749983,0.8487718911774423,0.3341836734693877,0.3657633242999096,0.7798090778097984,0.4786818008393743,0.3575215272883278,0.2847535015733942,0.2487989577395977,0.1814752724224643
0.1090946586925139,0.2486656500190621,0.5137101664084079,0.8406212137900649,0.3321428571428571,0.3747064137308039,0.788634726224784,0.484690957649752,0.362301964269298,0.2897513420127106,0.2544581060174252,0.1885402945754999
0.1023922458238812,0.2415173465497521,0.5129690763322777,0.848331314021368,0.3298469387755102,0.3708220415537488,0.7893551873198847,0.4842617321632964,0.3621793889620936,0.289010921206886,0.2533995602963927,0.1871632139863489
0.0933182099401938,0.2337018680899732,0.5135080509330997,0.8578037228769688,0.3256802721088435,0.367479674796748,0.780349423631124,0.4777756581457459,0.3581344038243496,0.2844141420373913,0.2478625519094536,0.1793797150041911
0.0942462363373891,0.239992375142966,0.5172808731388533,0.8536182398942614,0.3237244897959183,0.3729900632339656,0.7776476945244958,0.4768218237314002,0.3571538013667147,0.2835811686308385,0.2470482859701978,0.1776433960004789
0.1104351412662404,0.2576248570339305,0.5191672842417301,0.8347835664720784,0.3292517006802721,0.3825654923215899,0.7934978386167147,0.4856924837848149,0.3627003340177122,0.2889800703399766,0.2531145672176532,0.1864447371572266
0.1190967209733965,0.26868089973313,0.5213905544701205,0.8237691375702169,0.3313775510204081,0.3893405600722673,0.8043948126801154,0.4927985501716901,0.3676952777862899,0.2931140865058309,0.258529435713704,0.1931505208957011
0.1086822025159826,0.2663934426229508,0.5264434413528262,0.8307082277783897,0.3238945578231292,0.3915989159891599,0.8072766570605188,0.4950877527661198,0.3694113320871511,0.2936077003763806,0.2593844149499226,0.1917734403065501
0.0959991750876469,0.2573389248951581,0.5284645961059086,0.8427139552814186,0.3173469387755102,0.3887082204155374,0.8052953890489915,0.4902231972529569,0.3672049765574725,0.2908002714876288,0.2551502320657927,0.1851874027062627
0.0965147453083109,0.2551467784979031,0.5265781850030318,0.8435951095935674,0.3187925170068027,0.386449864498645,0.8060158501440923,0.4915108737123235,0.3670824012502682,0.2905843154192633,0.2547430990961647,0.1840498143934858
0.1119818519282326,0.2636294319481509,0.5224011318466617,0.8304879392003525,0.3278061224489795,0.387624209575429,0.8190742074927955,0.5008107592521938,0.372107988845647,0.2957981119269452,0.2616236462828759,0.1938689977248233
